DATAH	filename	date	time	DOY	daytime	file_records	used_records	Tau	qc_Tau	rand_err_Tau	H	qc_H	rand_err_H	LE	qc_LE	rand_err_LE	co2_flux	qc_co2_flux	rand_err_co2_flux	h2o_flux	qc_h2o_flux	rand_err_h2o_flux	ch4_flux	qc_ch4_flux	rand_err_ch4_flux	none_flux	qc_none_flux	rand_err_none_flux	H_strg	LE_strg	co2_strg	h2o_strg	ch4_strg	none_strg	co2_v-adv	h2o_v-adv	ch4_v-adv	none_v-adv	co2_molar_density	co2_mole_fraction	co2_mixing_ratio	co2_time_lag	co2_def_timelag	h2o_molar_density	h2o_mole_fraction	h2o_mixing_ratio	h2o_time_lag	h2o_def_timelag	ch4_molar_density	ch4_mole_fraction	ch4_mixing_ratio	ch4_time_lag	ch4_def_timelag	none_molar_density	none_mole_fraction	none_mixing_ratio	none_time_lag	none_def_timelag	sonic_temperature	air_temperature	air_pressure	air_density	air_heat_capacity	air_molar_volume	ET	water_vapor_density	e	es	specific_humidity	RH	VPD	Tdew	u_unrot	v_unrot	w_unrot	u_rot	v_rot	w_rot	wind_speed	max_wind_speed	wind_dir	yaw	pitch	roll	u*	TKE	L	(z-d)/L	bowen_ratio	T*	model	x_peak	x_offset	x_10%	x_30%	x_50%	x_70%	x_90%	un_Tau	Tau_scf	un_H	H_scf	un_LE	LE_scf	un_co2_flux	co2_scf	un_h2o_flux	h2o_scf	un_ch4_flux	ch4_scf	un_none_flux	un_none_scf	spikes_hf	amplitude_resolution_hf	drop_out_hf	absolute_limits_hf	skewness_kurtosis_hf	skewness_kurtosis_sf	discontinuities_hf	discontinuities_sf	timelag_hf	timelag_sf	attack_angle_hf	non_steady_wind_hf	u_spikes	v_spikes	w_spikes	ts_spikes	co2_spikes	h2o_spikes	ch4_spikes	none_spikes	head_detect_LI-7200	t_out_LI-7200	t_in_LI-7200	aux_in_LI-7200	delta_p_LI-7200	chopper_LI-7200	detector_LI-7200	pll_LI-7200	sync_LI-7200	chopper_LI-7500	detector_LI-7500	pll_LI-7500	sync_LI-7500	not_ready_LI-7700	no_signal_LI-7700	re_unlocked_LI-7700	bad_temp_LI-7700	laser_temp_unregulated_LI-7700	block_temp_unregulated_LI-7700	motor_spinning_LI-7700	pump_on_LI-7700	top_heater_on_LI-7700	bottom_heater_on_LI-7700	calibrating_LI-7700	motor_failure_LI-7700	bad_aux_tc1_LI-7700	bad_aux_tc2_LI-7700	bad_aux_tc3_LI-7700	box_connected_LI-7700	mean_value_RSSI_LI-7200	mean_value_LI-7500	u_var	v_var	w_var	ts_var	co2_var	h2o_var	ch4_var	none_var	w/ts_cov	w/co2_cov	w/h2o_cov	w/ch4_cov	w/none_cov	co2_mean	h2o_mean	avg_signal_strength_7200_mean	co2_signal_strength_7200_mean	h2o_signal_strength_7200_mean	delta_signal_strength_7200_mean	flowrate_mean	rssi_77_mean	CHK
DATAU		[yyyy-mm-dd]	[HH:MM]	[ddd.ddd]	[1=daytime]	[#]	[#]	[kg+1m-1s-2]	[#]	[kg+1m-1s-2]	[W+1m-2]	[#]	[W+1m-2]	[W+1m-2]	[#]	[W+1m-2]	[µmol+1s-1m-2]	[#]	[µmol+1s-1m-2]	[mmol+1s-1m-2]	[#]	[mmol+1s-1m-2]	[µmol+1s-1m-2]	[#]	[µmol+1s-1m-2]	[µmol+1s-1m-2]	[#]	[µmol+1s-1m-2]	[W+1m-2]	[W+1m-2]	[µmol+1s-1m-2]	[mmol+1s-1m-2]	[µmol+1s-1m-2]	[µmol+1s-1m-2]	[µmol+1s-1m-2]	[mmol+1s-1m-2]	[µmol+1s-1m-2]	[µmol+1s-1m-2]	[mmol+1m-3]	[µmol+1mol_a-1]	[µmol+1mol_d-1]	[s]	[1=default]	[mmol+1m-3]	[mmol+1mol_a-1]	[mmol+1mol_d-1]	[s]	[1=default]	[mmol+1m-3]	[µmol+1mol_a-1]	[µmol+1mol_d-1]	[s]	[1=default]	[mmol+1m-3]	[µmol+1mol_a-1]	[µmol+1mol_d-1]	[s]	[1=default]	[K]	[K]	[Pa]	[kg+1m-3]	[J+1kg-1K-1]	[m+3mol-1]	[mm]	[kg+1m-3]	[Pa]	[Pa]	[kg+1kg-1]	[%]	[Pa]	[K]	[m+1s-1]	[m+1s-1]	[m+1s-1]	[m+1s-1]	[m+1s-1]	[m+1s-1]	[m+1s-1]	[m+1s-1]	[deg_from_north]	[deg]	[deg]	[deg]	[m+1s-1]	[m+2s-2]	[m]	[#]	[#]	[K]	[0=KJ/1=KM/2=HS]	[m]	[m]	[m]	[m]	[m]	[m]	[m]	[kg+1m-1s-2]	[#]	[W+1m-2]	[#]	[W+1m-2]	[#]	[µmol+1s-1m-2]	[#]	[mmol+1s-1m-2]	[#]	[µmol+1s-1m-2]	[#]	[µmol+1s-1m-2]	[#]	8u/v/w/ts/co2/h2o/ch4/none	8u/v/w/ts/co2/h2o/ch4/none	8u/v/w/ts/co2/h2o/ch4/none	8u/v/w/ts/co2/h2o/ch4/none	8u/v/w/ts/co2/h2o/ch4/none	8u/v/w/ts/co2/h2o/ch4/none	8u/v/w/ts/co2/h2o/ch4/none	8u/v/w/ts/co2/h2o/ch4/none	8co2/h2o/ch4/none	8co2/h2o/ch4/none	8aa	8U	[#]	[#]	[#]	[#]	[#]	[#]	[#]	[#]	[#_flagged_recs]	[#_flagged_recs]	[#_flagged_recs]	[#_flagged_recs]	[#_flagged_recs]	[#_flagged_recs]	[#_flagged_recs]	[#_flagged_recs]	[#_flagged_recs]	[#_flagged_recs]	[#_flagged_recs]	[#_flagged_recs]	[#_flagged_recs]	[#_flagged_recs]	[#_flagged_recs]	[#_flagged_recs]	[#_flagged_recs]	[#_flagged_recs]	[#_flagged_recs]	[#_flagged_recs]	[#_flagged_recs]	[#_flagged_recs]	[#_flagged_recs]	[#_flagged_recs]	[#_flagged_recs]	[#_flagged_recs]	[#_flagged_recs]	[#_flagged_recs]	[#_flagged_recs]	[#]	[#]	[m+2s-2]	[m+2s-2]	[m+2s-2]	[K+2]	--	--	--	--	[m+1s-1K+1]	--	--	--	--	--	--	--	--	--	--	--	--	241
DATA	2026-07-31T233000_AIU-1657.ghg	2026-08-01	00:00:00	213	0	18000	18000	0.018169061845512407	1	NaN	-2.2518686095843603	2	NaN	27.331191872270946	1	NaN	6.942936779647933	0	NaN	0.6190590352879117	1	NaN	0.00944577225463504	1	NaN	NaN	NaN	NaN	NaN	NaN	NaN	NaN	NaN	NaN	-7.425885365760763e-11	-3.224603995188312e-12	-3.5255470304317206e-13	NaN	17.749516707065816	450.5692620460174	459.5607726055458	0.2	0	770.752033827047	19.565443996775066	19.95588984188222	0.1	1	0.08426841088434076	2.051465892179585	2.0924047195382998	0.5	0	NaN	NaN	NaN	NaN	9	301.6605827407837	294.29040577174703	97254.96107698529	1.14279482670987	1016.3561033254521	0.025157898440260718	0.04011502548665668	0.014014259088451272	1903.3469101067267	2501.0000102336107	0.012263145370371176	76.10343471885635	597.653100126884	289.8805427703826	-0.6880376638438556	-2.004553946976022	0.5364571993696057	2.1861881620666677	9.61328231525233e-16	-4.183711302294011e-15	2.1861881620666677	3.6702174717418243	269.9441319108355	251.0558680891645	14.204571410651168	NaN	0.1260904279577695	0.13822237345876703	76.26020168655808	0.02626664965079779	-0.0823918920224262	-0.015376120118550253	1	30.869920807915257	13	28	54	97	198	741	0.017952714482667713	1.0120509554726982	-0.6517390795330422	1.0265832143710998	24.22237581521285	1.12834480320075	6.153204906827296	1.12834480320075	0.5486434940204813	1.12834480320075	0.0061768302976262564	1.3942250335081112	NaN	NaN	800000009	800000009	800000009	800000019	800000019	800100019	899999999	899999999	89999	89999	89	89	23	10	2	6	6	0	5	NaN	0	18000	0	0	0	0	0	0	0	NaN	NaN	NaN	NaN	0	0	0	0	0	0	301	0	0	18000	0	16	18000	18000	18000	18000	87	NaN	0.1387057849320245	0.08576060702389735	0.051978354961612204	0.051513478294291024	20.60765463951584	0.115650342749657	5.1590017906516434e-8	NaN	-0.0005611249732392592	0.1578917550706397	0.014078238168676215	0.000006176830297626256	NaN	17.750790351416647	770.8022811502219	85.55611300150554	85.27941079966226	85.83281499142117	-0.5534031879454857	0.00028180577165848157	32.987053922538486	215
DATA	2026-08-01T000000_AIU-1657.ghg	2026-08-01	00:30:00	213.02	0	18000	18000	0.055232961393950196	1	NaN	9.638920436524492	1	NaN	-7.194041541189537	2	NaN	-3.912607953608877	2	NaN	-0.16288644778335878	2	NaN	0.01008823613548645	1	NaN	NaN	NaN	NaN	NaN	NaN	NaN	NaN	NaN	NaN	-3.221402718557409e-10	-1.3959562357300575e-11	-1.5093629959783386e-12	NaN	18.02442236717898	456.8984440265653	466.1273679039711	0.1	1	781.066727669598	19.799146140904277	20.199070489435027	0.1	1	0.08445201833407286	2.05255870179737	2.0940184796986783	0	0	NaN	NaN	NaN	NaN	9	301.35960562077275	293.90594625362564	97265.13124262847	1.1443074971156908	1016.4810684094045	0.02512240518194781	-0.010555041816361648	0.014201690363170077	1926.2831143775916	2442.5913898797908	0.012410729108186792	78.86227399141006	516.3082755021992	290.069297530257	-0.6474924599915944	-2.0999683329943077	0.600452552988218	2.2780818145349637	3.111615276277886e-14	-1.7872432485954853e-14	2.2780818145349637	4.254950523324386	268.1363299150819	252.8636700849181	15.282482376673032	NaN	0.2196988547016203	0.21090913510545345	-94.25334610009202	-0.021252295890618195	-1.3398477589178186	0.037718860557925324	0	13.730245851828709	-2.0836177796425215	4.71314909081269	11.736407644253314	17.898762180312453	25.10326845445762	37.609270559210614	0.05456202452529829	1.012296773708256	9.043452077935944	1.025623233347274	-6.46203135439378	1.1132786498007372	-3.5144911422752827	1.1132786498007372	-0.1463123790369225	1.1132786498007372	0.005902356311956369	1.3071510503894257	NaN	NaN	800000009	800000009	800000009	800000019	800000019	800000019	899999999	899999999	89999	89999	89	89	8	1	0	32	1	3	17	NaN	0	18000	0	0	0	0	0	0	0	NaN	NaN	NaN	NaN	0	0	0	0	0	0	301	151	0	18000	0	16	18000	18000	18000	18000	87	NaN	0.1706417401156612	0.15308841974846737	0.09808811034677835	0.06509247998821195	25.941130812232835	0.13770975562663873	8.748637709274153e-8	NaN	0.00777485330911106	-0.09007638437029103	-0.0037499852919615747	0.000005902356311956369	NaN	18.025755603509893	781.1197739863985	85.44280950546262	85.14516939247977	85.74045641199749	-0.595280424861446	0.0002820656121798998	32.14223266516789	130
DATA	2026-08-01T003000_AIU-1657.ghg	2026-08-01	01:00:00	213.041	0	18000	18000	0.09767392299270806	1	NaN	-19.035566942802237	2	NaN	22.205336672848883	1	NaN	12.570409938555459	1	NaN	0.502665681445078	1	NaN	0.018160243449458758	1	NaN	NaN	NaN	NaN	NaN	NaN	NaN	NaN	NaN	NaN	-2.57050592715747e-10	-1.116376553972322e-11	-1.197893033039875e-12	NaN	18.169349011499204	460.2324083090057	469.6191549792819	0	0	789.0989483073579	19.987997871786867	20.39566640855473	0.1	1	0.08467180085366716	2.0560778654224277	2.098012943675597	0.2	0	NaN	NaN	NaN	NaN	9	301.233647910224	293.69128575910446	97260.04331415263	1.1450015873494328	1016.5841697731103	0.025105369755124174	0.03257273615764105	0.014346880023442752	1944.5550051906707	2410.501220714879	0.01253000885060289	80.67015226874587	465.9462155242081	290.21826055118896	-0.45487303439192117	-2.204196344253108	0.5322647882373464	2.3127249741880287	-4.424128319486852e-14	-1.4147485006373217e-14	2.3127249741880287	3.794649993889109	262.6602617230967	258.33973827690323	13.305677361746993	NaN	0.2920695430504591	0.20770724488756936	112.13246521704782	0.01786369358885247	-0.8572518950400596	-0.05599253285941143	0	16.03059124904236	-2.4327040684590338	5.50278322660558	13.702708291425296	20.897494733365733	29.30903349809951	43.910272985319416	0.09643538468048092	1.0128431935677011	-17.375242945370722	1.028449232553296	19.539007889636807	1.1364618305224319	11.061004954981055	1.1364618305224319	0.44230757949345495	1.1364618305224319	0.016711554981700034	1.4113591208213054	NaN	NaN	800000009	800000009	800000009	800000019	800000019	800000019	899999999	899999999	89999	89999	89	89	13	6	0	51	11	0	10	NaN	0	18000	0	0	0	0	0	0	0	NaN	NaN	NaN	NaN	0	0	0	0	0	0	301	0	0	18000	0	16	18000	18000	18000	18000	87	NaN	0.10910925291902593	0.1886109836692833	0.11769425318682948	0.06628053904562914	11.02560610111825	0.07764260998050894	1.2125952080156117e-7	NaN	-0.014927306643426508	0.28335585471090075	0.011330836822022947	0.000016711554981700034	NaN	18.17069657707215	789.1517613507006	85.33302014244927	85.01531290393406	85.65073047765097	-0.6354143993523383	0.00028136875031891073	31.83198123259015	114
DATA	2026-08-01T010000_AIU-1657.ghg	2026-08-01	01:30:00	213.062	0	18000	18000	0.04723222637365476	1	NaN	18.24369495661775	1	NaN	48.00690800042974	1	NaN	6.911997268924836	0	NaN	1.0861753480270544	1	NaN	0.00797238070999618	2	NaN	NaN	NaN	NaN	NaN	NaN	NaN	NaN	NaN	NaN	2.5621815905076342e-11	1.0896978102066063e-12	1.1833911607347053e-13	NaN	18.35530528298654	464.068992997169	473.41268719047343	0.1	0	780.6525519754954	19.73689013016477	20.134278166180856	0.1	1	0.08477738699297156	2.0534312651582476	2.0947756214460767	0	1	NaN	NaN	NaN	NaN	9	300.77231007300486	293.1536712706833	97257.39430171726	1.1471799079655935	1016.4308025753801	0.025060095846115283	0.07038416255215312	0.014192234875051663	1920.073406928058	2331.74499291477	0.012371411647385058	82.3449139062112	411.6715859867122	290.01838997760564	-0.615611161514879	-2.1933399969471865	0.6570914419233587	2.370967441243967	-2.7957717753019833e-14	1.3958806737376961e-15	2.370967441243967	3.457512873239087	266.6779931731695	254.32200682683046	16.089623236693907	NaN	0.20290999615073535	0.1431040161154941	-39.2286602992561	-0.05106215671703642	0.3800222867187039	0.07710810136953244	0	16.613560090674454	-2.5211718392848894	5.702897565093152	14.20102128910415	21.657453496486887	30.374886468978797	45.5071149595373	0.04665276036483932	1.0124208300705861	20.64700071114329	1.026100247606717	43.05781112274481	1.1149407447484163	6.199430150419798	1.1149407447484163	0.9742000668135482	1.1149407447484163	-0.0009063481441784284	1.307584829870068	NaN	NaN	800000009	800000009	800000009	800000019	800000019	800000019	899999999	899999999	89999	89999	89	89	13	0	1	6	17	0	13	NaN	0	18000	0	0	0	0	0	0	0	NaN	NaN	NaN	NaN	0	0	0	0	0	0	301	0	0	18000	0	16	18000	18000	18000	18000	87	NaN	0.13351398131482387	0.1007415229129722	0.051952528003192125	0.12727453945053757	26.083199833382142	0.09935742979469299	6.803119766927846e-8	NaN	0.017707107462691593	0.158487197224267	0.024905230703263545	-9.063481441784284e-7	NaN	18.35669524648852	780.7033624908142	85.24488571039835	84.89727476882935	85.59249482599894	-0.6952199153055768	0.0002811361779685184	32.81330931631889	206
DATA	2026-08-01T013000_AIU-1657.ghg	2026-08-01	02:00:00	213.083	0	18000	18000	0.0898106398483325	1	NaN	10.070307673688868	2	NaN	34.501343984841405	0	NaN	7.838655931469868	1	NaN	0.7804319230612793	0	NaN	0.010567223824448182	1	NaN	NaN	NaN	NaN	NaN	NaN	NaN	NaN	NaN	NaN	1.6966330037271893e-10	7.177953015319569e-12	7.822420771932111e-13	NaN	18.392106473543084	464.6868475777805	474.0055732909327	0.2	0	778.1156904871513	19.659527731824124	20.05377548714135	0.1	1	0.08479782923129098	2.051727024143199	2.0928718972462677	0	1	NaN	NaN	NaN	NaN	9	300.6087901865641	292.9220356677466	97246.6714009266	1.1479943238454418	1016.3822858319402	0.02504305565895637	0.05057198861437089	0.01414622483062252	1912.3364596854026	2298.5124013699683	0.012322556424527297	83.1988750004396	386.1759416845657	289.9547594410667	-0.35647968645678274	-2.3638377091056584	0.5308829201054548	2.4488044341486237	2.464915646491103e-14	9.224788939580053e-15	2.4488044341486237	4.887093988526569	259.57589547784505	261.42410452215495	12.520722236697498	NaN	0.2797010037319061	0.21248906884080865	-186.12433775945692	-0.010762160521902101	0.2918816054850902	0.03085687112539623	0	16.593273096707016	-2.5180932096826067	5.695933696550315	14.183680271787503	21.631007350926552	30.33779537380145	45.451545740079155	0.08869885270953988	1.0125344026989094	11.847695116756825	1.0265090921336781	30.90548965030214	1.1163500198581746	7.021682977589521	1.1163500198581746	0.699092497136721	1.1163500198581746	0.003956946588065088	1.3079716257363794	NaN	NaN	800000009	800000009	800000009	800000019	800000019	800000019	899999999	899999999	89999	89999	89	89	9	2	0	16	19	0	6	NaN	0	18000	0	0	0	0	0	0	0	NaN	NaN	NaN	NaN	0	0	0	0	0	0	301	151	0	18000	0	16	18000	18000	18000	18000	87	NaN	0.15388760557539644	0.1720724605905158	0.09901807151570508	0.0637811163878916	17.7043316654841	0.04099767960731659	4.237953015832711e-8	NaN	0.010153997255922023	0.1793717065766244	0.01785859809771351	0.000003956946588065088	NaN	18.393452282090728	778.1715287978377	85.1787170668708	84.81410721969603	85.54332583406239	-0.729218101107411	0.00028109625974320806	32.026762174076495	020
DATA	2026-08-01T020000_AIU-1657.ghg	2026-08-01	02:30:00	213.104	0	18000	18000	0.09800393029862614	1	NaN	45.34162358604053	1	NaN	91.89246137264871	1	NaN	3.896139945591725	0	NaN	2.077948119438834	1	NaN	0.01648156221553897	2	NaN	NaN	NaN	NaN	NaN	NaN	NaN	NaN	NaN	NaN	2.330485860371641e-10	9.727331290661652e-12	1.070033713847612e-12	NaN	18.549137692413996	468.2542713810307	477.5885966657362	0.2	0	774.2317194811751	19.544698826296727	19.9343088898594	0.1	1	0.08516765980515022	2.0574149914925095	2.0984281374475486	0	1	NaN	NaN	NaN	NaN	9	300.2888845748902	292.5782871850905	97217.81128038661	1.1490522658559075	1016.3102972510326	0.025021092818488407	0.13465103813963644	0.014075943102856455	1900.6025218176464	2249.959143835272	0.012250045991051199	84.47275707317452	349.35662201762534	289.85782411550724	-0.27405197821211597	-2.680675578708476	0.4056329750844343	2.7250071844899404	-1.1932690314077326e-14	1.2563850131560214e-14	2.7250071844899404	4.646677877420241	256.83720733350833	264.16279266649167	8.560621147759433	NaN	0.29204639831654705	0.28801980980641195	-47.0455472796221	-0.04257788708662016	0.4934204929190874	0.13294717187889146	0	14.65598106751579	-2.224101670132356	5.0309240336093435	12.527712183093549	19.10555153036014	26.795807676837452	40.145002735362986	0.0967462444772941	1.0129998412664711	49.61290413158388	1.0280168573769868	81.94265139025572	1.1214240668758273	3.474278875114543	1.1214240668758273	1.8529548105987996	1.1214240668758273	-0.003461239207943568	1.3095039292086712	NaN	NaN	800000009	800000009	800000009	800000019	800000019	800001019	899999999	899999999	89999	89999	89	89	11	12	1	43	26	5	10	NaN	0	18000	0	0	0	0	0	0	0	NaN	NaN	NaN	NaN	0	0	0	0	0	0	301	0	0	18000	0	16	18000	18000	18000	18000	87	NaN	0.24443941210132294	0.18436114707843076	0.14723906043307028	0.06840227212144726	6.9298527296029775	0.06534457795601958	8.355497437180536e-8	NaN	0.04248430716946419	0.08866362285010974	0.04728742061035963	-0.0000034612392079435676	NaN	18.550563382071864	774.2839803746006	85.08544184875487	84.6985303870307	85.47235407977635	-0.7738147246721712	0.00028053742226458997	31.637150721867865	007
DATA	2026-08-01T023000_AIU-1657.ghg	2026-08-01	03:00:00	213.124	0	18000	18000	0.0911644042254284	1	NaN	1.2307405388923411	0	NaN	33.92573177456914	0	NaN	13.400520050686497	0	NaN	0.7669929357717138	0	NaN	0.034695085507600046	0	NaN	NaN	NaN	NaN	NaN	NaN	NaN	NaN	NaN	NaN	-4.772701425929602e-10	-1.984289847318877e-11	-2.188352315750533e-12	NaN	18.62644273525826	469.9008852128641	479.2640344702511	0.1	0	774.4096668280582	19.536515540408598	19.92579616687782	0.1	1	0.08540492156589878	2.0610995807280914	2.1021686308533165	0	0	NaN	NaN	NaN	NaN	9	300.1810032730103	292.35729794583625	97201.67547710193	1.1497335452754218	1016.3014083374554	0.025006344419384825	0.04970114223800705	0.014078347885074961	1899.4914253429502	2219.221475632134	0.012244878774675096	85.59269303222156	319.73005028918396	289.8486180224664	-0.5303214076496089	-2.3017147503035678	0.5662216608779562	2.4289377423935337	1.3416918558672174e-14	-2.5623257718959337e-14	2.4289377423935337	4.049636867797743	263.9746790643635	257.0253209356365	13.480530579169384	NaN	0.28158793806202914	0.2594769919616812	-1553.3944522379754	-0.0012894986184057331	0.03627749423565593	0.0037405264325233584	0	16.838529189539717	-2.555311767974031	5.780122176743972	14.393321491164361	21.95072343804239	30.786201731918528	46.123340174875196	0.09003850180245078	1.0125046774484088	3.145646432247563	1.0264039954855657	30.399842607032337	1.1159837967950916	12.007808795405833	1.1159837967950916	0.6872796343229911	1.1159837967950916	0.025356982185553795	1.3078708587965122	NaN	NaN	800000009	800000009	800000009	800000019	800000019	800001019	899999999	899999999	89999	89999	89	89	16	7	0	32	5	1	14	NaN	0	18000	0	0	0	0	0	0	0	NaN	NaN	NaN	NaN	0	1	0	0	0	0	301	0	0	18000	0	16	18000	18000	18000	18000	87	NaN	0.21061759977653213	0.21159233142449174	0.09674405272233852	0.05826920805115659	12.295404879727938	0.033373041562369116	1.0207468008711731e-7	NaN	0.002692093730114022	0.3062561861239532	0.01752889667005317	0.000025356982185553794	NaN	18.627800456073068	774.4644087181005	84.94773930401273	84.53545301479764	85.3600245390998	-0.8245664290702999	0.00028060811303051497	32.68241695735428	229
DATA	2026-08-01T030000_AIU-1657.ghg	2026-08-01	03:30:00	213.145	0	18000	18000	0.04497345815617161	1	NaN	-4.895950112840193	2	NaN	-1.741834407760851	1	NaN	9.462668751068717	1	NaN	-0.03937372931137032	1	NaN	0.01883675021893946	1	NaN	NaN	NaN	NaN	NaN	NaN	NaN	NaN	NaN	NaN	2.673634392903105e-10	1.0910360626921602e-11	1.2127986050217705e-12	NaN	18.788694905635897	473.2780086547585	482.59851251315297	0.1	0	766.714542847824	19.31316325418721	19.693507173272124	0.1	1	0.08522819362370718	2.055245495776137	2.095720487690039	0	0	NaN	NaN	NaN	NaN	9	299.82924138641357	292.2083478106374	97208.68261845656	1.1505004165034676	1016.1715497538387	0.024991802565961087	-0.0025514176593767965	0.013925494445024193	1877.9107517306352	2198.711810990294	0.012103858673381212	85.40959039487895	320.8010592596588	289.6688651599357	-0.47678392173709366	-2.195006857778458	0.4910048115390061	2.299231119021287	4.283686052668709e-14	1.4230016540963237e-14	2.299231119021287	3.4909221085192397	263.2550157310526	257.7449842689474	12.33057507549783	NaN	0.19771278400405246	0.14994158151197434	135.16902789303404	0.014819223243842165	2.810801124966865	-0.02118109561168578	1	18.714086124472175	8	16	32	57	113	405	0.044408556806562374	1.012720551853776	-4.889097020684461	1.028171784153929	-1.5343384410693308	1.1352348094380722	8.335428646477663	1.1352348094380722	-0.03468333509863026	1.1352348094380722	0.015110563718061281	1.4084729170401793	NaN	NaN	800000009	800000009	800000009	800000019	800000019	800000019	899999999	899999999	89999	89999	89	89	18	1	0	13	2	0	5	NaN	0	18000	0	0	0	0	0	0	0	NaN	NaN	NaN	NaN	0	0	0	0	0	0	301	151	17996	18000	0	16	18000	18000	18000	18000	87	NaN	0.1365885623476228	0.10066194416999982	0.06263265650632605	0.05870720445123003	16.057699533798075	0.02053358224233775	7.85776619852095e-8	NaN	-0.004181911557839011	0.21242100912120082	-0.0008838740458120418	0.00001511056371806128	NaN	18.790052909295788	766.7710611676238	84.83392370054457	84.39401575936213	85.27383119837444	-0.8798161087930185	0.0002799393462515177	32.749809987809904	233
DATA	2026-08-01T033000_AIU-1657.ghg	2026-08-01	04:00:00	213.166	0	18000	18000	0.11291104408682572	1	NaN	31.88518257655275	0	NaN	32.06026035803004	0	NaN	2.0660124859167888	2	NaN	0.7247348882481636	0	NaN	0.016337667304008225	2	NaN	NaN	NaN	NaN	NaN	NaN	NaN	NaN	NaN	NaN	2.524899631719462e-10	1.0293280275129402e-11	1.1468737591209536e-12	NaN	18.82702992995063	474.146380782803	483.49207306692387	0.1	0	767.5231656050383	19.32956671830941	19.71056336798637	0.1	1	0.08551716796022038	2.0625241530721987	2.1031776660893304	0	1	NaN	NaN	NaN	NaN	9	299.7772094946967	292.2380126404812	97193.69788635659	1.1501991116012562	1016.1813994804552	0.024998193194931635	0.046962820758480996	0.013933758952731053	1879.216012517949	2202.783217667297	0.012114214671347722	85.31098282599052	323.56720514934796	289.67978851696284	-0.2951809165359548	-2.2848295963887075	0.3971014279738781	2.3377911801783045	4.014023497745645e-14	1.3411035309944308e-14	2.3377911801783045	4.221499841595303	258.3613623752085	262.63863762479144	9.77978416754951	NaN	0.3133153682707622	0.2865357337612724	-82.58854168291498	-0.024253969850812605	0.9945391029417064	0.08706887666630202	0	15.591013839534055	-2.365996500665649	5.351890526626	13.326964133245694	20.324461184110017	28.505345797494183	42.706202358738985	0.11153085547969549	1.0123749486291844	33.10464281070474	1.0259284634766894	28.770565889824972	1.1143423622879975	1.8540195148596852	1.1143423622879975	0.6503700413579526	1.1143423622879975	0.00303878028995771	1.3074258873826117	NaN	NaN	800000009	800000009	800000009	800000019	800000019	801010019	899999999	899999999	89999	89999	89	89	9	19	0	49	23	3	14	NaN	0	18000	0	0	0	0	0	0	0	NaN	NaN	NaN	NaN	0	0	0	0	0	0	301	0	18000	18000	0	16	18000	18000	18000	18000	87	NaN	0.2203968885719479	0.20748546016764105	0.14518911878295582	0.05084592887302098	5.262248742897076	0.01706845347718244	7.873394864876501e-8	NaN	0.02832335119000208	0.047260916096047795	0.01657861943180655	0.0000030387802899577097	NaN	18.828382600784305	767.5789786851225	84.6778693500095	84.21392325464885	85.14181438106961	-0.9278901108635793	0.0002799075656900338	33.77337545861138	104
DATA	2026-08-01T040000_AIU-1657.ghg	2026-08-01	04:30:00	213.187	0	18000	18000	0.03167652148478669	0	NaN	-11.378093625563483	2	NaN	2.987958381431945	0	NaN	19.576490537147045	1	NaN	0.06754004431211041	0	NaN	0.008683519805138717	1	NaN	NaN	NaN	NaN	NaN	NaN	NaN	NaN	NaN	NaN	3.697287543844444e-11	1.4931022639766536e-12	1.6790186403923215e-13	NaN	18.82172286023082	474.032175479559	483.28376495261296	0.1	0	760.0911933760633	19.143182833714874	19.516796436221867	0.1	1	0.08547353472477287	2.0607780979144485	2.1009978845516692	-0.1	0	NaN	NaN	NaN	NaN	9	299.67966801028786	292.177605888737	97167.82465861419	1.150212316886884	1016.0742054313463	0.024999680952964582	0.0043765948714247545	0.01379858251883539	1860.6003855128083	2194.499530516485	0.011996552563601517	84.78472470098492	333.8991450036765	289.5233656772847	-0.18694925021656217	-2.3023201367160415	0.36166875709084606	2.338040274234034	1.0933391684121701e-14	1.964372534491299e-15	2.338040274234034	3.680434361929874	255.6422535545787	265.3577464454213	8.89875092143167	NaN	0.1659509470160352	0.16184128096475153	34.38236726965705	0.05825951378768981	-3.8079826333158837	-0.05866597972658233	1	22.948911720441643	10	21	42	78	165	670	0.03119800289431297	1.0153381160997632	-10.911525236784351	1.0336553978579486	2.5746865795766642	1.1605134407945032	16.868818446208355	1.1605134407945032	0.05819841626812317	1.1605134407945032	0.008511732490528633	1.4823530331028592	NaN	NaN	800000009	800000009	800000009	800000019	800000019	800000019	899999999	899999999	89999	89999	89	89	11	15	0	26	12	0	16	NaN	0	18000	0	0	0	0	0	0	0	NaN	NaN	NaN	NaN	0	0	0	0	0	0	301	0	18000	18000	0	16	18000	18000	18000	18000	87	NaN	0.13122672124508308	0.11297069610646057	0.0794851445779594	0.048875300477284105	20.006080450213872	0.00959763558423711	4.698069440885222e-8	NaN	-0.009336455278953876	0.42994785741555624	0.0014833454079341598	0.000008511732490528633	NaN	18.82315569444792	760.1487465619015	84.77655345069039	84.32115684805974	85.23194889789157	-0.9107887308647236	0.0002802108009830894	31.866990647625485	163
DATA	2026-08-01T043000_AIU-1657.ghg	2026-08-01	05:00:00	213.208	0	18000	18000	0.04338136287554979	1	NaN	12.234662388869564	0	NaN	18.774566220765827	0	NaN	16.19987909253317	0	NaN	0.42428076607951676	0	NaN	0.03711335937972333	0	NaN	NaN	NaN	NaN	NaN	NaN	NaN	NaN	NaN	NaN	3.008857509273275e-11	1.2098154261246407e-12	1.360668830139383e-13	NaN	18.955898506120747	477.29316661113984	486.6322356814896	0.1	0	762.1875864203658	19.19122570511831	19.56673533932766	0.1	1	0.08572257132506705	2.0645444117463296	2.1049408058472583	0	0	NaN	NaN	NaN	NaN	9	299.57768141513395	291.9310310579732	97151.2758820237	1.1509667037568414	1016.0968241409412	0.024982838055193135	0.027493393641952683	0.013842538320408167	1864.9521825211843	2160.9685130458	0.012026879904714086	86.30168238280379	296.0163305246158	289.56005547660584	-0.4337504563428025	-1.8220183697192418	0.5235483645764814	1.944734760326617	-3.3864639715555606e-15	1.5872935320379211e-15	1.944734760326617	3.2757679382196185	264.3906097736417	256.6093902263583	15.617455995935904	NaN	0.19414232030120843	0.13741000815707088	-51.18982389449333	-0.03913082420694712	0.6516615214969533	0.05388574849345099	1	16.75578382897238	7	14	25	42	76	219	0.042867832916415556	1.0119793776404682	13.099630964527908	1.0240297008303492	16.952222221496395	1.1074988267295478	14.627445827975755	1.1074988267295478	0.38309816303139654	1.1074988267295478	0.02531738064407019	1.3058927987600504	NaN	NaN	800000009	800000009	800000009	800000019	801000019	801100019	899999999	899999999	89999	89999	89	89	10	8	0	33	5	0	11	NaN	0	18000	0	0	0	0	0	0	0	NaN	NaN	NaN	NaN	0	0	0	0	0	0	301	151	18000	18000	0	16	18000	18000	18000	18000	87	NaN	0.11245230143196304	0.09785314675371733	0.06451456812846137	0.046621045478066864	18.711017631814723	0.01964336433063668	2.0994163771329825e-7	NaN	0.011201113734924268	0.3725874379191124	0.009758201446379204	0.00002531738064407019	NaN	18.957308447978935	762.2430202115991	84.68477335951063	84.21658333884344	85.15296285968357	-0.9363779244422921	0.0002796737617463805	32.046970994419524	050
DATA	2026-08-01T050000_AIU-1657.ghg	2026-08-01	05:30:00	213.229	1	18000	18000	0.007777224269216389	1	NaN	20.670882620251607	0	NaN	1.9020870760673074	2	NaN	-1.743757333398048	2	NaN	0.04297600787827406	2	NaN	0.03034239959431637	0	NaN	NaN	NaN	NaN	NaN	NaN	NaN	NaN	NaN	NaN	2.934730025374061e-11	1.1617485101270383e-12	1.3224115915794944e-13	NaN	19.030822688314704	478.5750985367754	487.8167757917777	0.1	1	753.3582208068158	18.944976297713566	19.310819311866304	0.1	1	0.08575432936838427	2.0630944015854293	2.1029344447977683	0.1	0	NaN	NaN	NaN	NaN	9	299.33032161204017	291.72164192115645	97187.86448607619	1.1523346885749859	1015.9529829996453	0.02495552036005453	0.002784845310512159	0.013679878191622408	1841.7156773681065	2132.8474376194076	0.011871445273021666	86.35008978531302	291.1317602513011	289.36327148248955	-0.3446959786205598	-1.504421882371072	0.42523557555541774	1.600914055329709	-2.6180579378289303e-14	1.54209309468058e-15	1.600914055329709	2.6309581999354434	263.9049709121831	257.0950290878169	15.403825656250929	NaN	0.0821529179563381	0.08128267945064477	-2.2962594001771928	-0.8723317582697447	10.867474407633347	0.21492343936468808	1	24.826441804579677	11	19	32	47	75	164	0.007685447968995791	1.0119415680895683	20.4457656843074	1.0226536100345145	1.7260439915271697	1.10199223507877	-1.5823680765531027	1.10199223507877	0.03899846705834742	1.10199223507877	0.01868361504106293	1.3052118308262086	NaN	NaN	800000009	800000009	800000009	800000019	800000019	800000019	899999999	899999999	89999	89999	89	89	17	7	0	49	4	0	11	NaN	0	18000	0	0	0	0	0	0	0	NaN	NaN	NaN	NaN	0	0	0	0	0	0	301	0	18000	18000	0	16	18000	18000	18000	18000	87	NaN	0.07613199706600313	0.059544972083901915	0.02688838975138448	0.05486014288713077	19.08737858767088	0.05560583789500974	2.7071077171956694e-7	NaN	0.01746429802455114	-0.04025158869539532	0.000992025988797079	0.00001868361504106293	NaN	19.03215263830209	753.40843013075	84.74068001005384	84.27187558110558	85.20948547490438	-0.9376092969212255	0.00027934141667598544	33.36560999497913	140
DATA	2026-08-01T053000_AIU-1657.ghg	2026-08-01	06:00:00	213.249	1	18000	18000	0.11043278171584055	1	NaN	20.94404436573502	0	NaN	44.885484472312996	1	NaN	4.173881638966445	1	NaN	1.0145504316395617	1	NaN	0.038404974903486884	0	NaN	NaN	NaN	NaN	NaN	NaN	NaN	NaN	NaN	NaN	-3.2449924453597635e-10	-1.3141989014268968e-11	-1.4726703412182641e-12	NaN	18.84569365602826	474.43330626185536	483.72775390631773	0.1	1	763.2372129185135	19.214212063305283	19.590630593992124	0.1	1	0.08552714551494452	2.061669473759912	2.1020588788272527	-0.1	0	NaN	NaN	NaN	NaN	9	299.77358704545765	292.13210859901653	97198.81649519394	1.1507272399733053	1016.1138093027988	0.024987818149126498	0.06574286797024359	0.013856356135091062	1868.0996360146773	2188.2784264255165	0.012041390569160858	85.36846195875353	320.17879041083916	289.5865446996238	-0.28488973800164785	-1.5484125202617678	0.34979665126197756	1.6127929789516877	-1.3345990692382722e-14	-1.7218747712805853e-14	1.6127929789516877	3.523169869739847	261.42515835190625	259.5748416480937	12.526359674273468	NaN	0.30978672899808146	0.34611274560432387	-121.53406249447036	-0.016481799084854407	0.4666106339713025	0.05782065308713712	0	18.782797301002773	-2.850361954922931	6.447526502983165	16.055252630060448	24.485273286412916	34.34094393218276	51.448991749709926	0.10913016787083175	1.0119363313593597	23.19855284019676	1.0226951265948423	40.724541174104296	1.10217287115452	3.7869573350996446	1.10217287115452	0.92050027558456	1.10217287115452	0.022703259654590024	1.305223975559193	NaN	NaN	800000009	800000009	800000009	800000019	800000019	800000019	899999999	899999999	89999	89999	89	89	21	5	0	27	10	0	7	NaN	0	18000	0	0	0	0	0	0	0	NaN	NaN	NaN	NaN	0	0	0	0	0	0	301	0	18000	18000	0	16	18000	18000	18000	18000	87	NaN	0.4704240649560738	0.13270064641940096	0.08910077983317297	0.05713698223017037	11.587586740492949	0.06577645476015392	3.0432023295254653e-7	NaN	0.019840204596849886	0.09648212653732467	0.02345202657643749	0.000022703259654590024	NaN	18.847079486063823	763.288282227295	84.67300860680476	84.20348206456501	85.14253437932334	-0.9390518962542206	0.0002800117463856521	32.49581258981532	005
DATA	2026-08-01T060000_AIU-1657.ghg	2026-08-01	06:30:00	213.27	1	18000	18000	0.16380275900284658	1	NaN	48.03378313443361	0	NaN	49.84120480272204	0	NaN	3.7240806600854683	1	NaN	1.1265681590623742	0	NaN	0.04791215327149983	0	NaN	NaN	NaN	NaN	NaN	NaN	NaN	NaN	NaN	NaN	1.0168732832369454e-10	4.130615391480784e-12	4.609292683393942e-13	NaN	18.95055274995543	477.13322860840475	486.5635646623176	0.1	0	769.7856375659609	19.381508889712467	19.764576199015078	0.1	1	0.0858992418982524	2.0708139588643752	2.1117427191483342	0.2	0	NaN	NaN	NaN	NaN	9	299.83314357969493	292.1350128451433	97198.16265484632	1.1506347329986097	1016.2090180071359	0.02498823465850175	0.07300161670724184	0.013976769505719062	1884.3523755885792	2188.675078642935	0.01214700817286727	86.09557416612756	304.322703054356	289.7227087080353	-0.28841014665542575	-2.2013212096136066	0.4362558649231012	2.2625902546126726	-2.26443987345464e-14	5.365929409311488e-15	2.2625902546126726	4.466465571349857	258.464197009165	262.535802990835	11.116968863120364	NaN	0.3773043971173033	0.38693022320830744	-95.74362657355165	-0.020921497040444662	0.9637363969141108	0.10887656292870339	0	16.977504162701802	-2.5764017563202555	5.827827787806818	14.51211520796894	22.131891351602523	31.040292306653154	46.50401415719254	0.1618160524385114	1.0122775616781907	49.981280758805454	1.0255448559634852	44.78080962629164	1.1130036553305045	3.3459734316682086	1.1130036553305045	1.0121872948636828	1.1130036553305045	0.02291299129778714	1.3070851027475145	NaN	NaN	800000009	800000009	800000009	800000019	800000019	800010019	899999999	899999999	89999	89999	89	89	4	1	0	89	20	0	26	NaN	0	18000	0	0	0	0	0	0	0	NaN	NaN	NaN	NaN	0	0	0	0	0	0	301	151	18000	18000	0	16	18000	18000	18000	18000	87	NaN	0.34382364711789637	0.259877501219548	0.1701592980791705	0.048683024171167814	5.233464714079433	0.05217778149831537	1.5240294338626663e-7	NaN	0.04274515109507094	0.08526293691355949	0.02579281133850511	0.00002291299129778714	NaN	18.95198836205528	769.8402499208404	84.55262762112088	84.07164928224354	85.03360563574898	-0.9619560197724201	0.0002798429054318047	32.378151866277065	176
DATA	2026-08-01T063000_AIU-1657.ghg	2026-08-01	07:00:00	213.291	1	18000	18000	0.0351813872262128	1	NaN	12.894397490537562	1	NaN	24.78407582871925	0	NaN	19.346731992881097	0	NaN	0.5601819484230303	0	NaN	0.008220346230010243	2	NaN	NaN	NaN	NaN	NaN	NaN	NaN	NaN	NaN	NaN	-3.7389467923264654e-11	-1.493404276785606e-12	-1.704195526439366e-13	NaN	18.918702470065192	476.3140358696326	485.5515871700711	0	0	755.6478535082304	19.024860683243773	19.393825511719374	0.1	1	0.08623061494667922	2.0782050810326376	2.118509427751753	-0.1	0	NaN	NaN	NaN	NaN	9	299.7319857254028	292.10505348574986	97199.59811354984	1.15092607871835	1016.0056585137268	0.024985303044601552	0.03629979025781236	0.013721186201905636	1849.7048432660595	2184.586353029678	0.011921865752825148	84.67071309407429	334.8815097636184	289.4311743346198	-0.2290878459762582	-1.5675551464458326	0.42368637560835043	1.639884301772235	1.225648324995644e-14	-1.9763230582237605e-15	1.639884301772235	2.8750636458117427	259.3145400101713	261.6854599898287	14.972984779820724	NaN	0.17483676598082937	0.12743942231587813	-35.485829822642664	-0.05644788384578989	0.5202694496115048	0.06307027604428883	1	15.304053207379342	7	13	23	37	66	183	0.03476675027054177	1.0119262500073916	14.114784714464099	1.0227917544114091	22.47810909666798	1.102587220398939	17.546668086612726	1.102587220398939	0.5080613470382368	1.102587220398939	0.001843858394934119	1.30525040832972	NaN	NaN	800000009	800000009	800000009	800000019	800000019	800000019	899999999	899999999	89999	89999	89	89	11	11	0	46	0	0	11	NaN	0	18000	0	0	0	0	0	0	0	NaN	NaN	NaN	NaN	0	0	0	0	0	0	301	0	18000	18000	0	16	18000	18000	18000	18000	87	NaN	0.10005689875314656	0.09594985686098302	0.05887208901762664	0.06795674937401218	31.95034063604254	0.02349167936911492	2.5159418272351905e-7	NaN	0.01207065121259656	0.44691356864511966	0.012940320554005385	0.0000018438583949341188	NaN	18.920083797242903	755.7019894354753	84.90248618994819	84.4624019042121	85.342568871816	-0.8801658881008628	0.0002799157725336652	33.465506814435535	161
DATA	2026-08-01T070000_AIU-1657.ghg	2026-08-01	07:30:00	213.312	1	18000	18000	0.036381311539603986	0	NaN	24.127751269190178	0	NaN	28.661351405115994	0	NaN	8.628750591100587	0	NaN	0.6479119691336233	0	NaN	0.03791028168954605	0	NaN	NaN	NaN	NaN	NaN	NaN	NaN	NaN	NaN	NaN	-3.7509939774175745e-12	-1.5183776885385674e-13	-1.7053677689120293e-14	NaN	18.925283875480897	476.71792313076924	486.0982722973293	0	0	766.0830424892451	19.297227949871047	19.676938313869336	0.1	1	0.08604271116685597	2.0753188089108265	2.1161547290953777	0	0	NaN	NaN	NaN	NaN	9	299.79352054242736	292.25522187677666	97204.4117095687	1.1502723330628348	1016.1633623706232	0.02499690983104148	0.04198469559985878	0.01391116165818673	1876.2788474649183	2205.1481566792213	0.012093798362641153	85.08629416947865	328.86930921430303	289.65519883643987	-0.3359554716230096	-1.7094675138175845	0.3721381366632971	1.7814690714324255	-3.8533241060148244e-14	-1.9820014336890684e-16	1.7814690714324255	3.0503612984710906	262.1184365644626	258.88156343553743	12.057543609864206	NaN	0.1778438447225265	0.2412969840810897	-19.961588637703013	-0.10034772464034192	0.8418218292694818	0.11606834769566331	1	16.53565428172235	7	13	24	38	65	170	0.035952897103602305	1.0119159920483503	25.375955522110814	1.023334842673633	25.942287562734865	1.1048120307743008	7.810152632980635	1.1048120307743008	0.5864454324230504	1.1048120307743008	0.022300189489713164	1.3054778340762094	NaN	NaN	800000009	800000009	800000009	800000019	800000019	800010019	899999999	899999999	89999	89999	89	89	10	9	0	68	19	0	8	NaN	0	18000	0	0	0	0	0	0	0	NaN	NaN	NaN	NaN	0	0	0	0	0	0	301	0	18000	18000	0	16	18000	18000	18000	18000	87	NaN	0.21298807614773588	0.17104240749280347	0.09856348452164004	0.03416387600996213	4.353407233369176	0.017281055401448593	2.543898144280933e-7	NaN	0.02170991874270321	0.1990722542553022	0.014947853097926978	0.000022300189489713163	NaN	18.9266613658799	766.1384532077955	84.82299201456706	84.38104076470269	85.26494512176514	-0.8839040130277485	0.0002800934825402995	32.81814148002523	018
DATA	2026-08-01T073000_AIU-1657.ghg	2026-08-01	08:00:00	213.333	1	18000	18000	0.050943477687758386	1	NaN	38.01028392141369	0	NaN	45.2835678192114	1	NaN	-1.9005939801014096	2	NaN	1.0240898055833774	1	NaN	0.0660843635539197	0	NaN	NaN	NaN	NaN	NaN	NaN	NaN	NaN	NaN	NaN	7.2211348002537e-10	2.980901799654924e-11	3.311471809632337e-12	NaN	18.781058169458422	473.80679345775553	483.2587835274909	0.1	1	775.2865947717181	19.558858301015672	19.949038722633126	0.1	1	0.08612627572198436	2.081575127484542	2.123100550306801	0.3	0	NaN	NaN	NaN	NaN	9	300.06279064348007	292.67982932349145	97190.7130654724	1.1483272479404831	1016.3202164227469	0.02503675530558451	0.06636101940180285	0.014077328644280246	1901.449291889182	2264.2072879640423	0.012258986860694838	83.97858720784131	362.75799607486033	289.864836936008	-0.2005041011238547	-1.4144792322368172	0.3442503588138656	1.469510701744049	-3.915443321958787e-14	3.844903058761961e-14	1.469510701744049	2.7725436032946487	259.06799313237207	261.93200686762793	13.548117899010888	NaN	0.21062574748908097	0.19094648784417304	-21.047898688836142	-0.09516864508011193	0.8393835943573323	0.1546298802402433	0	14.380385318080009	-2.18227895190027	4.936320931093732	12.292137081576263	18.74628463665051	26.291930750112762	39.390103280731715	0.050337395219193545	1.0120404018905957	40.04313391891617	1.0222297476369835	41.164469108035455	1.1000644196422267	-1.7277115286753286	1.1000644196422267	0.9309362136414171	1.1000644196422267	0.04012765493319194	1.305171231394366	NaN	NaN	800000009	800000009	800000009	800000019	800000019	800010019	899999999	899999999	89999	89999	89	89	7	6	0	33	5	0	10	NaN	0	18000	0	0	0	0	0	0	0	NaN	NaN	NaN	NaN	0	5	0	0	0	0	301	151	18000	18000	0	16	18000	18000	18000	18000	87	NaN	0.17466910348722964	0.12691691371504146	0.08030695848607498	0.05692749792087769	3.0334570351541896	0.03204101967545508	5.444036657406505e-7	NaN	0.0343108774762842	-0.04411944829028495	0.023772714054178475	0.00004012765493319194	NaN	18.782479018885276	775.341194516096	84.94028713099162	84.52782863744102	85.35274727461072	-0.8249188243283211	0.00028003213001324593	33.65079636626773	124
DATA	2026-08-01T080000_AIU-1657.ghg	2026-08-01	08:30:00	213.354	1	18000	18000	0.2778092953896945	1	NaN	72.65301644782232	1	NaN	87.55103160265136	1	NaN	-10.763482998633885	2	NaN	1.9807353405007386	1	NaN	0.26190978616622207	1	NaN	NaN	NaN	NaN	NaN	NaN	NaN	NaN	NaN	NaN	-1.575076143938885e-11	-6.591676977308354e-13	-7.389332427535866e-14	NaN	18.500571717127848	467.6841381697532	477.0206397337558	0.1	1	774.246966561672	19.572531639749595	19.963263241170047	0.1	1	0.08679381948827873	2.101506257165273	2.1434591797800295	-0.1	0	NaN	NaN	NaN	NaN	9	300.47503764682347	293.0797398073255	97196.06627228233	1.1468175322409522	1016.3357283274311	0.025069584091315995	0.12835165006444785	0.014068722676317555	1902.8833738145165	2321.0927114462766	0.012267620855801187	81.9822217540301	418.20933763176004	289.8767075332112	-0.5407645565889386	-0.9013366791850475	0.462967019073494	1.1485523826352864	9.858462447964459e-15	-8.513661999324473e-16	1.1485523826352864	2.740535105354015	281.96200601175747	239.03799398824248	23.77133057424658	NaN	0.4921825642904755	0.4841230440015788	-140.51476088275746	-0.014255441829854047	0.8298362122968078	0.1266472922454615	0	23.566694556524286	-3.576336819842053	8.08968362410999	20.14445605182927	30.721566517842902	43.08743386105063	64.5528274822952	0.274325895135783	1.0126980365896094	76.6719229196855	1.0215539499088742	79.88302723056171	1.0959904079493377	-9.820782116855376	1.0959904079493377	1.8072560910517552	1.0959904079493377	0.18386418681009262	1.3057979525821577	NaN	NaN	800000009	800000009	800000009	800000019	800000019	800010019	899999999	899999999	89999	89999	89	89	20	9	2	48	1	0	4	NaN	0	18000	0	0	0	0	0	0	0	NaN	NaN	NaN	NaN	0	0	0	0	0	0	301	0	18000	18000	0	16	18000	18000	18000	18000	87	NaN	0.3879906118733968	0.45271080066040853	0.12754467546935233	0.07882555075379628	9.650839369884736	0.07545880414396586	0.000001842306007839127	NaN	0.06578166150858433	-0.2511192816131964	0.0462118847435859	0.00018386418681009262	NaN	18.50205842746189	774.2999755004835	85.19539180586075	84.83174358325533	85.55904027684531	-0.7272968730628459	0.0002808454535002562	32.92961906358325	090
DATA	2026-08-01T083000_AIU-1657.ghg	2026-08-01	09:00:00	213.374	1	18000	18000	0.2072145017599479	1	NaN	33.21643909219452	1	NaN	124.92625611012751	1	NaN	1.375898009039464	2	NaN	2.8289555240805524	1	NaN	0.050041086894851386	1	NaN	NaN	NaN	NaN	NaN	NaN	NaN	NaN	NaN	NaN	1.4300442033082816e-9	6.091094828550333e-11	6.8900236244935795e-12	NaN	18.042749918140505	457.57917882415535	466.67467482036125	0.1	1	768.5084171871636	19.490014108237183	19.877425409911798	0.1	1	0.0869308605281053	2.114005473202719	2.156026459312451	0.3	0	NaN	NaN	NaN	NaN	9	300.98363818105065	294.0497235228479	97189.32984404136	1.142991225624395	1016.3081806589521	0.025154298370942442	0.18331631796041978	0.013962228445764335	1894.7295146716885	2464.2934111228383	0.012215516736042332	76.887334362038	569.5638964511497	289.80910914831645	-0.08886800225682845	-0.6070226717845043	0.23453175726985898	0.6567946338495796	-6.099955404167453e-14	7.925866122383537e-14	0.6567946338495796	2.623276344465587	259.32892307987686	261.6710769201232	20.921306362717207	NaN	0.42578330109534646	0.5033805338784353	-198.97115201736446	-0.010067288547563854	0.26588837388125114	0.06715774888885029	0	22.160248364058766	-3.362903184031273	7.606896158770251	18.942247000176724	28.888121859239543	40.516001658217256	60.70035346615351	0.20390497005914393	1.016230755433985	40.009989315172454	1.0225198100184016	114.29250695016033	1.0930397752549452	1.2587812815124166	1.0930397752549452	2.588154235668793	1.0930397752549452	0.02395400807624586	1.3106721744365375	NaN	NaN	800000009	800000009	800000009	800000019	800000019	800001019	899999999	899999999	89999	89999	89	89	16	1	0	25	3	1	5	NaN	0	18000	0	0	0	0	0	0	0	NaN	NaN	NaN	NaN	0	2	0	0	0	0	301	0	18000	18000	0	16	18000	18000	18000	18000	87	NaN	0.7220099417741537	0.17342495879496722	0.11132616718774974	0.07820119368576613	5.841322571347905	0.0942948921916665	0.0000011039610341682991	NaN	0.03444293226064686	0.03229332615037848	0.06639764197916494	0.00002395400807624586	NaN	18.044205044499936	768.5503055104749	85.486720858256	85.18611853154502	85.78732417488098	-0.6012041114899891	0.0002819352781451825	34.00947569801189	085
DATA	2026-08-01T090000_AIU-1657.ghg	2026-08-01	09:30:00	213.395	1	18000	18000	0.2819016852511052	0	NaN	61.25535176768125	0	NaN	106.44118108667018	0	NaN	19.102730605944654	0	NaN	2.4141731539065447	0	NaN	0.07935079237995084	1	NaN	NaN	NaN	NaN	NaN	NaN	NaN	NaN	NaN	NaN	3.3718109649632277e-10	1.4584583476705414e-11	1.6202721894441315e-12	NaN	17.96119342470688	458.72480716685396	468.0110305768335	0.1	1	776.9015747498963	19.841890048048818	20.243560550676357	0.1	1	0.08630976794868077	2.1147605911459735	2.157570875223021	0.5	0	NaN	NaN	NaN	NaN	9	301.805461060418	295.6825277494185	97185.17883882397	1.1364785478661819	1016.54214668041	0.025295055944545022	0.1564384203731441	0.014135207511536315	1928.854888976778	2722.840896322732	0.012437724881016151	70.83979425980222	793.986007345954	290.09033892130356	0.8926928606599929	0.4841315372371455	0.2354026761104235	1.0424482283263241	7.476358438016667e-14	1.877275571413348e-14	1.0424482283263241	4.32734189121761	132.5278229302533	28.472177069746675	13.05093349678036	NaN	0.4980445761579605	0.6613394524834182	-172.6896962632428	-0.01159941816648132	0.5754854572480158	0.10646066910036017	0	17.50871781648236	-2.657015477716848	6.010176245100442	14.966188649496685	22.824382000244967	32.011520287669285	47.959090653664674	0.27825502770394656	1.0131054506984096	66.60605712753988	1.0214883807248194	97.2143593411179	1.094912128291419	17.446816152958277	1.094912128291419	2.2049012806843207	1.094912128291419	0.04079549262481781	1.3063150866551996	NaN	NaN	800000009	800000009	800000009	800000019	800000019	800000019	899999999	899999999	89999	89999	89	89	13	6	0	1	12	0	0	NaN	0	18000	0	0	0	0	0	0	0	NaN	NaN	NaN	NaN	0	6	0	0	0	0	301	151	18000	18000	0	16	18000	18000	18000	18000	87	NaN	0.7538850214932964	0.2942845357946207	0.2745093476789194	0.11624008192660217	31.173223523753197	0.0858308429785504	3.347026743147867e-7	NaN	0.0576536880035656	0.450254487093939	0.05690245638651696	0.00004079549262481781	NaN	17.96226867590157	776.9588125955727	85.65593500773113	85.4456759346856	85.866193997701	-0.42051813155743584	0.00028401703084495665	32.226686169123624	062
DATA	2026-08-01T093000_AIU-1657.ghg	2026-08-01	10:00:00	213.416	1	18000	18000	0.19700273974310623	1	NaN	-24.40370145395273	2	NaN	61.90288715665278	1	NaN	-15.878555720348537	1	NaN	1.4051348397759398	1	NaN	0.04916721559997064	0	NaN	NaN	NaN	NaN	NaN	NaN	NaN	NaN	NaN	NaN	-4.1452995442716127e-10	-1.7944847333684967e-11	-2.010340247200777e-12	NaN	17.811369161874538	456.2543702087173	465.4474610636465	0.1	0	771.0475370963935	19.75108175243017	20.14904723153377	0.1	1	0.08637955327823947	2.1243352714000627	2.1671386031191155	0	1	NaN	NaN	NaN	NaN	9	302.520337788052	296.51030813405	97171.74034947243	1.1331882856984428	1016.5088711835821	0.025369378926018954	0.0910527376174809	0.014029294935239871	1919.76180535589	2862.7435438061457	0.012380374128729091	67.06020906097235	942.9817384502558	290.0158316435922	0.34039231366315004	-0.03786188864752576	0.17332963746932137	0.3838536349159207	2.1245203400876715e-14	-2.327333461340344e-14	0.3838536349159207	3.453832016561588	167.34692899763274	353.65307100236726	26.84326234206495	NaN	0.4169510720479251	0.4193881300009109	254.30993568920417	0.007876609282179274	-0.39422557775368694	-0.05081095516672261	0	17.818966344060616	-2.704096888723328	6.116674524990068	15.231384424574726	23.228822290086953	32.578753544775154	48.80890943624192	0.19410350358598333	1.014936547272773	-20.403690915185443	1.0219677794402335	56.184851106255344	1.1017718466421427	-14.411836505662608	1.1017718466421427	1.2753410282340694	1.1017718466421427	0.03929392279193938	1.3912598690381037	NaN	NaN	800000009	800000009	800000009	800000019	800000019	800001019	899999999	899999999	89999	89999	89	89	16	7	0	2	0	1	6	NaN	0	18000	0	0	0	0	0	0	0	NaN	NaN	NaN	NaN	0	0	0	0	0	0	301	0	18000	18000	0	16	18000	18000	18000	18000	87	NaN	0.20355806262886628	0.45108992123769376	0.1841282761352618	0.10614793477823503	4.237829473407976	0.07842699622800994	7.907716741197179e-7	NaN	-0.0177131371990512	-0.3729882386243775	0.03300670275988241	0.00003929392279193938	NaN	17.812644330413676	771.0983058256112	85.72359557978312	85.57418346129523	85.87300613191393	-0.29882256931976947	0.00028456578825070106	31.991467185815182	179
DATA	2026-08-01T100000_AIU-1657.ghg	2026-08-01	10:30:00	213.437	1	18000	18000	0.16559334691257255	1	NaN	-0.29220655078993396	2	NaN	84.790040133133	0	NaN	1.3415690508913585	2	NaN	1.9258680021506807	0	NaN	0.21409000368746584	1	NaN	NaN	NaN	NaN	NaN	NaN	NaN	NaN	NaN	NaN	2.143767194110416e-11	9.338763668348024e-13	1.0552094300422331e-13	NaN	17.561572458784422	451.1939793121424	460.24003919237634	0.1	1	765.0241840052627	19.655091060977313	20.049159108959945	0.1	1	0.08644192762996836	2.1320740001029077	2.1748202909630474	0.3	0	NaN	NaN	NaN	NaN	9	302.9595454415215	297.1622914936935	97154.80558423721	1.1305463228179768	1016.4693091100146	0.025429594312104814	0.1247962465393641	0.01392805337908063	1910.0987771473383	2977.3135215593293	0.01231975470440154	64.15511041467171	1067.214744411991	289.93631406865995	0.42117550114368246	0.017016001456410374	0.11361478595673416	0.4365623284906515	-2.4602645300649445e-14	1.2207148301450013e-15	0.4365623284906515	2.9395500039816693	158.6864391924355	2.3135608075644365	15.084820649063056	NaN	0.3827165659498318	0.32382816548668336	16422.92524357376	0.00012196974474957234	-0.0034462367317095984	-0.0006644006592851977	0	18.052524376621747	-2.7395402212371365	6.196847439641183	15.431026317976228	23.533288774170813	33.005772117810835	49.44866107162131	0.16221527244105402	1.0208246388930244	4.722461201621317	1.0251417889469219	77.43806311615393	1.0949400943299863	1.2252442465469209	1.0949400943299863	1.7588797890620254	1.0949400943299863	0.1630054165445852	1.3172280370409994	NaN	NaN	800000009	800000009	800000009	800000019	800000019	800000019	899999999	899999999	89999	89999	89	89	14	13	0	8	4	0	0	NaN	0	18000	0	0	0	0	0	0	0	NaN	NaN	NaN	NaN	0	9	0	0	0	0	301	0	5	18000	0	16	18000	18000	18000	18000	87	NaN	0.2720054126552928	0.2254867765018535	0.15016414181622043	0.10284519918822264	4.624188026884447	0.09069895217528172	0.0000022543268461739085	NaN	0.00410946954781091	0.031782316003052195	0.04562459560605685	0.0001630054165445852	NaN	17.562868765708025	765.074220225098	85.72010585276286	85.59399924468994	85.84621098412408	-0.2522116605676737	0.00028597393767429625	31.748324351469655	044
DATA	2026-08-01T103000_AIU-1657.ghg	2026-08-01	11:00:00	213.458	1	18000	18000	0.22812372571086148	0	NaN	24.093004791995295	0	NaN	113.12899463849651	0	NaN	5.527673992826854	1	NaN	2.5709100829489135	0	NaN	0.09428217583478013	1	NaN	NaN	NaN	NaN	NaN	NaN	NaN	NaN	NaN	NaN	2.605558132894995e-10	1.1445610928047053e-11	1.2925157140391056e-12	NaN	17.207999656286933	443.49959966949217	452.31148959652796	0.2	0	755.9074058999897	19.48190600883516	19.868991840359357	0.5	0	0.08536217128350186	2.1105250753958025	2.152459080897715	0	1	NaN	NaN	NaN	NaN	9	303.3573346684774	297.71114869702103	97148.56186944708	1.1284639854148577	1016.3841671778412	0.025478200012814256	0.16659497337508958	0.013778993497096366	1893.1468316511614	3076.8437144665036	0.012210397208228837	61.52885903011865	1183.6968828153422	289.79595855921076	0.6659296118433422	0.2705966486081521	0.1037436821245953	0.7262558404230102	1.994074228579063e-14	1.514155151637893e-14	0.7262558404230102	4.298217554111289	138.88591814368897	22.114081856311003	8.212640601709015	NaN	0.44961560524180005	0.5421431489546374	-322.9343086975689	-0.006202809506610592	0.21296931762705437	0.04672012502334901	0	19.17113655983949	-2.9092939356738516	6.580830803901373	16.387199187693856	24.99151273137314	35.050951951790424	52.51271314348294	0.22466887868621502	1.0153775059761245	30.425939903106922	1.022117042226774	103.49914135749174	1.0930428325752264	5.057143076272286	1.0930428325752264	2.3520670977657923	1.0930428325752264	0.061750953845692534	1.309461196629758	NaN	NaN	800000009	800000009	800000009	800000019	800000019	800000019	899999999	899999999	89999	89999	89	89	5	2	0	5	1	1	0	NaN	0	18000	0	0	0	0	0	0	0	NaN	NaN	NaN	NaN	0	0	0	0	0	0	301	151	0	18000	0	21	18000	18000	18000	18000	87	NaN	0.6686048554190517	0.23735338982794515	0.1783280526622781	0.13475992997370398	14.209211019993129	0.10549008556802517	8.482907899978441e-7	NaN	0.02652762738572124	0.13140766120729971	0.06111743956191807	0.00006175095384569253	NaN	17.209354356021496	755.9587829233701	85.70986548995971	85.61325831985474	85.80647673310173	-0.19322072480122307	0.00028653854230328255	31.963594516330303	017
DATA	2026-08-01T110000_AIU-1657.ghg	2026-08-01	11:30:00	213.479	1	18000	18000	0.05124013065202867	0	NaN	-14.850950796922723	2	NaN	31.719437142240725	0	NaN	1.898364643253036	1	NaN	0.7214701848673836	0	NaN	0.09051553459941813	1	NaN	NaN	NaN	NaN	NaN	NaN	NaN	NaN	NaN	NaN	1.6383437521811976e-10	7.428091535223156e-12	8.237047304777227e-13	NaN	16.9465529390041	438.3397314501872	447.2278929411076	0.1	1	768.3402599108841	19.87389791917744	20.276878533267155	0.1	1	0.08520163001546333	2.115505735279674	2.1584015881103698	1.2	0	NaN	NaN	NaN	NaN	9	303.61931542460127	298.6121868669508	97137.4904418959	1.1247627414628019	1016.6272571353666	0.02555822381572506	0.04675126797940645	0.014012227501480026	1931.0184055089644	3246.5391147100795	0.012457940670453332	59.479289707600124	1315.520709201115	290.10802102086814	0.2977086408165481	-0.3252904779530509	0.11862919914953236	0.45663685435435825	-2.32797015066986e-14	9.667710938490587e-15	0.45663685435435825	2.786007252922157	208.53498200851993	312.46501799148007	15.057538287166937	NaN	0.21343943048107208	0.3637021998387936	56.04726034738305	0.03573948106624142	-0.4681971729298353	-0.06084948888496894	0	12.47995785558138	-1.8938817525700284	4.283965680962657	10.667680270029281	16.268885501975355	22.817343238413343	34.18453803546369	0.05052101834170402	1.0142339235021127	-12.751066006399036	1.0234791813872344	28.520584002779817	1.1121594543488005	1.7069176868748377	1.1121594543488005	0.648711101673657	1.1121594543488005	0.06699431288733744	1.4326790038460606	NaN	NaN	800000009	800000009	800000009	800000019	800000019	800000019	899999999	899999999	89999	89999	89	89	28	2	1	9	8	9	6	NaN	0	18000	0	0	0	0	0	0	0	NaN	NaN	NaN	NaN	0	5	0	0	0	0	301	0	0	18000	0	16	18000	18000	18000	18000	87	NaN	0.1915050089033809	0.41836280356764777	0.11753658720655856	0.28820486716118104	1.2412477663161574	0.08865905952514304	0.0000014805763981023798	NaN	-0.011151256942157718	0.044510621100703744	0.016916184226365403	0.00006699431288733743	NaN	16.9478426214867	768.3871136880516	85.64321652136908	85.58977687856887	85.69665901883442	-0.10688385699006228	0.0002874299920998358	32.81280908790636	163
DATA	2026-08-01T113000_AIU-1657.ghg	2026-08-01	12:00:00	213.499	1	18000	18000	0.631645981142427	0	NaN	9.978024280065148	1	NaN	88.41592483129318	1	NaN	13.051178729125446	1	NaN	2.012573890578895	1	NaN	0.19072364909254308	0	NaN	NaN	NaN	NaN	NaN	NaN	NaN	NaN	NaN	NaN	9.4851409236407e-11	4.570795345859997e-12	4.838931022312065e-13	NaN	16.477426753191576	427.5492657274519	436.5434468050295	0.2	0	794.0308543811153	20.60317510984114	21.036595776335933	0.4	0	0.08406109316221878	2.095202090132102	2.1392780095719446	-0.1	0	NaN	NaN	NaN	NaN	9	304.6096191914877	299.390385393977	97115.38556473606	1.1212722514815094	1017.0586005872473	0.025630662429963754	0.13041478810951238	0.014485354128287161	2001.4220109491735	3399.6098813557073	0.012918677073429774	58.87210829470351	1398.1878704065339	290.67414001146557	1.0690438825961863	0.06967975093927663	0.10695761355988609	1.0766382965998536	3.301048030123224e-14	5.756445509189404e-15	1.0766382965998536	8.051066879841118	157.27076454592873	3.729235454071268	5.701399478390666	NaN	0.7505529414527741	1.8976581420850898	-3627.2467064957805	-0.0005522370442608133	0.11285324786348455	0.011657520121333876	0	19.435809462359106	-2.9494590697457967	6.671684446533486	16.613437603952384	25.336540590953728	35.53485843068902	53.237693228178664	0.6235642179521979	1.0129605948474238	15.099382481432839	1.0214984489893897	80.72746026809882	1.0952397677030925	11.916275425696082	1.0952397677030925	1.8375646592888153	1.0952397677030925	0.14278392634425954	1.3061280968988227	NaN	NaN	800000009	800000009	800000009	800000019	800000019	800000019	899999999	899999999	89999	89999	89	89	13	5	1	6	1	3	0	NaN	0	18000	0	0	0	0	0	0	0	NaN	NaN	NaN	NaN	0	6	0	0	0	0	301	0	0	18000	0	16	18000	18000	18000	18000	87	NaN	2.0014158940573252	1.3137109038299841	0.48018948628287034	0.3109151193251668	29.47803559606929	0.12957718208667635	5.326360390044442e-7	NaN	0.013240431383847933	0.311848832419272	0.04808905241132932	0.00014278392634425955	NaN	16.478665486131245	794.0776119736664	85.57545570670234	85.55019730122885	85.60070453643797	-0.05050752394884369	0.0002884479704726902	30.920053405839013	162
DATA	2026-08-01T120000_AIU-1657.ghg	2026-08-01	12:30:00	213.52	1	18000	18000	0.953813292647145	0	NaN	119.1499276143854	0	NaN	194.89255797316915	0	NaN	-1.5011229656534242	1	NaN	4.43748143619818	0	NaN	0.16451509669354228	0	NaN	NaN	NaN	NaN	NaN	NaN	NaN	NaN	NaN	NaN	-8.171053800238534e-11	-4.244207388899334e-12	-4.1503727435911724e-13	NaN	16.4171424299765	426.4198599403336	436.0786056115872	0.1	1	852.738935630126	22.149093184031535	22.650787589032728	0.5	0	0.08338858381649564	2.082466738902683	2.129636250666793	-0.3	0	NaN	NaN	NaN	NaN	9	305.3368725263807	299.67446708010414	97103.46882864638	1.1194119770149167	1017.9420023283776	0.02565813095411246	0.287548797065642	0.015555562746508423	2151.3306965121615	3457.0350452804555	0.013896191094890473	62.23051454017391	1305.704348768294	291.8235821393414	1.3232737416135694	0.619811816131196	0.27814155463454754	1.4874753130974474	2.806916646918779e-14	-4.97714741471621e-15	1.4874753130974474	8.568704580481386	135.901949360093	25.098050639907015	10.777118881192669	NaN	0.923074408495565	1.9648259027913344	-565.167361961258	-0.003544259868526009	0.6113621210245943	0.11327761283533969	0	18.655739102309937	-2.8310803830776248	6.403911534969342	15.946645192837826	24.31964009193089	34.1086410218382	51.100959658881166	0.9424824889251262	1.0120222962815375	128.9866527368681	1.0222835819154255	177.12360247107185	1.100319524073588	-1.36426095585034	1.100319524073588	4.0329025697642775	1.100319524073588	0.08832425781382791	1.3051675397248377	NaN	NaN	800000009	800000009	800000009	800000019	800000019	800000019	899999999	899999999	89999	89999	89	89	11	11	2	14	11	0	2	NaN	0	18000	0	0	0	0	0	0	0	NaN	NaN	NaN	NaN	0	17	0	0	0	0	301	151	0	18000	0	21	18000	18000	18000	18000	87	NaN	2.1132381150015247	1.0117788402186962	0.8046348503624479	0.1646067012154143	3.119385738888904	0.20637624567272037	1.4679708442094552e-7	NaN	0.11319618463990641	-0.03579748067821823	0.10582121492166384	0.00008832425781382791	NaN	16.418245500680825	852.783037243007	85.49907574293348	85.47410568025376	85.52404895867241	-0.049942554909631495	0.000288531095433023	30.91244898995194	009
DATA	2026-08-01T123000_AIU-1657.ghg	2026-08-01	13:00:00	213.541	1	18000	18000	0.5366074978332879	0	NaN	84.31461417987423	0	NaN	155.91761387014577	0	NaN	-1.912142779202783	2	NaN	3.5518320431996284	0	NaN	0.10541610680423034	0	NaN	NaN	NaN	NaN	NaN	NaN	NaN	NaN	NaN	NaN	-8.365014782402044e-11	-4.544709715449257e-12	-4.255647055321592e-13	NaN	16.47661083089746	428.9363954994888	439.17087751484235	0.1	1	895.1737118072813	23.304099928637992	23.8601389920192	0.5	0	0.08382368972222402	2.099213139702609	2.149300656989786	-0.2	0	NaN	NaN	NaN	NaN	9	305.78791943105057	300.1856917796132	97077.82110262233	1.1167183685418198	1018.6109829385813	0.02570869239862129	0.2301587163993359	0.016334548696524374	2262.9180848725773	3562.5070408947627	0.01462727681094167	63.52038210440198	1299.5889560221854	292.6344302721583	0.9725304530335607	0.8400909339559233	0.34048154471594155	1.329472053743412	-9.301774618831323e-14	-5.076902567071442e-15	1.329472053743412	6.466356740452412	120.17890096914817	40.82109903085185	14.83894235585913	NaN	0.693196782784148	1.4331086612925956	-338.2513749751915	-0.00592192714707195	0.5407638822006006	0.10692870429267555	0	17.068683343978957	-2.590238548850597	5.859126650185182	14.590053800743334	22.25075262321319	31.206996930136153	46.75376806072976	0.5301179328733584	1.0122417382199365	92.45900529198194	1.021862104454351	141.9810530687288	1.098157891494654	-1.741227553899604	1.098157891494654	3.234354613948444	1.098157891494654	0.05256390088118451	1.305298802661905	NaN	NaN	800000009	800000009	800000009	800000019	800000019	800000019	899999999	899999999	89999	89999	89	89	3	8	0	9	4	4	0	NaN	0	18000	0	0	0	0	0	0	0	NaN	NaN	NaN	NaN	0	0	0	0	0	0	301	0	0	18000	0	16	18000	18000	18000	18000	87	NaN	1.3229978207521265	0.9764981316083744	0.5667213702246902	0.2858759348994385	0.8511957516960498	0.13072474006904414	1.6464777259566703e-7	NaN	0.08128252803746341	-0.04583306849350879	0.08513556784775211	0.00005256390088118451	NaN	16.477780887475117	895.2284178534276	85.4255229089525	85.4278799156613	85.42316396416558	0.004715676006635777	0.0002889977985210458	32.30504685463465	160
DATA	2026-08-01T130000_AIU-1657.ghg	2026-08-01	13:30:00	213.562	1	18000	18000	0.9277586678258583	0	NaN	59.55220536698127	0	NaN	168.30242564077525	0	NaN	-1.232552082959984	1	NaN	3.8361146853453816	0	NaN	0.29625888165476194	0	NaN	NaN	NaN	NaN	NaN	NaN	NaN	NaN	NaN	NaN	-8.40344585219893e-11	-4.791229862109476e-12	-4.32152080250868e-13	NaN	16.30094958750422	425.0451543805069	435.60151086478004	0.1	1	929.3996512627558	24.23397582647515	24.835847145837405	0.5	0	0.0838285793495194	2.105697830973757	2.1579946204391427	-0.2	0	NaN	NaN	NaN	NaN	9	306.7694950688681	300.76294022585296	97032.94923199675	1.1136646863529973	1019.154389658174	0.02577004105130491	0.2485802316103807	0.016945888871731516	2352.1249094718687	3684.9598548375957	0.01521632954639651	63.83040798623658	1332.834945365727	293.257816906978	1.3805711892419688	0.38500231862197615	0.2355285829861663	1.452472824982508	-3.9454200619876486e-14	-5.1551879276043766e-15	1.452472824982508	8.839190783639665	145.41771483363368	15.582285166366326	9.332116332019893	NaN	0.912725713935797	2.1125746097129237	-1093.024745395829	-0.0018326209067431453	0.35384044609130894	0.05748613826768494	0	18.84816080089924	-2.8602811182062164	6.469963677337792	16.111124366671625	24.570481210039713	34.46044925661258	51.6280325024271	0.9167039615668404	1.0120591889230226	68.81583755908802	1.022180021947908	153.02686993063662	1.0998227024905012	-1.1206825247095944	1.0998227024905012	3.4879391711579193	1.0998227024905012	0.20820349894885112	1.3051760438403817	NaN	NaN	800000009	800000009	800000009	800000019	800000019	800000019	899999999	899999999	89999	89999	89	89	29	16	1	11	5	1	5	NaN	0	18000	0	0	0	0	0	0	0	NaN	NaN	NaN	NaN	0	6	0	0	0	0	301	0	0	18000	0	16	18000	18000	18000	18000	87	NaN	2.315037984889594	1.1433419760929522	0.7667692584433012	0.21179766279380383	1.396021366415198	0.1279162571358711	6.078520553226852e-7	NaN	0.060630894009133664	-0.029597491970911514	0.09211730292673713	0.00020820349894885113	NaN	16.302105010194936	929.4553877457173	85.3758411471049	85.38856945504082	85.36310932710435	0.02545753584712122	0.000289510904096662	32.130338111266255	154
DATA	2026-08-01T133000_AIU-1657.ghg	2026-08-01	14:00:00	213.583	1	18000	18000	1.4519984346615464	0	NaN	144.9456656013637	0	NaN	228.22569763106745	0	NaN	-3.250780068101153	1	NaN	5.204265434612692	0	NaN	0.30635027667525017	0	NaN	NaN	NaN	NaN	NaN	NaN	NaN	NaN	NaN	NaN	-2.8749399817594406e-10	-1.689746947253858e-11	-1.467353805388156e-12	NaN	16.151413965929457	421.9664878927706	432.6978686697397	-0.1	0	949.2999024647554	24.80109460663873	25.4318318749905	0.5	0	0.08243594264810315	2.0755755119111514	2.1283611993739227	-0.2	0	NaN	NaN	NaN	NaN	9	307.39793108622234	301.22099573226853	96977.84759735734	1.1110992037437046	1019.4885997427484	0.02582395279503321	0.3372364001629024	0.01730624804096511	2405.801930853934	3784.7200024859253	0.015575790156859039	63.56618004168674	1378.918071631991	293.62300399201837	1.7849467477479282	1.455330174091292	0.8362299396926064	2.4501635292271553	-1.250754179554849e-13	-1.7799927534666456e-14	2.4501635292271553	11.069035771107558	121.80842255067893	39.19157744932106	19.95582639705756	NaN	1.143159042226116	3.9026114059872397	-882.0515630946612	-0.0022709556717661282	0.6350979188841038	0.11193434620099003	0	16.48693196311844	-2.5019555323938216	5.659430226583518	14.092781470220793	21.492380943167568	30.143369865836505	45.16026090018146	1.4340208788789381	1.0125364672491117	155.86609315588737	1.0265162988613268	204.43589524675818	1.1163680299665306	-2.911925082805008	1.1163680299665306	4.6617829379875015	1.1163680299665306	0.19089765939886685	1.3079786451248772	NaN	NaN	800000009	800000019	800000009	800000019	800000019	800000019	899999999	899999999	89999	89999	89	89	19	11	3	24	4	0	1	NaN	0	18000	0	0	0	0	0	0	0	NaN	NaN	NaN	NaN	0	122	0	0	0	0	301	151	0	18000	0	16	18000	18000	18000	18000	87	NaN	3.770715634261631	2.353690827991159	1.6808163497216901	0.08701382779940016	0.34941736404490054	0.06307193009508898	5.756085269722551e-7	NaN	0.13759936816873217	-0.0771103499520528	0.12344813260183608	0.00019089765939886685	NaN	16.15252498271922	949.3602816069518	85.33684561411539	85.35629380883111	85.31739665561253	0.03889801358090172	0.0002906355521505854	28.83181907330522	190
DATA	2026-08-01T140000_AIU-1657.ghg	2026-08-01	14:30:00	213.604	1	18000	17999	1.7105078450343612	0	NaN	122.51451684765019	0	NaN	250.82304220480847	0	NaN	-1.1668925386229607	1	NaN	5.721574109699501	0	NaN	0.4575583825857076	0	NaN	NaN	NaN	NaN	NaN	NaN	NaN	NaN	NaN	NaN	9.895598120100678e-11	5.9581376039809785e-12	5.048659879358459e-13	NaN	16.075221099139423	420.66700175399995	431.5986849848428	0	0	967.8887335626417	25.328351570919892	25.98654799464279	0.1	1	0.0820145713579323	2.0688317548287625	2.122593550518461	-0.2	0	NaN	NaN	NaN	NaN	9	307.5925051667955	301.5831573622365	96955.89458616699	1.1092904015155889	1019.798203829624	0.025860855402466344	0.3707580023085277	0.01764894842127414	2456.391709328629	3865.2514532307496	0.015910124523894675	63.55063154495336	1408.8597439021205	293.960711103403	1.7536684818663018	0.6298861929520382	0.3924634847432918	1.9039416564621112	-1.8536282035883614e-13	6.155808407904531e-15	1.9039416564621112	11.373649531202291	141.24262403810303	19.75740382118883	11.8957789114997	NaN	1.2417664091067504	4.269175632948971	-1337.4749670827537	-0.0014976728905581542	0.4884500075061345	0.08721438972628567	0	18.044353093262384	-2.73830019746234	6.194042502486265	15.424041627860909	23.522636681037486	32.99083240573276	49.42627866055637	1.6902970432962738	1.011956952665949	135.663832343873	1.023849970945571	226.6176418631905	1.10681163276878	-1.054282864468892	1.10681163276878	5.16941992684565	1.10681163276878	0.3145213865354452	1.3057751551389902	NaN	NaN	800000009	800000019	800000009	800100019	800100019	800100019	899999999	899999999	89999	89999	89	89	12	11	2	15	9	0	2	NaN	0	18000	0	0	0	0	0	0	0	NaN	NaN	NaN	NaN	0	212	0	0	0	0	301	0	0	18000	0	21	18000	18000	18000	18000	87	NaN	4.518475479950064	2.437232318034071	1.5826434679138077	0.07820943129270926	0.15994218931960036	0.07831850769629387	6.938432893559556e-7	NaN	0.1199235796200868	-0.02797336601311858	0.1371606051493677	0.0003145213865354452	NaN	16.076333646171854	967.9559569362806	85.31041456625196	85.34367595566644	85.27715692732069	0.06651828502946404	0.0002907601415936369	28.615615658626833	028
DATA	2026-08-01T143000_AIU-1657.ghg	2026-08-01	15:00:00	213.624	1	18000	18000	1.2203816487215	0	NaN	34.43796007334229	0	NaN	347.69936132521934	1	NaN	0.29620785336974575	2	NaN	7.933104514293012	1	NaN	0.3540619225841773	0	NaN	NaN	NaN	NaN	NaN	NaN	NaN	NaN	NaN	NaN	8.638995202714776e-10	5.0491667153745144e-11	4.3718060992421215e-12	NaN	16.103767672251823	421.6170744534524	432.269016028709	0.1	1	941.2044550887867	24.641927087712435	25.264492879148438	0.5	0	0.08149390997254502	2.057126896588912	2.109099164419287	-0.1	0	NaN	NaN	NaN	NaN	9	307.8011677161323	301.7986582634679	96946.66595018697	1.108683269320194	1019.4113356287293	0.025881798205332027	0.5140651725261871	0.01715674970517866	2389.5934850069093	3913.875195267151	0.015474888257038985	61.054411952034705	1524.2817102602417	293.51348989262425	2.1744147920350922	0.3107959178994421	0.01772603642515707	2.1965855327692902	2.1943694958851358e-14	5.364580127171424e-14	2.1965855327692902	10.283399776074694	152.86563087488707	8.134369125112915	0.462371295398371	NaN	1.049165708140591	3.846588334366478	-2869.2463210987894	-0.0006981275832856708	0.0990452209693042	0.02904265919196582	0	19.07850612375936	-2.8952369096281827	6.549033772711688	16.308020084141493	24.870759602554546	34.88159397167361	52.25898402820339	1.2056728870289282	1.0121996288137638	54.59719758148137	1.025215383795313	312.7255422572941	1.1118355053938982	0.26641337853732777	1.1118355053938982	7.135142272221728	1.1118355053938982	0.25057041811630815	1.3067992493069425	NaN	NaN	800000009	800000019	800000009	800000019	800000019	800000019	899999999	899999999	89999	89999	89	89	7	21	2	15	28	0	2	NaN	0	18000	0	0	0	0	0	0	0	NaN	NaN	NaN	NaN	0	172	0	0	0	0	301	0	0	18000	0	21	18000	18000	18000	18000	87	NaN	4.778636329495671	1.931698068669236	0.9828422705680492	0.057352127385461686	0.27829179739161847	0.3862460749166711	8.244929871965849e-7	NaN	0.048307370579120205	0.00706951039111948	0.18933719737546825	0.00025057041811630816	NaN	16.104875689513467	941.2586543136972	85.34297791926066	85.37776560465495	85.30819218148125	0.0695727412398491	0.000290987045420075	29.402163071049635	214
DATA	2026-08-01T150000_AIU-1657.ghg	2026-08-01	15:30:00	213.645	1	18000	17997	1.6197325121829111	0	NaN	218.77204778586648	0	NaN	291.1398213003407	0	NaN	-0.21959144595336139	2	NaN	6.64665591864998	0	NaN	0.32313262621891065	0	NaN	NaN	NaN	NaN	NaN	NaN	NaN	NaN	NaN	NaN	-6.957664287396631e-10	-4.0954312875238345e-11	-3.4977872055479377e-12	NaN	16.0795914187514	422.39152479560624	433.16115706854055	0.1	1	946.4794371617286	24.862876315639213	25.496800103045818	0.5	0	0.08083602026735849	2.046481871835933	2.098660611036641	-0.2	0	NaN	NaN	NaN	NaN	9	308.18063297271726	302.4183065120184	96907.69512823227	1.1058735750561484	1019.5522532009506	0.025945367878308194	0.4307033035285187	0.017268170603156517	2410.0503351344687	4056.6646802535442	0.015614959062820325	59.40965115666989	1646.6143451190756	293.65160186188615	1.819564535205861	1.2809394161082226	0.7149550682634708	2.3366352491939213	-1.6323659320905493e-13	-4.3270155977240024e-14	2.3366352491939213	11.543793962527351	125.85517069444603	35.15853785994302	17.8169116411639	NaN	1.2102327732428027	3.756455639719925	-693.0851844452703	-0.0028901209331191166	0.751432925969205	0.1603274750432739	0	17.228064586496778	-2.614425267299445	5.91383707317192	14.726290489672513	22.458522169848745	31.498396673498867	47.190337976272644	1.5999359002218119	1.0123733781824351	232.31826360625664	1.025922505931995	261.2710053463747	1.1143212042008568	-0.19706296992781622	1.1143212042008568	5.9647576422246	1.1143212042008568	0.18273243530652286	1.3074204095901503	NaN	NaN	800000009	800000019	800000009	800100019	800100019	800100019	899999999	899999999	89999	89999	89	89	12	12	0	25	20	0	5	NaN	0	18000	0	0	0	0	0	0	0	NaN	NaN	NaN	NaN	0	424	0	0	0	0	301	151	0	18000	0	16	18000	18000	18000	18000	87	NaN	3.530167536474907	2.2950130155939026	1.6877307273710402	0.12368109220617687	0.24673321985678853	0.15031072283492805	4.693558621249176e-7	NaN	0.20604799059090695	-0.005243268966192339	0.15870474624324774	0.00018273243530652285	NaN	16.080674641370386	946.5455721071594	85.30606894154019	85.36749063491821	85.24464562182956	0.12284396081583697	0.00029212831204252626	28.68969141093902	021
DATA	2026-08-01T153000_AIU-1657.ghg	2026-08-01	16:00:00	213.666	1	18000	18000	1.0828698927028448	0	NaN	32.48068830196367	1	NaN	251.21258389107467	0	NaN	-0.7657334632125672	2	NaN	5.730630414053354	0	NaN	0.3553283307454177	0	NaN	NaN	NaN	NaN	NaN	NaN	NaN	NaN	NaN	NaN	-7.499364238458315e-10	-4.2717786078051105e-11	-3.776167134060757e-12	NaN	16.193399608005816	423.660504674695	434.1373224865099	0.1	1	922.4064311795516	24.132497413051727	24.729276617039062	0.5	0	0.08153888975665306	2.056212051510962	2.1070606881160656	-0.2	0	NaN	NaN	NaN	NaN	9	307.93769025675454	301.6136780966641	96891.87821523339	1.10895187425005	1019.1162826675715	0.025880560537027725	0.3713448508306573	0.016802866777633294	2338.8702093073566	3872.1057688256064	0.015152025230126922	60.4030558291471	1533.2355595182498	293.1665163421709	1.9706580336245012	0.24357378545398248	0.08724781389252127	1.9875697360038074	-1.1809378413434818e-14	-4.631124050536444e-14	1.9875697360038074	10.756271085357085	153.95396428247	7.046035717529978	2.51590585069539	NaN	0.988170284351047	3.4613655787670625	-2540.543088849776	-0.0007884534644546801	0.12929562603459083	0.029084191411888404	0	18.36321380269821	-2.7866885402917165	6.303497065717789	15.696598966459199	23.9383038197346	33.57381147798879	50.29968754349175	1.0700218642556565	1.0120072578667594	46.9894300164698	1.024222442156749	226.68108915163444	1.1082202967669275	-0.6909578045506691	1.1082202967669275	5.171020988129923	1.1082202967669275	0.25760442239758047	1.3060256161888848	NaN	NaN	800000009	800000019	800000009	800000019	800001019	800001019	899999999	899999999	89999	89999	89	89	12	15	2	36	18	1	3	NaN	0	18000	0	0	0	0	0	0	0	NaN	NaN	NaN	NaN	0	218	0	0	0	0	301	0	0	18000	0	16	18000	18000	18000	18000	87	NaN	3.9398086076153285	2.023635858370484	0.9592866915483127	0.02566697859777432	0.2010191601029293	0.09365990079734277	6.042361271046299e-7	NaN	0.041578013633596526	-0.018324715048855897	0.1371393238415695	0.0002576044223975805	NaN	16.194532870266112	922.4629951665729	85.36977614148458	85.39746501774258	85.34208691957261	0.0553772067157587	0.00029115822178492747	30.242598028942375	007
DATA	2026-08-01T160000_AIU-1657.ghg	2026-08-01	16:30:00	213.687	1	18000	18000	1.3011799756079134	0	NaN	28.855217511283694	0	NaN	502.1504196766718	1	NaN	7.416850887427139	1	NaN	11.454023244869271	1	NaN	0.3491883176398697	1	NaN	NaN	NaN	NaN	NaN	NaN	NaN	NaN	NaN	NaN	1.14998881787392e-9	6.96337032622072e-11	5.8187631637560765e-12	NaN	16.16783514913301	423.13711710555634	434.26366630014616	0.1	1	978.9888542120087	25.62164430974885	26.295375056436303	0.1	1	0.08180671163166915	2.063455569525433	2.1177149076383968	-0.2	0	NaN	NaN	NaN	NaN	9	307.73023341623946	301.5267464481536	96872.0730926965	1.1084146068935754	1019.9643069751141	0.025878390850282644	0.7422207062675287	0.01784121899400739	2482.68757640264	3852.610536954523	0.01609616012189599	64.44169615870898	1369.922960551883	294.1338470971067	1.6119284341797215	0.4660975190284788	0.3606607599256079	1.71628562830072	-1.782557565498813e-13	7.112818798969431e-14	1.71628562830072	9.52112050487344	144.87249860782032	16.12750139217967	12.130573730398917	NaN	1.0834716831287836	3.2412232412470594	-3769.9512815137914	-0.0005313331261924617	0.0574632946236771	0.023556977789973822	0	17.89587049427558	-2.7157673902165596	6.1430732311441245	15.297120935500894	23.329074616973973	32.71935885868882	49.019561818127386	1.2858622622025577	1.0119124060605977	58.61919021503305	1.023077215995979	454.9411631589401	1.103770026413808	6.719561783648699	1.103770026413808	10.377182719922049	1.103770026413808	0.24024399840382302	1.3053570148687497	NaN	NaN	800000009	800000019	800000009	800000019	800000019	800010019	899999999	899999999	89999	89999	89	89	14	23	0	26	26	0	0	NaN	0	18000	0	0	0	0	0	0	0	NaN	NaN	NaN	NaN	0	259	0	0	0	0	301	0	0	18000	0	16	18000	18000	18000	18000	87	NaN	3.3559066986833255	1.8965269962426974	1.2300127875680962	0.05040454504550325	0.7029255973199738	0.9789248725709272	8.58870001203818e-7	NaN	0.05185045838552404	0.17846524577304806	0.2756082203231271	0.000240243998403823	NaN	16.168993280442344	979.0224678111149	85.29530064328509	85.32152789900039	85.2690744188097	0.05245303205028249	0.0002907513073652	30.20334559948184	003
DATA	2026-08-01T163000_AIU-1657.ghg	2026-08-01	17:00:00	213.708	1	18000	18000	1.1400351342737642	0	NaN	53.529813448528515	0	NaN	188.409636515562	0	NaN	-0.11732604583838298	0	NaN	4.29526266843271	0	NaN	0.3658170982780105	0	NaN	NaN	NaN	NaN	NaN	NaN	NaN	NaN	NaN	NaN	-2.961490771281544e-10	-1.819551368522764e-11	-1.4907911538725393e-12	NaN	16.248172512647475	424.3174484678268	435.6756109465188	0.1	1	998.2939949729472	26.070227924891363	26.768077814629994	0.1	1	0.08179202205640439	2.0582569405313214	2.113352522477966	-0.2	0	NaN	NaN	NaN	NaN	9	307.4726377402411	300.96494872179994	96865.33440183938	1.1102161934232666	1020.2084193385795	0.025831971769103085	0.2783330209144396	0.01818620426868368	2525.978731230292	3728.6695473247128	0.016380777344462895	67.74477328093232	1202.6908160944208	294.415415132256	1.366233471058224	0.4390220284656234	0.23922115018098097	1.4548405402695521	3.368910082246353e-14	-1.8226608370734236e-14	1.4548405402695521	8.67844223081635	143.18584133945512	17.814158660544905	9.464192298355426	NaN	1.0133403571564799	2.5031847521748674	-1662.5918464808271	-0.001204805619755636	0.2841139892762711	0.04663843081988258	0	19.274327783653135	-2.9249536020018616	6.616253011773371	16.4754054937612	25.12603291360934	35.23961842007459	52.79536989250441	1.1264540372070202	1.0120565035218105	64.16228439932102	1.0221868599327677	171.30375448419753	1.099857017628545	-0.10667390756969061	1.099857017628545	3.905291869386745	1.099857017628545	0.2640232761062238	1.3051749749792494	NaN	NaN	800000009	800000019	800000009	800000019	800000019	800000019	899999999	899999999	89999	89999	89	89	33	24	2	36	32	0	1	NaN	0	18000	0	0	0	0	0	0	0	NaN	NaN	NaN	NaN	0	237	0	0	0	0	301	151	0	18000	0	16	18000	18000	18000	18000	87	NaN	2.9317594530993043	1.180853694541956	0.8937563567084742	0.04058040148819168	0.07345749566275868	0.053118206188514226	8.619138460492798e-7	NaN	0.05664784030869173	-0.0028293797292987966	0.1035825339483278	0.00026402327610622377	NaN	16.249305458901766	998.363287387765	85.2563045677609	85.26547036658391	85.24713898065355	0.018330910689762555	0.000290360369932993	31.50758285582286	177
DATA	2026-08-01T170000_AIU-1657.ghg	2026-08-01	17:30:00	213.729	1	18000	18000	0.9139227619564794	1	NaN	41.100458469260744	0	NaN	171.01619810728297	0	NaN	4.979680898161008	0	NaN	3.8964524588876994	0	NaN	0.20727733271109125	0	NaN	NaN	NaN	NaN	NaN	NaN	NaN	NaN	NaN	NaN	9.81768094685798e-11	5.971184464820575e-12	4.964434599663406e-13	NaN	16.28000107431072	424.2764428950213	435.51481547965756	0.1	1	990.1614243565078	25.804799711024195	26.488325649079066	0.1	1	0.08232188543642913	2.0657930517264815	2.1205124508042172	-0.2	0	NaN	NaN	NaN	NaN	9	307.152796793196	300.36293132055	96838.6052819023	1.112247163509222	1020.0429779677838	0.025787416121179366	0.2524901193359229	0.018032147795452515	2499.5711172846263	3599.7224167747677	0.016212356737831324	69.437885144604	1100.1512994901414	294.2441661902054	1.0677072538666157	0.3604686488436671	0.3594575844223003	1.1828550975319043	-4.6000837963217417e-14	6.030516154172705e-15	1.1828550975319043	10.049251972098341	142.3448032478439	18.655196752156094	17.69138334382763	NaN	0.9064713734016409	1.9409723706057593	-1549.5977712782785	-0.001292658028507374	0.24033079277950817	0.03996435384042081	0	18.0217695589613	-2.7348730590043178	6.186290305962827	15.404737562408199	23.493196763208765	32.94954250238154	49.36441886133074	0.9025587128367454	1.0125909250646052	50.88556321438032	1.021595128399398	155.98411053763317	1.0963693514540582	4.541973826208032	1.0963693514540582	3.55395967036112	1.0963693514540582	0.14345591752812553	1.3056717740244108	NaN	NaN	800000009	800000019	800000009	800000019	800000019	810000019	899999999	899999999	89999	89999	89	89	42	18	1	54	2	0	0	NaN	0	18000	0	0	0	0	0	0	0	NaN	NaN	NaN	NaN	0	122	0	0	0	0	301	0	0	18000	0	21	18000	18000	18000	18000	87	NaN	1.856264526639386	1.179678636579066	0.846001577993067	0.036157213924889436	0.835165390896376	0.10758550506103726	7.272916391800037e-7	NaN	0.04485127655281824	0.12022908883418132	0.09407569247876463	0.00014345591752812554	NaN	16.281136486739342	990.2222621071476	85.24872265752157	85.23196049880981	85.26548629464044	-0.03352598818539164	0.00028948546636578	33.16850927547208	017
DATA	2026-08-01T173000_AIU-1657.ghg	2026-08-01	18:00:00	213.749	1	18000	18000	0.4359317080366906	1	NaN	80.40984339269754	2	NaN	24.631024619298575	2	NaN	3.9569469121569423	1	NaN	0.5625269274422409	2	NaN	NaN	NaN	NaN	NaN	NaN	NaN	NaN	NaN	NaN	NaN	NaN	NaN	-1.981596363278996e-10	-1.2534031859451298e-11	NaN	NaN	16.35439689012814	423.0875497460875	434.7212181597845	0.1	0	1034.4514930567448	26.761215987900048	27.497071045174597	0.1	1	NaN	NaN	NaN	NaN	0	NaN	NaN	NaN	NaN	9	305.36935308329254	302.7943315886522	97025.77405903958	1.1052215452965857	1020.5161112708809	0.026166663715453845	0.036451744898257206	0.0184294461689334	2575.13497045861	4140.232006525022	0.016674888620622996	62.19784220788079	1565.0970360664123	294.7300521951028	0.8081675591512995	-0.35807461431990817	0.17896437477435415	0.9018760893400821	-1.941514984996165e-14	-1.2116597001966668e-14	0.9018760893400821	7.04759457327817	184.89668421518274	336.10331578481726	11.44549543267654	NaN	0.6280360280835753	1.518388613696653	-263.8510507670514	-0.00759178329658613	3.2645756575508385	0.11351557412014818	0	15.629268206930066	-2.3718017485042875	5.365022013043492	13.359663391130637	20.374329615583758	28.575286981698806	42.810986997629946	0.42996744288406463	1.013871434340749	80.87185377298324	1.0215810519314659	22.519104326760193	1.093783494311926	3.61766924874485	1.093783494311926	0.5142945842276707	1.093783494311926	NaN	1	NaN	NaN	800000009	800000019	800000009	800000019	800000009	810000109	899999999	899999999	89999	89999	89	89	20	24	0	32	4	0	1	NaN	0	18000	0	0	0	0	0	0	0	NaN	NaN	NaN	NaN	0	12935	0	0	0	0	301	0	0	18000	0	21	18000	18000	18000	18000	86	NaN	1.0404432883324113	1.4165327881348004	0.5798011509260943	1.1922296789211377	2.6364580134642477	0.6876875313519166	NaN	NaN	0.07170149159011793	0.09724324137771229	0.013824279931243884	NaN	NaN	16.355972730343154	1034.6339827886763	84.50015734354653	84.3167915234037	84.68352498499553	-0.36673508943987104	0.0002878713719320436	8.24409147561164	015
DATA	2026-08-01T180000_AIU-1657.ghg	2026-08-01	18:30:00	213.77	1	18000	18000	0.21144934443617747	1	NaN	-28.175289226586713	2	NaN	19.562839494840457	0	NaN	2.4781485580581006	1	NaN	0.4459048032342748	0	NaN	NaN	NaN	NaN	NaN	NaN	NaN	NaN	NaN	NaN	NaN	NaN	NaN	-3.4418887116736434e-10	-2.2381999250707475e-11	NaN	NaN	16.54554610692272	425.7939081071229	437.9192942139228	0.1	0	1075.9278744594226	27.688631825563423	28.477124439622894	0.1	1	NaN	NaN	NaN	NaN	0	NaN	NaN	NaN	NaN	9	303.43105803765195	300.7843509858087	97025.77405903958	1.1122256182354047	1020.9944369990494	0.0260005739814039	0.028894631249581006	0.019189928437827287	2663.5834684229926	3684.5019752796197	0.017253629230616862	72.29154676245902	1020.9185068566271	295.2831783794526	0.6933437914998455	-0.48986207609409815	0.08762789480376988	0.8534454374793546	2.3290797515583978e-14	-2.080250896181386e-14	0.8534454374793546	4.59678785271315	196.2420153207321	324.7579846792679	5.893255767497603	NaN	0.4360203151362715	0.9525028882213807	252.01170835757247	0.007948440225474987	-1.4402453812503917	-0.05690433973166668	0	12.819422294552027	-1.9453967908460112	4.400492837807751	10.957849366743352	16.711411683034196	23.437992499481528	35.11438372564682	0.20907870813666368	1.011338487408121	-26.678368769412376	1.0210976603139321	17.71326814055974	1.104417284241612	2.2438516613399533	1.104417284241612	0.4037466722014147	1.104417284241612	NaN	1	NaN	NaN	800000009	800000019	800000009	800000019	800000009	800001009	899999999	899999999	89999	89999	89	89	15	5	0	8	3	0	0	NaN	0	18000	0	0	0	0	0	0	0	NaN	NaN	NaN	NaN	0	14582	0	0	0	0	301	151	0	18000	0	16	18000	18000	18000	18000	81	NaN	0.43500750076236383	1.0113298128969899	0.45866846278340767	0.3091391977700158	1.8528407261688993	0.022960410116412155	NaN	NaN	-0.023493244662847967	0.05998824824948258	0.01079396468991962	NaN	NaN	16.54674166648598	1076.0036496100372	82.87152399437312	82.42930042281988	83.31374652863151	-0.8844496999689676	0.00028627916126020475	7.440011902920375	026
DATA	2026-08-01T183000_AIU-1657.ghg	2026-08-01	19:00:00	213.791	1	18000	18000	0.16275396042601906	1	NaN	-5.824486351258542	2	NaN	38.66700710722674	1	NaN	7.297439849733412	1	NaN	0.8806905821908403	1	NaN	NaN	NaN	NaN	NaN	NaN	NaN	NaN	NaN	NaN	NaN	NaN	NaN	-2.227311846311333e-10	-1.4313589863123477e-11	NaN	NaN	16.61445316478992	427.06734846953543	439.1189878353428	0.1	0	1067.7106970661505	27.445042686986678	28.219528861188653	0.1	1	NaN	NaN	NaN	NaN	0	NaN	NaN	NaN	NaN	9	302.6261074235705	300.0094775724469	97015.12547310033	1.1150763419571943	1020.8407682877227	0.025934445220268183	0.05706874972596645	0.019069606983792627	2640.0675247571567	3521.064958901939	0.01710161561702712	74.97923371400891	880.9974341447823	295.1377056275627	0.5757016847934968	-0.339769958596162	0.09926020230042532	0.6758170184297094	-1.2933813432467083e-14	-1.3405869120216066e-14	0.6758170184297094	4.32741252103404	191.5484270459599	329.45157295404016	8.44583520773964	NaN	0.3820440865442796	0.4694878984886952	819.957700918888	0.002442930894795207	-0.1506319414664489	-0.01339311329537636	0	14.492398556010238	-2.1992773929060196	4.9747714509319865	12.38788431262288	18.892305205283876	26.49672667383914	39.69692489317722	0.1608486780461558	1.0118451851952215	-3.464639812490358	1.020494466023602	35.1515811610682	1.1000076192888875	6.633990275859112	1.1000076192888875	0.8006222563805265	1.1000076192888875	NaN	1	NaN	NaN	800000009	800000019	800000009	800000019	800000009	800000119	899999999	899999999	89999	89999	89	89	13	9	0	2	3	0	0	NaN	0	18000	0	0	0	0	0	0	0	NaN	NaN	NaN	NaN	0	12272	0	0	0	0	301	0	0	18000	0	21	18000	18000	18000	18000	80	NaN	0.22493169398818827	0.4549050558860773	0.2591390471031249	0.06991123575628902	5.529885338381619	0.06066955036626269	NaN	NaN	-0.0030436554263205363	0.17686178796736207	0.021344541951651613	NaN	NaN	16.615647178006448	1067.784965240039	82.3886063482497	81.8632841220431	82.91392870118887	-1.0506442243026293	0.0002854580534816098	8.205240044737659	229
DATA	2026-08-01T190000_AIU-1657.ghg	2026-08-01	19:30:00	213.812	0	18000	18000	0.0438151614356019	0	NaN	12.7305080927442	0	NaN	26.184382290070758	1	NaN	4.66528906174775	0	NaN	0.5961330178230771	1	NaN	NaN	NaN	NaN	NaN	NaN	NaN	NaN	NaN	NaN	NaN	NaN	NaN	1.4292992465852135e-10	9.091487426554155e-12	NaN	NaN	16.706128161793533	429.1584933664974	441.20239930677707	0.1	1	1062.6434911528727	27.29791578469024	28.064004619370987	0.1	1	NaN	NaN	NaN	NaN	0	NaN	NaN	NaN	NaN	9	302.17752439965136	299.5786796771847	97015.12547310033	1.1167405884601604	1020.7489129389159	0.02589600256256222	0.038629419554935394	0.01899553607472825	2626.0387716797213	3432.96506739309	0.017009801802691363	76.4947711417836	806.9262957133687	295.05038087331354	0.35091412300248503	-0.26957603833446886	-0.04013992988710488	0.44432327886128603	6.735165922919948e-18	8.555538618780518e-15	0.44432327886128603	2.9645725800589338	198.53186084548315	322.46813915451685	-5.183136892785321	NaN	0.19807791575124167	0.25460936192072514	-52.28241236687341	-0.03831307526408597	0.486187069517835	0.056381737153917845	1	1.3001369972979997	1	1	2	3	6	17	0.04293138364571875	1.020585821253196	14.08578705052283	1.0249953958866211	23.917068372876294	1.094798989652334	4.261320211146034	1.094798989652334	0.544513671877233	1.094798989652334	NaN	1	NaN	NaN	800000009	800000019	800000009	800000019	800000019	801100019	899999999	899999999	89999	89999	89	89	9	3	0	10	4	0	0	NaN	0	18000	0	0	0	0	0	0	0	NaN	NaN	NaN	NaN	0	17715	0	0	0	0	301	0	0	18000	0	16	18000	18000	18000	18000	80	NaN	0.1657758783539618	0.21771081442428813	0.1257320310632004	0.02926935808663586	3.8717228028720387	0.04394751300838465	NaN	NaN	0.012356910219600371	0.11342128545860725	0.014493029754619764	NaN	NaN	16.707309621275453	1062.7169488881104	82.32158133951826	81.78260948732161	82.86055097622338	-1.0779420905444497	0.00028581301993431727	0.41646668439114304	087
DATA	2026-08-01T193000_AIU-1657.ghg	2026-08-01	20:00:00	213.833	0	18000	18000	0.011554147631603524	1	NaN	12.933017218353715	2	NaN	10.56035534200505	1	NaN	1.72980953375032	1	NaN	0.24044840449855232	1	NaN	NaN	NaN	NaN	NaN	NaN	NaN	NaN	NaN	NaN	NaN	NaN	NaN	1.2408325720433392e-10	7.746263657953476e-12	NaN	NaN	16.652181364488857	427.450370028761	439.16954400465215	0	0	1039.5615833727873	26.684851296899282	27.416455330481256	0.1	1	NaN	NaN	NaN	NaN	0	NaN	NaN	NaN	NaN	9	302.2206273117066	299.6793789184743	96915.79501031947	1.1154752531983374	1020.4039072500065	0.025926241385132148	0.015581056611506189	0.018547271139922578	2564.938961412253	3453.6036328739824	0.016627236764547724	74.26848110180467	888.6646714617295	294.66522492616826	0.21403328046923772	-0.9875820403106814	0.015285707686971737	1.0106246505761907	-1.0653510561557066e-14	7.451471641363706e-15	1.0106246505761907	2.416577534857473	238.7717092016411	282.2282907983589	0.8666322681926325	NaN	0.10177450205999636	0.18663459817334885	-6.97500152166654	-0.28718273304711744	1.2246763294897025	0.11164231071638973	1	14.34480822173602	6	11	19	30	49	117	0.011403016266173897	1.013253630609819	13.397102730335158	1.0214893806686027	9.647469299615421	1.0946244050163516	1.580276783363404	1.0946244050163516	0.21966293040484555	1.0946244050163516	NaN	1	NaN	NaN	800000009	800000009	800000009	800000019	800000009	800000009	899999999	899999999	89999	89999	89	89	26	15	1	9	25	0	5	NaN	0	18000	0	0	0	0	0	0	0	NaN	NaN	NaN	NaN	0	3725	0	0	0	0	301	151	0	18000	0	16	18000	18000	18000	18000	81	NaN	0.2613534324992724	0.049909653396358784	0.0620061104510665	0.2605191481433817	1.718209788683048	0.03117909198323347	NaN	NaN	0.011770064283060294	0.042084428867342344	0.0058498543209242575	NaN	NaN	16.6533768854671	1039.6347364485741	83.06696592119	82.6268908492195	83.50704129197867	-0.8801506289872904	0.000284965340795073	22.188238075083984	141
DATA	2026-08-01T200000_AIU-1657.ghg	2026-08-01	20:30:00	213.854	0	18000	18000	0.030206671131440703	1	NaN	27.244939025299306	2	NaN	26.41940106150367	1	NaN	8.642729008510559	1	NaN	0.6012494874547838	1	NaN	NaN	NaN	NaN	NaN	NaN	NaN	NaN	NaN	NaN	NaN	NaN	NaN	4.4867583468977296e-11	2.7808204452268493e-12	NaN	NaN	16.622540152214185	426.6536687047926	438.2422424816553	0	0	1030.2382239694768	26.443306129595165	27.161547238167486	0.1	1	NaN	NaN	NaN	NaN	0	NaN	NaN	NaN	NaN	9	301.6921644541423	299.1781637029104	96853.17455282358	1.1167218692989072	1020.2569906372731	0.025897640081004605	0.038960966787069985	0.018399683644118574	2540.276404563182	3353.0214077215496	0.01647651411686792	75.76081675808192	812.7450031583676	294.50748000034315	0.29356409209724976	-0.9502515175629268	0.04668185406325142	0.9956590873878458	9.601954217601738e-14	2.699201389084975e-15	0.9956590873878458	3.981294874440848	233.83235307715404	287.167646922846	2.6873195359669277	NaN	0.16446705771674947	0.5468162512766209	-13.965419744703297	-0.14343285319152121	1.031247414045224	0.1453959524814743	1	7.617246701249021	3	6	11	17	29	76	0.02980937854516467	1.0133277715157358	28.464816383496508	1.0214936615001415	24.138436135568714	1.0944951409910884	7.8965439724879785	1.0944951409910884	0.5493395675656811	1.0944951409910884	NaN	1	NaN	NaN	800000009	800000009	800000009	800000019	800000009	810000019	899999999	899999999	89999	89999	89	89	11	6	2	1	21	0	2	NaN	0	18000	0	0	0	0	0	0	0	NaN	NaN	NaN	NaN	0	6221	0	0	0	0	301	0	0	18000	0	21	18000	18000	18000	18000	84	NaN	0.6313974088486798	0.3192540711694878	0.14298102253507422	0.15939483391977863	5.9453319830433635	0.032137911527662294	NaN	NaN	0.024983529143191723	0.21001002111111472	0.01460978556993845	NaN	NaN	16.62377286884519	1030.3130028491166	83.26368574778243	82.84507547971928	83.68229722001826	-0.8372218385305571	0.00028584513718508074	20.798268874407004	025
DATA	2026-08-01T203000_AIU-1657.ghg	2026-08-01	21:00:00	213.874	0	18000	18000	0.3325733447171393	1	NaN	-52.373588359086924	1	NaN	141.02179732735166	1	NaN	34.025119421594376	1	NaN	3.210321616549954	1	NaN	NaN	NaN	NaN	NaN	NaN	NaN	NaN	NaN	NaN	NaN	NaN	NaN	4.3900710231600886e-10	2.674691997554944e-11	NaN	NaN	17.021554609946104	436.4532377395945	448.37615301948523	0.2	0	1037.0541993736467	26.59132337792407	27.31773818803559	0.1	1	NaN	NaN	NaN	NaN	0	NaN	NaN	NaN	NaN	9	302.01809876335994	299.4873924114149	96853.17455282358	1.115507723934942	1020.3468932062538	0.025925618697702994	0.20802884075243702	0.018482708592901295	2554.374303973117	3414.7704762234844	0.016568875496176513	74.80368949417912	860.3961722503673	294.59781531121837	0.6344299915980717	-0.1797402480394975	0.15806282454919218	0.6780795141493201	2.5768836250549173e-14	2.5791246004021653e-14	0.6780795141493201	4.786700860443693	176.81794694961195	344.1820530503881	13.479867039774629	NaN	0.5460185888375291	0.7456092061203901	265.84438927082476	0.007534859041013552	-0.37138647607442515	-0.08427222761724573	0	17.766654682498043	-2.696158392261526	6.098717624378582	15.186669203065067	23.160628755923774	32.48311114349003	48.66561969078943	0.3286450611685927	1.0119529669321012	-43.41899826512902	1.0209106256059202	127.94408808169143	1.102214251879385	30.869787215668968	1.102214251879385	2.9126112378569196	1.102214251879385	NaN	1	NaN	NaN	800000009	800000019	800000009	800000019	800000009	800000009	899999999	899999999	89999	89999	89	89	22	19	0	4	1	0	2	NaN	0	18000	0	0	0	0	0	0	0	NaN	NaN	NaN	NaN	0	6578	0	0	0	0	301	0	0	18000	0	16	18000	18000	18000	18000	81	NaN	0.5241166047879403	0.6490064948466998	0.31809531260614016	0.08865803080797725	31.666063572430552	0.4670371722670394	NaN	NaN	-0.03814691057490676	0.8219974269422444	0.07755670379179744	NaN	NaN	17.022519251203136	1037.0881761090648	82.00080534617128	81.38677059894133	82.61484162606142	-1.2280707430739701	0.00028489572159014643	17.181901443959177	011
DATA	2026-08-01T210000_AIU-1657.ghg	2026-08-01	21:30:00	213.895	0	18000	18000	0.05401410271971129	1	NaN	0.21770208688640952	2	NaN	10.269202004440855	1	NaN	4.650165948127907	1	NaN	0.23292316398102378	1	NaN	0.07550119021706128	0	NaN	NaN	NaN	NaN	NaN	NaN	NaN	NaN	NaN	NaN	3.36419907532425e-11	1.9905613913663427e-12	1.631283105306407e-13	NaN	16.973697382757543	434.59861120751737	446.06916610198095	0.1	1	1004.3159136055765	25.714745080230898	26.39344581105096	0.1	1	0.08230459956477822	2.022397386411261	2.0757754222379177	0	1	NaN	NaN	NaN	NaN	9	300.71715969763864	295.7235388544308	96888.23332930179	1.1303142207587475	1019.9015839554585	0.02537610004384477	0.01509342102597034	0.018260477909710904	2492.1245280940684	2729.6288148290428	0.016155222657866914	91.29902624691302	237.50428673497436	294.19558996846933	0.22178927666565862	0.07009091347441777	0.12592232759895752	0.2644988695315924	-1.2246043718344153e-14	1.9820072194416038e-15	0.2644988695315924	2.3581805680739443	143.46217151538457	17.537828484615446	28.429619564768554	NaN	0.21860192761274977	0.12570826414119787	-4104.08494656467	-0.00048807469291704055	0.021199513534962654	0.0008638754796890708	0	13.649505341042003	-2.0713650956317546	4.685433486218805	11.667391870011238	17.793508769959594	24.955649049874363	37.388109791367434	0.05246687632059157	1.029489584812818	0.8141794790253583	1.0306973527550956	9.32638202232675	1.101091718080715	4.2232321538422735	1.101091718080715	0.21153838518286763	1.101091718080715	0.05805159083113833	1.3297513247792487	NaN	NaN	800000009	800000009	800000009	800000019	800000019	811000019	899999999	899999999	89999	89999	89	89	9	3	0	10	2	0	0	NaN	0	18000	0	0	0	0	0	0	0	NaN	NaN	NaN	NaN	0	0	0	0	0	0	301	151	0	18000	0	16	18000	18000	18000	18000	81	NaN	0.07813873606470687	0.07472424534912493	0.09855354686856395	0.20256529670868	5.567864237814508	0.029615430242934247	0.0000021201349202544477	NaN	0.0007062568842621253	0.10999850386803399	0.005509738757696616	0.00005805159083113833	NaN	16.974939179199247	1004.3881284827248	83.1658916443719	82.71189934539794	83.61988149388633	-0.9079837609827537	0.0002842147773383961	29.10827618230707	047
DATA	2026-08-01T213000_AIU-1657.ghg	2026-08-01	22:00:00	213.916	0	18000	18000	0.1672628842292106	1	NaN	-66.17254398200103	2	NaN	48.42172112837231	1	NaN	-5.160774927939928	2	NaN	1.0980589930769509	1	NaN	0.1534359908647343	1	NaN	NaN	NaN	NaN	NaN	NaN	NaN	NaN	NaN	NaN	9.535024386261552e-11	5.56897521843566e-12	4.616670095605378e-13	NaN	16.985284648511758	434.5633420204821	445.8801702403374	0.2	0	992.0334280626238	25.380873551194924	26.041838152381196	0.1	1	0.08223938662927124	2.018557185541121	2.071124125068309	0.7	0	NaN	NaN	NaN	NaN	9	300.2037510570951	295.5083159022642	96881.85186264385	1.1312071384178048	1019.7053296894825	0.025359301986657735	0.07115422275138641	0.018035328790577974	2459.6056177742366	2694.1704668207976	0.015943436156001987	91.29361516150259	234.564849046561	293.98195879714217	-0.34837191249215316	-0.9709321743211377	0.30552280022499706	1.0758329136081732	-6.250574954744134e-14	5.613697140540418e-15	1.0758329136081732	3.0513768011652553	270.73806219003404	250.26193780996596	16.498319477243168	NaN	0.3845286667469453	0.30000289448998435	73.4812725465352	0.027260006945735053	-1.3665880195908149	-0.1491874472661554	0	22.381857537894657	-3.3965332311345335	7.682967416885506	19.131675188856814	29.1770117991772	40.921173906610164	61.30737532629646	0.1653308616962476	1.0116857948548805	-62.405347300798745	1.0232989190224346	43.38718704931126	1.1160373470015261	-4.624195544894136	1.1160373470015261	0.9838909029586886	1.1160373470015261	0.12456875506502564	1.420591296001512	NaN	NaN	800000009	800000009	800000009	800000019	800000019	801000019	899999999	899999999	89999	89999	89	89	18	7	0	26	9	0	4	NaN	0	18000	0	0	0	0	0	0	0	NaN	NaN	NaN	NaN	0	754	0	0	0	0	301	0	0	18000	0	16	18000	18000	18000	18000	83	NaN	0.34434141984975736	0.16709701045777064	0.0885673586724407	0.12153160030661085	1.5892905941037376	0.018321231088266193	0.0000017497015441933944	NaN	-0.05410096082747006	-0.12032104362593699	0.025600729707196044	0.00012456875506502564	NaN	16.98657159909154	992.1065652057715	83.30599611028035	82.86218762037487	83.74980365456476	-0.887616270576908	0.00028445907742975064	28.862740249597252	247
DATA	2026-08-01T220000_AIU-1657.ghg	2026-08-01	22:30:00	213.937	0	18000	18000	0.042630595930210756	1	NaN	15.004255656236117	1	NaN	55.08497488594086	1	NaN	2.520477397733124	0	NaN	1.249277436850119	1	NaN	0.1468053023729042	0	NaN	NaN	NaN	NaN	NaN	NaN	NaN	NaN	NaN	NaN	-4.172502246628148e-11	-2.4380489053116146e-12	-2.050146196634192e-13	NaN	16.84807070828576	430.9812506748191	442.11494797365845	0.1	1	984.4553200694655	25.18281127989087	25.83336811382528	0.1	1	0.0827824792931604	2.032556251773762	2.08506402563789	0	1	NaN	NaN	NaN	NaN	9	301.4109073257447	295.6041012691836	96911.57858457245	1.1312731108494176	1019.5929323032576	0.025359740640353488	0.0809531779078877	0.01789427871027915	2441.160634229702	2709.90125788573	0.01581782377629679	90.08301048335244	268.7406236560282	293.8596835441693	0.07258890322251194	-0.2703634196057242	0.10432440304106826	0.29874589302909216	2.5562577885373534e-14	-2.476546020534055e-15	0.29874589302909216	2.1600465652865783	235.97128558752263	285.02871441247737	20.438869713124948	NaN	0.1941229889286079	0.1764901713166692	-41.70276821702515	-0.048032782609914	0.2723838158645616	0.06701055347590514	1	0.5784293452522721	1	1	1	2	5	NaN	0.04150890921321778	1.0270227943411192	17.934762369146004	1.0290842213481164	50.113206882115364	1.0992107333206775	2.2929883427528486	1.0992107333206775	1.1365222327079132	1.0992107333206775	0.1077252819038787	1.3261591786118065	NaN	NaN	800000009	800000009	800000009	800000019	800000019	800100119	899999999	899999999	89999	89999	89	89	4	3	0	9	0	0	1	NaN	0	18000	0	0	0	0	0	0	0	NaN	NaN	NaN	NaN	0	844	0	0	0	0	301	0	0	18000	0	16	18000	18000	18000	18000	84	NaN	0.19279403436835335	0.11099881433395344	0.049187493931031605	0.07905515280017784	7.889973270003014	0.18369854217609213	0.0000044070635053227795	NaN	0.01554895998461603	0.05965220278059428	0.02956668092291895	0.0001077252819038787	NaN	16.849300269226458	984.5134259778187	83.4795228572422	83.05330230161881	83.90574581103859	-0.8524423270093007	0.0002842444993245105	27.72738176076872	238
DATA	2026-08-01T223000_AIU-1657.ghg	2026-08-01	23:00:00	213.958	0	18000	18000	0.03465353486842112	1	NaN	0.3411734240255161	2	NaN	23.037463926679884	1	NaN	-4.844219391138928	2	NaN	0.5224234162580819	1	NaN	0.07635688877992548	1	NaN	NaN	NaN	NaN	NaN	NaN	NaN	NaN	NaN	NaN	-1.3535149286725008e-10	-7.90366793772364e-12	-6.547584210752611e-13	NaN	17.003872040089533	435.0971105982319	446.4397651532063	-0.1	0	992.9181822340216	25.406909151746163	26.069248171698842	0.1	1	0.08225567500799001	2.0190196419946007	2.0716539661052926	0	1	NaN	NaN	NaN	NaN	9	302.12104870859787	295.5142969447978	96891.90675254428	1.1312903980634028	1019.7204866639411	0.025357183557898486	0.0338530373735237	0.018055337640851345	2462.3842037706354	2695.1503902545114	0.01595994951584433	91.36351769735954	232.76618648387603	294.0003089099538	-0.008718219142943733	-0.43692765184972215	0.1224819483242583	0.4538541703689425	-1.2616660415976465e-14	-7.960039486779001e-15	0.4538541703689425	1.350035788886032	252.14309745054004	268.85690254945996	15.656573638729498	NaN	0.17501961348751544	0.1286359332380386	-1343.96395070139	-0.0014904417629316759	0.014809504427716119	0.0016897919159434202	1	1.6871504108945004	1	1	3	5	9	28	0.03396396013651578	1.0203031309992605	1.6979938943242623	1.0248231735797606	21.045776163141642	1.0946359852969627	-4.425415805990285	1.0946359852969627	0.4772576667268564	1.0946359852969627	0.05863250847051012	1.3164813297412583	NaN	NaN	800000009	800000009	800000009	800000019	800000019	800000019	899999999	899999999	89999	89999	89	89	6	0	0	14	2	0	2	NaN	0	18000	0	0	0	0	0	0	0	NaN	NaN	NaN	NaN	0	0	0	0	0	0	301	151	0	18000	0	21	18000	18000	18000	18000	85	NaN	0.17675209623610913	0.050751840828487965	0.029767929411480105	0.06719659473218856	13.330779932586598	0.049507907755292305	0.0000037436325086620594	NaN	0.0014719087216402969	-0.11514227494156855	0.012417484794502455	0.00005863250847051012	NaN	17.005085177643828	992.9860553098224	83.49188135443792	83.07535630374483	83.90840711339314	-0.8330519778447005	0.00028463910416273074	29.944535907427476	033
DATA	2026-08-01T230000_AIU-1657.ghg	2026-08-01	23:30:00	213.979	0	18000	18000	0.02684026737100307	1	NaN	14.901414441339563	0	NaN	18.358610156578468	1	NaN	5.015305069220268	1	NaN	0.4163636679780515	1	NaN	0.13227697413921014	0	NaN	NaN	NaN	NaN	NaN	NaN	NaN	NaN	NaN	NaN	-5.599854239211796e-11	-3.276357879004039e-12	-2.709539012390533e-13	NaN	17.119940895077217	438.34978072292614	449.8880279742784	0.1	0	1001.6520224205827	25.64693108928853	26.322009862360048	0.1	1	0.08283634852531628	2.03446990524919	2.0880212421598334	-0.9	0	NaN	NaN	NaN	NaN	9	302.7450689646403	295.6214212600481	96886.2305804265	1.1307105750372521	1019.8607226882718	0.025367861683046816	0.026980365684977737	0.018218236598805615	2485.5010097420272	2712.7542634025244	0.01611220147844235	91.62278512556975	227.2532536604972	294.1522759394977	0.12905972174969305	-0.18752315089977617	0.09784124896914025	0.24777863891250046	-6.452292954429646e-15	-3.2709541893465392e-15	0.24777863891250046	1.1570074336754206	216.46294741767997	304.53705258232	23.25809251615925	NaN	0.1540698614101492	0.09030596263097644	-20.990848295166543	-0.09542730107106932	0.8116853244470643	0.08387209309943681	1	0.633690339791368	1	1	1	2	4	54	0.026035250277810767	1.0309202748044408	15.644854017870243	1.0316394227118484	16.656212351691998	1.1022079791576105	4.550234768807733	1.1022079791576105	0.37775417693516217	1.1022079791576105	0.09792537097784501	1.3318455596509673	NaN	NaN	800000009	800000009	800000009	800000019	800000019	800000019	899999999	899999999	89999	89999	89	89	8	2	0	6	0	0	2	NaN	0	18000	0	0	0	0	0	0	0	NaN	NaN	NaN	NaN	0	0	0	0	0	0	301	0	0	18000	0	16	18000	18000	18000	18000	85	NaN	0.06611282838625804	0.07824091892346806	0.03625817795222678	0.041977625473060644	4.646203134184311	0.03808732547131771	0.000005688546741315737	NaN	0.01356685535634817	0.11846890509462822	0.009835124122212538	0.00009792537097784501	NaN	17.121175931939753	1001.7211724029158	83.44415341356064	83.02836709213258	83.8599372177124	-0.8315704385936258	0.0002848049499993472	30.244050417290794	230
