DATAH	filename	date	time	DOY	daytime	file_records	used_records	Tau	qc_Tau	rand_err_Tau	H	qc_H	rand_err_H	LE	qc_LE	rand_err_LE	co2_flux	qc_co2_flux	rand_err_co2_flux	h2o_flux	qc_h2o_flux	rand_err_h2o_flux	ch4_flux	qc_ch4_flux	rand_err_ch4_flux	none_flux	qc_none_flux	rand_err_none_flux	H_strg	LE_strg	co2_strg	h2o_strg	ch4_strg	none_strg	co2_v-adv	h2o_v-adv	ch4_v-adv	none_v-adv	co2_molar_density	co2_mole_fraction	co2_mixing_ratio	co2_time_lag	co2_def_timelag	h2o_molar_density	h2o_mole_fraction	h2o_mixing_ratio	h2o_time_lag	h2o_def_timelag	ch4_molar_density	ch4_mole_fraction	ch4_mixing_ratio	ch4_time_lag	ch4_def_timelag	none_molar_density	none_mole_fraction	none_mixing_ratio	none_time_lag	none_def_timelag	sonic_temperature	air_temperature	air_pressure	air_density	air_heat_capacity	air_molar_volume	ET	water_vapor_density	e	es	specific_humidity	RH	VPD	Tdew	u_unrot	v_unrot	w_unrot	u_rot	v_rot	w_rot	wind_speed	max_wind_speed	wind_dir	yaw	pitch	roll	u*	TKE	L	(z-d)/L	bowen_ratio	T*	model	x_peak	x_offset	x_10%	x_30%	x_50%	x_70%	x_90%	un_Tau	Tau_scf	un_H	H_scf	un_LE	LE_scf	un_co2_flux	co2_scf	un_h2o_flux	h2o_scf	un_ch4_flux	ch4_scf	un_none_flux	un_none_scf	spikes_hf	amplitude_resolution_hf	drop_out_hf	absolute_limits_hf	skewness_kurtosis_hf	skewness_kurtosis_sf	discontinuities_hf	discontinuities_sf	timelag_hf	timelag_sf	attack_angle_hf	non_steady_wind_hf	u_spikes	v_spikes	w_spikes	ts_spikes	co2_spikes	h2o_spikes	ch4_spikes	none_spikes	head_detect_LI-7200	t_out_LI-7200	t_in_LI-7200	aux_in_LI-7200	delta_p_LI-7200	chopper_LI-7200	detector_LI-7200	pll_LI-7200	sync_LI-7200	chopper_LI-7500	detector_LI-7500	pll_LI-7500	sync_LI-7500	not_ready_LI-7700	no_signal_LI-7700	re_unlocked_LI-7700	bad_temp_LI-7700	laser_temp_unregulated_LI-7700	block_temp_unregulated_LI-7700	motor_spinning_LI-7700	pump_on_LI-7700	top_heater_on_LI-7700	bottom_heater_on_LI-7700	calibrating_LI-7700	motor_failure_LI-7700	bad_aux_tc1_LI-7700	bad_aux_tc2_LI-7700	bad_aux_tc3_LI-7700	box_connected_LI-7700	mean_value_RSSI_LI-7200	mean_value_LI-7500	u_var	v_var	w_var	ts_var	co2_var	h2o_var	ch4_var	none_var	w/ts_cov	w/co2_cov	w/h2o_cov	w/ch4_cov	w/none_cov	co2_mean	h2o_mean	avg_signal_strength_7200_mean	co2_signal_strength_7200_mean	h2o_signal_strength_7200_mean	delta_signal_strength_7200_mean	flowrate_mean	rssi_77_mean	CHK
DATAU		[yyyy-mm-dd]	[HH:MM]	[ddd.ddd]	[1=daytime]	[#]	[#]	[kg+1m-1s-2]	[#]	[kg+1m-1s-2]	[W+1m-2]	[#]	[W+1m-2]	[W+1m-2]	[#]	[W+1m-2]	[µmol+1s-1m-2]	[#]	[µmol+1s-1m-2]	[mmol+1s-1m-2]	[#]	[mmol+1s-1m-2]	[µmol+1s-1m-2]	[#]	[µmol+1s-1m-2]	[µmol+1s-1m-2]	[#]	[µmol+1s-1m-2]	[W+1m-2]	[W+1m-2]	[µmol+1s-1m-2]	[mmol+1s-1m-2]	[µmol+1s-1m-2]	[µmol+1s-1m-2]	[µmol+1s-1m-2]	[mmol+1s-1m-2]	[µmol+1s-1m-2]	[µmol+1s-1m-2]	[mmol+1m-3]	[µmol+1mol_a-1]	[µmol+1mol_d-1]	[s]	[1=default]	[mmol+1m-3]	[mmol+1mol_a-1]	[mmol+1mol_d-1]	[s]	[1=default]	[mmol+1m-3]	[µmol+1mol_a-1]	[µmol+1mol_d-1]	[s]	[1=default]	[mmol+1m-3]	[µmol+1mol_a-1]	[µmol+1mol_d-1]	[s]	[1=default]	[K]	[K]	[Pa]	[kg+1m-3]	[J+1kg-1K-1]	[m+3mol-1]	[mm]	[kg+1m-3]	[Pa]	[Pa]	[kg+1kg-1]	[%]	[Pa]	[K]	[m+1s-1]	[m+1s-1]	[m+1s-1]	[m+1s-1]	[m+1s-1]	[m+1s-1]	[m+1s-1]	[m+1s-1]	[deg_from_north]	[deg]	[deg]	[deg]	[m+1s-1]	[m+2s-2]	[m]	[#]	[#]	[K]	[0=KJ/1=KM/2=HS]	[m]	[m]	[m]	[m]	[m]	[m]	[m]	[kg+1m-1s-2]	[#]	[W+1m-2]	[#]	[W+1m-2]	[#]	[µmol+1s-1m-2]	[#]	[mmol+1s-1m-2]	[#]	[µmol+1s-1m-2]	[#]	[µmol+1s-1m-2]	[#]	8u/v/w/ts/co2/h2o/ch4/none	8u/v/w/ts/co2/h2o/ch4/none	8u/v/w/ts/co2/h2o/ch4/none	8u/v/w/ts/co2/h2o/ch4/none	8u/v/w/ts/co2/h2o/ch4/none	8u/v/w/ts/co2/h2o/ch4/none	8u/v/w/ts/co2/h2o/ch4/none	8u/v/w/ts/co2/h2o/ch4/none	8co2/h2o/ch4/none	8co2/h2o/ch4/none	8aa	8U	[#]	[#]	[#]	[#]	[#]	[#]	[#]	[#]	[#_flagged_recs]	[#_flagged_recs]	[#_flagged_recs]	[#_flagged_recs]	[#_flagged_recs]	[#_flagged_recs]	[#_flagged_recs]	[#_flagged_recs]	[#_flagged_recs]	[#_flagged_recs]	[#_flagged_recs]	[#_flagged_recs]	[#_flagged_recs]	[#_flagged_recs]	[#_flagged_recs]	[#_flagged_recs]	[#_flagged_recs]	[#_flagged_recs]	[#_flagged_recs]	[#_flagged_recs]	[#_flagged_recs]	[#_flagged_recs]	[#_flagged_recs]	[#_flagged_recs]	[#_flagged_recs]	[#_flagged_recs]	[#_flagged_recs]	[#_flagged_recs]	[#_flagged_recs]	[#]	[#]	[m+2s-2]	[m+2s-2]	[m+2s-2]	[K+2]	--	--	--	--	[m+1s-1K+1]	--	--	--	--	--	--	--	--	--	--	--	--	241
DATA	2026-09-08T233000_AIU-1657.ghg	2026-09-09	00:00:00	252	0	18000	18000	0.017019105101906577	1	NaN	13.80738934203862	0	NaN	11.766758696710633	1	NaN	1.4835711318395415	2	NaN	0.26620596949183734	1	NaN	0.01033462565169648	1	NaN	NaN	NaN	NaN	NaN	NaN	NaN	NaN	NaN	NaN	1.091931827379154e-11	4.884270639873151e-13	5.240891855667567e-14	NaN	17.492281493503338	438.04767109295256	446.80236640167203	0	0	782.4392950261383	19.59411132762229	19.985713625359566	0.1	1	0.08395684906115808	2.0314988131279796	2.0720997666374137	0	1	NaN	NaN	NaN	NaN	9	300.93300511338975	293.06963514787026	98179.845032487	1.1584555669628749	1016.3504698676779	0.02481752691515398	0.017250146823071057	0.01422727951018665	1924.2628384134948	2319.6401129399933	0.012281247478042111	82.9552320499673	395.37727452649847	290.05275101526365	-0.6845166231427823	-2.2694834022952515	0.7479367389467807	2.485664355080673	5.1566974205465415e-14	6.242363683574949e-16	2.485664355080673	3.313889409831637	267.7842466209181	253.21575337908195	17.51167530577738	NaN	0.12120727003954661	0.07559894080504373	-11.122358277782762	-0.18009669801783412	1.1734233443487236	0.09675201718952094	1	39.63237036345494	17	32	54	83	137	332	0.016807478420939728	1.0125912213400905	14.207110956811592	1.0267053786572375	10.534059011597053	1.1170203891734882	1.328150449372973	1.1170203891734882	0.23831791440155348	1.1170203891734882	0.004046333311338844	1.3081621974682491	NaN	NaN	800000009	800000019	800000009	800000019	800000019	800000019	899999999	899999999	89999	89999	89	89	25	8	0	34	8	0	9	NaN	0	0	0	0	0	0	0	0	0	NaN	NaN	NaN	NaN	0	98	0	0	0	0	301	0	0	18000	0	16	18000	18000	18000	18000	93	NaN	0.056079445641941804	0.06280247856830531	0.03231595739984034	0.13590689276825577	15.292555954844332	0.05274001547249436	1.6699540991809085e-7	NaN	0.012066543951189172	0.0336203470533413	0.0060326983249460765	0.000004046333311338844	NaN	17.493726788096957	782.495983317704	94.5273076807658	94.74500938245988	94.30960692342123	0.43540357894532655	0.00027854595569402186	32.544480467054655	226
DATA	2026-09-09T000000_AIU-1657.ghg	2026-09-09	00:30:00	252.02	0	18000	18000	0.05817363288037092	1	NaN	6.18350198032437	1	NaN	59.93102302602122	1	NaN	8.553258776502826	2	NaN	1.355309004811558	1	NaN	0.04497414008788959	1	NaN	NaN	NaN	NaN	NaN	NaN	NaN	NaN	NaN	NaN	3.2556961915024165e-10	1.4440976868895575e-11	1.568232570217319e-12	NaN	17.54272395638034	438.3957062705032	447.08958434465126	0.1	1	778.1256480034209	19.44549454644892	19.831120491822627	0.1	1	0.08450134613460862	2.040723731121369	2.0811935693237587	-0.7	0	NaN	NaN	NaN	NaN	9	300.6933382237752	292.6541447024949	98184.86233302562	1.1602252316046882	1016.2579411272748	0.02478107623967337	0.08782402351178895	0.014140137189435669	1909.7653420018337	2260.5958430994356	0.012187407069124571	84.48061814461322	350.8305010976019	289.93356391606835	-0.5816918046370555	-1.9261356074329754	0.5760472243614371	2.0928913346128843	-3.3662788904798286e-14	1.8558669677512142e-14	2.0928913346128843	3.2688961741545572	267.80428483226797	253.1957151677321	15.97631178887299	NaN	0.22391951251664874	0.1358609580796138	-156.59022631191579	-0.012791986110359005	0.10317698027012785	0.02342050774327578	0	16.22686372606808	-2.4624891740717496	5.570157216600239	13.870479052748873	21.15335573008316	29.66788218399844	44.4478937075881	0.05747853750480462	1.0120931291181199	9.522483225564168	1.0247125393610657	53.99055293921025	1.1100279542145002	7.705444483653072	1.1100279542145002	1.2209683545948429	1.1100279542145002	0.03061943562710449	1.3063902977854394	NaN	NaN	800000009	800000019	800000009	800000019	800000019	800000019	899999999	899999999	89999	89999	89	89	11	7	0	36	0	0	4	NaN	0	0	0	0	0	0	0	0	0	NaN	NaN	NaN	NaN	0	434	0	0	0	0	301	151	0	18000	0	21	18000	18000	18000	18000	93	NaN	0.0859703055235845	0.11864675073233763	0.06710485990330545	0.05555373974222107	10.664213184732063	0.06599535427279647	2.38864332084466e-7	NaN	0.008076142218939172	0.19473697984703162	0.030857102451003066	0.00003061943562710449	NaN	17.544047093747746	778.1815725229357	94.4587711207072	94.6355348993937	94.28200763702392	0.3535268208947453	0.0002778450588569588	30.910907293584764	018
DATA	2026-09-09T003000_AIU-1657.ghg	2026-09-09	01:00:00	252.041	0	18000	18000	0.006965428530246636	1	NaN	0.49937448588155997	2	NaN	2.4083314655800674	2	NaN	-1.1290610262757061	1	NaN	0.05446112221928064	2	NaN	0.013642185920465011	1	NaN	NaN	NaN	NaN	NaN	NaN	NaN	NaN	NaN	NaN	2.0638461446597966e-10	9.149082861573699e-12	9.877462480960285e-13	NaN	17.57727373235384	439.1880401871998	447.90851365267486	0.1	1	779.2050501147066	19.469318397991355	19.855899222023357	0.1	1	0.08412393639813351	2.0312594281731533	2.0715919106727445	0.1	0	NaN	NaN	NaN	NaN	9	300.66935801696786	292.61526769787906	98199.10031329544	1.1605371163445843	1016.2707930334547	0.024774191697057562	0.0035290807198093857	0.01416139536793305	1912.3823891639327	2255.1390451542416	0.01220244933874935	84.80108547068032	342.7566559903089	289.95513784248453	-0.5084398944617818	-1.5537002447380048	0.5209746460584204	1.715782666486313	-9.520807088873273e-15	1.1741560017131388e-14	1.715782666486313	2.6952073806147236	269.12040055523994	251.87959944476012	17.67616538279513	NaN	0.0774719349144024	0.07683600953675483	-80.31130982407402	-0.0249416925759011	0.2073528885116656	0.00546529322274695	1	46.32494173225367	20	39	71	119	217	648	0.0068834301608965195	1.011912428459859	0.630594139171454	1.0230752778150194	2.181923937613306	1.103765087345078	-1.0229178646984327	1.103765087345078	0.04934122563187584	1.103765087345078	0.01047177057904657	1.3053561303223775	NaN	NaN	800000009	800000019	800000009	800000019	800000019	800000019	899999999	899999999	89999	89999	89	89	8	3	3	27	1	1	6	NaN	0	0	0	0	0	0	0	0	0	NaN	NaN	NaN	NaN	0	413	0	0	0	0	301	0	0	18000	0	16	18000	18000	18000	18000	93	NaN	0.0662406661765849	0.056821508622735495	0.030609844274189273	0.04763654122419618	5.018362287337106	0.018432248285483267	9.69518845527349e-8	NaN	0.0005346646251819517	-0.025845288394657995	0.001246667254733767	0.00001047177057904657	NaN	17.57862272495178	779.2621582512778	94.45930838945176	94.63645846981473	94.2821595670912	0.35430029438684296	0.0002775597010946109	25.122043810205128	220
DATA	2026-09-09T010000_AIU-1657.ghg	2026-09-09	01:30:00	252.062	0	18000	18000	0.017934832751997132	0	NaN	18.679359184427042	0	NaN	16.99408833290928	0	NaN	-1.5335801418598924	1	NaN	0.3841678811519533	0	NaN	0.022014939174211885	0	NaN	NaN	NaN	NaN	NaN	NaN	NaN	NaN	NaN	NaN	1.0163439025762322e-11	4.473702788333629e-13	4.879057586803297e-14	NaN	17.693025685866218	441.45888805794266	450.20730031300315	0.1	1	778.804675703569	19.43196445055022	19.817048635143145	0.1	1	0.08493708771933745	2.047614047413753	2.0881917145773534	-0.6	0	NaN	NaN	NaN	NaN	9	300.3950184436374	292.2643849336482	98209.60859813553	1.1620712915598832	1016.2429286310944	0.024741836679964956	0.024894078698646575	0.014152708625795922	1908.917532587651	2206.4082750667085	0.01217886435073903	86.5169676056412	297.4907424790574	289.9265693373986	-0.5344965032175047	-1.549673287557242	0.5601048508756266	1.7323080713586971	-8.2021288732108205e-16	5.744319375448156e-16	1.7323080713586971	2.747442105198778	270.02978279219894	250.97021720780106	18.864348190610198	NaN	0.12423165744005357	0.13662809331135475	-8.853850150390096	-0.22624055817250807	1.0991680647119042	0.1273208076529593	1	23.589212350337103	10	19	32	49	81	194	0.017723706052025077	1.0119121079616378	19.35335352711392	1.0231393873043781	15.39281975239376	1.1040269818183575	-1.3890784981849367	1.1040269818183575	0.34796964882073816	1.1040269818183575	0.01170516178381622	1.3053844283130598	NaN	NaN	800000009	800000019	800000009	800000019	800000019	800000019	899999999	899999999	89999	89999	89	89	20	6	0	19	2	0	7	NaN	0	0	0	0	0	0	0	0	0	NaN	NaN	NaN	NaN	0	241	0	0	0	0	301	0	0	18000	0	16	18000	18000	18000	18000	93	NaN	0.15978421003170437	0.07094814871187265	0.04252382787913249	0.05429483976700304	4.1485546177174975	0.0454797126421282	1.9631515003546806e-7	NaN	0.016387998707014635	-0.03504961898107987	0.00878006795446292	0.000011705161783816221	NaN	17.694364031604056	778.8617033187775	94.37074266476102	94.51798242823284	94.22350375408595	0.2944778341162508	0.00027748264888941774	40.081826495700525	057
DATA	2026-09-09T013000_AIU-1657.ghg	2026-09-09	02:00:00	252.083	0	18000	18000	0.03506741512172168	0	NaN	22.00064956660922	0	NaN	17.92615352927771	0	NaN	-3.8046294485465317	2	NaN	0.4051637622691704	0	NaN	0.08147223724230324	0	NaN	NaN	NaN	NaN	NaN	NaN	NaN	NaN	NaN	NaN	2.1611052761890485e-10	9.509877130130647e-12	1.0315026057409744e-12	NaN	17.84400931763922	445.01542916705347	453.9041278245045	0.1	1	785.2201278176461	19.582766739869033	19.973911183457545	0.1	1	0.08517003919618842	2.0516134370265857	2.092592181600543	0	1	NaN	NaN	NaN	NaN	9	300.2382610880534	292.0742888667379	98203.75496396181	1.1626915206309385	1016.3252447671915	0.024727217798638998	0.02625461179504224	0.014270973207429845	1923.6170779848117	2180.394691178037	0.01227408384270804	88.2233425795725	256.77761319322553	290.0474588761142	-0.38810350140848854	-1.610183603250305	0.44945412825185865	1.7161947958738295	3.429731919936105e-15	1.2111096994624102e-14	1.7161947958738295	3.431957964334762	264.5515526299383	256.4484473700617	15.18223327148738	NaN	0.17366792872038528	0.16640592093516687	-20.53583744084701	-0.09754167590047796	1.2272933806283026	0.10720589340589762	1	16.248412658278554	7	13	23	37	64	168	0.0346545953719279	1.0119124100386463	22.675719513135082	1.0230768659120453	16.24082427512949	1.1037711649111959	-3.4469368013003256	1.1037711649111959	0.3670722475358087	1.1037711649111959	0.05756476367771252	1.305356854810376	NaN	NaN	800000009	800000019	800000009	800000019	800000019	800010019	899999999	899999999	89999	89999	89	89	11	4	0	32	3	0	1	NaN	0	0	0	0	0	0	0	0	0	NaN	NaN	NaN	NaN	0	430	0	0	0	0	301	151	0	18000	0	21	18000	18000	18000	18000	93	NaN	0.1433099851402387	0.1121662025429507	0.07733565418714435	0.05260441875308848	4.2769343274782425	0.030100766350056023	5.144872073651375e-7	NaN	0.019189508789663523	-0.08693606231736385	0.009258021723725666	0.000057564763677712525	NaN	17.845390036726165	785.278128044467	94.25537142308553	94.37628534232245	94.13445726988051	0.24182817272427787	0.00027725219223712983	37.83663209796852	222
DATA	2026-09-09T020000_AIU-1657.ghg	2026-09-09	02:30:00	252.104	0	18000	18000	0.03483159079525029	0	NaN	24.114026187647394	0	NaN	17.281228833292722	0	NaN	2.8790880027180195	1	NaN	0.39053573328883556	0	NaN	0.10746008944805929	0	NaN	NaN	NaN	NaN	NaN	NaN	NaN	NaN	NaN	NaN	1.876488697508921e-10	8.257030595584734e-12	8.883659141593256e-13	NaN	18.00224507832969	448.8222594117999	457.8647812799294	0.1	0	792.1448639595458	19.749328268603026	20.14722237702749	0.1	1	0.08522609769598437	2.051864717858658	2.0932040926169333	0.1	0	NaN	NaN	NaN	NaN	9	300.13427479214135	291.9375283594626	98188.72530832552	1.1629843667003614	1016.4176094821995	0.02471942275611526	0.025306715517116544	0.014396893689996526	1939.6815278991705	2161.846273553838	0.012379266740139967	89.7233791147669	222.16474565466729	290.17864968102066	-0.32782343077288373	-1.3241804205181886	0.4353876772895406	1.4319512622233235	-3.419468083858758e-15	1.042363710383965e-14	1.4319512622233235	2.9757192029503075	264.9049702595812	256.09502974041885	17.70114040215457	NaN	0.17306120224036514	0.2011598717195651	-18.538855407375486	-0.10804874173640126	1.3953883962922309	0.11787561032494405	1	12.51949830187208	6	10	18	28	49	129	0.034415723950917874	1.0120836291261956	24.744123712315666	1.0221218514525696	15.716794641859076	1.0995390107895813	2.618450072681405	1.0995390107895813	0.35518133459256807	1.0995390107895813	0.07752722194703271	1.3051861728714051	NaN	NaN	800000009	800000019	800000009	800000019	800000019	800000019	899999999	899999999	89999	89999	89	89	3	0	0	29	15	0	20	NaN	0	0	0	0	0	0	0	0	0	NaN	NaN	NaN	NaN	0	631	0	0	0	0	301	0	0	18000	0	16	18000	18000	18000	18000	93	NaN	0.20437700786268836	0.1251797591595048	0.07276297641693703	0.07636764106912924	1.4623472995817606	0.02723723367253495	9.207663539877366e-7	NaN	0.02093273718906852	0.0660309918486783	0.0089568161157519	0.00007752722194703271	NaN	18.00364467232576	792.2036269708391	94.10307246568468	94.18998735555013	94.01616052542792	0.17382607082236154	0.00027711570777885037	31.666573338504108	228
DATA	2026-09-09T023000_AIU-1657.ghg	2026-09-09	03:00:00	252.124	0	18000	18000	0.055342250911197224	1	NaN	43.384726448746584	1	NaN	25.950800723590188	1	NaN	0.2842244876029924	2	NaN	0.5862724116821488	1	NaN	0.10369106364849708	1	NaN	NaN	NaN	NaN	NaN	NaN	NaN	NaN	NaN	NaN	2.46257758689541e-10	1.063851927659319e-11	1.1719679593144008e-12	NaN	18.059935714175726	449.7361791626173	458.64720786031074	0	0	780.2027243799988	19.428939160592137	19.813902262177912	0.1	1	0.08594923513039644	2.0659399995382772	2.1068743327686525	0.3	0	NaN	NaN	NaN	NaN	9	299.85098498450384	291.609528097454	98189.82881007816	1.164447683267678	1016.2290569867014	0.024691372273310138	0.03799045227700324	0.014179426149231981	1908.2359369644146	2117.9226565168383	0.012176954235884274	90.09941562751507	209.6867195524237	289.92094407451094	-0.2886416533015116	-1.1229890265949953	0.45868272693779477	1.2469194849165195	-7.07545141200696e-15	1.363558334796545e-14	1.2469194849165195	3.1794749091900947	265.4146974225266	255.58530257747333	21.583249913825604	NaN	0.2180059861625103	0.18373638216720867	-20.59670786489578	-0.09725340637636584	1.6718068513896893	0.16817322588050598	0	18.19613316009747	-2.76133340817581	6.246143687834814	15.55378094614204	23.720497327475318	33.2683347756768	49.842027778285065	0.05466343848728704	1.012418033747878	44.2346576961106	1.0216948854117491	23.653499140986785	1.097123117764113	0.25906343873441384	1.097123117764113	0.5343724894585626	1.097123117764113	0.0691685376222372	1.3054735909334565	NaN	NaN	800000009	800000009	800000009	800000019	800000019	800000019	899999999	899999999	89999	89999	89	89	7	0	0	8	8	0	6	NaN	0	0	0	0	0	0	0	0	0	NaN	NaN	NaN	NaN	0	331	0	0	0	0	301	0	0	12004	0	16	18000	18000	18000	18000	93	NaN	0.2367413919931074	0.08296242859277546	0.04776894374853446	0.10217973704839114	3.06088138041713	0.029001423541409915	8.68272178263835e-7	NaN	0.03738101428463876	0.006523408716716254	0.013455893941410434	0.0000691685376222372	NaN	18.061324109341793	780.2605429169895	94.10007675933836	94.17162580659655	94.0285263048808	0.14309923618079595	0.0002765948644244215	40.786497344083514	214
DATA	2026-09-09T030000_AIU-1657.ghg	2026-09-09	03:30:00	252.145	0	18000	18000	0.05149566033919817	1	NaN	45.75711849827817	0	NaN	14.765469158325653	0	NaN	4.797355053270521	1	NaN	0.33346166588797627	0	NaN	0.058894689708974796	0	NaN	NaN	NaN	NaN	NaN	NaN	NaN	NaN	NaN	NaN	-4.2246337755147556e-10	-1.780795723398816e-11	-1.993778490039998e-12	NaN	18.17164172918752	451.8155139770484	460.58750808625086	-0.1	0	765.9831265381023	19.04522800813733	19.414990937314403	0.1	1	0.08575945356104339	2.0577065946911803	2.097656949578762	0.4	0	NaN	NaN	NaN	NaN	9	299.37384823269315	291.2514162386136	98202.14262175532	1.1661960892303413	1016.0040598407255	0.024657957657141703	0.021608315949540862	0.013918225481561252	1870.783880519764	2070.861193374509	0.011934721450443993	90.33844887842457	200.0773128547453	289.60910457944186	-0.7082318193742313	-1.698691456482635	0.7464569460512849	1.986036995277166	-4.08439816865122e-14	-2.32484980634914e-14	1.986036995277166	3.7484561995401893	273.6326159791969	247.36738402080312	22.077011602371265	NaN	0.21013554728050982	0.14660261051201473	-17.48942450228132	-0.11453207049429874	3.0989275049535134	0.1837774063231869	0	15.39037704436666	-2.335549092937287	5.2830184074424364	13.155462818416181	20.062910857912257	28.13851774610439	42.15662709293423	0.050884728923950295	1.0120061839409804	45.79515553827109	1.0242154751008796	13.323841006288532	1.1081991410252272	4.328964782297475	1.1081991410252272	0.3009041006650494	1.1081991410252272	0.03396466166423259	1.3060207980893384	NaN	NaN	800000009	800000019	800000009	800000019	800000019	800000019	899999999	899999999	89999	89999	89	89	11	8	1	33	16	2	3	NaN	0	0	0	0	0	0	0	0	0	NaN	NaN	NaN	NaN	0	229	0	0	0	0	301	151	17997	17997	0	16	18000	18000	18000	18000	93	NaN	0.13054464714097574	0.09520272809215637	0.06745784579089738	0.10169150033526769	4.676148740524146	0.01663904775187161	4.2628163412189193e-7	NaN	0.03865026841720008	0.10881641973437366	0.007563772995257462	0.000033964661664232595	NaN	18.173077073492752	766.0396332782376	94.05768471569482	94.10088711886938	94.01448119990033	0.08640419188544737	0.00027663344450249696	35.43158930518632	164
DATA	2026-09-09T033000_AIU-1657.ghg	2026-09-09	04:00:00	252.166	0	18000	18000	0.0634825084241929	1	NaN	13.639960576531754	2	NaN	8.019690498979251	1	NaN	12.050724383415893	1	NaN	0.18108619085653715	1	NaN	0.021287612947854896	0	NaN	NaN	NaN	NaN	NaN	NaN	NaN	NaN	NaN	NaN	-5.551798462505097e-10	-2.3019558578862058e-11	-2.621416466912206e-12	NaN	18.192700846084147	451.72983464463044	460.3523188765966	0.2	0	754.3284318811184	18.73018529157784	19.08770147703299	0.1	1	0.08590125505747108	2.0592462259503383	2.098552503178985	-0.1	0	NaN	NaN	NaN	NaN	9	299.2468674155341	291.08204646137204	98215.81949832088	1.167177203037567	1015.8217362995667	0.024640186750376002	0.011734385167503606	0.013697864718174895	1840.093951127468	2048.92432739466	0.01173589124472817	89.80780434518374	208.83037626719192	289.3494562663305	-0.6752760816578652	-1.764612820478788	0.5938049471140469	1.980520261919699	-6.804020809133052e-14	-3.051662592308323e-14	1.980520261919699	3.1045277190355973	271.94068034825204	249.0593196517479	17.446954837845876	NaN	0.2332161605486323	0.1660842576866638	-80.20764571716589	-0.02497392838412785	1.7008088502003726	0.049328757423554456	0	15.57868496966923	-2.364125547098577	5.347658424563063	13.316425600717723	20.308389257063414	28.482804691289914	42.67243167411765	0.06272960505623772	1.0120023610427675	13.85727401784809	1.0241904377025082	7.2372897789811335	1.1081068665055256	10.875056140946494	1.1081068665055256	0.16341942851378782	1.1081068665055256	0.01286874199633601	1.3060037089505776	NaN	NaN	800000009	800000009	800000009	800000019	800000019	800000019	899999999	899999999	89999	89999	89	89	10	3	0	48	8	0	12	NaN	0	0	0	0	0	0	0	0	0	NaN	NaN	NaN	NaN	0	0	0	0	0	0	301	0	18000	18000	0	16	18000	18000	18000	18000	93	NaN	0.11523630824150344	0.1363300135841021	0.08060219354772204	0.08518834323289604	8.137241990560504	0.0286746194532502	1.9765985905430487e-7	NaN	0.011687550676166199	0.2730796180792198	0.004103566413532605	0.000012868741996336009	NaN	18.194095590483116	754.3840681375206	93.98394282192652	93.99222730000812	93.9756585159302	0.01656939004535764	0.00027615291432690954	33.32031965351104	208
DATA	2026-09-09T040000_AIU-1657.ghg	2026-09-09	04:30:00	252.187	0	18000	18000	0.10592863768738084	1	NaN	66.5961663108284	0	NaN	66.52327084935968	1	NaN	11.92524218613575	2	NaN	1.5025914689275626	1	NaN	0.08589988097742429	1	NaN	NaN	NaN	NaN	NaN	NaN	NaN	NaN	NaN	NaN	-9.575262561347118e-10	-4.0443013261041566e-11	-4.495943751967287e-12	NaN	18.268069441313457	453.9962383339962	462.8720072325525	0.1	1	771.5880060052644	19.17542810943206	19.550313745169397	0.1	1	0.0857754157016273	2.059691522448817	2.0999591379309575	0.3	0	NaN	NaN	NaN	NaN	9	299.57212490251334	291.4153165409483	98233.69986597521	1.1658569161087078	1016.081254574564	0.024663908058304016	0.09736792718650605	0.01400999467057612	1884.1785251124463	2092.2852925157267	0.012016907458367549	90.05361419173116	208.1067674032804	289.72125766860574	-0.6980419076858717	-1.4024160021381098	0.7288008212819649	1.7277684408044764	1.2742377483755245e-14	-5.241529539893552e-14	1.7277684408044764	3.331812412034272	277.4614770289004	243.53852297109967	24.94930876301337	NaN	0.30142832956820104	0.24571928096461856	-35.47722730130433	-0.05646157133385549	1.0010957888951941	0.18650542535995404	0	16.75522399415305	-2.5426698831806034	5.751526198919994	14.322113463100399	21.84212670228825	30.63389326592234	45.89515433857658	0.10468165816591841	1.0119121109018543	69.32354341037406	1.0231216584932517	60.25897313845267	1.1039562638499327	10.802277750159872	1.1039562638499327	1.3610969185386304	1.1039562638499327	0.04716336822909953	1.305378336263277	NaN	NaN	800000009	800000019	800000009	800000019	800000019	800000019	899999999	899999999	89999	89999	89	89	10	7	0	31	11	0	8	NaN	0	0	0	0	0	0	0	0	0	NaN	NaN	NaN	NaN	0	299	0	0	0	0	301	0	18000	18000	0	21	18000	18000	18000	18000	93	NaN	0.19660194001736533	0.18259624801666804	0.11224037389520375	0.10437788151544784	5.873254966439186	0.0423178109629884	5.613306024563787e-7	NaN	0.05852036962666326	0.2716365291785381	0.034226452177825654	0.00004716336822909953	NaN	18.269471004265036	771.6446707875107	93.76323963801067	93.74775484424168	93.77872492896186	-0.0309706692564494	0.0002761559946601563	29.736294365835175	072
DATA	2026-09-09T043000_AIU-1657.ghg	2026-09-09	05:00:00	252.208	0	18000	18000	0.05726249558024128	1	NaN	36.46767415026579	0	NaN	18.399998759636983	0	NaN	0.18324221317516984	2	NaN	0.41805384078216057	0	NaN	NaN	NaN	NaN	NaN	NaN	NaN	NaN	NaN	NaN	NaN	NaN	NaN	1.8527574049001412e-10	7.616772013290721e-12	NaN	NaN	18.351524521440414	455.68707714484475	464.3866685384115	0	0	754.4397232278744	18.733508050408652	19.091152305821332	0.1	1	NaN	NaN	NaN	NaN	0	NaN	NaN	NaN	NaN	9	299.2474877124363	297.47734937842364	96932.34302206252	1.1272466534747014	1015.8924984821738	0.025666805683990542	0.027089888882684002	0.01315231139428209	1805.56115549947	3032.16968561866	0.011667642883427965	59.54683750263394	1226.60853011919	289.05270960624864	-0.4359556621666699	-1.7053592375453754	0.5697275843416936	1.8501072911634986	-5.0927015794270205e-14	1.0095931827001793e-14	1.8501072911634986	3.303523951385971	265.33990217939277	255.6600978206073	17.935309591587878	NaN	0.22538533688121648	0.18862789115652162	-26.8291309502642	-0.07466138220106136	1.981938946118998	0.1412913904981096	0	15.549106550440367	-2.3596369078663257	5.337505110398071	13.29114241283538	20.269830800269542	28.428725907386585	42.59141180138581	0.056587190940401516	1.011933878120068	36.90191706039054	1.0236187737389608	16.637566819350354	1.1059308707470872	0.16569047670347117	1.1059308707470872	0.37801082494401617	1.1059308707470872	NaN	1	NaN	NaN	800000009	800000019	800000009	800000019	800000019	800000019	899999999	899999999	89999	89999	89	89	11	3	0	40	7	0	5	NaN	0	0	0	0	0	0	0	0	0	NaN	NaN	NaN	NaN	0	1596	0	0	0	0	301	151	18000	18000	0	16	18000	18000	18000	18000	93	NaN	0.1698789823459898	0.13173806024770304	0.07563873971935045	0.07074171557344114	1.1936871580088	0.026876648398271828	NaN	NaN	0.03222420563734876	0.004333464825933651	0.009886486213982502	NaN	NaN	18.352942570586144	754.4952170296075	93.99771159956191	94.02485559505888	93.9705693321228	0.05428536534107612	0.0002763944834360801	33.56117229891902	121
DATA	2026-09-09T050000_AIU-1657.ghg	2026-09-09	05:30:00	252.229	0	18000	18000	0.06110113213138168	1	NaN	45.46826100719882	0	NaN	20.860421338878695	1	NaN	2.0666657380078255	0	NaN	0.4708065029356288	1	NaN	0.041221156433576434	0	NaN	NaN	NaN	NaN	NaN	NaN	NaN	NaN	NaN	NaN	3.601687645110682e-10	1.4442521489383645e-11	1.6866685552304081e-12	NaN	18.429120160329624	456.9471547748861	465.4762003354096	0.1	0	738.9951327603662	18.323268846780298	18.665277749076456	0.1	1	0.08630347919589103	2.0638973868195	2.1024206047900784	0.2	0	NaN	NaN	NaN	NaN	9	298.89895013936365	290.5844472525308	98221.28141667903	1.1694220974522451	1015.5813142833084	0.024596696964363694	0.030508261390228747	0.013423969517318064	1800.2177057205456	1985.6484520680374	0.011479148159218232	90.66145136847526	185.43074634749178	289.0063478538826	-0.7052688316047308	-1.4735725787153557	0.6613568934984404	1.762445236072007	1.9811339730932582e-14	1.9543459556271417e-14	1.762445236072007	3.25582359731367	276.5763143809987	244.42368561900128	22.03974130679121	NaN	0.22858039592623203	0.17261091365060724	-22.6539165764845	-0.08842179643582172	2.1796425042699	0.16748787250761143	0	16.861598525486638	-2.558812628706044	5.788041133251907	14.413040812557227	21.980796647380934	30.828379835616833	46.186530660072044	0.06038176499991473	1.0119136486233544	45.892604041376245	1.0232583622731455	18.886593534481253	1.1045094659761605	1.8711163658351406	1.1045094659761605	0.42625845901604126	1.1045094659761605	0.01979723383044431	1.3054412544352925	NaN	NaN	800000009	800000009	800000009	800000019	800000019	800000019	899999999	899999999	89999	89999	89	89	18	1	0	35	5	0	10	NaN	0	0	0	0	0	0	0	0	0	NaN	NaN	NaN	NaN	0	5	0	0	0	0	301	0	18000	18000	0	16	18000	18000	18000	18000	93	NaN	0.1824664835312992	0.09922405485583259	0.06353128891408265	0.08877394158711123	1.7866349158711048	0.03845276768547508	4.383328775460131e-7	NaN	0.038641742617438635	0.04688255431120448	0.010680300659179114	0.000019797233830444313	NaN	18.43056661669413	739.0477592111777	93.95890033298068	93.95915266884698	93.95864505937365	0.0005052787077256115	0.0002756942185482735	30.388777787445623	177
DATA	2026-09-09T053000_AIU-1657.ghg	2026-09-09	06:00:00	252.249	1	18000	18000	0.29239254513591995	1	NaN	66.83629017127367	1	NaN	124.29249747720375	1	NaN	33.250518043658715	1	NaN	2.805938945451344	1	NaN	0.07561887612960676	1	NaN	NaN	NaN	NaN	NaN	NaN	NaN	NaN	NaN	NaN	-1.6354758689449997e-10	-6.579629727749886e-12	-7.651095610551102e-13	NaN	18.48628501665994	458.40354608196566	467.01620467799665	0.1	1	743.7157145567368	18.441883835635466	18.78837689988325	0.1	1	0.08648267873105503	2.0708300997104288	2.109737636119411	0.1	0	NaN	NaN	NaN	NaN	9	299.08222208489315	290.8565653432458	98213.14438459446	1.1681784638241706	1015.6536723445572	0.024621770328362047	0.1818248436652471	0.013497110401899699	1811.7212445956982	2020.0360132880749	0.011553979824037596	89.68757154218768	208.31476869237667	289.10600753989235	-0.42770257781394777	-1.617679383886536	0.43802493887187743	1.729647921166088	-4.8727529900099236e-14	-8.846968806718602e-15	1.729647921166088	3.614363988106093	265.80970823955647	255.19029176044353	14.669626609464284	NaN	0.500297750408375	0.47951915752438434	-161.58224958017914	-0.012396782475825333	0.5377339061316391	0.11259755163743544	0	20.336036195319018	-3.0860719495694267	6.980703152663222	17.382937875418005	26.51007705748852	37.18076001113028	55.70355371821601	0.28895053689330386	1.011912101910671	72.85004186671007	1.0231289678183977	112.58530657767686	1.1039850692368072	30.118630197277067	1.1039850692368072	2.541645737465553	1.1039850692368072	0.03585656212063965	1.305382029232337	NaN	NaN	800000009	800000009	800000009	800000019	800000019	800000119	899999999	899999999	89999	89999	89	89	10	1	0	43	0	0	3	NaN	0	0	0	0	0	0	0	0	0	NaN	NaN	NaN	NaN	0	13	0	0	0	0	301	0	18000	18000	0	16	18000	18000	18000	18000	93	NaN	0.37132479742494945	0.39719030277007583	0.19052321485374352	0.09847897726543858	7.684270434520675	0.06501122716433054	1.8199522463882375e-7	NaN	0.06140093253261086	0.7555107746560105	0.06375591211938152	0.00003585656212063965	NaN	18.487630831081944	743.7648948975891	93.7286565543281	93.68046706093682	93.77684755452475	-0.09638010843674726	0.0002760193455065342	42.33124379351218	241
DATA	2026-09-09T060000_AIU-1657.ghg	2026-09-09	06:30:00	252.27	1	18000	18000	0.12342581984156137	1	NaN	46.267879727115215	0	NaN	20.591405312625294	1	NaN	-0.8279605552615315	2	NaN	0.4648011805790401	1	NaN	0.08566039919794008	0	NaN	NaN	NaN	NaN	NaN	NaN	NaN	NaN	NaN	NaN	-1.2164798681457735e-10	-4.847576597438906e-12	-5.707042345911252e-13	NaN	18.55800125114476	460.0580361487259	468.64976936025374	0.1	1	739.521753840574	18.332950901173646	18.67532471218562	0.1	1	0.08706374989763953	2.083465751274821	2.122375150706596	-0.1	0	NaN	NaN	NaN	NaN	9	298.9931324971517	290.73220898308904	98227.76051364445	1.1689005419850942	1015.5895219500267	0.024607581124173605	0.030119116501521794	0.013425122088694522	1801.287757429428	2004.2568830602922	0.011485256107329034	89.87309823674141	202.96912563086426	289.0156416877718	-0.3382560328036609	-1.7336353039757628	0.4668645126255641	1.8269841225550933	2.0439643081980338e-14	-6.555015551961634e-15	1.8269841225550933	3.4172317516167534	262.0404858472749	258.9595141527251	14.80548739503448	NaN	0.324948270872346	0.28286141977506907	-63.961723122292085	-0.03131716755300914	2.246951047034502	0.11994153321231037	0	16.11007261828634	-2.444765672882893	5.530066608653609	13.77064777041478	21.00110672554824	29.454350790360063	44.1279847694034	0.12197115666740288	1.0119262882627664	46.6510996850263	1.0235217730471917	18.625436069815304	1.1055529242612514	-0.7489108274167773	1.1055529242612514	0.4204241790501598	1.1055529242612514	0.054481727048499434	1.3055782048189652	NaN	NaN	800000009	800000009	800000009	800000019	800000019	800011019	899999999	899999999	89999	89999	89	89	8	3	0	65	34	0	12	NaN	0	0	0	0	0	0	0	0	0	NaN	NaN	NaN	NaN	0	43	0	0	0	0	301	0	18000	18000	0	16	18000	18000	18000	18000	93	NaN	0.2039434936883025	0.21788581086647618	0.1438935349953594	0.05285645752329751	0.35134560828605754	0.009212443819152802	4.0927086568285173e-7	NaN	0.03929760781279278	-0.018773143375377305	0.010538882738560785	0.00005448172704849944	NaN	18.55945029259523	739.5780897434572	93.86777884504531	93.84675583140054	93.88879850938585	-0.04204107355263155	0.0002753211516068808	42.28730056071301	072
DATA	2026-09-09T063000_AIU-1657.ghg	2026-09-09	07:00:00	252.291	1	18000	18000	0.11426349382707768	1	NaN	35.893801068950594	0	NaN	22.680325076673274	0	NaN	4.07854105264058	0	NaN	0.5118988687693412	0	NaN	0.060822926851959794	0	NaN	NaN	NaN	NaN	NaN	NaN	NaN	NaN	NaN	NaN	8.834549554014532e-11	3.493113428696839e-12	4.137170476456975e-13	NaN	18.597797543996908	460.90243421452647	469.45770480528273	0.1	0	735.3427126977869	18.223730281101044	18.561999147034633	0.1	1	0.08709245271162071	2.0830122263523405	2.121677097521155	0.5	0	NaN	NaN	NaN	NaN	9	298.9264657589948	290.6215172378945	98232.59221134822	1.1694519036852977	1015.5254472081339	0.02459700227718029	0.03317104669625331	0.013350879980879552	1790.6444578867104	1990.302587209229	0.011416356618691953	89.96845351025362	199.65812932251856	288.9229837483414	-0.23429496134841443	-1.8415378824044693	0.5015613153178206	1.9229455671618443	6.029114921210738e-14	4.750320317830427e-15	1.9229455671618443	3.5492969960877985	258.250666017521	262.749333982479	15.119299290703948	NaN	0.31258099341046613	0.3024815333910361	-73.38904293288118	-0.02729426519203907	1.5825964111011526	0.09669047834664214	0	17.05180683199583	-2.5876774730471572	5.853333489744521	14.57562801213149	22.22875238536756	31.17614128374357	46.70754067979873	0.11291229227683161	1.01196682418716	36.55759692780538	1.023933207056911	20.485546313377615	1.1071379171304996	3.6838599686039277	1.1071379171304996	0.46236233160191115	1.1071379171304996	0.037469823899376926	1.3058297903373455	NaN	NaN	800000009	800000009	800000009	800000019	800000019	800000019	899999999	899999999	89999	89999	89	89	16	7	0	52	0	0	14	NaN	0	0	0	0	0	0	0	0	0	NaN	NaN	NaN	NaN	0	9	0	0	0	0	301	0	18000	9001	0	21	18000	18000	18000	18000	93	NaN	0.29389229825649194	0.1955511648882415	0.1155196036373388	0.06721591167023393	1.4970959016154086	0.02571146130204401	2.2313989107825804e-7	NaN	0.0307825408488274	0.09229430980938355	0.011583885555027668	0.00003746982389937693	NaN	18.59922911555338	735.3962570606683	93.90129661814373	93.88274942101373	93.91984083684285	-0.03709138266857577	0.00027530949291152253	43.873697077221195	049
DATA	2026-09-09T070000_AIU-1657.ghg	2026-09-09	07:30:00	252.312	1	18000	18000	0.12321148531069992	1	NaN	29.407135946020635	0	NaN	15.841758697275738	1	NaN	3.3595635903995342	0	NaN	0.357473508363984	1	NaN	0.09346819829048456	1	NaN	NaN	NaN	NaN	NaN	NaN	NaN	NaN	NaN	NaN	4.1927525724864307e-10	1.6440844597981757e-11	1.9674188897668585e-12	NaN	18.61191459217578	460.94302655339976	469.42781380971275	0	0	729.8203034657163	18.074743350747415	18.407453345712014	0.1	1	0.08733506618936687	2.086554934357291	2.124963096964738	0.5	0	NaN	NaN	NaN	NaN	9	298.7832655571832	290.3959290654865	98238.73902120725	1.170499998289734	1015.4367094947121	0.02457637158523846	0.023164283341986162	0.013252846525022233	1776.1162915413165	1962.1273060273274	0.011322380644499372	90.51993140737525	186.01101448601094	288.7957212605441	-0.43716145978942533	-1.833749914157635	0.6991872701527747	2.0106247109648474	2.4625804655313232e-14	2.2527250228458564e-14	2.0106247109648474	3.630028833368168	264.4088877843358	256.5911122156642	20.34952953633592	NaN	0.3244441051278051	0.25491452859874236	-100.16961306715255	-0.019997082335310057	1.8563050042592617	0.07625855370497271	0	17.72116125856686	-2.689254589665216	6.0831012041080985	15.147782108532954	23.10132348313407	32.39993465516044	48.54100615453108	0.12174759700703973	1.0120239605515626	29.779751687642612	1.0243277967339195	14.28964110059392	1.1086183750701273	3.030405833014467	1.1086183750701273	0.3224495610054916	1.1086183750701273	0.06520101138761909	1.3061016855117147	NaN	NaN	800000009	800000009	800000009	800000019	800000019	800000119	899999999	899999999	89999	89999	89	89	15	6	1	41	7	0	11	NaN	0	0	0	0	0	0	0	0	0	NaN	NaN	NaN	NaN	0	9	0	0	0	0	301	0	18000	15001	0	21	18000	18000	18000	18000	93	NaN	0.23281030646326042	0.16398558318043355	0.11303316755379082	0.10330184785150671	2.6734577756661397	0.05982838670317825	3.783180967534826e-7	NaN	0.025055137764695368	0.07584767479869897	0.008070552523257044	0.0000652010113876191	NaN	18.613317024601834	729.869891344875	93.83457624859278	93.79328823852542	93.87586403740777	-0.08257555707226781	0.0002750393750951237	43.315838933875575	191
DATA	2026-09-09T073000_AIU-1657.ghg	2026-09-09	08:00:00	252.333	1	18000	18000	0.08622009375045869	1	NaN	52.08725808883134	0	NaN	29.40049920012001	0	NaN	1.76287938920319	1	NaN	0.6635952438320362	0	NaN	0.05786449229651024	0	NaN	NaN	NaN	NaN	NaN	NaN	NaN	NaN	NaN	NaN	7.740733522052978e-11	3.0531210958070195e-12	3.6452479988701643e-13	NaN	18.567061045767268	460.09668175559403	468.60049586410287	0.1	1	732.327054076579	18.147258023762245	18.482667764654913	0.1	1	0.08743556657668404	2.0914304904184644	2.1300857053257385	-0.8	0	NaN	NaN	NaN	NaN	9	298.79632277170816	290.65416034218174	98258.82850906563	1.1696669260305275	1015.482664087031	0.024593196619090023	0.043000971800315944	0.013296912973784	1783.606619360903	1994.408841789663	0.01136811914389119	89.43034055948134	210.80222242875993	288.8614480397338	-0.3242354757535358	-1.8736796928467563	0.48022049790888716	1.961228176866559	-6.415705903610955e-15	4.169067739354276e-15	1.961228176866559	3.517224011770795	260.8176605510381	260.1823394489619	14.173384546358939	NaN	0.27150206710270813	0.24630119396759786	-33.145765664030016	-0.06043305863873213	1.7716453633759637	0.16151900571016153	0	14.245441626196014	-2.161800726040778	4.889999128441579	12.17678924337567	18.570371905383336	26.0452106432657	39.02047160238504	0.08519860338175794	1.0119895201113058	52.838079829323554	1.024103434782896	26.54009913448846	1.1077765403639543	1.591367324518359	1.1077765403639543	0.5990334870370294	1.1077765403639543	0.030553790892684674	1.3059431428200028	NaN	NaN	800000009	800000009	800000009	800000019	800000019	800010119	899999999	899999999	89999	89999	89	89	12	32	0	90	8	0	10	NaN	0	0	0	0	0	0	0	0	0	NaN	NaN	NaN	NaN	0	12	0	0	0	0	301	0	18000	12002	0	16	18000	18000	18000	18000	93	NaN	0.19755201214353782	0.15843076185430738	0.1366196139373506	0.058655666697759276	1.9157402308657956	0.01716862673311451	2.5903190910568054e-7	NaN	0.044484867688395276	0.039860359771419517	0.015004512120198741	0.000030553790892684674	NaN	18.568478591972774	732.3819213406005	94.05457718785607	94.0671220965915	94.04203111690944	0.025090040347616104	0.00027568936782902003	44.38673203957544	040
DATA	2026-09-09T080000_AIU-1657.ghg	2026-09-09	08:30:00	252.354	1	18000	18000	0.025974212228262294	0	NaN	33.03393400727245	0	NaN	25.28391016849142	0	NaN	-0.47497210262005324	2	NaN	0.5710210575476418	0	NaN	0.04546410105352336	0	NaN	NaN	NaN	NaN	NaN	NaN	NaN	NaN	NaN	NaN	-1.7345172279577143e-10	-7.0185088194523055e-12	-8.232550736408348e-13	NaN	18.37389715624735	456.0306564679376	464.60385900539853	0	0	743.4769580851663	18.452714869424593	18.79961887620098	0.1	1	0.08720815113635931	2.092062221133332	2.1313921935559366	0.2	0	NaN	NaN	NaN	NaN	9	299.15641257731124	291.27342896080427	98278.83136563771	1.1672819640235585	1015.6676895387197	0.02464057879738722	0.03700216452908718	0.013494728771533715	1813.9977080863687	2073.7273489795734	0.011560813228894675	87.47522710634979	259.72964089320476	289.12566354739454	-0.4339951776959884	-1.2863950723611992	0.3564923310339059	1.4036562536977253	2.11531608493127e-14	-9.440116123475511e-15	1.4036562536977253	2.5439958100523627	269.64301454380245	251.35698545619755	14.712804154359311	NaN	0.14917062342485948	0.1722083190045272	-8.6700475350088	-0.23103679557830323	1.3065199878948723	0.186788261511082	1	13.840600032220175	6	11	19	29	49	118	0.025663144338283844	1.0121211916154174	33.97238917865237	1.0220448659252455	23.00314518698345	1.0991501363386849	-0.4321266830773503	1.0991501363386849	0.5195114285749322	1.0991501363386849	0.025907144335651243	1.3052070608353605	NaN	NaN	800000009	800000009	800000009	800000019	800000019	800000019	899999999	899999999	89999	89999	89	89	16	3	0	47	5	0	7	NaN	0	0	0	0	0	0	0	0	0	NaN	NaN	NaN	NaN	0	5	0	0	0	0	301	0	18000	15001	0	16	18000	18000	18000	18000	93	NaN	0.2050318464371241	0.07687628068005513	0.06250851089187522	0.058098584835493496	3.0936537619839215	0.08281881306716356	3.060789778247241e-7	NaN	0.028654885573592664	-0.010848081841159596	0.013041783151330684	0.000025907144335651244	NaN	18.375441356658932	743.5177575308563	94.1728496008979	94.22720933914187	94.11848840374418	0.10871960241968581	0.00027602591485548255	43.0690235300703	014
DATA	2026-09-09T083000_AIU-1657.ghg	2026-09-09	09:00:00	252.374	1	18000	18000	0.003994242818591598	1	NaN	10.809788230058613	1	NaN	21.943934247053125	1	NaN	4.691094289525851	2	NaN	0.496154654223915	1	NaN	0.004431299725504638	2	NaN	NaN	NaN	NaN	NaN	NaN	NaN	NaN	NaN	NaN	2.61594848028404e-10	1.1148851487503888e-11	1.262435613731734e-12	NaN	18.022191698508053	450.61415332218786	459.4374765679803	0.1	1	768.0836998142067	19.204622382360107	19.580661594274936	0.1	1	0.0869736419091349	2.098216798824394	2.139301271913597	0	1	NaN	NaN	NaN	NaN	9	299.30215229882134	292.4537260900089	98279.59362986205	1.162247149575457	1016.1173581727733	0.024740235372458234	0.03215082159370969	0.013988035928099985	1887.9287646545085	2232.588276442926	0.012035336832798001	84.56233442479835	344.6595117884176	289.752532920364	-0.4303892165498596	-0.05606431190269726	0.3028385327149805	0.5292345998595428	-1.683155218116746e-13	1.4515151786453358e-14	0.5292345998595428	2.258664714198999	333.57820175850384	187.42179824149613	34.90516675849232	NaN	0.05862299287137242	0.4196118060585886	-1.608380911980832	-1.2454139346462674	0.4926093975837661	0.15613736258932848	1	8.34688074783232	4	7	11	16	26	57	0.003921994452096106	1.0184213331706473	11.900454133793511	1.0237074922867893	20.06429316245996	1.0936809021565705	4.289271468739862	1.0936809021565705	0.45365577221434	1.0936809021565705	-0.000490215236257618	1.313792654570396	NaN	NaN	800000009	800000009	800000009	800000019	800000019	800010119	899999999	899999999	89999	89999	89	89	18	1	0	27	0	1	6	NaN	0	0	0	0	0	0	0	0	0	NaN	NaN	NaN	NaN	0	11	0	0	0	0	301	0	18000	3004	0	16	18000	18000	18000	18000	93	NaN	0.03821999174957458	0.7621937225872486	0.0388098977803541	0.04612137034509139	7.542151628067447	0.0473503822157454	1.0053105595003275e-7	NaN	0.010076766025020447	0.10819600652648852	0.01144337523260148	-4.90215236257618e-7	NaN	18.023741486695254	768.1386578598708	94.60519657431706	94.83638664881386	94.37400816599528	0.4623764905151592	0.00027811487459176624	49.32163977384042	154
DATA	2026-09-09T090000_AIU-1657.ghg	2026-09-09	09:30:00	252.395	1	18000	18000	0.04818529231938355	1	NaN	24.904235470972164	1	NaN	83.04178159097586	1	NaN	-0.7297853926786011	2	NaN	1.879460437786172	1	NaN	0.05195879872460866	1	NaN	NaN	NaN	NaN	NaN	NaN	NaN	NaN	NaN	NaN	2.2862081185995976e-10	1.002504024560829e-11	1.119051767276931e-12	NaN	17.700379893561585	445.14822110902605	454.01040610332495	0.1	1	776.1630244940462	19.519783853328626	19.908391349335126	0.1	1	0.08663971245757011	2.1002117720403803	2.142023609914641	0	1	NaN	NaN	NaN	NaN	9	300.0056962653266	293.4880025907376	98256.02720001593	1.1577345844683569	1016.3165998212163	0.024833685251412208	0.12178903636854393	0.01416408831402712	1918.4508793709126	2380.4524889761665	0.012234313895469754	80.59185756721568	462.00160960525386	290.00506458942937	-0.4243098852955602	0.25274026551875545	0.2178536643745678	0.539793237874886	3.580027123721934e-14	1.291615283031972e-14	0.539793237874886	1.669874606699147	11.780150753728549	149.21984924627142	23.802626738137104	NaN	0.20401060582482944	0.1182380774160023	-29.420212537662117	-0.06808584395628492	0.299900062279956	0.10374864715637674	0	18.723991641929423	-2.8414379692848653	6.42734042317169	16.00498643715161	24.40861417062074	34.233428432293664	51.28791393898685	0.04732401452031397	1.018199592908583	29.329251458085754	1.0235804790070047	75.93519632320816	1.093587501078149	-0.6673315047576149	1.093587501078149	1.7186191648434572	1.093587501078149	0.02967631695654888	1.3134778643102993	NaN	NaN	800000009	800000009	800000009	800000019	800000019	801010019	899999999	899999999	89999	89999	89	89	12	0	0	47	1	0	3	NaN	0	0	0	0	0	0	0	0	0	NaN	NaN	NaN	NaN	0	34	0	0	0	0	301	0	18000	14997	0	21	18000	18000	18000	18000	93	NaN	0.07679662644147318	0.12073325026010684	0.03894627813042458	0.04329042699280808	3.444177789839061	0.11681119533278816	0.0000010012032341693415	NaN	0.024926594742975747	-0.016902318654379897	0.04352956298722819	0.00002967631695654888	NaN	17.701866525141032	776.2191855982014	94.64843548414441	94.96747985839843	94.32939342329237	0.6380885878702034	0.0002796862349269859	41.88435429273375	190
DATA	2026-09-09T093000_AIU-1657.ghg	2026-09-09	10:00:00	252.416	1	18000	18000	0.18621101960506553	1	NaN	-128.19266245387462	2	NaN	217.95120151273275	1	NaN	27.159609980852647	1	NaN	4.942582153822406	1	NaN	0.16604606490107385	1	NaN	NaN	NaN	NaN	NaN	NaN	NaN	NaN	NaN	NaN	-6.764919399502901e-10	-3.032011337553688e-11	-3.354222216225178e-12	NaN	17.321790138366868	438.4250647239729	447.2128171059196	0.2	0	776.3560950942485	19.650045897198353	20.043909641615393	0.1	1	0.0858859209928942	2.1012745885770467	2.1433923465627074	0.6	0	NaN	NaN	NaN	NaN	9	301.9164967464872	295.5301372623812	98237.67891163733	1.1494628119316617	1016.4327175877249	0.02501115242563385	0.3202793235676919	0.014157437734520254	1930.892702079987	2697.7471445376905	0.012316568737642595	71.57426543809322	766.8544424577035	290.1069941412991	-0.5314996178562182	0.27873465991834695	0.23743652147997787	0.6454153361624885	-1.9559164823390802e-13	-3.905438956057408e-14	0.6454153361624885	2.59405495316928	8.673891428575075	152.32610857142492	21.58503832282896	NaN	0.4024901221127169	0.44245150667186145	43.886752940691665	0.04564247445480824	-0.5881713960011621	-0.2726053532057563	0	24.434674830749838	-3.7080561751451104	8.387633164450131	20.88639253537192	31.853066468624654	44.67437863044496	66.93035992604665	0.18380579039731113	1.0130857096642891	-113.43727236012283	1.023897198566126	195.06982219907044	1.1172984065690676	24.308286686143887	1.1172984065690676	4.423690327277731	1.1172984065690676	0.1363762192956245	1.4473985807994894	NaN	NaN	800000009	800000009	800000009	800000019	800000019	810100019	899999999	899999999	89999	89999	89	89	4	3	1	7	2	0	2	NaN	0	0	0	0	0	0	0	0	0	NaN	NaN	NaN	NaN	0	7	0	0	0	0	301	0	18000	18000	0	16	18000	18000	18000	18000	93	NaN	0.2519991560320816	0.5549835584882354	0.07792029882340593	0.4428578522900708	16.207526446215724	0.521411969689634	0.0000010261432271837242	NaN	-0.09709172428792309	0.6201678592648601	0.11285988995194376	0.0001363762192956245	NaN	17.323247127657996	776.433436721552	94.59718384594387	94.97784863705105	94.21651918707954	0.7613296607765851	0.0002814986356679584	42.173902956393036	209
DATA	2026-09-09T100000_AIU-1657.ghg	2026-09-09	10:30:00	252.437	1	18000	18000	0.5826229783350358	1	NaN	-412.0157473422839	1	NaN	255.58331936677968	1	NaN	26.602580886440922	1	NaN	5.810459379222651	1	NaN	0.31322506416465123	1	NaN	NaN	NaN	NaN	NaN	NaN	NaN	NaN	NaN	NaN	3.3282804513278484e-9	1.423648675110017e-10	1.6541780362556037e-11	NaN	16.738955398470072	427.34051448274573	435.2973989972776	0.1	1	715.9971049389851	18.279191497263216	18.619541664948073	0.3	0	0.08319374756704918	2.057881096335393	2.0961978991501193	0	0	NaN	NaN	NaN	NaN	9	303.9808135732014	298.1025386175418	98230.1599847238	1.1400516622535477	1015.717297323213	0.025230789672455727	0.3765177677736278	0.013055121964098297	1796.0495472504813	3149.580192948554	0.01145134242275666	57.02504579091434	1353.530645698073	288.9700993865713	0.26398344133255486	-0.005906692929154703	0.16537642710609035	0.3115630096167272	3.3934788644402396e-14	1.9883441780554901e-13	0.3115630096167272	5.252737746733964	162.28179295158645	358.7182070484138	32.059259173981445	NaN	0.714877351988142	0.8724251300373975	76.49075778818113	0.02618747751914031	-1.6120603972241745	-0.4977197751212446	0	17.129029682405523	-2.5993963385244916	5.879841595362304	14.6416369431907	22.329420170146143	31.31732928325741	46.91906603089248	0.5730749580092257	1.0166610321954714	-389.7371366015417	1.0241228844514767	230.19723133625348	1.1102797278801508	23.96025093354901	1.1102797278801508	5.233329253265319	1.1102797278801508	0.30638981947245236	1.42579245577905	NaN	NaN	800000009	800000009	800000009	800000019	800000019	800010119	899999999	899999999	89999	89999	89	89	3	6	0	24	12	1	2	NaN	0	0	0	0	0	0	0	0	0	NaN	NaN	NaN	NaN	0	4	0	0	0	0	301	0	4	18000	0	16	18000	18000	18000	18000	93	NaN	0.5611869563189276	0.5862323250667107	0.5974309786891568	0.5375734978021665	1.5853090001764998	0.20652781730051073	4.351631199906059e-7	NaN	-0.33656923027256236	0.6157953115947296	0.1345002448901727	0.00030638981947245236	NaN	16.740349477311618	716.0483083257075	94.54656326463487	94.9975696733263	94.09555766508315	0.9020131332377633	0.00028336263433124655	27.949485842722442	165
DATA	2026-09-09T103000_AIU-1657.ghg	2026-09-09	11:00:00	252.458	1	18000	18000	0.27414783482191585	0	NaN	-6.602157265076072	2	NaN	164.2759974533486	0	NaN	5.197533834615266	1	NaN	3.7386482478832352	0	NaN	0.054142590491590835	1	NaN	NaN	NaN	NaN	NaN	NaN	NaN	NaN	NaN	NaN	5.276518750088694e-10	2.2509015429778116e-11	2.661941522285528e-12	NaN	16.457098286216777	422.248500872785	429.9938204863133	0.2	0	702.0406764357689	18.012630053075117	18.343036381464536	0.3	0	0.08302412128011119	2.0636221756835553	2.101475272329716	0	1	NaN	NaN	NaN	NaN	9	305.4532210981581	299.1988742562788	98207.95010370458	1.1357326818806153	1015.5948006769506	0.025329308247855054	0.24226440646283362	0.012814704449946323	1769.457984579425	3361.367966738211	0.011283204801967093	52.64100812790405	1591.909982158786	288.7370906582151	1.474201175069743	1.3269098738894258	0.5572274112922719	2.060209044222769	-7.804011571979458e-14	3.206226673937961e-14	2.060209044222769	6.576802428642438	119.01002158589694	41.98997841410306	15.69231365667207	NaN	0.4913085799670394	1.5541959212221799	1549.2693273148755	0.0012929320710632563	-0.040189421263145675	-0.011650241406541828	0	12.504841905759054	-1.8976580031877706	4.292507570141941	10.68895078185237	16.301324374594216	22.862839218498884	34.25269930408486	0.2708799436533614	1.0120639834920238	3.1815302783605066	1.0245580852903813	148.06861296564077	1.1094586095127992	4.684747849131279	1.1094586095127992	3.3697951557877426	1.1094586095127992	0.03520070297295323	1.30627286738894	NaN	NaN	800000009	800000009	800000009	800000019	800000019	800000019	899999999	899999999	89999	89999	89	89	11	6	0	5	4	8	3	NaN	0	0	0	0	0	0	0	0	0	NaN	NaN	NaN	NaN	0	3	0	0	0	0	301	151	0	18000	0	16	18000	18000	18000	18000	93	NaN	1.747860077978794	0.7408485253053037	0.619683239160262	0.22104826031611685	1.7989304637871613	0.06989699956538312	7.596854376374083e-8	NaN	0.0027582871021795937	0.12083862768643419	0.08692067008159134	0.00003520070297295323	NaN	16.458316601783874	702.0862623052462	94.47727244440713	94.96766104041205	93.9868838534885	0.980774402310454	0.0002852544043950426	39.51831565587272	064
DATA	2026-09-09T110000_AIU-1657.ghg	2026-09-09	11:30:00	252.479	1	18000	18000	0.4099145294181351	0	NaN	-68.49453848986104	1	NaN	122.34986679019752	0	NaN	0.8642177582902658	1	NaN	2.7873166085660466	0	NaN	0.11020516649785021	1	NaN	NaN	NaN	NaN	NaN	NaN	NaN	NaN	NaN	NaN	-5.576125839313466e-10	-2.431063045344294e-11	-2.828119629953723e-12	NaN	16.323560933737383	420.2167296812759	428.0589782675845	0.2	0	711.6698384862958	18.320486158349667	18.662390220057958	0.2	0	0.08279042553518172	2.0678111835027013	2.1064014827106288	0.1	0	NaN	NaN	NaN	NaN	9	306.0541648559571	300.246185999416	98188.8251379845	1.1314180185421634	1015.7950923694933	0.02542292146678785	0.1806181162350798	0.012985728908506161	1799.3495388784158	3575.171294614723	0.01147739270162793	50.329044138074565	1775.8217557363073	288.99880390658757	0.8621353641599904	-0.20890317331233338	0.008099316633736236	0.8871209167217473	-1.4170118660274927e-13	-3.415998422126621e-14	0.8871209167217473	6.565738274062283	174.62075926476587	346.3792407352342	0.5231114478837511	NaN	0.6019149228888341	1.6035381561754196	274.5828916667598	0.007295064844866623	-0.5598251987255022	-0.09901286607274332	0	18.007467431969516	-2.732702656055355	6.181380848582715	15.392512319366894	23.474552496204286	32.9233936528111	49.325243119729976	0.40536468675439113	1.0112240725756674	-60.22357970331185	1.0210477124081392	110.79390347748519	1.1043014367217474	0.7825922610911391	1.1043014367217474	2.524054135834988	1.1043014367217474	0.09102468198612997	1.3863894586975662	NaN	NaN	800000009	800000009	800000009	800000019	800000019	800000119	899999999	899999999	89999	89999	89	89	25	11	0	19	13	4	5	NaN	0	0	0	0	0	0	0	0	0	NaN	NaN	NaN	NaN	0	0	0	0	0	0	301	0	0	3004	0	16	18000	18000	18000	18000	93	NaN	1.2454470713976982	1.5878671998792493	0.37376204107389216	0.3260371457714911	0.17059589101575584	0.10656311949198213	3.150084185872434e-7	NaN	-0.05240073339356846	0.02026718589138255	0.06536670104500712	0.00009102468198612996	NaN	16.324742107485665	711.7176898473471	94.39716971757676	94.91926922988891	93.87507507281833	1.0441919442017809	0.00028665308421801044	48.35681140046647	151
DATA	2026-09-09T113000_AIU-1657.ghg	2026-09-09	12:00:00	252.499	1	18000	18000	0.3260684696727319	0	NaN	63.77961334674723	0	NaN	151.5038258256553	0	NaN	-0.02174769033989677	2	NaN	3.4541114607067254	0	NaN	0.03955081817561875	2	NaN	NaN	NaN	NaN	NaN	NaN	NaN	NaN	NaN	NaN	1.512198214917495e-10	6.699192632453695e-12	7.665548824496859e-13	NaN	16.25929040684807	419.85694696275874	427.8143328383695	0.1	1	720.3031813420339	18.600091826790546	18.952612153197567	0.3	0	0.08242066630938816	2.0660924461036534	2.1052502949073078	0	1	NaN	NaN	NaN	NaN	9	307.02465787421335	301.02674849428456	98158.61262443323	1.1280169118869734	1015.9729990740718	0.02549685982785082	0.2238264226537958	0.013145683928319057	1826.2489489852244	3742.1313542858848	0.011653800390570958	48.80237426443117	1915.8824053006604	289.2310757685072	1.5634566699494548	1.2411868811592008	0.5861720232077869	2.080514184898156	-5.705084061997472e-14	9.300517901326057e-15	2.080514184898156	7.522242668918132	122.55486908143564	38.44513091856435	16.36430920406062	NaN	0.5376462204742485	2.045651641843097	-210.11951238564674	-0.009533146052250365	0.4209769159238416	0.10351123921840137	0	12.915108319289656	-1.9599175142589929	4.433338753704849	11.039640341522537	16.83614808027287	23.61293707019427	35.37648257164916	0.3221759671841888	1.01208191449711	71.59267096246843	1.0246538161645782	136.51341838422636	1.1098090401577771	-0.019595885015322084	1.1098090401577771	3.1123475622577987	1.1098090401577771	0.0067671963924656525	1.3063446549164608	NaN	NaN	800000009	800000009	800000009	800000019	800000019	800000019	899999999	899999999	89999	89999	89	89	13	4	2	8	31	11	2	NaN	0	0	0	0	0	0	0	0	0	NaN	NaN	NaN	NaN	0	0	0	0	0	0	301	0	0	14997	0	21	18000	18000	18000	18000	93	NaN	2.309533977037429	1.097220167967308	0.684549138681457	0.22147091810438296	0.17207423776581565	0.06766741825063916	1.4924656929285122e-7	NaN	0.06246989676858406	-0.000509105482225921	0.08085948684119092	0.000006767196392465653	NaN	16.260404840695386	720.3451215037442	94.3337087535858	94.88025421100193	93.78715886709423	1.0930927311215144	0.0002872823607968811	43.325824481261535	207
DATA	2026-09-09T120000_AIU-1657.ghg	2026-09-09	12:30:00	252.52	1	18000	18000	0.6832958496421624	0	NaN	178.62908957055677	0	NaN	258.2711700214067	0	NaN	-0.053475175540310414	2	NaN	5.89318166871389	0	NaN	0.05700801504161835	2	NaN	NaN	NaN	NaN	NaN	NaN	NaN	NaN	NaN	NaN	-5.264272294147618e-10	-2.377618756566102e-11	-2.6389208248634077e-12	NaN	16.163862041713838	418.69530284093634	426.7656348670507	0.1	1	730.0439533048211	18.910454279263757	19.274952385076737	0.3	0	0.08102763263123428	2.0393126667214223	2.0786203212707615	-1.3	0	NaN	NaN	NaN	NaN	9	307.5481801410251	301.8804551516668	98112.24430736729	1.1241626959189193	1016.1705642454691	0.02558125259338801	0.38187817213266007	0.01332094238571619	1855.8447874322753	3932.4699885958585	0.011849657023912639	47.19285316389483	2076.6252011635834	289.4831851966487	1.757148030476956	1.228865731347845	0.4156211334730184	2.1841293719190626	5.952801074447943e-14	-3.2568159023890385e-14	2.1841293719190626	8.366388298820475	126.03288903748091	34.96711096251905	10.969793058764832	NaN	0.779632269573807	2.0941634662769544	-228.6979696173167	-0.008758713526629963	0.6916338728621981	0.20057028800479879	0	15.972749267978212	-2.4239263246767586	5.482927946270087	13.653265835984515	20.822091869187055	29.20327990896057	43.75183483796224	0.6750696343090354	1.0121857285753149	190.62463216225686	1.025154005123668	232.33899719909053	1.1116135178981383	-0.048105906125918994	1.1116135178981383	5.301466358430796	1.1116135178981383	-0.013351069859391275	1.3067470187111332	NaN	NaN	800000009	800000009	800000009	800000019	800000019	800000019	899999999	899999999	89999	89999	89	89	10	4	0	9	7	8	1	NaN	0	0	0	0	0	0	0	0	0	NaN	NaN	NaN	NaN	0	0	0	0	0	0	301	0	0	18000	0	16	18000	18000	18000	18000	93	NaN	2.2338280251915714	1.108271681897969	0.846227225464368	0.22412229244245033	0.2251686143073297	0.11789466575053979	1.73868113439618e-7	NaN	0.16687191067982268	-0.001254335757488505	0.13823289812057526	-0.000013351069859391275	NaN	16.165019345035798	730.0852318397192	94.277007156584	94.8475787302653	93.70643202167088	1.1411470661759415	0.0002879371097030041	23.46938542505551	027
DATA	2026-09-09T123000_AIU-1657.ghg	2026-09-09	13:00:00	252.541	1	18000	18000	0.8884647910993743	0	NaN	144.33941612183176	0	NaN	283.62470752913185	0	NaN	2.538516126661101	1	NaN	6.47642854018357	0	NaN	0.0914631221176509	2	NaN	NaN	NaN	NaN	NaN	NaN	NaN	NaN	NaN	NaN	-3.1635432314880984e-10	-1.4541212355884672e-11	-1.6048339596774192e-12	NaN	16.062315816881796	417.5952844118873	425.76779011602287	0.2	0	738.3036302326632	19.194748625555974	19.570397485798082	0.2	0	0.08148252768422022	2.058026828593372	2.0983032316653807	0.7	0	NaN	NaN	NaN	NaN	9	308.0089735938178	302.63066789599026	98051.09085250567	1.1205556336208715	1016.351029325665	0.025660819793143233	0.4196725694038953	0.013479280044332843	1882.5708856676895	4106.632105275005	0.01202910381234442	45.84220931915256	2224.061219607316	289.70783396740677	1.6202399582718428	1.2206788464930356	0.5208029933579276	2.094390156238117	-9.86990744689109e-15	-1.969543662043524e-14	2.094390156238117	8.745272635825089	124.00585425864756	36.9941457413524	14.39856920588735	NaN	0.890437413071051	2.53464082792835	-421.5092266792729	-0.0047522091409025365	0.5089098808749103	0.14233260245651191	0	16.361972883333916	-2.482992509941305	5.616535818163527	13.985968328269179	21.329484162187057	29.91490481433598	44.81797862125052	0.8778476388155456	1.0120945273580209	158.61573328378626	1.0247196687924491	255.50683973146124	1.1100474172324413	2.2868537751207993	1.1100474172324413	5.834371072481331	1.1100474172324413	0.02013540178151161	1.3063959456087253	NaN	NaN	800000009	800000009	800000009	800000019	800000019	800000019	899999999	899999999	89999	89999	89	89	10	9	2	10	25	17	0	NaN	0	0	0	0	0	0	0	0	0	NaN	NaN	NaN	NaN	0	14	0	0	0	0	301	0	0	18000	0	16	18000	18000	18000	18000	93	NaN	2.4231149766208095	1.6067870675820952	1.0393796116537957	0.250886697073168	0.10490043293436395	0.11491605882407623	2.2663587775079833e-7	NaN	0.1392736984645845	0.059831297388633374	0.1526455230810859	0.00002013540178151161	NaN	16.06340781221973	738.3418260598285	94.19630590989853	94.79832471889918	93.59429152891373	1.2040305792126418	0.0002889986897288407	40.80998084272103	067
DATA	2026-09-09T130000_AIU-1657.ghg	2026-09-09	13:30:00	252.562	1	18000	18000	0.615199500212719	0	NaN	33.91760641209853	1	NaN	283.1471429667284	0	NaN	0.9688764847588955	1	NaN	6.470424393359377	0	NaN	0.11445498488621011	1	NaN	NaN	NaN	NaN	NaN	NaN	NaN	NaN	NaN	NaN	1.0756178434257017e-9	4.970995267207283e-11	5.470628253224693e-12	NaN	16.005333967191756	417.657983199269	425.87835974152296	0.2	0	739.6905870172836	19.302170101441956	19.682076897670452	0.2	0	0.08140366277706163	2.063413014962374	2.1040252685945178	0.9	0	NaN	NaN	NaN	NaN	9	308.6216999435425	303.4073435344722	97990.19990269709	1.1169473845748716	1016.4331878378495	0.02574266259942768	0.41928350068968756	0.013511621412281643	1891.9308611294944	4293.966696727506	0.01209691843938055	44.06021272990687	2402.0358355980115	289.7858484444998	1.6159712618362267	1.3991812902134673	0.5058602378519734	2.1965805203095123	-7.512306973608726e-14	6.720371131464906e-14	2.1965805203095123	9.681710847761495	120.11249914579872	40.88750085420129	13.31440612229274	NaN	0.7421498930881841	2.412232791097491	-1038.1407333649267	-0.00192950718108069	0.11978791682910983	0.040255202400691456	0	15.020752052111874	-2.2794570743402764	5.156138108649005	12.839512934384908	19.581067349524744	27.462725374417694	41.1441669746542	0.6077847552307961	1.012199623169402	50.17026679326658	1.0252153590488915	254.66688128003997	1.1118333940539782	0.87142236412433	1.1118333940539782	5.8195988967077605	1.1118333940539782	0.06550731864428065	1.3067992279621088	NaN	NaN	800000009	800000009	800000009	800000019	800000019	800000019	899999999	899999999	89999	89999	89	89	6	4	0	8	7	4	2	NaN	0	0	0	0	0	0	0	0	0	NaN	NaN	NaN	NaN	0	11	0	0	0	0	301	0	0	18000	0	16	18000	18000	18000	18000	93	NaN	2.5411775093682394	1.3891375564216164	0.894150516405126	0.2678876901676035	0.04566398204188451	0.11419397473235036	3.2772474527042277e-7	NaN	0.04419110468013495	0.02287437542101921	0.15276138809773498	0.00006550731864428065	NaN	16.006412539114915	739.7364359471054	94.11705021794637	94.7484075457255	93.48569468180338	1.2627132888469432	0.00028986245642752495	44.875717007718215	208
DATA	2026-09-09T133000_AIU-1657.ghg	2026-09-09	14:00:00	252.583	1	18000	18000	0.33485718876993564	0	NaN	-24.390335923286806	1	NaN	133.4791905843242	0	NaN	-1.097230630638282	1	NaN	3.048903804449298	0	NaN	0.2204664638899061	0	NaN	NaN	NaN	NaN	NaN	NaN	NaN	NaN	NaN	NaN	4.4030373745639044e-10	2.0090700782843065e-11	2.2445387677154943e-12	NaN	16.03391116972008	417.4708270415232	425.5775923293143	0.1	1	731.6143023233747	19.04885368475434	19.418758779484275	0.3	0	0.08173615655966965	2.067489799980525	2.107637885685391	0.1	0	NaN	NaN	NaN	NaN	9	308.73299695926244	302.95796563632746	97965.46447332404	1.1184296950059747	1016.2780514709408	0.025711025205074105	0.1975689665283145	0.01335070642040766	1866.6303684752997	4184.6915598918895	0.011937009970337331	44.60616372222003	2318.0611914165897	289.5741841054296	0.8652866422610702	0.5637949367125341	0.13072593058285253	1.0409971051183733	-1.3834699657140129e-14	2.7460781888819533e-14	1.0409971051183733	7.13177555027987	127.9129354438129	33.087064556187094	7.21411336030591	NaN	0.5471740200108391	1.1730035508968453	578.445561832004	0.003462901493540637	-0.18272762830306832	-0.039216702847020654	0	17.568855743214606	-2.6661416401120723	6.030819649287096	15.017593644762362	22.902777861485436	32.12147159774382	48.12381775190827	0.3312704335757649	1.0108272723148122	-16.02552410928975	1.020959639708458	120.87949977556245	1.1042334790610124	-0.9936581813941329	1.1042334790610124	2.7611042974733393	1.1042334790610124	0.16163714635156315	1.3787672536534983	NaN	NaN	800000009	800000009	800000009	800000019	800000019	800000019	899999999	899999999	89999	89999	89	89	4	1	0	7	11	4	1	NaN	0	0	0	0	0	0	0	0	0	NaN	NaN	NaN	NaN	0	4	0	0	0	0	301	0	0	18000	0	16	18000	18000	18000	18000	93	NaN	1.3515862937028296	0.6659106435493876	0.32851016454147336	0.0801720874572028	0.11923138022582887	0.29880262209943376	0.000002195596298288121	NaN	-0.014099087515875481	-0.026044216085515787	0.07236975280286916	0.00016163714635156315	NaN	16.03499357368795	731.6481697636574	94.18855641004774	94.79512774149576	93.58198906283909	1.2131314037342893	0.0002899344286884622	43.19208813084497	111
DATA	2026-09-09T140000_AIU-1657.ghg	2026-09-09	14:30:00	252.604	1	18000	18000	0.46374529186239066	1	NaN	-124.29489133328491	1	NaN	236.38652859676458	1	NaN	-1.8183363603863334	0	NaN	5.400006471436863	1	NaN	0.13900718897902006	1	NaN	NaN	NaN	NaN	NaN	NaN	NaN	NaN	NaN	NaN	3.930325159478524e-11	1.7785012995064845e-12	1.9975662773878905e-13	NaN	16.014146225745986	417.15531712801067	425.181288996341	0.1	1	724.6519999570464	18.876587648708522	19.239768831395246	0.2	0	0.08139102278742019	2.059568366681186	2.099193985948586	0	1	NaN	NaN	NaN	NaN	9	308.66749458991166	303.0556797515877	97934.82975041503	1.117792784688734	1016.1839977829685	0.025727363062516814	0.3499204193491087	0.013221569362990777	1849.1712852506366	4208.2447087835535	0.011828282973460521	43.94162918784167	2359.073423532917	289.42664746181356	-0.001044493584652124	0.5317110318552247	0.3180661988291591	0.6195835853224482	2.639677955539198e-14	2.454283296826483e-15	0.6195835853224482	3.851266188356274	70.88744826876678	90.11255173123322	30.887549862898076	NaN	0.6441086118411179	0.8853619199173594	185.10545789061723	0.0108213989086355	-0.5258120759720236	-0.16988714565235302	0	19.31622849624113	-2.931312196791074	6.630636170499711	16.511221592673365	25.180654724310443	35.31622628623232	52.91014243578963	0.4580798534829514	1.0123677964362825	-108.2533668674162	1.0212463893050876	214.25281354971747	1.1033065315705222	-1.6480790318516367	1.1033065315705222	4.894384576650809	1.1033065315705222	0.1189158732064366	1.393069155904202	NaN	NaN	800000009	800000009	800000009	800000019	800000019	810111119	899999999	899999999	89999	89999	89	89	20	11	0	30	18	26	2	NaN	0	0	0	0	0	0	0	0	0	NaN	NaN	NaN	NaN	0	4	0	0	0	0	301	0	0	18000	0	16	18000	18000	18000	18000	93	NaN	0.9849296733000358	0.42664989583825313	0.3591442706964298	0.08430738550550687	0.17213530370690167	0.25758349864722396	5.812070627488774e-7	NaN	-0.09530326051552894	-0.04321673084131658	0.1283429354994977	0.0001189158732064366	NaN	16.015257632668142	724.6808414096811	94.17620909097461	94.78052365218267	93.57189746899076	1.208615866495501	0.0002894751455541054	43.27094559786053	058
DATA	2026-09-09T143000_AIU-1657.ghg	2026-09-09	15:00:00	252.624	1	18000	18000	0.07933143858647948	0	NaN	-17.675548725498963	1	NaN	48.230510730379734	1	NaN	2.0014273651244543	1	NaN	1.1019682953425793	1	NaN	0.12379155321005564	0	NaN	NaN	NaN	NaN	NaN	NaN	NaN	NaN	NaN	NaN	-6.238514878964539e-11	-2.8541941066394326e-12	-3.1860894645414096e-13	NaN	15.92900233158613	415.6466548099808	423.7039465442235	0	0	728.7706363057524	19.016324487791373	19.384955083847068	0	0	0.0813514554248298	2.0604003968278732	2.100341165975122	0.1	0	NaN	NaN	NaN	NaN	9	308.7223778627184	303.2342843588887	97898.9781875106	1.1166660199382936	1016.2674900351353	0.025751952541639776	0.07140754553819914	0.01330672587203789	1862.1781118504175	4251.593791023438	0.011916477831727352	43.79953032630045	2389.41567917302	289.5366761125799	-0.27409521163991335	-1.1373624481675317	0.39062402037551835	1.2334134135965626	1.0828337115510854e-14	-3.916450477625951e-15	1.2334134135965626	4.062091861732189	264.54946117153395	256.45053882846605	18.463569358057736	NaN	0.2665391537401037	0.5368102058489834	92.21559157630469	0.0217219232210045	-0.36648064591954194	-0.05843601028656437	0	14.846867722011686	-2.253069456397534	5.096449245014482	12.690879224324144	19.35439156345849	27.144809361431868	40.66787085531894	0.07844112879909167	1.0113500379331375	-14.515058549563472	1.0230666636959407	43.26373843409481	1.114802198701598	1.7953206115448124	1.114802198701598	0.988487730492489	1.114802198701598	0.09120790036831343	1.406917981518849	NaN	NaN	800000009	800000009	800000009	800000019	800000019	800000119	899999999	899999999	89999	89999	89	89	13	6	0	12	2	30	4	NaN	0	0	0	0	0	0	0	0	0	NaN	NaN	NaN	NaN	0	2	0	0	0	0	301	0	0	3004	0	16	18000	18000	18000	18000	93	NaN	0.7203860837087863	0.23449584462421727	0.1187384833649632	0.04991092803831647	0.7237214301379671	0.2385901457159293	0.0000019465363596139208	NaN	-0.012790498122624153	0.04712948109505191	0.02594907756718176	0.00009120790036831343	NaN	15.93006755696501	728.7951981625033	94.13209883393182	94.75354432148404	93.51066160265604	1.242869405524596	0.0002903627757768846	48.88726800849703	082
DATA	2026-09-09T150000_AIU-1657.ghg	2026-09-09	15:30:00	252.645	1	18000	18000	0.23469325160943924	1	NaN	-20.437873425239296	2	NaN	123.24258680798545	0	NaN	0.7065187254654919	1	NaN	2.817740067746501	0	NaN	0.30419784618961776	0	NaN	NaN	NaN	NaN	NaN	NaN	NaN	NaN	NaN	NaN	7.025604151387172e-12	3.229334395641745e-13	3.565700475209873e-14	NaN	15.832127946324421	414.7481553333629	422.8085738209144	0.1	0	727.727242121541	19.063990152114446	19.434489060168882	0.2	0	0.08035269981820169	2.0415484888611557	2.0812249406337324	0.2	0	NaN	NaN	NaN	NaN	9	308.90248593817824	303.92518195388146	97854.9450692561	1.1136062293384115	1016.3140386271089	0.025822240878845958	0.18258955638997326	0.013303768253071212	1866.0061112944727	4422.957644501053	0.011946564146803418	42.18910198279716	2556.9515332065807	289.56892979428426	0.41327279429093794	-0.07996593907692956	0.27617300686364676	0.5034485908547398	6.597088555684551e-14	4.437561504812265e-16	0.5034485908547398	5.47500961467044	171.95107675683698	349.0489232431631	33.26844878875463	NaN	0.45907587979437203	1.214984355300342	407.3656857472463	0.004917203559562553	-0.16583450538150368	-0.039336132094064204	0	14.241163023967562	-2.1611514316456577	4.888530422751921	12.173131958543147	18.56479431525293	26.0373879938019	39.008751848014896	0.23163560395356883	1.013200249027707	-12.704375526122645	1.0209928763821843	112.03911119977987	1.0999961128594493	0.6422920201316806	1.0999961128594493	2.561590931827715	1.0999961128594493	0.22227643764727326	1.3828088548138529	NaN	NaN	800000009	800000009	800000009	800000019	800000019	810100019	899999999	899999999	89999	89999	89	89	5	0	0	15	14	11	4	NaN	0	0	0	0	0	0	0	0	0	NaN	NaN	NaN	NaN	0	2	0	0	0	0	301	0	0	14997	0	16	18000	18000	18000	18000	93	NaN	0.5268184236337196	1.512253706007264	0.39089658095970037	0.3174653627975829	0.17966240525169536	0.15919930937965496	0.0000035519474460118735	NaN	-0.011225191176006698	0.01690783654971094	0.06743188366824994	0.00022227643764727325	NaN	15.833219320550612	727.7634193258481	94.06699645021226	94.7140604769389	93.41993722915647	1.2941202422049243	0.0002914950869631464	27.904484338463842	034
DATA	2026-09-09T153000_AIU-1657.ghg	2026-09-09	16:00:00	252.666	1	18000	18000	0.29526997729244053	1	NaN	-49.63154180654105	0	NaN	224.33789805834206	1	NaN	-0.21689068574500364	2	NaN	5.1295308939896	1	NaN	0.4429045397296998	0	NaN	NaN	NaN	NaN	NaN	NaN	NaN	NaN	NaN	NaN	-1.5343946613735084e-10	-7.243623621635854e-12	-7.793342878262072e-13	NaN	15.792515483148987	414.5314116913032	422.8054362488387	0.1	1	745.5385571818116	19.569342889588235	19.959945915261628	0.3	0	0.08021175462137697	2.0392415339568397	2.0799446846827734	0.2	0	NaN	NaN	NaN	NaN	9	309.2549452692668	304.0074338830523	97800.13936565976	1.1124672387510155	1016.6001936459835	0.025843703513076747	0.33239360193052603	0.013645086306381034	1914.3978411428834	4443.75297952667	0.012265607319547305	43.08065389689589	2529.3551383837867	289.9717347941322	0.5083909390131347	-0.04477931680191684	0.17412981787174348	0.5392473713946067	5.189677025498857e-14	-9.71596110202169e-15	0.5392473713946067	5.684069947270017	166.0336491526822	354.9663508473179	18.8391636467267	NaN	0.5151883458373958	1.0537033271796439	237.01290433885598	0.008451438564442802	-0.22123565494775968	-0.08518327207542377	0	14.223451828078568	-2.1584636893392717	4.882450742336709	12.15799269468264	18.541705982635506	26.005006279020613	38.960238138551524	0.2915090781687731	1.0129014819960085	-35.37003999633681	1.0211220435393822	203.6822220409942	1.101411285729152	-0.1969207039688344	1.101411285729152	4.657234731886525	1.101411285729152	0.32497791307697865	1.3877302957917441	NaN	NaN	800000009	800000009	800000009	800000019	800000019	810010019	899999999	899999999	89999	89999	89	89	27	2	0	21	25	0	2	NaN	0	0	0	0	0	0	0	0	0	NaN	NaN	NaN	NaN	0	0	0	0	0	0	301	0	0	18000	0	21	18000	18000	18000	18000	93	NaN	0.70099076717469	0.9125874317612436	0.4938284554233542	0.08301718348638991	0.40995668245598815	0.23590851637293733	0.000003395247073483094	NaN	-0.03127505863556808	-0.005190767444676911	0.12276323383609863	0.00032497791307697867	NaN	15.793592073260507	745.6043544421066	94.02882660547893	94.70488247256809	93.3527685763041	1.3521137209534615	0.00029220933343620154	26.373814692762114	046
DATA	2026-09-09T160000_AIU-1657.ghg	2026-09-09	16:30:00	252.687	1	18000	18000	0.10524956594552323	0	NaN	-10.845317781062265	0	NaN	94.53139633468078	0	NaN	-0.7249677303820748	0	NaN	2.1611893058559746	0	NaN	0.2951199041446365	0	NaN	NaN	NaN	NaN	NaN	NaN	NaN	NaN	NaN	NaN	-6.085888945094863e-11	-2.8399261700732927e-12	-3.1386442562535225e-13	NaN	15.850141195082731	414.88459653114387	423.07543088483897	0.1	1	739.632799503386	19.360222210409212	19.74244024043985	0.4	0	0.0817431193233486	2.0767666589075673	2.117767100564388	0.2	0	NaN	NaN	NaN	NaN	9	309.2780330886841	303.8700342698315	97769.6778922891	1.1127122415582005	1016.4786572473112	0.02584007147597066	0.14004506701946715	0.013501170479869092	1893.3504244489038	4409.062336020343	0.0121335687481631	42.942246676372875	2515.7119115714386	289.797650762291	0.3454654152738487	-0.32234854870413265	0.16105053812040415	0.49919156225928074	-4.570357028189629e-14	-3.839643363544875e-15	0.49919156225928074	3.6876955492583297	204.01745648471206	316.98254351528794	18.82161006759142	NaN	0.3075521190888247	0.6044875725593615	230.69152160986852	0.008683023918787622	-0.11472715099505452	-0.031177581837926474	0	14.633120791275873	-2.220632535017438	5.02307684053366	12.508171562793862	19.075750851464065	26.75401180095972	40.08238489709238	0.10387213181282004	1.0132608632235003	-4.977868563939699	1.021086992541134	85.90565720193433	1.1004094423312578	-0.6588163482550677	1.1004094423312578	1.9639865151260567	1.1004094423312578	0.21463086268553205	1.3845449936726137	NaN	NaN	800000009	800000009	800000009	800000019	800000019	810000019	899999999	899999999	89999	89999	89	89	15	11	0	22	15	6	1	NaN	0	0	0	0	0	0	0	0	0	NaN	NaN	NaN	NaN	0	0	0	0	0	0	301	0	0	3004	0	21	18000	18000	18000	18000	93	NaN	0.3591470496656629	0.6859006693045496	0.16392742614851039	0.028927069318219315	0.16582422324293059	0.22666344650690773	0.000004125493227777933	NaN	-0.004401110726317323	-0.0173600460309421	0.051751745986633756	0.00021463086268553206	NaN	15.851220268734005	739.6729769972753	94.07329329914516	94.71117985661826	93.43540522702536	1.2757764781018093	0.00029099087245413094	46.072993328148435	212
DATA	2026-09-09T163000_AIU-1657.ghg	2026-09-09	17:00:00	252.708	1	18000	18000	0.20428019165509373	0	NaN	-19.67826227619536	0	NaN	142.6348591820411	0	NaN	5.242831258423333	0	NaN	3.2596602452804126	0	NaN	0.3117175029407258	0	NaN	NaN	NaN	NaN	NaN	NaN	NaN	NaN	NaN	NaN	5.068494449705205e-12	2.4276170924587636e-13	2.603368574672181e-14	NaN	15.908467602929397	415.8709684008468	424.3229061940177	0.2	0	761.9554139976242	19.918646082486944	20.323461927797645	0.3	0	0.08171184764948435	2.0727563103711395	2.1148818943305696	-0.2	0	NaN	NaN	NaN	NaN	9	309.30024672275124	303.4688620376212	97744.20956563388	1.1136560198355818	1016.781168407783	0.025812681182782456	0.21122598389417072	0.0139053361413596	1947.4545609343456	4309.117457865268	0.01248620390290043	45.193814742267726	2361.662896930922	290.24178637212526	0.7358675728531267	0.01624389161722798	0.02475874930218391	0.7364631317714847	1.4368028223892216e-14	3.1860356234260355e-16	0.7364631317714847	4.975139823139232	159.73543102221004	1.264568977790072	1.9265583401525856	NaN	0.42828966422107445	0.7061828124964552	343.32057788994416	0.005834488606278996	-0.13796250361968326	-0.040576126675060456	0	17.77793937626462	-2.697870888077231	6.10259129457648	15.196315189569196	23.175339493967748	32.50374316276381	48.69653021530771	0.20193747746945984	1.0116011857481393	-10.794510058982766	1.0206319101664252	129.51656323605897	1.1012866278892262	4.760641894355851	1.1012866278892262	2.9598654543985696	1.1012866278892262	0.2271916203406659	1.3811137448278477	NaN	NaN	800000009	800000009	800000009	800000019	800000019	800000019	899999999	899999999	89999	89999	89	89	23	28	1	16	18	1	0	NaN	0	0	0	0	0	0	0	0	0	NaN	NaN	NaN	NaN	0	458	0	0	0	0	301	0	0	0	0	16	18000	18000	18000	18000	93	NaN	0.7218105216431793	0.49515346450552644	0.19540163884420475	0.027288039001272527	1.1645486144535977	0.2378943743190534	0.000002903846637181169	NaN	-0.009532885401924087	0.12538306220258968	0.0779552427205548	0.0002271916203406659	NaN	15.90953117940511	762.0163078564608	94.08689622751872	94.71703032472398	93.45676284493341	1.2602673214276563	0.0002905770290413379	47.690673474788454	018
DATA	2026-09-09T170000_AIU-1657.ghg	2026-09-09	17:30:00	252.729	1	18000	18000	0.10796720904433912	1	NaN	420.16853690255465	1	NaN	-983.8852394648203	1	NaN	4.0090164689530985	1	NaN	-22.531130182495833	1	NaN	NaN	NaN	NaN	NaN	NaN	NaN	NaN	NaN	NaN	NaN	NaN	NaN	-1.4402271191082808e-9	-7.889526732705328e-11	NaN	NaN	15.927324349536889	413.9972942544131	423.604068680865	0.1	1	872.494688990038	22.678664197839616	23.20492080450239	0.1	1	NaN	NaN	NaN	NaN	0	NaN	NaN	NaN	NaN	9	307.77252220238597	305.5708164449103	96954.80555746818	1.0960352277712204	1018.3035331901018	0.026391891921993937	-1.46001723582573	0.015484662374908616	2183.547163559687	4851.114995752953	0.014127887482591745	45.011243095068565	2667.5678321932664	292.06139819338784	-0.012500502585448854	0.037352398615682604	0.22022659956662272	0.22372129850316372	-6.516956872434133e-14	-9.042492558708755e-14	0.22372129850316372	3.7625632406381544	52.49646191705369	108.50353808294628	79.85958313231907	NaN	0.31385834544228497	0.4679079690532155	-6.294764073606686	-0.31821685079490064	-0.42705035104612743	1.1994663915051706	0	11.375241807504864	-1.7262368302526268	3.9047524102181606	9.723385607625426	14.828776560396376	20.79756997141691	31.15854963062548	0.10448592915062044	1.0333181694608877	350.4050784603808	1.033226632881201	-891.1117693466686	1.1041098022823443	3.6309943636637576	1.1041098022823443	-20.406602799758627	1.1041098022823443	NaN	1	NaN	NaN	800000009	800000019	800000009	800000019	810000009	810100019	899999999	899999999	89999	89999	89	89	32	19	0	9	6	0	0	NaN	0	0	0	0	0	0	0	0	0	NaN	NaN	NaN	NaN	0	9792	0	0	0	0	301	0	0	17997	0	16	18000	18000	18000	18000	93	NaN	0.14263185949586166	0.47276207267129405	0.3204220059392752	1.281858040050657	3.301398888097178	3.323852412531537	NaN	NaN	0.31395588495360777	0.09803672418036255	-0.5509775807306686	NaN	NaN	15.92844186792692	872.5294505598974	94.14054918713039	94.73290648439196	93.54819130622018	1.1847154621283227	0.0002889083434355497	12.870330273432149	192
DATA	2026-09-09T173000_AIU-1657.ghg	2026-09-09	18:00:00	252.749	1	18000	18000	0.30161256587444724	1	NaN	-133.77643334504157	2	NaN	393.07762799694973	1	NaN	22.44937028181839	1	NaN	8.957833302212045	1	NaN	0.20003997499463863	1	NaN	NaN	NaN	NaN	NaN	NaN	NaN	NaN	NaN	NaN	-1.4362443350102884e-10	-8.939382854642265e-12	-7.469152123116289e-13	NaN	15.837682219439065	410.54933119459236	421.3152662033807	0.1	1	985.7591876156089	25.553156679566627	26.223243324894046	0.1	1	0.08236346343793725	2.067233696295768	2.121443268523152	0.2	0	NaN	NaN	NaN	NaN	9	307.1386484391953	300.5818322165425	97709.53024683509	1.121540711483112	1019.9067701830372	0.025576188389558663	0.5804675979833405	0.018003773050223694	2497.456672149013	3646.1524986760414	0.016052714686046233	68.4956724398079	1148.6958265270287	294.2303859602373	-0.32583525734140845	-0.41718813563398943	0.3579684769212744	0.6390273749300077	4.2637722044405436e-14	-9.06852603247369e-15	0.6390273749300077	2.5299916675418213	288.99080237850535	232.0091976214946	34.06804358870996	NaN	0.5185817084807796	0.4623180100910586	89.70887075351219	0.022328895494669647	-0.34033082479596033	-0.22552095458540114	0	24.612338947888333	-3.7350173903534274	8.44861950666117	21.038257150543107	32.08466958884217	44.99920529963805	67.41700946766684	0.29789627779053324	1.0124751074819642	-108.49971683699435	1.0219769541039534	354.9699961561486	1.107354515180032	20.272974891124733	1.107354515180032	8.089399717447934	1.107354515180032	0.15668679098104588	1.4084053613861334	NaN	NaN	800000009	800000009	800000009	800000019	800000019	800000019	899999999	899999999	89999	89999	89	89	9	0	0	5	5	0	0	NaN	0	0	0	0	0	0	0	0	0	NaN	NaN	NaN	NaN	0	5	0	0	0	0	301	0	0	18000	0	21	18000	18000	18000	18000	93	NaN	0.2451203668818018	0.552484940076555	0.1270307132237604	0.2380042384072276	5.259408353929086	1.5400877537818902	0.000004117656253874785	NaN	-0.09485344029284218	0.5321060618492967	0.21232298907746672	0.00015668679098104586	NaN	15.838691149415483	985.7682060183604	94.05916663805644	94.63192702378167	93.48640680355497	1.145520404464674	0.0002882795434399869	42.62174518341707	235
DATA	2026-09-09T180000_AIU-1657.ghg	2026-09-09	18:30:00	252.77	1	18000	18000	0.03428913974547736	1	NaN	11.004217855827633	1	NaN	38.070772281770154	1	NaN	-0.30866578447576315	2	NaN	0.8682222038601769	1	NaN	0.1262735685428132	1	NaN	NaN	NaN	NaN	NaN	NaN	NaN	NaN	NaN	NaN	-5.52612710328983e-10	-3.6390055767717574e-11	-2.9364103190031774e-12	NaN	15.683822051427498	407.14960120573016	418.3664990886132	0.1	1	1032.7941222391241	26.81117610353202	27.549819156558986	0.2	0	0.08333890272955215	2.099854948582108	2.1577055726705505	0.2	0	NaN	NaN	NaN	NaN	9	307.0025437079536	301.32574646506896	97684.53961936814	1.1179484565988276	1020.6445113950532	0.025646046609548303	0.05626079881013946	0.018838669718543505	2619.739923383569	3807.861194361541	0.016851107586710237	68.7981990326414	1188.121270977972	295.0110395432861	-0.27216096254761457	-0.3085935456832048	0.26349792506887354	0.48860282693387536	-6.48899356161772e-15	-3.523456900473349e-14	0.48860282693387536	1.63561012318884	292.41035698084136	228.58964301915867	32.635222575817316	NaN	0.17513276501832353	0.1193806377225974	-42.00804854585659	-0.04768371941423052	0.2890463522615984	0.05506751644307663	1	2.0163639173575567	1	2	3	5	9	27	0.033637778501421564	1.0193639792243792	13.141624068933837	1.0242589862859082	34.79553972244206	1.0941279424160124	-0.2821112344450128	1.0941279424160124	0.793528955985715	1.0941279424160124	0.09287818916162402	1.315138533715173	NaN	NaN	800000009	800000009	800000009	800000019	800000019	800000019	899999999	899999999	89999	89999	89	89	4	2	0	23	20	0	2	NaN	0	0	0	0	0	0	0	0	0	NaN	NaN	NaN	NaN	0	15	0	0	0	0	301	0	0	18000	0	16	18000	18000	18000	18000	93	NaN	0.09192631065173992	0.09682315800845252	0.05001180678500236	0.03208697698979759	1.3453981272464097	0.2533869737922143	0.00001667366495875109	NaN	0.011517355027936412	-0.007434416792447405	0.02091169820754988	0.00009287818916162401	NaN	15.684928846674513	1032.8659803617513	94.00459461847942	94.58542953533596	93.42376307805378	1.1616668759948783	0.00028867137223035884	34.69632512528003	024
DATA	2026-09-09T183000_AIU-1657.ghg	2026-09-09	19:00:00	252.791	0	18000	18000	0.2502875604630075	1	NaN	-51.21280307067548	1	NaN	55.034836669029794	1	NaN	18.166550137152818	1	NaN	1.2562393266622918	1	NaN	0.0778992078127129	1	NaN	NaN	NaN	NaN	NaN	NaN	NaN	NaN	NaN	NaN	-1.4126269570524275e-9	-8.103535239759935e-11	-7.352289036241034e-12	NaN	15.691788557788582	409.0509951370448	418.88010577444476	0.1	1	900.1595284450046	23.46521236483023	24.02905934529468	0.1	1	0.08167093541324774	2.0636845045294363	2.113272901958739	1.1	0	NaN	NaN	NaN	NaN	9	308.1464369778103	302.26034200657443	97649.1869573364	1.1155123838919807	1018.7547253063879	0.025734904321739038	0.0814043083677165	0.01643072493189669	2291.973541978276	4019.8403024748122	0.014729307508510581	57.01653223804	1727.8667604965362	292.8398020218849	-0.024801104632850048	0.23292522521784095	0.2111624144018789	0.3153709254035333	-1.5856804470808176e-14	-9.002332346310348e-14	0.3153709254035333	3.1445894365481233	64.9222350456659	96.07776495433411	42.03376451653991	NaN	0.4736771495794848	0.41168925593583344	178.44150015207921	0.011225527684383008	-0.9305524676789834	-0.09513757565062125	0	18.51826997379737	-2.810218912466551	6.3567228316456115	15.829138649390984	24.140435198957068	33.857303611387415	50.72441041835322	0.24622438550903009	1.0165019193593576	-47.134581620579404	1.022958310858961	49.85102797098053	1.1039859940514543	16.455417219999728	1.1039859940514543	1.1379123769968238	1.1039859940514543	0.06598850444244576	1.3999071085489871	NaN	NaN	800000009	800000009	800000009	800000019	800000019	800001019	899999999	899999999	89999	89999	89	89	18	3	0	0	0	0	1	NaN	0	0	0	0	0	0	0	0	0	NaN	NaN	NaN	NaN	0	20	0	0	0	0	301	0	0	18000	0	21	18000	18000	18000	18000	93	NaN	0.41556328269426185	0.19198095682119476	0.21583427235621025	0.25416755237477984	3.791879469574866	3.1691539495775864	0.0000030641344495735556	NaN	-0.041475881442620925	0.43365717500205464	0.029987928000304066	0.00006598850444244576	NaN	15.692919155168324	900.1310842613583	94.04962871466742	94.65425925487942	93.44499534522163	1.2092634267807056	0.0002898598525239827	38.100826787889886	131
DATA	2026-09-09T190000_AIU-1657.ghg	2026-09-09	19:30:00	252.812	0	18000	18000	0.07381412534183958	0	NaN	-42.93015277380661	1	NaN	211.5158565792188	1	NaN	3.129147103419885	1	NaN	4.823283394503554	1	NaN	0.2097835628891302	1	NaN	NaN	NaN	NaN	NaN	NaN	NaN	NaN	NaN	NaN	-1.4443957069525944e-10	-7.917711278573257e-12	-7.493697684938106e-13	NaN	15.89978691501166	412.74238225955594	422.2969373839385	0.1	0	871.575023228943	22.625205817431418	23.148955704709063	0.1	0	0.08248999621261167	2.0740759635510946	2.1220886561595407	0	0	NaN	NaN	NaN	NaN	9	307.9045140389337	301.2327084276935	97633.79278152906	1.1195000723624342	1018.2516769692708	0.025651453933290713	0.3125487639638303	0.015894078241177896	2209.5771931686045	3787.3014396702874	0.014197478529534426	58.341730341933506	1577.724246501683	292.25131055169277	0.1532797277506121	-0.6068527903911323	0.07203176490103906	0.6300425059466567	-6.4436916658096846e-15	-9.084371474116295e-15	0.6300425059466567	2.9937278649340318	236.82463814292782	284.1753618570721	6.564890930367179	NaN	0.256777919647363	0.30212043907897046	33.90107505215797	0.059086621793502464	-0.2029642291036844	-0.14666466615431523	0	14.781956427479358	-2.2432189170228765	5.07416729812802	12.635394026056836	19.269773135195194	27.026130812631205	40.49006876315248	0.07285433218690868	1.0131741397679488	-29.703721255878595	1.0239459200674328	189.2948095168535	1.1173885703421091	2.800410874492692	1.1173885703421091	4.316567685157919	1.1173885703421091	0.14740642012274946	1.4483746994686204	NaN	NaN	800000009	800000009	800000009	800000019	800000019	810100119	899999999	899999999	89999	89999	89	89	17	9	0	12	5	2	1	NaN	0	0	0	0	0	0	0	0	0	NaN	NaN	NaN	NaN	0	6	0	0	0	0	301	0	0	18000	0	21	18000	18000	18000	18000	93	NaN	0.34765823915790395	0.14516803424470204	0.11141460475533493	0.25745653829158294	7.760751631211285	1.4839823680349256	0.000006062419434381112	NaN	-0.026057431260049287	0.07349796314165448	0.1132901373551717	0.00014740642012274946	NaN	15.900992329779394	871.6164068101972	94.09287544822692	94.64990433120728	93.5358454676734	1.114056393139894	0.00028808419696967275	31.890670104343204	210
DATA	2026-09-09T193000_AIU-1657.ghg	2026-09-09	20:00:00	252.833	0	18000	18000	0.02084188494554276	1	NaN	15.730247518998512	1	NaN	77.04793922728784	1	NaN	0.0034345227993575872	2	NaN	1.7542805876327205	1	NaN	0.1850421435231017	0	NaN	NaN	NaN	NaN	NaN	NaN	NaN	NaN	NaN	NaN	5.3644962560490206e-11	2.9686268425320723e-12	2.745338508279352e-13	NaN	16.371678450201525	422.2925318488928	432.39722101870734	0.1	1	905.9826269758142	23.368996558322838	23.928173973557865	0.1	1	0.08378382078992871	2.092482089669512	2.142551365147678	0	0	NaN	NaN	NaN	NaN	9	306.7990433561538	299.6667401479438	97626.74662633013	1.124949815433597	1018.637675925678	0.025519945749355344	0.11367738207860029	0.016501184184799487	2282.0510778001067	3455.461987920063	0.014668373609572374	66.04185158968383	1173.4109101199565	292.7699252644147	0.17670296062251195	-0.19387778774267506	0.057655360311223126	0.2685827124841808	7.44966378828522e-15	3.276692901321298e-15	0.2685827124841808	1.4717718450449953	208.65351469879408	312.3464853012059	12.395885770874578	NaN	0.13611372601962968	0.0921125928695656	-13.781360499895888	-0.14534849444038073	0.2041618202479759	0.10085112560108853	1	0.969969614361616	1	1	1	2	4	11	0.020251258654672966	1.029164917644934	19.991380336503642	1.0304842362326807	69.99007943035954	1.1008408599385986	0.0031199085393225265	1.1008408599385986	1.5935823709619288	1.1008408599385986	0.13419315819376448	1.3292775976020528	NaN	NaN	800000009	800000009	800000009	800000019	800000019	800000019	899999999	899999999	89999	89999	89	89	11	3	0	8	0	0	0	NaN	0	0	0	0	0	0	0	0	0	NaN	NaN	NaN	NaN	0	8	0	0	0	0	301	151	0	18000	0	21	18000	18000	18000	18000	93	NaN	0.0653697825888747	0.09001542540203301	0.028839977748223476	0.16840016413819586	10.971450128303417	0.347968117193827	0.000008211404828825217	NaN	0.017445760164091873	0.00008152557867589783	0.041641517154407205	0.0001341931581937645	NaN	16.37302954015854	906.0221474808236	94.1322753139072	94.63142309824626	93.63312556499906	0.998298516412577	0.00028649659335820205	38.109244818747875	227
DATA	2026-09-09T200000_AIU-1657.ghg	2026-09-09	20:30:00	252.854	0	18000	18000	0.01376302807201613	0	NaN	-0.8693829761630063	2	NaN	64.15263527600717	1	NaN	1.5531309303522085	2	NaN	1.4592059307906193	1	NaN	-0.001510121152559112	2	NaN	NaN	NaN	NaN	NaN	NaN	NaN	NaN	NaN	NaN	5.650496701313922e-11	3.057690322693415e-12	2.811036676445602e-13	NaN	16.695575200843024	428.8903719376983	439.08092465759097	0.1	1	903.4586058876408	23.208825862429652	23.760273922336797	0.1	1	0.08305796234340287	2.0646027942609027	2.1136583221933636	0	1	NaN	NaN	NaN	NaN	9	305.93007534366177	298.6339204170041	97624.40197113474	1.1288822985403282	1018.523228094307	0.02543260049962806	0.09455654431523212	0.01644436829072479	2266.355508119658	3250.731077595649	0.014566946715337595	69.71833270797447	984.3755694759907	292.6588470350791	0.22363863700959397	-0.19170887287293753	0.0920448232623416	0.30860781161712475	4.550307813055165e-14	3.3844276901754222e-15	0.30860781161712475	2.445149817964116	201.60404343552477	319.3959565644752	17.35301907827522	NaN	0.11041616683891346	0.1704537148338349	133.10030204407462	0.015049552624882072	-0.01355178898610502	-0.006847922939998386	1	1.8524546567583915	1	2	3	5	11	35	0.013408935047611889	1.0264072443595962	2.980074837251581	1.028684080495902	58.38682701689427	1.0987518684213575	1.4135411051302098	1.0987518684213575	1.3280577469116368	1.0987518684213575	-0.004316996122851091	1.3252684241942079	NaN	NaN	800000009	800000009	800000009	800000019	800000019	801000019	899999999	899999999	89999	89999	89	89	25	6	0	13	17	0	4	NaN	0	0	0	0	0	0	0	0	0	NaN	NaN	NaN	NaN	0	87	0	0	0	0	301	0	0	18000	0	21	18000	18000	18000	18000	93	NaN	0.13114523331666206	0.16491689799931292	0.04484529835169481	0.062389376562514046	19.95748680743269	0.23204266685277958	0.000013087499405996641	NaN	0.00259183630841753	0.036804443257983335	0.03457870861493769	-0.0000043169961228510915	NaN	16.696851053730143	903.5175391620613	94.16843711047702	94.61961121580336	93.71726182428996	0.9023499649531374	0.0002850428746993809	35.14462170411125	001
DATA	2026-09-09T203000_AIU-1657.ghg	2026-09-09	21:00:00	252.874	0	18000	18000	0.019979427688705413	1	NaN	28.597893445009117	2	NaN	3.3550002764318223	2	NaN	1.3559726236990777	2	NaN	0.0762595040998207	2	NaN	0.08889052721097478	1	NaN	NaN	NaN	NaN	NaN	NaN	NaN	NaN	NaN	NaN	-1.003077166199947e-10	-5.3219781418902264e-12	-5.001117761801783e-13	NaN	16.802799037224695	430.44134128589167	440.5013880470846	0.1	0	891.4980044601946	22.83771864100826	23.371469690015694	0.1	1	0.0837749871541785	2.0754235575190525	2.123929256287554	1.1	0	NaN	NaN	NaN	NaN	9	305.3869441350301	297.92098742652996	97630.32748438118	1.131812635166773	1018.2960113151571	0.025370344986914286	0.004941615865668381	0.01622113129224008	2230.2520309870315	3115.656066581745	0.014331993466259449	71.58209967102981	885.4040355947136	292.4007594472255	0.3134290683543637	-0.0874372865586032	0.101853398563485	0.34096506385424735	-1.2810531961015977e-14	-5.969702809500628e-15	0.34096506385424735	2.159000255348592	176.58750406408103	344.41249593591897	17.380794984957248	NaN	0.13286306070879964	0.1823643216484777	-7.049434713494523	-0.2841504434625836	8.523961576368073	0.18675885825099742	1	1.5560755134336535	1	1	2	3	6	14	0.01949932636285589	1.0246214313723199	28.236611155477753	1.0275320762811433	3.0570771343606222	1.0974535901376627	1.2355626113802103	1.0974535901376627	0.06948768019452635	1.0974535901376627	0.061439301562278316	1.3226844899669663	NaN	NaN	800000009	800000009	800000009	800000019	800000019	800010019	899999999	899999999	89999	89999	89	89	18	3	0	4	2	1	0	NaN	0	0	0	0	0	0	0	0	0	NaN	NaN	NaN	NaN	0	22	0	0	0	0	301	0	0	18000	0	16	18000	18000	18000	18000	93	NaN	0.07424525130740046	0.20828234347453414	0.0822010485150208	0.19444362651394434	24.057739586716657	0.1607939130448634	0.0000035225870347889673	NaN	0.0244998820001604	0.0320794680880571	0.0018041399106625063	0.00006143930156227831	NaN	16.803957705590726	891.5554643104632	94.19750732252334	94.61352352121142	93.78149239137437	0.8320292524662276	0.0002844944815296913	43.119895210500474	211
DATA	2026-09-09T210000_AIU-1657.ghg	2026-09-09	21:30:00	252.895	0	18000	18000	0.22140612953268124	1	NaN	93.18515504723977	1	NaN	26.633464696195215	1	NaN	-20.41310348645978	1	NaN	0.6052541127912355	1	NaN	0.18615175750810875	1	NaN	NaN	NaN	NaN	NaN	NaN	NaN	NaN	NaN	NaN	-4.576065122988139e-12	-2.4048627598192315e-13	-2.2643873530464762e-14	NaN	16.892633686682935	432.3108032327318	442.3609160758085	0.1	1	887.7597799972775	22.71926039992747	23.24742469520555	0.1	1	0.08359030095007428	2.0687067797693315	2.1167988848484804	0	1	NaN	NaN	NaN	NaN	9	305.3085430933635	297.70432226853677	97644.38892591042	1.132850666664779	1018.2238208128632	0.02534824338159006	0.03922046650887206	0.01615106314304413	2219.0033631418705	3075.5881963820457	0.014257009876327659	72.14891010936331	856.5848332401752	292.3195993743673	0.09409214215439966	-0.2079829936368599	0.1993905864581301	0.3030954681704483	-2.9208580567411064e-14	-2.7089115929836407e-16	0.3030954681704483	3.7845286264199074	226.6578587202415	294.3421412797585	41.13591439166135	NaN	0.44208775679715934	0.3480156418608426	-79.70540977965881	-0.025131292913962287	3.4987995782821284	0.18273524800417473	0	20.053667396906206	-3.0432213950244864	6.883775081609348	17.14157327350526	26.14198081038029	36.6644997907224	54.93010183311577	0.2156384693672429	1.0267468980945869	92.81563210608421	1.028904631292115	24.234177461408635	1.0990042776820996	-18.57418019292234	1.0990042776820996	0.5507295331623019	1.0990042776820996	0.11906112679690323	1.3257587625714649	NaN	NaN	800000009	800000009	800000009	800000019	800000019	801000019	899999999	899999999	89999	89999	89	89	9	1	0	8	0	3	2	NaN	0	0	0	0	0	0	0	0	0	NaN	NaN	NaN	NaN	0	8	0	0	0	0	301	0	0	18000	0	16	18000	18000	18000	18000	93	NaN	0.3099678418094793	0.2320037507884827	0.15405969112372322	0.16180766611622044	19.86359161730719	0.12377039149937645	0.00000432070297915068	NaN	0.08046466531723588	-0.48177126293038236	0.014284649980178612	0.00011906112679690322	NaN	16.893918387273516	887.8215347596075	94.20137837621901	94.60276355171203	93.79999630885654	0.8027676314976507	0.0002848786794897427	32.46719214020747	251
DATA	2026-09-09T213000_AIU-1657.ghg	2026-09-09	22:00:00	252.916	0	18000	18000	0.04753406512394005	1	NaN	20.090430115153694	1	NaN	58.33869778009412	1	NaN	5.070844823112149	1	NaN	1.3246729962459065	1	NaN	0.17013389472896667	1	NaN	NaN	NaN	NaN	NaN	NaN	NaN	NaN	NaN	NaN	-1.1101689679636635e-10	-5.825537686373069e-12	-5.450055413434788e-13	NaN	17.22056621855838	439.47625513958724	449.850354782826	0.1	0	903.6377378743152	23.061223655691013	23.60559762197769	0.1	1	0.08453941953900677	2.0845013167532827	2.1337072160790433	0.6	0	NaN	NaN	NaN	NaN	9	304.41181866115994	296.8543156445433	97646.15350200752	1.1359667992082851	1018.4014439287183	0.025275412207793644	0.08583881015673474	0.01644140376344145	2252.443817212382	2922.7051645992783	0.014473489696089997	77.06708991706341	670.2613473868964	292.55982830039807	0.4874397114943453	0.10370238674204457	0.017222907423414077	0.49864645381051337	-4.4890175182164835e-15	-6.446762283386762e-15	0.49864645381051337	1.7123517074396133	148.9894426313764	12.010557368623628	1.97935071435489	NaN	0.2045595026846971	0.11109546548599852	-36.62718319738878	-0.054688890194067794	0.34437570394327166	0.08489555084046549	0	18.394415225877477	-2.7914234766350314	6.314207504618621	15.723269473707543	23.978978026096215	33.630857630744025	50.38515307548914	0.04664241919583274	1.019116631244268	23.238749957719413	1.0241126959689106	53.3258737280264	1.0940035990340113	4.635126271604252	1.0940035990340113	1.2108488467639162	1.0940035990340113	0.12440182922205469	1.3147850888581134	NaN	NaN	800000009	800000009	800000009	800000019	800000019	800000019	899999999	899999999	89999	89999	89	89	1	4	0	1	4	0	1	NaN	0	0	0	0	0	0	0	0	0	NaN	NaN	NaN	NaN	0	0	0	0	0	0	301	0	0	18000	0	16	18000	18000	18000	18000	93	NaN	0.12500958957237704	0.0562476491299645	0.04093369226965552	0.13318861487299274	12.280673184857179	0.10881337293428602	0.0000063769374016944174	NaN	0.020087603072359076	0.11992099383252386	0.0313273444079523	0.00012440182922205469	NaN	17.221844058320546	903.6978255587219	94.169169825236	94.54154706573487	93.79679364861383	0.7447538745105224	0.00028357009957188787	41.953977299356346	192
DATA	2026-09-09T220000_AIU-1657.ghg	2026-09-09	22:30:00	252.937	0	18000	18000	0.03421771851611995	0	NaN	13.868120426505232	0	NaN	41.34597076578213	0	NaN	6.510486465265789	0	NaN	0.9382988498574873	0	NaN	0.09622864201207382	0	NaN	NaN	NaN	NaN	NaN	NaN	NaN	NaN	NaN	NaN	8.68843780018287e-11	4.52944107955652e-12	4.282810502797349e-13	NaN	17.076169305630867	434.8092624680491	444.8938492307055	0.1	0	890.2118483573498	22.667399830531135	23.19312773011012	0.1	1	0.08417393199058444	2.069749216986531	2.1177531749453946	-0.7	0	NaN	NaN	NaN	NaN	9	303.99811479271784	296.274881147491	97639.07193953401	1.1382768758027701	1018.1645946875145	0.025227906338414097	0.06080176547076518	0.01619106026736799	2213.817556613054	2822.329551300059	0.01422418447704056	78.4393713198126	608.511994687005	292.28206182451385	0.6457679222188192	0.1754895962801376	-0.031665216155927066	0.6699369326164839	5.088250761574885e-15	5.088048522286469e-15	0.6699369326164839	1.6656119004017622	145.79683258850025	15.203167411499711	-2.7091497341655035	NaN	0.1733810257894375	0.11236537156572594	-32.30446929525898	-0.0620069000884028	0.33541649088530945	0.06901605514536371	1	3.707105376540587	2	3	6	9	17	48	0.03367705036846079	1.0160544982931614	16.12268941804939	1.0224328693053075	37.827136410512736	1.0930240744919686	5.9563980494133455	1.0930240744919686	0.8584429856163995	1.0930240744919686	0.06961110801280389	1.31042137790606	NaN	NaN	800000009	800000009	800000009	800000019	800000019	800000019	899999999	899999999	89999	89999	89	89	0	1	0	3	0	0	1	NaN	0	0	0	0	0	0	0	0	0	NaN	NaN	NaN	NaN	0	0	0	0	0	0	301	0	0	18000	0	16	18000	18000	18000	18000	93	NaN	0.12619875021395993	0.051388165740187945	0.047143827177304	0.08851296295661693	23.261719392119094	0.10180763345958437	0.000003839424162733548	NaN	0.013911423882142513	0.15375358086410276	0.02215914415242827	0.00006961110801280388	NaN	17.07740914193092	890.2731254234718	94.17021792178684	94.51109350670708	93.82934063508776	0.6817545927613987	0.000282609590568528	27.535730558742493	206
DATA	2026-09-09T223000_AIU-1657.ghg	2026-09-09	23:00:00	252.958	0	18000	18000	0.08056008196215714	1	NaN	31.586606624345396	0	NaN	64.59060087905638	0	NaN	13.693371712277917	1	NaN	1.4651490068119972	0	NaN	0.23646746826800172	0	NaN	NaN	NaN	NaN	NaN	NaN	NaN	NaN	NaN	NaN	-9.461596602092953e-11	-4.897559910234036e-12	-4.661918119369391e-13	NaN	17.233587599108695	438.2771999747881	448.4509043053525	0	0	892.0537546087189	22.686328052617817	23.212944527229773	0.1	1	0.08491333721863865	2.083615884054202	2.1319827439868066	-0.6	0	NaN	NaN	NaN	NaN	9	303.5581144671971	295.8102647024963	97617.16220547789	1.139800664778982	1018.166147442454	0.02519399750178913	0.09494165564141742	0.016226390372690656	2215.169001650331	2744.0318734937105	0.014236165036662007	80.72679559767543	528.8628718433793	292.2918517032686	0.519244344022263	0.18643426091161378	0.07778570726385785	0.5571562067278086	1.2021308204452277e-14	-5.4902071595251005e-15	0.5571562067278086	2.075661386356473	141.24936543413554	19.750634565864477	8.025396539524774	NaN	0.2658554065448687	0.169343968765209	-51.125429158160856	-0.039180111208518956	0.48902791109638694	0.10237877195820402	0	17.93827799281835	-2.7222028917296015	6.157630353089168	15.33337022742488	23.384357074350937	32.79689329120296	49.13572252665701	0.0791470474487163	1.0178532814424495	34.92439416633309	1.0233847984833202	59.07035539092867	1.0934520446270322	12.523065624655372	1.0934520446270322	1.339929825008236	1.0934520446270322	0.17337460561588292	1.312981869117102	NaN	NaN	800000009	800000009	800000009	800000019	800000019	800000019	899999999	899999999	89999	89999	89	89	3	5	2	1	0	0	1	NaN	0	0	0	0	0	0	0	0	0	NaN	NaN	NaN	NaN	0	0	0	0	0	0	301	151	0	18000	0	16	18000	18000	18000	18000	93	NaN	0.19256126984117306	0.07250668945490919	0.07361997823433573	0.13896076899152682	19.089854172110694	0.07943544834022037	0.000006253447484103378	NaN	0.030094097378658452	0.32283191944348055	0.03454203070495209	0.00017337460561588292	NaN	17.234865048726387	892.1187479572436	94.13790528742473	94.45572491031221	93.82008712175158	0.6356378472960645	0.00028249292962654086	31.695794912943157	092
DATA	2026-09-09T230000_AIU-1657.ghg	2026-09-09	23:30:00	252.979	0	18000	18000	0.05958337114354189	1	NaN	4.875748843438486	2	NaN	44.136676856347925	1	NaN	12.47482077379589	1	NaN	1.000780877089312	1	NaN	0.20938458925398298	1	NaN	NaN	NaN	NaN	NaN	NaN	NaN	NaN	NaN	NaN	3.248688776028691e-10	1.668801600563845e-11	1.6104708836991867e-12	NaN	17.358727610460075	440.7851284786472	450.996803781353	0.2	0	891.6912150476721	22.642456037574288	23.167014136686063	0.1	1	0.086052334717286	2.107617933730591	2.1564451481960605	-0.7	0	NaN	NaN	NaN	NaN	9	303.2932314037746	295.3987441724341	97615.30472457837	1.141385902890219	1018.1330658548434	0.02515942726377864	0.06485060083538742	0.016217263632841317	2210.8431220517027	2676.2734354599424	0.014208396644619441	82.60901493691166	465.4303134082397	292.26049652808024	0.4589212187221802	0.09283785056575712	0.06727041555760628	0.4730252216324457	1.0240537100744718e-14	1.8715016727787618e-14	0.4730252216324457	1.8953357451269028	149.56364125678624	11.436358743213763	8.175933075078285	NaN	0.22847899695631835	0.14765211801291508	-210.2268716710211	-0.009528277636812302	0.11046932371704452	0.018363607274574208	0	18.434893745838934	-2.797566248206312	6.328102470638358	15.757869903753043	24.03174586507156	33.70486527519537	50.49603001283576	0.058428342510174335	1.0197682936695736	7.408078596253736	1.024500125876518	40.33177603166044	1.094340026625672	11.399400981668567	1.094340026625672	0.9145063259498571	1.094340026625672	0.15982737776619602	1.3157192473107886	NaN	NaN	800000009	800000009	800000009	800000019	800000019	800000019	899999999	899999999	89999	89999	89	89	8	9	1	2	0	0	0	NaN	0	0	0	0	0	0	0	0	0	NaN	NaN	NaN	NaN	0	0	0	0	0	0	301	0	0	18000	0	16	18000	18000	18000	18000	93	NaN	0.1653570582433764	0.07916076520140758	0.05078641258104617	0.09441696914490813	17.218386396840415	0.06244348718677884	0.000003939504842193476	NaN	0.006374828928889926	0.29344857868002394	0.02354163889623922	0.000159827377766196	NaN	17.36001216953284	891.7553144906703	94.09788527679441	94.39123385704889	93.80453429073756	0.5867007983773961	0.0002819014478397245	40.52601434186667	049
