DATAH	filename	date	time	DOY	daytime	file_records	used_records	Tau	qc_Tau	rand_err_Tau	H	qc_H	rand_err_H	LE	qc_LE	rand_err_LE	co2_flux	qc_co2_flux	rand_err_co2_flux	h2o_flux	qc_h2o_flux	rand_err_h2o_flux	ch4_flux	qc_ch4_flux	rand_err_ch4_flux	none_flux	qc_none_flux	rand_err_none_flux	H_strg	LE_strg	co2_strg	h2o_strg	ch4_strg	none_strg	co2_v-adv	h2o_v-adv	ch4_v-adv	none_v-adv	co2_molar_density	co2_mole_fraction	co2_mixing_ratio	co2_time_lag	co2_def_timelag	h2o_molar_density	h2o_mole_fraction	h2o_mixing_ratio	h2o_time_lag	h2o_def_timelag	ch4_molar_density	ch4_mole_fraction	ch4_mixing_ratio	ch4_time_lag	ch4_def_timelag	none_molar_density	none_mole_fraction	none_mixing_ratio	none_time_lag	none_def_timelag	sonic_temperature	air_temperature	air_pressure	air_density	air_heat_capacity	air_molar_volume	ET	water_vapor_density	e	es	specific_humidity	RH	VPD	Tdew	u_unrot	v_unrot	w_unrot	u_rot	v_rot	w_rot	wind_speed	max_wind_speed	wind_dir	yaw	pitch	roll	u*	TKE	L	(z-d)/L	bowen_ratio	T*	model	x_peak	x_offset	x_10%	x_30%	x_50%	x_70%	x_90%	un_Tau	Tau_scf	un_H	H_scf	un_LE	LE_scf	un_co2_flux	co2_scf	un_h2o_flux	h2o_scf	un_ch4_flux	ch4_scf	un_none_flux	un_none_scf	spikes_hf	amplitude_resolution_hf	drop_out_hf	absolute_limits_hf	skewness_kurtosis_hf	skewness_kurtosis_sf	discontinuities_hf	discontinuities_sf	timelag_hf	timelag_sf	attack_angle_hf	non_steady_wind_hf	u_spikes	v_spikes	w_spikes	ts_spikes	co2_spikes	h2o_spikes	ch4_spikes	none_spikes	head_detect_LI-7200	t_out_LI-7200	t_in_LI-7200	aux_in_LI-7200	delta_p_LI-7200	chopper_LI-7200	detector_LI-7200	pll_LI-7200	sync_LI-7200	chopper_LI-7500	detector_LI-7500	pll_LI-7500	sync_LI-7500	not_ready_LI-7700	no_signal_LI-7700	re_unlocked_LI-7700	bad_temp_LI-7700	laser_temp_unregulated_LI-7700	block_temp_unregulated_LI-7700	motor_spinning_LI-7700	pump_on_LI-7700	top_heater_on_LI-7700	bottom_heater_on_LI-7700	calibrating_LI-7700	motor_failure_LI-7700	bad_aux_tc1_LI-7700	bad_aux_tc2_LI-7700	bad_aux_tc3_LI-7700	box_connected_LI-7700	mean_value_RSSI_LI-7200	mean_value_LI-7500	u_var	v_var	w_var	ts_var	co2_var	h2o_var	ch4_var	none_var	w/ts_cov	w/co2_cov	w/h2o_cov	w/ch4_cov	w/none_cov	co2_mean	h2o_mean	avg_signal_strength_7200_mean	co2_signal_strength_7200_mean	h2o_signal_strength_7200_mean	delta_signal_strength_7200_mean	flowrate_mean	rssi_77_mean	CHK
DATAU		[yyyy-mm-dd]	[HH:MM]	[ddd.ddd]	[1=daytime]	[#]	[#]	[kg+1m-1s-2]	[#]	[kg+1m-1s-2]	[W+1m-2]	[#]	[W+1m-2]	[W+1m-2]	[#]	[W+1m-2]	[µmol+1s-1m-2]	[#]	[µmol+1s-1m-2]	[mmol+1s-1m-2]	[#]	[mmol+1s-1m-2]	[µmol+1s-1m-2]	[#]	[µmol+1s-1m-2]	[µmol+1s-1m-2]	[#]	[µmol+1s-1m-2]	[W+1m-2]	[W+1m-2]	[µmol+1s-1m-2]	[mmol+1s-1m-2]	[µmol+1s-1m-2]	[µmol+1s-1m-2]	[µmol+1s-1m-2]	[mmol+1s-1m-2]	[µmol+1s-1m-2]	[µmol+1s-1m-2]	[mmol+1m-3]	[µmol+1mol_a-1]	[µmol+1mol_d-1]	[s]	[1=default]	[mmol+1m-3]	[mmol+1mol_a-1]	[mmol+1mol_d-1]	[s]	[1=default]	[mmol+1m-3]	[µmol+1mol_a-1]	[µmol+1mol_d-1]	[s]	[1=default]	[mmol+1m-3]	[µmol+1mol_a-1]	[µmol+1mol_d-1]	[s]	[1=default]	[K]	[K]	[Pa]	[kg+1m-3]	[J+1kg-1K-1]	[m+3mol-1]	[mm]	[kg+1m-3]	[Pa]	[Pa]	[kg+1kg-1]	[%]	[Pa]	[K]	[m+1s-1]	[m+1s-1]	[m+1s-1]	[m+1s-1]	[m+1s-1]	[m+1s-1]	[m+1s-1]	[m+1s-1]	[deg_from_north]	[deg]	[deg]	[deg]	[m+1s-1]	[m+2s-2]	[m]	[#]	[#]	[K]	[0=KJ/1=KM/2=HS]	[m]	[m]	[m]	[m]	[m]	[m]	[m]	[kg+1m-1s-2]	[#]	[W+1m-2]	[#]	[W+1m-2]	[#]	[µmol+1s-1m-2]	[#]	[mmol+1s-1m-2]	[#]	[µmol+1s-1m-2]	[#]	[µmol+1s-1m-2]	[#]	8u/v/w/ts/co2/h2o/ch4/none	8u/v/w/ts/co2/h2o/ch4/none	8u/v/w/ts/co2/h2o/ch4/none	8u/v/w/ts/co2/h2o/ch4/none	8u/v/w/ts/co2/h2o/ch4/none	8u/v/w/ts/co2/h2o/ch4/none	8u/v/w/ts/co2/h2o/ch4/none	8u/v/w/ts/co2/h2o/ch4/none	8co2/h2o/ch4/none	8co2/h2o/ch4/none	8aa	8U	[#]	[#]	[#]	[#]	[#]	[#]	[#]	[#]	[#_flagged_recs]	[#_flagged_recs]	[#_flagged_recs]	[#_flagged_recs]	[#_flagged_recs]	[#_flagged_recs]	[#_flagged_recs]	[#_flagged_recs]	[#_flagged_recs]	[#_flagged_recs]	[#_flagged_recs]	[#_flagged_recs]	[#_flagged_recs]	[#_flagged_recs]	[#_flagged_recs]	[#_flagged_recs]	[#_flagged_recs]	[#_flagged_recs]	[#_flagged_recs]	[#_flagged_recs]	[#_flagged_recs]	[#_flagged_recs]	[#_flagged_recs]	[#_flagged_recs]	[#_flagged_recs]	[#_flagged_recs]	[#_flagged_recs]	[#_flagged_recs]	[#_flagged_recs]	[#]	[#]	[m+2s-2]	[m+2s-2]	[m+2s-2]	[K+2]	--	--	--	--	[m+1s-1K+1]	--	--	--	--	--	--	--	--	--	--	--	--	241
DATA	2026-09-11T233000_AIU-1657.ghg	2026-09-12	00:00:00	255	0	18000	18000	0.07135297711907329	1	NaN	12.463260054750656	1	NaN	47.83414260013304	1	NaN	1.3407889141412235	1	NaN	1.085361506466297	1	NaN	0.0897479937225802	1	NaN	NaN	NaN	NaN	NaN	NaN	NaN	NaN	NaN	NaN	-4.5423592111839683e-10	-2.5997254570159604e-11	-2.1305720332121855e-12	NaN	17.600675420863	449.5238624813985	461.3944195361667	0	0	1007.338297676508	25.72756962839201	26.406956438846343	0.1	1	0.08255513285916803	2.0312625464821914	2.0849020080630067	0.7	0	NaN	NaN	NaN	NaN	9	304.67385935889354	296.1048335622776	97450.01699667884	1.1353985752943143	1019.9178944915263	0.02526234127101975	0.07033142561901604	0.018351854551933614	2507.8246145798266	2793.449514257476	0.016163358798628496	89.77519020050838	285.6248996776494	294.2978582520752	-0.08400090409541734	-0.787676781712325	0.28307843681175027	0.8412040571258228	-2.5447507856593656e-14	-2.5807868746898615e-14	0.8412040571258228	2.1184303494766388	257.0872369644228	263.9127630355772	19.66473794073846	NaN	0.25068703667859693	0.23597141066634653	-108.56217441117785	-0.018451177961978583	0.26055155119924717	0.04293250447111161	0	20.81923665615476	-3.1593994837005597	7.1465702345235895	17.79597036175939	27.139977659943096	38.0642045624208	57.02711464072391	0.07034648602288338	1.0143076243476115	15.158183879381708	1.0217029004576308	43.746907230833976	1.093429127406252	1.2262238864275907	1.093429127406252	0.9926217248674429	1.093429127406252	0.06481224293520947	1.3079567890224804	NaN	NaN	800000009	800000009	800000009	800000019	800000019	800001019	899999999	899999999	89999	89999	89	89	8	0	0	17	5	0	9	NaN	0	0	0	0	0	0	0	0	0	NaN	NaN	NaN	NaN	0	0	0	0	0	0	301	0	0	6001	0	21	18000	18000	18000	18000	93	NaN	0.3691981376107574	0.05763619106832433	0.04510849265361127	0.04210741321156169	34.708202275073155	0.06022166003304003	0.0000015073205857026674	NaN	0.013089818192070805	0.03179552736336904	0.025738310567774973	0.00006481224293520947	NaN	17.60197540685867	1007.4098388427707	93.39590177027384	93.67747690963745	93.11432625198364	0.5631487683190236	0.000283901811587081	48.09866482792901	212
DATA	2026-09-12T000000_AIU-1657.ghg	2026-09-12	00:30:00	255.02	0	18000	18000	0.08949224080206512	1	NaN	12.704314669280768	1	NaN	21.86887762722507	1	NaN	7.834043163553632	1	NaN	0.4962436568024557	1	NaN	0.05335956440724757	1	NaN	NaN	NaN	NaN	NaN	NaN	NaN	NaN	NaN	NaN	1.8320283092638993e-10	1.0456096272062932e-11	8.555121785738312e-13	NaN	17.674857454407867	451.44353608045327	463.38288998843586	0.1	1	1008.7726821892487	25.76563391945808	26.447059164127232	0.1	1	0.08253723880979748	2.0315475155451916	2.085275972883551	0	1	NaN	NaN	NaN	NaN	9	304.8090883560181	296.1809943203396	97452.69751909722	1.1351213400821591	1019.9411779888445	0.02526814392486932	0.03215658896079913	0.01837478576045543	2511.6040592746895	2806.3522084397214	0.016187507988463575	89.49710773014816	294.7481491650319	294.32239330497873	-0.06624243083020116	-0.2853783864646637	0.18820354335489808	0.3482089269890326	-1.881626490125597e-14	1.0365165965211315e-14	0.3482089269890326	1.7727819841056587	264.0681513967975	256.9318486032025	32.717021136969535	NaN	0.2807834765956234	0.13208065274365893	-149.6546069452631	-0.01338482015947991	0.5809312615780918	0.03908069520616251	0	19.36027132428264	-2.937995865864691	6.645754648142485	16.548868739656683	25.238068998852246	35.39675062263175	53.030782565171236	0.08737220053967322	1.0242644714142144	13.772584952066435	1.02730343491337	19.931519537016772	1.0972007220327706	7.140027349817629	1.0972007220327706	0.45228156237727496	1.0972007220327706	0.03714317625482047	1.322169735000078	NaN	NaN	800000009	800000009	800000009	800000009	800000019	800000019	899999999	899999999	89999	89999	89	89	8	0	0	12	0	0	0	NaN	0	0	0	0	0	0	0	0	0	NaN	NaN	NaN	NaN	0	0	0	0	0	0	0	0	0	3001	0	0	18000	18000	18000	18000	93	NaN	0.1386861169495497	0.0576140624594575	0.06786112607831067	0.015174325317233733	43.85460966802501	0.05592577762731331	0.000001268009672317233	NaN	0.011895920292915975	0.1851880049450858	0.011730644170744424	0.00003714317625482047	NaN	17.676093690640023	1008.8437903973443	93.38556687037149	93.66512083858913	93.10601032850477	0.5591108231610727	0.0002841013901019728	50.55653749365273	109
DATA	2026-09-12T003000_AIU-1657.ghg	2026-09-12	01:00:00	255.041	0	18000	18000	0.018433884922634505	1	NaN	5.8514740181040965	0	NaN	12.42037282655796	0	NaN	8.947828750833818	0	NaN	0.2818549225272615	0	NaN	0.04670585294009818	0	NaN	NaN	NaN	NaN	NaN	NaN	NaN	NaN	NaN	NaN	-9.3118259629829e-11	-5.194097130155596e-12	-4.156191633953189e-13	NaN	18.499115584268967	472.6673405481353	485.46676117931815	0.1	1	1031.8728415741177	26.36518430240185	27.079130570645727	0.1	1	0.08256798369354675	2.0332610498256893	2.088319991278128	0	1	NaN	NaN	NaN	NaN	9	304.79307178412546	296.23449442206487	97484.11553927952	1.1350223156290378	1020.2883563956661	0.025264563082922645	0.018264198979766545	0.018805020601790113	2570.8760981170435	2815.4469653417996	0.0165679743409875	91.31324900680326	244.57086722475606	294.70300122691805	0.1984743698268512	0.014700028674525897	0.11738973145414013	0.23105954940680096	4.755418208681311e-14	-5.033660079891261e-15	0.23105954940680096	1.127879570776928	156.7641152438606	4.235884756139381	30.534007390043712	NaN	0.12744013881881114	0.053435328497771196	-30.38984172081984	-0.06591347261370209	0.4711190315955843	0.039648952169210216	1	0.829467601227292	1	1	1	2	4	15	0.01785297030955735	1.0325388214400473	6.450623023050877	1.0327095465494947	11.255559255233136	1.1034878449760954	8.10867903218966	1.1034878449760954	0.25542186423754154	1.1034878449760954	0.03383586847409234	1.334228274204227	NaN	NaN	800000009	800000009	800000009	800000009	800000019	800000019	899999999	899999999	89999	89999	89	89	16	2	0	5	3	0	0	NaN	0	0	0	0	0	0	0	0	0	NaN	NaN	NaN	NaN	0	0	0	0	0	0	0	0	0	0	0	0	18000	18000	18000	18000	93	NaN	0.026855583904863502	0.049152426377953286	0.030862646712725608	0.026559690626102143	20.569437932063853	0.02384674095819076	0.000001696358100228059	NaN	0.005570245437127379	0.2104112524445126	0.006627914872765719	0.00003383586847409234	NaN	18.500456829178063	1031.9475208136018	93.30244352467855	93.58521761110094	93.01966542561848	0.5655498500698157	0.00028432837450559915	50.84661211326388	052
DATA	2026-09-12T010000_AIU-1657.ghg	2026-09-12	01:30:00	255.062	0	18000	18000	0.005103432919876784	1	NaN	10.33970200979181	1	NaN	19.10749331469373	1	NaN	1.925482461329196	2	NaN	0.4336337748556846	1	NaN	0.13952495145687366	1	NaN	NaN	NaN	NaN	NaN	NaN	NaN	NaN	NaN	NaN	-1.415393098738314e-10	-7.861567054901543e-12	-6.390581043946819e-13	NaN	18.481100312407683	472.25772348288166	484.9791010575757	0.1	1	1026.5021744409185	26.230774783806186	26.93736267746857	0.1	1	0.08344322819789876	2.0553213654524374	2.11068630249238	0.3	0	NaN	NaN	NaN	NaN	9	304.8206743503147	296.30195057206896	97485.43323002888	1.1348375098793826	1020.2118587790882	0.02526997455346336	0.02809946861064836	0.018705146247890093	2557.804363711878	2826.9508626042443	0.01648266477363635	90.479265046566	269.14649889236625	294.61972811543797	0.12310747588534528	-0.22285106558919102	0.0784947121259946	0.2664197212761212	1.233686149970864e-14	-7.658597566228561e-15	0.2664197212761212	1.1913476414692084	222.0828436973568	298.9171563026432	17.1352325298029	NaN	0.06706012587687958	0.06842294572858987	-2.5058438490817294	-0.7993714375834069	0.5411333574478104	0.13317405040752336	1	2.813253770248354	1	2	4	6	10	23	0.004957988260083379	1.0293354183519101	11.252988603701464	1.0305963735303443	17.355100896608693	1.100972758875027	1.7488920100953744	1.100972758875027	0.39386421812904	1.100972758875027	0.10408686822025719	1.3295259543484284	NaN	NaN	800000009	800000009	800000009	800000019	800000019	800000019	899999999	899999999	89999	89999	89	89	8	0	1	16	1	0	0	NaN	0	0	0	0	0	0	0	0	0	NaN	NaN	NaN	NaN	0	0	0	0	0	0	301	0	0	0	0	16	18000	18000	18000	18000	93	NaN	0.05530524806288132	0.05044895052475407	0.03109169286954435	0.01828299043157904	21.667086420847063	0.024420436269813443	0.0000029595979205797984	NaN	0.009719497883253025	0.045385266636028085	0.010221118545336812	0.00010408686822025718	NaN	18.482450760432798	1026.575850771549	93.37120005204943	93.6668246353997	93.07557218212551	0.5912480564448577	0.00028414316379187063	52.936918807570116	087
DATA	2026-09-12T013000_AIU-1657.ghg	2026-09-12	02:00:00	255.083	0	18000	18000	0.010513722891198703	0	NaN	7.328509330853857	1	NaN	12.395024101971094	1	NaN	1.8336101873754997	0	NaN	0.28131272735578805	1	NaN	0.06449548449074213	1	NaN	NaN	NaN	NaN	NaN	NaN	NaN	NaN	NaN	NaN	-5.258431620250595e-11	-2.97961299079668e-12	-2.452892811262684e-13	NaN	18.097915257019906	462.54223238665696	474.9914133258393	0	0	1025.4917682771754	26.20927576777543	26.91469030826913	0.1	1	0.08442107730721014	2.0799256646110877	2.135906219738316	0	1	NaN	NaN	NaN	NaN	9	304.92199740600586	296.3556896837023	97462.27914800346	1.134371550230114	1020.2002577010932	0.02528056213715965	0.018229064732655065	0.018681987958379494	2555.1009461304634	2836.1448262501376	0.016469020185308547	90.09063720870482	281.0438801196742	294.60245958645197	0.09144385597439704	-0.2363694401497474	0.06392158066792894	0.2613780011922482	-1.2230870812930929e-14	-2.9055454982368364e-15	0.2613780011922482	1.3190894534773285	229.85012310672494	291.14987689327506	14.155601256056292	NaN	0.09627213432630843	0.059852947540557616	-10.458756659087138	-0.19152372172839469	0.591246073469793	0.06577703455483523	1	1.8139933214336335	1	1	3	4	7	18	0.010210039651887666	1.0297435905897674	7.905769137545664	1.0308645176430198	11.25501451272557	1.101289037695737	1.664967256200082	1.101289037695737	0.2554395056400342	1.101289037695737	0.047249424729045406	1.3301224104766414	NaN	NaN	800000009	800000009	800000009	800000009	800000019	800000019	899999999	899999999	89999	89999	89	89	15	0	0	14	5	0	3	NaN	0	0	0	0	0	0	0	0	0	NaN	NaN	NaN	NaN	0	0	0	0	0	0	0	0	0	6001	0	0	18000	18000	18000	18000	93	NaN	0.05135128190943323	0.0403406513542932	0.028013961817388796	0.017339563890235908	39.123994062962936	0.039437114322143814	0.000005261598854838481	NaN	0.006831300238123542	0.04322449476367899	0.00663150793678285	0.000047249424729045406	NaN	18.099203418678737	1025.5646519885865	93.37082636388143	93.66332973183526	93.07832305781048	0.5850067674318962	0.00028399325218439724	45.52865381473998	002
DATA	2026-09-12T020000_AIU-1657.ghg	2026-09-12	02:30:00	255.104	0	18000	18000	0.00878663280579474	0	NaN	9.671131478896491	0	NaN	7.154642546004648	1	NaN	-2.924238169474484	1	NaN	0.16237151663944183	1	NaN	0.1102288527895795	0	NaN	NaN	NaN	NaN	NaN	NaN	NaN	NaN	NaN	NaN	2.9001588070108447e-10	1.6540050943264227e-11	1.3816752994841957e-12	NaN	17.816438490258903	455.3083902506534	467.4465450208658	0.1	1	1016.0988410153428	25.966936539600592	26.659194142085006	0.1	1	0.08487994839200601	2.0905847608745955	2.146318065885236	0.7	0	NaN	NaN	NaN	NaN	9	304.81700690810334	296.3079411298964	97451.33562239583	1.1345319499215627	1020.0595043536496	0.025279327438872037	0.01052167427823583	0.01851015243947592	2531.1914310361663	2827.9744674118824	0.016315232409942832	89.50545559036368	296.78303637571616	294.44903321942974	0.06066953237532344	-0.5344097132902226	0.06199475010325691	0.5414036228711117	-1.8575702045826235e-14	1.62779941041331e-14	0.5414036228711117	1.3971035689833688	244.5231548232457	276.47684517675435	6.575216538201824	NaN	0.08800409343109507	0.07159069974046332	-6.053000187097252	-0.33092680292160986	1.35172811453692	0.09495813506856329	1	6.941340782036577	3	6	9	15	24	59	0.008629857869709845	1.0181665722022102	9.955625639429364	1.0235617066294629	6.542438378496271	1.0935743116084322	-2.6740187095045296	1.0935743116084322	0.14847780796956114	1.0935743116084322	0.08326806897446738	1.313429043511891	NaN	NaN	800000009	800000009	800000009	800000009	800000019	800000019	899999999	899999999	89999	89999	89	89	16	1	0	12	1	0	4	NaN	0	0	0	0	0	0	0	0	0	NaN	NaN	NaN	NaN	0	0	0	0	0	0	0	0	0	3001	0	0	18000	18000	18000	18000	93	NaN	0.09654975552013675	0.022994132637996312	0.02363751132279359	0.015309649223207957	30.768841787216072	0.012716106748547252	0.000005812530733195581	NaN	0.008602532461172843	-0.06939998288216186	0.0038535098108486154	0.00008326806897446738	NaN	17.81775243237679	1016.1740402407338	93.4180065129598	93.71521116341486	93.12079962709215	0.5944114626414245	0.00028378258704227243	50.78650006769485	065
DATA	2026-09-12T023000_AIU-1657.ghg	2026-09-12	03:00:00	255.124	0	18000	18000	0.021183359003135983	0	NaN	8.461654951634394	0	NaN	15.669196295412279	1	NaN	3.7967879897759036	1	NaN	0.35554648287060386	1	NaN	0.05442422925364135	0	NaN	NaN	NaN	NaN	NaN	NaN	NaN	NaN	NaN	NaN	1.7238147699918463e-10	9.715618815763847e-12	8.125424996062932e-13	NaN	18.06116285961133	461.45788252718654	473.78009663934773	0.1	1	1017.9479649907222	26.00829836366283	26.702792559698466	0.1	1	0.08513363889911647	2.095304320920889	2.1512547975518794	0	1	NaN	NaN	NaN	NaN	9	304.79981236521405	296.13630481946063	97412.46363539253	1.1347187734215907	1020.0802679537225	0.025274766147834676	0.02303941209001513	0.018542982427691878	2534.2120118203807	2798.7748889485565	0.016341478489668437	90.54718983749468	264.56287712817584	294.4684860160229	0.14578079906996078	-0.29669325473163144	0.07523887768393905	0.3390277532826616	-3.453367777858891e-14	9.544317735192286e-15	0.3390277532826616	1.5329136094456937	224.8327174168371	296.1672825831629	12.822147585815149	NaN	0.13663227296346453	0.12703811910861318	-25.883451543787743	-0.0773892151366019	0.5400184407742628	0.05350315982628843	1	1.5932079134837722	1	1	2	4	7	19	0.02067234605005435	1.024719640037193	9.237081089524423	1.0275948764749339	14.27686726904598	1.0975234272426866	3.4594140731142224	1.0975234272426866	0.32395343374477664	1.0975234272426866	0.03924577987660968	1.3228260813483919	NaN	NaN	800000009	800000009	800000009	800000019	800000019	800001119	899999999	899999999	89999	89999	89	89	11	7	0	10	3	0	0	NaN	0	0	0	0	0	0	0	0	0	NaN	NaN	NaN	NaN	0	0	0	0	0	0	301	0	0	3001	0	16	18000	18000	18000	18000	93	NaN	0.13288421400550754	0.08042885131604062	0.040763172895678185	0.014703825452595326	41.12188383622851	0.024236491705031265	0.000003155319150452571	NaN	0.007980170479360671	0.08977130692663247	0.008406545882048456	0.00003924577987660968	NaN	18.06246791385835	1018.0213482692128	93.317908905877	93.59078296618992	93.04503378846911	0.5457466741651291	0.0002837604405309927	50.9848131853738	219
DATA	2026-09-12T030000_AIU-1657.ghg	2026-09-12	03:30:00	255.145	0	18000	18000	0.01456226102423316	1	NaN	4.011823520666548	0	NaN	-3.263424306021329	2	NaN	-6.487498954111524	2	NaN	-0.07407553651966052	2	NaN	-0.01315492609604544	1	NaN	NaN	NaN	NaN	NaN	NaN	NaN	NaN	NaN	NaN	8.613331764321629e-11	4.920204819850843e-12	4.147470082805755e-13	NaN	17.651360083304343	451.27660109418076	463.21757786999456	0.1	1	1008.3009610583231	25.77833257261474	26.46043855777428	0.1	1	0.08499438994046717	2.0951053428678894	2.15054274906491	0	1	NaN	NaN	NaN	NaN	9	304.82916220855714	296.4964481370714	97391.29991059027	1.1331937529515415	1019.9537506301467	0.025311002852150672	-0.004800094766474002	0.01835271259819562	2511.2587567094915	2860.350380339841	0.016195564571719303	87.79549435517498	349.09162363034966	294.32015304388966	0.14738089804713295	-0.024208025017402435	0.06104692845295182	0.16135019385783508	2.7885091003369574e-14	4.879698631534126e-15	0.16135019385783508	1.0840473209424815	170.32781685045734	350.6721831495426	22.231546939142493	NaN	0.1133606480155962	0.06657475511421064	-31.17307574836995	-0.06425737441403236	-1.229329423472256	0.030619271199141197	1	0.4844380027568267	1	1	1	2	6	NaN	0.013969221855230612	1.0424532715671984	3.700140356705929	1.0393350781652622	-2.9358362871612034	1.1115825225993392	-5.836272901215711	1.1115825225993392	-0.06663970961547802	1.1115825225993392	-0.010847041941751264	1.349070874083504	NaN	NaN	800000009	800000009	800000009	800000009	800000019	800000019	899999999	899999999	89999	89999	89	89	7	0	0	20	0	0	0	NaN	0	0	0	0	0	0	0	0	0	NaN	NaN	NaN	NaN	0	0	0	0	0	0	0	0	17997	0	0	0	18000	18000	18000	18000	93	NaN	0.018372400978496906	0.0851700861700667	0.029607023079857665	0.025751222529111186	52.77174838068726	0.07291545309713651	0.0000017236274000549796	NaN	0.0032013528728175276	-0.15163178307952327	-0.0017313614637162955	-0.000010847041941751263	NaN	17.652549997555738	1008.3698196890123	93.43445951758491	93.72693905724421	93.14197995503744	0.5849597307576071	0.00028403411756799967	50.501457099066876	066
DATA	2026-09-12T033000_AIU-1657.ghg	2026-09-12	04:00:00	255.166	0	18000	18000	0.045148627841573356	1	NaN	4.115683027855549	1	NaN	43.7639195358768	1	NaN	9.662991670681404	1	NaN	0.9934505472822981	1	NaN	0.06082602877076465	1	NaN	NaN	NaN	NaN	NaN	NaN	NaN	NaN	NaN	NaN	3.5237626077120164e-10	1.9915253867436207e-11	1.6800319294175758e-12	NaN	17.5774909049619	449.37889022876146	461.08943345142825	0.1	1	993.4272897916973	25.397552780615523	26.05939770937031	0.1	1	0.08380458403966487	2.0661164638353133	2.1199582144802758	0.7	0	NaN	NaN	NaN	NaN	9	304.70641407097713	296.56480734547256	97368.70652076034	1.1328344155029997	1019.7354756797176	0.02532271297806088	0.06437559546389292	0.018073257369569752	2473.5901994942014	2872.170718030022	0.0159540150989718	86.12267313938774	398.5805185358204	294.0741310677399	-0.02382579048251441	-0.6254530834074644	0.14244169679767277	0.641910324595822	-8.566921260780257e-15	2.0047017101384496e-14	0.641910324595822	1.6453543368559191	253.18155051056715	267.81844948943285	12.820818070995234	NaN	0.19963609245075029	0.15912378407794617	-165.92354774732095	-0.012072427495646666	0.09404283417717174	0.017846329062189872	1	2.5940125187358913	1	2	4	7	14	44	0.04441840428402856	1.0164396621021201	6.674268164408368	1.022625039555059	40.03774533880615	1.0930665342301156	8.840259369469564	1.0930665342301156	0.9088655778689808	1.0930665342301156	0.04427459939963107	1.310969031593051	NaN	NaN	800000009	800000009	800000009	800000019	800000019	800000019	899999999	899999999	89999	89999	89	89	6	0	0	29	7	0	2	NaN	0	0	0	0	0	0	0	0	0	NaN	NaN	NaN	NaN	0	0	0	0	0	0	301	0	18000	3001	0	21	18000	18000	18000	18000	93	NaN	0.23573239689996883	0.04252393255089667	0.03999123870502687	0.01345845844553023	22.482767896416448	0.04843483583592608	0.0000017380343464811647	NaN	0.005777629511693122	0.22969459611604456	0.023614862766737712	0.00004427459939963107	NaN	17.57877100724048	993.4983386935122	93.51744055302939	93.81819105572171	93.21669054921469	0.6015006137970412	0.00028415303234295496	49.79440103045806	218
DATA	2026-09-12T040000_AIU-1657.ghg	2026-09-12	04:30:00	255.187	0	18000	18000	0.08391150958120643	1	NaN	10.423719930716937	1	NaN	58.589994827459016	1	NaN	9.31227454713894	1	NaN	1.3299600979865345	1	NaN	0.04518037489229596	2	NaN	NaN	NaN	NaN	NaN	NaN	NaN	NaN	NaN	NaN	-1.4319897356867065e-10	-8.034526413398828e-12	-6.714688273008204e-13	NaN	17.8422770666601	456.0808258888804	468.05821232605246	0.1	1	1001.0843150248952	25.58952310151659	26.26154347495031	0.1	1	0.08366353863969109	2.062498419992317	2.1166628119159614	-1.2	0	NaN	NaN	NaN	NaN	9	304.75869095950657	296.52943939039443	97353.43357855902	1.1327087917857608	1019.8453550833777	0.025323665211071746	0.08618141434952743	0.018209181425623156	2491.896183092935	2866.0497516016067	0.016075783606230912	86.94532192612543	374.15356850867147	294.1940984013465	0.09557516421197539	-0.3810490351568188	0.13721743196540417	0.4161269071367446	-1.2419349833516203e-16	-8.025823891965607e-15	0.4161269071367446	1.553928886823306	236.91948322882456	284.08051677117544	19.2535415941269	NaN	0.2721771306838191	0.17778753813901152	-166.00885035804637	-0.012066224154192576	0.17790955540128697	0.033152669870964095	0	20.44096173372406	-3.1019948048277097	7.016720694612107	17.4726266475131	26.646858093955025	37.372597359618794	55.990961023593606	0.08214575521631923	1.0214953817179881	13.744837728885372	1.025555838510889	53.489775133437696	1.0953494323223103	8.501647302993966	1.0953494323223103	1.214187964809379	1.0953494323223103	0.029470447316709815	1.3181892353480296	NaN	NaN	800000009	800000009	800000009	800000009	800000019	800001019	899999999	899999999	89999	89999	89	89	8	2	0	22	7	0	4	NaN	0	0	0	0	0	0	0	0	0	NaN	NaN	NaN	NaN	0	0	0	0	0	0	0	0	18000	6001	0	0	18000	18000	18000	18000	93	NaN	0.211253786525564	0.08865317469483214	0.05566811505762685	0.022321801588057806	37.888240763573506	0.06140982195932757	0.000003146315989149306	NaN	0.011898357764256202	0.22094834955449136	0.03155539359755413	0.000029470447316709814	NaN	17.843549730512947	1001.1553102335714	93.41895836936104	93.69857404496935	93.13934380171034	0.5592298337850296	0.00028421073589318733	49.37359252013114	239
DATA	2026-09-12T043000_AIU-1657.ghg	2026-09-12	05:00:00	255.208	0	18000	18000	0.1240530951829145	1	NaN	28.32009766064879	1	NaN	61.35384487462515	1	NaN	-21.243429009370207	1	NaN	1.3924914740847874	1	NaN	0.12732752569172096	1	NaN	NaN	NaN	NaN	NaN	NaN	NaN	NaN	NaN	NaN	2.0432675887581372e-10	1.1348860913994082e-11	9.430495061315149e-13	NaN	18.18890204294177	464.92572762522605	477.24986180872884	0.1	1	1010.2608224166542	25.82323258679534	26.507748337465962	0.1	1	0.08394903919117153	2.068263939753844	2.123088959764295	0.3	0	NaN	NaN	NaN	NaN	9	304.72150558047827	296.37648803028014	97387.06824657584	1.1335837265821882	1019.9775186906039	0.02530186159054425	0.09023344752069422	0.018391321030739177	2515.52349587683	2839.7101163683474	0.01622405173915996	88.58381288206581	324.18662049151726	294.34780301918806	0.02747586833640763	-0.36615676820868004	0.17379261817764102	0.4062383246062093	-9.505169812248811e-15	1.1233594990693956e-14	0.4062383246062093	1.7849007478999372	246.7086509992307	274.29134900076923	25.328626194959007	NaN	0.3308087596718957	0.22163080275103617	-109.73874074513152	-0.018253353249717018	0.4615863556476389	0.07404121613002856	0	22.79277553668799	-3.4588916227832076	7.824022268583841	19.48292171380939	29.712684912053927	41.67246306397829	62.432943386842844	0.1214012408987925	1.0218437164603016	31.499739283653707	1.0257723315490386	56.00179580234144	1.0955692401574728	-19.39031165781613	1.0955692401574728	1.271020966127742	1.0955692401574728	0.08873094727162327	1.318688405979771	NaN	NaN	800000009	800000009	800000009	800000019	800000019	810000019	899999999	899999999	89999	89999	89	89	12	22	0	22	6	0	3	NaN	0	0	0	0	0	0	0	0	0	NaN	NaN	NaN	NaN	0	3	0	0	0	0	301	0	18000	5997	0	21	18000	18000	18000	18000	93	NaN	0.30888263504603675	0.07174390517816695	0.0626350652778686	0.03093166270323418	34.81419208866094	0.04999075322793018	0.0000020728790046228705	NaN	0.02724349096107699	-0.5036195551477762	0.03301189918145152	0.00008873094727162327	NaN	18.19028212675896	1010.3320886906631	93.39227785958184	93.6753133400811	93.10924127027724	0.5660717660586047	0.0002842166067097828	49.67597757344854	247
DATA	2026-09-12T050000_AIU-1657.ghg	2026-09-12	05:30:00	255.229	0	18000	18000	0.06581114044020789	1	NaN	22.710451211882187	0	NaN	9.238935920713018	2	NaN	-12.440176505435904	2	NaN	0.20967117873122995	2	NaN	0.12667594190539488	0	NaN	NaN	NaN	NaN	NaN	NaN	NaN	NaN	NaN	NaN	1.255426012441258e-10	7.095207004315117e-12	5.956710536837797e-13	NaN	17.561079765298725	448.6933887631412	460.36762266669217	0.1	1	992.4877684491508	25.358503354183817	26.018288202845806	0.1	1	0.08332332438515451	2.0516964555557777	2.105078085241185	0.2	0	NaN	NaN	NaN	NaN	9	304.8254521891276	296.2957663868946	97390.51472247214	1.134133911954332	1019.7082524706542	0.02529407518545777	0.0135866923817837	0.018065900212655372	2470.3401591532943	2825.8945121678175	0.01592924788001827	87.41798918949142	355.55435301452326	294.05275086177335	-0.3475088600999574	-0.7175855675171291	0.3889932550066105	0.8871342666121251	3.17923953720139e-14	7.148911281195939e-15	0.8871342666121251	2.0788277000676403	276.8397536820204	244.1602463179796	26.00712772010658	NaN	0.2408893169079878	0.16695955508586974	-52.835271683542906	-0.037912173746310535	2.4581241180563898	0.08152070975589597	0	18.268904440443652	-2.772376730721739	6.271123713502395	15.615984742064839	23.815362041081276	33.40138388535909	50.04135958931124	0.06490438291810652	1.013970667023296	22.964359642825535	1.0216054962530883	8.447484870549072	1.0936907330752645	-11.374492010603703	1.0936907330752645	0.1917097515690489	1.0936907330752645	0.09327784411970194	1.3074874293359084	NaN	NaN	800000009	800000009	800000009	800000019	800000019	810000019	899999999	899999999	89999	89999	89	89	11	0	0	25	3	0	2	NaN	0	0	0	0	0	0	0	0	0	NaN	NaN	NaN	NaN	0	8	0	0	0	0	0	0	18000	9006	0	0	18000	18000	18000	18000	93	NaN	0.13291611770069134	0.14325852423692945	0.057744468234118725	0.025642709421256304	39.949129617969724	0.05898813931365964	0.0000037121182681831867	NaN	0.019857019810655838	-0.29519496662434713	0.004975321417715221	0.00009327784411970195	NaN	17.562305406144134	992.5579671859215	93.45480953894722	93.7367857386271	93.17283131959704	0.5639533024430287	0.0002839504894574121	46.81220401812701	139
DATA	2026-09-12T053000_AIU-1657.ghg	2026-09-12	06:00:00	255.249	0	18000	18000	0.06771583007529974	1	NaN	20.791867657219594	1	NaN	17.284197177483968	1	NaN	-2.1611799781521444	1	NaN	0.39222894373473904	1	NaN	0.075294745873384	1	NaN	NaN	NaN	NaN	NaN	NaN	NaN	NaN	NaN	NaN	-1.491222196693683e-10	-8.448076303704646e-12	-7.226240674271368e-13	NaN	17.249876228395436	440.8036306860351	452.093499452023	0.1	1	977.2404872329037	24.97242004070447	25.612014012718486	0.1	1	0.08359033114190093	2.0573552881726447	2.110048300642463	0.6	0	NaN	NaN	NaN	NaN	9	304.8627789171007	296.23315120011415	97391.56288336382	1.1345530557619945	1019.4848561378964	0.025288457707853998	0.025416435554011088	0.017794798798821978	2432.755402632359	2815.2183095204387	0.015684413089761186	86.41444943737842	382.4629068880795	293.8036950881377	-0.5708773825541192	-0.4940752940544216	0.46841379302721536	0.8884947178261408	1.8567501223089295e-16	-8.64482838571877e-15	0.8884947178261408	2.3640482196845753	300.12490665566304	220.87509334433693	31.816417370142155	NaN	0.24430519288902014	0.16703122973332218	-60.19686499051794	-0.03327581926925137	1.2029408970354174	0.07357922599249528	0	18.550226799890048	-2.8150684841163387	6.367692575921815	15.856454863688066	24.182094149309677	33.91573088159176	50.81194511596194	0.06678344334106266	1.0139613456208807	21.548926983659943	1.0216031151711962	15.80344250941295	1.0936982348743978	-1.9760295017759977	1.0936982348743978	0.35862629309242994	1.0936982348743978	0.05296489893223669	1.3074743400118418	NaN	NaN	800000009	800000009	800000009	800000019	800000019	800000019	899999999	899999999	89999	89999	89	89	6	2	0	15	4	0	6	NaN	0	0	0	0	0	0	0	0	0	NaN	NaN	NaN	NaN	0	0	0	0	0	0	301	0	18000	2997	0	16	18000	18000	18000	18000	93	NaN	0.12430186057070576	0.15259313796545632	0.0571674609304823	0.023574155940425664	3.3348934057950936	0.0445997156251705	7.610281962316763e-7	NaN	0.01863030911389853	-0.05125094184118308	0.009301447814154522	0.00005296489893223669	NaN	17.25114133107781	977.310509282037	93.55853293482463	93.85263466432359	93.26443190468682	0.5882026380101839	0.0002842294662615232	50.55062208552887	213
DATA	2026-09-12T060000_AIU-1657.ghg	2026-09-12	06:30:00	255.27	1	18000	18000	0.10233987036823666	1	NaN	25.348144871744196	1	NaN	19.922895032591807	1	NaN	-8.598487142869036	2	NaN	0.45213830332613514	1	NaN	0.1191308002495784	1	NaN	NaN	NaN	NaN	NaN	NaN	NaN	NaN	NaN	NaN	5.2929373949509495e-11	2.9661538064872593e-12	2.5585695447845917e-13	NaN	17.305485695934934	442.00350034479334	453.22991783048434	0.1	1	969.7967015267127	24.7698067670145	25.39893344042202	0.1	1	0.08365352800424505	2.059334076528502	2.111638965669842	0.6	0	NaN	NaN	NaN	NaN	9	304.76451989661325	296.30068811955994	97411.68661708197	1.1346165782756932	1019.36961540474	0.025288997722723295	0.029298562055533554	0.017650044121292438	2413.515880828309	2826.7351890067453	0.015555954724472364	85.38174676618249	413.2193081784362	293.67489728184574	-0.31117982732698873	-0.7417130134523718	0.32088936905675924	0.8659913778055413	4.838621494523348e-14	3.058531547712794e-15	0.8659913778055413	1.9933383914555878	273.7600998490361	247.2399001509639	21.749275075302418	NaN	0.30032941407454533	0.1899813738032099	-91.74137966994131	-0.021834204011391245	1.2723123235994185	0.07297389081395937	0	19.53542736112181	-2.96457647021135	6.705880047548129	16.698589485510812	25.46640258309122	35.7169917211265	53.510562086284914	0.10091491762222525	1.0141203379994395	26.1993865189714	1.0216461743236316	18.218336349288755	1.0935628067581262	-7.862819665894916	1.0935628067581262	0.41345435354234655	1.0935628067581262	0.08607830472367672	1.3076953049971525	NaN	NaN	800000009	800000009	800000009	800000019	800000019	800001019	899999999	899999999	89999	89999	89	89	5	0	1	21	7	0	1	NaN	0	0	0	0	0	0	0	0	0	NaN	NaN	NaN	NaN	0	11	0	0	0	0	0	0	18000	3005	0	0	18000	18000	18000	18000	93	NaN	0.11835421029997072	0.18569923267187458	0.07590930463457454	0.019707067924566734	5.408931533350433	0.032600111023416	0.0000013668455440738162	NaN	0.022652196109270998	-0.2038946135273398	0.010721486592445973	0.00008607830472367672	NaN	17.306718399024103	969.8648162439957	93.59448321321275	93.8892070066664	93.29975740729438	0.5894485604812691	0.00028459155340290944	49.99966352036705	144
DATA	2026-09-12T063000_AIU-1657.ghg	2026-09-12	07:00:00	255.291	1	18000	18000	0.05950312035224171	1	NaN	20.432129545030627	1	NaN	81.35335846946934	1	NaN	6.270782079487899	1	NaN	1.8463368110935872	1	NaN	0.1516716184397991	1	NaN	NaN	NaN	NaN	NaN	NaN	NaN	NaN	NaN	NaN	2.591788865266482e-10	1.4532113030964468e-11	1.2515650710782336e-12	NaN	17.378103698930282	443.58543749431396	454.8995885213215	0	0	974.3871138620349	24.871754805900856	25.50613719629272	0.1	1	0.08391820754627838	2.066259075664117	2.1189613631310906	0	0	NaN	NaN	NaN	NaN	9	304.71310515509714	296.34009710644034	97443.67297315676	1.1347940455029388	1019.4290929071511	0.025284058904693086	0.11964262535886444	0.01772615033729211	2424.245245315607	2833.4744828434523	0.015620588077227627	85.55733464318425	409.22923752784527	293.74683481229573	-0.10713197494772596	-0.7142596069707547	0.22052165269556934	0.7551647803716846	4.7793984349993514e-14	1.4914106338460972e-14	0.7551647803716846	1.7421345383566185	259.5302191058545	261.4697808941456	16.978804976823024	NaN	0.22898727358517676	0.11667774559606048	-50.460144424823405	-0.03969667591784762	0.25115287099915473	0.07713086740404683	0	17.59963928920379	-2.6708131619796114	6.04138664447106	15.043906956873709	22.94290732272547	32.17775373772049	48.208138653542015	0.05861954268307384	1.0150730904528704	25.013802700405815	1.0219865484237607	74.42447287154042	1.0930995589298758	5.736698023761786	1.0930995589298758	1.6890838496917122	1.0930995589298758	0.10943103822745869	1.3090332189331928	NaN	NaN	800000009	800000009	800000009	800000019	800000019	800011019	899999999	899999999	89999	89999	89	89	4	2	0	25	29	0	5	NaN	0	0	0	0	0	0	0	0	0	NaN	NaN	NaN	NaN	0	6	0	0	0	0	301	0	18000	9002	0	21	18000	18000	18000	18000	93	NaN	0.09495584673555992	0.08111742435231958	0.05728222010424146	0.02307582829789923	2.862963253122187	0.06278472553869571	0.000001507898162422843	NaN	0.021622487173682422	0.14874761740156686	0.04379648313235695	0.00010943103822745869	NaN	17.379362009101445	974.4548596036088	93.55180791558159	93.83780581876968	93.26580989964802	0.5719963769763697	0.0002838990627383788	50.59451294241742	175
DATA	2026-09-12T070000_AIU-1657.ghg	2026-09-12	07:30:00	255.312	1	18000	18000	0.015137824060161632	1	NaN	5.886172520553381	0	NaN	15.799463477472958	1	NaN	7.563052279424219	1	NaN	0.35861160964749494	1	NaN	0.01154830836086886	2	NaN	NaN	NaN	NaN	NaN	NaN	NaN	NaN	NaN	NaN	-2.5305147311288357e-10	-1.4035685219664776e-11	-1.1903707352210113e-12	NaN	17.92096957342857	457.6234517825817	469.54155257771	0.1	1	993.9996976489733	25.382419787343032	26.043465973397186	0.1	1	0.08430141688003254	2.0771220479131536	2.131217505290573	-1.2	0	NaN	NaN	NaN	NaN	9	304.782992837694	296.45070927812003	97479.57503760979	1.1345673706041681	1019.7251599592072	0.0252841807731246	0.023238032305157672	0.018090015116921338	2474.931190359487	2852.4651806562315	0.015944416863749773	86.76464158591799	377.5339902967444	294.08294553087575	0.0612749661467597	-0.07657577733821197	0.1193754314781018	0.15449584069426472	8.589310199305748e-16	-1.4120411960750332e-14	0.15449584069426472	1.573853305431299	212.3336480015506	308.6663519984494	50.59492200382178	NaN	0.11550920158658588	0.09910482712731519	-22.490572759017397	-0.08906398345043812	0.37255521549487725	0.044045645658461835	1	0.41825534782069984	1	1	1	2	10	NaN	0.014501906175668884	1.0438506412046495	6.6327204499701775	1.0402759499961227	14.198601521325212	1.1127478613822195	6.796734949487694	1.1127478613822195	0.3222757123092011	1.1127478613822195	0.006489792363639961	1.3512015330840907	NaN	NaN	800000009	800000009	800000009	800000019	800000019	800001019	899999999	899999999	89999	89999	89	89	6	4	0	11	1	0	1	NaN	0	0	0	0	0	0	0	0	0	NaN	NaN	NaN	NaN	0	11	0	0	0	0	0	0	18000	0	0	0	18000	18000	18000	18000	93	NaN	0.044066277820587405	0.1251674999548158	0.02897587647922718	0.024829388417644146	105.78750796139784	0.09254838584430132	0.0000045644315900313964	NaN	0.005732951518677633	0.17632667330303325	0.008360750369135713	0.000006489792363639961	NaN	17.922124045379576	994.0681850929928	93.50109593963623	93.79466583421495	93.20752741495768	0.5871395598418194	0.00028362258128052206	50.06129637154374	183
DATA	2026-09-12T073000_AIU-1657.ghg	2026-09-12	08:00:00	255.333	1	18000	18000	0.04702317396223388	1	NaN	10.630817160845245	0	NaN	52.463698927554674	1	NaN	4.459631336958766	2	NaN	1.1906867203873477	1	NaN	0.049629152066524226	0	NaN	NaN	NaN	NaN	NaN	NaN	NaN	NaN	NaN	NaN	8.542099055821645e-10	4.7556285971783e-11	4.054579727410303e-12	NaN	17.566747337533034	448.32669304359575	459.8032051230538	0	0	977.990602214367	24.959617400636926	25.598547348466745	0.1	1	0.08338205535413251	2.053125152935277	2.1056821743750187	0.3	0	NaN	NaN	NaN	NaN	9	304.68985042402477	296.34760615992303	97497.87767391719	1.1353584439150781	1019.4799875079556	0.025270642360584735	0.07715649948110012	0.01779821449918234	2434.162487337749	2834.760189219501	0.01567629552990192	85.8683742136209	400.5977018817521	293.8130796781072	-0.14648935507765976	-0.7783103945333285	0.2270339296256758	0.8238753586501598	-1.6155886349584127e-14	4.862652653727554e-14	0.8238753586501598	1.9142998631073804	261.659201436564	259.34079856343595	15.995883815082237	NaN	0.20351174246629547	0.13088268108792897	-68.10976966533214	-0.02940987775825026	0.20263186504491376	0.04513001489507234	0	17.292757043043856	-2.624242597165559	5.936043900059634	14.781588628521463	22.542855320696304	31.616675116667704	47.36754063729382	0.04635351654728617	1.0144467446016652	13.62230549591102	1.021748723316757	47.98456129320773	1.0933453909680937	4.078886117597315	1.0933453909680937	1.0890307218774333	1.0933453909680937	0.033461318195620024	1.308151676301202	NaN	NaN	800000009	800000009	800000009	800000019	800000019	800010019	899999999	899999999	89999	89999	89	89	9	4	0	32	10	0	5	NaN	0	0	0	0	0	0	0	0	0	NaN	NaN	NaN	NaN	0	2	0	0	0	0	301	0	18000	6002	0	16	18000	18000	18000	18000	93	NaN	0.11931834352708329	0.09516729686397646	0.047279721784798195	0.015889197036306306	11.873153793910337	0.06396407303607321	0.0000011341829258824466	NaN	0.011768982481956253	0.10571539592373483	0.0282251846747317	0.00003346131819562002	NaN	17.567981316884364	978.057969600336	93.56173201582166	93.85673675155638	93.26672370529175	0.5900104221900304	0.00028417976186675427	50.62627268611065	130
DATA	2026-09-12T080000_AIU-1657.ghg	2026-09-12	08:30:00	255.354	1	18000	18000	0.021914096892947106	1	NaN	7.032637579167784	1	NaN	35.13418877014928	1	NaN	12.166176286190922	1	NaN	0.7975530915811772	1	NaN	0.12118018903618605	1	NaN	NaN	NaN	NaN	NaN	NaN	NaN	NaN	NaN	NaN	9.950145113373049e-11	5.493833647677879e-12	4.699181232432866e-13	NaN	17.824671303095013	455.04963180949335	466.7773807512287	-0.1	0	984.1643297455925	25.12492983884683	25.77246111616488	0.1	1	0.08418104450478119	2.074935282479603	2.128411471365867	-1.3	0	NaN	NaN	NaN	NaN	9	304.68474101596405	296.56392856478703	97517.43489914428	1.1346862481337825	1019.5791279083377	0.02528401720818105	0.051681440334460274	0.017906618229436212	2450.7759283126065	2872.018493406906	0.015781118576952184	85.3328742115931	421.2425650942996	293.92352570925397	0.043518752512608276	-0.6493329464424654	0.15911031089328986	0.669957646563205	-1.64322297200102e-14	5.5822320334430746e-15	0.669957646563205	1.8149942876443625	247.1657304368224	273.8342695631776	13.738627532401553	NaN	0.13897090734581988	0.17736752880145618	-32.78974981259837	-0.061089212679212794	0.20016507639256656	0.04374189725940907	1	5.448732308770454	2	5	8	13	24	69	0.021567841866953923	1.0160542268498227	9.034226840561486	1.0224327363728165	32.1440191665114	1.0930241357855193	11.130748066644937	1.0930241357855193	0.7296756452756671	1.0930241357855193	0.09118338701192312	1.3104209962847035	NaN	NaN	800000009	800000009	800000009	800000019	800000019	800000019	899999999	899999999	89999	89999	89	89	19	0	0	35	7	0	1	NaN	0	0	0	0	0	0	0	0	0	NaN	NaN	NaN	NaN	0	2	0	0	0	0	301	0	18000	5997	0	16	18000	18000	18000	18000	93	NaN	0.28878042078261706	0.039330764108951644	0.026623872711343633	0.024970374960150858	26.513833630708202	0.06964787677935012	0.0000032686941094561275	NaN	0.007808979150629879	0.2886851657855082	0.018924741927929315	0.00009118338701192312	NaN	17.825936858366195	984.2338038962223	93.56514376364814	93.86876567925349	93.26151942401461	0.6072444003522389	0.0002836168534930847	49.29898962861801	137
DATA	2026-09-12T083000_AIU-1657.ghg	2026-09-12	09:00:00	255.374	1	18000	18000	0.015231884629499448	0	NaN	5.32536031514629	0	NaN	25.626454757553052	1	NaN	4.297672986520472	0	NaN	0.581767350033294	1	NaN	0.014951786160364916	0	NaN	NaN	NaN	NaN	NaN	NaN	NaN	NaN	NaN	NaN	-2.0018444817763988e-11	-1.1140171885993123e-12	-9.565514836819657e-14	NaN	17.39074631644954	443.85606079051604	455.09713493771017	0	0	967.7869832277484	24.70038434483376	25.32594491820963	0.1	1	0.08309908358402934	2.0485555951225183	2.1004372012864816	0.3	0	NaN	NaN	NaN	NaN	9	304.7055080863105	296.63789361382254	97537.47534023815	1.134820341139156	1019.3364411705537	0.025285126961738097	0.037698524282157454	0.017603270657637338	2409.8593748468456	2884.8555895988366	0.01551194494801425	83.53483562697005	474.9962147519909	293.6503173728028	-0.016386021076655134	-0.996816319940522	0.18150717824370774	1.0133391007656356	-1.3311272366860278e-16	-1.1510975120618581e-15	1.0133391007656356	1.9334273756313176	251.941763573132	269.058236426868	10.318384574940815	NaN	0.11585459541855253	0.07278316018158769	-25.090318366239625	-0.07983557525102108	0.2078071417029198	0.039736633470488426	1	13.76365147569853	6	11	20	32	56	152	0.015032842301408696	1.0132404986429013	6.7840437130088835	1.021488926320854	23.410693457337086	1.0946474013789427	3.9260797413912765	1.0946474013789427	0.5314655196736717	1.0946474013789427	0.009035080191161882	1.3064937805202108	NaN	NaN	800000009	800000009	800000009	800000019	800000019	801010019	899999999	899999999	89999	89999	89	89	10	14	0	38	29	0	3	NaN	0	0	0	0	0	0	0	0	0	NaN	NaN	NaN	NaN	0	0	0	0	0	0	301	0	18000	9002	0	21	18000	18000	18000	18000	93	NaN	0.06671317891788393	0.03999644413311661	0.038856697312174844	0.009264624110780108	4.548041670153063	0.03120278440313735	1.451756273505461e-7	NaN	0.005864675343249998	0.10178625883393602	0.01377860117727686	0.000009035080191161883	NaN	17.391992544227175	967.8557752448929	93.63096225060357	93.93874358367921	93.32317687479654	0.6155663088344866	0.00028426833033639323	43.39253700399391	219
DATA	2026-09-12T090000_AIU-1657.ghg	2026-09-12	09:30:00	255.395	1	18000	18000	0.01811148638300922	1	NaN	-4.683104186892225	2	NaN	35.64797146281632	1	NaN	-1.4602580963589662	2	NaN	0.8093744020710173	1	NaN	0.07653380800086698	1	NaN	NaN	NaN	NaN	NaN	NaN	NaN	NaN	NaN	NaN	-4.710519382096982e-10	-2.6931130074041596e-11	-2.282643618164724e-12	NaN	17.379840401696605	443.6859065220106	455.233613035468	0.1	1	993.6457204763882	25.366550673747593	26.0267597949599	0.1	1	0.084219973552032	2.0779500203830867	2.1320323264295293	-0.6	0	NaN	NaN	NaN	NaN	9	304.8464129019843	296.76572377391165	97546.07615719814	1.134143094335786	1019.7219939788042	0.025293792683984177	0.05244746125420192	0.01807183512112605	2475.0712174805994	2907.159442228728	0.01593435185681739	85.13709917413834	432.0882247481286	294.08386570153243	0.1731597876681661	-0.12490837392400989	0.08469812534534975	0.22969585625046227	1.7474162335513864e-14	-2.7103352350906196e-14	0.22969585625046227	1.5473893166022192	196.80470044992785	324.19529955007215	21.63795100170887	NaN	0.12636974829679748	0.0592258348893705	37.03326914920101	0.05408920265531612	-0.13137084649478797	-0.03204358216355649	1	0.6877551537128977	1	1	1	3	6	40	0.017764335262303817	1.0195420270772566	-2.509138732489072	1.0258173953365417	32.013124254689636	1.1135424077702827	-1.3113628059149849	1.1135424077702827	0.7268465003427032	1.1135424077702827	0.053944924369909365	1.437088054210553	NaN	NaN	800000009	800000009	800000009	800000019	800000019	810000019	899999999	899999999	89999	89999	89	89	3	2	0	26	1	0	2	NaN	0	0	0	0	0	0	0	0	0	NaN	NaN	NaN	NaN	0	0	0	0	0	0	301	0	18000	6006	0	16	18000	18000	18000	18000	93	NaN	0.03520837001398871	0.05230017682500958	0.030943122939742725	0.019020815658745874	6.3667367327838855	0.03984508928977176	0.0000016953030943309825	NaN	-0.002169576835259807	-0.034032866960767065	0.01886333067819678	0.00005394492436990936	NaN	17.38111981100966	993.7182809187633	93.5468348528544	93.85201413514878	93.24165522215102	0.61035527449184	0.0002839674937341544	42.420791355768756	165
DATA	2026-09-12T093000_AIU-1657.ghg	2026-09-12	10:00:00	255.416	1	18000	18000	0.07362047741313421	1	NaN	4.1135754963087425	1	NaN	4.426462581899388	2	NaN	-1.3034643969640702	2	NaN	0.10049786903522798	2	NaN	0.10778584190489794	0	NaN	NaN	NaN	NaN	NaN	NaN	NaN	NaN	NaN	NaN	-1.0900002019407482e-10	-6.324468709517977e-12	-5.294193309534919e-13	NaN	17.419846202353753	444.78583972260645	456.5688066578447	0.1	1	1010.74542954434	25.807647748630583	26.491326573226342	0.1	1	0.08460918911154638	2.087614312053753	2.1429179845533097	0.2	0	NaN	NaN	NaN	NaN	9	304.8795828196208	296.73108252075895	97545.3677010795	1.13407624076051	1019.9754575612146	0.025291023840697337	0.006512261913482772	0.01838809782188971	2518.0917594642747	2901.100403921789	0.016214163705218512	86.79781492775112	383.0086444575145	294.36443428146464	0.43384024508529273	-0.11148111434372411	0.04684493762917753	0.45037744758420933	-1.0514772748994985e-14	-6.257232063239848e-15	0.45037744758420933	2.6835499937156926	175.4111344693132	345.5888655306868	5.970282278462086	NaN	0.2547875418061461	0.1891043259249768	-345.57645303642454	-0.005796401874027189	0.9293144175960962	0.013957553771360506	0	17.794258200708782	-2.7003473326450607	6.108193018931758	15.210264275260638	23.19661272978162	32.53357917846986	48.741230003669266	0.0721483044593652	1.0204048170611988	4.311714816714965	1.0248850124594056	4.043559609417748	1.0946945289466812	-1.1907106160640706	1.0946945289466812	0.09180448643689429	1.0946945289466812	0.08262591926577816	1.316628318894966	NaN	NaN	800000009	800000009	800000009	800000019	800000019	810000019	899999999	899999999	89999	89999	89	89	10	9	0	9	3	0	1	NaN	0	0	0	0	0	0	0	0	0	NaN	NaN	NaN	NaN	0	0	0	0	0	0	301	0	18000	8999	0	16	18000	18000	18000	18000	93	NaN	0.1877631515053991	0.1214511985853503	0.06899430175920422	0.020922229043529514	1.1941903527363638	0.010942771861684056	0.0000012224078860883686	NaN	0.0037275034519956797	-0.03091227774767683	0.002383354733663854	0.00008262591926577815	NaN	17.421157131526755	1010.820014737011	93.46021197806465	93.75658277045353	93.16384170489842	0.5927415453692312	0.0002840413390044382	44.73940320592474	037
DATA	2026-09-12T100000_AIU-1657.ghg	2026-09-12	10:30:00	255.437	1	18000	18000	0.06461530897983929	1	NaN	7.789836183504018	0	NaN	10.271983531861254	0	NaN	-2.0510930159886978	2	NaN	0.23321032056097749	0	NaN	0.09285380613380945	0	NaN	NaN	NaN	NaN	NaN	NaN	NaN	NaN	NaN	NaN	-2.371814683087405e-10	-1.3929160195641644e-11	-1.1550257251514996e-12	NaN	17.337195144540125	442.690070307417	454.5064380916401	0.1	1	1018.1763787592697	25.99824071543888	26.692190714866374	0.1	1	0.08442862984492945	2.0831843089082893	2.1387890617758867	-0.2	0	NaN	NaN	NaN	NaN	9	304.99311446465384	296.7153992116488	97541.4072272798	1.1340075984752302	1020.0850572035325	0.025290713955946727	0.01511202877235134	0.01852412338122471	2536.5852144848855	2898.3608924313903	0.016335096348677004	87.51792163318154	361.77567794650486	294.48375540603723	0.3657311310032165	-0.2382027252255136	0.06813386595988741	0.44174882250029235	1.2194281717451502e-14	-1.3680498277337225e-14	0.44174882250029235	2.931045577185692	194.0764225076914	326.9235774923086	8.872528126749254	NaN	0.23870401857685675	0.22320181970973735	-150.06602544798093	-0.013348124560641189	0.75835754207956	0.028210854690668054	0	15.478530013457787	-2.348926646093197	5.313278469105421	13.230814650529728	20.177827156300342	28.299689488550452	42.39809173245518	0.0633071198932051	1.0206641699834238	8.27751961647538	1.0250432431628367	9.382133185437224	1.0948452051187292	-1.87340914167521	1.0948452051187292	0.2130075735552838	1.0948452051187292	0.06973270371980393	1.3170005377600633	NaN	NaN	800000009	800000009	800000009	800000019	800000019	800000019	899999999	899999999	89999	89999	89	89	10	0	0	12	4	0	1	NaN	0	0	0	0	0	0	0	0	0	NaN	NaN	NaN	NaN	0	0	0	0	0	0	301	0	4	18000	0	16	18000	18000	18000	18000	93	NaN	0.13590540777347573	0.22468549678846925	0.08581273485752973	0.01657178497561585	3.807212108899581	0.014993363158203448	0.00000113394488814791	NaN	0.007155629869278065	-0.048644875135238824	0.005530947078218846	0.00006973270371980394	NaN	17.338448706372077	1018.250244927344	93.37224084303114	93.65226544867623	93.09221411599053	0.5600510447356432	0.0002840298236131073	40.9186078668699	138
DATA	2026-09-12T103000_AIU-1657.ghg	2026-09-12	11:00:00	255.458	1	18000	18000	0.021125922363026642	0	NaN	4.428229058223007	0	NaN	1.992228324848904	2	NaN	0.960154213655084	1	NaN	0.04523091601924094	2	NaN	0.045676669682141534	0	NaN	NaN	NaN	NaN	NaN	NaN	NaN	NaN	NaN	NaN	-4.091079916334423e-10	-2.4220519219436742e-11	-1.9884388614489916e-12	NaN	17.21969608144751	439.97639888856145	451.7434247106609	0.1	1	1019.4618252953868	26.04802898821657	26.744675059445434	0.1	1	0.08369504769139346	2.0651801488099797	2.12041272082912	-0.3	0	NaN	NaN	NaN	NaN	9	304.92041215345597	296.722099036478	97547.6839676066	1.1340334022004308	1020.1139197715762	0.025289657642804688	0.0029309633580468127	0.018560373455414995	2541.6064759280544	2899.530920475827	0.01636669027508469	87.65578107754632	357.9244445477725	294.51602144547206	0.22621565169544303	-0.3939257912273621	0.06384609094563795	0.45872363509542435	1.6717330782024654e-14	-2.375814240265338e-14	0.45872363509542435	2.1587056290237774	221.13299117327756	299.86700882672244	8.000517154643045	NaN	0.13648814031022302	0.1921834531413707	-49.35261501037527	-0.04058751495901268	2.2227517815051923	0.02804533556514868	1	2.8720807944029567	1	2	4	7	14	41	0.02070837940739927	1.0201629952500377	4.476824286075017	1.0247382468046515	1.8201230867112321	1.0945569227675955	0.8772081137884787	1.0945569227675955	0.04132349362413626	1.0945569227675955	0.034341084101669805	1.3162814139642298	NaN	NaN	800000009	800000009	800000009	800000019	800000019	810001019	899999999	899999999	89999	89999	89	89	12	8	0	6	2	0	2	NaN	0	0	0	0	0	0	0	0	0	NaN	NaN	NaN	NaN	0	344	0	0	0	0	301	0	0	18000	0	21	18000	18000	18000	18000	93	NaN	0.15845577374079414	0.18153456858242462	0.044376563959522615	0.025349322232821343	0.7287706946895458	0.019948999938593538	9.907735526709745e-7	NaN	0.0038698624476333574	0.022777767990839082	0.001073014414192319	0.000034341084101669804	NaN	17.220983388205486	1019.5363131847984	93.45798872756959	93.7627696478102	93.1532118212382	0.6095575916038628	0.000283968061153751	35.74668015466717	126
DATA	2026-09-12T110000_AIU-1657.ghg	2026-09-12	11:30:00	255.479	1	18000	18000	0.042055514147381866	1	NaN	-1.521157256898284	0	NaN	-12.085334804369463	1	NaN	0.29237583415085083	2	NaN	-0.2743732991851706	1	NaN	0.06121023114255799	1	NaN	NaN	NaN	NaN	NaN	NaN	NaN	NaN	NaN	NaN	2.3868504579405332e-11	1.4283613018374359e-12	1.17248748021196e-13	NaN	17.15327089205843	438.2216091789986	450.0232280479206	0.1	1	1026.5020274161307	26.224466057261697	26.930709535369978	0.1	1	0.08426164822649239	2.0790274823767487	2.135017167620689	-0.5	0	NaN	NaN	NaN	NaN	9	305.0075409503513	296.6909571290886	97544.80607928528	1.1340425582042264	1020.2151659751316	0.025287749463218948	-0.017779389787199056	0.01868750270307999	2558.746628726441	2894.095928321439	0.016478660847324758	88.4126404963536	335.3492995949978	294.62574323432375	0.30540182082903566	-0.21979722249036096	0.20870073502997746	0.4302755953830393	1.2849270453539498e-14	1.3914841507257896e-15	0.4302755953830393	2.552029332284836	196.74250751442685	324.2574924855731	29.015071852214632	NaN	0.19257362112522264	0.17590032787303192	403.53059147481963	0.004963935925351012	0.12586802778093564	-0.006827413216411974	1	1.224999336089753	1	1	2	3	7	21	0.04146771393244105	1.0141748883456285	-2.219592549420546	1.0216944073489032	-10.967791712769742	1.1018931723784078	0.2653395460467054	1.1018931723784078	-0.24900172363618786	1.1018931723784078	0.046060297906968924	1.3914993249335035	NaN	NaN	800000009	800000009	800000009	800000019	800000019	810000019	899999999	899999999	89999	89999	89	89	11	3	0	17	8	0	7	NaN	0	0	0	0	0	0	0	0	0	NaN	NaN	NaN	NaN	0	556	0	0	0	0	301	0	0	18000	0	16	18000	18000	18000	18000	93	NaN	0.1064437368386112	0.17065430313941013	0.07470261576804249	0.04116474405772082	0.16584466248431964	0.04438496422480084	9.783873387081503e-7	NaN	-0.0019184572679431528	0.006890590490972074	-0.006466314330775106	0.000046060297906968926	NaN	17.15455160326968	1026.5744581703104	93.37234793514675	93.66195757251315	93.08274110624527	0.5792166378067631	0.0002837540021088595	36.81225870256393	054
DATA	2026-09-12T113000_AIU-1657.ghg	2026-09-12	12:00:00	255.499	1	18000	18000	0.10314656452573889	1	NaN	15.739977527124429	2	NaN	-14.04044988090964	1	NaN	-0.35925476927324984	0	NaN	-0.3205372097304751	1	NaN	NaN	NaN	NaN	NaN	NaN	NaN	NaN	NaN	NaN	NaN	NaN	NaN	-1.9568821600843458e-10	-1.184696830024733e-11	NaN	NaN	17.139936690095567	438.3429345758318	450.29247640629563	0.1	1	1037.6520915651668	26.53728955418264	27.260715042725508	0.1	1	NaN	NaN	NaN	NaN	0	NaN	NaN	NaN	NaN	9	304.9586782065497	302.4084883048102	96945.34701344784	1.1058059989195779	1020.3807278533944	0.02615315256190223	-0.020770811190534786	0.01828467772013151	2551.6540396182536	4049.2879371820095	0.016535158733083796	63.014882596716674	1497.633897563756	294.58041868195755	0.5246714750565941	-0.11244622463484034	0.18575118661598372	0.5678272743554327	-2.451984882829634e-14	-1.1417090946521081e-14	0.5678272743554327	2.9531919272242004	173.09649263734832	347.9035073626516	19.094440906919107	NaN	0.3054132770793224	0.2643016195137129	-154.91562371558578	-0.012930264565680935	-1.1210450990267473	0.04567462663583742	0	15.561797022065308	-2.3615627358955633	5.341861338643839	13.301990037109222	20.286374111731117	28.45192813693531	42.62617296924959	0.10135745317844147	1.0176515025900232	14.667325204282692	1.0232720373090316	-12.841335812498626	1.0933792314070552	-0.3285728857415095	1.0933792314070552	-0.29316197026897983	1.0933792314070552	NaN	1	NaN	NaN	800000009	800000019	800000009	800000019	800000009	800000019	899999999	899999999	89999	89999	89	89	27	14	0	2	9	0	0	NaN	0	0	0	0	0	0	0	0	0	NaN	NaN	NaN	NaN	0	5759	0	0	0	0	301	0	0	18000	0	21	18000	18000	18000	18000	93	NaN	0.1816130933520929	0.20838382779042253	0.1386063178849104	0.06426072582945047	0.20278295638452706	0.01934626833514117	NaN	NaN	0.012998993669358382	-0.008825508984938248	-0.007874367347178276	NaN	NaN	17.141189538741735	1037.7278281003678	93.34251493453976	93.63610357750791	93.0489236441718	0.5871768376396779	0.00028417824096524987	20.15238252483228	250
DATA	2026-09-12T120000_AIU-1657.ghg	2026-09-12	12:30:00	255.52	1	18000	18000	0.10517683445973224	1	NaN	44.49010509731042	2	NaN	-8.535679146878174	1	NaN	1.9487310857772218	2	NaN	-0.19385722051898344	1	NaN	0.10450151030502083	1	NaN	NaN	NaN	NaN	NaN	NaN	NaN	NaN	NaN	NaN	-5.296737541324547e-10	-3.210220926299467e-11	-2.593529475372036e-12	NaN	17.18180395582567	439.54045074672854	451.5700297138931	0.2	0	1041.3464171149662	26.63945385123606	27.368536722223595	0.1	1	0.08413011717464539	2.0797237563910804	2.1366427523899505	0.2	0	NaN	NaN	NaN	NaN	9	304.3091469768949	297.07261572603653	97535.41829038924	1.1322971297724822	1020.4613602420899	0.025322716305914875	-0.012561947889630125	0.018957009225433356	2598.987238268776	2961.321629469728	0.016742080083910905	87.76443640585457	362.33439120095227	294.88083401131286	0.3935449772800481	-0.09824833906957564	0.20917317388418138	0.4563812024449398	-3.975341120545417e-14	-3.082759851609547e-14	0.4563812024449398	3.2391154919859533	175.0173454648708	345.9826545351292	27.27939465387395	NaN	0.3047753541349725	0.34089927270509063	-54.694341387585396	-0.03662353269427368	-5.212251343067665	0.12633585266993203	0	12.883160561006886	-1.955069318684342	4.422372122114353	11.01233187825298	16.794500950726295	23.554526378838464	35.28897271217662	0.10309131055154035	1.020229870946778	43.27844352333021	1.024778860748624	-7.79802650901109	1.0945947845925736	1.7803219174870926	1.0945947845925736	-0.1771040966462674	1.0945947845925736	0.07046038719422344	1.3163766520741689	NaN	NaN	800000009	800000009	800000009	800000019	800000019	800000019	899999999	899999999	89999	89999	89	89	24	11	0	3	9	0	3	NaN	0	0	0	0	0	0	0	0	0	NaN	NaN	NaN	NaN	0	16	0	0	0	0	301	151	0	18000	0	21	18000	18000	18000	18000	93	NaN	0.2039774239765923	0.25648096776162566	0.22134015367196333	0.23453587389528927	0.40885733568296695	0.019832624988955525	0.0000011738842370264842	NaN	0.0374554192013869	0.046316771309709064	-0.004607531852416938	0.00007046038719422345	NaN	17.18305286352787	1041.4218179832146	93.3614715033637	93.66280616251626	93.06013500213624	0.6026688046753467	0.00028397778467883155	35.05337958996498	132
DATA	2026-09-12T123000_AIU-1657.ghg	2026-09-12	13:00:00	255.541	1	18000	18000	0.1445422281233548	0	NaN	8.478640100736943	1	NaN	14.878246233861569	0	NaN	-1.0703024635997966	0	NaN	0.3379930073373501	0	NaN	0.06153600692635805	0	NaN	NaN	NaN	NaN	NaN	NaN	NaN	NaN	NaN	NaN	2.123208791172506e-10	1.2921502598603529e-11	1.0403877276323584e-12	NaN	17.19012513223309	440.41703886058616	452.54667595414514	0.1	1	1046.1629939079446	26.803063060810235	27.541253001790967	0.1	1	0.0842328615932469	2.0849296436204905	2.142351218426376	0.2	0	NaN	NaN	NaN	NaN	9	305.1180527394613	297.33863648398926	97516.63353442462	1.130995529710089	1020.5604222876017	0.025350274451949914	0.021901946875460286	0.019052701206323637	2614.445587388597	3008.98112256939	0.01684595624459052	86.88806878110633	394.53553518079343	294.9779080941536	0.8965450945926241	0.12768636146362486	0.060251805574493236	0.9075941789240451	-8.482344272037817e-14	1.2351328305291341e-14	0.9075941789240451	4.50045107064603	152.8944190343616	8.105580965638367	3.806453359374434	NaN	0.35749249456405885	0.43100472594449707	-463.1228061531522	-0.00432520267494144	0.569868247068012	0.020547531829659998	0	17.586521285282867	-2.6688224542750287	6.036883658223007	15.032693884423566	22.92580667973664	32.15376984278028	48.17220640848371	0.14256990268341785	1.0138340940325714	9.263469798909714	1.0215724678360005	13.602074996406024	1.093821805701905	-0.9784980131320239	1.093821805701905	0.3090018918762185	1.093821805701905	0.04523030852415928	1.3072988218322616	NaN	NaN	800000009	800000009	800000009	800000019	800000019	800000019	899999999	899999999	89999	89999	89	89	5	11	3	1	4	0	1	NaN	0	0	0	0	0	0	0	0	0	NaN	NaN	NaN	NaN	0	0	0	0	0	0	301	0	0	18000	0	16	18000	18000	18000	18000	93	NaN	0.48951530568257146	0.23261899528612942	0.13987515092029326	0.10476242994116673	0.1743132522291551	0.018389911928315506	5.983476504060112e-7	NaN	0.008025536594466384	-0.0254885475852695	0.00804908065149298	0.00004523030852415928	NaN	17.19140002343236	1046.2382668177747	93.459326903873	93.79294945271812	93.12570485348174	0.6672438909676257	0.00028499638173444606	38.13499842294027	114
DATA	2026-09-12T130000_AIU-1657.ghg	2026-09-12	13:30:00	255.562	1	18000	18000	0.250335993604036	1	NaN	19.7422495137725	1	NaN	19.447375672182424	1	NaN	-1.4805635994683677	1	NaN	0.44200937354831976	1	NaN	0.18081228559268206	0	NaN	NaN	NaN	NaN	NaN	NaN	NaN	NaN	NaN	NaN	2.0725240611344652e-10	1.2641485826679665e-11	1.014745959842276e-12	NaN	17.194628483160756	441.7231233080435	453.9540849345825	0.1	0	1048.7967611141596	26.94316899538767	27.68920389528611	0.1	1	0.08418806860425762	2.0887475610770023	2.146583318181445	-0.2	0	NaN	NaN	NaN	NaN	9	305.86125027211506	297.847593716513	97499.82619736117	1.1288078867992177	1020.6503081710681	0.02539804418878144	0.028642207405931118	0.01911627171001229	2627.658946937265	3102.032674651682	0.01693492040015532	84.70764890419206	474.3737277144173	295.0604868029788	0.7506756321315021	-0.1678850923413285	0.0664756699567095	0.7720869922505671	-1.086902813979205e-15	1.2053322717406506e-14	0.7720869922505671	4.367647189026468	173.6064847179182	347.3935152820817	4.939206158239537	NaN	0.47092487501148894	0.6599294154832813	-454.6125244706671	-0.004406169852738506	1.0151626546718004	0.03638714648635678	0	18.450698771762024	-2.7999647218663215	6.333527824587847	15.77137980219646	24.052349312621143	33.733761903337246	50.539322427447374	0.24665908556527472	1.0149068420907135	20.657270360151347	1.0219190238721196	17.790269267479225	1.093146786020401	-1.354405115948204	1.093146786020401	0.4043458565683152	1.093146786020401	0.13530528987276863	1.3087986939147735	NaN	NaN	800000009	800000009	800000009	800000019	800000019	800000019	899999999	899999999	89999	89999	89	89	17	18	0	5	18	0	0	NaN	0	0	0	0	0	0	0	0	0	NaN	NaN	NaN	NaN	0	916	0	0	0	0	301	0	0	18000	0	21	18000	18000	18000	18000	93	NaN	0.5569782314402665	0.5475886539920701	0.21529194553422618	0.041705737090472365	0.3372743246659313	0.03307248259195867	0.000002623945765392269	NaN	0.017929819908120065	-0.03535199115293385	0.010554029201315564	0.00013530528987276862	NaN	17.195852914986734	1048.8715135120895	93.57103161621095	93.94902633624608	93.19303832965427	0.7559877357482981	0.0002859217876458487	34.637351462325384	038
DATA	2026-09-12T133000_AIU-1657.ghg	2026-09-12	14:00:00	255.583	1	18000	18000	0.1427853182452508	0	NaN	43.62679741287035	0	NaN	76.50629502891283	0	NaN	-1.6949604581239692	1	NaN	1.7393661348650797	0	NaN	0.0060395242969095535	1	NaN	NaN	NaN	NaN	NaN	NaN	NaN	NaN	NaN	NaN	5.509840128649433e-10	3.3569333098191654e-11	2.692125060284988e-12	NaN	17.127899564621213	441.2505783741498	453.4407422175784	-0.1	0	1043.5369308947227	26.883697710558405	27.626397427840207	0.1	1	0.08368745112621563	2.079038711889886	2.1364750616124213	-0.3	0	NaN	NaN	NaN	NaN	9	305.9920549808079	298.14018911609776	97480.13949543406	1.1274979879567228	1020.6212329799671	0.025428128695151694	0.11271092553925716	0.01905150972187061	2621.3295583229506	3156.655650636184	0.016897156292399407	83.04135288860712	535.3260923132334	295.0209758859035	0.6995198740602085	1.0684792278322153	0.4078090219660864	1.3406282530630722	3.474596200984896e-14	3.216880218068516e-14	1.3406282530630722	4.798758514585385	104.21226301314186	56.78773698685817	17.709587676460348	NaN	0.35586386326563196	0.6611709290553209	-88.7598073390967	-0.022567647002064633	0.5702380097792366	0.10653420499242845	0	13.972067294167367	-2.120315116470508	4.796158566636873	11.943112976046756	18.214000853620206	25.545395176046	38.27165695418706	0.14106135531961594	1.0122213693589481	47.64833434026829	1.0218877286311838	69.65865582599528	1.0983027754658758	-1.543254279226422	1.0983027754658758	1.5836854588000824	1.0983027754658758	-0.01055884838545372	1.3052814915941535	NaN	NaN	800000009	800000009	800000009	800000019	800000019	800000019	899999999	899999999	89999	89999	89	89	11	1	0	1	11	0	1	NaN	0	0	0	0	0	0	0	0	0	NaN	NaN	NaN	NaN	0	0	0	0	0	0	301	151	0	18000	0	16	18000	18000	18000	18000	93	NaN	0.6406759795518139	0.4353044730864787	0.24636140547234942	0.09994354169779793	0.20773556195994416	0.09042128264727772	5.209461880855759e-8	NaN	0.04140638813228809	-0.040326484238570416	0.04138298370710992	-0.000010558848385453721	NaN	17.129155771713393	1043.611598827566	93.64521616533068	94.0679164797465	93.22251274553935	0.8454057131078503	0.000286455120901034	40.92898039064583	002
DATA	2026-09-12T140000_AIU-1657.ghg	2026-09-12	14:30:00	255.604	1	18000	18000	0.3194575776689708	0	NaN	38.39636170582922	0	NaN	109.43551362311841	0	NaN	0.5439287208312271	2	NaN	2.4891918155265116	0	NaN	0.008814866255299916	1	NaN	NaN	NaN	NaN	NaN	NaN	NaN	NaN	NaN	NaN	5.471975882624665e-10	3.2943721612893136e-11	2.668582531143327e-12	NaN	17.072602490602627	440.6934680789987	452.7044883112132	0.1	0	1027.8463862458102	26.53170123632062	27.254817922695906	0.1	1	0.08325995900720834	2.0727249866200808	2.1292167287342334	-0.3	0	NaN	NaN	NaN	NaN	9	306.5148250427246	298.62917681827173	97446.95611532607	1.125419903043094	1020.4274122228411	0.025478507231449846	0.16129962964611794	0.01876488524728255	2586.1270412149747	3249.8157307897636	0.016673674596071202	79.5776516407747	663.6886895747889	294.799689667058	1.411573745557519	1.4640658232385158	0.7593185185661249	2.1708509360526036	7.299561340838402e-14	3.205121120600469e-14	2.1708509360526036	6.122321882064913	114.9542359353253	46.04576406467473	20.473811016755555	NaN	0.5327817026611876	1.1759373147047654	-338.3344210470058	-0.005920473577004757	0.35085833140109585	0.06275438310015988	0	13.729894680097381	-2.083564487977463	4.713028544921226	11.736107467939176	17.898304392493404	25.102626400532273	37.6083086454329	0.31561609064267154	1.0121713915741022	44.27113634004389	1.0250888434934873	98.46820616207756	1.11137917393345	0.4894177735094017	1.11137917393345	2.239732283912282	1.11137917393345	-0.00875379806802236	1.3066931698771944	NaN	NaN	800000009	800000009	800000009	800000019	800000019	800000019	899999999	899999999	89999	89999	89	89	9	1	0	10	6	0	5	NaN	0	0	0	0	0	0	0	0	0	NaN	NaN	NaN	NaN	0	0	0	0	0	0	301	0	0	18000	0	16	18000	18000	18000	18000	93	NaN	1.1015000736310356	0.6734923346596364	0.5768822211188588	0.059866513754148705	0.5428262264170758	0.051705428250846806	5.079784128886218e-8	NaN	0.03854996262657748	0.012809585541993834	0.0586207609017053	-0.00000875379806802236	NaN	17.073833400934653	1027.9198026022882	93.69345572959051	94.13677206759982	93.25014392704433	0.8866297265125638	0.00028715976475925554	37.13881928533593	052
DATA	2026-09-12T143000_AIU-1657.ghg	2026-09-12	15:00:00	255.624	1	18000	18000	0.6053938692289528	0	NaN	47.930535011654214	0	NaN	130.5935108578791	0	NaN	0.5325734310784891	2	NaN	2.9718496534526166	0	NaN	0.14606852672856505	0	NaN	NaN	NaN	NaN	NaN	NaN	NaN	NaN	NaN	NaN	1.7324093387928803e-10	1.0454189830239864e-11	8.505607491690206e-13	NaN	16.95252053164491	438.345851331054	450.2559744361428	0.1	1	1022.9964926322936	26.451893547895562	27.17060756688649	0.1	1	0.08323176423042242	2.0765582341733206	2.1329795830438307	0.4	0	NaN	NaN	NaN	NaN	9	306.7771044938829	299.1153469895015	97403.56593107307	1.1231246250761306	1020.3908007007665	0.02553135474147336	0.19257585754372955	0.018669715521435253	2577.1998783937024	3344.8066011135897	0.0166230132476792	77.05078905117183	767.6067227198873	294.7431537205324	1.1870241925449758	0.28115023546340157	0.167631400569582	1.2313294340041254	2.6961060667968834e-14	1.0219184430769622e-14	1.2313294340041254	6.570311482758931	147.67487792909452	13.325122070905504	7.8244617159739835	NaN	0.7341842008647456	1.4509856339455989	-709.0073449370215	-0.0028252175584696205	0.3670208013920044	0.05696561076579999	0	18.517484928150523	-2.8100997787609168	6.35645335087909	15.828467604179547	24.13941181266922	33.85586829756752	50.722260056702595	0.597945211626271	1.0124570904789474	55.175766548434616	1.021668021597702	119.05309446569267	1.0969350393114898	0.4855104559452928	1.0969350393114898	2.7092303071273474	1.0969350393114898	0.09522246934929299	1.3055174199237167	NaN	NaN	800000009	800000009	800000009	800000019	800000019	800000019	899999999	899999999	89999	89999	89	89	8	12	2	14	5	0	2	NaN	0	0	0	0	0	0	0	0	0	NaN	NaN	NaN	NaN	0	0	0	0	0	0	301	0	0	18000	0	21	18000	18000	18000	18000	93	NaN	1.6174967919077046	0.7658994044410059	0.5185750715424875	0.03776471635218931	0.4566963034821354	0.06672833207641868	4.6631960443936404e-7	NaN	0.04814529935691548	0.01273263225814436	0.07105023749922901	0.00009522246934929298	NaN	16.953740384601574	1023.0661563547967	93.71016671159532	94.1707463077969	93.24958545218574	0.9211602133148269	0.0002870905311445111	41.85513776573249	032
DATA	2026-09-12T150000_AIU-1657.ghg	2026-09-12	15:30:00	255.645	1	18000	18000	0.836535948153246	0	NaN	49.10820809147819	0	NaN	144.75223347052628	0	NaN	-0.15545723581465684	2	NaN	3.2947963576868746	0	NaN	0.2884515047205834	0	NaN	NaN	NaN	NaN	NaN	NaN	NaN	NaN	NaN	NaN	1.6082646733663414e-11	9.720126063656057e-13	7.913573141066495e-14	NaN	16.876173145117008	437.11120280098544	448.97232790585133	0.1	1	1019.9722294419785	26.41838787746656	27.135257638926717	0.1	1	0.08304033082169462	2.073992384525271	2.1302707022205363	0	0	NaN	NaN	NaN	NaN	9	306.819147547404	299.34766342979526	97359.21486228917	1.1217563519048077	1020.3759924515158	0.025562823994375834	0.21350280397810947	0.01862311291637491	2572.763433166751	3391.0462439761204	0.016601745008844194	75.86931135890661	818.2828108093695	294.71499380067	1.2609334817668973	0.06571111208357572	0.14137885623335208	1.2705349962444523	1.0757395203872155e-14	9.529794815074415e-16	1.2705349962444523	7.763971676038499	158.01683972958426	2.983160270415875	6.388822325178555	NaN	0.8635610297769752	1.9388231619250833	-1125.721490342842	-0.0017793921650993353	0.33925699738151094	0.04968236745787373	0	19.429520075722465	-2.9485046310590772	6.669525503625387	16.60806153085096	25.328341740264225	35.52335942602025	53.22046562379185	0.8263203732255855	1.0123627291044313	57.18583966730634	1.0217385057413246	131.9033675437684	1.0974112046267077	-0.14165814524149745	1.0974112046267077	3.0023352630225997	1.0974112046267077	0.20584288021511005	1.3054153825218826	NaN	NaN	800000009	800000009	800000009	800000019	800000019	800000019	899999999	899999999	89999	89999	89	89	16	29	0	26	7	0	1	NaN	0	0	0	0	0	0	0	0	0	NaN	NaN	NaN	NaN	0	0	0	0	0	0	301	0	0	18000	0	21	18000	18000	18000	18000	93	NaN	2.1851987337308487	1.0562566879197781	0.6361909021995402	0.04968538801551449	0.28320934336638476	0.053242634177333104	5.493543003709079e-7	NaN	0.049960840156408434	-0.0037194710201434197	0.07883132300320372	0.00020584288021511005	NaN	16.877370382124887	1020.0428997086215	93.71493037965563	94.19200646972656	93.23785408231947	0.9541512456172072	0.00028786653483823307	39.020239414267934	181
DATA	2026-09-12T153000_AIU-1657.ghg	2026-09-12	16:00:00	255.666	1	18000	18000	0.41704842232333206	0	NaN	25.89761011762939	0	NaN	83.90355316053126	0	NaN	-0.47838794125854234	2	NaN	1.9096801655355913	0	NaN	0.27170483946392116	0	NaN	NaN	NaN	NaN	NaN	NaN	NaN	NaN	NaN	NaN	2.1064046309497344e-10	1.2693391279360698e-11	1.0443545426452683e-12	NaN	16.81118636260539	435.2589999294379	446.9829672925691	0.1	1	1013.0578106191741	26.229114353382883	26.935611589954096	0.1	1	0.08334979228149107	2.0811061034395317	2.1371619691192616	-0.2	0	NaN	NaN	NaN	NaN	9	306.9012462641398	299.2931366647877	97321.43923451714	1.1216064729939332	1020.2659190578607	0.025568088160255114	0.12374727472670631	0.018485881532627535	2553.3398814422044	3380.14364348517	0.01648161095511752	75.53938976420328	826.8037620429654	294.59120188649587	1.356938489487154	0.018772706122741317	0.028198321452450523	1.3573612724988586	-1.2666361811260648e-14	1.2529779787791757e-14	1.3573612724988586	6.908666850119407	160.20738616720757	0.7926138327922929	1.19036919329794	NaN	0.6097797358030045	1.3900775143413937	-751.3277297323917	-0.0026660802213615423	0.3086592777314201	0.03711357702056667	0	17.257531897568605	-2.6188970454402085	5.923952247502056	14.751478703973346	22.49693578593834	31.552272316255007	47.27105350654883	0.4120248025310445	1.0121925179295705	30.601663211413836	1.0219274372895146	76.37843069850791	1.0985241827202188	-0.43548239427368357	1.0985241827202188	1.7384052127161629	1.0985241827202188	0.20199702285120447	1.3052575186797892	NaN	NaN	800000009	800000009	800000009	800000019	800000019	800000019	899999999	899999999	89999	89999	89	89	15	19	0	12	6	0	3	NaN	0	0	0	0	0	0	0	0	0	NaN	NaN	NaN	NaN	0	0	0	0	0	0	301	0	0	18000	0	21	18000	18000	18000	18000	93	NaN	1.5296640482077581	0.8238566198558552	0.42663436061917426	0.04504212752297427	0.9707497577949432	0.06296935250039892	9.967502701509825e-7	NaN	0.026741831280705546	-0.011434448146166197	0.045645253455035485	0.00020199702285120447	NaN	16.81238165277395	1013.1284261682621	93.72102125973171	94.18782769902548	93.25421350648668	0.9336154191990694	0.00028767216996736044	40.355685464300954	251
DATA	2026-09-12T160000_AIU-1657.ghg	2026-09-12	16:30:00	255.687	1	18000	18000	0.3998678711283298	1	NaN	5.3413228771278325	1	NaN	136.04548205265607	0	NaN	-0.1482493228781783	2	NaN	3.0969293156208835	0	NaN	0.26160547243887344	0	NaN	NaN	NaN	NaN	NaN	NaN	NaN	NaN	NaN	NaN	6.132583374092411e-10	3.7253997160673256e-11	3.0505904542825286e-12	NaN	16.727989477491853	433.69585305435794	445.4311829427128	0.1	1	1016.1858950519061	26.345999871015117	27.058893475017747	0.1	1	0.08321166123065946	2.0793157358124006	2.1355797188086765	-0.2	0	NaN	NaN	NaN	NaN	9	306.96126002248127	299.45156226925565	97275.18181721857	1.1204302416231586	1020.336136239626	0.025593787050274142	0.20068101965223323	0.01854961615791786	2563.4993747793997	3411.9056305506165	0.01655579746851993	75.13394719436305	848.4062557712168	294.6560537176538	0.611801887743773	0.07354570427389934	0.2780699851477654	0.6760424817303143	-7.395092264917646e-14	3.666061233685038e-14	0.6760424817303143	5.03573344112189	154.145273314708	6.854726685292046	24.28779995816014	NaN	0.5974008608330144	0.8449093063321255	-3424.379776480373	-0.0005849526427406994	0.03926130288590169	0.007820866938683784	0	16.07203630544407	-2.438993515664044	5.51700997330818	13.738134902282722	20.95152255020814	29.38480827942461	44.02379741571743	0.3935803314450254	1.0159752385497003	13.493844819109025	1.0223942200222018	124.4675045451651	1.0930200822278857	-0.13563275303780697	1.0930200822278857	2.833369089896739	1.0930200822278857	0.19582957355725755	1.3103111508992922	NaN	NaN	800000009	800000009	800000009	800000019	800000019	810000019	899999999	899999999	89999	89999	89	89	48	15	1	8	3	0	2	NaN	0	0	0	0	0	0	0	0	0	NaN	NaN	NaN	NaN	0	3	0	0	0	0	301	0	0	18000	0	21	18000	18000	18000	18000	93	NaN	0.6201171769483098	0.580473787668935	0.4892276480470061	0.04491036403799473	0.36492077464972894	0.05762954953890135	0.0000012926486400289666	NaN	0.01180341348415952	-0.0035653127230248277	0.07447940588818013	0.00019582957355725755	NaN	16.729186825582968	1016.2548292308293	93.7133862601386	94.19350337600709	93.23327305475871	0.9602296247780321	0.0002875230715855853	39.298714345048545	003
DATA	2026-09-12T163000_AIU-1657.ghg	2026-09-12	17:00:00	255.708	1	18000	18000	0.47427872185015657	1	NaN	26.368481636945983	0	NaN	146.00839057649068	0	NaN	7.405694717296518	0	NaN	3.324797532281554	0	NaN	0.42682340330491914	0	NaN	NaN	NaN	NaN	NaN	NaN	NaN	NaN	NaN	NaN	-7.755690098079777e-11	-4.727171167125438e-12	-3.8703928570024444e-13	NaN	16.627143024221432	431.8891807932225	443.56563823586976	0.1	0	1013.4411006859434	26.324080217499002	27.035772049676712	0.1	1	0.0829759502758341	2.076567120735268	2.13270871605732	-0.1	0	NaN	NaN	NaN	NaN	9	307.23242175123426	299.7836145538773	97239.55272741494	1.1187886480044533	1020.330204294892	0.02563155528273269	0.2154468800918447	0.018506872814171755	2560.4284099472784	3479.322160444369	0.016541884695721445	73.58986296400526	918.8937504970904	294.6364743702766	0.8543197342334368	0.15038234672537332	0.20214853198470167	0.8906969672626285	-1.3786331040757762e-14	-4.664475482517802e-15	0.8906969672626285	5.779624835553512	151.01673481645298	9.983265183547015	13.117892413621206	NaN	0.6510926531734256	0.9479898704628033	-897.7677472309388	-0.0022312006709734574	0.18059565983046774	0.03547754289214939	0	18.578408029272392	-2.8193450943989884	6.3773662800254955	15.880543754704052	24.21883122802675	33.967255156844814	50.889137869243235	0.46775534716599554	1.0139461253060695	34.8628999282002	1.0215993153058043	133.49806352542845	1.0937116743171282	6.771158149994467	1.0937116743171282	3.0399214074014806	1.0937116743171282	0.3197728221208652	1.3074534099417254	NaN	NaN	800000009	800000009	800000009	800000019	800000019	800001019	899999999	899999999	89999	89999	89	89	15	21	0	14	28	0	0	NaN	0	0	0	0	0	0	0	0	0	NaN	NaN	NaN	NaN	0	20	0	0	0	0	301	151	0	18000	0	16	18000	18000	18000	18000	93	NaN	0.9756713963714762	0.515806120323868	0.4045022242302625	0.05965586049481374	1.3531537409815588	0.0930428724005746	0.0000018106006913148527	NaN	0.030540399599085694	0.17824880904017812	0.08002506490643684	0.0003197728221208652	NaN	16.62828731598063	1013.5073895232139	93.71612150361803	94.21266843647427	93.21957211473253	0.9930927940722971	0.0002892219831766043	40.52291376726363	148
DATA	2026-09-12T170000_AIU-1657.ghg	2026-09-12	17:30:00	255.729	1	18000	18000	0.34996736279418755	1	NaN	-28.352622225305474	2	NaN	109.48707279540024	0	NaN	2.900915418579481	1	NaN	2.493845051026288	0	NaN	0.3558444210209211	0	NaN	NaN	NaN	NaN	NaN	NaN	NaN	NaN	NaN	NaN	-5.637915944642668e-10	-3.44824211535817e-11	-2.8151758857060813e-12	NaN	16.591134010546373	431.56069801447893	443.26054323317004	0.2	0	1014.7410425847222	26.394962054036316	27.110543829685145	0.1	1	0.08284437164656677	2.076003659603403	2.132285247807668	0	0	NaN	NaN	NaN	NaN	9	307.2868818249173	300.06587963656017	97219.29452399162	1.117473114880552	1020.376716710616	0.025661035039528202	0.16160115930650346	0.018535387354039416	2566.7879189315286	3537.5400758464048	0.01658687543102161	72.5585537944016	970.7521569148762	294.67699751452506	0.6844179552793845	-0.1777811157214199	0.16396018785242636	0.7258904916146883	-1.6183511081304369e-15	-3.398149843801426e-14	0.7258904916146883	5.513654048664813	175.56107696961226	345.43892303038774	13.054310144232524	NaN	0.559622581835423	0.7816468022541274	530.0985669015274	0.0037787312116467223	-0.2589586286436605	-0.044432461889207284	0	17.843231585878687	-2.7077792327851227	6.125003997284109	15.252125988319218	23.260454483511335	32.623118145820534	48.87537569289667	0.34594149882761843	1.0116374126267378	-21.434906334289295	1.0206012246223324	99.43965706160516	1.1010403296903009	2.6347040524804815	1.1010403296903009	2.2649897408642183	1.1010403296903009	0.26524890041023164	1.3805460198551196	NaN	NaN	800000009	800000009	800000009	800000019	800000019	810001019	899999999	899999999	89999	89999	89	89	14	9	0	15	41	0	2	NaN	0	0	0	0	0	0	0	0	0	NaN	NaN	NaN	NaN	0	47	0	0	0	0	301	0	0	18000	0	21	18000	18000	18000	18000	93	NaN	0.6095928770851047	0.6231308722522045	0.3305698551709457	0.05234244458412995	2.3590176871176185	0.06199076750261526	0.000002186730093052244	NaN	-0.018798533324193165	0.06944266107939777	0.05969813375246711	0.00026524890041023166	NaN	16.59239884059729	1014.8145883355555	93.71186956193712	94.22398618825278	93.19975299157036	1.0242326287064236	0.0002890337502079395	41.607930698419814	204
DATA	2026-09-12T173000_AIU-1657.ghg	2026-09-12	18:00:00	255.749	1	18000	18000	0.16576898295255518	1	NaN	2.835475528459291	0	NaN	101.68650945002925	0	NaN	7.467767879402782	0	NaN	2.316695008269267	0	NaN	0.3581100400140753	0	NaN	NaN	NaN	NaN	NaN	NaN	NaN	NaN	NaN	NaN	-4.2854491409433155e-11	-2.591790255593375e-12	-2.1528450104320376e-13	NaN	16.53213328677275	429.8189886610026	441.2903113817402	0.1	1	999.8443698108341	25.99495711750231	26.688729496278697	0.1	1	0.08305108633348939	2.0830437740059002	2.138637565819251	-0.2	0	NaN	NaN	NaN	NaN	9	307.2816218600803	300.29995766679644	97212.99753848204	1.116700324528409	1020.1520515840598	0.025682716419205387	0.1501218365358485	0.018239080618944945	2527.7255560718345	3586.461105608577	0.01633301273253184	70.47965896295177	1058.7355495367424	294.42668763225146	0.7500631336656302	-0.06875397497670374	0.02121971317386166	0.7535065293589465	9.903311209500278e-16	-2.5921936791860215e-15	0.7535065293589465	3.709905579159365	166.23733878430335	354.7626612156967	1.6137362017943289	NaN	0.38528607700452244	0.4407835385560187	-1729.5727699576996	-0.001158147280526965	0.027884480879469067	0.006460126741569005	0	18.645907299747826	-2.8295883691074875	6.400536595306445	15.938241115883052	24.306823344309468	34.09066535106207	51.07402882846243	0.16330474383408686	1.0150898195644085	8.95477386024251	1.0219935252037573	93.02621814978633	1.0930951668517632	6.831763698041765	1.0930951668517632	2.1193900389676124	1.0930951668517632	0.2739296319810251	1.3090561255336053	NaN	NaN	800000009	800000009	800000009	800000019	800000019	800001019	899999999	899999999	89999	89999	89	89	13	9	0	14	13	0	0	NaN	0	0	0	0	0	0	0	0	0	NaN	NaN	NaN	NaN	0	0	0	0	0	0	301	0	0	18000	0	16	18000	18000	18000	18000	93	NaN	0.44898196470904456	0.2922183137199475	0.14036679868304539	0.024391060960840816	6.1446497961778475	0.28845204627058396	0.000003728852425828059	NaN	0.007860552509809025	0.18014229709710783	0.05588480617000704	0.0002739296319810251	NaN	16.533334617131505	999.9329643544145	93.73471970494589	94.23491457451715	93.23452825291952	1.000385932617717	0.0002891155845201059	42.84251754251937	172
DATA	2026-09-12T180000_AIU-1657.ghg	2026-09-12	18:30:00	255.77	0	18000	18000	0.08259507968475024	0	NaN	-7.898322862684352	2	NaN	53.82492022252941	0	NaN	5.286801289201595	0	NaN	1.2258052870674683	0	NaN	0.2947693681206552	1	NaN	NaN	NaN	NaN	NaN	NaN	NaN	NaN	NaN	NaN	7.344904013566031e-10	4.3969173368730336e-11	3.670918243796004e-12	NaN	16.513986078083523	429.1461283400281	440.4616739631354	0.1	0	988.5851680769902	25.69019347652562	26.36758175327537	0.1	1	0.08253544588174627	2.0661745834922467	2.120654610739018	-0.3	0	NaN	NaN	NaN	NaN	9	307.4375401535034	299.9036630071233	97202.53236203523	1.1181856896577544	1019.9687387053265	0.02565158534095023	0.07943218260197193	0.018047122165188677	2497.8216973415956	3503.979644372082	0.01613964686912815	71.28527990604833	1006.1579470304864	294.23276562639444	0.4309984244980353	-0.035787468874362655	0.007699715621986164	0.4325501941611964	-9.313748881873343e-15	4.4476869356901025e-14	0.4325501941611964	2.7807718812032234	165.7466018424002	355.2533981575998	1.0199614196718254	NaN	0.27178164521152975	0.3111813846641289	217.91112196747665	0.00919227977862903	-0.14674100453897865	-0.02548085334052048	0	14.565886564451505	-2.210429481705533	4.999997506161322	12.450700756941403	18.988104246349106	26.63108619106795	39.8982199334956	0.08144516785341192	1.014118846601286	-4.561023211161875	1.0215230235069797	48.8861151119598	1.1010267455137044	4.80170105834708	1.1010267455137044	1.1133292556808383	1.1010267455137044	0.21680240047322027	1.3879676880661853	NaN	NaN	800000009	800000009	800000009	800000019	800000019	800001019	899999999	899999999	89999	89999	89	89	11	15	0	26	15	0	0	NaN	0	0	0	0	0	0	0	0	0	NaN	NaN	NaN	NaN	0	2	0	0	0	0	301	0	0	18000	0	21	18000	18000	18000	18000	93	NaN	0.31333909333275595	0.1795282274217231	0.12949544857377887	0.030756426011068767	4.738623705020099	0.13379387447612906	0.0000030334818064114087	NaN	-0.0039990928839922744	0.12641986648395007	0.029311890545784477	0.00021680240047322028	NaN	16.51514034736447	988.6515970281494	93.74612225553724	94.25053509309558	93.24170955403646	1.0088270444075282	0.000289139649757999	40.042624252081666	156
DATA	2026-09-12T183000_AIU-1657.ghg	2026-09-12	19:00:00	255.791	0	18000	18000	0.03758792388545343	1	NaN	4.252720476018539	0	NaN	20.93395060398443	1	NaN	-2.668971915945829	1	NaN	0.47653210188190853	1	NaN	0.08806668991065483	1	NaN	NaN	NaN	NaN	NaN	NaN	NaN	NaN	NaN	NaN	4.2297729573626206e-11	2.561780067264478e-12	2.0847341780533384e-13	NaN	16.692565047278332	432.6338366765632	444.27502097725227	0.1	0	1010.9923355389047	26.2026532013491	26.907706503298723	0.1	1	0.08227288136793555	2.055703279801737	2.1110175403125107	1.1	0	NaN	NaN	NaN	NaN	9	307.26464640384245	299.4368732750994	97208.8411488503	1.119782349092813	1020.2531874585093	0.025609997351960203	0.030879280201947672	0.01843701162047538	2547.812793267295	3408.9498054054934	0.01646481714541406	74.7389354113483	861.1370121381983	294.5558254757362	0.2721413076130177	-0.323047821178388	-0.024679394596071814	0.42311920140199977	2.542214426111051e-14	2.5339262991533294e-15	0.42311920140199977	2.2102918994751968	210.88860929886232	310.1113907011376	-3.3438051164871783	NaN	0.18321345330929928	0.15272835071994584	-123.99820190059023	-0.01615426650787962	0.20314944639303315	0.02031738919084036	1	1.3642674027436117	1	1	2	4	7	20	0.03680547275277937	1.0212590974698177	5.446629491206729	1.0254092648851254	19.11422210339614	1.095202854227846	-2.436965814728032	1.095202854227846	0.4351085281072239	1.095202854227846	0.06632078189693638	1.317850794791771	NaN	NaN	800000009	800000009	800000009	800000019	800000019	800000019	899999999	899999999	89999	89999	89	89	6	1	0	12	6	0	4	NaN	0	0	0	0	0	0	0	0	0	NaN	NaN	NaN	NaN	0	4	0	0	0	0	301	0	0	18000	0	16	18000	18000	18000	18000	93	NaN	0.08411465492778324	0.13312068891098774	0.08822135760112074	0.039808603746329344	29.051739855113187	0.1929632090863546	0.0000018132323602050545	NaN	0.004767451191254992	-0.06409047912537098	0.011443046869756385	0.00006632078189693639	NaN	16.69386811884017	1011.0707537510516	93.7210371225145	94.1967944047716	93.24527977286445	0.9515139496227067	0.00028815602954030816	43.78977745050855	191
DATA	2026-09-12T190000_AIU-1657.ghg	2026-09-12	19:30:00	255.812	0	18000	18000	0.009754481928203836	0	NaN	-0.8834906290006846	2	NaN	25.09825044608582	0	NaN	6.67040832262287	0	NaN	0.570850058476234	0	NaN	0.14923089836991707	0	NaN	NaN	NaN	NaN	NaN	NaN	NaN	NaN	NaN	NaN	-1.1138398066645422e-10	-6.73111316835944e-12	-5.48041117729523e-13	NaN	16.993600006860937	438.7915257410636	450.74384525692653	0.1	1	1026.9505910957678	26.516877915548704	27.239175815159456	0.1	1	0.08361338395596929	2.081371896614609	2.138066751643226	0.3	0	NaN	NaN	NaN	NaN	9	306.94747304789223	298.5782543883912	97229.52728016913	1.1231066769327773	1020.4169922073872	0.025531129034825503	0.036991083789259964	0.01871574686624877	2578.915085837147	3240.003649274643	0.01666426462476546	79.59605497402765	661.0885634374958	294.7540294642284	0.10086385050327383	-0.19964462965305207	0.031858760912168944	0.22593467005863702	1.1183335232147598e-14	-6.554466423917501e-15	0.22593467005863702	1.5959474747179274	224.1963208816918	296.8036791183082	8.106221304897142	NaN	0.09319478261753154	0.06441093265256982	78.57177700237901	0.025493886945427615	-0.03520128348780856	-0.008272021539735016	1	1.3561331995802988	1	1	2	4	8	25	0.009442150261356792	1.0330784469852488	0.6387279339034873	1.033067275335766	22.735611121130184	1.1039180038912537	6.042485310602804	1.1039180038912537	0.5171127352430318	1.1039180038912537	0.11354633713012227	1.335024371450787	NaN	NaN	800000009	800000009	800000009	800000019	810000019	811100019	899999999	899999999	89999	89999	89	89	9	1	0	13	6	0	0	NaN	0	0	0	0	0	0	0	0	0	NaN	NaN	NaN	NaN	0	7	0	0	0	0	301	0	0	18000	0	21	18000	18000	18000	18000	93	NaN	0.043428775164624324	0.05096670138065885	0.03442638875985647	0.021121587816731194	10.082859191405905	0.03547759396327864	0.00000583464179404112	NaN	0.000557336157065488	0.1584748578250144	0.013562195518017474	0.00011354633713012227	NaN	16.994782260778415	1027.0229924577786	93.67882920795017	94.1120159426795	93.24564328045315	0.8663733481466749	0.00028734847569366034	43.94066379738737	148
DATA	2026-09-12T193000_AIU-1657.ghg	2026-09-12	20:00:00	255.833	0	18000	18000	0.013308488661467988	1	NaN	-4.120879320924609	2	NaN	29.39471019921689	1	NaN	16.82717876558146	1	NaN	0.6683005938001351	1	NaN	0.15651635774688075	1	NaN	NaN	NaN	NaN	NaN	NaN	NaN	NaN	NaN	NaN	-1.557662810932965e-10	-9.326418431894914e-12	-7.429278161331878e-13	NaN	17.523281899202175	451.8627007190677	464.42780661242585	0.1	1	1049.19664349002	27.055024945661945	27.80735359073204	0.1	1	0.08357735359338146	2.077023068529137	2.134779583411834	0.3	0	NaN	NaN	NaN	NaN	9	306.6909269977146	298.16111680969516	97235.3349844977	1.1245139289346693	1020.719402935523	0.02549393721481003	0.04330587847824875	0.019123431338447964	2631.4100722160356	3160.5944721627575	0.017005953280245206	83.25680802749086	529.1843999467219	295.0838637304561	0.045662449511641265	-0.42501397500285665	0.18172223670801596	0.46448348685107627	-1.5244978265625563e-14	-8.889104334981249e-15	0.46448348685107627	1.2314142703885775	244.86780535056027	276.1321946494397	23.03137188144302	NaN	0.10878823978410647	0.06342118877753075	26.798322435897166	0.07474721616591891	-0.14019118722369286	-0.033001732292875674	1	3.6266811731479165	2	3	7	12	25	99	0.013119472152197992	1.014407325773265	-2.3217715180111105	1.0243878950149872	26.31362461213438	1.1170908847601972	15.06339277774494	1.1170908847601972	0.5982508701103557	1.1170908847601972	0.11007411553043286	1.452455031748752	NaN	NaN	800000009	800000009	800000009	800000019	800000019	800000019	899999999	899999999	89999	89999	89	89	15	1	0	5	1	0	1	NaN	0	0	0	0	0	0	0	0	0	NaN	NaN	NaN	NaN	0	0	0	0	0	0	301	0	0	18000	0	21	18000	18000	18000	18000	93	NaN	0.07730686231686272	0.027554874894106345	0.021980640344092448	0.013984507904596401	63.659587685760684	0.07316933034994333	0.000007040608716871005	NaN	-0.002022778223893212	0.3947068580856839	0.01567599841366119	0.00011007411553043287	NaN	17.5245785200567	1049.2724643861768	93.58378472010295	93.9913898671468	93.1761813290914	0.8152071954475477	0.00028650158413155523	42.605504806253656	016
DATA	2026-09-12T200000_AIU-1657.ghg	2026-09-12	20:30:00	255.854	0	18000	18000	0.05676203695886008	1	NaN	16.927249372573325	1	NaN	9.826966297487719	2	NaN	6.887149092637186	1	NaN	0.22331037811539772	2	NaN	0.10695890394012522	1	NaN	NaN	NaN	NaN	NaN	NaN	NaN	NaN	NaN	NaN	3.220030418690845e-10	1.8966234962208568e-11	1.50671212415915e-12	NaN	17.84486679000989	459.2128659309511	471.97895390211613	0.1	1	1051.0768297221314	27.04800259761708	27.799935320376203	0.1	1	0.08349945078296571	2.070346292584494	2.127901785609124	0	0	NaN	NaN	NaN	NaN	9	306.379426220364	297.65534778734843	97244.82408765149	1.1265376257421014	1020.7062697730141	0.025448208526486115	0.014470512501877772	0.019152822276385487	2630.9837988256068	3066.5938990822865	0.017001493637435017	85.79498575318236	435.61010025667974	295.0812086739779	0.05058028584996992	-0.27976256767048213	0.14028022932942105	0.31702366209325505	-3.789246255932924e-14	1.804457526403906e-14	0.31702366209325505	2.1230483466572427	240.7517903094781	280.2482096905219	26.26294765349928	NaN	0.2244688777678712	0.20722633608281787	-57.313839821110044	-0.03494967369578003	1.7225305206247432	0.0655818665312916	0	23.683192779166877	-3.594015874581086	8.1296736940661	20.244036980351563	30.873433717018443	43.30042976724372	64.87193416270827	0.05532847070364559	1.025910100839278	17.19378612630203	1.0283620961271962	8.946738671296007	1.0983853064822113	6.270248747859343	1.0983853064822113	0.20330787092426778	1.0983853064822113	0.07808625916372398	1.324546445371046	NaN	NaN	800000009	800000009	800000009	800000019	800000019	800000019	899999999	899999999	89999	89999	89	89	23	7	0	18	0	0	1	NaN	0	0	0	0	0	0	0	0	0	NaN	NaN	NaN	NaN	0	0	0	0	0	0	301	0	0	18000	0	16	18000	18000	18000	18000	93	NaN	0.3064925089799175	0.08175612571580446	0.026204037469913864	0.06533196057194178	71.13962049924969	0.04957712793055904	0.000003712475878266051	NaN	0.014952886481518542	0.16400376172472567	0.005317692640377026	0.00007808625916372398	NaN	17.846128604260958	1051.149474884022	93.52329276614721	93.89818375142417	93.14840488094754	0.7497788832783726	0.0002861851255390017	41.995048951694635	161
DATA	2026-09-12T203000_AIU-1657.ghg	2026-09-12	21:00:00	255.874	0	18000	18000	0.0777476393121448	1	NaN	19.528493597159684	1	NaN	28.91636656579195	1	NaN	0.5422521744601826	1	NaN	0.6567371263683724	1	NaN	0.09224618298466804	1	NaN	NaN	NaN	NaN	NaN	NaN	NaN	NaN	NaN	NaN	-2.2566434583470862e-10	-1.3129260914197344e-11	-1.0352563858717975e-12	NaN	18.044012831079904	463.3724164625132	476.21069074997746	-0.1	0	1049.8094039715834	26.95923156879455	27.706168583521777	0.1	1	0.08277860395284024	2.0470780324016844	2.1037947214710297	0	0	NaN	NaN	NaN	NaN	9	305.8743965536052	297.081985329625	97259.20662594483	1.1289170428569477	1020.6450277000683	0.025395432594158364	0.04255656578867053	0.019129635196887505	2622.7368063488775	2962.9889971898197	0.01694512038588432	88.51658945869707	340.25219084094215	295.02976778077823	-0.18952473686281504	-1.0759646649496197	0.4678363633251364	1.1884824142377712	-2.937186862726777e-14	-1.250632816254781e-14	1.1884824142377712	2.214346117482392	260.9898326654385	260.0101673345615	23.181293836256067	NaN	0.262429462463572	0.1917410421234282	-79.39278730917177	-0.025230251612146055	0.6753439631748853	0.06458317610562943	0	23.41813448484427	-3.5537922558161856	8.03868775889928	20.017469136976327	30.527903460299278	42.81581866921484	64.14589843015696	0.07678215094875786	1.0125743854718434	21.015672138001644	1.021602796625854	26.373114317732213	1.096433520039374	0.49456001166464686	1.096433520039374	0.5989757831781614	1.096433520039374	0.06607013619176579	1.3056495493388358	NaN	NaN	800000009	800000009	800000009	800000019	800000019	800000019	899999999	899999999	89999	89999	89	89	8	4	0	5	0	0	5	NaN	0	0	0	0	0	0	0	0	0	NaN	NaN	NaN	NaN	0	4	0	0	0	0	301	0	0	18000	0	16	18000	18000	18000	18000	93	NaN	0.2816863248779841	0.0649573381959421	0.03683842117293018	0.051902365435880775	74.94600400831253	0.041387752179945364	0.0000011515532918612377	NaN	0.01823923129974134	0.012907638805517674	0.0156328107411933	0.00006607013619176579	NaN	18.04538696064829	1049.8825673420665	93.37830081685385	93.70185420693292	93.0547486796909	0.6471075392332268	0.0002854283966007642	40.53808428100316	020
DATA	2026-09-12T210000_AIU-1657.ghg	2026-09-12	21:30:00	255.895	0	18000	18000	0.11041786621663557	1	NaN	14.590396580690154	1	NaN	23.009808738889166	1	NaN	-19.45577873868089	1	NaN	0.5225881950990878	1	NaN	0.11385740890541662	1	NaN	NaN	NaN	NaN	NaN	NaN	NaN	NaN	NaN	NaN	1.2851709592400295e-10	7.417051141690201e-12	5.869302729696792e-13	NaN	18.24289919533262	468.11476758979103	481.11255417238914	0.1	1	1052.8444899229137	27.016103549733547	27.76623914156884	0.1	1	0.08331428381175494	2.0602868128982292	2.117493229245382	1.4	0	NaN	NaN	NaN	NaN	9	305.86214968787306	297.0789931693957	97299.57295485935	1.1293724243529273	1020.6780293932677	0.025384641208612856	0.03386371504242089	0.019178139659594542	2629.3604472612274	2962.4564383104694	0.016981235990937742	88.75608813207694	333.095991049242	295.07109413186987	0.04972120647640907	-0.49042173337568135	0.24368686466665063	0.5498808625072348	1.3699165655058848e-14	7.044773670452752e-15	0.5498808625072348	2.279723373998827	245.21087195875907	275.78912804124093	26.305869203586326	NaN	0.31268070711619045	0.23677707188363606	-179.7965929075683	-0.01114092301531973	0.6340946483414589	0.04047995911943478	0	24.297073704142292	-3.687174673313871	8.340399150451848	20.76877316193881	31.673689502802628	44.42279988537792	66.55344912228664	0.10846593890840987	1.0179957627977012	15.763530657176128	1.0234648807311462	21.042234488112996	1.093505955932944	-17.79211044358862	1.093505955932944	0.47790155349746805	1.093505955932944	0.0840818057109355	1.3131859797122132	NaN	NaN	800000009	800000009	800000009	800000019	800000019	801001019	899999999	899999999	89999	89999	89	89	17	0	0	3	1	0	0	NaN	0	0	0	0	0	0	0	0	0	NaN	NaN	NaN	NaN	0	5	0	0	0	0	301	0	0	18000	0	16	18000	18000	18000	18000	93	NaN	0.3845680473896949	0.04129099134277334	0.04769510503480389	0.031783436701705435	118.133880243466	0.0400682194616073	0.0000031474575244680984	NaN	0.013675006763358399	-0.46419031752645695	0.012468294560543026	0.00008408180571093551	NaN	18.244162707866828	1052.9182116969823	93.31150236807929	93.61851809353297	93.00448442035251	0.6140338630742526	0.00028512987346200846	36.27690445666839	207
DATA	2026-09-12T213000_AIU-1657.ghg	2026-09-12	22:00:00	255.916	0	18000	18000	0.02740358346553544	1	NaN	1.9712746439479643	1	NaN	27.0464578477968	1	NaN	13.662943217300333	1	NaN	0.6142759533892205	1	NaN	0.11593138595545774	1	NaN	NaN	NaN	NaN	NaN	NaN	NaN	NaN	NaN	NaN	-3.064669165207959e-10	-1.7184411163369375e-11	-1.3571472907915653e-12	NaN	18.734610567946575	480.82928293185404	494.152306371519	0.1	1	1050.4992011539127	26.96137054887736	27.708427736405376	0.1	1	0.08296368908256503	2.0516806785230397	2.108529524342074	0.5	0	NaN	NaN	NaN	NaN	9	305.81915377553304	297.09450121947253	97321.66288688622	1.129593479389099	1020.6467610123623	0.025380204261506972	0.039805081779621485	0.019142631816876532	2624.6292557424463	2965.217540569073	0.01694647868118817	88.51388540075672	340.58828482662693	295.0415845019795	0.08990529239488258	-0.7030655411862307	0.18852831521689356	0.7334350976348968	-9.254466188664181e-15	-1.6358328635084435e-14	0.7334350976348968	2.2219904415136065	243.71278727537594	277.28721272462406	14.894996192128268	NaN	0.15575521277952262	0.187550000394669	-164.5099236054988	-0.012176165158300794	0.07288476202840528	0.010977587484578279	1	5.116594591459174	2	4	8	14	27	85	0.02699064572293416	1.015299290978074	3.5716344570284333	1.0220827856935721	24.743941565657067	1.093053739075082	12.49979093329996	1.093053739075082	0.5619814757772177	1.093053739075082	0.08893608568301518	1.3093510617277921	NaN	NaN	800000009	800000009	800000009	800000019	800000019	800000019	899999999	899999999	89999	89999	89	89	18	0	0	2	6	0	2	NaN	0	0	0	0	0	0	0	0	0	NaN	NaN	NaN	NaN	0	42	0	0	0	0	301	0	0	18000	0	16	18000	18000	18000	18000	93	NaN	0.31398026048573774	0.03226583358513157	0.028853906718468655	0.02574224648976735	154.34595321389006	0.046009824817307116	0.0000036596430071319253	NaN	0.0030979140598939125	0.3260400928250172	0.014658524571016298	0.00008893608568301518	NaN	18.73593689398049	1050.5742635862039	93.3883729171753	93.7156201057434	93.06112621688843	0.6544950366318231	0.00028556926410399475	38.67925459825324	222
DATA	2026-09-12T220000_AIU-1657.ghg	2026-09-12	22:30:00	255.937	0	18000	18000	0.1399489488372046	1	NaN	-167.46550255691224	1	NaN	103.68810467637998	1	NaN	83.75011609511523	1	NaN	2.368988849069715	1	NaN	NaN	NaN	NaN	NaN	NaN	NaN	NaN	NaN	NaN	NaN	NaN	NaN	-5.124610743545144e-10	-2.9341127510513304e-11	NaN	NaN	18.173095012574738	466.6930370473661	479.50574879180203	0.1	0	1040.506537391666	26.72066346799761	27.454259496773986	0.1	1	NaN	NaN	NaN	NaN	0	NaN	NaN	NaN	NaN	9	305.7778193995157	303.20323352400175	96945.34701344784	1.1028326721236783	1020.5027652559015	0.026223401832116043	0.15351047741971752	0.01836170482479781	2569.1348390553644	4238.65643671548	0.016649583648478104	60.61200942830314	1669.5215976601153	294.69193001644635	0.11846641169952715	-0.18942615719004177	0.1857244438961581	0.2905342127689479	-3.861228138544472e-14	-2.8198888191577755e-14	0.2905342127689479	3.001971420168762	218.97829289462925	302.0217071053707	39.73603158453904	NaN	0.3562296042943777	0.27425821480906293	23.10589147526411	0.0866921755494441	-1.6150888578741731	-0.4177067937747588	0	17.03852443560534	-2.585661818151087	5.8487740728813975	14.564274419470905	22.211437440191517	31.151856826938694	46.67115813829762	0.1374750477036072	1.017995273869125	-158.13396706905692	1.0287709795711462	91.43501948346106	1.1340086682557693	73.85315336604276	1.1340086682557693	2.089039453916593	1.1340086682557693	NaN	1	NaN	NaN	800000009	800000009	800000009	800000019	800000009	800000019	899999999	899999999	89999	89999	89	89	11	7	0	6	0	0	1	NaN	0	0	0	0	0	0	0	0	0	NaN	NaN	NaN	NaN	0	2176	0	0	0	0	301	0	0	18000	0	16	18000	18000	18000	18000	93	NaN	0.11263747791278496	0.2855520765875498	0.15032687511779116	0.41127954988801735	221.663049251854	0.09219164321290411	NaN	NaN	-0.1405080984594874	1.9894017703713134	0.05627300390815902	NaN	NaN	18.174313984630473	1040.5789482404518	93.43812131712171	93.77087212075128	93.105371248881	0.6655009335809325	0.0002853415253129142	35.6698498193116	076
DATA	2026-09-12T223000_AIU-1657.ghg	2026-09-12	23:00:00	255.958	0	18000	18000	0.2795001162067433	1	NaN	-25.052021637578022	2	NaN	24.05793686454274	0	NaN	26.198574619923235	1	NaN	0.5478769713246513	0	NaN	NaN	NaN	NaN	NaN	NaN	NaN	NaN	NaN	NaN	NaN	NaN	NaN	5.811303952523608e-11	3.5084626531751054e-12	NaN	NaN	17.61792041460733	451.02232062298054	463.6472509778168	0.2	0	1063.6479576054317	27.22960252263052	27.991808337551706	0.1	1	NaN	NaN	NaN	NaN	0	NaN	NaN	NaN	NaN	9	302.4667368486192	299.8718683321935	96945.34701344784	1.114874466661202	1020.7158566405839	0.025939444518266467	0.0355024277418374	0.018916266519102384	2617.640450529491	3492.7699613920413	0.016967171717325577	74.94454199572398	875.1295108625504	294.9979082616457	0.6560734114006117	-0.019235557524934038	0.2601379106551633	0.7060269544288795	-5.1887602448042875e-14	3.298518676304925e-15	0.7060269544288795	5.771243752740559	162.67938618960898	358.3206138103912	21.620255455641736	NaN	0.5007004846909031	0.7053855733804747	428.9021626641275	0.004670295872507931	-1.041320449822129	-0.04396771901893272	0	15.722587604601406	-2.385963327129454	5.397055542452676	13.439431408688835	20.49598087541949	28.745904603337383	43.066603285445844	0.27624963471389	1.011766464401735	-23.333886762164838	1.0207334719562102	21.83994665763625	1.1015565761984576	23.783231098611562	1.1015565761984576	0.49736616635289843	1.1015565761984576	NaN	1	NaN	NaN	800000009	800000019	800000009	800000019	800001009	810001009	899999999	899999999	89999	89999	89	89	29	7	1	4	4	0	0	NaN	0	0	0	0	0	0	0	0	0	NaN	NaN	NaN	NaN	0	18000	0	0	0	0	301	151	0	18000	0	16	18000	18000	18000	18000	93	NaN	0.5684611515103042	0.47922982374258544	0.36308017150805977	0.10275106397461839	64.08809978773151	0.00980047624041553	NaN	NaN	-0.020504833882354228	0.634043743827057	0.013259422357701112	NaN	NaN	17.619025199992766	1063.727786600937	92.18763409508593	92.26077561018204	92.11449465942376	0.14628285224920506	0.0002847553570124244	0.15524381767466888	041
DATA	2026-09-12T230000_AIU-1657.ghg	2026-09-12	23:30:00	255.979	0	18000	18000	0.17409150874770518	1	NaN	-9.342794733118273	1	NaN	6.4185511712914725	1	NaN	5.715990042941004	2	NaN	0.1461451338450862	1	NaN	NaN	NaN	NaN	NaN	NaN	NaN	NaN	NaN	NaN	NaN	NaN	NaN	2.1357103572782772e-10	1.2933254388412586e-11	NaN	NaN	17.55418874051469	449.0729209230294	461.6266635242217	0.1	0	1063.031734568222	27.194578634935496	27.95479757583525	0.1	1	NaN	NaN	NaN	NaN	0	NaN	NaN	NaN	NaN	9	302.2787558619181	299.688811898997	96977.2732982107	1.1159372878824387	1020.6924946683263	0.025914789009461217	0.009470204673161585	0.018909909519965955	2615.1638800869637	3455.350975106149	0.016945315588341617	75.68446444160786	840.1870950191851	294.9824065428982	0.7082891817475337	-0.3256379967355424	0.16116283404646892	0.7960446777514	-6.098429043202535e-14	1.2166385976864335e-14	0.7960446777514	5.181775353573191	185.6907433575176	335.30925664248235	11.680528837072483	NaN	0.39497435620155924	0.7797099702085007	564.6699256815295	0.0035473821234278664	-1.4555924668648261	-0.020766972925575142	0	12.665066099840136	-1.9219726427884714	4.347507351122473	10.825908013099403	16.510192793727988	23.155780146164847	34.69157819455456	0.1721325546218074	1.011380497606637	-8.854066452678063	1.0206662471664978	5.825050024416612	1.10188773390565	5.187452284889887	1.10188773390565	0.13263160061422372	1.10188773390565	NaN	1	NaN	NaN	800000009	800000009	800000009	800000019	800000009	800000019	899999999	899999999	89999	89999	89	89	24	6	1	8	3	0	1	NaN	0	0	0	0	0	0	0	0	0	NaN	NaN	NaN	NaN	0	2543	0	0	0	0	301	0	0	18000	0	21	18000	18000	18000	18000	93	NaN	0.43401651347201003	0.7374534643587343	0.3879499625862572	0.033453908734046155	16.85322643659117	0.032170666934759964	NaN	NaN	-0.007773347207562755	0.138157390101777	0.0035323767390125207	NaN	NaN	17.555455768245476	1063.1072565283584	91.92875483322143	91.94963874435423	91.90786890368992	0.04176739492476642	0.0002841557313351789	23.163769171062828	005
