DATAH	filename	date	time	DOY	daytime	file_records	used_records	Tau	qc_Tau	rand_err_Tau	H	qc_H	rand_err_H	LE	qc_LE	rand_err_LE	co2_flux	qc_co2_flux	rand_err_co2_flux	h2o_flux	qc_h2o_flux	rand_err_h2o_flux	ch4_flux	qc_ch4_flux	rand_err_ch4_flux	none_flux	qc_none_flux	rand_err_none_flux	H_strg	LE_strg	co2_strg	h2o_strg	ch4_strg	none_strg	co2_v-adv	h2o_v-adv	ch4_v-adv	none_v-adv	co2_molar_density	co2_mole_fraction	co2_mixing_ratio	co2_time_lag	co2_def_timelag	h2o_molar_density	h2o_mole_fraction	h2o_mixing_ratio	h2o_time_lag	h2o_def_timelag	ch4_molar_density	ch4_mole_fraction	ch4_mixing_ratio	ch4_time_lag	ch4_def_timelag	none_molar_density	none_mole_fraction	none_mixing_ratio	none_time_lag	none_def_timelag	sonic_temperature	air_temperature	air_pressure	air_density	air_heat_capacity	air_molar_volume	ET	water_vapor_density	e	es	specific_humidity	RH	VPD	Tdew	u_unrot	v_unrot	w_unrot	u_rot	v_rot	w_rot	wind_speed	max_wind_speed	wind_dir	yaw	pitch	roll	u*	TKE	L	(z-d)/L	bowen_ratio	T*	model	x_peak	x_offset	x_10%	x_30%	x_50%	x_70%	x_90%	un_Tau	Tau_scf	un_H	H_scf	un_LE	LE_scf	un_co2_flux	co2_scf	un_h2o_flux	h2o_scf	un_ch4_flux	ch4_scf	un_none_flux	un_none_scf	spikes_hf	amplitude_resolution_hf	drop_out_hf	absolute_limits_hf	skewness_kurtosis_hf	skewness_kurtosis_sf	discontinuities_hf	discontinuities_sf	timelag_hf	timelag_sf	attack_angle_hf	non_steady_wind_hf	u_spikes	v_spikes	w_spikes	ts_spikes	co2_spikes	h2o_spikes	ch4_spikes	none_spikes	head_detect_LI-7200	t_out_LI-7200	t_in_LI-7200	aux_in_LI-7200	delta_p_LI-7200	chopper_LI-7200	detector_LI-7200	pll_LI-7200	sync_LI-7200	chopper_LI-7500	detector_LI-7500	pll_LI-7500	sync_LI-7500	not_ready_LI-7700	no_signal_LI-7700	re_unlocked_LI-7700	bad_temp_LI-7700	laser_temp_unregulated_LI-7700	block_temp_unregulated_LI-7700	motor_spinning_LI-7700	pump_on_LI-7700	top_heater_on_LI-7700	bottom_heater_on_LI-7700	calibrating_LI-7700	motor_failure_LI-7700	bad_aux_tc1_LI-7700	bad_aux_tc2_LI-7700	bad_aux_tc3_LI-7700	box_connected_LI-7700	mean_value_RSSI_LI-7200	mean_value_LI-7500	u_var	v_var	w_var	ts_var	co2_var	h2o_var	ch4_var	none_var	w/ts_cov	w/co2_cov	w/h2o_cov	w/ch4_cov	w/none_cov	co2_mean	h2o_mean	avg_signal_strength_7200_mean	co2_signal_strength_7200_mean	h2o_signal_strength_7200_mean	delta_signal_strength_7200_mean	flowrate_mean	rssi_77_mean	CHK
DATAU		[yyyy-mm-dd]	[HH:MM]	[ddd.ddd]	[1=daytime]	[#]	[#]	[kg+1m-1s-2]	[#]	[kg+1m-1s-2]	[W+1m-2]	[#]	[W+1m-2]	[W+1m-2]	[#]	[W+1m-2]	[µmol+1s-1m-2]	[#]	[µmol+1s-1m-2]	[mmol+1s-1m-2]	[#]	[mmol+1s-1m-2]	[µmol+1s-1m-2]	[#]	[µmol+1s-1m-2]	[µmol+1s-1m-2]	[#]	[µmol+1s-1m-2]	[W+1m-2]	[W+1m-2]	[µmol+1s-1m-2]	[mmol+1s-1m-2]	[µmol+1s-1m-2]	[µmol+1s-1m-2]	[µmol+1s-1m-2]	[mmol+1s-1m-2]	[µmol+1s-1m-2]	[µmol+1s-1m-2]	[mmol+1m-3]	[µmol+1mol_a-1]	[µmol+1mol_d-1]	[s]	[1=default]	[mmol+1m-3]	[mmol+1mol_a-1]	[mmol+1mol_d-1]	[s]	[1=default]	[mmol+1m-3]	[µmol+1mol_a-1]	[µmol+1mol_d-1]	[s]	[1=default]	[mmol+1m-3]	[µmol+1mol_a-1]	[µmol+1mol_d-1]	[s]	[1=default]	[K]	[K]	[Pa]	[kg+1m-3]	[J+1kg-1K-1]	[m+3mol-1]	[mm]	[kg+1m-3]	[Pa]	[Pa]	[kg+1kg-1]	[%]	[Pa]	[K]	[m+1s-1]	[m+1s-1]	[m+1s-1]	[m+1s-1]	[m+1s-1]	[m+1s-1]	[m+1s-1]	[m+1s-1]	[deg_from_north]	[deg]	[deg]	[deg]	[m+1s-1]	[m+2s-2]	[m]	[#]	[#]	[K]	[0=KJ/1=KM/2=HS]	[m]	[m]	[m]	[m]	[m]	[m]	[m]	[kg+1m-1s-2]	[#]	[W+1m-2]	[#]	[W+1m-2]	[#]	[µmol+1s-1m-2]	[#]	[mmol+1s-1m-2]	[#]	[µmol+1s-1m-2]	[#]	[µmol+1s-1m-2]	[#]	8u/v/w/ts/co2/h2o/ch4/none	8u/v/w/ts/co2/h2o/ch4/none	8u/v/w/ts/co2/h2o/ch4/none	8u/v/w/ts/co2/h2o/ch4/none	8u/v/w/ts/co2/h2o/ch4/none	8u/v/w/ts/co2/h2o/ch4/none	8u/v/w/ts/co2/h2o/ch4/none	8u/v/w/ts/co2/h2o/ch4/none	8co2/h2o/ch4/none	8co2/h2o/ch4/none	8aa	8U	[#]	[#]	[#]	[#]	[#]	[#]	[#]	[#]	[#_flagged_recs]	[#_flagged_recs]	[#_flagged_recs]	[#_flagged_recs]	[#_flagged_recs]	[#_flagged_recs]	[#_flagged_recs]	[#_flagged_recs]	[#_flagged_recs]	[#_flagged_recs]	[#_flagged_recs]	[#_flagged_recs]	[#_flagged_recs]	[#_flagged_recs]	[#_flagged_recs]	[#_flagged_recs]	[#_flagged_recs]	[#_flagged_recs]	[#_flagged_recs]	[#_flagged_recs]	[#_flagged_recs]	[#_flagged_recs]	[#_flagged_recs]	[#_flagged_recs]	[#_flagged_recs]	[#_flagged_recs]	[#_flagged_recs]	[#_flagged_recs]	[#_flagged_recs]	[#]	[#]	[m+2s-2]	[m+2s-2]	[m+2s-2]	[K+2]	--	--	--	--	[m+1s-1K+1]	--	--	--	--	--	--	--	--	--	--	--	--	241
DATA	2026-09-27T233000_AIU-1657.ghg	2026-09-28	00:00:00	271	0	18000	18000	0.10884218686204603	0	NaN	17.199422713529263	1	NaN	75.53841943057607	0	NaN	0.8522317490872343	2	NaN	1.7069281293055583	0	NaN	0.04778616092758452	0	NaN	NaN	NaN	NaN	NaN	NaN	NaN	NaN	NaN	NaN	-1.026563907470903e-9	-2.9902865257160476e-11	-5.307958117746676e-12	NaN	16.728451273444588	422.6877129237839	427.95693502696827	0.1	1	487.28444546933054	12.312505469393288	12.46599307733945	0.1	1	0.08649624060227024	2.076586692989056	2.102473408328353	0.4	0	NaN	NaN	NaN	NaN	9	299.8809035729303	291.84492316942965	96978.89413334217	1.1522745960371132	1012.2263735310275	0.025019863475597436	0.11060894277900017	0.008867808274668475	1194.3734565537554	2149.365110727535	0.007695915804415474	55.56866307136966	954.9916541737796	282.7460120252613	-0.3225561466038358	-0.8105614220569469	0.36665852389665643	0.9463037354806639	2.78673922639905e-14	-6.136634471958032e-14	0.9463037354806639	3.9215881521077476	272.6996692872249	248.30033071277515	22.7967868230081	NaN	0.30734109619216204	0.70592173569966	-144.10905324692175	-0.013899890082324076	0.22769105897610778	0.04797992873704856	0	16.917429933575423	-2.5672852602824685	5.807206248947007	14.460764660458713	22.053578526624566	30.930457456117455	46.33946153655983	0.10738219691141089	1.0135962011639565	21.272699414406098	1.0215257489841065	69.0416676195061	1.0940989989823835	0.7789347672193203	1.0940989989823835	1.5601221926838105	1.0940989989823835	0.029559808210955246	1.306975737961155	NaN	NaN	800000009	800000009	800000009	800000019	800000019	800000019	899999999	899999999	89999	89999	89	89	1	4	0	8	11	0	3	NaN	0	0	0	0	0	0	0	0	0	NaN	NaN	NaN	NaN	0	0	0	0	0	0	300	0	0	18000	0	15	18000	18000	18000	18000	93	NaN	1.055452687479538	0.242480778593369	0.11391000532641296	0.23069880289868172	26.0261364542576	0.22488132312611614	2.491511648177368e-7	NaN	0.018238493707015295	0.019731855276622044	0.039520774544160885	0.000029559808210955246	NaN	16.72983762975387	487.31657433150775	92.85761474397448	92.92582318030463	92.78940756140815	0.13641702844244039	0.0002808789062692085	40.642923839469546	235
DATA	2026-09-28T000000_AIU-1657.ghg	2026-09-28	00:30:00	271.02	0	18000	18000	0.07139972489792473	0	NaN	-9.322430934835781	0	NaN	116.51664036995723	0	NaN	9.634752003401077	0	NaN	2.630992350905911	0	NaN	0.06151313571683243	0	NaN	NaN	NaN	NaN	NaN	NaN	NaN	NaN	NaN	NaN	-4.069381723180228e-10	-1.2098115906629245e-11	-2.096455808522128e-12	NaN	16.945479936885015	427.08713584602316	432.5796589834693	0.1	0	503.7826242795453	12.697136870358575	12.860427478261379	0.5	0	0.0872993792632326	2.0890617676154384	2.1159279949754652	0	0	NaN	NaN	NaN	NaN	9	299.2965838233101	291.09137363968904	96977.70544816167	1.1550745291396771	1012.4234564203632	0.024955567563248127	0.17048830433870302	0.009168391371754825	1231.6694931540826	2050.1270689550197	0.007937489002189	60.07771478193705	818.4575758009371	283.20459316038114	-0.11427576035257682	-0.8390400157273487	0.2984044001141725	0.8978264216447386	4.313396900382547e-14	-2.401455573012397e-14	0.8978264216447386	3.2036565984791294	258.75586142128395	262.24413857871605	19.412270806644326	NaN	0.24862412381175464	0.457882162552528	140.7541261519172	0.014231199146787612	-0.08000943818184005	-0.03206370492481624	0	17.04730568168311	-2.586994406121653	5.851788390499179	14.57178049654377	22.22288468133264	31.16791174540365	46.69521133174731	0.07061480198564185	1.0111155577897462	-2.5010265092700212	1.0208234621470706	105.61769622684015	1.1031924055577667	8.733519153016479	1.1031924055577667	2.384889832137395	1.1031924055577667	0.04275300068711163	1.3816890816882004	NaN	NaN	800000009	800000009	800000009	800000019	800000019	800010019	899999999	899999999	89999	89999	89	89	10	0	0	1	0	0	1	NaN	0	0	0	0	0	0	0	0	0	NaN	NaN	NaN	NaN	0	55	0	0	0	0	300	150	0	18000	0	25	18000	18000	18000	18000	93	NaN	0.7082731986485963	0.13435975367055245	0.07313137278590727	0.2323287218864747	25.148747664503507	0.3692712589662141	3.1962310199963475e-7	NaN	-0.0021386813841276528	0.2207536180497176	0.060281892083842804	0.00004275300068711163	NaN	16.94678188571732	503.8096773605999	92.84737513097127	92.89467916107176	92.80006894980536	0.09460933386658649	0.00028027082769161403	37.628143570806635	023
DATA	2026-09-28T003000_AIU-1657.ghg	2026-09-28	01:00:00	271.041	0	18000	18000	0.2098882766443249	1	NaN	110.24657199656781	1	NaN	126.34661442334877	1	NaN	-17.673395125685943	1	NaN	2.850373091442998	1	NaN	0.17782461796816434	1	NaN	NaN	NaN	NaN	NaN	NaN	NaN	NaN	NaN	NaN	-2.2348047537778482e-10	-6.942109910755843e-12	-1.1284337412505952e-12	NaN	17.378464583924266	436.6069940463329	442.60993042873883	0.1	1	539.8378136516737	13.562588567751275	13.74906143113449	0.1	1	0.08775015255573423	2.091689414305667	2.1204481805578093	0.3	0	NaN	NaN	NaN	NaN	9	298.55202798631467	290.1513104826688	96975.00694375741	1.158403572441744	1012.886184288276	0.024875667157744884	0.18470417632550626	0.009824775698619339	1315.5849176264614	1931.9708989014432	0.00848130645687682	68.09548313458184	616.3859812749818	284.1932501516733	-0.22346546827674918	-0.825890717804068	0.38769693525394694	0.9393301905467402	4.3958010697502875e-14	-1.285962141813798e-14	0.9393301905467402	2.691707344742171	266.14028288511827	254.85971711488168	24.376926096024455	NaN	0.42566128006598775	0.35673871192693324	-59.73582215746767	-0.033532643021463616	0.8725724270471178	0.22073968174857442	0	20.93318896984342	-3.1766921869336535	7.1856863763213115	17.89337508559963	27.288526009668242	38.27254573507008	57.33924768208486	0.2070645147195801	1.0136371117406038	115.66355383414063	1.0215327515323356	115.48568520343049	1.0940456750183931	-16.15416570737672	1.0940456750183931	2.6053510895649556	1.0940456750183931	0.10617692092546538	1.3070292737102496	NaN	NaN	800000009	800000009	800000009	800000019	800000019	800000019	899999999	899999999	89999	89999	89	89	4	1	0	9	14	0	6	NaN	0	0	0	0	0	0	0	0	0	NaN	NaN	NaN	NaN	0	11	0	0	0	0	300	0	0	18000	0	15	18000	18000	18000	18000	93	NaN	0.42469125282591164	0.1604951164959625	0.1282910545319923	0.1376052965869496	6.789905328188481	0.1466684841301432	7.138556227234833e-7	NaN	0.09857709066069982	-0.4073721522713432	0.06570116340294231	0.00010617692092546538	NaN	17.379872125720652	539.8679222226903	92.7855790286594	92.80543513997395	92.7657223455641	0.03971212761340957	0.00027928563946463526	37.97525154717757	113
DATA	2026-09-28T010000_AIU-1657.ghg	2026-09-28	01:30:00	271.062	0	18000	18000	0.15454586265827636	1	NaN	2.5975292111951873	1	NaN	103.15214313458364	1	NaN	-12.44974225730167	2	NaN	2.3261603014748906	1	NaN	0.06677401865156748	1	NaN	NaN	NaN	NaN	NaN	NaN	NaN	NaN	NaN	NaN	2.0745583936486788e-10	6.53408210640433e-12	1.0563914358798043e-12	NaN	17.30095023904648	433.9072558213882	439.9193938763068	0.1	1	544.9151478543021	13.666453760865652	13.855813596704182	0.1	1	0.0880986320802809	2.0960732706547285	2.125116071177954	0.6	0	NaN	NaN	NaN	NaN	9	298.26106991068525	289.7288957636774	96975.79883562854	1.1600561607739748	1012.9354902024937	0.024839249259107188	0.1507351875355729	0.00991453076626506	1325.6707725018791	1880.85180746726	0.008546595502454131	70.48246795620847	555.1810349653808	284.3083113013086	-0.4665379124092572	-0.4200740579786116	0.3460389709102548	0.716842247144012	1.5505025097584525e-13	1.1991008383843636e-14	0.716842247144012	2.3006233757860906	298.9999026846168	222.00009731538316	28.863646205818853	NaN	0.3649969068904987	0.36541871143856935	-1598.5312809749264	-0.00125308777115599	0.025181534113219196	0.00605634286212961	0	22.896812497396215	-3.474679632947844	7.859734790563743	19.57185094305391	29.848307597749027	41.86267580903971	62.717916740245144	0.1521895957911832	1.0154824438217587	8.487154400084284	1.0221638854715076	94.37260568293527	1.093030571616779	-11.390113488670655	1.093030571616779	2.1281749677267507	1.093030571616779	0.046933721920847736	1.3096101636192055	NaN	NaN	800000009	800000009	800000009	800000019	800000019	800000019	899999999	899999999	89999	89999	89	89	11	9	0	4	11	0	3	NaN	0	0	0	0	0	0	0	0	0	NaN	NaN	NaN	NaN	0	0	0	0	0	0	300	0	0	18000	0	20	18000	18000	18000	18000	93	NaN	0.16373464880974217	0.49171561708782974	0.07538715697956676	0.03965152716588806	7.191963591726856	0.12377001756809536	4.828904076429682e-7	NaN	0.007222728670067648	-0.28684304680300143	0.053594917423765424	0.000046933721920847733	NaN	17.30227251718877	544.9514130637316	92.76850766499837	92.76749314837986	92.76952124616835	-0.002025697042454536	0.00027875496277475676	39.35128349522309	099
DATA	2026-09-28T013000_AIU-1657.ghg	2026-09-28	02:00:00	271.083	0	18000	18000	0.09661037595746332	1	NaN	53.88370874668955	1	NaN	110.46834064118913	1	NaN	0.7325226619969738	2	NaN	2.4903557222634274	1	NaN	0.04006124337805732	0	NaN	NaN	NaN	NaN	NaN	NaN	NaN	NaN	NaN	NaN	8.463105649589764e-10	2.6819471872958357e-11	4.322855444334e-12	NaN	17.266216125846434	432.8095237378365	438.82835192934164	0.2	0	547.1641462516837	13.715677587929056	13.906413471508703	0.1	1	0.08819381379964314	2.0952416527596096	2.124378949505612	0.2	0	NaN	NaN	NaN	NaN	9	297.95072633361815	289.39931689935895	96980.7686297228	1.1614150644154415	1012.9562944354092	0.024809722120142652	0.1613750508026701	0.009962083137100617	1330.5137552770664	1841.7951040102623	0.008577539109254356	72.2400527822042	511.28134873319595	284.3632872101936	-0.6283379600751354	0.525150677208093	0.25621616203506925	0.858043441517674	-1.5287141971365707e-14	4.901540434745879e-14	0.858043441517674	2.1310579630710387	20.888115819264726	140.1118841807353	17.373842456628495	NaN	0.28841520923221364	0.23434063328440904	-38.02136531776106	-0.05268353682881252	0.4877751257413069	0.15880389823157756	0	15.954130146973267	-2.4211008012312294	5.476536604542983	13.637350491390547	20.797819964483352	29.169238217499455	43.70083418094514	0.09525969924473009	1.0141788891151464	59.31742226430421	1.0216632759580813	101.02098491703836	1.0935187449608539	0.6698766394015466	1.0935187449608539	2.2773781736613743	1.0935187449608539	0.011800083137306728	1.3077768149879667	NaN	NaN	800000009	800000009	800000009	800000019	800000019	800000019	899999999	899999999	89999	89999	89	89	8	4	0	27	5	0	0	NaN	0	0	0	0	0	0	0	0	0	NaN	NaN	NaN	NaN	0	0	0	0	0	0	300	150	0	18000	0	15	18000	18000	18000	18000	93	NaN	0.14450932893579596	0.2080243865215452	0.11614755111147697	0.0498139936288581	0.3929379211597961	0.07951503680333517	1.848557329131872e-7	NaN	0.05042014699381299	0.016850633124330133	0.05728706127744424	0.000011800083137306728	NaN	17.267566685411918	547.2018632687984	92.7572136101193	92.75277366383871	92.76164836586847	-0.00887382262616848	0.00027824163428805245	38.85228580262926	030
DATA	2026-09-28T020000_AIU-1657.ghg	2026-09-28	02:30:00	271.104	0	18000	18000	0.06867965249167149	1	NaN	22.79502342673585	0	NaN	11.35093416513642	2	NaN	0.9625668755431166	1	NaN	0.25591478162408193	2	NaN	0.01744098246262111	2	NaN	NaN	NaN	NaN	NaN	NaN	NaN	NaN	NaN	NaN	3.8160637863017396e-10	1.206976685641451e-11	1.950790216175203e-12	NaN	17.25620312676622	432.6273644475916	438.629349778974	0.1	1	545.7936770203941	13.683501421887966	13.87333725190068	0.1	1	0.08821454281992368	2.0966202746892924	2.1257073948492295	0	1	NaN	NaN	NaN	NaN	9	298.0638239864773	289.4954811346194	96980.38984198446	1.1610389318595944	1012.9402423244496	0.024818063054550154	0.016583277849240508	0.009935372446481995	1327.387264397104	1853.1168432795703	0.00855731205375591	71.62998216820199	525.7295788824663	284.3278165383508	-0.7987104448158827	0.2989144528546116	0.49139417997169926	0.9842542684151209	1.2996850776159086e-14	2.2114156621062346e-14	0.9842542684151209	2.698567156670018	1.5181775632392487	159.48182243676078	29.950744600823107	NaN	0.24321516640086766	0.26641362783624795	-53.89641107291031	-0.037165739983878225	2.0082068220207927	0.07969274417501983	0	16.910950022743744	-2.566301908814105	5.8049819052481055	14.455225730140953	22.045131308404475	30.918610112455582	46.32171205688567	0.06777240701415611	1.0133866497810218	23.064777874593847	1.021498520251815	10.371838268622154	1.0943994566012776	0.8795388829344133	1.0943994566012776	0.23384037709488675	1.0943994566012776	0.007315794384837924	1.306690105096153	NaN	NaN	800000009	800000009	800000009	800000019	800000019	800010019	899999999	899999999	89999	89999	89	89	3	0	0	41	8	1	7	NaN	0	0	0	0	0	0	0	0	0	NaN	NaN	NaN	NaN	0	0	0	0	0	0	300	0	0	18000	0	15	18000	18000	18000	18000	93	NaN	0.1338252009283877	0.32759882480796343	0.07140322993614474	0.032373742959437575	0.9479915976093152	0.129140574746068	2.3218564217155068e-7	NaN	0.01961185477052941	0.022131367283460962	0.005884000550292741	0.000007315794384837924	NaN	17.25754542276325	545.8311643517274	92.7565720469157	92.75123838297526	92.76190662532383	-0.010662165833652109	0.0002784235603192226	39.890417308171585	178
DATA	2026-09-28T023000_AIU-1657.ghg	2026-09-28	03:00:00	271.124	0	18000	18000	0.10930039175837308	1	NaN	17.57103515985779	1	NaN	114.25934842804072	1	NaN	9.973179420875432	1	NaN	2.576666118313389	1	NaN	0.05925452405788046	1	NaN	NaN	NaN	NaN	NaN	NaN	NaN	NaN	NaN	NaN	3.425958922823052e-10	1.072205507186647e-11	1.7469811900012582e-12	NaN	17.26578769390585	433.2701803389502	439.22601644915596	0.1	1	540.3588620982845	13.559843650325284	13.746240522591389	0.1	1	0.08804252184948516	2.094770269269212	2.1235654852301598	0.8	0	NaN	NaN	NaN	NaN	9	298.255127023485	289.7408962978212	96966.41219500353	1.1599428330894026	1012.8760728702781	0.024842682711366845	0.1669679644667076	0.009835829310563506	1315.202083126936	1882.2875309104388	0.00847958108794609	69.87253868120719	567.0854477835028	284.18886742971193	-0.5056935769285693	0.2812903095549537	0.3465181731913583	0.6744813387694368	-2.635747882228515e-14	1.9842471039026398e-14	0.6744813387694368	1.967319949235545	10.084848949779882	150.91515105022012	30.91427499463116	NaN	0.3069676195239878	0.2604290546750964	-140.55829639664853	-0.014251026452023516	0.15378203535725424	0.04872051648804275	0	20.05511703959971	-3.043441383895983	6.884272697035657	17.142812406276303	26.14387056604071	36.667150199905954	54.93407262904052	0.10757961674720087	1.0159953629061147	23.833907891100367	1.0224040014461642	104.53534861348368	1.0930211640706462	9.124415655167338	1.0930211640706462	2.357379896211094	1.0930211640706462	0.03639430291906996	1.3103389088573338	NaN	NaN	800000009	800000009	800000009	800000019	800000019	801000019	899999999	899999999	89999	89999	89	89	3	0	0	23	3	0	4	NaN	0	0	0	0	0	0	0	0	0	NaN	NaN	NaN	NaN	0	0	0	0	0	0	300	0	0	18000	0	15	18000	18000	18000	18000	93	NaN	0.12079069435231946	0.32580335350333756	0.07426406149453581	0.03842785175624213	3.756616837109603	0.1442577977999917	2.688009505976728e-7	NaN	0.020286277351907734	0.22979173891774557	0.059368889593856104	0.000036394302919069966	NaN	17.267073263465793	540.3928457552927	92.77217276297675	92.77454245588515	92.76980477778116	0.004742270567912353	0.0002791527427568023	39.08257173122303	064
DATA	2026-09-28T030000_AIU-1657.ghg	2026-09-28	03:30:00	271.145	0	18000	18000	0.1444381159802096	1	NaN	18.890529705425354	1	NaN	40.71943372357352	1	NaN	-3.042389047134969	1	NaN	0.9186481335531593	1	NaN	0.1310647452290011	1	NaN	NaN	NaN	NaN	NaN	NaN	NaN	NaN	NaN	NaN	4.487889137855061e-10	1.457764289879388e-11	2.2724479207458425e-12	NaN	17.392972407902253	436.8902226480617	443.17944753712453	0.1	1	564.9616844861613	14.191147455085995	14.39543519867046	0.1	1	0.08806951947751912	2.1000997667358714	2.1303316168386606	0.6	0	NaN	NaN	NaN	NaN	9	298.4573624089559	290.17369589767884	96956.45190545551	1.1578159070955216	1013.2384928403278	0.024882347283559744	0.05952839905424472	0.010277345565832442	1376.2923825736846	1934.7135619469834	0.008876493666090687	71.13675169510176	558.4211793732989	284.8744253953894	-0.29569650707429784	-0.5888388103316095	0.36816467804662034	0.7547932160597935	4.793367936626489e-14	2.5802887698574464e-14	0.7547932160597935	2.488365731458356	277.66437757990536	243.33562242009464	29.1940448909993	NaN	0.3532003713180863	0.27829922803555973	-199.1657919606947	-0.010057450028342773	0.4639192635552086	0.045590230960114386	0	21.143139879265764	-3.2085530474342865	7.257755729524293	18.07283796520525	27.562218224494124	38.65640295790231	57.9143357498317	0.1422927914720559	1.0150768319741272	20.914433248161053	1.0219881066534742	37.251356678540816	1.0930993487018565	-2.7832685571975233	1.0930993487018565	0.84040680716179	1.0930993487018565	0.09728238095148513	1.3090383296679424	NaN	NaN	800000009	800000009	800000009	800000019	800000019	800000019	899999999	899999999	89999	89999	89	89	7	1	0	12	15	0	4	NaN	0	0	0	0	0	0	0	0	0	NaN	NaN	NaN	NaN	0	0	0	0	0	0	300	150	17996	18000	0	15	18000	18000	18000	18000	93	NaN	0.2770484118166401	0.1933961006024416	0.0861539436520378	0.02595556393186799	4.714213637781348	0.08857045613896142	0.0000015851919338038323	NaN	0.017827683202129577	-0.07025147123180049	0.021212403123535825	0.00009728238095148513	NaN	17.394280553824416	565.0000204072215	92.7129558690389	92.72275754292806	92.70315302149456	0.019607252856043558	0.00027900616895446245	39.278418629476775	149
DATA	2026-09-28T033000_AIU-1657.ghg	2026-09-28	04:00:00	271.166	0	18000	18000	0.0833247067023111	1	NaN	23.87104842817601	1	NaN	86.13980938401681	1	NaN	6.05058583345511	2	NaN	1.9443433047758742	1	NaN	0.060822719334028566	0	NaN	NaN	NaN	NaN	NaN	NaN	NaN	NaN	NaN	NaN	7.965201524570508e-10	2.554999118419038e-11	4.0350961614139505e-12	NaN	17.316882495874843	435.5864859015051	441.75888035412504	0.1	1	555.4739497079079	13.972315503136029	14.170307510448472	0.1	1	0.08772569767533756	2.096755580508496	2.12646725185855	0.5	0	NaN	NaN	NaN	NaN	9	298.76831676907005	290.7030857995674	96941.66005782133	1.1556272619601484	1013.1270069309901	0.024931545982357105	0.12599344614947663	0.010098897591776547	1354.8627898671555	2000.5771974646286	0.008738888328618199	67.72359454982292	645.7144075974732	284.6370482221866	-0.21331525733036996	-0.46454554683462873	0.31243227936811274	0.599099234922735	2.2406913480690458e-14	4.599674061695542e-14	0.599099234922735	1.8851005658084592	275.66417393544566	245.3358260645543	31.433149765570512	NaN	0.2685208464568179	0.22403537483717473	-69.24668509550153	-0.02892701646638284	0.27711981949898845	0.0759297229510056	0	17.473111786885788	-2.651612125356627	5.997953847349407	14.935753150930351	22.77796594456674	31.946421109606053	47.86156022230256	0.08192366240138965	1.0171018269917786	28.409202605216098	1.0229717714565698	78.79539865479855	1.0932086245466444	5.53470371308523	1.0932086245466444	1.7785656471400386	1.0932086245466444	0.037426005098855415	1.3119111233816316	NaN	NaN	800000009	800000009	800000009	800000019	800000019	800000019	899999999	899999999	89999	89999	89	89	19	0	0	26	5	0	2	NaN	0	0	0	0	0	0	0	0	0	NaN	NaN	NaN	NaN	0	0	0	0	0	0	300	0	18000	18000	0	15	18000	18000	18000	18000	93	NaN	0.21993342318689235	0.14793500430589268	0.08020232218156442	0.04921288313734633	13.847433992183134	0.20847594721468987	7.707663954966215e-7	NaN	0.024264836703759105	0.13994459465290218	0.044970907469560596	0.00003742600509885542	NaN	17.31818557651934	555.5103252637023	92.73090433332655	92.7522037709554	92.70960266706678	0.0426018575404049	0.00027935696047077526	39.75508457402832	161
DATA	2026-09-28T040000_AIU-1657.ghg	2026-09-28	04:30:00	271.187	0	18000	18000	0.49876373717504374	1	NaN	3.6544149200206295	2	NaN	245.16850140673031	1	NaN	10.061217089478957	2	NaN	5.539136531590834	1	NaN	0.1337766059325998	1	NaN	NaN	NaN	NaN	NaN	NaN	NaN	NaN	NaN	NaN	8.397579126151363e-10	2.4204821606830146e-11	4.326923770843493e-12	NaN	16.825990507474767	424.7317023808207	429.99583361218737	0.1	1	484.98512782492514	12.242284273187494	12.394015332170166	0.1	1	0.08669734122308435	2.079845639350679	2.1056232780933386	0.2	0	NaN	NaN	NaN	NaN	9	299.5731929541694	291.67802427130243	96932.98350768008	1.1524188639730126	1012.1834682519067	0.02501739868142481	0.358936047247086	0.008818101721601737	1186.9994542028462	2127.0300705766335	0.007651820008569592	55.80548533952099	940.0306163737873	282.65385230550106	-1.3197515896501182	-1.6366265397039286	1.0474673803727754	2.348931374432282	8.306390955734626e-14	4.9908379078312374e-14	2.348931374432282	6.504735071306558	289.88219430730067	231.11780569269933	26.483084519001974	NaN	0.6578732925797794	0.977182078410502	-6649.645363273244	-0.0003012341095757304	0.014905727689537157	0.004762182130125475	0	22.540042228846954	-3.4205383682669885	7.737267102440154	19.26688908350453	29.383221519999086	41.210385972090556	61.74066770172452	0.4926595954666806	1.0123901813027327	17.479474089872667	1.0259859686163861	219.97157378527612	1.1145462897221892	9.027186382708974	1.1145462897221892	4.9698577642490855	1.1145462897221892	0.09250508509922518	1.3074793206733477	NaN	NaN	800000009	800000009	800000009	800000019	800000019	800000019	899999999	899999999	89999	89999	89	89	23	1	2	25	8	3	10	NaN	0	0	0	0	0	0	0	0	0	NaN	NaN	NaN	NaN	0	0	0	0	0	0	300	0	18000	18000	0	15	18000	18000	18000	18000	93	NaN	0.7556850996205112	0.9439642074981228	0.25471484970236985	0.15628317889238175	52.5303328706927	0.8963401392348331	5.448719934156195e-7	NaN	0.014985069561349828	0.22863650460333618	0.12587431558632248	0.00009250508509922519	NaN	16.82738790639784	485.02559011169484	92.82888115819296	92.87422253163655	92.78354139200846	0.09068288399051022	0.00028082629477365934	38.181971491627976	074
DATA	2026-09-28T043000_AIU-1657.ghg	2026-09-28	05:00:00	271.208	0	18000	18000	0.32714018287864227	1	NaN	17.333120767621857	1	NaN	180.11340105003293	1	NaN	0.3137176070394203	2	NaN	4.0705914503424045	1	NaN	0.08225672123719345	1	NaN	NaN	NaN	NaN	NaN	NaN	NaN	NaN	NaN	NaN	-4.769993926578796e-10	-1.3158141484500404e-11	-2.4753151791890616e-12	NaN	16.625121815874692	420.41574924209357	425.3486314196342	0.1	0	458.60793203825443	11.59726824811153	11.733342974028432	0.3	0	0.08627351946382408	2.0721106262563698	2.0964234109143645	0.1	0	NaN	NaN	NaN	NaN	9	299.71905911424426	291.99796492409575	96937.1204824329	1.1514873788382622	1011.8326875863094	0.02504377134679669	0.2637743259821878	0.0083447007448573	1124.5073457366004	2170.0259935261024	0.007246888587937701	51.819994280776996	1045.518647789502	281.8519023837305	-1.6073004286215498	-0.8238000540717514	1.062856312826744	2.0956442299806435	4.110395291075834e-14	-2.869148256119309e-14	2.0956442299806435	6.596048731782251	313.8632064521147	207.1367935478853	30.475775425114833	NaN	0.533012452067862	0.9674915089819255	-745.5795322374335	-0.0026866349106832816	0.09623448708742645	0.027910750884755663	0	21.527689402285276	-3.266909921154052	7.389759136772129	18.401545113661665	28.063517366065	39.35948213176187	58.96767647007306	0.32323048375673913	1.0120957004935387	27.235620204762693	1.0247256370072113	162.25360717515574	1.110073324013051	0.2826098062651328	1.110073324013051	3.6669572741616006	1.110073324013051	0.051458580642360426	1.3064006909572177	NaN	NaN	800000009	800000009	800000009	800000019	800001019	800001019	899999999	899999999	89999	89999	89	89	19	3	1	25	43	4	10	NaN	0	0	0	0	0	0	0	0	0	NaN	NaN	NaN	NaN	0	0	0	0	0	0	300	150	18000	18000	0	15	18000	18000	18000	18000	93	NaN	0.3228289201414516	1.4245951752711228	0.1875589225512765	0.02849802130191972	1.964446523102995	0.263836657535279	5.073635891571127e-7	NaN	0.023375956043677797	0.007160681994159964	0.09291225691513615	0.000051458580642360427	NaN	16.626373240785984	458.6312330139671	92.84443187819586	92.90822956932915	92.7806345515781	0.12759048475532075	0.0002808534560932054	38.27037461196053	213
DATA	2026-09-28T050000_AIU-1657.ghg	2026-09-28	05:30:00	271.229	0	18000	18000	0.10579276728101539	0	NaN	19.101162401459856	0	NaN	214.07636933418027	0	NaN	1.8419119325237043	0	NaN	4.83829659019116	0	NaN	0.10056255678145921	0	NaN	NaN	NaN	NaN	NaN	NaN	NaN	NaN	NaN	NaN	5.2248089211741805e-11	1.4319913235678539e-12	2.7235395326014246e-13	NaN	16.605706224533378	419.9608739578364	424.8509475652052	0.2	0	455.1214713112332	11.51009226975607	11.644117132349258	0.4	0	0.08656067246018716	2.079195973941408	2.1034063754030905	0.3	0	NaN	NaN	NaN	NaN	9	299.7463932266235	292.02723029529983	96944.39374889655	1.1514964950395858	1011.785035947861	0.025044402247373462	0.31352161904438713	0.008281765490191384	1116.1382290627453	2173.9966132552336	0.007192176029946731	51.340384904808836	1057.8583841924883	281.7415364259931	-1.9057526568762753	-0.1861889406336355	1.1419029909155998	2.229462256120815	1.7240392935971126e-14	3.1463936857169097e-15	2.229462256120815	5.884427267796448	335.4200040321622	185.57999596783782	30.80965690414796	NaN	0.30310749716608826	0.7651317634764154	-124.42455730608695	-0.016098912010370534	0.08922592652738011	0.05408941023909996	0	14.820959286548778	-2.249137751360654	5.087555717515838	12.668733083366513	19.32061730116057	27.097440478333993	40.596903636697675	0.10451378850452839	1.012237416658488	30.86412940493238	1.025378655054526	192.44294408374355	1.1124147489711167	1.6557780578038064	1.1124147489711167	4.349363935228427	1.1124147489711167	0.0636962999650529	1.3069374896105639	NaN	NaN	800000009	800000009	800000009	800000019	800000019	800010119	899999999	899999999	89999	89999	89	89	21	6	1	49	2	6	10	NaN	0	0	0	0	0	0	0	0	0	NaN	NaN	NaN	NaN	0	0	0	0	0	0	300	0	18000	18000	0	15	18000	18000	18000	18000	93	NaN	0.37744403643511465	0.998592942614283	0.1542265479034332	0.02519719643726415	0.08617699621282815	0.30649551552724696	2.0032986725121892e-7	NaN	0.02649129316565565	0.04195096066196755	0.11019592540884356	0.0000636962999650529	NaN	16.60698997747223	455.14300504041324	92.84106008847554	92.9049758828481	92.77714474211798	0.12782985206362282	0.000281240713520674	40.416339549488484	040
DATA	2026-09-28T053000_AIU-1657.ghg	2026-09-28	06:00:00	271.249	0	18000	18000	0.2721049164004729	1	NaN	-14.178910924690191	2	NaN	221.4334524908546	1	NaN	20.0215951922243	1	NaN	5.004007740369309	1	NaN	0.13312556422053926	1	NaN	NaN	NaN	NaN	NaN	NaN	NaN	NaN	NaN	NaN	9.395433256567726e-10	2.6535815115928436e-11	4.875745969954831e-12	NaN	16.70132402556027	422.23327528455934	427.3292907701274	0.1	1	471.7007022786106	11.925266055093088	12.069194409496982	0.4	0	0.08667127005943229	2.081113962433036	2.106231331433959	0.1	0	NaN	NaN	NaN	NaN	9	299.620369740804	291.91029519463666	96944.9615485964	1.151782878229499	1012.012678474299	0.02503422720975175	0.3242597015759312	0.008583979692851039	1156.4045692681875	2158.1692646505358	0.007452775913847744	53.58266324191396	1001.7646953823482	282.26600796527583	-0.867550834648018	0.239924149777921	0.5675697930690438	1.0641163086569814	2.0652497994345638e-14	5.625561926820076e-14	1.0641163086569814	3.352753914943406	356.4589649975454	164.54103500245458	32.233568458443884	NaN	0.4860521686825924	0.7729256739455866	691.2142480356845	0.0028979437355240805	-0.06403237977457717	-0.025026690183869285	0	20.482441601718406	-3.108289534826207	7.030959391007958	17.50808301479633	26.7009312912243	37.44843578763783	56.104580808337076	0.26921651577347827	1.010728913189802	-1.2586243048161483	1.0208209623512512	200.65420403800678	1.103557503579202	18.14277473288673	1.103557503579202	4.534433161969047	1.103557503579202	0.09307043252159534	1.3751121305290788	NaN	NaN	800000009	800000009	800000009	800000019	800001019	800011019	899999999	899999999	89999	89999	89	89	13	1	0	21	0	0	3	NaN	0	0	0	0	0	0	0	0	0	NaN	NaN	NaN	NaN	0	0	0	0	0	0	300	0	18000	18000	0	15	18000	18000	18000	18000	93	NaN	0.7311504605384594	0.6380694416357415	0.17663144571697242	0.03885452988495533	9.065722590252145	0.4107099820235206	8.490609216493657e-7	NaN	-0.0010797905997781438	0.4596735446122792	0.11488644901661803	0.00009307043252159535	NaN	16.70258237314299	471.72271168732857	92.82520354800754	92.8900284608205	92.76037940131293	0.12964665831335725	0.00028055684642620495	39.85619244390062	024
DATA	2026-09-28T060000_AIU-1657.ghg	2026-09-28	06:30:00	271.27	1	18000	18000	0.3444345897884124	1	NaN	33.94512721884057	1	NaN	110.1059015276943	0	NaN	-7.897727614752295	1	NaN	2.4884685285058734	0	NaN	0.084944013181405	0	NaN	NaN	NaN	NaN	NaN	NaN	NaN	NaN	NaN	NaN	5.829068298889399e-10	1.6371523742280673e-11	2.9918306416150387e-12	NaN	16.727692664434716	422.7528910381567	427.8327371692766	0.1	1	469.8140484329971	11.873439523890367	12.016112104272738	0.3	0	0.08585664279574515	2.0625162435107343	2.0872996699096427	0.9	0	NaN	NaN	NaN	NaN	9	299.6809938015408	292.0219791028729	96969.41108757062	1.1516554181883787	1011.9865169306557	0.025037490761583944	0.16125276064718058	0.0085455601730961	1151.6692784649329	2173.283682433085	0.00742024049740396	52.99212835277857	1021.6144039681519	282.2051734525083	-0.6460273728727998	-0.4356188372953001	0.5633744425551552	0.9615122986377223	7.832377043028283e-14	3.484681609008018e-14	0.9615122986377223	5.804368210309264	307.0080548153394	213.99194518466055	35.868389593011415	NaN	0.5468800766151855	1.194344793739596	-411.3213774129155	-0.004869914645815106	0.3082952570921237	0.05325839291199103	0	19.98792845951528	-3.03324525765297	6.861209031712013	17.085380618570593	26.05628346606144	36.54430804681307	54.75003269893629	0.33984346900234863	1.0135095160120087	39.71907686754359	1.0215127794550747	100.62527160444095	1.094217185922457	-7.217696556369	1.094217185922457	2.2741998211333354	1.094217185922457	0.05308459645045293	1.3068558323288453	NaN	NaN	800000009	800000009	800000009	800000019	800001019	800011119	899999999	899999999	89999	89999	89	89	5	1	1	22	8	6	10	NaN	0	0	0	0	0	0	0	0	0	NaN	NaN	NaN	NaN	0	0	0	0	0	0	300	150	18000	18000	0	25	18000	18000	18000	18000	93	NaN	0.6801860051362918	1.4708078938045088	0.2376956885383912	0.04429199111857505	6.903199876338715	0.24841698061088804	2.8435395113663506e-7	NaN	0.03408017881783025	-0.18288506812129296	0.05762464325857408	0.00005308459645045293	NaN	16.72894430088994	469.8394327334868	92.82689106241862	92.88918262905544	92.76459432432387	0.12458572818069827	0.0002813109300283638	36.04259171998133	051
DATA	2026-09-28T063000_AIU-1657.ghg	2026-09-28	07:00:00	271.291	1	18000	18000	0.355519738617809	1	NaN	28.9351349488163	0	NaN	313.45832583873255	0	NaN	2.4672197413945134	0	NaN	7.084462910074794	0	NaN	0.1084684007911057	0	NaN	NaN	NaN	NaN	NaN	NaN	NaN	NaN	NaN	NaN	1.1323844199090619e-10	3.207461485204792e-12	5.865614450624423e-13	NaN	16.655012778869946	421.05241923659133	426.13460499652956	0.2	0	471.7506801101078	11.926245135570857	12.070197267011938	0.4	0	0.0862709534973285	2.0726121773288915	2.097629015167262	0	1	NaN	NaN	NaN	NaN	9	299.76857201300726	292.0352565528309	96988.58435403425	1.1518076557547006	1012.0161606642869	0.025033679367021756	0.4590731965728466	0.008584872318383754	1157.0199074723068	2175.0866979581388	0.007453390568721889	53.19419720411414	1018.0667904858319	282.2738971184873	-2.2000055254448636	-0.6962844192108119	1.4933741607541267	2.7486365144252476	7.74230614885238e-14	6.799060648849859e-15	2.7486365144252476	7.366229680032004	323.4378308550795	197.56216914492055	32.909559717189175	NaN	0.55557395564344	2.0087889288814225	-505.9969000952537	-0.003958719904455773	0.09230935203712788	0.04468031487674899	0	17.346864512625352	-2.6324536144225044	5.95461724345175	14.827838879715829	22.613389871983216	31.715600827755008	47.515749379127364	0.3509421433209013	1.0130437320909673	45.92383508479878	1.0281494399567386	279.41097757599766	1.1218540107411288	2.199234229919629	1.1218540107411288	6.314959738294821	1.1218540107411288	0.06198244269884692	1.3096464239321228	NaN	NaN	800000009	800000009	800000009	800000019	800000019	800000119	899999999	899999999	89999	89999	89	89	33	9	5	37	12	3	13	NaN	0	0	0	0	0	0	0	0	0	NaN	NaN	NaN	NaN	0	0	0	0	0	0	300	0	18000	18000	0	25	18000	18000	18000	18000	93	NaN	0.6936899203258488	2.974274708515933	0.3496132289210636	0.032862191925101564	0.1063078342889866	0.3073036158260531	2.880411527821553e-7	NaN	0.03939768832241482	0.05571962876839378	0.159995332701783	0.00006198244269884692	NaN	16.656316867834512	471.77564296989533	92.81824899101257	92.88272171550327	92.75377749676174	0.12894094439678733	0.00028145686775840465	38.22287952264626	050
DATA	2026-09-28T070000_AIU-1657.ghg	2026-09-28	07:30:00	271.312	1	18000	18000	0.7373158331809926	1	NaN	16.794527723019222	0	NaN	272.35375942127683	0	NaN	2.5543497405085644	0	NaN	6.154861450330078	0	NaN	0.1676871091918367	1	NaN	NaN	NaN	NaN	NaN	NaN	NaN	NaN	NaN	NaN	4.0620181009190814e-10	1.1533434985540631e-11	2.0993809539673695e-12	NaN	16.68766569958313	421.5904033834549	426.6981374911318	0.1	0	473.81893094723193	11.970368883513228	12.115394626360093	0.4	0	0.08624719699784834	2.0710980822465483	2.0961902528228626	0.1	0	NaN	NaN	NaN	NaN	9	299.6624669435289	291.9345476208703	97014.4601507327	1.1524930790082746	1012.0383570274557	0.025018371747354252	0.398835021981389	0.00862190605987761	1161.6103811690348	2161.4435484470555	0.007481091398220629	53.74234187164516	999.8331672780207	282.33263443202105	-1.57058438167954	-1.6662747610567672	1.2117049893185257	2.5906439084617308	1.9325249463786468e-13	2.4341439803774074e-14	2.5906439084617308	7.457880568851365	294.30667376114116	226.69332623885887	27.88662400917413	NaN	0.7998482833013085	1.5125641012503535	-2601.882931204364	-0.0007698655369835573	0.0616643873714313	0.01800217087386338	0	21.083280637489136	-3.1994691765562506	7.237207988864668	18.021671185648067	27.484185657239617	38.54696117280864	57.750372012857056	0.7280245880564012	1.0127622683038715	31.80082398354585	1.0272731242435609	243.40351764639442	1.1189392908320248	2.28283139347908	1.1189392908320248	5.500621437427069	1.1189392908320248	0.11452357270234312	1.30872987742925	NaN	NaN	800000009	800000009	800000009	800000019	800000019	800100119	899999999	899999999	89999	89999	89	89	20	6	0	22	10	3	10	NaN	0	0	0	0	0	0	0	0	0	NaN	NaN	NaN	NaN	0	0	0	0	0	0	300	0	18000	18000	0	15	18000	18000	18000	18000	93	NaN	0.7725269633646527	1.807635752754403	0.44496548638165123	0.025190290015775628	0.06948774444513646	0.2146449571368018	1.86226680156956e-7	NaN	0.027264847575031385	0.05780485548909333	0.13928432393165022	0.00011452357270234312	NaN	16.688956680480118	473.8464768734688	92.81654840426975	92.87806325806511	92.7550345908271	0.12302214587935124	0.0002811234151239558	37.2058975517891	220
DATA	2026-09-28T073000_AIU-1657.ghg	2026-09-28	08:00:00	271.333	1	18000	18000	0.20426749238315928	1	NaN	28.68211529959766	0	NaN	183.77936239875993	0	NaN	0.30747464069503433	2	NaN	4.152946118279431	0	NaN	0.046992230294097125	0	NaN	NaN	NaN	NaN	NaN	NaN	NaN	NaN	NaN	NaN	2.0304175856607136e-10	5.868467569032324e-12	1.0486476379165648e-12	NaN	16.700924996002378	421.752838457123	426.95737274658256	0.2	0	482.70285582651917	12.189821798788042	12.340247213270803	0.4	0	0.08625509191687099	2.0708575511474008	2.0964124452720285	0.1	0	NaN	NaN	NaN	NaN	9	299.59151294284396	291.87406498106185	97052.52959480933	1.1530881158791635	1012.1589238129756	0.025003376896858675	0.2691109084645071	0.008785237029538614	1183.3703823368992	2153.2859694669146	0.0076188774375151504	54.9564897146413	969.9155871300154	282.6083110547244	-1.6118066967544111	0.0492138990037653	1.0501768938167426	1.9243737536828796	-6.901495958124536e-14	1.2157515743270058e-14	1.9243737536828796	5.273868986767274	342.7488901926694	178.25110980733055	33.07415142785025	NaN	0.4208897802552159	1.472366228722694	-222.0566839463225	-0.009020669697491325	0.156068205511367	0.0583890745693804	0	15.768383078104996	-2.3929129669136913	5.412775646567055	13.47857669065246	20.5556799003329	28.829633334619096	43.19204418227831	0.20185180806161374	1.0119676129966009	38.61480872747232	1.023939494085188	165.99227358715805	1.1071561249642283	0.27771570220502434	1.1071561249642283	3.7510031554164147	1.1071561249642283	0.020158597508267886	1.305834092972856	NaN	NaN	800000009	800000009	800000009	800000019	800000019	800000119	899999999	899999999	89999	89999	89	89	26	6	4	14	3	1	6	NaN	0	0	0	0	0	0	0	0	0	NaN	NaN	NaN	NaN	0	0	0	0	0	0	300	150	18000	18000	0	15	18000	18000	18000	18000	93	NaN	0.5193477650112198	2.170686758365788	0.2546979340683802	0.02967778702018101	0.10614274648814938	0.2607733895514987	1.3251001837370292e-7	NaN	0.033085879471880776	0.00702954222458422	0.09494542388561886	0.000020158597508267885	NaN	16.70221815247543	482.7302045107788	92.80308370802138	92.86490294477674	92.74126338831584	0.12363952369739616	0.00028067071755584846	37.80127252286452	086
DATA	2026-09-28T080000_AIU-1657.ghg	2026-09-28	08:30:00	271.354	1	18000	18000	0.2800266829925655	1	NaN	23.44079176500428	0	NaN	181.6063156223576	0	NaN	1.3997962315101689	0	NaN	4.103949445133447	0	NaN	0.05190604303694756	0	NaN	NaN	NaN	NaN	NaN	NaN	NaN	NaN	NaN	NaN	-8.644395245933117e-11	-2.4916079404322973e-12	-4.47989503224196e-13	NaN	16.694408230325486	421.54256074079257	426.72742118034273	0.2	0	481.1894750771222	12.150286534689174	12.29973180036342	0.5	0	0.0865175577579474	2.0773345177688105	2.102885175197004	-0.1	0	NaN	NaN	NaN	NaN	9	299.4949312642415	291.90149910274874	97085.70198843573	1.1533911525581353	1012.1376189849306	0.02499718304379493	0.26593592404464733	0.008758913623304231	1179.935517916568	2156.982791348464	0.007594053070268153	54.70305663305347	977.0472734318962	282.56509339967596	-1.334893797239339	-0.33635170800603637	0.8831554108756675	1.6355541572035328	2.981915926852175e-14	-5.178018367988944e-15	1.6355541572035328	7.655068508259435	326.8576325729124	194.14236742708763	32.68181442453285	NaN	0.4927327172265751	1.6261775729331283	-436.04886353048283	-0.004593751222699768	0.12907476088963987	0.040751602742387365	0	17.87896623650428	-2.7132021038827205	6.1372705464722355	15.28267143020663	23.307038209691218	32.68845248414638	48.973258437184	0.27672599495721023	1.0119276399597574	33.41802283032859	1.0227761519937832	164.71970791178626	1.102517227140876	1.26963660707617	1.102517227140876	3.7223449612448154	1.102517227140876	0.02550647343443749	1.3052452665689542	NaN	NaN	800000009	800000009	800000009	800000019	800000019	810111119	899999999	899999999	89999	89999	89	89	27	6	9	27	17	7	4	NaN	0	0	0	0	0	0	0	0	0	NaN	NaN	NaN	NaN	0	0	0	0	0	0	300	0	18000	18000	0	15	18000	18000	18000	18000	93	NaN	0.4922380735083518	2.505126950664303	0.25499012169360147	0.02733018728468228	0.0480034513407095	0.20308401259559844	1.5881619917222342e-7	NaN	0.028626257182990004	0.03212780541823336	0.09419291626272411	0.00002550647343443749	NaN	16.69569016705686	481.2170644189361	92.79884760369195	92.86427450731065	92.73342117055257	0.13085035854660798	0.0002810685579283422	39.9429781899159	220
DATA	2026-09-28T083000_AIU-1657.ghg	2026-09-28	09:00:00	271.374	1	18000	18000	0.09628515317633951	1	NaN	18.139595009966943	0	NaN	122.65448035299579	0	NaN	0.7800681735242573	0	NaN	2.771096119347532	0	NaN	0.039200066863519685	0	NaN	NaN	NaN	NaN	NaN	NaN	NaN	NaN	NaN	NaN	4.7176223335129637e-11	1.3719635276894866e-12	2.448312458639402e-13	NaN	16.712661259598953	421.6306588392595	426.8647571855789	0.2	0	486.03215937645155	12.261725190969303	12.413941530553714	0.1	1	0.0867339814131049	2.0802704654938	2.106094821420178	0.6	0	NaN	NaN	NaN	NaN	9	299.2803219952053	291.6560116835772	97116.90890448446	1.1546841354652797	1012.1939791223461	0.024968134884957117	0.17956702853372006	0.008849531322430585	1191.140273469892	2124.0994911912503	0.0076640278069332515	56.077423793452795	932.9592177213583	282.7056658502785	-1.7480143256622434	-0.294619071940486	1.127158729083826	2.100676386505394	3.170003022287709e-14	2.822783433609885e-15	2.100676386505394	4.682009871303367	331.4329979671945	189.56700203280545	32.45040894363433	NaN	0.2887673340123946	0.7371256020241206	-113.44759487903447	-0.017656610544594102	0.14789182553920371	0.05374679536510994	0	13.974128041644514	-2.12062784285058	4.796865954560085	11.94487447199553	18.216687246085804	25.549162879675922	38.27730166079018	0.09513399022337982	1.012100438027005	24.74739917525499	1.0247496129860942	110.48377782916636	1.1101582762914586	0.7026639265619994	1.1101582762914586	2.4961270645159916	1.1101582762914586	0.019895771136393074	1.306419912969203	NaN	NaN	800000009	800000009	800000009	800000019	800000019	800010119	899999999	899999999	89999	89999	89	89	18	9	2	60	46	12	7	NaN	0	0	0	0	0	0	0	0	0	NaN	NaN	NaN	NaN	0	0	0	0	0	0	300	0	18000	18000	0	25	18000	18000	18000	18000	93	NaN	0.21155839721905137	1.10053386659408	0.1621589402351097	0.02566402683995892	0.024659352212409044	0.19063764157000052	6.273101197082931e-8	NaN	0.021173985675520344	0.017762059611778017	0.06309752933444991	0.000019895771136393075	NaN	16.713902622814	486.058867707955	92.79277897855971	92.854176229265	92.73137802950541	0.12279432542953218	0.00028048056799485064	38.61755457979729	027
DATA	2026-09-28T090000_AIU-1657.ghg	2026-09-28	09:30:00	271.395	1	18000	18000	0.5422110603153117	1	NaN	25.55164771285992	0	NaN	181.63765879656967	0	NaN	1.1916320971997176	0	NaN	4.103611340931026	0	NaN	0.06841517102542059	0	NaN	NaN	NaN	NaN	NaN	NaN	NaN	NaN	NaN	NaN	1.4899227627003628e-10	4.40974087945415e-12	7.741882601963206e-13	NaN	16.71385844268354	421.4285377064509	426.75143698982623	0.1	1	494.6819168970171	12.47306704090178	12.63060947970965	0.5	0	0.08684794482538585	2.082966831994935	2.1092759726090513	0.3	0	NaN	NaN	NaN	NaN	9	299.21062136416964	291.6372844579664	97149.19020700917	1.1550493771360841	1012.3111437292283	0.024958235656076484	0.2659140148923305	0.009005631448688267	1212.0734010921528	2121.609083494945	0.007796750188305806	57.12991193907851	909.5356824027922	282.96519501968373	-1.5887397526738405	-1.1282568939513324	1.0892983206473958	2.232404186485963	6.214133264954898e-14	8.914295689470635e-15	2.232404186485963	8.646316771474542	305.61921434986266	215.38078565013737	29.205832758438266	NaN	0.685147237544354	1.4095922729394221	-1076.043837522835	-0.0018615412589614794	0.14067373408218847	0.031894840314820344	0	20.739083211589314	-3.1472358892537846	7.119056150766026	17.72745640289347	27.03548954970152	37.917658502125164	56.80756193821253	0.5356541655261257	1.0122409106680723	35.32757405206877	1.0253933491746707	163.2747684752797	1.112466185025215	1.071162533513509	1.112466185025215	3.688751528962666	1.112466185025215	0.038010031427666256	1.3069501493684395	NaN	NaN	800000009	800000009	800000009	800000019	800000019	800011119	899999999	899999999	89999	89999	89	89	21	22	4	75	51	8	7	NaN	0	0	0	0	0	0	0	0	0	NaN	NaN	NaN	NaN	0	0	0	0	0	0	300	150	18000	18000	0	15	18000	18000	18000	18000	93	NaN	0.5875142970139033	1.8914575633159971	0.3402126855489438	0.021434993807429734	0.014752166471952955	0.15326298766141097	1.5657071475680562e-7	NaN	0.030213375446650294	0.027072089501617092	0.09322787944584579	0.00003801003142766626	NaN	16.715144190684153	494.7126474103322	92.77982434442308	92.83981839879354	92.71983193524679	0.11998127295035435	0.0002798840949091957	39.96344403110258	213
DATA	2026-09-28T093000_AIU-1657.ghg	2026-09-28	10:00:00	271.416	1	18000	18000	0.47480777628616366	1	NaN	35.251562853897184	0	NaN	178.66808034940507	0	NaN	1.3293184733332175	0	NaN	4.036679545086296	0	NaN	0.0343838938899997	1	NaN	NaN	NaN	NaN	NaN	NaN	NaN	NaN	NaN	NaN	9.001791755763751e-10	2.7203639080243105e-11	4.684464956317112e-12	NaN	16.704262283994996	421.29160161837194	426.72445996280936	0.1	0	504.80697021741145	12.731537219382588	12.895719552840294	0.4	0	0.08692772884953845	2.085457290958196	2.112350763321819	0.1	0	NaN	NaN	NaN	NaN	9	299.1234801678128	291.6777979032872	97172.31598980403	1.155050422350891	1012.4559673606304	0.024955762215468635	0.2615768345215919	0.009193159585482703	1237.4848109023628	2126.999915741441	0.007959098068439065	58.17982416191088	889.515104839078	283.274991056664	-1.9768151273826537	-0.8221414979301671	1.3012448021550362	2.5053847460227576	-3.127577475398664e-14	5.388919069110115e-14	2.5053847460227576	7.680958569968713	318.41796718051796	202.58203281948198	31.290620731480097	NaN	0.6411482185871161	1.5570988044237175	-639.2744828931189	-0.003133395831685183	0.19730196230327698	0.04701569369314708	0	20.378712052488947	-3.0925481755394744	6.995352393440895	17.419416556260234	26.565709347439384	37.258785088803464	55.82044950260113	0.4688893543090665	1.0126222144365344	44.56684662649111	1.0268110665517285	159.89909218032614	1.117380204685041	1.1896742646411176	1.117380204685041	3.6126284752145987	1.117380204685041	0.008514242528520804	1.3082661247914038	NaN	NaN	800000009	800000009	800000009	800000019	800000019	800110119	899999999	899999999	89999	89999	89	89	27	10	3	62	6	11	7	NaN	0	0	0	0	0	0	0	0	0	NaN	NaN	NaN	NaN	0	0	0	0	0	0	300	0	18000	18000	0	15	18000	18000	18000	18000	93	NaN	0.6506200285506358	2.1523116308572496	0.3112659494395492	0.029125646079497004	0.0304755379348152	0.1714869515759809	2.8279004163788745e-8	NaN	0.038109637567054926	0.030072196045021253	0.09131883825128581	0.000008514242528520804	NaN	16.705529502884758	504.8373401893674	92.75189470905728	92.8164145948622	92.68737324841817	0.12903706661818773	0.00027998601191534867	39.657163034442604	013
DATA	2026-09-28T100000_AIU-1657.ghg	2026-09-28	10:30:00	271.437	1	18000	18000	0.5909428623524362	1	NaN	38.803041267278196	1	NaN	154.8559453255451	1	NaN	2.9485084723731085	1	NaN	3.498929469268515	1	NaN	0.03820483504327263	1	NaN	NaN	NaN	NaN	NaN	NaN	NaN	NaN	NaN	NaN	1.4399567923507017e-9	4.4279325427908123e-11	7.541372365330304e-12	NaN	16.6779612233185	420.94768279673235	426.46802671406857	0.2	0	512.8548831495032	12.944332450595333	13.114085533526847	0.5	0	0.0873461735433462	2.0963401431446482	2.1238317270892133	0.2	0	NaN	NaN	NaN	NaN	9	298.8959639248318	291.749390236375	97188.53529661016	1.1548663477222696	1012.5761441112345	0.024957721844685775	0.22673062960859977	0.009346080391788018	1258.3781673690823	2136.555530428619	0.008092780961382407	58.897517497082625	878.1773630595367	283.5255363130351	-1.9660080008355911	-0.8379251958163785	1.3265087239161182	2.5153392391006313	-3.079116462952932e-13	8.633889796658168e-14	2.5153392391006313	8.351858170150102	317.91598670093595	203.08401329906405	31.827774310158794	NaN	0.7153307302552158	1.9848852245374056	-806.702665652577	-0.00248307100656424	0.2505750824464938	0.04638733957071936	0	21.94569288856713	-3.330343562865095	7.533246207039226	18.75884820675009	28.60842712749538	40.12372582005934	60.11265277857621	0.5835676605549912	1.0126381262978674	46.688970179385386	1.0268645788384925	138.56628376906502	1.117558623305713	2.6383479227706976	1.117558623305713	3.1308688388254398	1.117558623305713	0.011813303737463289	1.3083198134584164	NaN	NaN	800000009	800000009	800000009	800000019	800000019	800000119	899999999	899999999	89999	89999	89	89	29	23	2	38	2	5	7	NaN	0	0	0	0	0	0	0	0	0	NaN	NaN	NaN	NaN	0	0	0	0	0	0	300	0	4	18000	0	15	18000	18000	18000	18000	93	NaN	0.5649722171599906	3.0828418129748423	0.3219564189399783	0.03575179217098556	0.1188590242854932	0.15817280194141903	4.917606073836324e-8	NaN	0.03992591492501614	0.06671091346023748	0.07916435825601713	0.000011813303737463288	NaN	16.67922795470556	512.887000257911	92.727747953203	92.80190425957574	92.65359244537353	0.1483105931120592	0.0002807047623355175	39.84963149436314	242
DATA	2026-09-28T103000_AIU-1657.ghg	2026-09-28	11:00:00	271.458	1	18000	18000	1.1024050989081675	1	NaN	58.65442878761608	1	NaN	271.52339338554435	1	NaN	0.5077981748724	1	NaN	6.135430778703306	1	NaN	0.08293838170299724	1	NaN	NaN	NaN	NaN	NaN	NaN	NaN	NaN	NaN	NaN	2.640269112701286e-11	8.263898603137822e-13	1.3828340225959537e-13	NaN	16.655940031493813	420.5936981074708	426.20440367109427	0.1	0	521.321856541302	13.164353806051349	13.33996583607812	0.4	0	0.0872350490450683	2.0945490367969657	2.1224902493898274	0.1	0	NaN	NaN	NaN	NaN	9	298.902839823405	291.8221750895182	97194.22824284958	1.1545494024761622	1012.7004380002523	0.02496248601956204	0.3975759144599742	0.009503126389882247	1279.8424206130467	2146.308837721621	0.00823102620771436	59.62992828057506	866.4664171085742	283.7791405134618	-2.424548054116275	-2.0675450066576477	1.7293477375853692	3.6254405551278412	2.938413023394975e-14	1.5851816875594799e-15	3.6254405551278412	8.556135138139295	300.5439543567079	220.45604564329219	28.48987633272652	NaN	0.977156997117878	2.5028475390075	-1360.4606902594244	-0.0014723688926418237	0.21601979872257587	0.051338472747844234	0	23.243468383654385	-3.5272860010944895	7.978730538547741	19.868167180746326	30.300208556661136	42.49647332934395	63.667460918690416	1.0861256043030603	1.014988592977286	72.05731964515275	1.0333390802514772	238.5112997553947	1.1384089293211903	0.44605955012597237	1.1384089293211903	5.389478789806872	1.1384089293211903	0.03565353220843729	1.3158023296778811	NaN	NaN	800000009	800000009	800000009	800000019	800000019	800000119	899999999	899999999	89999	89999	89	89	16	2	0	31	4	3	9	NaN	0	0	0	0	0	0	0	0	0	NaN	NaN	NaN	NaN	0	0	0	0	0	0	300	150	0	18000	0	15	18000	18000	18000	18000	93	NaN	1.2018116022925314	3.2834887044996384	0.5203947712228301	0.04898885503847196	0.14764700951264348	0.20019418862330912	8.824315485512586e-8	NaN	0.061628923919325035	0.01128333291419449	0.13632996626169566	0.00003565353220843729	NaN	16.657187934424904	521.352441956028	92.7022873617808	92.78310786247253	92.62146413591174	0.16163759577522774	0.00028091692513650444	35.60541571670632	240
DATA	2026-09-28T110000_AIU-1657.ghg	2026-09-28	11:30:00	271.479	1	18000	18000	0.27365722117376917	1	NaN	32.22266617028528	0	NaN	182.13357972628447	0	NaN	0.27943705312762895	2	NaN	4.1172093944738295	0	NaN	0.03307349683867709	2	NaN	NaN	NaN	NaN	NaN	NaN	NaN	NaN	NaN	NaN	5.213610547367716e-10	1.6481145868873055e-11	2.735273104014974e-12	NaN	16.60983706658607	420.27972078411955	425.9386505294818	0.2	0	525.0663528959445	13.285785965485108	13.464674752339562	0.5	0	0.08714199148082148	2.09637547522084	2.1246024891534696	0.2	0	NaN	NaN	NaN	NaN	9	298.8901242624919	292.23993980450825	97197.54091035487	1.1528850334046985	1012.7775953618786	0.02499736965336987	0.2667951687619041	0.009577402363523509	1291.6921147271455	2203.0479432045813	0.008307335151397999	58.63204741918752	911.3558284774358	283.9175463290823	-1.8850268827521695	-0.49268964051440167	1.2844652291372192	2.333649578542305	-2.0305184128424054e-13	3.138869169196073e-14	2.333649578542305	7.092105573223292	326.35227876199167	194.6477212380083	33.395179477230144	NaN	0.4872035629823424	1.7840626891528655	-306.96388161730255	-0.006525523424600491	0.17691776672215206	0.056643610752827755	0	17.84835257192792	-2.708556362174984	6.1267618660799394	15.256503330171864	23.2671302060303	32.63248094157326	48.889402867059026	0.27031362251694735	1.0123693309485806	41.865627470115285	1.0259071264101245	163.45571918123488	1.1142686266262734	0.2507806882920992	1.1142686266262734	3.6949881707965777	1.1142686266262734	0.007968482211593226	1.3074063195107832	NaN	NaN	800000009	800000009	800000009	800000019	800000019	800000119	899999999	899999999	89999	89999	89	89	34	3	4	16	3	4	7	NaN	0	0	0	0	0	0	0	0	0	NaN	NaN	NaN	NaN	0	0	0	0	0	0	300	0	0	18000	0	15	18000	18000	18000	18000	93	NaN	0.3783752865829246	2.9393801795185577	0.25036991220424853	0.043016130179887986	0.18852813173391222	0.1950872743385423	1.3017272160781804e-7	NaN	0.03585564324416509	0.006353288641906077	0.09360898774691971	0.000007968482211593225	NaN	16.61114800702903	525.0928179105736	92.66750179100038	92.76784447458056	92.56715739674037	0.20068579387417004	0.00028096494479137223	38.58432723774302	009
DATA	2026-09-28T113000_AIU-1657.ghg	2026-09-28	12:00:00	271.499	1	18000	18000	0.24085955782791482	1	NaN	73.9902533920929	0	NaN	236.1900121956876	0	NaN	-0.09114859507828862	2	NaN	5.342063973390209	0	NaN	0.08052564132988926	0	NaN	NaN	NaN	NaN	NaN	NaN	NaN	NaN	NaN	NaN	-1.45458935566108e-10	-4.6418659433514364e-12	-7.634606354730153e-13	NaN	16.54512408910833	420.05121908746554	425.7583470382957	0.1	1	527.9857695840991	13.404617878969743	13.586742976793436	0.4	0	0.08683929180349163	2.0945062625224438	2.1229637807746204	1	0	NaN	NaN	NaN	NaN	9	299.12237056477875	292.79938233628786	97190.49550052967	1.1505468827452547	1012.8566580265191	0.02504703831590848	0.3461657454756855	0.009643903413694956	1303.1509163509834	2281.0838578168255	0.008382016898506721	57.12858437384236	977.9329414658421	284.0503271264204	-2.1657565441299464	-0.6529855812595211	1.3926267072287388	2.6563698393599573	4.446941051677112e-14	-8.791649720044333e-15	2.6563698393599573	6.314616247223999	324.22169884997436	196.77830115002564	31.618395973199092	NaN	0.4575407527184024	1.1601219848548083	-110.7194771129441	-0.018091667809780682	0.31326580114145836	0.13876898921963393	0	15.839536869207462	-2.4037108292265734	5.437200440519145	13.539397881097594	20.648436053348256	28.95972515809214	43.38694543967493	0.23779765987443524	1.012876064277068	85.64533909543594	1.027634686340359	210.8557567056294	1.1201496980014953	-0.08137179810958352	1.1201496980014953	4.769062548444375	1.1201496980014953	0.03179709416664351	1.3091018102544392	NaN	NaN	800000009	800000009	800000009	800000019	800000019	800000119	899999999	899999999	89999	89999	89	89	30	10	2	10	0	12	6	NaN	0	0	0	0	0	0	0	0	0	NaN	NaN	NaN	NaN	0	0	0	0	0	0	300	0	0	18000	0	15	18000	18000	18000	18000	93	NaN	0.4929053630205814	1.5297201000340441	0.29761850665499123	0.20280721117023062	0.13092025023841525	0.22497689708090018	6.318689102886664e-8	NaN	0.0734939222918747	-0.002065821521146871	0.12107428221020983	0.00003179709416664351	NaN	16.546362492275062	528.0182285550499	92.61617965147231	92.75314712778727	92.47921095275879	0.27393567463259283	0.00028213323459365505	37.584753490801226	254
DATA	2026-09-28T120000_AIU-1657.ghg	2026-09-28	12:30:00	271.52	1	18000	18000	1.1630792806115122	1	NaN	32.14850275914629	1	NaN	374.8131033806642	1	NaN	1.0875089995940816	1	NaN	8.478269330985652	1	NaN	0.06110531942559599	1	NaN	NaN	NaN	NaN	NaN	NaN	NaN	NaN	NaN	NaN	4.5313511858615495e-10	1.4470984168712367e-11	2.379009041175269e-12	NaN	16.54241378958005	419.67768274308435	425.378827811228	0.1	1	528.2861518396915	13.402512526255176	13.58458003027485	0.4	0	0.08684948562597641	2.0957632358019644	2.1242332992032242	-0.1	0	NaN	NaN	NaN	NaN	9	299.36396025594075	292.9063783841753	97191.14438140007	1.150135197353195	1012.8579581061929	0.02505602383206503	0.5493918526478703	0.009638930800827984	1302.9549401570027	2296.281095358738	0.008380693698453926	56.741961721957544	993.3261552017354	284.0480648757902	-1.6732937948591242	-2.0071759018661113	1.2722022573859073	2.906400834132089	-6.003892768594958e-14	2.739232160131199e-14	2.906400834132089	8.224890731911607	290.8164725905947	230.18352740940534	25.958772142202555	NaN	1.0056114565139942	2.132796646566928	-2705.4658403002386	-0.0007403900541496788	0.08577208872683388	0.027443095696113622	0	23.114920718520196	-3.5077783969703105	7.934604284903666	19.75828657001197	30.132633692241296	42.261447199303646	63.31534894852183	1.1477564644892342	1.0133502329077249	52.469417600648875	1.029047065033428	333.2259951582774	1.12480151256697	0.9668452499785664	1.12480151256697	7.5375692833457695	1.12480151256697	0.019738068485533562	1.3106291678910555	NaN	NaN	800000009	800000009	800000009	800000019	800000019	800000119	899999999	899999999	89999	89999	89	89	6	0	0	32	14	14	9	NaN	0	0	0	0	0	0	0	0	0	NaN	NaN	NaN	NaN	0	0	0	0	0	0	300	150	0	18000	0	15	18000	18000	18000	18000	93	NaN	1.3937207419909385	2.313034498232553	0.5588380529103641	0.04120316280600819	0.16879770125434534	0.23863565108001655	7.900271936258902e-8	NaN	0.04504108094469538	0.024554477594277858	0.19142781752026367	0.000019738068485533562	NaN	16.54365269672447	528.3116222041594	92.6231643608941	92.7497059349484	92.4966258299086	0.2530752445566994	0.0002818663403013489	39.21079594451411	004
DATA	2026-09-28T123000_AIU-1657.ghg	2026-09-28	13:00:00	271.541	1	18000	18000	0.46714692081541465	1	NaN	6.198177217869205	1	NaN	169.18864482078035	1	NaN	1.4554179232036353	1	NaN	3.8283393125775307	1	NaN	0.05901865357858567	1	NaN	NaN	NaN	NaN	NaN	NaN	NaN	NaN	NaN	NaN	-1.0516784014242956e-10	-3.39231210877699e-12	-5.541942822555807e-13	NaN	16.5104352164922	419.7256777742412	425.48622701634196	0.1	0	532.5634645556261	13.538744326686466	13.724557603071329	0.5	0	0.08700367699991998	2.102936998437971	2.1317988784086634	0.1	0	NaN	NaN	NaN	NaN	9	299.5409580976699	293.25614445334907	97185.72138881532	1.1486398607567754	1012.9420436256195	0.02508734359475298	0.24807638745502397	0.009724751288455718	1316.1255761682512	2346.5803868927374	0.008466318835608418	56.08695885807775	1030.4548107244862	284.1994377443224	-2.03514667810606	-0.9468789245528725	1.3309295467728934	2.609554589894899	7.275696362532111e-14	-6.369780006609267e-15	2.609554589894899	6.615114314740853	316.0491727776284	204.95082722237152	30.665277185269748	NaN	0.637726998720011	1.546704678148703	-3578.8941540757346	-0.0005596980278723302	0.03663471165239762	0.008353350509248713	0	22.080648833908917	-3.3508236482340807	7.579572215906918	18.874206519022106	28.784355832382346	40.37046833013528	60.48231802104216	0.4612455679221729	1.012794383954357	15.638056611862865	1.027376702506164	151.1577837616152	1.119285031908121	1.3003103603757533	1.119285031908121	3.4203435259480788	1.119285031908121	0.03597584185568091	1.3088349219342363	NaN	NaN	800000009	800000009	800000009	800000019	800000019	800000119	899999999	899999999	89999	89999	89	89	24	7	1	28	0	10	8	NaN	0	0	0	0	0	0	0	0	0	NaN	NaN	NaN	NaN	0	0	0	0	0	0	300	0	0	18000	0	20	18000	18000	18000	18000	93	NaN	0.6709082664364757	2.170503378544331	0.2519977113165994	0.07501845241933831	0.19760104156668412	0.21901280629822964	1.0915196902679174e-7	NaN	0.013440465181328612	0.03306916789459658	0.08698532116908493	0.00003597584185568091	NaN	16.51166879408187	532.5913051799195	92.58981655565897	92.73461818737454	92.44501834318373	0.28960050244049856	0.00028282031832431036	40.09145800791846	026
DATA	2026-09-28T130000_AIU-1657.ghg	2026-09-28	13:30:00	271.562	1	18000	18000	1.033046907889739	1	NaN	-8.393358935225795	2	NaN	228.66009498687106	1	NaN	0.7614872154952903	2	NaN	5.174737846078524	1	NaN	0.05757504012985597	1	NaN	NaN	NaN	NaN	NaN	NaN	NaN	NaN	NaN	NaN	-1.8444389720085975e-10	-5.994293702268291e-12	-9.707923632641157e-13	NaN	16.50461040548501	419.60258553990985	425.4037231872582	0.1	0	536.3879407961747	13.636781558667092	13.825314350444003	0.3	0	0.0868695033202737	2.1011501689669134	2.1301992305503696	0	0	NaN	NaN	NaN	NaN	9	299.7658469111125	293.3961492040602	97160.7466902807	1.1477539408106405	1012.9999566063536	0.025105772316245147	0.33532301242588836	0.00978798042148093	1325.3152851539505	2366.9828289453844	0.008527943205812766	55.991757479053966	1041.667543791434	284.3042689662061	-2.117223667718702	-1.3798651432294209	1.4042380776849888	2.8911154337847105	5.1122183218501564e-14	-1.1175295427728676e-14	2.8911154337847105	7.560975708863919	307.90637394291343	213.09362605708654	29.058873198451284	NaN	0.9487146888369681	2.7820752018270674	8699.783838366306	0.00023024710006773607	-0.03670670623882893	-0.007609251729025503	0	25.206563009330576	-3.825193184208389	8.652597397891176	21.54619094083144	32.85930066772831	46.08563640199854	69.04468123267007	1.0194680927649218	1.0133195096748835	4.70557848404375	1.0289591818200217	203.3417334098115	1.1245113885501967	0.677171634941871	1.1245113885501967	4.601765619066053	1.1245113885501967	0.035375065393697926	1.3105337524785892	NaN	NaN	800000009	800000009	800000009	800000019	800000019	800000119	899999999	899999999	89999	89999	89	89	8	4	1	9	0	5	9	NaN	0	0	0	0	0	0	0	0	0	NaN	NaN	NaN	NaN	0	0	0	0	0	0	300	0	0	18000	0	20	18000	18000	18000	18000	93	NaN	0.8726748447658894	4.290937549538357	0.40053800934988926	0.08239972216147769	0.14342573749604678	0.16800835594570596	6.649336091959258e-8	NaN	0.004047201264004817	0.017236023825757774	0.11712856498719712	0.00003537506539369792	NaN	16.505872530184543	536.4210677162017	92.58930929141573	92.73229702568054	92.44632261678908	0.2859693850701067	0.00028263040317849826	39.38855429126599	122
DATA	2026-09-28T133000_AIU-1657.ghg	2026-09-28	14:00:00	271.583	1	18000	18000	0.6199861738119148	1	NaN	-18.82073616745754	2	NaN	173.50617559169334	1	NaN	0.6888692998637934	1	NaN	3.928351319117572	1	NaN	0.06155839978444383	1	NaN	NaN	NaN	NaN	NaN	NaN	NaN	NaN	NaN	NaN	2.805355885353823e-10	9.218795520229435e-12	1.4786476536052322e-12	NaN	16.45524416496023	419.597069450931	425.4635964255908	0.1	0	540.7425559951165	13.788552120430065	13.981334479615407	0.3	0	0.08673234045295057	2.1024798895501076	2.1318753641225725	0	0	NaN	NaN	NaN	NaN	9	300.0299734895495	293.8663511131847	97131.51329118115	1.1455066092412376	1013.0956388288645	0.02515357539865327	0.2545571654788187	0.009878107168839974	1339.6621873859356	2436.644257403989	0.008623352400719058	54.97980196802374	1096.9820700180533	284.46665813794004	-2.3874220092414795	-0.8247941338934524	1.558333155386139	2.967906911729418	-1.391822951280616e-13	1.7048400237825355e-14	2.967906911729418	8.488813408373492	321.9412588793972	199.0587411206028	31.67237216382889	NaN	0.7356855105144483	2.8335080256155334	1808.8395207072874	0.0011073950878830606	-0.10847300450992471	-0.022044302351853916	0	21.629753418107928	-3.2823985293206333	7.424794410617219	18.488787899292095	28.196568118840414	39.54608770433396	59.24724562177346	0.6118366573913989	1.013319758340832	-8.693028782009176	1.0303549261468563	151.9687373086937	1.141722821840986	0.6033594903122081	1.141722821840986	3.440722427518134	1.141722821840986	0.041721453741499194	1.3892829524947174	NaN	NaN	800000009	800000009	800000009	800000019	800000019	800000119	899999999	899999999	89999	89999	89	89	20	1	7	4	0	8	8	NaN	0	0	0	0	0	0	0	0	0	NaN	NaN	NaN	NaN	0	0	0	0	0	0	300	150	0	18000	0	15	18000	18000	18000	18000	93	NaN	1.0561531489953344	4.257751248753857	0.3531116534818748	0.22623720282539309	0.10131420132579527	0.20901066053017192	1.1277366518349654e-7	NaN	-0.00749071152818265	0.015388895943737801	0.08775683528399146	0.000041721453741499196	NaN	16.456475355842525	540.7682481721126	92.54815750206842	92.71589842732747	92.38041331672669	0.335482834968301	0.0002839404927039545	35.701585274625906	115
DATA	2026-09-28T140000_AIU-1657.ghg	2026-09-28	14:30:00	271.604	1	18000	18000	2.1291085942389323	1	NaN	17.919805193652074	1	NaN	373.8521951831892	1	NaN	-0.7271979159737502	2	NaN	8.466384037478651	1	NaN	0.09164708489597466	1	NaN	NaN	NaN	NaN	NaN	NaN	NaN	NaN	NaN	NaN	-9.567638900036374e-10	-3.162689100055293e-11	-5.0012942697850225e-12	NaN	16.419747583043364	418.93323471728684	424.81621820549543	0.1	1	542.7729583978452	13.848302480209941	14.042771020968644	0.3	0	0.08583098751571722	2.0830236529936794	2.1122750771839316	0	0	NaN	NaN	NaN	NaN	9	300.4570671971639	294.11075460660254	97104.9005442267	1.1442151225725135	1013.1347380719734	0.02518139455470225	0.5486216856286166	0.009909952144508056	1345.0987467898333	2473.556424340967	0.008660916945606986	54.379141448055286	1128.4576775511339	284.5277934658199	-1.9876443339352987	-2.0352345043495146	1.4316099445206119	3.1847160814064424	-3.3691935137756285e-13	-5.826909854519843e-14	3.1847160814064424	8.797506600490465	295.3222294695838	225.67777053041613	26.713221551482214	NaN	1.3640964064525565	4.034504550527128	-12108.319535047749	-0.00016543170951195918	0.04793286069878844	0.011332176481692748	0	24.96495558096214	-3.7885283248260544	8.569661386137486	21.339668544960862	32.54434098324549	45.64390096620398	68.38288105511437	2.099831086975853	1.0139427916105597	38.515829829020134	1.0306752007322117	330.82834853503675	1.130048851129806	-0.643510159093307	1.130048851129806	7.492051364871604	1.130048851129806	0.047731190309373214	1.3125094271838875	NaN	NaN	800000009	800000009	800000009	800000019	800000019	800000119	899999999	899999999	89999	89999	89	89	26	7	1	8	2	11	4	NaN	0	0	0	0	0	0	0	0	0	NaN	NaN	NaN	NaN	0	0	0	0	0	0	300	0	0	18000	0	20	18000	18000	18000	18000	93	NaN	2.2812769099235037	4.939490328774638	0.8482418623561152	0.1332469473618792	0.1677991673621488	0.20174064461750163	1.9955836309888259e-7	NaN	0.03322495254530477	-0.01643210096024773	0.19131033548932894	0.000047731190309373215	NaN	16.421019786529733	542.8030780873403	92.54458884239196	92.71271584913465	92.37645874362522	0.3362583102774284	0.0002833435309245639	35.38479415098827	167
DATA	2026-09-28T143000_AIU-1657.ghg	2026-09-28	15:00:00	271.624	1	18000	18000	0.597404050855206	1	NaN	18.400462774244545	0	NaN	257.05496265414155	0	NaN	1.2323697010259447	1	NaN	5.8209008489735865	0	NaN	0.16405912855980959	0	NaN	NaN	NaN	NaN	NaN	NaN	NaN	NaN	NaN	NaN	-8.752869687941022e-10	-2.943251908674234e-11	-4.587323695922144e-12	NaN	16.38849574816317	417.65954333102087	423.6088229004057	0.1	0	551.0817950087346	14.044276813336229	14.244328100195355	0.4	0	0.08589107066182428	2.0839123254897642	2.1135962563860815	0	0	NaN	NaN	NaN	NaN	9	300.66041981252033	294.03023395947815	97093.40759048375	1.1443077556661518	1013.2421490016998	0.02517748038517392	0.3771943750134884	0.010051755324235953	1363.9724660112554	2461.3417738146645	0.008784136325620187	55.41580939803123	1097.3693078034091	284.73835774120687	-2.2111551654694432	-1.6329047212795555	1.5863807972892578	3.1736712225067474	-9.343564119326489e-14	-5.340862164803654e-14	3.1736712225067474	8.174387611251447	304.55469174538405	216.44530825461592	29.990519240833372	NaN	0.7225412745719999	1.8955487666393154	-1752.3392327176402	-0.0011431005838369913	0.0715818227520537	0.021963927227131648	0	19.7791782434387	-3.0015666069998606	6.789551837680251	16.90694407357789	25.784156476278085	36.162646074358406	54.17823351628201	0.5892034318169932	1.0139181454067971	32.42334277316171	1.0306096538995078	227.51547307344262	1.1298350797053853	1.0907518479133222	1.1298350797053853	5.151991607918068	1.1298350797053853	0.11113883957207023	1.312432002227129	NaN	NaN	800000009	800000009	800000009	800000019	800001019	800101119	899999999	899999999	89999	89999	89	89	33	6	0	7	18	11	8	NaN	0	0	0	0	0	0	0	0	0	NaN	NaN	NaN	NaN	0	0	0	0	0	0	300	0	0	18000	0	25	18000	18000	18000	18000	93	NaN	1.2395533515434183	2.125591577688857	0.4259526040463555	0.04113016118015597	0.5042609651389914	0.1950263708845069	3.4165067553371525e-7	NaN	0.027964154881097696	0.027853672879267065	0.1315623615015709	0.00011113883957207022	NaN	16.389631471507276	551.1123861536287	92.55513304519653	92.70892575009664	92.40134379916722	0.30757754488123706	0.0002831325269330085	39.49431997793138	146
DATA	2026-09-28T150000_AIU-1657.ghg	2026-09-28	15:30:00	271.645	1	18000	18000	1.2323244932701876	1	NaN	19.924132287044745	1	NaN	424.86438616353996	1	NaN	2.9403073190981885	1	NaN	9.624011365570572	1	NaN	0.2312112098666859	1	NaN	NaN	NaN	NaN	NaN	NaN	NaN	NaN	NaN	NaN	5.319907238238264e-10	1.8221187448137155e-11	2.788758184506309e-12	NaN	16.268943878640947	415.4106572243153	421.4065174251352	-0.1	0	557.226776183618	14.228209467322845	14.433573372630606	0.4	0	0.08528372462723335	2.0725353451100776	2.1024494360810944	0.1	0	NaN	NaN	NaN	NaN	9	300.7680694741143	294.3672958787821	97067.84576227047	1.1426166623222993	1013.3527975760736	0.025212980454207917	0.6236359364889731	0.010169061109606187	1381.4721079426872	2512.826896501734	0.008899801171232865	54.976811568911586	1131.354788559047	284.9313131103533	-1.788577905088713	-1.855729330532513	1.2609758568385736	2.869286040515951	1.5396767857923504e-14	3.2699770052207414e-14	2.869286040515951	8.053839953175665	294.94436509949526	226.05563490050477	26.070308269262824	NaN	1.038513780541168	2.637023065350295	-4804.539085389742	-0.0004169182442684842	0.04689527514169073	0.0165693674475689	0	22.470717695520126	-3.410018102878881	7.713470233487743	19.20763151509304	29.292849989243663	41.083638615243224	61.55077706477482	1.21617853787118	1.0132759746174025	43.54433606301217	1.0288340593437069	377.9577681070247	1.124105447789693	2.6156863885676014	1.124105447789693	8.56148449817949	1.124105447789693	0.15517373684223196	1.310392361817895	NaN	NaN	800000009	800000009	800000009	800000019	800001019	800001119	899999999	899999999	89999	89999	89	89	8	0	3	18	8	8	2	NaN	0	0	0	0	0	0	0	0	0	NaN	NaN	NaN	NaN	0	0	0	0	0	0	300	150	0	18000	0	20	18000	18000	18000	18000	93	NaN	1.5084756332235445	3.1259259018261307	0.639644595650915	0.029985838797492944	0.34046619998320726	0.26000738863751566	2.53935695286393e-7	NaN	0.03760715234198402	0.06690139214398967	0.21897702807600614	0.00015517373684223196	NaN	16.27015574094063	557.2569797835523	92.52447156503466	92.6943395084805	92.35460510762533	0.33973219344019906	0.0002836866852804733	38.95390512465725	063
DATA	2026-09-28T153000_AIU-1657.ghg	2026-09-28	16:00:00	271.666	1	18000	18000	0.6178720151892897	1	NaN	0.9148792843092761	1	NaN	180.91702487554628	1	NaN	2.736713414826001	1	NaN	4.0986311050482005	1	NaN	0.09390499420080038	1	NaN	NaN	NaN	NaN	NaN	NaN	NaN	NaN	NaN	NaN	-7.901644262780554e-10	-2.7473695923331758e-11	-4.144608168278508e-12	NaN	16.1928345921435	413.6490777787695	419.6851619743984	0.1	1	563.0182768628059	14.382410298311015	14.592282492304195	0.1	1	0.08493542898951513	2.0654119275798295	2.095551001890049	0.5	0	NaN	NaN	NaN	NaN	9	301.0079554155138	294.49485392526697	97058.30094008344	1.1419424923806318	1013.4419305139111	0.025226386530773373	0.26559129560712336	0.010273807455538811	1396.3067510414144	2532.5551692737413	0.00899678182052827	55.13430735812291	1136.248418232327	285.093206020067	-1.999296535901559	-0.8230575602589159	1.2875046587539556	2.516401921847979	7.928953384945046e-14	-4.879716530059723e-14	2.516401921847979	9.80702187440256	318.6243293634319	202.3756706365681	30.773469846521788	NaN	0.7355753141703948	2.473255125605842	-37178.703833476335	-0.00005387761792266611	0.005056899896174095	0.0010747155814163417	0	23.366216374652527	-3.5459134822932383	8.020865951738099	19.973090317259246	30.460222960095457	42.72089580535238	64.0036866828805	0.6101596990871633	1.0126398320204768	11.224115727480552	1.0268702979037354	161.88354493588875	1.1175751367885811	2.448795901714591	1.1175751367885811	3.667432255898124	1.1175751367885811	0.06454993531813748	1.308325592771629	NaN	NaN	800000009	800000009	800000009	800000019	800000019	800000019	899999999	899999999	89999	89999	89	89	13	4	2	13	3	6	6	NaN	0	0	0	0	0	0	0	0	0	NaN	NaN	NaN	NaN	0	1370	0	0	0	0	300	0	0	18000	0	25	18000	18000	18000	18000	93	NaN	0.9664411426148708	3.689037691973495	0.291031416623318	0.02545731695904958	0.33141284077029143	0.1892888007236182	2.7990188944611387e-7	NaN	0.009698599669840961	0.06267594490647022	0.09386645161319487	0.00006454993531813748	NaN	16.194057586669924	563.052085450467	92.50865260251364	92.68081910260518	92.33648248736064	0.3443332225903871	0.00028368876661665523	34.93246970115816	051
DATA	2026-09-28T160000_AIU-1657.ghg	2026-09-28	16:30:00	271.687	1	18000	18000	0.42812276460450893	1	NaN	21.72356985940226	1	NaN	116.84585605050505	0	NaN	-0.5359340402528157	2	NaN	2.647302936538864	0	NaN	0.08457642536394806	0	NaN	NaN	NaN	NaN	NaN	NaN	NaN	NaN	NaN	NaN	7.290827504694312e-10	2.53081417668798e-11	3.813963142288493e-12	NaN	16.139788265376392	412.3018810194581	418.2884029157625	0.1	1	560.2492299325012	14.31194805921986	14.519754024653347	0.3	0	0.08443013845664535	2.053745693129061	2.083565575422486	0	0	NaN	NaN	NaN	NaN	9	301.15101827239994	294.568466218039	97059.89389275854	1.1417064446067773	1013.4043478292642	0.025232278028685284	0.17154523028771837	0.01022108698044586	1389.4887757314748	2544.001642940152	0.008952464995471032	54.618234213308746	1154.5128672086773	285.0189892678184	-1.780359043801857	-1.5771345448197733	1.15504966238282	2.644082339845323	-7.892313971631014e-14	4.51730058958384e-14	2.644082339845323	6.201385683304542	299.46380922830576	221.5361907716942	25.902644223799616	NaN	0.6123601691537739	1.4345143078959233	-903.3724190425964	-0.002217357933202019	0.1859164765758791	0.030661051513477876	0	20.050909798055923	-3.042802918760071	6.8828284871598155	17.139216119483727	26.138386001769973	36.65945802053304	54.922548342641285	0.4226893464052458	1.0128544006265394	27.89812338301186	1.027566721936731	104.33463265759856	1.119914385800977	-0.4785491168322736	1.119914385800977	2.3638440313859164	1.119914385800977	0.05526546600205361	1.3090338094030318	NaN	NaN	800000009	800000009	800000009	800000019	800000019	800000119	899999999	899999999	89999	89999	89	89	6	5	0	17	8	18	11	NaN	0	0	0	0	0	0	0	0	0	NaN	NaN	NaN	NaN	0	270	0	0	0	0	300	0	0	18000	0	15	18000	18000	18000	18000	93	NaN	0.8291516547169473	1.7441879212758724	0.2956890397990269	0.04487488746510181	0.1971397343725006	0.12261886354337172	3.0126749760117896e-7	NaN	0.024112252058609656	-0.012250256429103507	0.06051143868902519	0.000055265466002053616	NaN	16.141006404290277	560.2856665821803	92.51162378989325	92.68296779929267	92.34027217271593	0.34268050387087845	0.00028398482404655727	38.13028114171132	018
DATA	2026-09-28T163000_AIU-1657.ghg	2026-09-28	17:00:00	271.708	1	18000	18000	1.054261341129367	1	NaN	45.91923755969274	1	NaN	336.9935601333043	1	NaN	1.7183056785248139	1	NaN	7.637804118513922	1	NaN	0.14499448748425753	1	NaN	NaN	NaN	NaN	NaN	NaN	NaN	NaN	NaN	NaN	-2.123582448386194e-10	-7.507652795754648e-12	-1.1110113159573662e-12	NaN	16.07570981533192	411.20362838969623	417.26971853067494	0.1	1	568.3360579220059	14.537575749180075	14.752034569184111	0.5	0	0.0841045542189968	2.049485848884883	2.0797199349766866	0.8	0	NaN	NaN	NaN	NaN	9	301.42703240797255	294.9410309441346	97050.0136608404	1.1400503833693183	1013.5392912193965	0.025266763380776023	0.4949297068797021	0.010368052114187551	1411.250376512017	2602.630743706893	0.009094380621622782	54.22399546783158	1191.380367194876	285.2547650219491	-1.5089448319614354	-2.4118074941630936	1.243348388951082	3.104777787718706	-2.7543893983186763e-14	-1.3209882940042034e-14	3.104777787718706	7.129289069971202	283.03211319334787	237.96788680665213	23.607121234583374	NaN	0.9616391110648224	1.788519702599881	-1655.0377680532265	-0.0012103047064334906	0.1362614690367629	0.04132548087064251	0	22.09435068579044	-3.352902957119185	7.584275618266553	18.885918655927604	28.802217580154664	40.39551968535623	60.519849516117745	1.0399449852028884	1.0137664550819345	63.871358079462766	1.030202437616465	298.6116255208989	1.128534629371686	1.5225989826129518	1.128534629371686	6.767895215378801	1.128534629371686	0.08509907210267463	1.311952115464364	NaN	NaN	800000009	800000009	800000009	800000019	800000019	800000119	899999999	899999999	89999	89999	89	89	12	0	3	2	22	14	10	NaN	0	0	0	0	0	0	0	0	0	NaN	NaN	NaN	NaN	0	0	0	0	0	0	300	150	0	18000	0	20	18000	18000	18000	18000	93	NaN	1.2457977237338134	1.7591341095644908	0.5721075719014578	0.05287990123028008	0.10282013227211675	0.20651253597698968	2.0496712656260507e-7	NaN	0.05527662468915941	0.039038830405574605	0.17352613296933736	0.00008509907210267463	NaN	16.07690304394225	568.3638546870798	92.48480175802442	92.66708791669211	92.3025105457306	0.3645714172240745	0.0002846835303029771	38.69781300036116	008
DATA	2026-09-28T170000_AIU-1657.ghg	2026-09-28	17:30:00	271.729	1	18000	18000	1.2674020261114964	1	NaN	40.5859807220164	1	NaN	305.7026194285878	1	NaN	3.54880244275311	1	NaN	6.928459639278056	1	NaN	0.17091602516612278	1	NaN	NaN	NaN	NaN	NaN	NaN	NaN	NaN	NaN	NaN	6.82244952571276e-10	2.437193976812602e-11	3.551266006280372e-12	NaN	16.076878575831234	411.0344128119413	417.15975495520826	0.2	0	574.3167682412418	14.683444580900881	14.902261105980662	0.4	0	0.08368441885611748	2.039128993909669	2.0695166266056866	0.4	0	NaN	NaN	NaN	NaN	9	301.78662100897895	294.9187098633503	97074.31564861405	1.140358916399329	1013.6202783781217	0.02525852628906894	0.44896418462521803	0.010475499356266321	1425.7676785822198	2599.085194274208	0.00918614236765263	54.85651958324375	1173.317515691988	285.41027971231085	-1.617713189903783	-1.396611605885768	1.2488589838260766	2.47531183974188	-2.835618310015742e-14	4.243640638033502e-14	2.47531183974188	9.605487883832172	300.19514887288824	220.8048511271117	30.299886949130155	NaN	1.054232540421102	2.291302829302338	-2467.673405757451	-0.000811736267581629	0.13276294719972884	0.03330602275927677	0	22.698723320918937	-3.4446188361844827	7.791737186435673	19.402527294363225	29.590078349815457	41.500505617136746	62.17531979672479	1.2516622587576007	1.0125750914384197	57.24080812823835	1.0266500353236434	273.72449396469733	1.1168259551811053	3.177578768016395	1.1168259551811053	6.203705785253291	1.1168259551811053	0.10901771815633221	1.3081113582911021	NaN	NaN	800000009	800000009	800000009	800000019	800000019	800100119	899999999	899999999	89999	89999	89	89	22	0	3	4	8	6	3	NaN	0	0	0	0	0	0	0	0	0	NaN	NaN	NaN	NaN	0	0	0	0	0	0	300	0	0	18000	0	15	18000	18000	18000	18000	93	NaN	1.189317214666929	2.750562511655728	0.6427259322820186	0.02661295448039595	0.07465693387864357	0.2554009916257202	2.243335779880492e-7	NaN	0.04952094269825489	0.08145735219857168	0.15903223302349517	0.00010901771815633222	NaN	16.0780888176526	574.3501030726285	92.47353706423442	92.65587524943882	92.2911991274092	0.36467197575917093	0.00028436194251601896	37.626430131924614	232
DATA	2026-09-28T173000_AIU-1657.ghg	2026-09-28	18:00:00	271.749	1	18000	18000	1.0014400702031532	1	NaN	33.671190232485024	1	NaN	347.3093490903949	1	NaN	-0.05788513967387198	2	NaN	7.869011025819059	1	NaN	0.07919046649609676	1	NaN	NaN	NaN	NaN	NaN	NaN	NaN	NaN	NaN	NaN	6.834364529879978e-10	2.4005660516510136e-11	3.554745349417049e-12	NaN	16.13505615564203	411.59223469332426	417.629973957463	0.1	1	566.7427875609261	14.457150206258058	14.669225401294023	0.5	0	0.0839229683770741	2.04175086166825	2.071701765271348	0.2	0	NaN	NaN	NaN	NaN	9	301.81150869072815	294.60024202163606	97109.32539525954	1.1421016426772903	1013.4862640470502	0.02522215453766757	0.509911914473075	0.010328929306629195	1404.300691446708	2548.9566369778904	0.009043791656245533	55.09315737562658	1144.6559455311824	285.179818585472	-1.5244714919737397	-2.568602041303156	1.163095337216497	3.2053892961515538	6.366923235753727e-14	4.2357240433217646e-14	3.2053892961515538	8.28340025665427	281.68923292834984	239.31076707165016	21.275708191163684	NaN	0.9363971953262308	1.9537603935079264	-2084.8176478497858	-0.0009608034554321492	0.09694870097989028	0.031065313519178378	0	22.187136397961808	-3.366983546910758	7.6161259507136325	18.96523048714732	28.92317312704059	40.56516155969059	60.774003956667485	0.9876241514763737	1.0139890450290492	52.4755104936231	1.0307980641750414	307.23521832590063	1.1304346909929628	-0.051206089246098985	1.1304346909929628	6.961048779303647	1.1304346909929628	0.0357382204634336	1.3126561131810404	NaN	NaN	800000009	800000009	800000009	800000019	800000019	800001119	899999999	899999999	89999	89999	89	89	24	0	1	18	22	9	7	NaN	0	0	0	0	0	0	0	0	0	NaN	NaN	NaN	NaN	0	0	0	0	0	0	300	0	0	18000	0	20	18000	18000	18000	18000	93	NaN	1.7902897723093667	1.5804172518406365	0.5368137628658495	0.01348193148252244	0.048802971149476064	0.22480075683474032	1.4283081117153864e-7	NaN	0.04533504477661288	-0.001310478766612914	0.1781488637960989	0.0000357382204634336	NaN	16.136237208846808	566.7710086077387	92.50693784968058	92.67043392096626	92.34344252755906	0.326989468239248	0.0002839130108057159	38.40720196575584	114
DATA	2026-09-28T180000_AIU-1657.ghg	2026-09-28	18:30:00	271.77	0	18000	18000	1.1482832103482756	1	NaN	26.773377227809835	1	NaN	244.23874874447046	0	NaN	-0.9474467100023402	2	NaN	5.531955231927698	0	NaN	0.04098993818207612	1	NaN	NaN	NaN	NaN	NaN	NaN	NaN	NaN	NaN	NaN	1.695452681247567e-10	5.85161833404955e-12	8.834570075526406e-13	NaN	16.190943232268953	412.2276610146208	418.1772623195479	0.1	1	558.8078116918335	14.227462468728683	14.432804655280174	0.5	0	0.08436686211088873	2.049215613165509	2.078791541806877	0.1	0	NaN	NaN	NaN	NaN	9	301.62529436832006	294.2680182884777	97143.97954758121	1.1438989707629184	1013.3501203474408	0.025184723906148853	0.3584706990289148	0.01017993602132181	1382.4830600759622	2497.565631615538	0.008899331393341797	55.35322245692938	1115.082571539576	284.94239426045056	-1.7806145265152213	-3.649526783911993	1.423622643402695	4.303061151010513	-4.3009007902430995e-14	1.0471611548044266e-14	4.303061151010513	12.13597721067852	277.007880166511	243.99211983348903	19.319738252838256	NaN	1.0019145251645747	2.1185230676899067	-3212.3681379804475	-0.0006235586688577074	0.10961969534089329	0.02305288541791931	0	21.32040872539022	-3.235454278741258	7.318606387987164	18.22436470865871	27.793306069023682	38.98050694561651	58.399902582906705	1.1293326539738684	1.0167803138497098	39.48106886515893	1.0375565060970238	212.14890837654158	1.1512609261744247	-0.8229643588709749	1.1512609261744247	4.805127235847459	1.1512609261744247	0.012589102858428044	1.3214264557981175	NaN	NaN	800000009	800000009	800000009	800000019	800001019	800101119	899999999	899999999	89999	89999	89	89	32	0	3	38	40	11	16	NaN	0	0	0	0	0	0	0	0	0	NaN	NaN	NaN	NaN	0	0	0	0	0	0	300	150	0	18000	0	20	18000	18000	18000	18000	93	NaN	1.8838042236633628	1.6743055063075456	0.6789364054089052	0.009606608507756893	0.06237029653914802	0.14149178496898346	4.5327791092297154e-8	NaN	0.03405976985793734	-0.02102534774918625	0.12276287548027146	0.000012589102858428044	NaN	16.192174462531895	558.839750530203	92.53632574801975	92.68434432262845	92.3883077990214	0.29603302254858854	0.00028296643315924393	37.969542342214226	212
DATA	2026-09-28T183000_AIU-1657.ghg	2026-09-28	19:00:00	271.791	0	18000	18000	0.9289000757218991	1	NaN	20.692984779609695	0	NaN	264.29793413168164	0	NaN	-0.07568781874163237	2	NaN	5.985020184264869	0	NaN	0.05618246002104148	0	NaN	NaN	NaN	NaN	NaN	NaN	NaN	NaN	NaN	NaN	-6.406087917587598e-11	-2.189503632316116e-12	-3.3278870640205674e-13	NaN	16.248387163678792	413.1941260745793	419.1129855801247	0.1	1	555.3452149240942	14.122348171466596	14.32464580698579	0.4	0	0.08440845356609969	2.04805004514145	2.0773876366330826	0.8	0	NaN	NaN	NaN	NaN	9	301.50097306654186	294.0484285309355	97176.76488788842	1.1451853198844417	1013.2862714125013	0.025157440028247886	0.38782930794036347	0.010115684192206579	1372.7322300677927	2464.0971924240025	0.008833229012425108	55.709337857627155	1091.3649623562098	284.8352156985406	-1.4251232082526055	-3.4428779893634474	1.2249167994659202	3.922347023652678	-1.7536595577603449e-15	-3.942599258040573e-15	3.922347023652678	9.472083319227691	273.48631173970716	247.51368826029278	18.197399210909037	NaN	0.9006304227013883	1.6867996803233392	-3019.5885740971935	-0.000663368518871447	0.0782941601401235	0.019800155202433244	0	20.848518499303676	-3.163843116368481	7.156621743717523	17.82100004086925	27.178149499863487	38.11774111066189	57.107322145625446	0.9144961405243967	1.0157506790452313	34.83475672969118	1.0351740556527653	231.01703763181155	1.144062519548503	-0.06615706523757293	1.144062519548503	5.231375105817485	1.144062519548503	0.025063237948946472	1.3181949114327796	NaN	NaN	800000009	800000009	800000009	800000019	800001019	800101119	899999999	899999999	89999	89999	89	89	23	5	1	57	32	20	7	NaN	0	0	0	0	0	0	0	0	0	NaN	NaN	NaN	NaN	0	0	0	0	0	0	300	0	0	18000	0	15	18000	18000	18000	18000	93	NaN	1.5179605777665712	1.2754600646842178	0.5801787181958895	0.008303676309831871	0.09873414351525091	0.14777959337461524	7.578058383669858e-8	NaN	0.030019596546707925	-0.001688190003316955	0.13349375649490727	0.000025063237948946473	NaN	16.249621503666653	555.376509288916	92.56901916270786	92.7120509906345	92.42598953162299	0.28604848669883354	0.00028278763754416205	36.75647946048666	254
DATA	2026-09-28T190000_AIU-1657.ghg	2026-09-28	19:30:00	271.812	0	18000	18000	0.672386952193299	1	NaN	9.612028640977025	1	NaN	208.5868202631745	1	NaN	4.157464103069786	1	NaN	4.722671067337342	1	NaN	0.08046315524194188	1	NaN	NaN	NaN	NaN	NaN	NaN	NaN	NaN	NaN	NaN	4.331656252334723e-10	1.4837802667317372e-11	2.2668298035445992e-12	NaN	16.299997839184687	414.2133653762344	420.1750635994533	0.1	0	558.3456704007011	14.188605511587744	14.392819550387664	0.4	0	0.08530067657067911	2.0681640700762043	2.0979307823374063	0	0	NaN	NaN	NaN	NaN	9	301.41442735036213	293.87933188745535	97183.84485279837	1.1458988718014824	1013.3192892308354	0.025141141194949847	0.3060290851634597	0.010169732301210377	1379.2731129120614	2438.592553844517	0.008874895116374806	56.560211780258015	1059.3194409324558	284.9071850322591	-1.3036081051730442	-2.8624861707505787	1.1188509536905211	3.3384200793466805	-8.974273727987193e-14	2.6574581758051257e-14	3.3384200793466805	7.759317694412768	275.48504857066575	245.51495142933425	19.5812855391746	NaN	0.7660136219455256	1.4144741972002532	-3999.9199263592154	-0.0005007850249200489	0.04608166819384611	0.010806522494613651	0	21.2735641331678	-3.228345431143912	7.302526155366043	18.184322655793512	27.732239411902526	38.89486009071752	58.271587987367674	0.6629112525888698	1.014294069632132	21.113819814907668	1.0315941417350927	184.107852432099	1.1329599335807996	3.669559690367715	1.1329599335807996	4.168436082652109	1.1329599335807996	0.049936974163262024	1.3136177857287286	NaN	NaN	800000009	800000009	800000009	800000019	800000019	800001119	899999999	899999999	89999	89999	89	89	15	5	1	58	24	10	9	NaN	0	0	0	0	0	0	0	0	0	NaN	NaN	NaN	NaN	0	0	0	0	0	0	300	0	0	18000	0	20	18000	18000	18000	18000	93	NaN	1.1831776063506916	1.2467193229344733	0.39905146511534195	0.007686239814640964	0.22752896245489246	0.144789305109957	1.2823635195444677e-7	NaN	0.018183363022464993	0.09358511678225204	0.1063080070936957	0.000049936974163262025	NaN	16.301221301044354	558.3814332058597	92.5704612727695	92.70818506643508	92.43273792076111	0.27543640769604216	0.000282402055203824	38.72803913344279	226
DATA	2026-09-28T193000_AIU-1657.ghg	2026-09-28	20:00:00	271.833	0	18000	18000	0.5138429021982868	1	NaN	10.825618854429903	0	NaN	203.12581840858869	0	NaN	-0.3978595793820564	2	NaN	4.5981146152038095	0	NaN	0.0565053378516888	1	NaN	NaN	NaN	NaN	NaN	NaN	NaN	NaN	NaN	NaN	4.0455108517257747e-10	1.3822391805132987e-11	2.111403599861701e-12	NaN	16.41239292414046	416.6215556572592	422.6377218049251	0.1	1	560.7660781838865	14.234806401031031	14.440362160750082	0.4	0	0.08565836744101718	2.074893698210913	2.104855914658136	0	0	NaN	NaN	NaN	NaN	9	301.26515887366406	293.67411592293206	97221.24850115446	1.147120799886021	1013.3403428072797	0.025113919409852713	0.29795782706520685	0.010213906143258957	1384.2968738861462	2407.950459152438	0.008903949910309203	57.48859444448029	1023.6535852662917	284.96225779530306	-1.9422230848413393	-1.026743196492791	1.3271372783029787	2.5666564745395752	-1.6154434660335208e-14	2.4649122589402324e-14	2.5666564745395752	6.519897985812812	313.1371312912488	207.86286870875122	31.13581859431778	NaN	0.6692842478876346	1.7146211725412241	-2369.4997682575313	-0.0008453683038226366	0.053295139629439485	0.013914821554351909	0	20.543088899216478	-3.1174929962003106	7.051777645695307	17.559923412531443	26.779991168702903	37.559318389927775	56.27070315202302	0.5073879480760928	1.0127219303230788	22.17409252337734	1.0271423086167417	181.60607317849977	1.1184968368813153	-0.3557091681111957	1.1184968368813153	4.110976860716612	1.1184968368813153	0.031075014782229907	1.3085970438455867	NaN	NaN	800000009	800000009	800000009	800000019	800000019	800000119	899999999	899999999	89999	89999	89	89	20	11	0	27	2	4	6	NaN	0	0	0	0	0	0	0	0	0	NaN	NaN	NaN	NaN	0	51	0	0	0	0	300	150	0	18000	0	20	18000	18000	18000	18000	93	NaN	0.7967742051622807	2.3000280355983853	0.3324401043217825	0.013318562961987893	1.084446908350734	0.1578874987416489	2.0476674676864484e-7	NaN	0.01907573882880281	-0.009062285869040457	0.10473400983912362	0.00003107501478222991	NaN	16.413658767840932	560.8015982650555	92.57267333242628	92.70482548862033	92.44053002696567	0.26429619007226457	0.00028211849866945863	37.260523686918916	249
DATA	2026-09-28T200000_AIU-1657.ghg	2026-09-28	20:30:00	271.854	0	18000	18000	0.6005609367056801	1	NaN	-2.6065080121513216	1	NaN	235.42625776341563	1	NaN	3.298156097336242	1	NaN	5.327981979497087	1	NaN	0.06946689693988185	1	NaN	NaN	NaN	NaN	NaN	NaN	NaN	NaN	NaN	NaN	-4.320714156856845e-10	-1.467140920948707e-11	-2.251307065682936e-12	NaN	16.509807619889138	418.48270555338803	424.5150608376627	0.1	0	560.6067302020014	14.209991212965276	14.414825760356367	0.4	0	0.08602431264455866	2.0812880341974718	2.111289438567543	0.3	0	NaN	NaN	NaN	NaN	9	301.08201563602023	293.4196735666167	97255.03362226664	1.1485253534168998	1013.3206152257004	0.025083443757859415	0.34525323227141125	0.01020848845624579	1382.3638782281591	2370.4261450836243	0.008888344019463923	58.31710391379403	988.0622668554652	284.94108826688716	-2.3972772542081517	-1.2445006671517433	1.5663568728519435	3.12236993279386	-1.5579370534113127e-13	-2.617059057460936e-14	3.12236993279386	8.00717044519925	313.56477982306683	207.43522017693317	30.109647455761056	NaN	0.7231164591934197	2.014084041559878	12414.997864375327	0.00016134517475414707	-0.01107144138004628	-0.003097157939136974	0	21.446368378925456	-3.2545691421206837	7.3618442609972545	18.3320331260033	27.957507198943105	39.21080136504997	58.74492558835567	0.5923832391760908	1.0138047415739904	10.75253526041877	1.0303061553118198	208.55208433953618	1.1288607280478031	2.9216678509490825	1.1288607280478031	4.719786814367296	1.1288607280478031	0.04292100187015667	1.3120732954767276	NaN	NaN	800000009	800000009	800000009	800000019	800000019	800000119	899999999	899999999	89999	89999	89	89	23	7	1	63	5	13	12	NaN	0	0	0	0	0	0	0	0	0	NaN	NaN	NaN	NaN	0	2	0	0	0	0	300	0	0	18000	0	15	18000	18000	18000	18000	93	NaN	0.6565544299540135	3.0231249884504328	0.34848866471531026	0.013307667453839173	0.08136388391743128	0.16060014238188028	6.638060628601243e-8	NaN	0.00923896688937104	0.07434217625837697	0.12009552117352304	0.00004292100187015667	NaN	16.511066427124334	560.6434693244275	92.58865018018086	92.70933705117967	92.46795835706922	0.24137459376288956	0.00028229139386288203	36.935946308241974	136
DATA	2026-09-28T203000_AIU-1657.ghg	2026-09-28	21:00:00	271.874	0	18000	18000	0.8331962993856773	1	NaN	16.57572925420562	1	NaN	185.45468645211366	1	NaN	0.4276646000715998	2	NaN	4.195914313576718	1	NaN	0.052396282794973485	1	NaN	NaN	NaN	NaN	NaN	NaN	NaN	NaN	NaN	NaN	7.966349742494177e-11	2.7426287499788856e-12	4.1744466934626616e-13	NaN	16.555259696111136	419.0095202732244	425.14242174932843	0.1	0	569.9590486684473	14.425522277614789	14.63666379729259	0.1	1	0.0867512114478287	2.0963366962929886	2.1270200717225562	0.2	0	NaN	NaN	NaN	NaN	9	300.95193547821043	293.13601719225863	97278.30677855755	1.1498176227574721	1013.4346158203058	0.025053199707559468	0.2718952475197713	0.010375836976148495	1403.666799352532	2329.197456562855	0.00902389802590201	60.26396754802797	925.5306572103232	285.1729663660304	-1.7684423878319853	-1.4726674062779168	1.387126947565626	2.6870539513110963	-1.0675405312692644e-13	4.811975099590548e-15	2.6870539513110963	6.50303070152212	301.2142165895916	219.78578341040838	31.079433671922644	NaN	0.8512540396555177	1.691050056332746	-3185.468759262361	-0.0006288242489195986	0.08937886430001674	0.016710473789296024	0	22.867373639729514	-3.4702121727210824	7.8496293833668345	19.546687050295823	29.809931073546718	41.80885218818288	62.63727914825376	0.822559959695747	1.0129307773428025	26.744623155052516	1.0278049662743258	165.4793899067563	1.1207116883656205	0.38160090994971285	1.1207116883656205	3.7439730103072177	1.1207116883656205	0.027122553431623453	1.3092805850443132	NaN	NaN	800000009	800000009	800000009	800000019	800000019	800000019	899999999	899999999	89999	89999	89	89	23	3	4	27	10	6	13	NaN	0	0	0	0	0	0	0	0	0	NaN	NaN	NaN	NaN	0	0	0	0	0	0	300	0	0	18000	0	20	18000	18000	18000	18000	93	NaN	0.5965466587279934	2.3741819368348525	0.41137151710264613	0.01562304786729129	0.11469345021717474	0.16775960020019115	9.33188546023672e-8	NaN	0.022951537715558752	0.009700293135504828	0.09517177434452231	0.00002712255343162345	NaN	16.556501524826835	569.9960486086035	92.58983709483677	92.69904586791992	92.48062897745768	0.21841575230947663	0.0002817467280854341	35.076834643787784	046
DATA	2026-09-28T210000_AIU-1657.ghg	2026-09-28	21:30:00	271.895	0	18000	18000	0.14598969616008126	1	NaN	-0.21065794559568354	2	NaN	75.18657017927778	0	NaN	1.695707444460955	1	NaN	1.7005182092889042	0	NaN	0.03804324658579076	0	NaN	NaN	NaN	NaN	NaN	NaN	NaN	NaN	NaN	NaN	1.963673448004795e-10	6.786736381810987e-12	1.0279044485604057e-12	NaN	16.619092567147693	419.8215212337625	426.00266328730385	0.1	1	574.3796162887791	14.509632418360491	14.72326153117726	0.1	1	0.08699429733678699	2.098877059076968	2.129779374939546	0.5	0	NaN	NaN	NaN	NaN	9	300.7042261106703	292.7837849676272	97321.94346707274	1.1516804757807282	1013.4737567311454	0.025011876063124706	0.11019357996192099	0.010453577332578168	1412.484408333479	2278.875845962347	0.009076803464512718	61.98163058492556	866.3914376288678	285.26803903634385	-1.141385269804656	-0.3701352673246773	0.8132702207013751	1.449540928061095	8.767393645443461e-14	1.1815768159848556e-14	1.449540928061095	6.324515001917973	323.03284694752926	197.9671530524707	34.12869564738994	NaN	0.3560369730934493	0.7447097067097389	18345.005378385496	0.00010919048311428124	-0.002801802836509001	-0.0005069186067524808	0	19.090465439446387	-2.897051781923024	6.553139018784141	16.318242727316566	24.886349778406558	34.903459414977604	52.29174244667821	0.14424967688704618	1.0120625523091993	4.143718992156233	1.022171587273729	68.36481160759737	1.0997846466810466	1.541854079867633	1.0997846466810466	1.5462283588162138	1.0997846466810466	0.02617905471380976	1.3051775502358327	NaN	NaN	800000009	800000009	800000009	800000019	800001019	801011019	899999999	899999999	89999	89999	89	89	19	16	4	22	5	0	6	NaN	0	0	0	0	0	0	0	0	0	NaN	NaN	NaN	NaN	0	0	0	0	0	0	300	150	0	18000	0	15	18000	18000	18000	18000	93	NaN	0.40072466814524743	0.9756877118251286	0.11300703344910172	0.04176317523886212	0.8191764430965512	0.1635522734398727	2.3509248845532716e-7	NaN	0.0035501424874322287	0.03913261532328523	0.03924363554085747	0.00002617905471380976	NaN	16.62036052937838	574.4179796521621	92.59445938915677	92.69118108431499	92.4977398024665	0.19344144534816324	0.0002805876777306871	36.98114914533824	211
DATA	2026-09-28T213000_AIU-1657.ghg	2026-09-28	22:00:00	271.916	0	18000	18000	0.082331381702825	1	NaN	10.496576808415547	0	NaN	68.98600042976425	0	NaN	0.5142448648062022	2	NaN	1.5597392177247333	0	NaN	0.022301815893183016	0	NaN	NaN	NaN	NaN	NaN	NaN	NaN	NaN	NaN	NaN	-1.4276579772576177e-10	-4.960302990390096e-12	-7.450008653797314e-13	NaN	16.70831676984421	421.61173505750065	427.87958052926774	0.1	0	580.5193888037794	14.648620212289847	14.866392347718465	0.1	1	0.08718972366535134	2.100280946057871	2.1315045466424043	0.2	0	NaN	NaN	NaN	NaN	9	300.3725446455213	292.42618141007165	97345.76484632853	1.1533101383705964	1013.5436238339653	0.024975213622095562	0.10107110130856271	0.010569204521827281	1426.3636428538964	2228.7628802461177	0.009164234467547053	63.99799886726335	802.3992373922213	285.4166340782018	-1.411222460640752	-0.2849768229980666	0.9545827873233033	1.7274226237133592	-1.3168904525664547e-14	-8.544594868073772e-15	1.7274226237133592	4.963667246531392	329.58344108154984	191.41655891845014	33.54592730705465	NaN	0.26718350763734716	0.5694459412553344	-155.62326338843596	-0.012871468933280615	0.15215517268756987	0.033608527526505755	0	16.300192104889383	-2.4736170384605782	5.595328476146649	13.933159048069161	21.248946677816665	29.8019498473707	44.648751497646636	0.0813621860856251	1.0119121137696563	14.2791430998646	1.0231203146846497	62.490115668216006	1.1039505958996363	0.4658223535693022	1.1039505958996363	1.4128704885146275	1.1039505958996363	0.011209250562560585	1.3053776629411227	NaN	NaN	800000009	800000009	800000009	800000019	800000019	800101019	899999999	899999999	89999	89999	89	89	36	3	1	19	14	2	4	NaN	0	0	0	0	0	0	0	0	0	NaN	NaN	NaN	NaN	0	127	0	0	0	0	300	0	0	18000	0	25	18000	18000	18000	18000	93	NaN	0.14843467761340695	0.8959871748297279	0.094470030067534	0.045996724344549884	1.422895562386274	0.1565136807858299	1.0301351084614839e-7	NaN	0.01221556588139458	0.011807015672515004	0.035811471633561964	0.000011209250562560585	NaN	16.709550520189406	580.5567451060377	92.578012134552	92.66800498369005	92.48802021598816	0.17998256736662635	0.00028091817285813797	37.65664829791267	222
DATA	2026-09-28T220000_AIU-1657.ghg	2026-09-28	22:30:00	271.937	0	18000	18000	0.11369655717959327	1	NaN	44.93093621265665	1	NaN	26.029537829447573	2	NaN	-8.103018327645966	2	NaN	0.5883618599720005	2	NaN	0.02664706816238751	2	NaN	NaN	NaN	NaN	NaN	NaN	NaN	NaN	NaN	NaN	-4.6556224772195213e-10	-1.6789459755490096e-11	-2.4251739167389607e-12	NaN	16.83033850440997	424.3755272826112	430.97117606861997	0.1	1	606.9484636559863	15.30415292775538	15.542010229106364	0.1	1	0.08767140838953788	2.1098754112873817	2.14266711651175	0.2	0	NaN	NaN	NaN	NaN	9	300.1362852749295	292.15675415383896	97362.87939221399	1.1542888885464626	1013.9053573318375	0.02494781655183116	0.038125848526185634	0.011054307695039489	1490.4560875596503	2191.6464341058236	0.009576725380211896	68.0062287586887	701.1903465461733	286.08674588553055	-1.7270862712450525	0.5201328488289197	1.1252255909931381	2.1259110516152795	-1.9439908659504673e-13	-2.7662084609882517e-14	2.1259110516152795	4.222026177341878	357.76030797247404	163.23969202752593	31.957563207594614	NaN	0.31384585664837755	0.42964272087954214	-58.938382816484335	-0.033986341400595026	1.7261519012383564	0.12232553829575889	0	17.954130743002843	-2.7246086077303997	6.163072089233242	15.346920919849147	23.405022735295262	32.82587717451556	49.17914566541433	0.11233451136379251	1.0121249097829768	45.54462632842308	1.0248705940918303	23.43731638446824	1.1106023148067063	-7.296057481256238	1.1106023148067063	0.529768263696084	1.1106023148067063	0.007921798839649122	1.30651523270729	NaN	NaN	800000009	800000009	800000009	800000019	800000019	800000019	899999999	899999999	89999	89999	89	89	54	7	1	3	12	1	9	NaN	0	0	0	0	0	0	0	0	0	NaN	NaN	NaN	NaN	0	0	0	0	0	0	300	0	0	18000	0	15	18000	18000	18000	18000	93	NaN	0.14060717578246465	0.6163069215265284	0.1023713444500912	0.06301825304386233	8.6967850014556	0.5974369550109226	1.1137746922063077e-7	NaN	0.03891573258190199	-0.184850441868906	0.013422029347208897	0.000007921798839649121	NaN	16.831576345655566	606.9738386751706	92.52071725421483	92.6039085006714	92.43752604251438	0.16637964483516124	0.0002806360735849012	36.68322780969411	040
DATA	2026-09-28T223000_AIU-1657.ghg	2026-09-28	23:00:00	271.958	0	18000	18000	0.08770274079902046	1	NaN	27.24979127994227	1	NaN	52.00699614170718	0	NaN	0.6781913819802028	0	NaN	1.1751061817059598	0	NaN	0.008039892858049309	2	NaN	NaN	NaN	NaN	NaN	NaN	NaN	NaN	NaN	NaN	4.3859404900714243e-10	1.5949182240236802e-11	2.2520314296910423e-12	NaN	17.03357339925479	428.94721369349327	435.74411664399616	0.2	0	619.4146203354903	15.598381460319162	15.845546336523418	0.1	1	0.0874616122628841	2.1013903488427275	2.134688026986438	0	1	NaN	NaN	NaN	NaN	9	299.8404434153239	291.76856613590223	97372.09014256709	1.155804620018902	1014.0624025428659	0.024912311682970093	0.07614688057454619	0.01128288864991723	1519.2544202632885	2139.1213631319856	0.009761934201069996	71.02235742430614	619.8669428686972	286.379622269394	-1.745820325017699	1.6050134662334274	0.9335384647580299	2.5486174485823385	6.541853635343307e-14	2.5748798489125637e-14	2.5486174485823385	3.994179257844232	23.593764523685024	137.40623547631498	21.48712305911865	NaN	0.27546369569760043	0.2692098193415307	-65.71619484637918	-0.030481070985356455	0.5239639529591906	0.0844014102315501	0	16.59780635968339	-2.5187811498287123	5.697489819033925	14.187555236797124	21.63691691706183	30.346083624332334	45.463963049691415	0.08660356614845434	1.0126920252762102	29.616336444493356	1.0270443531580415	46.51106169021785	1.1181640291957735	0.6065222671024251	1.1181640291957735	1.0509246863817836	1.1181640291957735	-0.003577181201325932	1.3084978794664257	NaN	NaN	800000009	800000009	800000009	800000019	800000019	800000019	899999999	899999999	89999	89999	89	89	30	6	1	31	16	1	1	NaN	0	0	0	0	0	0	0	0	0	NaN	NaN	NaN	NaN	0	0	0	0	0	0	300	150	0	18000	0	15	18000	18000	18000	18000	93	NaN	0.16380434963914098	0.2786401892837819	0.09597509976013847	0.03923681670119886	1.482927623946295	0.24095164329765165	2.996771046522043e-8	NaN	0.025268660932893407	0.015349361174766372	0.02659592805358288	-0.000003577181201325932	NaN	17.034911151302946	619.452293448132	92.48324750116136	92.55446500990126	92.41203039254083	0.1424405284457736	0.00028001639034806026	39.18027884589298	053
DATA	2026-09-28T230000_AIU-1657.ghg	2026-09-28	23:30:00	271.979	0	18000	18000	0.20885063034414578	1	NaN	45.48708563295927	0	NaN	29.232384408135648	1	NaN	-7.639094387904335	1	NaN	0.6608390541607503	1	NaN	-0.010763402337699629	1	NaN	NaN	NaN	NaN	NaN	NaN	NaN	NaN	NaN	NaN	-6.104161394786162e-10	-2.2169864132034907e-11	-3.137796717576331e-12	NaN	16.9457381677411	427.2867778047742	434.02225667963154	0.1	1	615.4567163259273	15.518740735521924	15.763368362254276	0.1	1	0.08710824986551438	2.097710344145961	2.130777325018045	0	1	NaN	NaN	NaN	NaN	9	300.2804238009983	292.28412999729653	97372.33750485523	1.1538037632310452	1014.0286305478063	0.02495626909106865	0.042822370709616614	0.011205509598613383	1511.501396071562	2209.1257914337875	0.009711798449360334	68.42079350721596	697.6243953622254	286.3012583091454	-2.337234192042985	1.2070505147264072	1.4577031563145852	3.0074130254232876	8.444958328691207e-14	-3.602180875428844e-14	3.0074130254232876	5.931501875023292	8.313819432428147	152.68618056757185	28.993038278203507	NaN	0.42545332257831586	0.6164504116539011	-145.0472855452739	-0.01380997922484229	1.5560511588065935	0.09138060402274358	0	19.11925768194223	-2.901421115802951	6.5630224639173305	16.342853903152022	24.923883374427515	34.95610081707476	52.37060885953915	0.20605688533781455	1.0135581249893741	46.04738171649847	1.029631984369011	25.94510898929937	1.1267011605228583	-6.780053713940729	1.1267011605228583	0.5865255822174538	1.1267011605228583	-0.021917736384570223	1.3112922357400487	NaN	NaN	800000009	800000009	800000009	800000019	800000019	800000019	899999999	899999999	89999	89999	89	89	46	9	2	7	9	0	1	NaN	0	0	0	0	0	0	0	0	0	NaN	NaN	NaN	NaN	0	0	0	0	0	0	300	0	0	18000	0	15	18000	18000	18000	18000	93	NaN	0.2946655221024829	0.7774735088846835	0.1607617923206358	0.061284050465178125	6.916637168249231	0.39812130227895015	1.3520720543606111e-7	NaN	0.039357071214804855	-0.17187280997597096	0.014868289277890433	-0.000021917736384570224	NaN	16.946993693715164	615.4920016206688	92.48636246151395	92.56652379396226	92.40620342763265	0.16032303579772256	0.0002804449722720569	39.61550962066651	024
