DATAH	filename	date	time	DOY	daytime	file_records	used_records	Tau	qc_Tau	rand_err_Tau	H	qc_H	rand_err_H	LE	qc_LE	rand_err_LE	co2_flux	qc_co2_flux	rand_err_co2_flux	h2o_flux	qc_h2o_flux	rand_err_h2o_flux	ch4_flux	qc_ch4_flux	rand_err_ch4_flux	none_flux	qc_none_flux	rand_err_none_flux	H_strg	LE_strg	co2_strg	h2o_strg	ch4_strg	none_strg	co2_v-adv	h2o_v-adv	ch4_v-adv	none_v-adv	co2_molar_density	co2_mole_fraction	co2_mixing_ratio	co2_time_lag	co2_def_timelag	h2o_molar_density	h2o_mole_fraction	h2o_mixing_ratio	h2o_time_lag	h2o_def_timelag	ch4_molar_density	ch4_mole_fraction	ch4_mixing_ratio	ch4_time_lag	ch4_def_timelag	none_molar_density	none_mole_fraction	none_mixing_ratio	none_time_lag	none_def_timelag	sonic_temperature	air_temperature	air_pressure	air_density	air_heat_capacity	air_molar_volume	ET	water_vapor_density	e	es	specific_humidity	RH	VPD	Tdew	u_unrot	v_unrot	w_unrot	u_rot	v_rot	w_rot	wind_speed	max_wind_speed	wind_dir	yaw	pitch	roll	u*	TKE	L	(z-d)/L	bowen_ratio	T*	model	x_peak	x_offset	x_10%	x_30%	x_50%	x_70%	x_90%	un_Tau	Tau_scf	un_H	H_scf	un_LE	LE_scf	un_co2_flux	co2_scf	un_h2o_flux	h2o_scf	un_ch4_flux	ch4_scf	un_none_flux	un_none_scf	spikes_hf	amplitude_resolution_hf	drop_out_hf	absolute_limits_hf	skewness_kurtosis_hf	skewness_kurtosis_sf	discontinuities_hf	discontinuities_sf	timelag_hf	timelag_sf	attack_angle_hf	non_steady_wind_hf	u_spikes	v_spikes	w_spikes	ts_spikes	co2_spikes	h2o_spikes	ch4_spikes	none_spikes	head_detect_LI-7200	t_out_LI-7200	t_in_LI-7200	aux_in_LI-7200	delta_p_LI-7200	chopper_LI-7200	detector_LI-7200	pll_LI-7200	sync_LI-7200	chopper_LI-7500	detector_LI-7500	pll_LI-7500	sync_LI-7500	not_ready_LI-7700	no_signal_LI-7700	re_unlocked_LI-7700	bad_temp_LI-7700	laser_temp_unregulated_LI-7700	block_temp_unregulated_LI-7700	motor_spinning_LI-7700	pump_on_LI-7700	top_heater_on_LI-7700	bottom_heater_on_LI-7700	calibrating_LI-7700	motor_failure_LI-7700	bad_aux_tc1_LI-7700	bad_aux_tc2_LI-7700	bad_aux_tc3_LI-7700	box_connected_LI-7700	mean_value_RSSI_LI-7200	mean_value_LI-7500	u_var	v_var	w_var	ts_var	co2_var	h2o_var	ch4_var	none_var	w/ts_cov	w/co2_cov	w/h2o_cov	w/ch4_cov	w/none_cov	co2_mean	h2o_mean	avg_signal_strength_7200_mean	co2_signal_strength_7200_mean	h2o_signal_strength_7200_mean	delta_signal_strength_7200_mean	flowrate_mean	rssi_77_mean	CHK
DATAU		[yyyy-mm-dd]	[HH:MM]	[ddd.ddd]	[1=daytime]	[#]	[#]	[kg+1m-1s-2]	[#]	[kg+1m-1s-2]	[W+1m-2]	[#]	[W+1m-2]	[W+1m-2]	[#]	[W+1m-2]	[µmol+1s-1m-2]	[#]	[µmol+1s-1m-2]	[mmol+1s-1m-2]	[#]	[mmol+1s-1m-2]	[µmol+1s-1m-2]	[#]	[µmol+1s-1m-2]	[µmol+1s-1m-2]	[#]	[µmol+1s-1m-2]	[W+1m-2]	[W+1m-2]	[µmol+1s-1m-2]	[mmol+1s-1m-2]	[µmol+1s-1m-2]	[µmol+1s-1m-2]	[µmol+1s-1m-2]	[mmol+1s-1m-2]	[µmol+1s-1m-2]	[µmol+1s-1m-2]	[mmol+1m-3]	[µmol+1mol_a-1]	[µmol+1mol_d-1]	[s]	[1=default]	[mmol+1m-3]	[mmol+1mol_a-1]	[mmol+1mol_d-1]	[s]	[1=default]	[mmol+1m-3]	[µmol+1mol_a-1]	[µmol+1mol_d-1]	[s]	[1=default]	[mmol+1m-3]	[µmol+1mol_a-1]	[µmol+1mol_d-1]	[s]	[1=default]	[K]	[K]	[Pa]	[kg+1m-3]	[J+1kg-1K-1]	[m+3mol-1]	[mm]	[kg+1m-3]	[Pa]	[Pa]	[kg+1kg-1]	[%]	[Pa]	[K]	[m+1s-1]	[m+1s-1]	[m+1s-1]	[m+1s-1]	[m+1s-1]	[m+1s-1]	[m+1s-1]	[m+1s-1]	[deg_from_north]	[deg]	[deg]	[deg]	[m+1s-1]	[m+2s-2]	[m]	[#]	[#]	[K]	[0=KJ/1=KM/2=HS]	[m]	[m]	[m]	[m]	[m]	[m]	[m]	[kg+1m-1s-2]	[#]	[W+1m-2]	[#]	[W+1m-2]	[#]	[µmol+1s-1m-2]	[#]	[mmol+1s-1m-2]	[#]	[µmol+1s-1m-2]	[#]	[µmol+1s-1m-2]	[#]	8u/v/w/ts/co2/h2o/ch4/none	8u/v/w/ts/co2/h2o/ch4/none	8u/v/w/ts/co2/h2o/ch4/none	8u/v/w/ts/co2/h2o/ch4/none	8u/v/w/ts/co2/h2o/ch4/none	8u/v/w/ts/co2/h2o/ch4/none	8u/v/w/ts/co2/h2o/ch4/none	8u/v/w/ts/co2/h2o/ch4/none	8co2/h2o/ch4/none	8co2/h2o/ch4/none	8aa	8U	[#]	[#]	[#]	[#]	[#]	[#]	[#]	[#]	[#_flagged_recs]	[#_flagged_recs]	[#_flagged_recs]	[#_flagged_recs]	[#_flagged_recs]	[#_flagged_recs]	[#_flagged_recs]	[#_flagged_recs]	[#_flagged_recs]	[#_flagged_recs]	[#_flagged_recs]	[#_flagged_recs]	[#_flagged_recs]	[#_flagged_recs]	[#_flagged_recs]	[#_flagged_recs]	[#_flagged_recs]	[#_flagged_recs]	[#_flagged_recs]	[#_flagged_recs]	[#_flagged_recs]	[#_flagged_recs]	[#_flagged_recs]	[#_flagged_recs]	[#_flagged_recs]	[#_flagged_recs]	[#_flagged_recs]	[#_flagged_recs]	[#_flagged_recs]	[#]	[#]	[m+2s-2]	[m+2s-2]	[m+2s-2]	[K+2]	--	--	--	--	[m+1s-1K+1]	--	--	--	--	--	--	--	--	--	--	--	--	241
DATA	2026-10-05T233000_AIU-1657.ghg	2026-10-06	00:00:00	279	0	18000	18000	0.13509918797024195	1	NaN	31.12818185782118	0	NaN	99.87873724913958	1	NaN	7.882179009305077	1	NaN	2.2469050365470835	1	NaN	0.03369475758179712	1	NaN	NaN	NaN	NaN	NaN	NaN	NaN	NaN	NaN	NaN	4.792886080222518e-10	1.3763469886084803e-11	2.4488246733226016e-12	NaN	18.18107828629156	447.6772376075994	453.50739414773125	0.1	1	522.0961218387786	12.855703380731642	13.02312481038419	0.1	1	0.09289240835245045	2.1832676988479753	2.2117006665845524	0	1	NaN	NaN	NaN	NaN	9	297.94644584655754	287.2161690766933	97873.9874412959	1.1814073520649577	1012.4330406811356	0.024397853731420536	0.145599446368251	0.009495088438523931	1258.5764605138686	1600.5747439809281	0.008037099499954575	78.63278270801362	341.99828346705954	283.5278965634634	-0.9993168436701076	0.6114430122820926	0.6691441795604623	1.349166648102023	-1.883680630886548e-15	2.636194622095836e-14	1.349166648102023	3.3656389345042523	12.460838275897004	148.5391617241029	29.73363563883417	NaN	0.3381633481012788	0.36689505483168433	-106.76207515683004	-0.01876228049199597	0.31165974575924404	0.07695932346283199	0	17.12379827712477	-2.5986024525902467	5.878045823217454	14.637165216639712	22.322600505006896	31.307764605933055	46.904736401348195	0.13346999469309115	1.0122064384650429	36.280384332588625	1.021907768313057	90.92949982827238	1.0984195166339696	7.1759276760298905	1.0984195166339696	2.045580037973622	1.0984195166339696	0.012680399320397263	1.3052705118278538	NaN	NaN	800000009	800000009	800000009	800000019	800000019	800000019	899999999	899999999	89999	89999	89	89	16	1	0	17	2	0	2	NaN	0	0	0	0	0	0	0	0	0	NaN	NaN	NaN	NaN	0	0	0	0	0	0	300	0	0	18000	0	15	18000	18000	18000	18000	93	NaN	0.24026763070492163	0.35973687666250453	0.13378560229594252	0.09001033107147352	1.7823896243606028	0.1507870891466838	6.384441524466844e-8	NaN	0.030332338921366393	0.17735790606171511	0.05055789419792003	0.000012680399320397263	NaN	18.182486395775214	522.1250776986795	91.86102269702488	91.69239692687987	92.0296486146715	-0.33725063881526085	0.00027354382885581195	35.714539234692744	099
DATA	2026-10-06T000000_AIU-1657.ghg	2026-10-06	00:30:00	279.02	0	18000	18000	0.047325644995004926	1	NaN	30.11337140716262	0	NaN	36.32826027054035	0	NaN	3.232204355626539	0	NaN	0.8167969925323012	0	NaN	0.031239429580872804	0	NaN	NaN	NaN	NaN	NaN	NaN	NaN	NaN	NaN	NaN	1.706656857488969e-10	4.8543239764059806e-12	8.690814416690839e-13	NaN	18.315462982767365	450.0061237412623	455.8407646368675	0.1	1	520.9552858038334	12.799734793910352	12.96569221569066	0.1	1	0.09326789333223115	2.1862990545570784	2.214645935189921	-1.4	0	NaN	NaN	NaN	NaN	9	297.5276357498169	286.63567519344326	97878.12402763445	1.1838751446629894	1012.390704604136	0.02434751408686028	0.05292844511609311	0.00947329670353022	1253.1500837805206	1541.3041210610656	0.008001939010407182	81.30453079680512	288.154037280545	283.463188814699	-0.9511012828859576	-0.04135146384763085	0.6791143803257431	1.169401528746587	-2.3200332404187477e-14	9.31812020856217e-15	1.169401528746587	2.719730871859865	338.51049312649843	182.4895068735016	35.50237462089192	NaN	0.1999379889338674	0.2593167619269183	-22.809823023936566	-0.0878174283903015	0.8289241263662284	0.1256637482317293	1	7.431872922097752	3	6	11	18	31	84	0.04673530502605488	1.0126315634105936	31.669158956899597	1.0215779598708685	33.13953270125845	1.0962212593046252	2.9484963260764063	1.0962212593046252	0.7451023099574137	1.0962212593046252	0.014591880371755446	1.30571719768467	NaN	NaN	800000009	800000009	800000009	800000019	800000019	800001019	899999999	899999999	89999	89999	89	89	9	6	0	6	0	0	6	NaN	0	0	0	0	0	0	0	0	0	NaN	NaN	NaN	NaN	0	16	0	0	0	0	300	150	0	18000	0	15	18000	18000	18000	18000	93	NaN	0.14097416114456568	0.2768365385731055	0.10082282413616551	0.12387247247432182	2.7968028952451442	0.10551260969557955	8.281056098941893e-8	NaN	0.026423021505384156	0.07271959706594709	0.018376668566215282	0.000014591880371755446	NaN	18.316927197363807	520.9894569100678	91.78060175832111	91.58064080471463	91.98056182352701	-0.3999224411514099	0.00027303093209209487	37.64316344930726	178
DATA	2026-10-06T003000_AIU-1657.ghg	2026-10-06	01:00:00	279.041	0	18000	18000	0.18283047005912798	1	NaN	35.46194101112034	0	NaN	105.2958126760162	1	NaN	8.40735889221314	1	NaN	2.366280077468094	1	NaN	0.051338186222520135	0	NaN	NaN	NaN	NaN	NaN	NaN	NaN	NaN	NaN	NaN	-3.229063898331836e-10	-8.844795702788918e-12	-1.6385817057477413e-12	NaN	18.386806576975843	450.89098999546985	456.52933193147226	0.1	0	503.6368214455646	12.350448353773459	12.50488934378351	0.1	1	0.09330346451093585	2.1816287575288964	2.208909783731011	0	1	NaN	NaN	NaN	NaN	9	297.13274629804823	286.1212247497213	97880.21038356285	1.186231524043783	1012.1296922958571	0.02430329740043816	0.15333494901993247	0.009157402778777322	1209.1887482994089	1490.3978789888608	0.0077197432315408	81.13194237231241	281.20913068945197	282.9296667924742	-0.6932734700652037	0.2155324913192609	0.48357387416447034	0.8723107536222531	4.683192463389372e-14	-1.756185276009432e-14	0.8723107536222531	2.8202538087136593	358.2699998307602	162.73000016923984	33.6666196031091	NaN	0.3925902930704993	0.4530652450590275	-146.62913324422604	-0.013660995981362237	0.3367839623426706	0.07523454846627566	0	18.427562262058608	-2.796453667257602	6.325585809503047	15.751603061686868	24.022188535506668	33.6914609845881	50.47594794292453	0.18029293757990042	1.0140744973890228	40.85210506652533	1.0216333087736458	96.28352379282629	1.0936015688684362	7.687771425668623	1.0936015688684362	2.1637497099757406	1.0936015688684362	0.025229274363805194	1.3076312218777513	NaN	NaN	800000009	800000009	800000009	800000019	800000019	800000019	899999999	899999999	89999	89999	89	89	4	0	0	14	0	0	8	NaN	0	0	0	0	0	0	0	0	0	NaN	NaN	NaN	NaN	0	0	0	0	0	0	300	0	0	18000	0	15	18000	18000	18000	18000	93	NaN	0.25317564112840313	0.5028599396114085	0.15009490937824346	0.08457926786294812	1.752738206992042	0.10043829184781604	8.01043865988386e-7	NaN	0.03402583669301338	0.1891752208133275	0.05324401656931858	0.000025229274363805192	NaN	18.38825047165163	503.66948781123983	91.81759541956585	91.59974826431274	92.03544182374742	-0.43569389932851016	0.0002724779458609797	37.500727094438346	094
DATA	2026-10-06T010000_AIU-1657.ghg	2026-10-06	01:30:00	279.062	0	18000	18000	0.3578653406691559	1	NaN	53.63593150534402	1	NaN	53.52470494626595	1	NaN	-4.992176301195465	1	NaN	1.2021572810546277	1	NaN	0.0244341803639711	2	NaN	NaN	NaN	NaN	NaN	NaN	NaN	NaN	NaN	NaN	-5.123395227663297e-10	-1.3671437091748462e-11	-2.582316153863132e-12	NaN	18.507037114955754	452.98774968632574	458.53031500644613	0.1	1	493.8478927130693	12.087674770298428	12.23557441444806	0.1	1	0.0932799809080736	2.174991275996656	2.2016035436048886	0.2	0	NaN	NaN	NaN	NaN	9	296.62491561126706	285.52597616077145	97867.4249580685	1.1886678921043985	1011.9717446653434	0.024255905034977068	0.07789979181233987	0.008980077336993832	1183.3069279378835	1433.3458372460616	0.0075547403918647515	82.55557711120251	250.03890930817806	282.6075136707687	-0.3033458680770333	-0.8693482386463772	0.3680665839430179	0.9915937101114242	2.272507855282527e-14	-2.7683497881587008e-14	0.9915937101114242	4.089815868982447	270.2356579959355	250.76434200406442	21.78883440515806	NaN	0.548693169112719	0.7292758868941267	-264.62568690221536	-0.007569559945025997	1.0020780415172719	0.0812638428074468	0	21.372669016594564	-3.243384979553011	7.336545654817011	18.26903601955879	27.86143263673666	39.07605542550306	58.5430516169894	0.35315123731345555	1.0133486814078925	55.752219432717766	1.0214952256229883	48.905080512580795	1.0944610331946343	-4.56131022465345	1.0944610331946343	1.0984011715297324	1.0944610331946343	0.001894284218250868	1.3066381581456812	NaN	NaN	800000009	800000009	800000009	800000019	800000019	800000019	899999999	899999999	89999	89999	89	89	6	2	0	16	12	0	12	NaN	0	0	0	0	0	0	0	0	0	NaN	NaN	NaN	NaN	0	0	0	0	0	0	300	0	0	18000	0	15	18000	18000	18000	18000	93	NaN	0.8574783257375201	0.39869289750592735	0.20238055054480591	0.10349129652486051	1.9693595339523495	0.033088279904677824	1.3773309336579486e-7	NaN	0.04634823947952863	-0.1119928033522349	0.026968791936167812	0.000001894284218250868	NaN	18.508499772212613	493.8823220417086	91.80220421091717	91.56201401265463	92.0423966568841	-0.4803827727768186	0.000272099839518584	37.336669811884555	117
DATA	2026-10-06T013000_AIU-1657.ghg	2026-10-06	02:00:00	279.083	0	18000	18000	0.022009095611327023	1	NaN	24.35697671848187	1	NaN	53.28853662448814	1	NaN	2.3599389169426535	1	NaN	1.1961796133906253	1	NaN	0.032703740623863026	1	NaN	NaN	NaN	NaN	NaN	NaN	NaN	NaN	NaN	NaN	-2.3531759705547636e-10	-6.105207799066411e-12	-1.1754617524022758e-12	NaN	18.634547889214378	455.16018783651685	460.59937062072754	0	0	483.46485145557256	11.80892361377003	11.950040731955127	0.1	1	0.09308355427374233	2.164400855604156	2.1902655339889043	-0.3	0	NaN	NaN	NaN	NaN	9	296.15032286834713	284.93910713152695	97867.77418454272	1.1912464834539236	1011.8052699666105	0.0242059631623427	0.07751243894771251	0.00879109026726167	1156.02307739165	1378.9861151126238	0.007379740791991772	83.83137906339513	222.96303772097372	282.26111506037097	-0.12783860108713377	-1.2513145243554198	0.35293380983301037	1.3064046160795462	-5.303401170723239e-15	-1.2628028243801799e-14	1.3064046160795462	3.855604018983226	256.8332955766716	264.1667044233283	15.673584786189009	NaN	0.13592529453018742	0.27190005135228873	-8.858338534243439	-0.22612592556230163	0.4570772301390033	0.14867040673219065	1	14.30772005439844	6	11	20	30	50	122	0.021741971107310052	1.012286121745749	26.938864387539216	1.0218113187094822	48.53832821517795	1.0978651013329461	2.149570939159457	1.0978651013329461	1.0895506305267495	1.0978651013329461	0.016503224920336217	1.3053395240017882	NaN	NaN	800000009	800000009	800000009	800000019	800000019	800000019	899999999	899999999	89999	89999	89	89	13	2	0	12	0	3	6	NaN	0	0	0	0	0	0	0	0	0	NaN	NaN	NaN	NaN	0	0	0	0	0	0	300	150	0	18000	0	15	18000	18000	18000	18000	93	NaN	0.28964604308149855	0.14743625700907007	0.10671780261400884	0.10615650264928383	1.6780160497033905	0.04071578067811292	9.832971508939331e-8	NaN	0.022350164055609967	0.05265439346756823	0.026688873838713913	0.000016503224920336216	NaN	18.635983020358612	483.4956728900635	91.77415160454645	91.50751178487141	92.0407915848626	-0.5332808583180126	0.00027099523370755684	37.118553343984814	129
DATA	2026-10-06T020000_AIU-1657.ghg	2026-10-06	02:30:00	279.104	0	18000	18000	0.07083124333106117	0	NaN	14.221326647384087	0	NaN	23.076455341736153	0	NaN	14.004180797229923	1	NaN	0.5176695761914759	0	NaN	0.03419178965716889	0	NaN	NaN	NaN	NaN	NaN	NaN	NaN	NaN	NaN	NaN	-6.093160547604146e-10	-1.5455448393879594e-11	-3.0233974593741434e-12	NaN	18.832493723945248	459.04900901079463	464.45709569653303	0.1	0	477.69073636660505	11.64388860854423	11.781066029076705	0.1	1	0.09344594358512978	2.1661064474514706	2.1916254905349053	0.2	0	NaN	NaN	NaN	NaN	9	295.65464562140573	284.2686247175832	97857.14563934499	1.1940013493086814	1011.701046763172	0.024151627665621803	0.03354498853720764	0.00868773232289061	1139.7433454766135	1319.1083363589087	0.00727614950177464	86.40255800540307	179.36499088229516	282.05097788952384	-0.5106002134364043	-1.1288686176752467	0.44459807278242586	1.3163298903599956	7.471277917495923e-15	-3.2354507251776114e-14	1.3163298903599956	3.276367517019042	275.337784672168	245.66221532783192	19.740204942182196	NaN	0.2435622760549621	0.31033728408259914	-87.2797660310978	-0.022950336499370255	0.6162699789366415	0.048336263009432806	0	14.795602719789777	-2.245289794528715	5.0788516286848	12.647058671476596	19.28756245545523	27.051080587236356	40.52744807195519	0.06997291289012103	1.012266610113659	15.270165195997437	1.0218327745663962	21.016954508545435	1.0979923533808542	12.754351844172064	1.0979923533808542	0.47146919976036933	1.0979923533808542	0.022142164293852976	1.3053224769458307	NaN	NaN	800000009	800000009	800000009	800000019	800000019	800001019	899999999	899999999	89999	89999	89	89	6	5	0	3	10	0	11	NaN	0	0	0	0	0	0	0	0	0	NaN	NaN	NaN	NaN	0	0	0	0	0	0	300	0	0	18000	0	15	18000	18000	18000	18000	93	NaN	0.3144605398228498	0.20620367528380087	0.10001035305854752	0.12517737003992593	8.385751975904707	0.012667536434856262	1.2647847832405277e-7	NaN	0.012641153893281654	0.31166836199600373	0.011520933012995423	0.000022142164293852976	NaN	18.83401279633851	477.72795431282344	91.63101252831358	91.32283756510415	91.93918847147626	-0.6163515398568642	0.00027112675549384826	37.30688212299349	124
DATA	2026-10-06T023000_AIU-1657.ghg	2026-10-06	03:00:00	279.124	0	18000	18000	0.07582534997273363	0	NaN	40.60599501301793	0	NaN	14.964231909045496	0	NaN	2.009295093160028	0	NaN	0.335693446886422	0	NaN	0.0276407630171603	0	NaN	NaN	NaN	NaN	NaN	NaN	NaN	NaN	NaN	NaN	9.42898899748159e-11	2.367079610614941e-12	4.665645475434143e-13	NaN	18.806469966638858	458.03798604705275	463.3660998134336	0.1	0	472.12285026064905	11.498712936760175	11.63247138597255	0.1	1	0.09305803785768815	2.157092052386798	2.1821843639630965	0	1	NaN	NaN	NaN	NaN	9	295.7891529973347	284.280380266265	97858.85709370587	1.1940386896763775	1011.6201726023193	0.02415220401839073	0.021752935358240143	0.00857920918988974	1125.5527426837464	1320.1381355324934	0.007185034508567707	85.26022484985947	194.585392848747	281.8656374169056	-0.20863042315781902	-0.7156568183649062	0.35833681195725997	0.8271013274943229	-9.654432307102554e-15	5.013694230872592e-15	0.8271013274943229	3.1157989434733926	267.25261830755176	253.7473816924482	25.67361896709712	NaN	0.25199853275897516	0.3509410105325291	-33.85494740349919	-0.05916712780930101	2.7135368697722897	0.13340013363478673	0	16.19348063802538	-2.457423161668492	5.558697882750365	13.841943691188618	21.109837503230644	29.60684725206654	44.35645225753332	0.07474746530743775	1.0144203507217604	40.73559673000017	1.021739754609242	13.686437465566813	1.0933620927062604	1.8377215622929408	1.0933620927062604	0.307028613051256	1.0933620927062604	0.010255332729270943	1.308116076752371	NaN	NaN	800000009	800000009	800000009	800000019	800000019	800001019	899999999	899999999	89999	89999	89	89	13	3	0	2	0	0	4	NaN	0	0	0	0	0	0	0	0	0	NaN	NaN	NaN	NaN	0	0	0	0	0	0	300	0	0	18000	0	20	18000	18000	18000	18000	93	NaN	0.45682193591191267	0.15963172402670095	0.08542836112644452	0.14432668951038477	9.634717651607227	0.029059899640509736	3.556775749009258e-7	NaN	0.03372393180711926	0.04490147375308487	0.007501700743591465	0.000010255332729270943	NaN	18.807894616868765	472.1571778673035	91.59428247367012	91.26956271107991	91.91900196499293	-0.6494394983185638	0.0002709657178800423	35.587315210766256	023
DATA	2026-10-06T030000_AIU-1657.ghg	2026-10-06	03:30:00	279.145	0	18000	18000	0.09732247248334967	0	NaN	36.28051103361909	0	NaN	169.8932250767694	0	NaN	22.145084952317497	1	NaN	3.8163968181871355	0	NaN	0.06266386595950507	0	NaN	NaN	NaN	NaN	NaN	NaN	NaN	NaN	NaN	NaN	1.7833521768865167e-10	4.263513056861541e-12	9.120215422390446e-13	NaN	18.153849799571013	443.9046059945808	448.66610163085625	0.1	0	434.00948312913954	10.612559359773098	10.726393851235642	0.1	1	0.09284033914538638	2.16504412554651	2.188267241542426	0	1	NaN	NaN	NaN	NaN	9	296.7009771601359	285.69509178894384	97837.60990342963	1.1882678246759815	1011.1528109542079	0.02427766781586123	0.24730251381852636	0.007877129071467887	1038.5859576985924	1449.356166159094	0.006629085554526256	71.65843579021197	410.77020846050164	280.68257934204024	-0.13245065220320495	-1.5142032540341672	0.45981770797510624	1.5880135372105995	-3.4602219492988434e-14	9.823548154114717e-15	1.5880135372105995	5.025396493777308	255.99906245873194	265.000937541268	16.831333296994792	NaN	0.2861866678062786	0.6315746829529348	-55.4844360207664	-0.036102016054561516	0.21354889824020393	0.10550981621530722	0	13.52175026160848	-2.0519777694454664	4.641579301597733	11.558188749612917	17.626967121049276	24.722072019277118	37.03816883622504	0.09617338729892672	1.0119480577392097	45.18130921886726	1.0226090568081232	154.19609275255664	1.1017998059743475	20.09900966785348	1.1017998059743475	3.463784253267504	1.1017998059743475	0.030628471209067615	1.3052016872770802	NaN	NaN	800000009	800000009	800000009	800000019	800000019	800011019	899999999	899999999	89999	89999	89	89	26	6	0	15	29	0	5	NaN	0	0	0	0	0	0	0	0	0	NaN	NaN	NaN	NaN	0	0	0	0	0	0	300	150	17896	18000	0	20	18000	18000	18000	18000	93	NaN	0.8892592170987541	0.20095905592165494	0.17293109288546052	0.18484361439394675	21.362901979229818	0.1731649352116988	2.150661008845608e-7	NaN	0.03760344897859719	0.4931925190020865	0.08499485842235552	0.000030628471209067614	NaN	18.155284733393177	434.0404766478451	92.11700404824153	91.88341596984863	92.35059315575494	-0.467175090117587	0.00027148733546103666	38.243400485090994	048
DATA	2026-10-06T033000_AIU-1657.ghg	2026-10-06	04:00:00	279.166	0	18000	18000	0.040795282858821176	1	NaN	25.374379949105467	0	NaN	57.52683796861073	0	NaN	8.232906447458989	0	NaN	1.2919788377238812	0	NaN	0.02555042502311127	0	NaN	NaN	NaN	NaN	NaN	NaN	NaN	NaN	NaN	NaN	-3.1021046829661336e-10	-7.519904897579634e-12	-1.5665885572820729e-12	NaN	18.339251796072453	448.30722542509267	453.23275494200647	0.1	0	444.5672970241828	10.867549759381527	10.986950996034821	0.1	1	0.09261474047152735	2.1578450398297933	2.18155317753944	-0.1	0	NaN	NaN	NaN	NaN	9	296.48764820098876	285.4728937803023	97845.24593352755	1.1891703955845996	1011.2903365401992	0.024256892772305447	0.0837202286845075	0.008073303199122849	1063.6233080848401	1428.3526543820337	0.006789021345552409	74.46503528535177	364.7293462971936	281.0318676923803	-0.1570323757704707	-1.0840055644160669	0.38109388911107706	1.1597240115833314	1.624713956735777e-14	-1.6915110373425825e-14	1.1597240115833314	3.826522577990404	259.24270321742074	261.7572967825793	19.18427196452174	NaN	0.18521788892840388	0.40590844212837696	-21.50755034238383	-0.09313473492388359	0.4410876878536395	0.11391805528960464	1	8.262427910743897	4	7	12	19	34	91	0.04028519158364313	1.0126620044519077	28.18421847365852	1.021566398124255	52.4825542083405	1.0961135340373467	7.5109978955687975	1.0961135340373467	1.178690708219885	1.0961135340373467	0.010318044367556706	1.3057538652150997	NaN	NaN	800000009	800000009	800000009	800000019	800000019	800010019	899999999	899999999	89999	89999	89	89	11	4	0	21	12	0	5	NaN	0	0	0	0	0	0	0	0	0	NaN	NaN	NaN	NaN	0	0	0	0	0	0	300	0	17800	18000	0	20	18000	18000	18000	18000	93	NaN	0.5440278397926697	0.15197696702561841	0.11581207743846585	0.18803779879579968	17.62578593668592	0.11047289625939351	1.9988302290190474e-7	NaN	0.02343613820680313	0.18419576414819833	0.02890559133601	0.000010318044367556705	NaN	18.340657013986856	444.5984000843873	92.08686224619547	91.8573668882582	92.3163562204573	-0.4589875243157136	0.0002718542094549371	37.48097417608897	143
DATA	2026-10-06T040000_AIU-1657.ghg	2026-10-06	04:30:00	279.187	0	18000	18000	0.09174215428204745	0	NaN	-6.649551044141142	2	NaN	160.13432961591678	0	NaN	29.802735237143704	1	NaN	3.5964112855837302	0	NaN	0.05040360719894368	0	NaN	NaN	NaN	NaN	NaN	NaN	NaN	NaN	NaN	NaN	-1.793485674495305e-10	-4.286902671274569e-12	-9.128197212938544e-13	NaN	18.24527394453926	445.9050221875681	450.70881342722305	0.1	1	436.11005497990345	10.658303313677438	10.773126564235698	0.1	1	0.09286188406088632	2.163395329879837	2.186701861577109	0.2	0	NaN	NaN	NaN	NaN	9	296.47708010270856	285.47291513389115	97857.73198291843	1.1894165470217435	1011.1739909420074	0.024253799555026108	0.23304745130582571	0.007918867663084956	1043.2771620710794	1428.3546599233775	0.006657774925793254	73.04048436590985	385.07749785229817	280.74858625141707	-0.22267225673787097	-1.526634406145088	0.5122634838643524	1.6256104763588077	8.888911609944358e-16	-9.829864325123428e-15	1.6256104763588077	5.403390247795933	259.2985440998674	261.7014559001326	18.368099477643156	NaN	0.2777266009704063	0.45468029349207567	276.7080622996706	0.007239037357106976	-0.0415248314342723	-0.0199074199850942	0	13.147176476380755	-1.9951347524222471	4.513000242319403	11.238008711780743	17.138672361208723	24.037231675699324	36.0121532072958	0.0906604598115514	1.0119312705091557	2.4952107221869215	1.0227405486874412	145.26376484814983	1.1023694021927062	27.035161877555325	1.1023694021927062	3.2624375081802555	1.1023694021927062	0.03300200186198738	1.3052347657791374	NaN	NaN	800000009	800000009	800000009	800000019	800000019	800001019	899999999	899999999	89999	89999	89	89	17	1	1	12	22	0	3	NaN	0	0	0	0	0	0	0	0	0	NaN	NaN	NaN	NaN	0	0	0	0	0	0	300	0	17900	18000	0	15	18000	18000	18000	18000	93	NaN	0.5331651849379068	0.20148840739888604	0.1747069946473585	0.2174771947236641	18.133163202346164	0.13650437324591672	4.1102185540094176e-7	NaN	0.0020746620440125056	0.6627713096092838	0.07997917636328943	0.00003300200186198738	NaN	18.246643162679717	436.1391192773785	92.12121548843383	91.89062460878161	92.35180780198839	-0.46117895835058526	0.0002714489815358926	37.554456823348985	232
DATA	2026-10-06T043000_AIU-1657.ghg	2026-10-06	05:00:00	279.208	0	18000	18000	0.17514184633817342	1	NaN	24.904655800600374	1	NaN	62.50196155617094	1	NaN	10.38803210943061	2	NaN	1.4024310062222045	1	NaN	0.06878643729428432	1	NaN	NaN	NaN	NaN	NaN	NaN	NaN	NaN	NaN	NaN	7.18106395796249e-10	1.745973691739347e-11	3.598346694364407e-12	NaN	18.584878785350657	452.9758531324199	458.0202427707245	0	0	451.8649271659425	11.013464400152644	11.136111568468095	0.1	1	0.09312664186520402	2.160550526177861	2.1846106578866897	-0.1	0	NaN	NaN	NaN	NaN	9	295.7541807200114	284.51930801650224	97871.39787032132	1.1934087645978024	1011.3538463629436	0.024169405754104544	0.09087752920319885	0.008211316153582997	1078.1922923490774	1341.2223683944885	0.006880556266360537	80.38877950117462	263.0300760454111	281.23179117459523	-0.18523000564019193	-1.0271986209977357	0.49542891156844227	1.1553774138292643	-1.9630981354893344e-14	3.863928326303044e-14	1.1553774138292643	3.7269610418697843	261.22203181899033	259.77796818100967	25.391598088395718	NaN	0.38308958966214096	0.6001725488039087	-193.92963678102095	-0.010329004030785844	0.3984619871204904	0.05386266530816786	0	20.179204869180246	-3.0622721907687396	6.926868033454235	17.248880816657596	26.30563158438674	36.894022328162585	55.2739684186835	0.1729495569124599	1.0126758892295005	27.9945047238493	1.02156139472273	57.023981799237305	1.0960644904843684	9.47757381031473	1.0960644904843684	1.2795150453258894	1.0960644904843684	0.04465273248238343	1.3057727497948604	NaN	NaN	800000009	800000009	800000009	800000019	800000019	800000019	899999999	899999999	89999	89999	89	89	9	3	0	2	0	0	5	NaN	0	0	0	0	0	0	0	0	0	NaN	NaN	NaN	NaN	0	0	0	0	0	0	300	150	15700	18000	0	20	18000	18000	18000	18000	93	NaN	0.9205444693832232	0.16590759921079645	0.11389302901379769	0.2209833756002001	21.779772356787575	0.07164305412173624	4.6345233348737485e-7	NaN	0.023194255390694748	0.23161893817510928	0.03126959727339943	0.000044652732482383435	NaN	18.586350259780914	451.9008144800643	91.94496222262914	91.67700846099854	92.21291573376124	-0.5359084074016993	0.0002705270175889988	37.344512732081945	197
DATA	2026-10-06T050000_AIU-1657.ghg	2026-10-06	05:30:00	279.229	0	18000	18000	0.09996057913965647	0	NaN	55.06640521701491	0	NaN	52.1696907661753	1	NaN	6.495819055761608	2	NaN	1.1697005720403548	1	NaN	0.13984763826037566	0	NaN	NaN	NaN	NaN	NaN	NaN	NaN	NaN	NaN	NaN	1.5774025236248836e-11	3.8350661664970317e-13	7.814413272549439e-14	NaN	18.838966112121835	457.75850389735785	462.9103591277191	0.1	1	458.0231137348159	11.129271853127413	11.25452653855321	0.1	1	0.09332777437769761	2.1575322120237987	2.181814215561804	0	0	NaN	NaN	NaN	NaN	9	295.0965076412625	283.722660632807	97881.48320356639	1.1968303548485548	1011.4041387284047	0.024099248635161774	0.07579659706821498	0.008321814728154298	1089.6418424679475	1272.0533691279259	0.006953211618038655	85.66007283286919	182.41152665997834	281.38724309053634	-0.0948614748420637	-1.0064572629096484	0.41031006886468024	1.0910129577986225	-5.807913607780298e-16	8.373084352064905e-16	1.0910129577986225	2.9570276371773048	256.38438440249774	264.6156155975023	22.09118774218368	NaN	0.2890001605629753	0.31505690625058763	-37.65872851324634	-0.053190855854185724	1.0555248537665805	0.1574096380300047	0	18.67746046774736	-2.834376684084318	6.411367776821629	15.965212289313335	24.34795608556944	34.148354605532	51.16045784401692	0.09868715881798185	1.0129036070845177	57.038361428669745	1.0215059938505078	47.62680902198478	1.0953849698831073	5.930169971617194	1.0953849698831073	1.0678442777658141	1.0953849698831073	0.09385175642011916	1.3060538916787043	NaN	NaN	800000009	800000009	800000009	800000019	800000019	800000019	899999999	899999999	89999	89999	89	89	11	2	0	11	10	0	3	NaN	0	0	0	0	0	0	0	0	0	NaN	NaN	NaN	NaN	0	0	0	0	0	0	300	0	16300	18000	0	20	18000	18000	18000	18000	93	NaN	0.46842307250150406	0.08304808448022916	0.07864265551944202	0.1612707454726557	4.056105101757591	0.04680313181186898	0.0000023097314788891103	NaN	0.047120481411031555	0.14452149099806985	0.026023950057941884	0.00009385175642011916	NaN	18.840443092953183	458.0533532973909	91.65725325605604	91.32398362011381	91.99052576531305	-0.6665456468727856	0.0002700140343707365	37.357088031503885	024
DATA	2026-10-06T053000_AIU-1657.ghg	2026-10-06	06:00:00	279.249	0	18000	18000	0.050803763746605675	0	NaN	24.33643825355527	1	NaN	40.61239326451475	1	NaN	12.39647697568031	1	NaN	0.9106120137870577	1	NaN	0.06591812727149689	0	NaN	NaN	NaN	NaN	NaN	NaN	NaN	NaN	NaN	NaN	-3.229010346561435e-10	-7.583010547534907e-12	-1.6076005376039399e-12	NaN	18.689325789752903	453.74778508273573	458.6349146694614	0	0	438.9002802079316	10.655816708258797	10.770586099576404	0.1	1	0.09304699261511118	2.151023667782791	2.174191453398872	0.7	0	NaN	NaN	NaN	NaN	9	295.1615097554526	283.7667924335716	97886.2556333863	1.1969177151525272	1011.1410785958386	0.024101822028301627	0.05900765849340134	0.007966942090409242	1043.3377875534936	1275.8012750866656	0.006656215368484197	81.77902059884832	232.46348753317193	280.7494375584149	-0.1820134411419939	-1.17736337973759	0.39305844465781603	1.2545151898723013	-2.3825982218037313e-14	-1.7277297120754653e-14	1.2545151898723013	3.7667879144855663	259.7880212916871	261.211978708313	18.25912267590041	NaN	0.206023042501183	0.3998130470574414	-30.869437595625772	-0.06488942319713142	0.5992367427117213	0.0976034506562037	0	12.01806241592732	-1.8237873375985136	4.125411923444461	10.272858995355627	15.666758146372484	21.97285106073094	32.91933486667255	0.050181522536623197	1.0123998073101181	26.184580888162618	1.0217085197354627	37.01394935222855	1.09721858853923	11.29809238119473	1.09721858853923	0.8299276218054153	1.09721858853923	0.043829995195834366	1.3054545840423055	NaN	NaN	800000009	800000009	800000009	800000019	800000019	800000019	899999999	899999999	89999	89999	89	89	15	0	0	1	8	0	10	NaN	0	0	0	0	0	0	0	0	0	NaN	NaN	NaN	NaN	0	0	0	0	0	0	300	0	18000	18000	0	15	18000	18000	18000	18000	93	NaN	0.528871411998045	0.1504168949132272	0.12033778720361063	0.26917844430761656	20.041560474501594	0.03510051884198989	6.549347465534275e-7	NaN	0.02163563159022096	0.2752382872876557	0.02021826778285596	0.00004382999519583437	NaN	18.690841182549807	438.93392902456714	91.81706110721163	91.49080935075547	92.143314549764	-0.652505099342927	0.0002701603576780245	37.93671838527254	194
DATA	2026-10-06T060000_AIU-1657.ghg	2026-10-06	06:30:00	279.27	0	18000	18000	0.08584858548495487	1	NaN	71.95564649828479	1	NaN	47.659856879101895	1	NaN	2.297988719451036	2	NaN	1.068486818144396	1	NaN	0.03640859766092039	1	NaN	NaN	NaN	NaN	NaN	NaN	NaN	NaN	NaN	NaN	-3.5882955085222687e-10	-8.422552953732062e-12	-1.7864243279064468e-12	NaN	18.719883926787016	454.53509649844807	459.4368195287107	-0.1	0	439.3986317086038	10.668981722646585	10.784036410001242	0.1	1	0.09319649394252127	2.1531081449431473	2.1763273415728843	1.4	0	NaN	NaN	NaN	NaN	9	295.07031841362857	283.6264572294825	97905.94343617585	1.1977448044926995	1011.145925831107	0.024085058400393496	0.06923794581575686	0.007982337046482749	1044.8369123419127	1263.916846771634	0.00666447227868681	82.66658641434304	219.07993442972133	280.77047449907224	-0.2668729556407767	-1.552615042148645	0.6866909349199971	1.7185398114851556	-5.091939099327386e-14	-1.916836409112364e-14	1.7185398114851556	4.075924173639853	260.7530430781985	260.24695692180154	23.551808388157585	NaN	0.26772222397110557	0.4433787630028095	-22.91337223854682	-0.08742056730655363	1.5097747079017398	0.22192300452766134	0	18.59621098313132	-2.8220467613313165	6.383477457982504	15.895761451897174	24.24203917642526	33.99980463445985	50.93790291800196	0.08483796884549412	1.0119123153608414	73.23511369916444	1.0230859112514783	43.17748640067966	1.1038126776724935	2.0818647637718657	1.1038126776724935	0.9679965086081581	1.1038126776724935	0.007044811920366589	1.305361030495112	NaN	NaN	800000009	800000009	800000009	800000019	800000019	800000019	899999999	899999999	89999	89999	89	89	12	1	0	0	1	0	4	NaN	0	0	0	0	0	0	0	0	0	NaN	NaN	NaN	NaN	0	0	0	0	0	0	300	150	16300	18000	0	15	18000	18000	18000	18000	93	NaN	0.6869440774096143	0.13158519540241553	0.06822825319358912	0.43570139341883835	14.839013174543883	0.05986279682187619	2.410873627915684e-7	NaN	0.06047017537688323	0.05068271239525081	0.023565742357110356	0.000007044811920366589	NaN	18.72139121519273	439.4267111163165	91.83610993660822	91.516109890408	92.15610946867201	-0.639998086376322	0.000269745670795803	37.72438898780608	230
DATA	2026-10-06T063000_AIU-1657.ghg	2026-10-06	07:00:00	279.291	1	18000	18000	0.32303607959140584	0	NaN	49.107407865510126	0	NaN	73.327338667005	0	NaN	6.49632583369447	1	NaN	1.6446274059811226	0	NaN	0.04138863509874418	1	NaN	NaN	NaN	NaN	NaN	NaN	NaN	NaN	NaN	NaN	1.1843709366361917e-10	2.7645759683644028e-12	5.98738755255316e-13	NaN	18.521546699566922	449.9443431455866	454.72011697013505	0.1	0	432.3326528763881	10.502666687302298	10.614143498639708	0.1	1	0.09363255609596521	2.1673631122439545	2.19036781533097	0.4	0	NaN	NaN	NaN	NaN	9	295.5076227433946	284.0716650787181	97926.1097347281	1.1961895005645915	1011.0613974782561	0.02411789695171454	0.10657185590757673	0.007847203979966131	1028.7611708198106	1301.959294579185	0.006560167913413649	79.01638515913228	273.19812375937454	280.54348451257187	-0.3000542816252628	-1.6064684115815744	0.5730461510468783	1.7318069235804427	1.743165356744624e-14	6.3945574084473466e-15	1.7318069235804427	4.760724461476846	261.57973309050374	259.42026690949626	19.323103803909493	NaN	0.5196674587544438	0.7747611069090575	-245.57556585561224	-0.00815675612115961	0.6697012159205352	0.078134704262432	0	19.64163965326832	-2.9806945953142288	6.74233929041717	16.78937815535069	25.60486103301789	35.91118166584348	53.80149400951191	0.3192333385024929	1.0119121051289675	52.26208537633766	1.023137429842831	66.41828123679227	1.104023430018925	5.884228230177245	1.104023430018925	1.4896671223299405	1.104023430018925	0.015614134026633687	1.3053836093335682	NaN	NaN	800000009	800000009	800000009	800000019	800001019	800001119	899999999	899999999	89999	89999	89	89	13	0	0	24	22	0	2	NaN	0	0	0	0	0	0	0	0	0	NaN	NaN	NaN	NaN	0	0	0	0	0	0	300	0	18000	18000	0	20	18000	18000	18000	18000	93	NaN	0.9806386800376459	0.3446692566852727	0.22421427709519642	0.11190711634889561	3.046609371044881	0.03663291639867412	1.1831432905464695e-7	NaN	0.04321248280169933	0.14342192684148553	0.03630908263232601	0.000015614134026633687	NaN	18.523042040665946	432.3649302216144	91.9377242427402	91.63167436430187	92.24377441363863	-0.6121011153459585	0.00027024868937183377	36.091723075330336	251
DATA	2026-10-06T070000_AIU-1657.ghg	2026-10-06	07:30:00	279.312	1	18000	18000	0.255245123134145	1	NaN	114.48857990437611	1	NaN	160.1991129130882	1	NaN	2.2526348512884335	0	NaN	3.59423488711426	1	NaN	0.045359618617110825	2	NaN	NaN	NaN	NaN	NaN	NaN	NaN	NaN	NaN	NaN	5.77099865205066e-10	1.3939874928113806e-11	2.9184485268326634e-12	NaN	18.55434454677497	451.39328527075685	456.3692740891746	0.1	1	448.1810825987056	10.903426459524168	11.02362170813645	0.1	1	0.09383107287616418	2.175733565170286	2.199718028930418	0.9	0	NaN	NaN	NaN	NaN	9	295.7585278956096	284.4195634858973	97950.25868798552	1.1948391463269616	1011.290819513259	0.02414148040541926	0.23290642068500403	0.008138678526233845	1068.2799202310741	1332.3846299745285	0.006811526514889341	80.1780429012827	264.10470974345435	281.0960294685603	-0.5143055898614138	-0.8787314205792085	0.6194616011852176	1.1918103140260685	-4.2094532172036956e-14	3.1103220259288263e-14	1.1918103140260685	3.5368839301186936	281.3396658820868	239.66033411791312	31.316507114324487	NaN	0.46219368250686743	0.5912857130552278	-74.12664729927661	-0.027022670968953263	0.7146642563900393	0.20499943110189844	0	17.357385724454627	-2.634050248908692	5.958228835006812	14.83683225334311	22.627105334212597	31.73483695854733	47.544568608336235	0.2520778760464326	1.0125645579746514	121.49963205107231	1.0216074056659608	146.1040095718649	1.0964730768342823	2.0544369933753424	1.0964730768342823	3.277996480763095	1.0964730768342823	-0.003957000121483907	1.3056381297428876	NaN	NaN	800000009	800000009	800000009	800000019	800000019	800001019	899999999	899999999	89999	89999	89	89	16	5	3	12	16	0	8	NaN	0	0	0	0	0	0	0	0	0	NaN	NaN	NaN	NaN	0	0	0	0	0	0	300	0	18000	18000	0	15	18000	18000	18000	18000	93	NaN	0.35724808512630823	0.5837250878609889	0.24159825312315858	0.14224225552196884	2.993565190937588	0.09420206101516566	1.966116897427928e-7	NaN	0.10055170870627173	0.050144038918178195	0.08000828627748785	-0.000003957000121483907	NaN	18.555815291700114	448.2101230050153	91.89983754560683	91.61038225301108	92.18929150560169	-0.5789079269005211	0.0002701016437883178	37.64605160355771	190
DATA	2026-10-06T073000_AIU-1657.ghg	2026-10-06	08:00:00	279.333	1	18000	18000	0.0446971138304027	1	NaN	43.58979486180282	1	NaN	55.988580036535765	1	NaN	1.1161993543679398	2	NaN	1.2561428179823884	1	NaN	0.01201255596163098	2	NaN	NaN	NaN	NaN	NaN	NaN	NaN	NaN	NaN	NaN	-2.0073994005998392e-10	-4.696113190183268e-12	-1.0128339186928283e-12	NaN	18.513840095934384	450.31971528457274	455.11424657886414	0.1	1	433.11305487827434	10.534786221992185	10.646949559518042	0.1	1	0.09341163103274035	2.1654886111290135	2.1885444591434147	0	1	NaN	NaN	NaN	NaN	9	295.51476571485733	284.4032656981043	97964.37987067444	1.1952471592887706	1011.0853691813749	0.024136617351485517	0.08139805460525876	0.00786509759045637	1032.3106314492782	1330.9454664965	0.006580310632268291	77.56220351887669	298.63483504722194	280.59387082740034	-0.10530300490706557	-1.8269597002874751	0.32136828465024825	1.8579957060488552	1.993932375725868e-14	-1.0842696005787917e-14	1.8579957060488552	5.34102387978608	254.29878631889187	266.7012136811081	9.960257179282637	NaN	0.1933796991975973	0.5549382449925728	-14.260329928458802	-0.140466595797513	0.7785479616264241	0.18652128493638262	1	15.203987288903066	7	12	21	33	57	144	0.044169867439549496	1.0119367890694893	45.85505565018484	1.0236522498310003	50.61985191405737	1.1060597358442188	1.009167333549107	1.1060597358442188	1.1356916604722223	1.1060597358442188	-0.005342547709326652	1.3056537278771023	NaN	NaN	800000009	800000009	800000009	800000019	800001019	800001019	899999999	899999999	89999	89999	89	89	21	14	0	22	40	0	5	NaN	0	0	0	0	0	0	0	0	0	NaN	NaN	NaN	NaN	0	0	0	0	0	0	300	150	18000	18000	0	20	18000	18000	18000	18000	93	NaN	0.5043344795343631	0.3363984488895446	0.269143561561238	0.09796617744960817	2.284793207798318	0.024443231377312562	1.0956039786690235e-7	NaN	0.03794387479948865	0.024617293260004197	0.027703685731148738	-0.000005342547709326652	NaN	18.515277492555626	433.1462416399575	92.04217688624064	91.76953282207914	92.31482153532241	-0.5452881088223728	0.0002703715623000689	37.151055514971425	234
DATA	2026-10-06T080000_AIU-1657.ghg	2026-10-06	08:30:00	279.354	1	18000	18000	0.10646121732848829	1	NaN	89.66490819186369	1	NaN	-63.640036013021714	1	NaN	-19.374260173790358	1	NaN	-1.4274750228180912	1	NaN	0.04959915173305742	1	NaN	NaN	NaN	NaN	NaN	NaN	NaN	NaN	NaN	NaN	-2.300152863207546e-10	-5.594676209694884e-12	-1.141312312316922e-12	NaN	18.763848448659715	456.177999703203	461.29638107014136	0.1	1	456.3942605607794	11.09564604661418	11.220140757047568	0.1	1	0.09310429582075896	2.1564707350861205	2.1806666402722406	1.1	0	NaN	NaN	NaN	NaN	9	294.66059497155106	284.15940555028436	98005.89024254061	1.19652496787263	1011.3932939796206	0.024105707237579814	-0.09250038147861231	0.008294448414858671	1087.7303625259203	1309.5743621771626	0.006932114780359197	83.05983943650001	221.84399965124226	281.36139117148224	-0.4271741635597911	0.5077933456647845	-0.007595600808197577	0.6636185207377747	-8.343295523904892e-14	-1.2258428059153526e-14	0.6636185207377747	2.9838021247544537	30.928237396156305	130.0717626038437	-0.6558065488861546	NaN	0.29828734677861324	0.8123378702358731	-25.452759218180454	-0.07869873685715069	-1.4089386777455137	0.24839671140232764	0	13.843693274831468	-2.100833863766149	4.752091919976181	11.833380795129056	18.046652354036127	25.310686525906455	37.92002062676222	0.1047703894442107	1.0161384136610272	84.41564435261974	1.0224739985048121	-58.22343056801675	1.0930313688520512	-17.725255400618597	1.0930313688520512	-1.3059780931239762	1.0930313688520512	0.018915902521122106	1.310540289497163	NaN	NaN	800000009	800000009	800000009	800000019	800000019	800000019	899999999	899999999	89999	89999	89	89	8	4	0	12	30	0	1	NaN	0	0	0	0	0	0	0	0	0	NaN	NaN	NaN	NaN	0	0	0	0	0	0	300	0	17600	18000	0	15	18000	18000	18000	18000	93	NaN	1.0516496918280083	0.3958943416634258	0.1771317069803122	0.4858190590020884	19.072028225646346	0.1041968831750154	9.965982839089045e-8	NaN	0.06975592541449581	-0.43207525750248277	-0.031834848532532316	0.000018915902521122105	NaN	18.765290642123766	456.4262490612956	91.83608903418649	91.54260286034477	92.129572614034	-0.5869674390504755	0.0002703611732269767	37.13673464997608	140
DATA	2026-10-06T083000_AIU-1657.ghg	2026-10-06	09:00:00	279.374	1	18000	18000	0.1187845227991325	1	NaN	53.68571377326944	1	NaN	-19.571915470679613	2	NaN	-26.153585684661824	1	NaN	-0.4394193237574657	2	NaN	0.0052025233277745355	0	NaN	NaN	NaN	NaN	NaN	NaN	NaN	NaN	NaN	NaN	-8.972269609737072e-10	-2.2393511587933016e-11	-4.501732633950267e-12	NaN	18.476120291819694	451.405535311854	456.54922040448446	0.1	1	461.1377408965681	11.2664415198724	11.394820599789364	0.1	1	0.09270179930417052	2.156804280738483	2.1813806785863554	-0.1	0	NaN	NaN	NaN	NaN	9	293.8724593895806	285.13896617652335	98032.52317134534	1.1926611318168876	1011.5064039697058	0.024182233488452623	-0.028474372179483773	0.00839547264166411	1104.7739538038104	1397.2911461284712	0.007039277475970508	79.06540858466401	292.51719232466075	281.5904985505345	-0.47655001870169006	0.5902304140698139	0.057251266447680235	0.7607559198110183	-8.607232256422581e-14	-4.8561437509743575e-14	0.7607559198110183	3.1506555911231606	32.08271218294226	128.91728781705774	4.315917919514076	NaN	0.3155886645362313	0.37738795693092186	-50.35736450744784	-0.0397776972562522	-2.742997426782023	0.14101055867298495	0	14.861360595807747	-2.2552688059099513	5.101424179599945	12.703267514864816	19.373284488187178	27.171306956996094	40.70756908196824	0.1170270951900866	1.0150172710532661	51.61907667585567	1.0219636067330573	-17.904722127634567	1.0931147286822098	-23.92574630861569	1.0931147286822098	-0.401988292928046	1.0931147286822098	-0.00915388558149304	1.3089520625721793	NaN	NaN	800000009	800000009	800000009	800000019	800000019	800010119	899999999	899999999	89999	89999	89	89	16	1	0	34	14	0	0	NaN	0	0	0	0	0	0	0	0	0	NaN	NaN	NaN	NaN	0	0	0	0	0	0	300	0	18000	18000	0	20	18000	18000	18000	18000	93	NaN	0.30789035127883757	0.28083019144414145	0.16605537113886473	0.06114359016594648	11.302730633843282	0.04876638624336041	2.562524869961201e-8	NaN	0.042788250451776595	-0.5851725645501222	-0.009831773573856	-0.00000915388558149304	NaN	18.47779766576369	461.17915369077525	92.0706895476447	91.87277970250449	92.26859917280409	-0.3958208694987874	0.0002717432330246087	37.87166177251602	150
DATA	2026-10-06T090000_AIU-1657.ghg	2026-10-06	09:30:00	279.395	1	18000	18000	0.11724562540869182	0	NaN	69.9875807742882	0	NaN	94.2247637772757	0	NaN	-0.748014530426207	2	NaN	2.117703354369472	0	NaN	0.020188114995464586	1	NaN	NaN	NaN	NaN	NaN	NaN	NaN	NaN	NaN	NaN	-4.484571088322644e-10	-1.0385898696718335e-11	-2.308066239749602e-12	NaN	17.967988695974356	441.0656517539133	445.6175092206187	0.1	1	416.1238760738848	10.214718615223386	10.320135899507724	0.1	1	0.09247552840307928	2.161155455397968	2.183458873397638	-0.2	0	NaN	NaN	NaN	NaN	9	294.59152035098606	286.2292307139252	98052.92189508298	1.1888400582020973	1010.9426189165608	0.024269647228890058	0.13722717736314177	0.007584339024962376	1001.8516705976306	1500.9610379762883	0.006379612608639971	66.7473468830613	499.1093673786577	280.1564217429564	-0.9784311017773208	0.5701238317355506	0.46136512256910595	1.222794496536952	-5.6278702912421825e-14	-2.495867046781586e-14	1.222794496536952	3.795300596239707	11.229006747652988	149.770993252347	22.16677918636518	NaN	0.31404118585768687	0.5126733679462953	-38.06205084585499	-0.05262722200945565	0.7427726848933444	0.18543189520934839	0	15.165356625288586	-2.3014013762078567	5.205776179223277	12.96311874860994	19.769574015276167	27.727108653447893	41.540261303582604	0.11580053160464572	1.012479163817484	74.02944452990654	1.0216540426733551	85.90598166715338	1.0968358890578052	-0.6819748860230679	1.0968358890578052	1.9307385685461151	1.0968358890578052	-0.008016396736063521	1.3055407273297275	NaN	NaN	800000009	800000009	800000009	800000019	800000019	800010019	899999999	899999999	89999	89999	89	89	13	3	0	18	8	1	3	NaN	0	0	0	0	0	0	0	0	0	NaN	NaN	NaN	NaN	0	0	0	0	0	0	300	150	18000	18000	0	20	18000	18000	18000	18000	93	NaN	0.4465550862527859	0.4224775278987177	0.15631412174108703	0.18208043665876972	7.403343355726131	0.28421639243965174	1.0860022112404455e-7	NaN	0.061596289953602286	-0.016722147755224084	0.047342059482885265	-0.00000801639673606352	NaN	17.96943042121854	416.1573596316216	92.23203730858697	92.10287142393324	92.3612034310235	-0.25833112532687375	0.0002731413503837149	38.474683209631195	202
DATA	2026-10-06T093000_AIU-1657.ghg	2026-10-06	10:00:00	279.416	1	18000	18000	0.07405152809598999	1	NaN	59.9893320067656	0	NaN	95.17477697385762	0	NaN	0.9756659782941417	1	NaN	2.1399506371353625	0	NaN	0.017689796886286926	0	NaN	NaN	NaN	NaN	NaN	NaN	NaN	NaN	NaN	NaN	1.497850303546823e-10	3.3068026582432417e-12	7.71544866053234e-13	NaN	17.85127415833401	439.0268404854244	443.3237073236817	0.2	0	394.10240596157473	9.692391287164101	9.78725317455846	0.1	1	0.09195217236834392	2.15267086001916	2.173739594727662	0	0	NaN	NaN	NaN	NaN	9	295.05058855946857	286.6653089447883	98058.79433417197	1.1873380450290345	1010.6620606921218	0.024305167065840773	0.1386688012863715	0.007185998496291392	950.6791450659562	1544.2824455832979	0.006052192571758846	61.56122202806436	593.6033005173417	279.3943395653051	-1.3366009812681072	0.8477737446047832	0.7891100594771244	1.7685918667505574	-2.543805299377506e-14	8.390719285701741e-15	1.7685918667505574	3.5252519871854	13.385970155217592	147.61402984478244	26.49885017053786	NaN	0.24973523470899878	0.3101983599030877	-22.330729191160827	-0.08970150427478593	0.6303070405223363	0.2001768535934872	0	15.52722701999046	-2.3563166047087836	5.329994575615211	13.27244011928608	20.241308622563043	28.388723147605823	42.531480377777	0.07317964090227214	1.0119143409692624	64.13146444813623	1.023282927087804	86.16166521407783	1.104606981972618	0.8832697911720491	1.104606981972618	1.9372959541807506	1.104606981972618	-0.00727891735952365	1.305454616052625	NaN	NaN	800000009	800000009	800000009	800000019	800000019	800010019	899999999	899999999	89999	89999	89	89	14	0	1	15	1	0	2	NaN	0	0	0	0	0	0	0	0	0	NaN	NaN	NaN	NaN	0	0	0	0	0	0	300	0	18000	18000	0	20	18000	18000	18000	18000	93	NaN	0.22979538194573326	0.2974087331003215	0.09319260476012062	0.11662420706483259	0.24423279192709837	0.17235930119207002	2.1929991886920982e-8	NaN	0.053442997697082495	0.02167818969630219	0.047547272206469704	-0.00000727891735952365	NaN	17.8526476770449	394.1247295704114	92.25502502314251	92.14751930067274	92.36253293312919	-0.21501365218352952	0.0002736225541027833	38.55069839869605	038
DATA	2026-10-06T100000_AIU-1657.ghg	2026-10-06	10:30:00	279.437	1	18000	18000	0.03697153544882586	0	NaN	23.13236245876435	1	NaN	73.59080606330441	0	NaN	3.238085955718232	1	NaN	1.6554599508748478	0	NaN	0.01828586021841455	2	NaN	NaN	NaN	NaN	NaN	NaN	NaN	NaN	NaN	NaN	3.6744885676963073e-10	8.203271461893556e-12	1.898974796624828e-12	NaN	17.7794149314565	438.1185594215993	442.446110630131	0.2	0	396.9242642325608	9.780967906732	9.877580201680813	0.1	1	0.0918839730524411	2.156113152400524	2.177410332987259	0	1	NaN	NaN	NaN	NaN	9	295.4893357289632	287.17648983885346	98069.04456413312	1.1853086012626717	1010.7215606735518	0.024345963062369236	0.10727380481669013	0.007239518282668934	959.4674755017032	1596.4605234689673	0.006107707541273981	60.099668071770765	636.993047967264	279.5277542720969	-1.0540329881287365	0.9282165618939521	0.6292952896427143	1.5390204960962506	-1.3281649880726157e-14	2.0667094962698476e-14	1.5390204960962506	3.5169470286374667	22.36822060474333	138.6317793952567	24.135337483090826	NaN	0.17661111231571566	0.2236799467015879	-20.48400803120814	-0.09778847952745397	0.3143376692852826	0.10932991155710056	1	13.577104855881082	6	11	19	31	54	142	0.03653391079136359	1.011978587782771	26.834829718125626	1.0224454661170714	66.83580102086383	1.1010686628911934	2.9408574277426482	1.1010686628911934	1.503502920996707	1.1010686628911934	0.004235787093470871	1.3051757633185428	NaN	NaN	800000009	800000009	800000009	800000019	800000019	800000019	899999999	899999999	89999	89999	89	89	14	11	0	15	1	1	2	NaN	0	0	0	0	0	0	0	0	0	NaN	NaN	NaN	NaN	0	0	0	0	0	0	300	0	4	18000	0	15	18000	18000	18000	18000	93	NaN	0.17718303104027971	0.19849042190898605	0.07168644045390997	0.09738072891676079	0.7432399777032564	0.14847527107765646	5.591322436010045e-8	NaN	0.02239937382249596	0.07230541293436393	0.03696588570569851	0.000004235787093470871	NaN	17.78083543333984	396.95139154594915	92.23111925188701	92.14347342469956	92.31876469866435	-0.17529262420700928	0.00027372719420074845	37.28359409163253	058
DATA	2026-10-06T103000_AIU-1657.ghg	2026-10-06	11:00:00	279.458	1	18000	18000	0.07413388759091867	1	NaN	19.754621362894927	0	NaN	36.32339798290516	1	NaN	0.646613113149118	1	NaN	0.8175845234073156	1	NaN	0.005453292257086822	1	NaN	NaN	NaN	NaN	NaN	NaN	NaN	NaN	NaN	NaN	-1.0110569630592734e-9	-2.245607512102701e-11	-5.2315418788348966e-12	NaN	17.684163892633624	436.998030956076	441.2810796821069	0.1	1	392.77402494111806	9.70594236470851	9.801070994897401	0.1	1	0.09150369106460426	2.152964888044749	2.174066249761997	0	0	NaN	NaN	NaN	NaN	9	295.38520153215194	287.7780699235302	98066.35708620233	1.1828320614819876	1010.6926338670446	0.024397631812111645	0.052979477116794044	0.007168773008614362	952.0817271541207	1659.844531673686	0.006060685402484357	57.359692970407266	707.7628045195654	279.4157048331507	-0.5148192119892313	0.7129501397322513	0.19206383063451973	0.90012512342203	6.78136588536276e-14	-5.717301474911298e-14	0.90012512342203	2.722864179768772	35.167059645844404	125.83294035415561	12.320185621913055	NaN	0.25034956646313167	0.21683545708938273	-68.31941022118957	-0.029319632495579263	0.543853891978719	0.06600543202083314	0	15.714087502721682	-2.384673403875603	5.394137732540269	13.432165649447908	20.484900134135216	28.7303637061328	43.04332018951112	0.07311878070196152	1.0138829843606776	21.454434952730637	1.021583800557498	33.20926101455369	1.093773148610164	0.5911766200978297	1.093773148610164	0.7474900297618424	1.093773148610164	-0.002962649595105135	1.3073673332152258	NaN	NaN	800000009	800000009	800000009	800000019	800000019	800000119	899999999	899999999	89999	89999	89	89	14	1	0	31	4	3	6	NaN	0	0	0	0	0	0	0	0	0	NaN	NaN	NaN	NaN	0	0	0	0	0	0	300	150	0	18000	0	15	18000	18000	18000	18000	93	NaN	0.20586082706528303	0.1369177363355228	0.09089235077795964	0.05986831736897608	0.03065991429169763	0.07380990915421938	1.939052430132017e-8	NaN	0.017946298728940893	0.014564711684710022	0.01841577694475627	-0.000002962649595105135	NaN	17.68553475492748	392.8004330640845	92.20202956708272	92.14196273167929	92.26209430758158	-0.12013332844815257	0.00027437441140743126	37.80246199745602	164
DATA	2026-10-06T110000_AIU-1657.ghg	2026-10-06	11:30:00	279.479	1	18000	18000	0.012148007152961118	1	NaN	63.66548939266431	1	NaN	68.06150544864457	1	NaN	0.09935961942205657	2	NaN	1.5329661150202931	1	NaN	-0.0025505819527643445	1	NaN	NaN	NaN	NaN	NaN	NaN	NaN	NaN	NaN	NaN	7.444315917067768e-10	1.6938696462884625e-11	3.861580026886472e-12	NaN	17.63811391820817	437.13967239303474	441.5314164622916	0.1	1	401.33527535192195	9.946617399153878	10.046546553908392	0.1	1	0.09149395213379001	2.1596063626568496	2.1813029485173985	-0.3	0	NaN	NaN	NaN	NaN	9	296.11076821560323	288.4600655091876	98057.358599488	1.17981947939599	1010.8402328265305	0.024457695158187832	0.09933620425331499	0.00732849303438092	975.6006535304984	1734.3645906788342	0.00621153758042099	56.251186098572624	758.7639371483358	279.76988724888986	-0.020922849463995676	0.8005668679578327	0.16522425586793296	0.817706628583067	4.5832254373399677e-14	4.220585007891833e-14	0.817706628583067	3.9704560322126268	69.50291313751256	91.49708686248742	11.657337565498844	NaN	0.10147165373043106	0.33104890184875285	-1.411554704665276	-1.419073588419655	0.9354111251726978	0.5260914722228911	1	6.842017539198323	3	5	9	13	21	47	0.011974403698598162	1.0144978788700167	66.37649770018898	1.0217663633090563	62.25221266326134	1.0933186554638183	0.09087892072957016	1.0933186554638183	1.402121977302183	1.0933186554638183	-0.022818218580895448	1.3082219465437177	NaN	NaN	800000009	800000009	800000009	800000019	800000019	810000019	899999999	899999999	89999	89999	89	89	8	0	0	18	16	2	0	NaN	0	0	0	0	0	0	0	0	0	NaN	NaN	NaN	NaN	0	0	0	0	0	0	300	0	0	18000	0	15	18000	18000	18000	18000	93	NaN	0.19167621736985438	0.3599707229554639	0.11045086337218746	0.6743209091420272	0.4939390239030107	0.050024365865557086	4.039327291622621e-8	NaN	0.05565654615508657	0.0022450253374879238	0.03463728816343478	-0.000022818218580895446	NaN	17.639463272607646	401.3610011016581	92.14654341379801	92.11179136721293	92.18129463640848	-0.06950119739025734	0.0002759375342349004	37.35697102016872	121
DATA	2026-10-06T113000_AIU-1657.ghg	2026-10-06	12:00:00	279.499	1	18000	18000	0.18653578317812264	1	NaN	68.94902510099082	1	NaN	119.1226229579028	1	NaN	2.863860113034805	2	NaN	2.684401340580657	1	NaN	0.08075877782961322	1	NaN	NaN	NaN	NaN	NaN	NaN	NaN	NaN	NaN	NaN	3.357588410723796e-10	7.999463076738395e-12	1.7441248673078332e-12	NaN	17.705607911791954	439.385770166171	444.0340865375904	0.1	1	421.8365666536673	10.468377343877153	10.579123601707343	0.1	1	0.09197312854407218	2.176641675678138	2.1996686370017646	0	1	NaN	NaN	NaN	NaN	9	296.77711042531325	288.9918126776496	98038.23544503617	1.1771857639609593	1011.1404630102516	0.024507559930013308	0.17394920686962656	0.007697223367299827	1026.576537210591	1794.488810834041	0.00653866501188431	57.20718518904888	767.9122736234501	280.5123962789923	-0.07599137642666855	0.5302354672713268	0.3421557662447809	0.6356059379979471	-1.3268737974922347e-13	1.8963417847334335e-14	0.6356059379979471	3.8392971551173183	62.84411863300886	98.15588136699117	32.56895957980401	NaN	0.39806920066971485	0.6022607388104716	-78.6860342824566	-0.02545686815031927	0.5788071433362996	0.14551677519756426	0	15.881976472450821	-2.4101512027517904	5.451768582968995	13.575674615636773	20.703760362444918	29.03731828823823	43.503194087953325	0.18350223442542718	1.0165313995341472	74.44141612623596	1.022671888317862	108.97872746381664	1.0930814272671165	2.6199878998904285	1.0930814272671165	2.455810952064296	1.0930814272671165	0.03859813852261432	1.3110987338322426	NaN	NaN	800000009	800000009	800000009	800000019	800000019	810000019	899999999	899999999	89999	89999	89	89	27	3	0	22	11	2	3	NaN	0	0	0	0	0	0	0	0	0	NaN	NaN	NaN	NaN	0	2	0	0	0	0	300	0	0	18000	0	20	18000	18000	18000	18000	93	NaN	0.4219671455653162	0.5587789284491882	0.2237754036064388	0.49134503365599913	0.5939857693652776	0.14370698213796257	1.5984126850142183e-7	NaN	0.06254003714912895	0.06488897495807244	0.0608228211194886	0.00003859813852261432	NaN	17.70696185468217	421.8524330232823	92.10897981177436	92.0723297174242	92.1456269124349	-0.0732971709958368	0.0002758021333203133	37.1446550828086	133
DATA	2026-10-06T120000_AIU-1657.ghg	2026-10-06	12:30:00	279.52	1	18000	18000	0.4732345976431021	0	NaN	-93.36018498454426	1	NaN	117.53682915160782	0	NaN	5.347634194354632	1	NaN	2.651532330734818	0	NaN	0.10604022548686111	1	NaN	NaN	NaN	NaN	NaN	NaN	NaN	NaN	NaN	NaN	1.1749420231076468e-10	2.8316815925672563e-12	6.12305558805114e-13	NaN	17.61017288133088	438.94997563686627	443.64326031808497	0.1	1	424.4158554998167	10.578960847627123	10.692071857184292	0.1	1	0.09177309632894168	2.1830885726289186	2.206430312518065	0	1	NaN	NaN	NaN	NaN	9	297.09123858218726	290.1151181067712	98004.24196513664	1.1721719785907865	1011.2263878839356	0.024611353994225378	0.17181929503161622	0.0077457289747343986	1037.0611447254228	1927.5438166309743	0.006608014110733564	53.80220858159443	890.4826719055516	280.66106804073627	0.7109534120050821	0.4237854359206569	0.32407438579807546	0.8888605387071197	2.5082480216962902e-14	6.6719505312366426e-15	0.8888605387071197	6.375650920934901	130.2016563779141	30.798343622085852	21.382679665069084	NaN	0.6353932200478043	1.2320012060968681	236.28013888076188	0.00847764864828888	-0.7943057989434213	-0.12395938076625161	0	16.71257448136866	-2.5361976550726992	5.736886001317374	14.285657301042697	21.786528754904644	30.55591635418804	45.77833071554488	0.4679637940301593	1.011263272244953	-85.08581196365336	1.0211715562052492	106.37356936614636	1.1049439240591488	4.839733562866642	1.1049439240591488	2.399698548496547	1.1049439240591488	0.09647892507469856	1.3887445649763923	NaN	NaN	800000009	800000009	800000009	800000019	800000019	800001019	899999999	899999999	89999	89999	89	89	18	2	1	4	14	1	1	NaN	0	0	0	0	0	0	0	0	0	NaN	NaN	NaN	NaN	0	256	0	0	0	0	300	150	0	18000	0	20	18000	18000	18000	18000	93	NaN	1.2468065972878912	0.7152771688660878	0.501918646039757	0.4214608704831426	1.3969060378071616	0.08963552762373848	3.0916619255360995e-7	NaN	-0.07178230809030337	0.12038629952219165	0.059691473604832034	0.00009647892507469856	NaN	17.61156749168999	424.4477955540373	92.04986052682665	92.04791856426662	92.05180160225763	-0.003886310719404112	0.00027696588453384016	37.03389332652776	018
DATA	2026-10-06T123000_AIU-1657.ghg	2026-10-06	13:00:00	279.541	1	18000	18000	0.9006313704864556	1	NaN	-225.83199503211736	2	NaN	280.21010552694776	1	NaN	35.139255423782224	1	NaN	6.322533905609575	1	NaN	0.40486130091922873	1	NaN	NaN	NaN	NaN	NaN	NaN	NaN	NaN	NaN	NaN	-1.4697647434506463e-9	-3.485038332433086e-11	-7.718468761944155e-12	NaN	17.44669484622234	435.7792458348627	440.3291655046167	0.1	1	413.68797682953345	10.332996372247482	10.440881967743238	0.1	1	0.09162130862765594	2.1812957846558736	2.2040704364802015	0	1	NaN	NaN	NaN	NaN	9	297.20088087463375	290.3168506652487	97954.63399474754	1.1708738771491802	1011.0947769515884	0.024640940382262094	0.4097001970835004	0.007556554049060197	1012.4363802263565	1952.3337546416506	0.006453772858489883	51.85775115649673	939.897374415294	280.3097527329335	0.444154373561981	0.19718465938512802	0.3461736996208447	0.5966499206069105	-1.0110637944327069e-14	-8.424316218088083e-14	0.5966499206069105	6.268646530949922	137.06092145570187	23.939078544298155	35.46430610406712	NaN	0.8770381331443792	1.3864405992619853	256.7782155164333	0.0078008953990561765	-0.8059380820953267	-0.2175028794432679	0	17.009957504857773	-2.5813266761982194	5.838967969980314	14.539855836729071	22.174197560790226	31.09962736657688	46.59290888922183	0.8895414840197398	1.012466969406083	-206.00471648810776	1.0210827187697342	254.24292617902339	1.1021353071181998	31.882886971167206	1.1021353071181998	5.736622232111747	1.1021353071181998	0.3441276992205601	1.3891193442901122	NaN	NaN	800000009	800000009	800000009	800000019	800000019	810000119	899999999	899999999	89999	89999	89	89	16	2	0	27	10	6	5	NaN	0	0	0	0	0	0	0	0	0	NaN	NaN	NaN	NaN	0	0	0	0	0	0	300	0	0	18000	0	15	18000	18000	18000	18000	93	NaN	0.9879450562789102	0.8699058995790927	0.9150302426659676	0.4517509639894805	3.7307469587542736	0.08441198893470284	7.340355657666431e-7	NaN	-0.17401038983820122	0.7938291510788826	0.14283204531307847	0.0003441276992205601	NaN	17.44810573651635	413.71933474928284	92.02270781538222	92.03672509892782	92.00868923547533	0.028034706038837093	0.00027769700462360774	37.601299531230225	167
DATA	2026-10-06T130000_AIU-1657.ghg	2026-10-06	13:30:00	279.562	1	18000	18000	0.4684857127906401	1	NaN	-5.268440097114467	2	NaN	108.24236939197866	1	NaN	-0.26653153800140994	0	NaN	2.44331943351294	1	NaN	0.08336056592815679	0	NaN	NaN	NaN	NaN	NaN	NaN	NaN	NaN	NaN	NaN	-8.726172578713569e-10	-2.047385655350862e-11	-4.58624584070796e-12	NaN	17.31195804123737	433.4598783900944	437.9134977349071	0.1	1	406.1832864287755	10.170089225038447	10.274582647311638	0.1	1	0.09098707920906199	2.1702152925663536	2.192513348952286	0.9	0	NaN	NaN	NaN	NaN	9	297.4718457251655	290.73632604566666	97903.68152277541	1.1686486352536578	1011.0142335971311	0.024689386314664392	0.15832709929163852	0.0074228256887202415	995.9562596277462	2004.7775481295669	0.006351631675083504	49.67914073843062	1008.8212885018206	280.07039944342904	0.4084875367939548	0.05946111242362403	0.25717770902965215	0.48635179204807993	2.899095956902883e-14	-5.04054628478632e-14	0.48635179204807993	5.7149224401627565	152.71796143776191	8.28203856223807	31.923700997769892	NaN	0.6331493966378524	0.8857316523797689	4139.574329179359	0.00048389033284905415	-0.04867262354573778	-0.007042625955678776	0	15.262617681461812	-2.3161611167176996	5.239162752444271	13.046256036570998	19.896363625064453	27.90493288395542	41.80667440470025	0.45956057918036086	1.0194210165419268	1.0318921685825033	1.0242927450978252	98.92764555643907	1.0941569344256297	-0.2435953468972199	1.0941569344256297	2.2330612333920308	1.0941569344256297	0.06098643306545915	1.3152196893648507	NaN	NaN	800000009	800000009	800000009	800000019	800000019	810000119	899999999	899999999	89999	89999	89	89	39	17	3	9	9	5	1	NaN	0	0	0	0	0	0	0	0	0	NaN	NaN	NaN	NaN	0	0	0	0	0	0	300	0	0	18000	0	20	18000	18000	18000	18000	93	NaN	0.5821413729461481	0.5640104585654564	0.6253114732479332	0.21849005960402923	0.16345979050731946	0.10165738484676931	3.1462959940551526e-7	NaN	0.0008733595838156379	-0.006076029966416437	0.05569953262144055	0.00006098643306545915	NaN	17.313307011456644	406.2103225866547	92.00743618774415	92.03292323091296	91.98195254792107	0.050966288639958134	0.0002780585657213427	37.539703264024524	019
DATA	2026-10-06T133000_AIU-1657.ghg	2026-10-06	14:00:00	279.583	1	18000	18000	0.4609497152119993	1	NaN	-120.3411373508575	1	NaN	111.91603914173594	0	NaN	6.672487606768645	1	NaN	2.526784258192886	0	NaN	0.1490568843009909	0	NaN	NaN	NaN	NaN	NaN	NaN	NaN	NaN	NaN	NaN	5.451804700837679e-10	1.295199054786781e-11	2.8643270300625074e-12	NaN	17.253343932520423	432.7636516715721	437.2592344183916	0.1	1	409.89206289576214	10.281275712333787	10.388078410594453	0.2	0	0.09064744996696206	2.1644528141168227	2.1869373196659003	0	0	NaN	NaN	NaN	NaN	9	297.73658736673985	290.95812953798105	97847.51051222635	1.1670385063034812	1011.0807426677405	0.024722406081823717	0.163735619930899	0.007493954710453209	1006.2670814501655	2033.0037872427322	0.0064213431433293704	49.49656698942595	1026.7367057925667	280.2205567067374	0.24174215809033373	-0.45680127812756816	0.1881362883890745	0.5500017651844601	-3.1635347680975597e-14	3.1598539518833215e-14	0.5500017651844601	6.897120468462666	223.11192054282355	297.88807945717645	20.002727812642494	NaN	0.6284694662011242	1.2238118824838988	177.16986548742435	0.011306098779773479	-1.0752805252377775	-0.1622777227340513	0	19.49107354606048	-2.95784560765768	6.690654818124977	16.660676511500355	25.408582905560355	35.63589880127061	53.38907011527607	0.4550796991051087	1.0128988748969328	-111.84263340000098	1.021472374753058	101.42232104444594	1.1034655684195136	6.046847131193776	1.1034655684195136	2.289862348683867	1.1034655684195136	0.13490882556450304	1.3956691614637518	NaN	NaN	800000009	800000009	800000009	800000019	800000019	811000019	899999999	899999999	89999	89999	89	89	11	13	1	21	5	12	8	NaN	0	0	0	0	0	0	0	0	0	NaN	NaN	NaN	NaN	0	0	0	0	0	0	300	150	0	18000	0	15	18000	18000	18000	18000	93	NaN	0.5970665213653858	1.5162578944269016	0.33429934917551024	0.4032836256636345	0.4028537635910656	0.10482794904796937	6.645480311594809e-7	NaN	-0.094784289655926	0.151045972138005	0.05719914477991559	0.00013490882556450303	NaN	17.25465326051168	409.9167765975457	92.00267464786106	92.0370128633711	91.96833765941196	0.06867574176771737	0.00027923264561751347	38.18087503306075	250
DATA	2026-10-06T140000_AIU-1657.ghg	2026-10-06	14:30:00	279.604	1	18000	18000	0.09143988896795757	1	NaN	-23.39440793052965	2	NaN	35.73050434566625	1	NaN	0.822397927029902	1	NaN	0.8069265429332867	1	NaN	0.18184019627056358	1	NaN	NaN	NaN	NaN	NaN	NaN	NaN	NaN	NaN	NaN	9.982218392302284e-11	2.3676102554022988e-12	5.266240926368502e-13	NaN	17.192353866969743	432.10165306354867	436.57599244985136	0.2	0	407.77301928529374	10.248706900246345	10.35483052328118	0.2	0	0.09070035737212923	2.1685378949770753	2.1909927373628757	1.2	0	NaN	NaN	NaN	NaN	9	298.03385167015927	291.2423210044893	97791.05616983559	1.1652414469606072	1011.0692868570047	0.024760839607111437	0.05228883998207697	0.007458620322943613	1002.5007102403798	2069.6779665801128	0.006400922609128375	48.4375215095365	1067.177256339733	280.1658648261758	0.25509170104620005	-0.23145790861376295	0.20242499371329162	0.39952524010670043	-4.160751388145771e-15	5.8061964461308e-15	0.39952524010670043	4.253828051953364	203.2190850757297	317.78091492427035	30.441864414640058	NaN	0.28013016888763265	0.6962091524525524	80.67528326991223	0.024829165994971526	-0.6547460876624082	-0.07088516154881219	0	11.138653672282407	-1.6903336679697514	3.8235393593773934	9.521153628043306	14.520360031462456	20.365011404314643	30.510498074615256	0.09010231660719224	1.0148450385198926	-20.918551939769163	1.0231056782442993	32.2316695450611	1.108552701426578	0.7418663325357214	1.108552701426578	0.7279099513219953	1.108552701426578	0.1366732008591439	1.4188212811148861	NaN	NaN	800000009	800000009	800000009	800000019	800000019	811000019	899999999	899999999	89999	89999	89	89	14	0	0	25	2	4	2	NaN	0	0	0	0	0	0	0	0	0	NaN	NaN	NaN	NaN	0	2	0	0	0	0	300	0	0	18000	0	15	18000	18000	18000	18000	93	NaN	0.20954987202693598	0.9138422309194449	0.2690262019587239	0.31839811366850745	0.3313286190622837	0.11038864594179863	0.0000016887128493653545	NaN	-0.01775557641881478	0.018559495117549753	0.018210344094467923	0.00013667320085914388	NaN	17.193707966302465	407.7954868825751	91.9917120844523	92.0347055185106	91.94871998278299	0.08598673598944713	0.00027937643584866447	37.698944740913554	017
DATA	2026-10-06T143000_AIU-1657.ghg	2026-10-06	15:00:00	279.624	1	18000	18000	0.45388619850649925	0	NaN	54.58634743731416	0	NaN	200.48163455724224	0	NaN	1.983280460453155	0	NaN	4.530380389568099	0	NaN	0.16981777522211017	0	NaN	NaN	NaN	NaN	NaN	NaN	NaN	NaN	NaN	NaN	-6.49712389897521e-10	-1.5981533388920322e-11	-3.4152792617655823e-12	NaN	17.098876783367498	431.14953833658615	435.771045102617	0.1	0	420.5957504820316	10.60535530749315	10.71903447667152	0.3	0	0.08988198499174536	2.155524016019679	2.1786291522626877	1.1	0	NaN	NaN	NaN	NaN	9	298.9668538411458	291.87530129598974	97736.22315330475	1.1619051491667804	1011.2812166117455	0.024828576107023492	0.29356864924401277	0.0076971190410468696	1036.805410448486	2153.4524467619135	0.006624567458511212	48.1461948234567	1116.6470363134274	280.65745753720194	0.6991717421166661	0.576085102299458	0.45097425915151834	1.011974778580838	3.838393886891046e-14	-3.7997372466565316e-14	1.011974778580838	7.010431137831948	121.51305948760228	39.48694051239775	26.46415510371039	NaN	0.625011704538231	1.3321081043107463	-383.8942677864384	-0.0052178429533475896	0.2722760494140348	0.07432814042418372	0	15.567379125815153	-2.3624098416754964	5.343777494224542	13.306761535436907	20.29365094774429	28.462134002910705	42.64146321623301	0.4479521375633004	1.0132470870113	65.15781240496214	1.0214891067633498	183.1492183432565	1.094635491053538	1.8118181592525706	1.094635491053538	4.1387114035630335	1.094635491053538	0.10883289484615066	1.3065051829435592	NaN	NaN	800000009	800000009	800000009	800000019	800000019	800001019	899999999	899999999	89999	89999	89	89	28	6	0	7	12	2	1	NaN	0	0	0	0	0	0	0	0	0	NaN	NaN	NaN	NaN	0	2	0	0	0	0	300	0	0	18000	0	15	18000	18000	18000	18000	93	NaN	1.413368075841214	0.670893380446195	0.5799547523340838	0.2962779586089331	0.2244157074586638	0.12499504904924968	6.491268049930058e-7	NaN	0.05545285079022892	0.04546719010892177	0.10386007957299145	0.00010883289484615066	NaN	17.10016144243876	420.61936203302207	91.9451284429762	91.9975279261271	91.89272453562418	0.10480178639955016	0.00028005724346763197	37.985904985109954	053
DATA	2026-10-06T150000_AIU-1657.ghg	2026-10-06	15:30:00	279.645	1	18000	18000	0.24880213139875038	1	NaN	-48.02180431065354	0	NaN	173.5966968607806	0	NaN	3.5498284095368153	0	NaN	3.922762767281064	0	NaN	0.24559610265536405	0	NaN	NaN	NaN	NaN	NaN	NaN	NaN	NaN	NaN	NaN	3.99970877366181e-11	1.0127366453759655e-12	2.109977738831701e-13	NaN	17.147160890667784	430.96545305575404	435.7200992552509	0.1	1	434.1705654294011	10.912157156908078	11.032546033061669	0.5	0	0.0904569052670077	2.1694263851647495	2.1933606816244184	0.5	0	NaN	NaN	NaN	NaN	9	299.1556086892021	291.8526661725233	97695.73896671963	1.1613786515577305	1011.4503879980706	0.024836938562744697	0.2541950273198129	0.00791712210584558	1066.3572194945557	2150.4062756352	0.006817003304845087	49.58863967133693	1084.0490561406443	281.06956722607856	0.4038097372885918	-0.13540735078241078	0.17563048537819595	0.46069894939015044	-2.925923449342358e-15	2.3325778530710715e-15	0.46069894939015044	5.000189528606685	179.5375710175888	341.46242898241115	22.40965371907356	NaN	0.462849851739262	0.6723354522497487	177.1767414703016	0.011305660005807025	-0.2766285602148617	-0.08832424236618251	0	15.434950880767532	-2.342313344578081	5.298319163071573	13.193563863358449	20.1210173554807	28.220012935141163	42.27872173647909	0.24541941556532065	1.0137834075826384	-37.23960222301969	1.0216532332280484	157.45247081421604	1.1025339644597496	3.219699822378043	1.1025339644597496	3.557951857930517	1.1025339644597496	0.18546951278831236	1.3937246786763524	NaN	NaN	800000009	800000009	800000009	800000019	800001019	810001019	899999999	899999999	89999	89999	89	89	26	2	1	11	48	5	0	NaN	0	0	0	0	0	0	0	0	0	NaN	NaN	NaN	NaN	0	0	0	0	0	0	300	150	0	18000	0	15	18000	18000	18000	18000	93	NaN	0.41994036547133734	0.5998125961497636	0.3249179428783964	0.5445318054927131	0.5546498364459541	0.1410586126553113	0.0000012623566167082103	NaN	-0.03170199619314864	0.08084997092128432	0.08934382710266088	0.00018546951278831236	NaN	17.148527814301808	434.21423290238766	91.98242738935683	92.0049853447808	91.95986980395848	0.045117270582113525	0.00028006555042844	37.90854241286384	050
DATA	2026-10-06T153000_AIU-1657.ghg	2026-10-06	16:00:00	279.666	1	18000	18000	0.35786723858968833	1	NaN	-54.058199935682666	1	NaN	166.81494103733183	0	NaN	5.575030489749468	1	NaN	3.769357094913378	0	NaN	0.20863748791652237	0	NaN	NaN	NaN	NaN	NaN	NaN	NaN	NaN	NaN	NaN	5.308695241116765e-10	1.3312094184476344e-11	2.782497909528595e-12	NaN	17.1193335929999	429.61660355765906	434.2952989694496	0.1	1	429.28473158603	10.773074041770185	10.890397096029995	0.4	0	0.08972922304167574	2.1514622099858762	2.174892487789725	0.2	0	NaN	NaN	NaN	NaN	9	299.29679785325794	291.8091199316682	97666.0012639036	1.1612597185352211	1011.3723699470985	0.02484079405028895	0.24425433975038688	0.007814999680199409	1052.4452945832363	2144.556557530983	0.006729760410579831	49.07519416484457	1092.1112629477466	280.87683281015813	0.7361979610662217	0.03650536187059274	0.11799142487139604	0.7464864738671629	-3.215871615367844e-14	3.100994096690476e-14	0.7464864738671629	6.022176475360576	158.16123716927507	2.8387628307248622	9.094447386796256	NaN	0.5551320355076039	1.0086349999564668	271.4858003678953	0.007378286441815973	-0.32406090005801624	-0.08291342272336917	0	16.779206392607694	-2.546309304670782	5.759758580240172	14.342613256591946	21.873390180822106	30.677740739091117	45.960845843439145	0.35375075901697545	1.011636666403634	-43.59251265178088	1.020878860396461	151.28539790776298	1.102650641399225	5.0560261613551045	1.102650641399225	3.418450915813368	1.102650641399225	0.16079935513957305	1.3860232735088587	NaN	NaN	800000009	800000009	800000009	800000019	800001019	800001019	899999999	899999999	89999	89999	89	89	10	8	0	25	50	1	4	NaN	0	0	0	0	0	0	0	0	0	NaN	NaN	NaN	NaN	0	0	0	0	0	0	300	0	0	18000	0	15	18000	18000	18000	18000	93	NaN	0.8569808786000628	0.78095613792165	0.3793329833912206	0.1698802086663554	0.6844277420479143	0.09967314961622416	0.0000010329809678050648	NaN	-0.03711687940488402	0.12696386257472297	0.08584206616870814	0.00016079935513957304	NaN	17.120728700967277	429.3147641699377	92.03482344224719	92.03073530409071	92.03890944332547	-0.008174877159849913	0.0002786706437634874	38.295278946759986	033
DATA	2026-10-06T160000_AIU-1657.ghg	2026-10-06	16:30:00	279.687	1	18000	18000	0.3969549616053195	1	NaN	83.90494092233588	0	NaN	203.3831523014285	0	NaN	2.0617372109826184	0	NaN	4.59816850822724	0	NaN	0.2672241594163734	0	NaN	NaN	NaN	NaN	NaN	NaN	NaN	NaN	NaN	NaN	3.1307504188845504e-10	8.110880347276669e-12	1.6479452097972e-12	NaN	16.998113196326393	428.36781944177375	433.17510448256377	0.1	1	440.37257468127814	11.097786994320504	11.222330022490068	0.1	1	0.0894736260307105	2.1511747807351793	2.175315974060647	0.3	0	NaN	NaN	NaN	NaN	9	299.4648929757012	292.37582413845985	97632.31734318484	1.1584663106617206	1011.5654467206182	0.024897622713826086	0.29796131933312514	0.008032177503961714	1083.7932997557346	2221.784111981694	0.006933457995315981	48.78031550910039	1137.9908122259594	281.3080176612986	0.5557255567197797	0.5156748815315593	0.29587386058674503	0.8138137497072865	-2.3096036523613577e-15	1.841822314467916e-14	0.8138137497072865	5.218002638901225	118.14081177539401	42.859188224605944	21.319271662631273	NaN	0.5853679132172949	0.81277835275952	-205.04133644426418	-0.00976924962905954	0.412546171956184	0.12231542484984785	0	17.31746764488742	-2.6279925263294315	5.944526250038597	14.802710879317305	22.575068085893907	31.661853977879975	47.435226804056214	0.3912694915095409	1.014530829055554	94.15830372069429	1.0217778310651826	186.02666160368395	1.0933010921559256	1.8857908638113527	1.0933010921559256	4.205765951591543	1.0933010921559256	0.1778890240380959	1.308267815970076	NaN	NaN	800000009	800000009	800000009	800000019	800000019	810010019	899999999	899999999	89999	89999	89	89	51	7	3	10	21	3	0	NaN	0	0	0	0	0	0	0	0	0	NaN	NaN	NaN	NaN	0	6	0	0	0	0	300	0	0	18000	0	15	18000	18000	18000	18000	93	NaN	0.680895451156164	0.5548957227565201	0.3897655316063559	0.1420619711423961	0.2923455762238918	0.11681765638822543	0.0000010321416188325193	NaN	0.08034913971657343	0.04747875994680499	0.10588902292403746	0.0001778890240380959	NaN	16.99944754842718	440.4074912180119	91.98261866675483	91.9982621629503	91.96697623613144	0.03128519499111173	0.0002800974886728606	36.245072386279794	161
DATA	2026-10-06T163000_AIU-1657.ghg	2026-10-06	17:00:00	279.708	1	18000	18000	0.280667883754466	1	NaN	-61.837748688932685	0	NaN	166.06950561105543	0	NaN	6.126707869993686	0	NaN	3.7536887521391287	0	NaN	0.29192910101333014	0	NaN	NaN	NaN	NaN	NaN	NaN	NaN	NaN	NaN	NaN	-1.0011907246782528e-11	-2.594310146646058e-13	-5.2712460339454536e-14	NaN	17.03132327413474	429.5691246016657	434.40452538295403	0.2	0	441.31985736380307	11.131101309374458	11.256397409316135	0.4	0	0.08966952354705099	2.1535951881733	2.1778369114701697	0	0	NaN	NaN	NaN	NaN	9	299.62391301981614	292.13364323847725	97601.94958907133	1.1590513947371988	1011.5781362544628	0.024884739701517774	0.24323903113861553	0.008060460002297884	1086.7086087786547	2188.4880145040943	0.006954359434704359	49.6556801580154	1101.7794057254396	281.3475559701004	0.7236618293662365	-0.21374252174462063	0.09819014208487485	0.7609294401493841	-1.184513743297999e-14	-5.878525752598149e-16	0.7609294401493841	5.277834420323627	177.4551609820428	343.54483901795726	7.4141064762518845	NaN	0.49209053646925366	0.8780304676149251	165.24452505799002	0.012122035506453499	-0.3723606477986412	-0.10717821722351062	0	16.12901931882309	-2.4476409077861834	5.536570397833523	13.786843125065568	21.025805663256172	29.488991401681453	44.17988271750868	0.27742186293468435	1.0117006669389494	-51.26780247378568	1.0212506087434374	150.33250767788772	1.104681270712831	5.546131750781138	1.104681270712831	3.397983519460722	1.104681270712831	0.22391010647029835	1.3933187124752815	NaN	NaN	800000009	800000009	800000009	800000019	800000019	800000019	899999999	899999999	89999	89999	89	89	15	13	0	6	13	2	4	NaN	0	0	0	0	0	0	0	0	0	NaN	NaN	NaN	NaN	0	0	0	0	0	0	300	150	0	18000	0	15	18000	18000	18000	18000	93	NaN	0.5317359762040453	0.8953016336788708	0.329023325346934	0.2235943436423835	1.28307191708196	0.13526609818209948	0.000002139392216552763	NaN	-0.04372628431755775	0.13956800731970417	0.08551001130644491	0.00022391010647029836	NaN	17.03276500644678	441.3602438479638	91.96117658487955	92.00930808681912	91.91304430643717	0.09626488291285659	0.00028081707278842133	38.27089202368544	137
DATA	2026-10-06T170000_AIU-1657.ghg	2026-10-06	17:30:00	279.729	1	18000	18000	0.11918952890774738	0	NaN	-32.726116080236295	0	NaN	63.48600789587697	0	NaN	0.010605767674663246	2	NaN	1.4335154836727084	0	NaN	0.06296339833242393	0	NaN	NaN	NaN	NaN	NaN	NaN	NaN	NaN	NaN	NaN	2.1909256408904054e-10	5.843120717214942e-12	1.1418083820466917e-12	NaN	17.17012611233172	430.16979175887866	435.16217909458516	0.1	1	457.9211531952549	11.472475264495175	11.605620458130193	0.1	1	0.08948269877334379	2.139159847589623	2.1639861248800196	0.5	0	NaN	NaN	NaN	NaN	9	299.981653582255	291.074033225539	97596.42648746469	1.1630541296179513	1011.7428598964938	0.024795882383541527	0.0928918033419915	0.0083374329903087	1119.972929099792	2047.8915128050462	0.007168568321964036	54.6890751827834	927.9185837052542	281.7921959639964	0.49856876221877594	-0.4155458802097977	-0.06026203103939997	0.6518287364060208	9.314554544423049e-15	1.2760102206336536e-14	0.6518287364060208	4.599166638102313	200.81044793720275	320.18955206279725	-5.304610549935398	NaN	0.3201246287247877	0.7208463059375417	85.9617745433207	0.02330221788279314	-0.5154854930224972	-0.08687709747278712	0	12.200706343109658	-1.8515042581932144	4.18810767329713	10.428980277253412	15.904852951927591	22.306782410913137	33.419624879504504	0.11772191021345925	1.0124668270471229	-28.513634339400546	1.0221578859268174	57.275464300185	1.108432880843044	0.009568254296639763	1.108432880843044	1.2932812698432543	1.108432880843044	0.05104003453965727	1.4121954299447605	NaN	NaN	800000009	800000009	800000009	800000019	800000019	800000019	899999999	899999999	89999	89999	89	89	8	5	0	2	8	0	4	NaN	0	0	0	0	0	0	0	0	0	NaN	NaN	NaN	NaN	0	0	0	0	0	0	300	0	0	18000	0	15	18000	18000	18000	18000	93	NaN	0.3799427561430068	0.7819597796948643	0.2797900760372123	0.1140987210132673	2.0792695443287843	0.09023642145315174	5.024606125621559e-7	NaN	-0.02423162280551957	0.00024000752716597405	0.03244032086544328	0.000051040034539657266	NaN	17.171464275748164	457.95718196095515	92.0091614434984	91.99891635301378	92.01941015370687	-0.020493002901686635	0.0002790505961780177	37.78262982201047	083
DATA	2026-10-06T173000_AIU-1657.ghg	2026-10-06	18:00:00	279.749	0	18000	18000	0.07233035293378529	1	NaN	10.448523898511414	1	NaN	55.87718920587303	1	NaN	1.4708848872448308	1	NaN	1.2611793614691655	1	NaN	0.17443012496521096	1	NaN	NaN	NaN	NaN	NaN	NaN	NaN	NaN	NaN	NaN	1.5166937681312387e-10	4.097481850615074e-12	7.918613380406187e-13	NaN	17.202830580767497	430.079494822066	435.13532189980054	0.1	1	464.74962556713996	11.618976496003043	11.7555641192013	0.1	1	0.08981547051885753	2.1430395028748017	2.1682321411608276	0.4	0	NaN	NaN	NaN	NaN	9	299.83099340566	290.63921483788783	97593.21526659605	1.1646910173712937	1011.8143984004378	0.02475965594084971	0.08172442262320193	0.00845625482622003	1134.2374399491196	1992.5278902127293	0.007260513475329953	56.9245452232051	858.2904502636097	281.97930924323464	0.5254725267014042	-0.2819943205846237	-0.06949414802383973	0.6003928795126432	-1.9478573002151284e-14	8.81653609858182e-15	0.6003928795126432	4.706055795068715	189.22018790377	331.77981209622993	-6.6467582111868335	NaN	0.24920395418730312	0.5894135473890141	-127.01317212596679	-0.015770805235959324	0.18699086419710623	0.03557856520065169	0	9.320063046203169	-1.4143555242946881	3.199276046952857	7.966649713399925	12.149643478327869	17.040047730110157	25.529096602947597	0.07111566885858647	1.01708040006787	13.480385097074912	1.0229602460395388	51.11327179286294	1.09320313973083	1.3454817625267654	1.09320313973083	1.1536550853482683	1.09320313973083	0.13211283009933372	1.3118809431046703	NaN	NaN	800000009	800000009	800000009	800000019	800000019	810000019	899999999	899999999	89999	89999	89	89	11	13	0	6	4	0	0	NaN	0	0	0	0	0	0	0	0	0	NaN	NaN	NaN	NaN	0	0	0	0	0	0	300	0	0	18000	0	15	18000	18000	18000	18000	93	NaN	0.31653419071695293	0.529848291627786	0.3324446124332892	0.09639191121407202	3.0862692661948867	0.1340878335068548	0.0000024599405075256496	NaN	0.011439070002430945	0.033705392729260944	0.028899981262287024	0.0001321128300993337	NaN	17.204141676538526	464.78508642529306	92.01228418392606	91.97805041334365	92.0465148065355	-0.06846705826144206	0.0002784794535869474	36.20273742823582	048
DATA	2026-10-06T180000_AIU-1657.ghg	2026-10-06	18:30:00	279.77	0	18000	18000	0.06295285519912913	1	NaN	-18.881306541008748	2	NaN	151.2121973859718	1	NaN	23.098761557963602	1	NaN	3.410375592473506	1	NaN	0.06259530664493791	1	NaN	NaN	NaN	NaN	NaN	NaN	NaN	NaN	NaN	NaN	5.133191008731065e-10	1.4236883695777067e-11	2.662400351033961e-12	NaN	17.329688592052243	432.12641838010734	437.36828074925256	0.2	0	480.6381849992219	11.985008058118432	12.130390890691496	0.1	1	0.08988282125545659	2.1374281671548006	2.1633560063231627	0.2	0	NaN	NaN	NaN	NaN	9	299.34703025394015	289.8579997760211	97586.34481076035	1.1675854994568138	1012.0007122148849	0.024694842447589186	0.2209923383922832	0.00874554471712266	1169.8868545301696	1896.3481210702353	0.007490282057452134	61.69156609652054	726.4612665400657	282.4380208555035	0.46588684506194133	-0.31004318264179864	-0.008960563997840126	0.5596942193837325	-9.306998657180006e-15	2.96207919805625e-14	0.5596942193837325	3.144064618117293	194.6433806060188	326.35661939398113	-0.917330241688355	NaN	0.2322006171554216	0.35326802636933197	56.8584131620086	0.03522961490839534	-0.12486629298041269	-0.06881754294581212	0	9.021942220054989	-1.3691145387691934	3.096940814512319	7.711820515097506	11.761012872160402	16.494987779150453	24.712497473482703	0.06214486498376371	1.0130017213099831	-9.93417961966691	1.0221305730790158	136.58476547251234	1.107094168686062	20.864315079337846	1.107094168686062	3.0804747138367268	1.107094168686062	0.04299941705267824	1.4098778581164773	NaN	NaN	800000009	800000009	800000009	800000019	800000019	800000019	899999999	899999999	89999	89999	89	89	11	9	0	10	0	0	1	NaN	0	0	0	0	0	0	0	0	0	NaN	NaN	NaN	NaN	0	24	0	0	0	0	300	150	0	18000	0	25	18000	18000	18000	18000	93	NaN	0.16738108465253104	0.2260909158474178	0.31306405223871514	0.06366343842739434	5.8459193104884175	0.09436016283120592	7.554081847656425e-7	NaN	-0.008407415233818417	0.5214927449331354	0.07699486937899577	0.00004299941705267824	NaN	17.331021509404728	480.66888426038713	91.99776863945856	91.93999983893501	92.0555342678494	-0.11553512068134092	0.00027714846355795294	37.75009414644552	242
DATA	2026-10-06T183000_AIU-1657.ghg	2026-10-06	19:00:00	279.791	0	18000	18000	0.08641948347523194	1	NaN	-30.31392975973427	2	NaN	150.20242738452987	1	NaN	11.836316340028482	1	NaN	3.3859420115154224	1	NaN	0.12041828412057841	1	NaN	NaN	NaN	NaN	NaN	NaN	NaN	NaN	NaN	NaN	-7.353238300344164e-10	-2.145727769800568e-11	-3.818380262672947e-12	NaN	17.431146761338425	433.8250994315546	439.3874493195242	-0.1	0	508.6533869509232	12.659328109129964	12.821641475465512	0	0	0.09051623792218846	2.1481579084561924	2.175700818991104	0.4	0	NaN	NaN	NaN	NaN	9	299.14715753682447	289.349113776226	97591.5687177111	1.169401966579488	1012.3656454422877	0.024650167668623216	0.21940904234619937	0.009254342587108933	1235.775083773558	1835.9086636862783	0.007913739545160827	67.31135966711295	600.1335799127203	283.25432408676966	0.18030282485254265	-0.698113753288184	0.2137274033714911	0.752031464855095	-6.074802387289616e-14	-4.218447817015314e-14	0.752031464855095	2.4625274401392376	236.51859236047073	284.48140763952927	16.511039534217343	NaN	0.27184661099144036	0.29409449833490553	56.83660432665521	0.035243132902304415	-0.20182050508496946	-0.09419266789638081	0	20.273300218688025	-3.076551523078727	6.959167922019101	17.329312106174868	26.42829437581001	37.066058637235315	55.53171015879445	0.08537949501028742	1.0121807755459225	-21.25119106795456	1.0225513996606397	135.15875423601557	1.111303727483644	10.650838332765952	1.111303727483644	3.0468196297535193	1.111303727483644	0.08788462747753531	1.4193771474719268	NaN	NaN	800000009	800000009	800000009	800000019	800000019	800000019	899999999	899999999	89999	89999	89	89	14	14	0	4	2	0	6	NaN	0	0	0	0	0	0	0	0	0	NaN	NaN	NaN	NaN	0	13	0	0	0	0	300	0	0	18000	0	15	18000	18000	18000	18000	93	NaN	0.4278353376124412	0.10366537860887075	0.056688280448499107	0.13099584835356845	12.907649295153325	0.4486864005712613	0.000005079604257345673	NaN	-0.017950727623925203	0.26591212248680823	0.07606784079050326	0.0000878846274775353	NaN	17.43255006692773	508.69200080193195	91.93026481586034	91.85095216666326	92.00957870186701	-0.15862654197629666	0.0002767669805648944	37.707959434058935	094
DATA	2026-10-06T190000_AIU-1657.ghg	2026-10-06	19:30:00	279.812	0	18000	18000	0.01105332775362892	1	NaN	-11.320040891880401	2	NaN	35.376514567985566	1	NaN	6.3542366238438746	2	NaN	0.7967073372561363	1	NaN	0.11958369686653834	1	NaN	NaN	NaN	NaN	NaN	NaN	NaN	NaN	NaN	NaN	-4.6371046372271583e-10	-1.3739522666657062e-11	-2.3445246593795133e-12	NaN	17.85815818264633	442.9120313198583	448.8017804645836	-0.1	0	529.1288170756819	13.123274909088943	13.297785402609458	0.3	0	0.09029102318327374	2.133548808541469	2.1619202827434463	0	0	NaN	NaN	NaN	NaN	9	298.39316609361447	288.3470025048551	97594.114372131	1.1732898165409213	1012.6044453680538	0.02456415526948973	0.05162663545419763	0.009627093434283333	1281.0979412224087	1721.8110626306739	0.008205213493342857	74.404095142999	440.7131214082651	283.7938584682762	0.016658089358698534	-1.0235002153057944	0.45270675244572905	1.1192736869872657	-2.2023131052528186e-14	-2.596630957011718e-14	1.1192736869872657	2.144164332992717	250.06755862023408	270.9324413797659	23.857589998042194	NaN	0.09706080151264446	0.10958263429990135	6.928132337662702	0.28912553952105546	-0.319987455805627	-0.09816552451945083	1	18.024758570288103	8	17	37	73	169	845	0.010833725071320594	1.020270283846289	-9.067668788853025	1.0420922793329117	29.3118546492781	1.2069012688303855	5.264918339179309	1.2069012688303855	0.6601263565065514	1.2069012688303855	0.07157829804663253	1.7559562445203734	NaN	NaN	800000009	800000009	800000009	800000019	800000019	800000019	899999999	899999999	89999	89999	89	89	6	3	0	0	1	0	5	NaN	0	0	0	0	0	0	0	0	0	NaN	NaN	NaN	NaN	0	0	0	0	0	0	300	0	0	18000	0	15	18000	18000	18000	18000	93	NaN	0.12934487329603017	0.046765496505432415	0.04305489879834013	0.13300485501060944	18.258699108375904	0.22338173989102908	0.0000016140725709671784	NaN	-0.0076322136218011484	0.13104851861532057	0.0164311344537582	0.00007157829804663252	NaN	17.859600748205935	529.1636030287539	91.82997210693358	91.70997807481555	91.94996572028268	-0.2399874997221679	0.00027609168165428056	35.116917412666496	131
DATA	2026-10-06T193000_AIU-1657.ghg	2026-10-06	20:00:00	279.833	0	18000	18000	0.054619367861931195	1	NaN	32.7796206252915	1	NaN	27.845810410717185	1	NaN	4.670923127468536	1	NaN	0.6264537269938063	1	NaN	0.05209776263673386	1	NaN	NaN	NaN	NaN	NaN	NaN	NaN	NaN	NaN	NaN	-1.4244996274077632e-9	-4.1041750405101427e-11	-7.178549223359706e-12	NaN	18.01365898961385	445.0832175005054	450.86485875649623	0.1	1	518.997746232976	12.823446191696535	12.990023053350068	0.1	1	0.09077709482105997	2.134219484546794	2.161943044851966	0.1	0	NaN	NaN	NaN	NaN	9	297.50179494391557	287.25801509374344	97597.0987166755	1.1779079358574376	1012.4154049262017	0.024470636616181738	0.040594201509198645	0.00944309328596835	1251.8668538397771	1604.9237190586978	0.008016834761448835	78.00164200788362	353.0568652189206	283.44785064446955	-0.2979640247494615	-1.353313069443635	0.687888557638954	1.5470712626450827	-2.5622541366399078e-14	-7.90788605595947e-14	1.5470712626450827	3.624130754266781	263.4169141952044	257.5830858047956	26.400258400904054	NaN	0.21533650544256586	0.2590507375648019	-26.12519181648714	-0.07667312125669751	1.1771832150618755	0.12764863338005542	0	18.216771574774377	-2.7644653672265442	6.253228187735253	15.571422352595594	23.74740158542285	33.30606837999094	49.89855959351062	0.05397315318840903	1.0119728908790333	33.77198601332308	1.0224716793115434	25.28704408956461	1.1011888266611802	4.24170951827657	1.1011888266611802	0.5688885610047666	1.1011888266611802	0.031257729306064776	1.3051806611316756	NaN	NaN	800000009	800000009	800000009	800000019	800000019	800000019	899999999	899999999	89999	89999	89	89	20	7	0	2	3	0	7	NaN	0	0	0	0	0	0	0	0	0	NaN	NaN	NaN	NaN	0	0	0	0	0	0	300	150	0	18000	0	15	18000	18000	18000	18000	93	NaN	0.3755257929735147	0.09610132869910278	0.04647435345698634	0.17790121383718382	7.254665470007296	0.1093310103691314	9.454665973839637e-7	NaN	0.028319560441917288	0.10514602836661457	0.014101949347336131	0.000031257729306064774	NaN	18.01502256490395	519.0314281918652	91.79150654771593	91.6300523253547	91.95295958921645	-0.3229056804395432	0.0002748138004244538	36.70927955900237	025
DATA	2026-10-06T200000_AIU-1657.ghg	2026-10-06	20:30:00	279.854	0	18000	18000	0.10047966911619756	1	NaN	73.09429374639707	1	NaN	87.5396173638878	1	NaN	-0.9157525667550378	1	NaN	1.9670244444851834	1	NaN	0.08148032959354173	0	NaN	NaN	NaN	NaN	NaN	NaN	NaN	NaN	NaN	NaN	-4.67483030789959e-10	-1.3521246736646233e-11	-2.3464572108393627e-12	NaN	18.191911577247666	447.49928242834136	453.3673276114421	0.1	1	526.1738049219906	12.943246735525582	13.112971156641827	0.1	1	0.09131142584416932	2.134710119219338	2.1627025114404526	0.2	0	NaN	NaN	NaN	NaN	9	296.5143676571317	286.0014200760146	97613.72850900424	1.1832309952706335	1012.4589770369436	0.02435944044789404	0.12746318400263987	0.009574822158552057	1263.7774768892243	1478.757283521775	0.008092098835157767	85.46213032874742	214.97980663255066	283.5896867363493	-0.853945038320078	-2.3743742827880814	1.0458421559338067	2.731421091367116	-3.3057159338411037e-15	-2.5697301177223873e-14	2.731421091367116	4.045165518305771	270.7811499752654	250.21885002473462	22.513000441894764	NaN	0.29140991839519675	0.20509289725877727	-29.039671168733058	-0.06897805379272795	0.8349853009130267	0.20937854225265143	0	16.32511385458237	-2.4773990101252146	5.603883306349585	13.95446178487092	21.281434695561277	29.847514754193877	44.717016031080874	0.09918905079812479	1.0130117014699487	76.25329388264035	1.02805279780704	78.05290421920274	1.1215420904524287	-0.8165119923280136	1.1215420904524287	1.7538569985293093	1.1215420904524287	0.04052289508574365	1.3095422169128386	NaN	NaN	800000009	800000009	800000009	800000019	800000019	800001019	899999999	899999999	89999	89999	89	89	11	8	2	23	31	0	7	NaN	0	0	0	0	0	0	0	0	0	NaN	NaN	NaN	NaN	0	0	0	0	0	0	300	0	0	18000	0	15	18000	18000	18000	18000	93	NaN	0.1430235120170221	0.1552121329781841	0.11195014952234839	0.1462109246753123	1.4338011987298824	0.1072062404793136	2.2582656340637753e-7	NaN	0.06365193862593903	-0.020150660179547003	0.04328335249568123	0.00004052289508574365	NaN	18.19350235933355	526.1986275068954	91.50568132654826	91.26543409093222	91.74592858420479	-0.48049459366665664	0.000273257764848596	36.795411643769995	186
DATA	2026-10-06T203000_AIU-1657.ghg	2026-10-06	21:00:00	279.874	0	18000	18000	0.09892880461491263	1	NaN	47.27268850543655	0	NaN	22.198191248865886	0	NaN	1.5979369550950568	2	NaN	0.49846277682873114	0	NaN	0.10043909571129218	0	NaN	NaN	NaN	NaN	NaN	NaN	NaN	NaN	NaN	NaN	-6.063439171850329e-10	-1.6839355140360772e-11	-3.0189566853239354e-12	NaN	18.36226385042645	450.3460516903619	456.04986260477676	0	0	509.95593984656205	12.506989656431351	12.665395628552265	0.1	1	0.0914248129449122	2.130226391511097	2.1572065515379677	0.2	0	NaN	NaN	NaN	NaN	9	296.0233635245429	285.30542788748016	97629.35614472987	1.1865039953932324	1012.202001679244	0.024296271338101565	0.032300387938501776	0.00927615411987171	1221.376881027777	1412.7001179830238	0.007818055527741731	86.45691081073825	191.32323695524678	283.07927401860917	-0.9258182380014618	-2.278079687962982	1.000384000390769	2.654723078357347	-2.3135480984342805e-14	-3.302119619476827e-14	2.654723078357347	4.086451238662543	273.1169684555621	247.88303154443796	22.137572828140897	NaN	0.28875318163342983	0.18663100006077737	-43.68613238562029	-0.04585207915222405	2.1295738907489468	0.1363160921115529	0	17.609267384374395	-2.67227426256718	6.044691657978415	15.052136907814088	22.95545851718825	32.19535696641581	48.23451149785586	0.09767146502199701	1.0128731517709133	47.416339370248494	1.0276255724271217	19.817624304055585	1.1201237296805113	1.4265718266238592	1.1201237296805113	0.445006889525415	1.1201237296805113	0.06620312675812864	1.3090924147681262	NaN	NaN	800000009	800000009	800000009	800000019	800000019	800011019	899999999	899999999	89999	89999	89	89	16	6	0	42	6	0	4	NaN	0	0	0	0	0	0	0	0	0	NaN	NaN	NaN	NaN	0	0	0	0	0	0	300	0	0	18000	0	15	18000	18000	18000	18000	93	NaN	0.15188625683739682	0.13041439210123662	0.09096135118292131	0.11446066191955101	3.6324855524082977	0.0403661825003047	2.9030055712773686e-7	NaN	0.03948131650521966	0.03509948280545525	0.010948983693426596	0.00006620312675812864	NaN	18.363742164029013	509.99282956447905	91.41879199557836	91.13298749457465	91.70459659491647	-0.5716097196439907	0.0002726337126983303	37.11002839692433	191
DATA	2026-10-06T210000_AIU-1657.ghg	2026-10-06	21:30:00	279.895	0	18000	18000	0.12455968301621552	1	NaN	38.675132520672825	0	NaN	53.822263190610855	1	NaN	10.795154447645707	2	NaN	1.2083042294112858	1	NaN	0.1541840899677298	0	NaN	NaN	NaN	NaN	NaN	NaN	NaN	NaN	NaN	NaN	-6.682759971586073e-10	-1.8349795961011247e-11	-3.3336443000069066e-12	NaN	18.41076568891809	450.88509218209805	456.537292064243	0	0	505.53034272373066	12.38058747969605	12.535787898399096	0.1	1	0.09184071305655156	2.137442571386001	2.1642370981059047	0	0	NaN	NaN	NaN	NaN	9	295.90438103315563	285.06336710956805	97644.88523967161	1.1877574372066768	1012.1269140317073	0.02427179701560085	0.07829811406585131	0.009191663479356594	1209.2253185623267	1390.3420709893724	0.007738670532742107	86.9732236255958	181.11675242704564	282.93011766967066	-0.7859348418698918	-1.7944145210445297	0.7261315308354231	2.089230492088818	-2.0973607978798566e-14	-3.62981099455771e-14	2.089230492088818	3.489618207079695	274.65291728166994	246.3470827183301	20.338104739346164	NaN	0.3238358072221727	0.2634736196838364	-75.32763199139336	-0.02659183551965189	0.7185712793924206	0.09934458742692744	0	16.238357721345757	-2.4642334321992547	5.574102733233912	13.88030394703669	21.168339313785662	29.688896873187815	44.47937754137153	0.12307177819437147	1.0120897320545263	40.900740074314115	1.0246951424671833	48.49008531828221	1.1099642914077996	9.725677241340712	1.1099642914077996	1.0885973889112763	1.1099642914077996	0.10975197095831236	1.3063766120268139	NaN	NaN	800000009	800000009	800000009	800000019	800000019	800000019	899999999	899999999	89999	89999	89	89	29	0	0	22	12	0	5	NaN	0	0	0	0	0	0	0	0	0	NaN	NaN	NaN	NaN	0	0	0	0	0	0	300	150	0	18000	0	15	18000	18000	18000	18000	93	NaN	0.1995861413671279	0.18725693456928932	0.14010416343125565	0.11952487640675649	5.966101518869057	0.025236955709278325	0.0000024802414542720443	NaN	0.034022673255831706	0.23901966144404707	0.02675352809781071	0.00010975197095831237	NaN	18.412231792608907	505.5674630459747	91.32207095506456	91.00824946085612	91.63589079878065	-0.6276391198601989	0.0002723023987103565	36.71438992277781	229
DATA	2026-10-06T213000_AIU-1657.ghg	2026-10-06	22:00:00	279.916	0	18000	18000	0.031313018519953946	1	NaN	13.39317259503377	0	NaN	-0.2016723203507987	2	NaN	5.547378968928338	0	NaN	-0.004527218438149873	2	NaN	0.05022510762128125	1	NaN	NaN	NaN	NaN	NaN	NaN	NaN	NaN	NaN	NaN	3.652699100521561e-10	9.833429848548638e-12	1.8302312508390615e-12	NaN	18.289383928455997	447.83060408170286	453.29555614737234	0.2	0	492.3684346404688	12.056045976088717	12.20316792970315	0.1	1	0.09164127978588271	2.131817187403348	2.1578321105366585	0.2	0	NaN	NaN	NaN	NaN	9	295.80868175252283	284.99327335508525	97654.30338938913	1.1883106515867508	1011.9440904391088	0.024263488575882213	-0.0002933637547921117	0.008953780555175116	1177.6405763323191	1383.9262236161214	0.0075348820135703876	85.09417310232121	206.2856472838023	282.5361564907608	-0.6593996976889298	-1.8516350751767452	0.6980300488323278	2.085810720561649	1.1751267567738371e-14	1.9971690215537645e-14	2.085810720561649	3.3934545721819744	270.60170548481165	250.3982945151883	19.551649305958637	NaN	0.16232950802493182	0.12255861013123728	-27.398416872146235	-0.07311006359773985	-66.410564284365	0.06861190609607136	1	23.519378080225152	10	19	34	55	95	257	0.03093907090762873	1.0120865818318097	13.10976121364967	1.0246789124425677	-0.18170187082975725	1.1099077815206013	4.998053947624631	1.1099077815206013	-0.004078914044505094	1.1099077815206013	0.03653911678875068	1.3063639679297365	NaN	NaN	800000009	800000009	800000009	800000019	800000019	800000019	899999999	899999999	89999	89999	89	89	20	2	1	24	4	0	12	NaN	0	0	0	0	0	0	0	0	0	NaN	NaN	NaN	NaN	0	0	0	0	0	0	300	0	0	18000	0	15	18000	18000	18000	18000	93	NaN	0.10825402040616755	0.08091522933747165	0.05594797051883536	0.08071936757465435	6.7914030584219	0.05209252385619341	2.3683203214766666e-7	NaN	0.01090205259329536	0.12275050758657524	-0.0001001767437110133	0.00003653911678875068	NaN	18.29082036407832	492.4025346582303	91.5421854218377	91.25695909245809	91.82741108237374	-0.5704508920676179	0.00027192476794880366	34.800313983529	052
DATA	2026-10-06T220000_AIU-1657.ghg	2026-10-06	22:30:00	279.937	0	18000	18000	0.07081259028843928	1	NaN	26.88889862743783	1	NaN	64.16344335088571	1	NaN	9.116376352628617	2	NaN	1.439638082350236	1	NaN	0.05329860367467831	1	NaN	NaN	NaN	NaN	NaN	NaN	NaN	NaN	NaN	NaN	3.6151366635640153e-10	9.523363612066086e-12	1.8081696336106498e-12	NaN	18.36532783599374	448.93357990442706	454.3063285705133	0.1	1	483.79829343585794	11.826268595006539	11.967803048348447	0.1	1	0.09185718603404118	2.1315460284922088	2.157055951549693	0	0	NaN	NaN	NaN	NaN	9	295.44225770144993	284.4659790176995	97644.38597281073	1.1904963358950686	1011.8061903357535	0.0242210560903287	0.09328854773629529	0.008798516585678349	1155.0784897979636	1336.4908240352815	0.007390628866625808	86.42621924708935	181.41233423731796	282.24899392471355	-0.7063540382616108	-2.1871469464026956	0.7128309612219975	2.4063822995948896	2.162904697936933e-14	1.9684574628059733e-14	2.4063822995948896	3.7022424521094237	268.8982166426424	252.1017833573575	17.231017361320895	NaN	0.24388843614681857	0.23258292204733544	-46.27691040367762	-0.04328508499220842	0.4190688221078249	0.09152851362028654	0	16.372181772871908	-2.484541748314843	5.620040199582727	13.994694733499356	21.342792480766164	29.93356992036975	44.84594235131674	0.069940333660337	1.012471439331965	29.85799736301074	1.0262852751684592	57.51547773787985	1.115585680141669	8.171829842303929	1.115585680141669	1.290477377019948	1.115585680141669	0.03181593063755754	1.307758958644596	NaN	NaN	800000009	800000009	800000009	800000019	800000019	800000019	899999999	899999999	89999	89999	89	89	5	2	1	14	3	0	20	NaN	0	0	0	0	0	0	0	0	0	NaN	NaN	NaN	NaN	0	0	0	0	0	0	300	0	0	18000	0	15	18000	18000	18000	18000	93	NaN	0.2330672300456723	0.154246109266712	0.07785250478228654	0.10268482141461005	15.218478139157666	0.10438319107391604	2.3673255379817712e-7	NaN	0.024787645709178158	0.20029978341451327	0.031630900802695795	0.00003181593063755754	NaN	18.366760553588524	483.8331190942468	91.39891371239563	91.07292392603563	91.72490258068513	-0.6519805819326217	0.0002720627555956727	35.929306204419554	137
DATA	2026-10-06T223000_AIU-1657.ghg	2026-10-06	23:00:00	279.958	0	18000	18000	0.059185056995874036	1	NaN	-3.1299106188144923	2	NaN	14.632432290283312	1	NaN	10.804530243777991	1	NaN	0.3281464941352259	1	NaN	0.03668998991153443	1	NaN	NaN	NaN	NaN	NaN	NaN	NaN	NaN	NaN	NaN	2.3390149534764874e-10	6.083217204705819e-12	1.1573590031855174e-12	NaN	18.55547272526594	452.8364186695459	458.23311703755354	0.2	0	482.58336594222203	11.777189747648356	11.91754493568201	0.1	1	0.09181362173435853	2.125515494809353	2.150846421230232	0.1	0	NaN	NaN	NaN	NaN	9	294.97514525943336	283.95061251020695	97656.1726145392	1.1928232717039666	1011.7697060906395	0.02417425677461361	0.021263892819962635	0.00877896536251411	1150.423781158053	1291.5170344968155	0.0073598206631005966	89.07538580056487	141.09325333876245	282.18913586960485	-0.7613158585530881	-2.246652791252601	0.7859560086396652	2.4989552713972323	-1.5568695412592494e-14	1.260552607906121e-14	2.4989552713972323	4.121078021962605	269.7198092442095	251.28019075579044	18.33146702534977	NaN	0.22275013880361472	0.2152668324305784	302.91140234952724	0.006612824688879283	-0.21390227931503322	-0.01164276621151658	0	14.415198532610702	-2.1875619915155435	4.948271181088109	12.321894893748624	18.79166717781849	26.355580409380167	39.48546206880078	0.05845276549887835	1.012527918751932	-2.259049990168645	1.0280561411666265	12.907294075449956	1.1336560711136672	9.530694995673572	1.1336560711136672	0.2894585955093641	1.1336560711136672	0.027545959396168693	1.3920252043793233	NaN	NaN	800000009	800000009	800000009	800000019	800000019	800001019	899999999	899999999	89999	89999	89	89	7	4	0	21	0	0	6	NaN	0	0	0	0	0	0	0	0	0	NaN	NaN	NaN	NaN	0	0	0	0	0	0	300	150	0	18000	0	15	18000	18000	18000	18000	93	NaN	0.17884719030000978	0.16240919194231468	0.08927728261883233	0.15542241213609936	13.901401405877163	0.048129212960563716	1.3845938812816343e-7	NaN	-0.0018718371660669845	0.23314398554894586	0.007080861431310957	0.000027545959396168695	NaN	18.557058649204077	482.61520470687464	91.2431929664612	90.88228109741213	91.60410588497584	-0.7218254981603827	0.0002715814492613491	34.67214577812621	171
DATA	2026-10-06T230000_AIU-1657.ghg	2026-10-06	23:30:00	279.979	0	18000	18000	0.15042741841314913	1	NaN	46.455423231477894	0	NaN	58.77556442601933	1	NaN	7.379331780233489	2	NaN	1.3177809001622844	1	NaN	0.053111153678018	1	NaN	NaN	NaN	NaN	NaN	NaN	NaN	NaN	NaN	NaN	1.0009559205625465e-11	2.5656606462973586e-13	4.903206766626991e-14	NaN	18.76749287628626	457.4218536519709	462.8486076027317	0.1	1	481.05033311848894	11.72468461959527	11.863783742369634	0.1	1	0.0919330174019192	2.125801424826897	2.1510214732102644	0	0	NaN	NaN	NaN	NaN	9	294.7671243752373	283.69851841296185	97660.98413488701	1.1939658456408533	1011.7359836414144	0.02415160468614188	0.08539220233051603	0.008748024125550485	1145.3513846165679	1270.0071887322401	0.007326862956331084	90.18463791215957	124.65580411567225	282.12366292123914	-0.5979762309375007	-2.485805111403245	0.6408525999942393	2.6358100613595568	4.142775004989385e-14	5.333455710684235e-16	2.6358100613595568	4.458696719373213	264.5258704700002	256.47412952999974	14.071530946802381	NaN	0.35495030146278544	0.3181806731888122	-82.57893873162234	-0.024256790299884822	0.7903866799943917	0.10834522394577867	0	16.178200429009706	-2.4551043309989398	5.55345268146214	13.828882398344145	21.089918207524764	29.578910156613176	44.314597397738865	0.14852043011364338	1.0128399055809802	48.618220564480055	1.0275210920702107	52.48849385565341	1.119779976687	6.589983687747395	1.119779976687	1.1768212752482798	1.119779976687	0.026780734209311763	1.3089853450212847	NaN	NaN	800000009	800000009	800000009	800000019	800000019	800000019	899999999	899999999	89999	89999	89	89	15	14	0	41	5	0	19	NaN	0	0	0	0	0	0	0	0	0	NaN	NaN	NaN	NaN	0	0	0	0	0	0	300	0	0	18000	0	15	18000	18000	18000	18000	93	NaN	0.21425618274789718	0.2522158208132441	0.16988934281648319	0.09087969487125001	9.219999909614446	0.052564341866359346	1.1682950205739134e-7	NaN	0.040247597341769775	0.16104741759242727	0.028759407659679066	0.000026780734209311764	NaN	18.768957536136718	481.08323159337766	90.76900131564676	90.32024434492321	91.21775417624582	-0.8975059032440078	0.0002712836239677725	36.22774055648258	091
