DATAH	filename	date	time	DOY	daytime	file_records	used_records	Tau	qc_Tau	rand_err_Tau	H	qc_H	rand_err_H	LE	qc_LE	rand_err_LE	co2_flux	qc_co2_flux	rand_err_co2_flux	h2o_flux	qc_h2o_flux	rand_err_h2o_flux	ch4_flux	qc_ch4_flux	rand_err_ch4_flux	none_flux	qc_none_flux	rand_err_none_flux	H_strg	LE_strg	co2_strg	h2o_strg	ch4_strg	none_strg	co2_v-adv	h2o_v-adv	ch4_v-adv	none_v-adv	co2_molar_density	co2_mole_fraction	co2_mixing_ratio	co2_time_lag	co2_def_timelag	h2o_molar_density	h2o_mole_fraction	h2o_mixing_ratio	h2o_time_lag	h2o_def_timelag	ch4_molar_density	ch4_mole_fraction	ch4_mixing_ratio	ch4_time_lag	ch4_def_timelag	none_molar_density	none_mole_fraction	none_mixing_ratio	none_time_lag	none_def_timelag	sonic_temperature	air_temperature	air_pressure	air_density	air_heat_capacity	air_molar_volume	ET	water_vapor_density	e	es	specific_humidity	RH	VPD	Tdew	u_unrot	v_unrot	w_unrot	u_rot	v_rot	w_rot	wind_speed	max_wind_speed	wind_dir	yaw	pitch	roll	u*	TKE	L	(z-d)/L	bowen_ratio	T*	model	x_peak	x_offset	x_10%	x_30%	x_50%	x_70%	x_90%	un_Tau	Tau_scf	un_H	H_scf	un_LE	LE_scf	un_co2_flux	co2_scf	un_h2o_flux	h2o_scf	un_ch4_flux	ch4_scf	un_none_flux	un_none_scf	spikes_hf	amplitude_resolution_hf	drop_out_hf	absolute_limits_hf	skewness_kurtosis_hf	skewness_kurtosis_sf	discontinuities_hf	discontinuities_sf	timelag_hf	timelag_sf	attack_angle_hf	non_steady_wind_hf	u_spikes	v_spikes	w_spikes	ts_spikes	co2_spikes	h2o_spikes	ch4_spikes	none_spikes	head_detect_LI-7200	t_out_LI-7200	t_in_LI-7200	aux_in_LI-7200	delta_p_LI-7200	chopper_LI-7200	detector_LI-7200	pll_LI-7200	sync_LI-7200	chopper_LI-7500	detector_LI-7500	pll_LI-7500	sync_LI-7500	not_ready_LI-7700	no_signal_LI-7700	re_unlocked_LI-7700	bad_temp_LI-7700	laser_temp_unregulated_LI-7700	block_temp_unregulated_LI-7700	motor_spinning_LI-7700	pump_on_LI-7700	top_heater_on_LI-7700	bottom_heater_on_LI-7700	calibrating_LI-7700	motor_failure_LI-7700	bad_aux_tc1_LI-7700	bad_aux_tc2_LI-7700	bad_aux_tc3_LI-7700	box_connected_LI-7700	mean_value_RSSI_LI-7200	mean_value_LI-7500	u_var	v_var	w_var	ts_var	co2_var	h2o_var	ch4_var	none_var	w/ts_cov	w/co2_cov	w/h2o_cov	w/ch4_cov	w/none_cov	co2_mean	h2o_mean	avg_signal_strength_7200_mean	co2_signal_strength_7200_mean	h2o_signal_strength_7200_mean	delta_signal_strength_7200_mean	flowrate_mean	rssi_77_mean	CHK
DATAU		[yyyy-mm-dd]	[HH:MM]	[ddd.ddd]	[1=daytime]	[#]	[#]	[kg+1m-1s-2]	[#]	[kg+1m-1s-2]	[W+1m-2]	[#]	[W+1m-2]	[W+1m-2]	[#]	[W+1m-2]	[µmol+1s-1m-2]	[#]	[µmol+1s-1m-2]	[mmol+1s-1m-2]	[#]	[mmol+1s-1m-2]	[µmol+1s-1m-2]	[#]	[µmol+1s-1m-2]	[µmol+1s-1m-2]	[#]	[µmol+1s-1m-2]	[W+1m-2]	[W+1m-2]	[µmol+1s-1m-2]	[mmol+1s-1m-2]	[µmol+1s-1m-2]	[µmol+1s-1m-2]	[µmol+1s-1m-2]	[mmol+1s-1m-2]	[µmol+1s-1m-2]	[µmol+1s-1m-2]	[mmol+1m-3]	[µmol+1mol_a-1]	[µmol+1mol_d-1]	[s]	[1=default]	[mmol+1m-3]	[mmol+1mol_a-1]	[mmol+1mol_d-1]	[s]	[1=default]	[mmol+1m-3]	[µmol+1mol_a-1]	[µmol+1mol_d-1]	[s]	[1=default]	[mmol+1m-3]	[µmol+1mol_a-1]	[µmol+1mol_d-1]	[s]	[1=default]	[K]	[K]	[Pa]	[kg+1m-3]	[J+1kg-1K-1]	[m+3mol-1]	[mm]	[kg+1m-3]	[Pa]	[Pa]	[kg+1kg-1]	[%]	[Pa]	[K]	[m+1s-1]	[m+1s-1]	[m+1s-1]	[m+1s-1]	[m+1s-1]	[m+1s-1]	[m+1s-1]	[m+1s-1]	[deg_from_north]	[deg]	[deg]	[deg]	[m+1s-1]	[m+2s-2]	[m]	[#]	[#]	[K]	[0=KJ/1=KM/2=HS]	[m]	[m]	[m]	[m]	[m]	[m]	[m]	[kg+1m-1s-2]	[#]	[W+1m-2]	[#]	[W+1m-2]	[#]	[µmol+1s-1m-2]	[#]	[mmol+1s-1m-2]	[#]	[µmol+1s-1m-2]	[#]	[µmol+1s-1m-2]	[#]	8u/v/w/ts/co2/h2o/ch4/none	8u/v/w/ts/co2/h2o/ch4/none	8u/v/w/ts/co2/h2o/ch4/none	8u/v/w/ts/co2/h2o/ch4/none	8u/v/w/ts/co2/h2o/ch4/none	8u/v/w/ts/co2/h2o/ch4/none	8u/v/w/ts/co2/h2o/ch4/none	8u/v/w/ts/co2/h2o/ch4/none	8co2/h2o/ch4/none	8co2/h2o/ch4/none	8aa	8U	[#]	[#]	[#]	[#]	[#]	[#]	[#]	[#]	[#_flagged_recs]	[#_flagged_recs]	[#_flagged_recs]	[#_flagged_recs]	[#_flagged_recs]	[#_flagged_recs]	[#_flagged_recs]	[#_flagged_recs]	[#_flagged_recs]	[#_flagged_recs]	[#_flagged_recs]	[#_flagged_recs]	[#_flagged_recs]	[#_flagged_recs]	[#_flagged_recs]	[#_flagged_recs]	[#_flagged_recs]	[#_flagged_recs]	[#_flagged_recs]	[#_flagged_recs]	[#_flagged_recs]	[#_flagged_recs]	[#_flagged_recs]	[#_flagged_recs]	[#_flagged_recs]	[#_flagged_recs]	[#_flagged_recs]	[#_flagged_recs]	[#_flagged_recs]	[#]	[#]	[m+2s-2]	[m+2s-2]	[m+2s-2]	[K+2]	--	--	--	--	[m+1s-1K+1]	--	--	--	--	--	--	--	--	--	--	--	--	241
DATA	2026-09-24T233000_AIU-1657.ghg	2026-09-25	00:00:00	268	0	18000	18000	0.046397144826517044	1	NaN	13.242513383455362	0	NaN	23.932801509336123	0	NaN	3.8363339496259514	0	NaN	0.5371768191522386	0	NaN	0.03005709449362482	2	NaN	NaN	NaN	NaN	NaN	NaN	NaN	NaN	NaN	NaN	-2.2836808108858803e-10	-6.3170668458203546e-12	-1.14603701621492e-12	NaN	18.158121744751433	442.1386529512795	447.6131138136348	0.1	0	502.28590751105196	12.230340652250515	12.381773965730567	0.1	1	0.09112429182408231	2.1180861289413757	2.144311792629877	0	1	NaN	NaN	NaN	NaN	9	296.3016157430013	284.84572292349435	98135.88321636652	1.1947102542710635	1012.0396131862128	0.024131920585710658	0.03480905788106506	0.009132747704308214	1200.5572323544834	1370.5056382767402	0.007644320178603003	87.59958360069585	169.94840592225682	282.8229106682625	0.36549656273303893	0.09193877543598757	0.17387110787703836	0.4150561865009591	-8.522435176617997e-15	-1.257663563989471e-14	0.4150561865009591	2.1752515803714454	146.88048053106127	14.119519468938716	24.76577830301932	NaN	0.19706719377528945	0.14931310413231247	-49.75385742696119	-0.04026019495956784	0.5533206540107514	0.05557711322252516	1	1.1411778017848908	1	1	2	3	5	15	0.04541915124898364	1.0215326255696002	14.319547303407498	1.0255787411761248	21.848994321726277	1.0953731396935622	3.5023078534673497	1.0953731396935622	0.49040532370778905	1.0953731396935622	0.018915836089874356	1.3182423475221692	NaN	NaN	800000009	800000009	800000009	800000019	800000019	800000019	899999999	899999999	89999	89999	89	89	5	6	0	5	14	0	0	NaN	0	0	0	0	0	0	0	0	0	NaN	NaN	NaN	NaN	0	0	0	0	0	0	300	0	0	18000	0	15	18000	18000	18000	18000	93	NaN	0.08682479559654359	0.11760907769276982	0.09419233497531153	0.1723435878392431	4.644727211864956	0.023554883487693763	0.0000016855457569347165	NaN	0.011843203321186685	0.08556417469768113	0.01198099326101897	0.000018915836089874358	NaN	18.159628485499436	502.3219246941942	92.7755133518643	92.50032316292658	93.05070267910428	-0.5503805288225476	0.00027069856356926427	37.82586079321969	203
DATA	2026-09-25T000000_AIU-1657.ghg	2026-09-25	00:30:00	268.02	0	18000	18000	0.027131780612368518	1	NaN	45.757896472112215	0	NaN	23.42870439088887	0	NaN	0.350127605100352	2	NaN	0.5257778325583058	0	NaN	0.06283561048056474	0	NaN	NaN	NaN	NaN	NaN	NaN	NaN	NaN	NaN	NaN	4.761580120337775e-11	1.3127315716986227e-12	2.375267649313027e-13	NaN	18.22118139269055	443.3730596221964	448.8596776741878	0	0	502.34416902210125	12.22345941257385	12.374721316325873	0.1	1	0.09089458037146743	2.1111608027367095	2.1372858293245267	0	1	NaN	NaN	NaN	NaN	9	296.1340600882636	284.678223226946	98118.04785045903	1.1951990690478849	1012.0327692133046	0.02412211412436653	0.034070403549778215	0.009131319968596802	1199.6636863299254	1355.4094313102855	0.007639999231149805	88.50932114071249	155.7457449803601	282.81182053657545	0.39415965274612924	0.14035728368791944	0.04735027842490513	0.42107487196945104	-1.3547669053465478e-14	2.6132115243899e-15	0.42107487196945104	1.4535609585451155	141.39956851863997	19.600431481360005	6.456622711771302	NaN	0.15066730679655876	0.09076958914990838	-6.434088688413708	-0.311326140655648	1.95306986287756	0.2510800491025792	1	1.8113970843731717	1	1	3	4	7	17	0.026565213041375692	1.021327424331602	46.12411537898294	1.025451540659827	21.391277360777995	1.0952456927068137	0.31967950883699814	1.0952456927068137	0.48005469097886805	1.0952456927068137	0.036339280113846364	1.3179496315813364	NaN	NaN	800000009	800000009	800000009	800000019	800000019	800001019	899999999	899999999	89999	89999	89	89	9	10	0	8	12	0	0	NaN	0	0	0	0	0	0	0	0	0	NaN	NaN	NaN	NaN	0	0	0	0	0	0	300	150	0	18000	0	15	18000	18000	18000	18000	93	NaN	0.0769706968035129	0.0513961056543902	0.05317237584191366	0.16977127973948672	4.719800315559252	0.017024908516103308	5.233944589142273e-7	NaN	0.038132319978255697	0.0078067972618934235	0.011723271412444003	0.00003633928011384636	NaN	18.22259406544339	502.3819123408061	92.61119292704267	92.2996508242289	92.92273564444649	-0.6230839512679294	0.00027022156989712836	40.776776025348255	118
DATA	2026-09-25T003000_AIU-1657.ghg	2026-09-25	01:00:00	268.041	0	18000	18000	0.091277924224089	1	NaN	70.87197916641763	0	NaN	-2.230872176420756	2	NaN	0.8462648546624567	1	NaN	-0.05003564794229255	2	NaN	0.075166507028975	1	NaN	NaN	NaN	NaN	NaN	NaN	NaN	NaN	NaN	NaN	3.390116117386418e-10	9.019060895316315e-12	1.6869903966631006e-12	NaN	18.333597839349927	445.3514564517193	450.6913032872961	0.1	1	487.74681933553717	11.848124862025292	11.990186083865852	0.1	1	0.09123169360673948	2.11294140591097	2.1382759665521474	-0.4	0	NaN	NaN	NaN	NaN	9	295.6158864339193	284.07945632848373	98099.50668388065	1.1976626562279828	1011.8122074954506	0.024075927389990658	-0.003242309986660557	0.008867912343039823	1162.6069774782945	1302.6339230774481	0.007404349043468679	89.25047604561514	140.02694559915358	282.3453593254086	0.4789743381871802	0.15825828374871317	0.05499071278398295	0.5074308618023201	1.4322535483059212e-14	1.8491275673725725e-14	0.5074308618023201	2.3516071613257314	142.71588815230666	18.28411184769337	6.221410603262831	NaN	0.276067716788104	0.18481052966844483	-25.549181112777383	-0.07840173002641682	-31.768731492328563	0.21184807130714164	0	16.189787813791728	-2.4568627613440284	5.557430255690574	13.83878712057565	21.10502353387823	29.600095591601544	44.34633703984314	0.08958401980274498	1.018908555622686	69.34770972428414	1.0239903140635653	-2.0393690137175606	1.0939031442642666	0.7736195467576195	1.0939031442642666	-0.045740473646727974	1.0939031442642666	0.04104185956144002	1.314487792421434	NaN	NaN	800000009	800000009	800000009	800000019	800000019	800000019	899999999	899999999	89999	89999	89	89	6	4	0	0	7	0	0	NaN	0	0	0	0	0	0	0	0	0	NaN	NaN	NaN	NaN	0	0	0	0	0	0	300	0	0	18000	0	15	18000	18000	18000	18000	93	NaN	0.16503317044644034	0.1020026388841527	0.10258525000629666	0.2175158060346235	1.8403698339413792	0.023043400758521244	0.0000016147166199292955	NaN	0.057226567794685615	0.01884899316437631	-0.001114452030996357	0.00004104185956144002	NaN	18.33505872983629	487.7810811605964	92.63580663723414	92.30821968120998	92.96339341608683	-0.6551739536523778	0.0002697362649390318	35.87961581230166	016
DATA	2026-09-25T010000_AIU-1657.ghg	2026-09-25	01:30:00	268.062	0	18000	18000	0.06038403235893027	1	NaN	12.954795209526733	1	NaN	1.9223162103887372	2	NaN	-1.8520289357849755	1	NaN	0.043093733629802	2	NaN	0.0525999644635959	0	NaN	NaN	NaN	NaN	NaN	NaN	NaN	NaN	NaN	NaN	-3.019777319243418e-11	-7.825471636007459e-13	-1.497136292457028e-13	NaN	18.566142922110426	450.345873699305	455.66360181919464	0.1	1	481.1242997991546	11.670293827857021	11.808097798716108	0.1	1	0.09204667576813173	2.126682382339886	2.151794455897362	-0.5	0	NaN	NaN	NaN	NaN	9	295.13772026231555	283.5611858613612	98087.5916132592	1.1997869505535126	1011.7037644092401	0.02403492287328903	0.002792473939211169	0.00874971388466256	1145.0180716055888	1258.4225645473687	0.007292722996050212	90.98836145054588	113.40449294177984	282.1193516749453	0.28133708695478193	0.10988197838191253	0.20594967212995233	0.36556787758193243	-3.7472373620556976e-15	-1.626496861470976e-15	0.36556787758193243	2.7663207900582094	139.665847922701	21.33415207729898	34.28912010482204	NaN	0.22434117417547755	0.13920749343597388	-74.99740027498245	-0.026708925811501652	6.739159322236049	0.04757338603686298	0	15.011652135582786	-2.278076126899285	5.153014401777447	12.831734462603222	19.569204689265593	27.446087824733002	41.11924089346803	0.058999677849820374	1.0234637638638244	12.772092328834296	1.0267928544931093	1.7529078272642755	1.0966442048403957	-1.6888147747559725	1.0966442048403957	0.039296002695855044	1.0966442048403957	0.03792267836278394	1.3210164254279673	NaN	NaN	800000009	800000009	800000009	800000019	810000019	810001019	899999999	899999999	89999	89999	89	89	43	6	1	14	3	0	0	NaN	0	0	0	0	0	0	0	0	0	NaN	NaN	NaN	NaN	0	0	0	0	0	0	300	0	0	18000	0	15	18000	18000	18000	18000	93	NaN	0.10072676911279484	0.09585995827258831	0.08182825948656465	0.15613138944853797	8.488610340902909	0.01970569043459933	0.0000010904261767238316	NaN	0.010522151471565945	-0.04106995992510385	0.0009556318905184495	0.00003792267836278394	NaN	18.567661803221345	481.15912375245404	92.38835783555774	92.00194774712456	92.77476805114745	-0.7728222036626637	0.00026966343535200896	38.4018083437284	000
DATA	2026-09-25T013000_AIU-1657.ghg	2026-09-25	02:00:00	268.083	0	18000	18000	0.06736148979312147	1	NaN	11.82250919857818	2	NaN	-4.564229131375648	2	NaN	7.023503660159029	1	NaN	-0.10231300146867103	2	NaN	0.13191275592709942	0	NaN	NaN	NaN	NaN	NaN	NaN	NaN	NaN	NaN	NaN	-5.312030131188742e-10	-1.352764217778346e-11	-2.626935998079504e-12	NaN	18.718264007183205	453.8158065932965	459.12182971719733	0.1	0	476.68023603961103	11.556895752853123	11.69201919988657	0.1	1	0.09256664651301909	2.1380244532882893	2.163022276245963	-0.3	0	NaN	NaN	NaN	NaN	9	294.78355575476746	283.4988745686159	98046.84509710452	1.19960380763037	1011.6392388978982	0.024039627596677042	-0.006629882495169883	0.008662998800506187	1133.421114368575	1253.197081384491	0.007221549936239857	90.44236786095995	119.77596701591597	281.96865729500195	0.42874926510933065	0.1709550071942727	0.11654176698248096	0.4760604271182116	-4.668974475559769e-15	-2.8378861037274774e-14	0.4760604271182116	2.162559829297641	139.2613685658456	21.73863143415441	14.170284575772099	NaN	0.23696648361558215	0.14296739481628856	-96.81955270514459	-0.020689002830866863	-2.5902532187324483	0.041111113022906924	0	14.433495160966915	-2.190338575457443	4.954551821524751	12.337534576476907	18.815518680783807	26.389032481425645	39.53557936849054	0.06606093262659668	1.0196872359322577	11.325798668195555	1.0244517989173034	-4.170924375131549	1.0942967843265428	6.418280452575273	1.0942967843265428	-0.09349657509195458	1.0942967843265428	0.10148236009937012	1.3156006180294824	NaN	NaN	800000009	800000009	800000009	800000019	800001019	800001019	899999999	899999999	89999	89999	89	89	29	10	1	8	4	0	0	NaN	0	0	0	0	0	0	0	0	0	NaN	NaN	NaN	NaN	0	0	0	0	0	0	300	150	0	18000	0	15	18000	18000	18000	18000	93	NaN	0.09806844982179784	0.08714960513752427	0.10071673467325504	0.2270372660259615	5.925329488954409	0.007634097195251199	0.0000018987742077092102	NaN	0.009332657661556751	0.15609755901248945	-0.0022739092278253586	0.00010148236009937011	NaN	18.71972568650147	476.71678023351836	92.27414292144776	91.85754630321928	92.69073076968724	-0.8331781709922703	0.00026948410466300424	38.668079728020594	211
DATA	2026-09-25T020000_AIU-1657.ghg	2026-09-25	02:30:00	268.104	0	18000	18000	0.058574025365853585	1	NaN	37.9037146684533	0	NaN	13.546827083913099	1	NaN	0.5565789647715335	1	NaN	0.3035907748281267	1	NaN	0.0843062307907794	0	NaN	NaN	NaN	NaN	NaN	NaN	NaN	NaN	NaN	NaN	1.4480959897406155e-10	3.623939670373113e-12	7.178922493641572e-13	NaN	18.722764786222506	453.55196522238367	458.7590579740737	0	0	468.54746182958434	11.350386790584887	11.480697143792494	0.1	1	0.09281793349282642	2.1410272948723854	2.1656077808214085	-0.2	0	NaN	NaN	NaN	NaN	9	293.62875768025725	283.228487667795	98035.46741790255	1.2007038461734525	1011.5191811375666	0.024019487115129898	0.019672682208862608	0.008515334756750856	1113.038955241905	1230.74285556634	0.007091952594212594	90.43635315109975	117.70390032443515	281.7004802189252	0.354797224014832	0.023270654658164625	0.10382220595446788	0.37040740271505623	3.160845520952972e-14	7.734413193110366e-15	0.37040740271505623	2.4564690454463793	157.2474246665838	3.7525753334162335	16.277628795743016	NaN	0.2208689083020151	0.19038478152750526	-24.450090517213166	-0.08192607706665923	2.7979773000471884	0.1412983743087667	0	14.703393455774918	-2.2312966829688428	5.047199172236013	12.568239579470985	19.167358366960794	26.882492643980797	40.27487261221289	0.057242931276921816	1.0232534228984953	37.8119818864585	1.0266592023444454	12.354604328866596	1.096500278221041	0.5075958263088868	1.096500278221041	0.2768725014102792	1.096500278221041	0.05571392447473885	1.3207138072607252	NaN	NaN	800000009	800000009	800000009	800000019	800000019	801001019	899999999	899999999	89999	89999	89	89	21	2	0	0	6	0	2	NaN	0	0	0	0	0	0	0	0	0	NaN	NaN	NaN	NaN	0	0	0	0	0	0	300	0	0	18000	0	15	18000	18000	18000	18000	93	NaN	0.09935691207966767	0.19787509053804014	0.08353756043730269	0.30593732372309135	9.018867901864999	0.01121365494478823	0.0000015328956817051885	NaN	0.031132888538332244	0.012332204244767917	0.0067267066831112315	0.00005571392447473885	NaN	18.724229922989498	468.58286670494294	92.33711973529391	91.92095536846584	92.75328405337862	-0.8323301625748489	0.0002699551690764363	38.73456760480664	078
DATA	2026-09-25T023000_AIU-1657.ghg	2026-09-25	03:00:00	268.124	0	18000	18000	0.026255959175603423	1	NaN	59.22177330890377	0	NaN	23.844133788248392	1	NaN	-1.779946064025142	2	NaN	0.5346039634496095	1	NaN	0.09957782545292515	0	NaN	NaN	NaN	NaN	NaN	NaN	NaN	NaN	NaN	NaN	3.724664100719693e-10	9.73644848364812e-12	1.860225299863037e-12	NaN	18.3836888951379	446.127456352359	451.39157731832853	0.1	1	480.5583403677629	11.661983143866351	11.799589760760881	0.1	1	0.09181446235900537	2.122810000410199	2.1478582875550796	0	0	NaN	NaN	NaN	NaN	9	293.16945449659556	283.70867593366546	97988.7048212394	1.1979580713778482	1011.7015297751454	0.024071692099773792	0.03464233683153469	0.008730127445220512	1143.0491525265295	1270.8677387624675	0.007287506678075498	89.94241632410908	127.81858623593803	282.0938620457367	0.15084059154095042	-0.7869618718066425	0.2551879137469839	0.8409415812387422	-1.66240597659426e-14	2.026070024338145e-14	0.8409415812387422	2.9541401916235324	240.1494576649702	280.85054233502984	17.66523614424043	NaN	0.14804479236938992	0.485112082097711	-4.711242234827159	-0.42517448693093735	2.4837041192115477	0.3300610277607494	1	5.823770546352903	3	5	8	12	20	48	0.02588554538641809	1.0143096768353077	59.51767468480101	1.0217035579187324	21.806747001823748	1.0934291935543734	-1.627856723158389	1.0934291935543734	0.4889241723204686	1.0934291935543734	0.06228990931273189	1.3079595800094552	NaN	NaN	800000009	800000009	800000009	800000019	800000019	800000019	899999999	899999999	89999	89999	89	89	8	2	0	3	2	0	1	NaN	0	0	0	0	0	0	0	0	0	NaN	NaN	NaN	NaN	0	0	0	0	0	0	300	0	0	18000	0	15	18000	18000	18000	18000	93	NaN	0.6826027616222473	0.21781826588414355	0.06980313668903118	0.3362220878138216	57.25221402145848	0.03552873499713324	0.000001459357038329995	NaN	0.04910796420539602	-0.03964776137351231	0.011908141937880999	0.0000622899093127319	NaN	18.385206775537082	480.5920511276774	91.86949867714772	91.38769768312238	92.35130211681795	-0.9636058490144	0.0002699230145986399	38.40781060229408	255
DATA	2026-09-25T030000_AIU-1657.ghg	2026-09-25	03:30:00	268.145	0	18000	18000	0.1050469214131767	1	NaN	-57.93531329197193	2	NaN	-32.75983520008607	2	NaN	24.763665856772413	1	NaN	-0.7343639174905283	2	NaN	0.03452326385453514	0	NaN	NaN	NaN	NaN	NaN	NaN	NaN	NaN	NaN	NaN	2.9548127302348805e-10	7.491311744791015e-12	1.4733854523568072e-12	NaN	18.4593518730506	447.6446454621769	452.7833273036862	0.1	1	467.9983880969052	11.349096867391145	11.479377433865428	0.1	1	0.09204556428023161	2.126006927673569	2.1504121636233466	-0.2	0	NaN	NaN	NaN	NaN	9	291.8779681828815	283.5138702082229	97971.41374205508	1.1987120983969488	1011.5232975649584	0.024059409034528863	-0.04758678185338623	0.008500239085712449	1112.185316728678	1254.4528808650462	0.007091143150285973	88.65899498446977	142.26756413636826	281.68915433115245	0.22153647885852562	-0.20376015638073122	0.20907859626090597	0.3664839317183728	3.226226999853277e-14	1.6007131510119304e-14	0.3664839317183728	2.638286096666304	203.60657463774635	317.3934253622536	34.785006974536635	NaN	0.29602897421838725	0.39254140100272417	38.496132880029165	0.05203379794647265	1.7684861031236112	-0.16140551168772346	0	17.61495956570237	-2.673138073044276	6.046645599629585	15.057002498799935	22.962878850442014	32.20576408931147	48.25010326437965	0.10340110255108691	1.0159168405508698	-58.46719561158846	1.0257807854473784	-29.207693261170014	1.1216166544599546	22.078546853154414	1.1216166544599546	-0.6547369946500269	1.1216166544599546	0.03966453505856028	1.4724390402501792	NaN	NaN	800000009	800000009	800000009	800000019	800000019	800000119	899999999	899999999	89999	89999	89	89	6	0	1	6	3	0	1	NaN	0	0	0	0	0	0	0	0	0	NaN	NaN	NaN	NaN	0	0	0	0	0	0	300	150	16450	18000	0	15	18000	18000	18000	18000	93	NaN	0.17027773461105788	0.5192792240683337	0.09552584332605671	0.43054164828024827	32.94261071015856	0.06030844082288776	5.898814228957897e-7	NaN	-0.04821936476661579	0.5372962525220106	-0.015933464097648366	0.00003966453505856028	NaN	18.460909728520683	468.0256313983304	92.44945749664302	92.06158967802261	92.83732749303184	-0.7757398279309327	0.0002696575851587115	39.851156068960826	103
DATA	2026-09-25T033000_AIU-1657.ghg	2026-09-25	04:00:00	268.166	0	18000	18000	0.03518715018179701	1	NaN	30.768993005641477	0	NaN	-3.6189313321238155	1	NaN	-6.376707166279945	1	NaN	-0.08108625080958802	1	NaN	0.06786578651498953	0	NaN	NaN	NaN	NaN	NaN	NaN	NaN	NaN	NaN	NaN	-5.3882163754830375e-11	-1.3161419475880268e-12	-2.6954013862348854e-13	NaN	18.65760906703266	451.61252790256884	456.6499354096875	0.1	0	455.73637403562907	11.031223518293734	11.154268750058751	0.1	1	0.0933328245167216	2.1506958015993995	2.1746852405700623	-0.9	0	NaN	NaN	NaN	NaN	9	290.7068801854451	283.02612624863445	97969.3126536017	1.2008970577002287	1011.3374275551553	0.02401853345599276	-0.0052543890524613035	0.008276219344106902	1081.0112778868518	1214.1703745271086	0.006891697578105679	89.03291503121056	133.15909664025685	281.2701994806277	0.20008286858564275	0.01976296984164355	0.16179087257808653	0.25806978848365697	-1.1181681877096991e-14	-2.8879458006244898e-15	0.25806978848365697	1.3768598264664822	155.3589687790145	5.641031220985469	38.823751290523255	NaN	0.17117453506094069	0.0964053158488836	-14.012897782829382	-0.14294687872871564	-8.502231786637495	0.1480035953312193	1	0.5405052838656285	1	1	1	2	5	NaN	0.03416163378987788	1.0300195358988653	29.748165416573396	1.0310457842415857	-3.2854468652699276	1.101503533774694	-5.789093698526675	1.101503533774694	-0.07361415403881377	1.101503533774694	0.045250707475893735	1.3305278893823742	NaN	NaN	800000009	800000009	800000009	800000019	800000019	800001019	899999999	899999999	89999	89999	89	89	9	8	1	8	9	0	0	NaN	0	0	0	0	0	0	0	0	0	NaN	NaN	NaN	NaN	0	0	0	0	0	0	300	0	17646	18000	0	15	18000	18000	18000	18000	93	NaN	0.04235691655261369	0.08730282891303137	0.06315088623212212	0.15204775114523614	14.317016757649435	0.006188596777982083	0.0000015753978906530196	NaN	0.024493921806165716	-0.1405969126751622	-0.0017878312782681502	0.000045250707475893735	NaN	18.659084542074883	455.7720222534609	92.39266037029692	91.97399201456703	92.81133274756539	-0.8373451941112705	0.00026900739184283236	37.86135058410975	090
DATA	2026-09-25T040000_AIU-1657.ghg	2026-09-25	04:30:00	268.187	0	18000	18000	0.24075356109029156	1	NaN	76.50431143344137	1	NaN	1.8737756964951777	2	NaN	14.834630507045768	1	NaN	0.04198260445288231	2	NaN	0.17300468374556702	1	NaN	NaN	NaN	NaN	NaN	NaN	NaN	NaN	NaN	NaN	3.607723038484201e-10	8.95203230959045e-12	1.807863620656273e-12	NaN	18.425759616949023	446.0090046767119	451.00024935518206	0.1	1	457.20803304507035	11.067055252422444	11.190905623279928	0.1	1	0.09233319780676805	2.1273768121321286	2.1511840852618533	0.2	0	NaN	NaN	NaN	NaN	9	290.2248340115017	282.98978531554746	97932.08411170213	1.2005785372728268	1011.3567566414738	0.024024578833938274	0.0027204727685467734	0.008301012910324425	1084.110509033468	1211.2151273509355	0.006914177334188053	89.50602453294488	127.10461831746761	281.31232429432345	-0.06182285647340801	-0.649455990184567	0.32214676499653655	0.7275944522650664	1.1661972313934015e-14	1.957977914335548e-14	0.7275944522650664	3.5035569149030317	256.4377008705252	264.5622991294748	26.27985354412529	NaN	0.4478072002040375	0.5127570373171618	-100.87780129987377	-0.019856697649917023	40.828959184677025	0.14070187438955736	0	23.259141327821286	-3.5296644308384226	7.984110553104491	19.881564177691132	30.320639822301683	42.525128469910214	63.71039154090896	0.23711086960739144	1.0153628194647157	75.2181951665139	1.0221105645800308	1.714270698530061	1.0930453971487046	13.571833837590894	1.0930453971487046	0.03840883879333581	1.0930453971487046	0.11737517278131275	1.3094402609837832	NaN	NaN	800000009	800000009	800000009	800000019	800000019	800001019	899999999	899999999	89999	89999	89	89	14	0	0	12	11	0	0	NaN	0	0	0	0	0	0	0	0	0	NaN	NaN	NaN	NaN	0	75	0	0	0	0	300	0	18000	18000	0	15	18000	18000	18000	18000	93	NaN	0.8020030491665704	0.1144035475358243	0.10910747793192903	0.14648151189752728	26.11770850115095	0.012107207762203807	0.0000016218136147747066	NaN	0.06194809462065239	0.3297074614213006	0.0009330854537590346	0.00011737517278131276	NaN	18.42723297263471	457.2418692687518	92.02671159108479	91.54113290235733	92.51229285939536	-0.971161373694741	0.0002688690761311187	37.64895100810778	062
DATA	2026-09-25T043000_AIU-1657.ghg	2026-09-25	05:00:00	268.208	0	18000	18000	0.10398773850767663	0	NaN	66.23986220883458	0	NaN	79.92250048434512	1	NaN	27.41651104632004	1	NaN	1.7908990893638388	1	NaN	0.13678833309056881	1	NaN	NaN	NaN	NaN	NaN	NaN	NaN	NaN	NaN	NaN	-1.0559752381459886e-9	-2.628110546639023e-11	-5.383580446078938e-12	NaN	17.948445690758312	434.69465602833543	439.4489123178414	0.1	1	446.7008099401884	10.818678022047997	10.937001924394542	0.1	1	0.09150489307678022	2.10926669851266	2.132335752453354	0.1	0	NaN	NaN	NaN	NaN	9	290.4030606664022	283.11076346240395	97872.98787163981	1.1994544544416246	1011.2202308215491	0.02404936171472978	0.11605026099077674	0.008106351578478246	1059.1403698441306	1221.0777113287859	0.0067583654789559735	86.73816252788417	161.93734148465524	280.9698644101564	-0.04237319168858657	-1.9937621786304351	0.3530965028740807	2.025230913415332	-1.7760630814810262e-14	-5.8833798555031e-14	2.025230913415332	5.708590538358074	252.21751713366143	268.7824828663386	10.040762328176095	NaN	0.29444161143088	0.6440979883136402	-33.10408521634447	-0.0605091482488998	0.8288011737296603	0.18547728203880096	0	12.003639562537202	-1.8215986139528386	4.120461024598502	10.260530557204815	15.647956500314788	21.946481484800643	32.8798284367631	0.1027511045512313	1.0120352375952197	69.25988714190568	1.0243951246152867	72.07555460132532	1.1088711134645297	24.724704894386296	1.1088711134645297	1.615065148345688	1.1088711134645297	0.0874081122777564	1.3061505222116372	NaN	NaN	800000009	800000019	800000009	800000019	800000019	800000019	899999999	899999999	89999	89999	89	89	10	1	1	28	30	0	4	NaN	0	0	0	0	0	0	0	0	0	NaN	NaN	NaN	NaN	0	73	0	0	0	0	300	150	18000	18000	0	20	18000	18000	18000	18000	93	NaN	0.7599887725852352	0.2816756163543297	0.24653158768771533	0.11153982371764126	16.77282808600731	0.08618293733810777	4.52706996149415e-7	NaN	0.057102124716053984	0.6011184224033185	0.039266208361199505	0.0000874081122777564	NaN	17.949786336907152	446.73285763257866	92.42259345796381	92.00085803816047	92.84432041592065	-0.8434569038152859	0.00026948860706599797	36.35896478746363	047
DATA	2026-09-25T050000_AIU-1657.ghg	2026-09-25	05:30:00	268.229	0	18000	18000	0.0429803494472388	0	NaN	36.108404204109604	1	NaN	-6.708875251254576	2	NaN	15.366994381295415	2	NaN	-0.1502791605424368	2	NaN	0.140786274748175	0	NaN	NaN	NaN	NaN	NaN	NaN	NaN	NaN	NaN	NaN	6.450457243948925e-10	1.5349959413766625e-11	3.2190879453393383e-12	NaN	18.498911029427557	447.73371671488053	452.55550775549716	0.1	0	440.2130310482548	10.654584814426094	10.769327527967155	0.1	1	0.09231845006429237	2.1243349971234546	2.1472126564866003	-0.4	0	NaN	NaN	NaN	NaN	9	290.1929928707548	282.742547078331	97867.75195798132	1.201027079784356	1011.122408147154	0.02401936786510132	-0.009738089603149905	0.007993366966353065	1043.019967870988	1191.2773251522005	0.006655442746376935	87.5547570535458	148.25735728121253	280.74497422827295	0.3015145820054006	0.1725832620655019	0.10095132910184841	0.36178335555207153	-1.9509053270152208e-14	3.4869388980182214e-14	0.36178335555207153	1.9928177361040988	131.21370551454493	29.786294485455045	16.20280208636622	NaN	0.18917274740481516	0.18433773526851377	-16.104206320386965	-0.1243836523296522	-5.382184472331222	0.15717851789805462	1	0.9150866435225444	1	1	1	2	4	12	0.04198807204384561	1.023632364028456	34.91154511602177	1.0268998916923167	-6.116995079427274	1.0967599555242278	14.011265002787525	1.0967599555242278	-0.13702101338173547	1.0967599555242278	0.10210259589757927	1.3212593601164409	NaN	NaN	800000009	800000009	800000009	800000019	800000019	800000119	899999999	899999999	89999	89999	89	89	16	7	0	22	7	0	0	NaN	0	0	0	0	0	0	0	0	0	NaN	NaN	NaN	NaN	0	4	0	0	0	0	300	0	16100	18000	0	15	18000	18000	18000	18000	93	NaN	0.1458390558295515	0.12649652177534632	0.09633989293212977	0.25411385081329796	52.10596911882948	0.025852297152290392	0.0000017664855657360936	NaN	0.028748324306778657	0.340167039117174	-0.003326611295241837	0.00010210259589757927	NaN	18.500635872775252	440.24171863239906	92.66182252205742	92.27207621807523	93.05157076305814	-0.7794950074752155	0.00026920484956968315	36.31817955732334	161
DATA	2026-09-25T053000_AIU-1657.ghg	2026-09-25	06:00:00	268.249	0	18000	18000	0.06554513318072225	1	NaN	32.36736918583749	0	NaN	8.439210050544048	1	NaN	-2.376429131034764	0	NaN	0.18890153489057454	1	NaN	0.15714178704970846	1	NaN	NaN	NaN	NaN	NaN	NaN	NaN	NaN	NaN	NaN	-3.119788825993024e-10	-7.089411510072883e-12	-1.554317718939472e-12	NaN	18.841092777254627	454.83798176130097	459.58816704653907	0.1	1	428.1451965099086	10.335743228038915	10.443686489953212	0.1	1	0.09386867503299039	2.1522793218450804	2.1747570523212394	0.2	0	NaN	NaN	NaN	NaN	9	289.3167996241251	281.9832367938254	97895.25713626124	1.2047454140492448	1010.9319021357231	0.023948132925792946	0.01224081946090923	0.007777228259821693	1012.0916510718919	1131.8405217880186	0.006455495218431098	89.41998732056756	119.7488707161267	280.30478128899244	0.3240750376669254	-0.017389060120897058	0.26322226088179423	0.41786716558546827	5.994948072942076e-15	-1.6558428233840555e-14	0.41786716558546827	2.295179974884059	164.07140356327477	356.9285964367254	39.04411035317428	NaN	0.23325050045000345	0.2055396464811196	-33.681399590889804	-0.059471994166827954	3.8353553225933594	0.11393774859772236	0	12.86513885239156	-1.9523344548737693	4.4161858527283675	10.996927192784273	16.771007833409268	23.521576947760483	35.23960846024935	0.06416960083233968	1.0214358875626564	32.13130267705885	1.0255188689867771	7.704839182978847	1.095312939066598	-2.1696348561899628	1.095312939066598	0.17246352905458445	1.095312939066598	0.11540920943478053	1.3181038810452776	NaN	NaN	800000009	800000009	800000009	800000019	800000019	800000019	899999999	899999999	89999	89999	89	89	26	17	0	4	5	0	2	NaN	0	0	0	0	0	0	0	0	0	NaN	NaN	NaN	NaN	0	1	0	0	0	0	300	0	17300	18000	0	15	18000	18000	18000	18000	93	NaN	0.1029486858457242	0.178034128885112	0.130096478231403	0.22451854492931375	4.659163872957031	0.009144455369257334	0.000005195009345242353	NaN	0.026382208577512837	-0.05250149142892393	0.004173325509879466	0.00011540920943478053	NaN	18.84261318248963	428.17734884197125	92.52323843002321	92.08800177383424	92.95847115156387	-0.8704661824140335	0.0002679837389021284	35.06755672640275	055
DATA	2026-09-25T060000_AIU-1657.ghg	2026-09-25	06:30:00	268.27	1	18000	18000	0.1441839034745993	1	NaN	44.55850827669038	1	NaN	-10.194799154284903	1	NaN	21.80034364022673	1	NaN	-0.2282364809607264	1	NaN	0.10865310809601816	1	NaN	NaN	NaN	NaN	NaN	NaN	NaN	NaN	NaN	NaN	-6.901479954684131e-11	-1.5972572028749165e-12	-3.443860720034882e-13	NaN	18.551325793223864	447.57942650545505	452.26426925332834	0.1	1	429.3461538781244	10.358639995168721	10.467064548634216	0.1	1	0.09257171305770702	2.124240251616764	2.1464748114472436	0.2	0	NaN	NaN	NaN	NaN	9	289.2595354529487	282.15832858778805	97898.11285595191	1.2040224726091862	1010.9476114820773	0.023962304026540267	-0.01478972396625507	0.007789847574943009	1014.3633265393439	1145.3092871836348	0.006469852309369243	88.5667599041048	130.94596064429084	280.33751433498793	0.062118987274196145	-0.36472589833308267	0.2238912852607085	0.43244775072902986	1.3712093897747345e-14	-3.7202084808434525e-15	0.43244775072902986	2.808112461756302	241.334308129301	279.66569187069894	31.18012442682863	NaN	0.34605178440564205	0.3624287755860948	-79.8977287287539	-0.02507080028270086	-4.370709770968103	0.10578553984843879	0	19.97315102764438	-3.0310027253548637	6.856136417547744	17.072749092067447	26.037019591142712	36.5172901883329	54.70955502363457	0.14122454579863306	1.0209549810143195	43.04419640588701	1.0252216360343933	-9.310162788090468	1.095018356427243	19.908655879848002	1.095018356427243	-0.2084316483108119	1.095018356427243	0.07493705494677388	1.3174174086314345	NaN	NaN	800000009	800000019	800000009	800000019	800000019	800001019	899999999	899999999	89999	89999	89	89	10	2	0	11	2	0	2	NaN	0	0	0	0	0	0	0	0	0	NaN	NaN	NaN	NaN	0	1094	0	0	0	0	300	150	18000	18000	0	15	18000	18000	18000	18000	93	NaN	0.44262760315640237	0.18687959888614136	0.09535034912964589	0.19863333321819526	31.76220567898872	0.004162504363428025	0.0000011221160087798074	NaN	0.03536318401489915	0.482052007585766	-0.00504679447568031	0.00007493705494677389	NaN	18.552824678616535	429.3792098404745	92.32068771065607	91.81088801617094	92.83048612043592	-1.0195964185131905	0.00026796155462862866	36.74934639466462	052
DATA	2026-09-25T063000_AIU-1657.ghg	2026-09-25	07:00:00	268.291	1	18000	18000	0.040309100929842204	1	NaN	21.46864567553471	1	NaN	-0.4600489467750568	2	NaN	15.281340095719571	0	NaN	-0.010298534448989823	2	NaN	0.06891102194004792	0	NaN	NaN	NaN	NaN	NaN	NaN	NaN	NaN	NaN	NaN	-1.5149065589465452e-10	-3.5095566883597245e-12	-7.597117436589807e-13	NaN	18.320139174957678	441.9021631751073	446.4729152111233	0.1	0	424.4193583653397	10.23746767226554	10.343357459883785	0.1	1	0.09187381752681031	2.1073000069063124	2.12909656415296	0	0	NaN	NaN	NaN	NaN	9	288.9686842871772	282.07402822507186	97912.62545973006	1.2046162541136614	1010.8787339754218	0.023951594185652562	-0.0006673450322945405	0.007702166677722462	1002.6462149604723	1138.8070344048201	0.006393875768669253	88.04355651741209	136.1608194443478	280.1679810801182	-0.17169282750118756	-1.4232985342599829	0.5266320869674629	1.5272846819324748	2.2756873355170054e-14	-8.269077786359364e-15	1.5272846819324748	3.214625607788195	257.878367596629	263.12163240337105	20.170559817852535	NaN	0.18292674067840348	0.43595508073526223	-24.49655931048868	-0.08177066724396408	-46.66600331558178	0.09637839125287981	1	12.852233203042607	6	11	19	30	52	142	0.03983162401996404	1.011987382428566	21.041627276904418	1.0224076804902793	-0.4178848263213643	1.1008989027547682	13.88078420051217	1.1008989027547682	-0.009354659563398513	1.1008989027547682	0.04949376662859482	1.3051709834228598	NaN	NaN	800000009	800000009	800000009	800000019	800000019	800000019	899999999	899999999	89999	89999	89	89	10	0	0	3	1	0	8	NaN	0	0	0	0	0	0	0	0	0	NaN	NaN	NaN	NaN	0	259	0	0	0	0	300	0	17900	18000	0	20	18000	18000	18000	18000	93	NaN	0.6646749553880854	0.1363961873830733	0.0708390186993657	0.2785488027798664	24.022950367503032	0.013518650728668197	7.972698549770635e-7	NaN	0.017279514826266103	0.33590666621629295	-0.00022637716011849053	0.000049493766628594816	NaN	18.32162347606329	424.4522729493542	92.55125975079008	92.06064041688708	93.04187812932332	-0.9812366540365698	0.0002682203873215864	34.86408999165156	017
DATA	2026-09-25T070000_AIU-1657.ghg	2026-09-25	07:30:00	268.312	1	18000	18000	0.050715562373360626	1	NaN	33.76245010838705	0	NaN	12.519061671535322	2	NaN	-3.748172571543	1	NaN	0.2801710248359697	2	NaN	0.056017893208986334	0	NaN	NaN	NaN	NaN	NaN	NaN	NaN	NaN	NaN	NaN	5.116513720820191e-10	1.1444839685749837e-11	2.5471641938594068e-12	NaN	18.660648112929195	449.8088697312024	454.3806294241419	0.1	1	417.4094661675789	10.06151978514915	10.16378288776637	0.1	1	0.09289867535006609	2.1278680928403664	2.1494952821498012	-1.3	0	NaN	NaN	NaN	NaN	9	288.4569631203546	281.7851034276626	97906.99365808823	1.2058625669958374	1010.7759322542449	0.023928437207243858	0.018155082409370835	0.007577117889672087	985.3573946057644	1116.7678446557627	0.006283566715690449	88.2329661729735	131.4104500499983	279.914610725607	0.2926929971985552	-0.17156126559360915	0.1687204610764824	0.37890507049526756	2.553796050556537e-14	2.741873535075756e-14	0.37890507049526756	3.173467772957864	191.37659270825839	329.6234072917416	26.441526589830904	NaN	0.20507924784147988	0.368584108497324	-21.947059557605527	-0.09126962975346947	2.696883440166524	0.1350701970371289	0	14.3148023346709	-2.172326481147168	4.913808415151692	12.236077733759625	18.66079059409783	26.172024139821158	39.21046132866973	0.04958036636483383	1.0228960794717314	33.68574953920703	1.0264330513588613	11.41980538383755	1.0962587584245134	-3.4190582677119776	1.0962587584245134	0.2555701586718605	1.0962587584245134	0.034742958527868247	1.3201999103758477	NaN	NaN	800000009	800000009	800000009	800000019	800000019	801001019	899999999	899999999	89999	89999	89	89	3	0	0	2	2	0	0	NaN	0	0	0	0	0	0	0	0	0	NaN	NaN	NaN	NaN	0	55	0	0	0	0	300	0	17500	18000	0	15	18000	18000	18000	18000	93	NaN	0.11456267833585904	0.545597402956389	0.07700813570239981	0.2236350550169394	14.5288389507743	0.0168974555724428	0.0000018774579127388914	NaN	0.02763716613139069	-0.08264447311710718	0.006177566877801648	0.000034742958527868244	NaN	18.662176548822043	417.4393314582207	92.77713060972424	92.31494765133326	93.23931424119739	-0.9243666816651818	0.0002679826490040998	36.75016814967448	079
DATA	2026-09-25T073000_AIU-1657.ghg	2026-09-25	08:00:00	268.333	1	18000	18000	0.21461787627188517	1	NaN	167.63759143022858	0	NaN	53.675592370707356	1	NaN	-28.285689518267194	1	NaN	1.2013646923177461	1	NaN	0.09241945422082255	2	NaN	NaN	NaN	NaN	NaN	NaN	NaN	NaN	NaN	NaN	4.778139735945437e-10	1.0703160743966982e-11	2.3602113367878513e-12	NaN	18.699738230492574	450.7094054690692	455.306181766873	0.1	1	418.8791354203967	10.096011172010492	10.198980189951355	0.1	1	0.09236928303822584	2.1168527436608557	2.1384424828584967	0.3	0	NaN	NaN	NaN	NaN	9	288.4281662190755	281.8973103548039	97900.28674258475	1.2052842311793786	1010.7970077841728	0.023939605452354386	0.07784843206218994	0.007599545648272204	988.6675171738347	1125.2819290302643	0.006305189640485049	87.85953916685038	136.61441185642968	279.96342312158976	0.4455103861235835	0.004085025234569203	0.052752332922809064	0.44864128232248385	-6.87772285350626e-14	2.5551907075116178e-14	0.44864128232248385	2.993983708010873	160.47465165060555	0.5253483493942318	6.752598287328653	NaN	0.4219764451322592	0.3522271865270576	-38.505298271643255	-0.05202141237470059	3.1231623914357445	0.32608421859766784	0	19.4350307090315	-2.9493408909238834	6.67141712571654	16.612771937320794	25.33552540733951	35.53343462123552	53.23556010216527	0.2103156281226939	1.0204561505371414	167.03969232453397	1.024916347640792	49.03113708400444	1.0947246089509537	-25.838178192936248	1.0947246089509537	1.0974127031537027	1.0947246089509537	0.026320953568561668	1.3167009327424808	NaN	NaN	800000009	800000009	800000009	800000019	800000019	801001019	899999999	899999999	89999	89999	89	89	4	4	0	3	10	0	0	NaN	0	0	0	0	0	0	0	0	0	NaN	NaN	NaN	NaN	0	0	0	0	0	0	300	150	18000	18000	0	15	18000	18000	18000	18000	93	NaN	0.17111540354705793	0.38153962129859936	0.15179934820845786	0.3247802239858957	15.679161658188411	0.025952422985105975	7.784969430777492e-7	NaN	0.13710909336164892	-0.6248661392999658	0.026539643542897427	0.000026320953568561666	NaN	18.70127463720924	418.90776078034327	92.60350831985474	92.10856108305191	93.09845731268989	-0.9898966579503533	0.00026821286487069707	39.68124850722063	161
DATA	2026-09-25T080000_AIU-1657.ghg	2026-09-25	08:30:00	268.354	1	18000	18000	0.05452144708998349	0	NaN	102.56688336465574	1	NaN	47.47701734633559	1	NaN	40.10257671836365	1	NaN	1.0638200344825957	1	NaN	0.1173061754992738	1	NaN	NaN	NaN	NaN	NaN	NaN	NaN	NaN	NaN	NaN	3.4753655157786264e-10	8.035745831760464e-12	1.7056032994891532e-12	NaN	18.784045442436277	454.3723505969793	459.1966731060193	0.1	1	434.32500605289215	10.506004924661443	10.617552988648034	0.1	1	0.09218636065448681	2.1242651927817806	2.1468196910280817	1	0	NaN	NaN	NaN	NaN	9	290.1087246297199	283.0691009211502	97897.81974179026	1.2000778089010578	1011.04534056868	0.024039723369383852	0.0689355382344722	0.007875224231043311	1028.7908645755388	1217.673272147659	0.006562261357248875	84.48825215330703	188.8824075721202	280.54390666556185	0.5401477753965308	0.14972272738514683	-0.0462065677215134	0.5624158259349173	-1.0770280473883625e-14	1.8501688182286863e-14	0.5624158259349173	3.2048141292018566	145.5072407206727	15.492759279327297	-4.712578433998564	NaN	0.21314688227375417	0.29180667181244113	-8.111260502246326	-0.24695298584545064	2.1603480820298864	0.3965958243751652	0	12.61562796741503	-1.9144702154594258	4.33053684007661	10.78364904107711	16.445745195013075	23.065391472608127	34.55615949059375	0.05357041751993568	1.0177528870237738	103.19671641634719	1.0233284953973787	43.42083654447908	1.0934155378996782	36.6764284284783	1.0934155378996782	0.9729329770876204	1.0934155378996782	0.0635094352748856	1.3128396510043694	NaN	NaN	800000009	800000009	800000009	800000019	800001019	800101019	899999999	899999999	89999	89999	89	89	1	4	1	0	11	0	1	NaN	0	0	0	0	0	0	0	0	0	NaN	NaN	NaN	NaN	0	0	0	0	0	0	300	0	18000	18000	0	20	18000	18000	18000	18000	93	NaN	0.2808238718061722	0.18870084513988822	0.11408862667882191	0.9955310298803197	82.82684317804784	0.05413777829865734	6.081193743816495e-7	NaN	0.08505225677248841	0.8910551343314544	0.023637441314246325	0.0000635094352748856	NaN	18.785061094030908	434.34148819967646	92.87614879141923	92.4601313497755	93.29216482586332	-0.8320332009958264	0.00026899002760829823	39.01929927539828	250
DATA	2026-09-25T083000_AIU-1657.ghg	2026-09-25	09:00:00	268.374	1	18000	18000	0.5784010980316345	0	NaN	-280.1920605957374	2	NaN	532.8399597918433	1	NaN	143.06609757389504	1	NaN	11.975843172296083	1	NaN	0.309784102608341	1	NaN	NaN	NaN	NaN	NaN	NaN	NaN	NaN	NaN	NaN	-2.1980417098015657e-10	-4.866319975848997e-12	-1.140373983533288e-12	NaN	17.382335434305833	425.9557779530054	430.01094506437437	0.1	1	384.8334896179324	9.430381151721368	9.5201598880914	0.1	1	0.09018192427349657	2.1072156843096606	2.1272767145429827	0.1	0	NaN	NaN	NaN	NaN	9	294.8928442128503	286.25141096384516	97888.13752096574	1.187103504226397	1010.5086260561684	0.024312386475262963	0.7760346375647861	0.006989666417098639	923.3700648791928	1503.1384288495453	0.0058880008290882885	61.42947629819504	579.7683639703525	278.972699249094	-1.3441754918388735	-0.5081931634629104	1.0019362638034068	1.7518402669695372	-1.0167444935982317e-13	-1.2645261150946975e-14	1.7518402669695372	7.145343336225437	320.2898712389622	200.7101287610378	34.885170061028035	NaN	0.6980238485198	1.7358621349877286	104.26283818388413	0.01921202256615357	-0.5258465613299647	-0.3346238965795104	0	20.00014559078662	-3.0350992544573896	6.865402777531661	17.095823638629458	26.072209730566183	36.566644859231246	54.78349731423885	0.5716616012781383	1.011789311610974	-244.8411422634054	1.0252934091291421	473.97665002664786	1.1241903156239577	127.26145705541795	1.1241903156239577	10.652861002141927	1.1241903156239577	0.2702381380015878	1.4074728384646462	NaN	NaN	800000009	800000009	800000009	800000019	800000019	800000019	899999999	899999999	89999	89999	89	89	19	18	1	14	0	0	6	NaN	0	0	0	0	0	0	0	0	0	NaN	NaN	NaN	NaN	0	0	0	0	0	0	300	0	18000	18000	0	20	18000	18000	18000	18000	93	NaN	1.7008465778505224	1.3842310922438554	0.3866465998810794	2.2679233765851037	243.646021277555	0.8107666581924412	0.000001687779699555483	NaN	-0.20410600619191738	3.123493361448272	0.26146282928484593	0.0002702381380015878	NaN	17.38567239500785	384.94667615540016	93.681374092314	93.49689482074314	93.86585245429144	-0.3689573082584277	0.0002721098654243783	39.8630219328139	120
DATA	2026-09-25T090000_AIU-1657.ghg	2026-09-25	09:30:00	268.395	1	18000	18000	0.6656371759506396	0	NaN	61.8964913384146	1	NaN	189.44867545427692	0	NaN	-1.6498011871789116	1	NaN	4.261632326532887	0	NaN	0.06301682829391397	1	NaN	NaN	NaN	NaN	NaN	NaN	NaN	NaN	NaN	NaN	-1.7207004620389732e-9	-3.562894177481757e-11	-9.04817412423239e-12	NaN	16.98507126904933	418.76970796294705	422.4326528797905	0.1	1	351.6940505548483	8.671074292842992	8.7469194815006	0.5	0	0.08931472138546696	2.0947730980006587	2.1130959096208843	0.3	0	NaN	NaN	NaN	NaN	9	296.1305571467081	287.15081134688387	97880.77991194386	1.183637326264489	1010.1081472369083	0.02439060914395794	0.27615377475933106	0.006406267285577401	848.959177702071	1593.802952155758	0.005412356592196462	53.266257071100256	744.843774453687	277.7652707640086	-2.6926002977913845	0.4206061631444164	1.564938074657376	3.1426162803713096	-1.789706133662842e-13	-1.0130663773984165e-13	3.1426162803713096	9.234648434862333	349.8783195316247	171.1216804683753	29.86598549714644	NaN	0.7499105415473466	3.040385274545862	-585.1491679182797	-0.0034232296819735842	0.32671905037073323	0.06903511401995567	0	19.765099775851194	-2.999430145228381	6.784719155336019	16.89491001123141	25.765803771895996	36.1369061455115	54.1396704124402	0.656544504882242	1.013849283636954	70.63820150801254	1.030425741435181	167.76490872099527	1.1292509077052775	-1.4609695470880173	1.1292509077052775	3.7738577825833612	1.1292509077052775	0.023655063077163373	1.3122148916982745	NaN	NaN	800000009	800000009	800000009	800000019	800000019	800000019	899999999	899999999	89999	89999	89	89	18	2	1	34	13	2	13	NaN	0	0	0	0	0	0	0	0	0	NaN	NaN	NaN	NaN	0	0	0	0	0	0	300	150	18000	18000	0	20	18000	18000	18000	18000	93	NaN	1.62050051518442	4.00061930204836	0.459650731858944	0.22373852422792243	0.17304458342651957	0.3453048465913397	1.0553355828612413e-7	NaN	0.05908171685946556	-0.03594570871198215	0.09285203298287215	0.000023655063077163372	NaN	16.986377653595316	351.7064597106238	93.71755304612054	93.59800811682807	93.83709872266982	-0.23909232256727023	0.00027401530003569655	39.25822462821359	004
DATA	2026-09-25T093000_AIU-1657.ghg	2026-09-25	10:00:00	268.416	1	18000	18000	0.47494365035475494	1	NaN	119.63561557566578	0	NaN	376.3640890170026	0	NaN	1.7237182270662832	1	NaN	8.470946796994594	0	NaN	0.1344037824368409	0	NaN	NaN	NaN	NaN	NaN	NaN	NaN	NaN	NaN	NaN	-2.162054763921685e-10	-4.427525624730824e-12	-1.1383924079889967e-12	NaN	16.936926161449172	418.3569123847708	421.97205162874934	0.2	0	346.83984807105634	8.567248067791935	8.64128005766925	0.4	0	0.08917844486922699	2.096929710538777	2.11504986742879	0	0	NaN	NaN	NaN	NaN	9	296.50194184027777	287.72437262928423	97867.32201955332	1.1811619220158878	1010.0631744383592	0.02444268816880402	0.5489173524452496	0.006316073410608014	838.678531781261	1654.0983986581282	0.00534733916906869	50.70306170791478	815.4198668768672	277.5911612441215	-3.0073425833789607	0.28161502092436114	1.7648975842313397	3.4983253017179807	4.206738772005588e-14	-1.2765331461636918e-14	3.4983253017179807	8.625399078282456	346.3497182729941	174.65028172700593	30.298024027851675	NaN	0.6341125141067927	2.3731301634133417	-183.01971006527492	-0.010944722834964518	0.3178720262289985	0.15813798078071747	0	17.46347621698126	-2.6501498904493483	5.994646268007779	14.92751681069984	22.76540500603337	31.928804214713175	47.83516690353447	0.4680745208919253	1.0146752902716012	136.75936809847622	1.0325621651218682	331.3045217623734	1.1360064964249053	1.5173489170096732	1.1360064964249053	7.456776720602635	1.1360064964249053	0.05497623716170556	1.3148174354795035	NaN	NaN	800000009	800000009	800000009	800000019	800000019	800000019	899999999	899999999	89999	89999	89	89	28	0	5	17	1	0	5	NaN	0	0	0	0	0	0	0	0	0	NaN	NaN	NaN	NaN	0	0	0	0	0	0	300	0	18000	18000	0	15	18000	18000	18000	18000	93	NaN	0.7617517889727579	3.5366277105529265	0.4478808273009987	0.17698309982340138	0.16275110124027212	0.4645302073042611	1.258260195117319e-7	NaN	0.11463021580267832	0.037408661674043456	0.18383908565318396	0.00005497623716170556	NaN	16.938231838829704	346.84786591335813	93.69839113087124	93.5939127146403	93.8028670079973	-0.2089547380283443	0.0002747624457293164	42.12652327797146	158
DATA	2026-09-25T100000_AIU-1657.ghg	2026-09-25	10:30:00	268.437	1	18000	18000	0.27389521937341077	0	NaN	94.160761869322	0	NaN	325.3951115108771	0	NaN	1.2494025137195761	0	NaN	7.327276110194334	0	NaN	0.14154216047771628	0	NaN	NaN	NaN	NaN	NaN	NaN	NaN	NaN	NaN	NaN	3.102260594248315e-10	6.015056258353143e-12	1.6300334851958123e-12	NaN	16.89824565845961	418.1608337893606	421.5789251178627	0.1	0	327.6446166113742	8.107832542972798	8.174106832357927	0.3	0	0.0887891440049319	2.092049426878257	2.109150062392133	0	0	NaN	NaN	NaN	NaN	9	296.9067108044095	288.22192751264845	97877.17269178142	1.1794470976031102	1009.8213489263952	0.024482492081030153	0.4748074919405928	0.005967658212412345	793.7845931794365	1708.0168135701292	0.005059708251891847	46.47405030634639	914.2322203906928	276.80803150219276	-2.9871785846626824	0.03243222659905014	1.7507512078215233	3.462573831368519	-1.9964091149785138e-14	1.8358477305573192e-14	3.462573831368519	7.413849263377977	341.62204406007413	179.37795593992593	30.372606743788673	NaN	0.4818956355909336	2.0988044773175503	-102.05899761204849	-0.019626882948765367	0.28937362160148633	0.16405669444413307	0	14.883118439704665	-2.2585706426636074	5.108892943326936	12.721865792578848	19.40164803518189	27.211087234948053	40.76716718725601	0.26995685589494073	1.0145888625995954	109.27598036426583	1.032344756968055	286.6119198663247	1.135316045692171	1.1004887303938788	1.135316045692171	6.453952745578519	1.135316045692171	0.07006084417441137	1.3145489640836538	NaN	NaN	800000009	800000009	800000009	800000019	800000019	800000119	899999999	899999999	89999	89999	89	89	19	3	0	39	16	3	13	NaN	0	0	0	0	0	0	0	0	0	NaN	NaN	NaN	NaN	0	0	0	0	0	0	300	0	4	18000	0	15	18000	18000	18000	18000	93	NaN	0.8189316426088847	2.9929079722447223	0.3857693397814934	0.18976418939983372	0.05679900882775139	0.48432877616386555	2.6590985717942804e-7	NaN	0.09174907562668773	0.02716299874752399	0.15930077746637453	0.00007006084417441137	NaN	16.899537611248768	327.64894472141157	93.68553517701892	93.59766110081142	93.77340775553384	-0.1757499026018728	0.00027529372883792455	40.91948371710928	197
DATA	2026-09-25T103000_AIU-1657.ghg	2026-09-25	11:00:00	268.458	1	18000	17998	0.3460855615860265	0	NaN	106.27130479459713	0	NaN	478.5519739701657	0	NaN	0.6621074477443775	1	NaN	10.783134330568009	0	NaN	0.14891036039469804	0	NaN	NaN	NaN	NaN	NaN	NaN	NaN	NaN	NaN	NaN	7.075554742084713e-10	1.2817112530133131e-11	3.718837818726786e-12	NaN	16.858221781898276	418.3586223647802	421.553328745484	0.1	0	305.38061468360377	7.578415737365885	7.636286692612216	0.3	0	0.08860505642916609	2.093676066866938	2.1096639775549946	0	0	NaN	NaN	NaN	NaN	9	297.2995771662394	288.90257666808736	97870.97862508828	1.1768301420621352	1009.5459897236659	0.02454186170570042	0.6987471046208069	0.005564494477428531	741.9059196854214	1784.2730578017492	0.004728375216221078	41.580290440492355	1042.3671381163279	275.8527245669063	-2.900336459173821	-0.956145124760537	1.901853169147301	3.5975858587093787	-1.5170076885351167e-13	4.197094351719928e-14	3.5975858587093787	11.141986747158859	322.75431923501264	198.24504290497302	31.914087282025097	NaN	0.5422940618578267	2.324710058325883	-128.85460743777224	-0.015545427826221557	0.22206847024984247	0.1649458041600665	0	15.477939795120237	-2.348837078183397	5.313075866249579	13.230310140771977	20.177057747087115	28.29861038118893	42.39647503298851	0.34099814510305354	1.0149191910748825	129.31068661852106	1.0331683275909336	420.5635127598579	1.1378827678839065	0.5818766804735807	1.1378827678839065	9.476489700798568	1.1378827678839065	0.06441495081500803	1.3155848996220867	NaN	NaN	800000009	800000009	800000009	800100019	800100019	800100119	899999999	899999999	89999	89999	89	89	35	12	1	22	9	9	16	NaN	0	0	0	0	0	0	0	0	0	NaN	NaN	NaN	NaN	0	0	0	0	0	0	300	0	0	18000	0	15	18000	18000	18000	18000	93	NaN	1.0173978396460346	3.189083826906038	0.4429384500996936	0.174036927454524	0.06584057287216137	0.6365331037393777	2.1376607645132633e-7	NaN	0.10884150200440115	0.014389415244124291	0.23434715625736277	0.00006441495081500804	NaN	16.85950186978619	305.37954192604997	93.65119786665176	93.58241854773627	93.71997529665629	-0.1375599818200709	0.00027530172786403753	40.003461239841236	120
DATA	2026-09-25T110000_AIU-1657.ghg	2026-09-25	11:30:00	268.479	1	18000	18000	0.41532641802949916	1	NaN	89.04074019672713	0	NaN	424.89586307861515	0	NaN	2.11444467845353	0	NaN	9.57924317727441	0	NaN	0.1189336446172148	0	NaN	NaN	NaN	NaN	NaN	NaN	NaN	NaN	NaN	NaN	5.078650695494284e-10	8.79617670544947e-12	2.6639986394731517e-12	NaN	16.841397662144438	418.8357396507789	421.89625814834085	0.1	0	291.69147217467423	7.254196827898433	7.307204729266282	0.2	0	0.08834129998068814	2.092443849260147	2.107733764851185	0.1	0	NaN	NaN	NaN	NaN	9	297.7664664171007	289.45944003502507	97844.07458664372	1.1743876431871374	1009.3810873472047	0.02459592770045687	0.6207349578873818	0.005314726513692339	709.9705665135243	1848.866471384768	0.004525530002400956	38.4003159504412	1138.8959048712436	275.23484668382815	-3.2433811111599544	-0.7684744965958251	1.927702327211645	3.850468847618996	2.5008707350477807e-13	3.015575546268297e-14	3.850468847618996	10.60528519654564	327.6703622796731	193.32963772032693	30.042413039571475	NaN	0.5946878174202475	2.632419617554988	-202.7621920742515	-0.009879060684382742	0.20955897181859034	0.12630864719270543	0	16.931992912602638	-2.5694952485341807	5.812205248389722	14.473212875896554	22.07256284060247	30.95708322640314	46.37935179229837	0.40896191481931304	1.0155625816966307	109.46083229671626	1.0347275787942807	371.83990887771006	1.1426849376147896	1.850417913853985	1.1426849376147896	8.38310094230337	1.1426849376147896	0.048030161382306424	1.3176054336144913	NaN	NaN	800000009	800000009	800000009	800000019	800000019	800000119	899999999	899999999	89999	89999	89	89	24	6	1	31	1	16	11	NaN	0	0	0	0	0	0	0	0	0	NaN	NaN	NaN	NaN	0	0	0	0	0	0	300	0	0	18000	0	15	18000	18000	18000	18000	93	NaN	0.9537812203851082	3.8854944334845154	0.42556358124035215	0.1483974468561582	0.12297722596877803	0.5617193461839414	1.4161103947652352e-7	NaN	0.09234047620196455	0.045845406032609184	0.20769722538612087	0.00004803016138230642	NaN	16.84271419354959	291.6860069319837	93.62474243651496	93.57024058363172	93.67924965943232	-0.10900998526232313	0.0002763188476011338	39.04249130824375	226
DATA	2026-09-25T113000_AIU-1657.ghg	2026-09-25	12:00:00	268.499	1	18000	18000	0.4062816078395856	0	NaN	85.45423379831126	0	NaN	397.954755453363	0	NaN	1.9942101656024824	0	NaN	8.978344777755533	0	NaN	0.2149330964442713	0	NaN	NaN	NaN	NaN	NaN	NaN	NaN	NaN	NaN	NaN	8.181280947412378e-10	1.4048700198030149e-11	4.289608494109932e-12	NaN	16.774999026098374	418.4779887052554	421.5069392783038	0.1	0	288.05627585059506	7.1860040506911655	7.238016466337235	0.2	0	0.08795465987975484	2.0903440044025516	2.1054739487267264	0	0	NaN	NaN	NaN	NaN	9	298.0576368204753	290.2098118927519	97807.13407198977	1.1709391630896444	1009.3612162141914	0.024669001898168525	0.5817967415985585	0.005249170426378786	703.030991677945	1939.1456938360946	0.0044828720328461006	36.25467616552222	1236.1147021581496	275.09733618778745	-2.583854625133175	-1.2487900771503924	1.6824035713767584	3.3265993383022203	-8.575817789647078e-14	4.877067912006447e-14	3.3265993383022203	7.657549492896452	315.20528556749423	205.79471443250586	30.380671658094276	NaN	0.5890422080442828	2.1683057656793836	-205.25789075224168	-0.009758942726435103	0.21473354100507988	0.12274568225155327	0	16.5920505196091	-2.5179076788912655	5.6955140253951395	14.182635231272386	21.629413598202905	30.33556011294549	45.44819691199908	0.4005668701392951	1.0142666259401414	104.99780223623326	1.031523041109221	351.322934603989	1.132732071425788	1.7605312111383393	1.132732071425788	7.926274009752674	1.132732071425788	0.12643808439572868	1.3135310768606636	NaN	NaN	800000009	800000009	800000009	800000019	800000019	800000119	899999999	899999999	89999	89999	89	89	16	5	3	20	6	28	15	NaN	0	0	0	0	0	0	0	0	0	NaN	NaN	NaN	NaN	0	0	0	0	0	0	300	0	0	18000	0	15	18000	18000	18000	18000	93	NaN	1.0212104267346915	2.876163773705869	0.43923733091820644	0.12738557897141964	0.09549626482179874	0.6253781219670271	6.626100141471104e-7	NaN	0.08883810043855962	0.043744983741215576	0.19694892399030836	0.00012643808439572867	NaN	16.776285091819574	288.04268088469416	93.57074131117926	93.54013225131564	93.60135459497239	-0.061232362987487195	0.000276955459776218	40.06917798741658	084
DATA	2026-09-25T120000_AIU-1657.ghg	2026-09-25	12:30:00	268.52	1	18000	18000	0.798121145118057	1	NaN	45.48540724669423	1	NaN	208.3392289363428	1	NaN	-1.00970170660498	1	NaN	4.704269468867374	1	NaN	0.2094725508219678	1	NaN	NaN	NaN	NaN	NaN	NaN	NaN	NaN	NaN	NaN	-1.2730032505745064e-9	-2.2674394970001224e-11	-6.658536899868354e-12	NaN	16.70842390015994	418.20113849471016	421.3396500780805	0.1	1	297.60599799525903	7.448887335404532	7.504789668118252	0.2	0	0.08739463707390259	2.0853486905016316	2.100998793808532	0.2	0	NaN	NaN	NaN	NaN	9	298.56859085252546	291.0663184162721	97788.16315986935	1.1671507010703812	1009.5254016341493	0.02474660831246684	0.30483666158260586	0.005424135315392984	728.6083991931002	2046.8975930438382	0.004647330726373697	35.59574263359328	1318.289193850738	275.5983622088511	-2.4080226487567646	0.5747684641051513	1.3703900554985369	2.8296467568344603	2.030902332578257e-13	-7.618930775166177e-14	2.8296467568344603	9.282267774408158	354.4246871713526	166.5753128286474	28.966438377173045	NaN	0.8269341756402433	2.202176211453331	-1066.8469786899586	-0.0018775888576445321	0.21832377646262724	0.04668280681537634	0	21.576746914916153	-3.274354587960883	7.406598993359472	18.44347873760857	28.127468788436712	39.44917491094228	59.1020525974496	0.7877246063714245	1.013198189649709	55.95291129227835	1.028607745069741	185.4590338385325	1.1233706151932759	-0.8988144188116055	1.1233706151932759	4.187637993413246	1.1233706151932759	0.1429106757440681	1.3101456805914726	NaN	NaN	800000009	800000009	800000009	800000019	800000019	800000019	899999999	899999999	89999	89999	89	89	39	8	5	17	9	7	4	NaN	0	0	0	0	0	0	0	0	0	NaN	NaN	NaN	NaN	0	0	0	0	0	0	300	150	0	18000	0	15	18000	18000	18000	18000	93	NaN	0.9528682753797332	3.002600763901157	0.44888338362577107	0.15938371451605304	0.1093806720640379	0.7996568598903733	3.652619809775739e-7	NaN	0.04748741201762901	-0.022409579577685013	0.10440776748998859	0.0001429106757440681	NaN	16.7097175752127	297.5893719144653	93.48449529838561	93.48247727224563	93.4865177415212	-0.004044203055912616	0.0002779938406294806	41.17380944516924	135
DATA	2026-09-25T123000_AIU-1657.ghg	2026-09-25	13:00:00	268.541	1	18000	18000	1.0528059741954077	1	NaN	164.6039551752669	1	NaN	352.7581086781393	0	NaN	-3.095930042909005	2	NaN	7.970651267648027	0	NaN	0.16624376485203482	0	NaN	NaN	NaN	NaN	NaN	NaN	NaN	NaN	NaN	NaN	-4.087821892291215e-10	-6.851979904818913e-12	-2.1324374813609053e-12	NaN	16.630422519286025	417.50493688081997	420.4473070294813	0.1	1	278.7580376867308	6.998190021597619	7.047509834599222	0.2	0	0.08675362392346517	2.07629427304553	2.0909269773543406	0.1	0	NaN	NaN	NaN	NaN	9	299.12232518598773	291.77205494508894	97767.55249205508	1.1642811457579452	1009.2960803570674	0.024811839950791417	0.5164982021435921	0.005082548758979572	684.3794385960465	2139.5884735737204	0.004365396431521564	31.98649866779935	1455.209034977674	274.7217060005035	-2.5290209777588193	1.3968789647849023	1.2543637030360384	3.1497057398584283	-1.2178933937819946e-13	-2.4580385059673832e-14	3.1497057398584283	8.34026142324118	9.91361810727392	151.08638189272605	23.4686919787922	NaN	0.9509227508984677	2.3145749783809677	-448.19502595974194	-0.004469259773043362	0.46661990504505596	0.14730536926274226	0	21.184075139723213	-3.2147651311379497	7.271807479776201	18.107828810157113	27.615581470835366	38.73124566965022	58.026463770157775	1.0384084957520083	1.0138649466970826	179.71862700605396	1.0304676703690103	312.3445692157569	1.1293876809315233	-2.7412465136466424	1.1293876809315233	7.057497971886681	1.1293876809315233	0.07038369799175806	1.312265001649658	NaN	NaN	800000009	800000009	800000009	800000019	800000019	800000019	899999999	899999999	89999	89999	89	89	8	2	0	26	5	7	7	NaN	0	0	0	0	0	0	0	0	0	NaN	NaN	NaN	NaN	0	0	0	0	0	0	300	0	0	18000	0	15	18000	18000	18000	18000	93	NaN	1.190680004310711	2.8169955119509846	0.6214744405002398	0.1556771982837725	0.2062817920979672	0.8324910634255078	1.869622940615188e-7	NaN	0.15293843465163526	-0.0684948382335748	0.17634392949034605	0.00007038369799175805	NaN	16.63175004762746	278.7343212466394	93.43784489398533	93.4566612118615	93.41903006659615	0.03762655276498803	0.00027916044952386695	40.12341658284931	149
DATA	2026-09-25T130000_AIU-1657.ghg	2026-09-25	13:30:00	268.562	1	18000	18000	0.5273629880359835	0	NaN	49.72125815781856	0	NaN	372.4429424724604	0	NaN	0.9780413695957807	0	NaN	8.42254518141824	0	NaN	0.19899975601509606	1	NaN	NaN	NaN	NaN	NaN	NaN	NaN	NaN	NaN	NaN	-9.064925956260862e-11	-1.6008394531988768e-12	-4.744259649653013e-13	NaN	16.52493017861543	416.528201055604	419.6147894243365	0.1	0	291.82544147548776	7.355766399384986	7.410274648655783	0.2	0	0.0864856037854243	2.078446752332103	2.0938486136094903	0.1	0	NaN	NaN	NaN	NaN	9	299.81199203999836	292.6469151159599	97728.66529749293	1.160181542105934	1009.5132002573821	0.024896139171323637	0.5457809277559019	0.0053241553590246205	719.0620615137892	2259.5802203787257	0.004589070904679572	31.82281624828828	1540.5181588649366	275.413209990161	-2.5077199567842503	1.6231402800494283	1.3031692490006799	3.2590633381255505	-2.586354300068602e-14	-5.485606207275596e-15	3.2590633381255505	8.264623469851188	13.913261705016339	147.0867382949837	23.569430197708325	NaN	0.6742048111035068	1.5820309881292147	-528.7083749099862	-0.003788667051739122	0.13350033652871568	0.0629668993998979	0	18.790466728632573	-2.851525820154594	6.450159169306152	16.061808341446305	24.49527115991688	34.354966091928524	51.469999500181125	0.520025085668106	1.0141106699851796	69.08839837500962	1.0311181557741198	329.1745846543179	1.1314450137867738	0.8644179413743011	1.1314450137867738	7.444060540979597	1.1314450137867738	0.12441088766673569	1.3130397899184334	NaN	NaN	800000009	800000009	800000009	800000019	800000019	800000019	899999999	899999999	89999	89999	89	89	10	3	1	3	0	1	5	NaN	0	0	0	0	0	0	0	0	0	NaN	NaN	NaN	NaN	0	0	0	0	0	0	300	0	0	18000	0	15	18000	18000	18000	18000	93	NaN	1.3144559975489283	1.4280101140683663	0.421595864641135	0.1255765582745943	0.10111275127054788	1.158945054291384	3.867115322874261e-7	NaN	0.0589884753104095	0.021680186535611035	0.18670207244221979	0.0001244108876667357	NaN	16.52619128445014	291.79891915633425	93.35956821229723	93.40991060172186	93.30922526931764	0.10068883467486006	0.0002797511469705368	42.025043294977245	210
DATA	2026-09-25T133000_AIU-1657.ghg	2026-09-25	14:00:00	268.583	1	18000	18000	0.6203865655423867	1	NaN	66.02110657044051	0	NaN	226.84517428169372	0	NaN	-0.10069335030929724	2	NaN	5.133714789980959	0	NaN	0.1377212671720085	0	NaN	NaN	NaN	NaN	NaN	NaN	NaN	NaN	NaN	NaN	1.5062692952586387e-10	2.5649173291841328e-12	7.855901737459036e-13	NaN	16.44654631241224	415.9592803678529	418.926566789823	0.1	1	280.0563735496727	7.083070535984548	7.133598316032385	0.2	0	0.08577646252073054	2.0683061823185	2.0830606478177267	0	0	NaN	NaN	NaN	NaN	9	300.5144699596829	293.4061998563433	97685.40009909074	1.1567865018896113	1009.3833854874023	0.024971788446698943	0.3326647183907661	0.005111245176443367	692.0981774626156	2368.453430682818	0.004418486184005558	29.221523568782423	1676.3552532202025	274.8782419688925	-2.9864217115216314	1.3130006921925752	1.5797206975623541	3.6246659072324245	-2.1969796739053615e-14	9.158575099270868e-15	3.6246659072324245	8.657227403763725	4.7330192230953685	156.26698077690457	25.83781344960647	NaN	0.7323262239653334	1.7985444256810088	-510.1119097134133	-0.003926785401119853	0.29104038373087127	0.07720916377279631	0	20.56858413465181	-3.12136199653887	7.060529334995618	17.58171635632024	26.813226783032945	37.60593181159185	56.34053855175335	0.6112263257065043	1.0149866578886213	76.63545585441818	1.0333343277294695	199.26729579283688	1.13839641060582	-0.08845192181843871	1.13839641060582	4.50960205263556	1.13839641060582	0.07961269409982503	1.315796303254543	NaN	NaN	800000009	800000009	800000009	800000019	800000019	800000019	899999999	899999999	89999	89999	89	89	18	18	0	8	2	3	7	NaN	0	0	0	0	0	0	0	0	0	NaN	NaN	NaN	NaN	0	0	0	0	0	0	300	0	0	18000	0	15	18000	18000	18000	18000	93	NaN	0.9412712597945909	2.259033049160013	0.3967845424074136	0.10182427975356118	0.15804250313405502	1.295167584017399	2.646556702401324e-7	NaN	0.06563271664405643	-0.0022245636471576453	0.1134163801441487	0.00007961269409982503	NaN	16.447825352871916	280.02397799499784	93.31980150265164	93.39098946995205	93.24861259184942	0.14237247665515748	0.0002811342397762928	41.80744076170746	171
DATA	2026-09-25T140000_AIU-1657.ghg	2026-09-25	14:30:00	268.604	1	18000	18000	1.3512218895693748	1	NaN	-8.628630319983534	2	NaN	185.10426272145315	2	NaN	-0.667180970714105	2	NaN	4.191459242582457	2	NaN	0.2649027623445598	1	NaN	NaN	NaN	NaN	NaN	NaN	NaN	NaN	NaN	NaN	-1.6457250301880188e-9	-2.7874620386970963e-11	-8.593142816676384e-12	NaN	16.382099296989352	415.6340789850238	418.5808213184831	0.1	1	277.4733267519616	7.039840774781325	7.089751496449095	0.2	0	0.085539027670935	2.0681050317473013	2.0827673824909456	0	0	NaN	NaN	NaN	NaN	9	301.1718121922811	293.9936103915629	97633.00774518892	1.1538749216261677	1009.3749030065807	0.02503521025568221	0.2716065589193432	0.005067180648356329	687.5051954255822	2455.8036048441836	0.004391447074016566	27.99512119248653	1768.2984094186013	274.7852836356957	-2.9588901192422767	1.2999346165208352	1.4356889803196615	3.536391323537424	-4.719973609323557e-13	-1.0045873855070973e-13	3.536391323537424	9.217664962143115	4.717412858230091	156.28258714176994	23.952284644115746	NaN	1.0821412914942155	3.0992091253383074	12588.722515004783	0.00015911860775487424	-0.04661497359986781	-0.006846153890502919	0	23.193703472506336	-3.5197339838335173	7.9616478549408365	19.825628883186578	30.235334968877225	42.40548720006096	63.53114711718097	1.3315571006379618	1.0147682656057269	1.9513154516405242	1.032794170570852	162.84098327174186	1.1367179134048788	-0.5869362687490849	1.1367179134048788	3.687334556053164	1.1367179134048788	0.20096506387573293	1.3151124545537871	NaN	NaN	800000009	800000009	800000009	800000019	800000019	800000019	899999999	899999999	89999	89999	89	89	13	8	2	18	9	21	1	NaN	0	0	0	0	0	0	0	0	0	NaN	NaN	NaN	NaN	0	0	0	0	0	0	300	0	0	18000	0	15	18000	18000	18000	18000	93	NaN	1.4999222071761034	4.056844485867593	0.6416515576329178	0.07852378358218712	0.11187975078232296	1.209701764085632	8.00499961575748e-7	NaN	0.0016753912649006637	-0.014798278362751445	0.09296785031424644	0.00020096506387573293	NaN	16.38334577619662	277.4366754480385	93.28596759181553	93.37835102971395	93.19358409203423	0.1847694713241475	0.00028149718980583	41.780789163518826	075
DATA	2026-09-25T143000_AIU-1657.ghg	2026-09-25	15:00:00	268.624	1	18000	18000	0.7815570981786077	1	NaN	77.1906204390717	1	NaN	359.9070748295086	0	NaN	-0.9332176776918376	2	NaN	8.155177825942072	0	NaN	0.3212741101863926	0	NaN	NaN	NaN	NaN	NaN	NaN	NaN	NaN	NaN	NaN	2.4706617028993994e-10	4.0492578611574584e-12	1.2882589113089496e-12	NaN	16.30485473465024	415.08026297798096	417.92335472867785	0.1	1	267.22622984698125	6.802902299017553	6.8494987699467424	0.1	0	0.08501720160579335	2.0618872823424446	2.076010176746618	0	0	NaN	NaN	NaN	NaN	9	301.5982416415744	294.6939280000644	97577.41349323861	1.1505806975456827	1009.2639453445745	0.025109143906159266	0.5284555231210463	0.004882217489646691	663.9876704863764	2563.6148036468016	0.004243263858033606	25.90044610219283	1899.6271331604253	274.30051682099764	-2.6588706071940664	0.4717112969840953	1.3951446482871794	3.0394955244492747	-6.282517490808893e-14	1.5152920667541278e-14	3.0394955244492747	8.489962169482231	351.06019235699	169.93980764300997	27.322941915418014	NaN	0.824179511194001	2.705337378200657	-621.4227892649554	-0.0032234093029792957	0.21447375124714518	0.0806530647646376	0	20.616649306070233	-3.1286560717382335	7.077028552956841	17.62280174192405	26.875884588410827	37.6938102745449	56.472196502809595	0.7710507669892412	1.013625991490017	95.39926367226141	1.0298192726467337	319.26494287516874	1.127299075145343	-0.8278350424189939	1.127299075145343	7.234262855126198	1.127299075145343	0.21495737527757208	1.3115067216380516	NaN	NaN	800000009	800000009	800000009	800000019	800000019	800000019	899999999	899999999	89999	89999	89	89	16	2	0	4	12	7	5	NaN	0	0	0	0	0	0	0	0	0	NaN	NaN	NaN	NaN	0	3	0	0	0	0	300	0	0	18000	0	15	18000	18000	18000	18000	93	NaN	0.8755832180192841	4.035454085810971	0.4996374525710584	0.061689990345261736	0.10646497461783196	1.0837688110260046	9.705001277406543e-7	NaN	0.08215295319089791	-0.020928642914381734	0.18289066817140343	0.0002149573752775721	NaN	16.306109641151757	267.20311973033864	93.2520897301568	93.3655831919776	93.13860249540542	0.2269784480043571	0.00028308186204715937	42.27159342116248	070
DATA	2026-09-25T150000_AIU-1657.ghg	2026-09-25	15:30:00	268.645	1	18000	18000	0.9422493138386658	1	NaN	-28.156963464997183	2	NaN	177.02527464648915	1	NaN	-0.12727198517365546	2	NaN	4.013341217937017	1	NaN	0.26088601312284254	1	NaN	NaN	NaN	NaN	NaN	NaN	NaN	NaN	NaN	NaN	-1.3650706547435193e-10	-2.249089876088917e-12	-7.14646527759969e-13	NaN	16.246758122247673	414.7489174767526	417.60256347707116	0.1	1	267.68152318737043	6.83340153987169	6.880418200195869	0.1	0	0.08505559209755253	2.0679770329520393	2.0822055797671495	0	0	NaN	NaN	NaN	NaN	9	302.0529494027031	295.2357134871833	97529.31879524188	1.1478899342303421	1009.2949894057856	0.02516771112782747	0.2600645109223187	0.004892693548209212	666.6357672725247	2649.836899899089	0.0042623368341405945	25.157615070494018	1983.2011326265642	274.3558545115257	-2.5262411752285687	0.36165765604257977	1.451918609579196	2.936112801722119	3.142390322568379e-13	-8.402111020993443e-15	2.936112801722119	10.160730342896185	349.14712856462734	171.85287143537263	29.637028304212805	NaN	0.9060095826461398	3.1054323344556556	2262.321294575663	0.0008854180017678326	-0.15905617726748492	-0.02682468688870093	0	24.01843567898175	-3.6448902780033774	8.244751733127826	20.530597568889373	31.31045669542531	43.913360708344285	65.79021640311785	0.9299315952686842	1.0132458329544365	-17.51589637271018	1.030159270484399	155.14983333370128	1.1409955837060903	-0.11154467816629123	1.1409955837060903	3.5174029376180442	1.1409955837060903	0.19232534413782879	1.3889769798510323	NaN	NaN	800000009	800000009	800000009	800000019	800000019	800001019	899999999	899999999	89999	89999	89	89	43	0	3	7	11	13	6	NaN	0	0	0	0	0	0	0	0	0	NaN	NaN	NaN	NaN	0	0	0	0	0	0	300	0	0	18000	0	15	18000	18000	18000	18000	93	NaN	0.879378801905513	4.919331075846635	0.4121547911591632	0.06362867946291864	0.09761415017350615	1.1167572360877038	0.0000010962134512349468	NaN	-0.015118684435789903	-0.0028266450195704477	0.0891342344510445	0.00019232534413782877	NaN	16.24798387945433	267.65455779783457	93.20659513960945	93.33841394763525	93.07477873971729	0.2636371813656556	0.00028372373627563415	39.6285020636638	226
DATA	2026-09-25T153000_AIU-1657.ghg	2026-09-25	16:00:00	268.666	1	18000	18000	0.9002049210707209	1	NaN	24.984981551806985	1	NaN	239.87450184318584	1	NaN	-5.03537854847927	2	NaN	5.440362660167295	1	NaN	0.2747440293493896	1	NaN	NaN	NaN	NaN	NaN	NaN	NaN	NaN	NaN	NaN	-1.1651054643324961e-9	-1.8146399872132983e-11	-6.0965894003284546e-12	NaN	16.224804937205306	414.34386771029335	417.03514726207374	0.1	1	252.69969736736493	6.453363869806241	6.495280276869253	0.2	0	0.08489872962636295	2.067727506741914	2.0811579764343944	0	0	NaN	NaN	NaN	NaN	9	302.2751804996067	295.6469511284262	97497.58037473517	1.1460853150784558	1009.0989281181521	0.025210971823447288	0.35253550037884074	0.004612659112896374	629.3561354333634	2716.964411562139	0.004024708328612179	23.16394475964116	2087.6082761287757	273.55823193961186	-2.357990365081468	0.586379630997993	1.2668376870732674	2.740225786108806	-4.245937911070597e-13	-7.181013693796576e-14	2.740225786108806	8.287764638064786	354.9649159415901	166.03508405840986	27.536360377747567	NaN	0.8862621812736063	2.490001805157016	-2385.7592418548816	-0.0008396069330292643	0.10415855524377711	0.02437620664777206	0	23.510230667489562	-3.5677682068419556	8.070301398173203	20.096191568728035	30.64796013580762	42.98419986366139	64.3981641425088	0.8886278353044417	1.0130280476329137	37.975956580419144	1.0281021929931837	213.84795717307864	1.1217058372413748	-4.489036591681504	1.1217058372413748	4.8500796550607665	1.1217058372413748	0.1980434937041316	1.3095952527886918	NaN	NaN	800000009	800000009	800000009	800000019	800000019	800000019	899999999	899999999	89999	89999	89	89	22	1	0	5	0	6	5	NaN	0	0	0	0	0	0	0	0	0	NaN	NaN	NaN	NaN	0	0	0	0	0	0	300	0	0	18000	0	15	18000	18000	18000	18000	93	NaN	0.8601409317046391	3.7038191454804976	0.4160435331288958	0.04132624381377262	0.4239143363281037	1.501019112908601	0.0000014613194064717048	NaN	0.032836588415187246	-0.11390826368112451	0.12306964778297277	0.0001980434937041316	NaN	16.226029313237206	252.6533412125806	93.21898412238227	93.3369017706977	93.10106602732341	0.23583172871338112	0.0002841838749494248	41.91091019636952	078
DATA	2026-09-25T160000_AIU-1657.ghg	2026-09-25	16:30:00	268.687	1	18000	18000	0.27280052007160943	1	NaN	7.996608589574005	1	NaN	125.49414231417845	1	NaN	-0.3827009069921014	2	NaN	2.8471223588478747	1	NaN	0.09405563018173034	0	NaN	NaN	NaN	NaN	NaN	NaN	NaN	NaN	NaN	NaN	3.1960105146693977e-10	4.791385035993797e-12	1.6690102461222232e-12	NaN	16.192604274601056	414.49855432269595	417.0903816691531	0.1	1	242.755777739105	6.214066447864193	6.252922523921185	0.2	0	0.08456049290722457	2.062372693854135	2.0752685505242554	0	0	NaN	NaN	NaN	NaN	9	302.49522406090625	295.9771218630689	97488.72544403249	1.144806683537908	1008.977625703999	0.0252414192509087	0.18449352885334228	0.004436259237090534	605.9639176442034	2771.929634807949	0.0038751164723992777	21.860725107698748	2165.9657171637455	273.036101614032	-2.5798373608960166	0.27378905514583535	1.432687886199638	2.963632202999523	1.9529878971226692e-14	1.9737470640732613e-14	2.963632202999523	7.832111860562354	347.0579241182416	173.9420758817584	28.909201371004603	NaN	0.4881536251650472	1.364374747921353	-1245.4942640584609	-0.0016082771778272746	0.06372097089244412	0.014181939496887449	0	18.38586143830802	-2.7901254063706427	6.311271266146196	15.715957824746491	23.967827300093283	33.61521857897643	50.361722926132934	0.26917553733662075	1.0134669842990056	14.890990373174098	1.0293775614459915	111.4634809881764	1.1258767553427689	-0.33991367632027325	1.1258767553427689	2.5288046363308028	1.1258767553427689	0.06557514117731639	1.311001906975064	NaN	NaN	800000009	800000009	800000009	800000019	800000019	810000119	899999999	899999999	89999	89999	89	89	39	12	1	17	24	14	11	NaN	0	0	0	0	0	0	0	0	0	NaN	NaN	NaN	NaN	0	0	0	0	0	0	300	0	0	18000	0	20	18000	18000	18000	18000	93	NaN	0.5592040065238173	1.9361676325854855	0.23337785673340336	0.036342149536871905	0.1576828902662531	1.051297041340001	4.45540595681896e-7	NaN	0.012891691103033308	-0.008633567566585808	0.0642298536699251	0.00006557514117731639	NaN	16.193837580832923	242.72033100910102	93.17868174256219	93.32432633399964	93.03304472965664	0.2912760853817118	0.0002845961631262778	42.583096023965766	223
DATA	2026-09-25T163000_AIU-1657.ghg	2026-09-25	17:00:00	268.708	1	18000	18000	0.4039857493208163	1	NaN	16.587818286368055	1	NaN	321.1647609811494	0	NaN	0.026612260221579004	2	NaN	7.2889029619290175	0	NaN	0.2056952234045359	0	NaN	NaN	NaN	NaN	NaN	NaN	NaN	NaN	NaN	NaN	-6.704973053813851e-12	-1.0020615659634552e-13	-3.508568397742015e-14	NaN	16.172821380168216	414.673860673658	417.2597535249557	0.1	1	241.703621896592	6.197321523229698	6.235967820823858	0.2	0	0.08462890087903992	2.0674284606987112	2.080320878051484	0	0	NaN	NaN	NaN	NaN	9	302.84143443722195	296.337339168915	97465.91924412959	1.1431548648818175	1008.9783991574985	0.02527805264606635	0.4723209119330003	0.004417893155207643	604.189663133046	2833.002394364617	0.0038646497433787123	21.326832068158314	2228.812731231571	272.99577445183013	-2.3142294158774632	0.1296809654810031	1.3494086213823502	2.6820474584879515	-1.2882993991150773e-13	-4.1458276797861426e-16	2.6820474584879515	7.509465802269304	344.20729201755887	176.79270798244124	30.2070509641273	NaN	0.5944707467513077	2.2271760617702356	-1084.2033636644148	-0.0018475316228773516	0.05164893631447215	0.02419200386820688	0	18.515297088412456	-2.809767765639925	6.355702336295405	15.82659747167767	24.136559742605584	33.85186822875063	50.716267224706925	0.398832138161444	1.0129217549596923	34.472649157582396	1.0277771240335676	286.59453742768716	1.120624153773988	0.023747712497500094	1.120624153773988	6.5043243422710235	1.120624153773988	0.14127489764899534	1.3092509422528888	NaN	NaN	800000009	800000009	800000009	800000019	800000019	800000019	899999999	899999999	89999	89999	89	89	13	0	1	19	9	13	8	NaN	0	0	0	0	0	0	0	0	0	NaN	NaN	NaN	NaN	0	0	0	0	0	0	300	0	0	18000	0	20	18000	18000	18000	18000	93	NaN	0.6194407395075474	3.4948237578707464	0.340087626162178	0.019130972344514732	0.0449328268340218	0.8033993813779302	8.247948114683584e-7	NaN	0.02988737149459556	0.0006040403632154082	0.1654422268498408	0.00014127489764899535	NaN	16.174024116782324	241.69323096564986	93.14826356548733	93.31220224931505	92.98432961357965	0.32786176739219164	0.00028542194348928106	42.35438988743536	088
DATA	2026-09-25T170000_AIU-1657.ghg	2026-09-25	17:30:00	268.729	1	18000	18000	0.49164281706054214	1	NaN	-7.194482978731827	1	NaN	570.7667050841086	1	NaN	2.013363461908721	1	NaN	12.958223906950565	1	NaN	0.17795940686646197	1	NaN	NaN	NaN	NaN	NaN	NaN	NaN	NaN	NaN	NaN	-5.405733654767959e-10	-7.876498565584218e-12	-2.8171096622924214e-12	NaN	16.194918827005576	415.16052024910397	417.68717406178735	0.1	0	235.97029202160672	6.0491534564324185	6.0859684132954435	0.1	0	0.08439717015535649	2.0650230747713207	2.0775907399771048	0	0	NaN	NaN	NaN	NaN	9	302.8995498597887	296.6997192037981	97465.0833428231	1.1418129768060363	1008.9078272404657	0.025309181307359124	0.8396929091703965	0.004306964568660516	589.7393947126634	2895.624215623847	0.0037720403044536033	20.366572137731872	2305.8848209111834	272.66336916892436	-2.5360561388624334	-1.0095696416164546	1.5908327513461933	3.159360765010923	-4.0156223946178856e-13	-3.337919573733037e-14	3.159360765010923	8.602802607384726	319.2931675461966	201.70683245380346	30.233815354846584	NaN	0.6561866069248505	3.0047244454887134	3361.8815119240653	0.0005958270667467961	-0.012604945093410175	-0.009517563029752275	0	20.984304053281736	-3.184449098048672	7.203232530383952	17.937067490125816	27.355159683395755	38.366000409915046	57.47925981467404	0.48490920650017666	1.0138863326785754	25.285817176349497	1.0305248176730242	505.2939209208565	1.1295736628771098	1.7824100614921665	1.1295736628771098	11.471782968049189	1.1295736628771098	0.11188601343755766	1.3123336792057263	NaN	NaN	800000009	800000009	800000009	800000019	800000019	800000119	899999999	899999999	89999	89999	89	89	31	4	1	35	25	28	5	NaN	0	0	0	0	0	0	0	0	0	NaN	NaN	NaN	NaN	0	0	0	0	0	0	300	0	0	18000	0	15	18000	18000	18000	18000	93	NaN	0.7404234439286065	4.966002955697443	0.30302249135137704	0.014825617371752382	0.0589422687314917	1.2079013606167126	3.9949049502896565e-7	NaN	0.02194979799099736	0.04538595968952426	0.29210892072667966	0.00011188601343755766	NaN	16.19613229044875	235.93088568414007	93.14179541672601	93.30503349834018	92.97855679957073	0.32647006591409466	0.0002847338219402849	40.416230791081354	083
DATA	2026-09-25T173000_AIU-1657.ghg	2026-09-25	18:00:00	268.749	1	18000	18000	0.31243850272645973	1	NaN	-9.585395539366367	0	NaN	459.1921422284981	0	NaN	2.0561290475394327	0	NaN	10.420524297260327	0	NaN	0.276534933581616	0	NaN	NaN	NaN	NaN	NaN	NaN	NaN	NaN	NaN	NaN	1.579113234340736e-10	2.251718632191718e-12	8.219424112125392e-13	NaN	16.25843317078244	415.4597467031468	417.9356817727328	0.1	0	231.83528644276578	5.924201205037005	5.959506520748651	0.1	0	0.08462658327672096	2.0662487893088537	2.0785626124422287	0.1	0	NaN	NaN	NaN	NaN	9	303.39850049887764	296.24430945272485	97475.92091410664	1.1437495801111848	1008.8272717449255	0.02526752418128234	0.6752499744624691	0.004224953215755004	577.6218675426559	2817.11826409374	0.00369394952288795	20.503997823054668	2239.496396551084	272.379014782694	-2.3048814900317485	-1.3290507314757165	1.5410725390817346	3.0746965867608482	1.4685359226331e-14	9.712579421112453e-15	3.0746965867608482	7.4073064657729635	311.0312049954456	209.96879500455438	30.080168481127284	NaN	0.5226570346728562	1.235334372870489	1275.1481198019771	0.0015708763310658131	-0.020874476407300082	-0.015894448987235132	0	16.75855588395073	-2.543175510311915	5.752669928867739	14.324961512386139	21.846470157150115	30.63998502312425	45.90428090092855	0.3082155584698475	1.013701268935213	16.711863679709566	1.0300255360239705	407.09436280447835	1.1279747011604815	1.822850322284754	1.1279747011604815	9.238260651182596	1.1279747011604815	0.19626811774978375	1.3117464039965316	NaN	NaN	800000009	800000009	800000009	800000019	800000019	800000119	899999999	899999999	89999	89999	89	89	57	25	4	63	39	38	12	NaN	0	0	0	0	0	0	0	0	0	NaN	NaN	NaN	NaN	0	0	0	0	0	0	300	0	0	18000	0	20	18000	18000	18000	18000	93	NaN	0.6394410544208293	1.4939414024963442	0.3372862888238045	0.09120517245601248	0.0676272984196505	0.8347905986020858	9.16399851415557e-7	NaN	0.014483620026592734	0.04633347706658555	0.2348194653087061	0.00019626811774978376	NaN	16.259756558470517	231.80142701917987	93.16927332729765	93.31291770384047	93.02563239309522	0.2872792035490319	0.0002843977790891788	38.884355022732436	223
DATA	2026-09-25T180000_AIU-1657.ghg	2026-09-25	18:30:00	268.77	0	18000	18000	0.4580320184122249	1	NaN	8.045634759319242	1	NaN	363.587396322394	0	NaN	0.740283698749529	1	NaN	8.245696725818403	0	NaN	0.20457609382288275	0	NaN	NaN	NaN	NaN	NaN	NaN	NaN	NaN	NaN	NaN	6.163153594114727e-10	8.228444201750505e-12	3.1824424599987744e-12	NaN	16.33609390217461	415.88862044466583	418.2107527998992	0.1	0	218.10366250966132	5.552541008777956	5.583543865063029	0.1	0	0.08435402115315152	2.0531695822006832	2.064633544625314	0.1	0	NaN	NaN	NaN	NaN	9	303.44039629787875	295.5869772063003	97470.9125169933	1.1463956243278906	1008.6073006322175	0.025212753887625016	0.5343211478330325	0.0039684990833804695	541.3564130992605	2707.0831037535827	0.0034617186241504747	19.997775921567662	2165.7266906543223	271.49523411203	-2.1904529172264025	-1.8056583763291438	1.449804020674658	3.1875410354939473	-5.665027840484752e-14	3.772721698970099e-14	3.1875410354939473	9.110028976639656	301.5001816677294	219.49981833227062	27.05429399675127	NaN	0.6320925318614735	1.5299178978879442	-2686.9059456544983	-0.0007455043237518567	0.022128475411136512	0.011008370226797385	0	19.781556908160727	-3.0019275785483757	6.790368356305843	16.90897732040595	25.787257305981043	36.16699503210647	54.18474904747248	0.45173084273909675	1.0139489604803618	28.378730581829224	1.0306919762753932	321.7309798889913	1.1300975630256205	0.6550617601258787	1.1300975630256205	7.2964467808798075	1.1300975630256205	0.14027471660476296	1.3125293365696342	NaN	NaN	800000009	800000009	800000009	800000019	800001019	800011119	899999999	899999999	89999	89999	89	89	21	5	2	44	35	40	4	NaN	0	0	0	0	0	0	0	0	0	NaN	NaN	NaN	NaN	0	0	0	0	0	0	300	150	0	18000	0	15	18000	18000	18000	18000	93	NaN	0.6736841798381296	2.0602648605022713	0.3258867554354874	0.038818704625409414	0.18469506931862748	0.6967080802844173	6.496022381433982e-7	NaN	0.024543491123822946	0.016608153126920638	0.18499096237275792	0.00014027471660476296	NaN	16.337362621643727	218.085343025242	93.23674212326249	93.34396200879415	93.12952561157482	0.21444174654385909	0.0002827601620487661	42.64960246469837	170
DATA	2026-09-25T183000_AIU-1657.ghg	2026-09-25	19:00:00	268.791	0	18000	18000	0.5439414134628242	1	NaN	-12.165317105061884	0	NaN	498.57435772179053	0	NaN	3.477651889065909	0	NaN	11.30053312659617	0	NaN	0.25063450040605145	0	NaN	NaN	NaN	NaN	NaN	NaN	NaN	NaN	NaN	NaN	5.209742675925429e-10	6.129939164769502e-12	2.6891500605414748e-12	NaN	16.441160435938322	417.57395200873793	419.6357483744349	0.1	0	193.45161467617888	4.913300102967661	4.937559816120615	0.1	0	0.08486551127752567	2.0595236398963093	2.0696926610610116	0	0	NaN	NaN	NaN	NaN	9	302.97784616597494	294.9935540426653	97472.7419756356	1.149001577868414	1008.2443632698723	0.025161664262238242	0.7322745466034317	0.0035187525137334837	479.04129648322356	2610.990357096401	0.0030624435871196504	18.347110903004257	2131.9490606131776	269.8460032418589	-2.597122924601991	-1.2682583762494564	1.736998324077289	3.3720453692480556	-1.8676205758174607e-13	3.168719565887566e-14	3.3720453692480556	9.40236606465526	314.9722600505206	206.0277399494794	31.005284265594156	NaN	0.6880432683774754	2.488597895391434	2291.6554189579647	0.0008740842900852985	-0.02440020614106723	-0.015262344630598886	0	19.258398244650564	-2.922536233001667	6.610784916512934	16.461789163410184	25.10526715068522	35.21049414231201	52.75173641727779	0.5362340909034773	1.0143730558912456	16.221155837510548	1.0317967412186577	439.8189419235224	1.1335900076092784	3.0678215807496545	1.1335900076092784	9.968800933971531	1.1335900076092784	0.17455393917129727	1.3138681665971945	NaN	NaN	800000009	800000009	800000009	800000019	800001019	800001019	899999999	899999999	89999	89999	89	89	30	11	4	19	29	26	11	NaN	0	0	0	0	0	0	0	0	0	NaN	NaN	NaN	NaN	0	0	0	0	0	0	300	0	0	18000	0	20	18000	18000	18000	18000	93	NaN	0.8889900388465739	3.675312620163032	0.41289313177326203	0.03138809478032013	0.27011225679153117	1.4102284295422352	8.748252973707409e-7	NaN	0.01400217073225947	0.07757273700425278	0.25207045219029894	0.00017455393917129727	NaN	16.44246360887116	193.3872743343051	93.29420661841499	93.37745826254951	93.21095039367677	0.1665005614144925	0.0002824080819765288	41.32382190238341	104
DATA	2026-09-25T190000_AIU-1657.ghg	2026-09-25	19:30:00	268.812	0	18000	18000	0.47264427620659	1	NaN	0.5513739219785728	0	NaN	644.3677889973809	0	NaN	2.496973243709497	0	NaN	14.600340061377276	0	NaN	0.31587306664694115	0	NaN	NaN	NaN	NaN	NaN	NaN	NaN	NaN	NaN	NaN	1.3007414203562956e-10	1.3029483673992602e-12	6.700090023092632e-13	NaN	16.50441596050205	418.6151434423951	420.3778947353019	0.1	0	165.32418737556625	4.193254010220357	4.210911431467038	0.1	0	0.08501387822618928	2.059409813339309	2.068081805664374	0.1	0	NaN	NaN	NaN	NaN	9	302.7414269222683	294.66084673175703	97464.98614141949	1.150521160234634	1007.8454998246209	0.025135285775070123	0.9461020359772474	0.003006229538626992	408.8050722200332	2558.4304937627608	0.0026129285079936385	15.978744516087723	2149.6254215427275	267.7413420978785	-2.7601902777868803	-0.9515072230323711	1.7144072353371298	3.3857360401614987	3.75160621640806e-14	7.881172066125799e-15	3.3857360401614987	8.384011219590693	321.97963557681135	199.02036442318868	30.421790328503644	NaN	0.6409437192746528	2.311075600079078	-40865.88418640587	-0.00004901643607814891	0.0008556820055150428	0.0007418869879202875	0	16.22157455395903	-2.4616865217984447	5.568341614972567	13.865957947981899	21.146460760048953	29.658211890488175	44.43340584575152	0.46593233431301656	1.0144054005255285	36.69077436710375	1.0318793736696381	568.300422960199	1.1338506236559838	2.2022065266924367	1.1338506236559838	12.87677561467488	1.1338506236559838	0.21528463832863182	1.31397165129932	NaN	NaN	800000009	800000009	800000009	800000019	800000019	800000019	899999999	899999999	89999	89999	89	89	28	6	5	12	8	10	8	NaN	0	0	0	0	0	0	0	0	0	NaN	NaN	NaN	NaN	0	0	0	0	0	0	300	0	0	18000	0	15	18000	18000	18000	18000	93	NaN	1.0318587336239877	3.0400376642291564	0.5502548023050122	0.025884577776551083	0.08182878272403489	0.9343396628871037	7.110474351000604e-7	NaN	0.03164231912193654	0.05558624013166466	0.3250247116985533	0.0002152846383286318	NaN	16.505674944751046	165.29076129983932	93.34141355493334	93.40821619478861	93.27461255518595	0.1336003727590037	0.0002820749870604939	40.14261308520781	225
DATA	2026-09-25T193000_AIU-1657.ghg	2026-09-25	20:00:00	268.833	0	18000	18000	0.20283865397731698	1	NaN	13.401206241788827	0	NaN	311.2444855855819	0	NaN	0.6165653309702911	1	NaN	7.045959101687759	0	NaN	0.2591572283289322	0	NaN	NaN	NaN	NaN	NaN	NaN	NaN	NaN	NaN	NaN	-5.48202745010448e-10	-6.484624643901686e-12	-2.829922949996704e-12	NaN	16.5801687914666	419.30615256831834	421.39624519460483	0.1	0	196.12483177760237	4.959922282461932	4.984645737927658	0.2	0	0.08558986726142025	2.0653336028769154	2.0756285592178947	0.4	0	NaN	NaN	NaN	NaN	9	302.16468388281936	293.73077151368557	97455.90204559498	1.153721529715233	1008.2362104048439	0.025058283624754197	0.4565781497893668	0.003566796609048556	483.5033599914981	2416.3762190115203	0.003091557639501561	20.009440425187073	1932.8728590200221	269.9702423719235	-1.8146521022572415	-0.23068301042578707	1.1731197528716355	2.1731053490577437	-8.873190727718033e-14	-3.3063761407097026e-14	2.1731053490577437	6.172459612132354	333.75527888430463	187.2447211156954	32.67245197745554	NaN	0.4192999990402928	1.202697910227487	-470.75119761115735	-0.0042551139756304346	0.043056847148875636	0.027476141324510244	0	15.302387303437765	-2.3221963102847343	5.252814376725489	13.080250511280674	19.948207343919183	27.97764443679784	41.9156095606379	0.20039903104696474	1.012173825979131	30.871526389525254	1.0250998868884222	280.0422154081477	1.111419880506082	0.5547546357453492	1.111419880506082	6.339601464101399	1.111419880506082	0.1859367619436372	1.306702177121708	NaN	NaN	800000009	800000009	800000009	800000019	800000019	800000019	899999999	899999999	89999	89999	89	89	26	17	1	27	9	16	5	NaN	0	0	0	0	0	0	0	0	0	NaN	NaN	NaN	NaN	0	0	0	0	0	0	300	150	0	18000	0	20	18000	18000	18000	18000	93	NaN	0.5084249358453539	1.6245073948436126	0.27246348976600804	0.08627135107460317	0.5737893497221795	1.2597370804880286	0.0000014417181458102185	NaN	0.02653962700864316	0.013970510236693004	0.1596516035089754	0.00018593676194363722	NaN	16.58147302618662	196.12716113981975	93.38802540079753	93.43778549194336	93.33826481246948	0.09951848912715236	0.0002812153834383935	41.50786511954741	012
DATA	2026-09-25T200000_AIU-1657.ghg	2026-09-25	20:30:00	268.854	0	18000	18000	0.6745986475315859	1	NaN	78.93880253319617	1	NaN	659.9295150322106	1	NaN	-7.838010476469139	2	NaN	14.93319160458325	1	NaN	0.28053540019026807	0	NaN	NaN	NaN	NaN	NaN	NaN	NaN	NaN	NaN	NaN	1.0855163468491117e-9	1.3142463869827287e-11	5.5876476383515305e-12	NaN	16.625126286032337	419.5453433501495	421.68729590235745	0.1	1	201.2822028702871	5.079480868932558	5.105413720252567	0.1	0	0.08557710613855649	2.061020389639278	2.0715427514142624	0.1	0	NaN	NaN	NaN	NaN	9	301.867944803026	293.29396648342333	97475.20150445797	1.1556162468651903	1008.289739334711	0.025016065621897284	0.9676708159769946	0.00365893854812821	495.25623285367504	2352.076842034344	0.003166222833967345	21.056124698091114	1856.8206091806687	270.2926792974163	-1.162153108126116	-0.9742158074985914	1.0038285732322099	1.8186170819457117	1.2271744322300552e-13	6.529372037078074e-14	1.8186170819457117	5.895773071853214	301.0273925863054	219.97260741369462	33.50251412742184	NaN	0.764039679245106	1.6529438057543542	-483.5960375697271	-0.004142093492052618	0.1196170208106895	0.08866978058268836	0	20.367508677529106	-3.0908480201664212	6.991506637357878	17.409840079849026	26.551104616672937	37.2383017462437	55.78976172289289	0.6666494730203817	1.011924069294151	115.10121434563578	1.0234869924918162	596.9967172440311	1.105415651326697	-7.090555002602072	1.105415651326697	13.509119023835732	1.105415651326697	0.16786122033139408	1.305558911271901	NaN	NaN	800000009	800000009	800000009	800000019	800001019	800011019	899999999	899999999	89999	89999	89	89	36	11	4	8	19	15	2	NaN	0	0	0	0	0	0	0	0	0	NaN	NaN	NaN	NaN	0	0	0	0	0	0	300	0	0	18000	0	15	18000	18000	18000	18000	93	NaN	0.6042202133695936	2.2590345719661857	0.44263282617292876	0.1272528210425513	1.8774737921915507	1.141125772611643	0.0000011503019541225872	NaN	0.09878270601566753	-0.17828362039426085	0.33967082224488343	0.00016786122033139408	NaN	16.626402487469502	201.2459964494714	93.42620742522345	93.45778122308519	93.39463410250346	0.06314753203301077	0.0002798524909546055	41.79237256993188	102
DATA	2026-09-25T203000_AIU-1657.ghg	2026-09-25	21:00:00	268.874	0	18000	18000	0.1798164018868399	0	NaN	-160.52705916300079	0	NaN	486.85196038973857	0	NaN	34.70929228906282	0	NaN	10.99867380630982	0	NaN	0.10112601792769176	0	NaN	NaN	NaN	NaN	NaN	NaN	NaN	NaN	NaN	NaN	4.789071152458567e-11	5.678188704916115e-13	2.4344950200837014e-13	NaN	16.920290006529584	424.89104442720014	427.04237466182	0.1	1	200.61635448798546	5.03774417310124	5.06325153903898	0.3	0	0.08601325903901293	2.0555796210522814	2.0659875377321915	0.7	0	NaN	NaN	NaN	NaN	9	300.4683111597697	291.5968884932522	97514.29364892302	1.162826410823956	1008.2241977147768	0.02486134534964838	0.7127140626488764	0.00365145772595859	491.38383778995006	2116.245803079442	0.003140157199707253	23.21960128993125	1624.8619652894918	270.18719809051237	-0.5525533988816981	-2.6679950351872432	0.7486532548191864	2.8255963020840107	-9.322382739905149e-15	2.830371790678796e-15	2.8255963020840107	6.556059701772849	262.70078637944357	258.2992136205564	15.364223951348874	NaN	0.39323956591095965	0.5928299417880238	32.43036761557884	0.06176618235550788	-0.32972458205671884	-0.3481921998664725	0	15.47378447140076	-2.3482064917776246	5.311649478082765	13.22675823255475	20.171640862943907	28.291013124157196	42.38509295755349	0.17690611563895048	1.0164510211384046	-128.91654297965485	1.0365329034201018	415.910109467028	1.1705701527996508	29.651612255829914	1.1705701527996508	9.395997138662992	1.1705701527996508	0.08458960503408304	1.4778687709710627	NaN	NaN	800000009	800000009	800000009	800000019	800000019	800011119	899999999	899999999	89999	89999	89	89	17	8	2	22	40	40	9	NaN	0	0	0	0	0	0	0	0	0	NaN	NaN	NaN	NaN	0	0	0	0	0	0	300	0	0	18000	0	15	18000	18000	18000	18000	93	NaN	0.5828453035021961	0.3697482037506605	0.23306637632319102	0.98088805819211	36.98534318165511	2.119130482210583	3.724190078768057e-7	NaN	-0.10996048516619433	0.7409125013133495	0.23478020966536564	0.00008458960503408304	NaN	16.921869931734186	200.61906997901414	93.49170405748154	93.49401893488566	93.4893995645311	0.004613024194713924	0.0002797138274925397	41.91315566666919	124
DATA	2026-09-25T210000_AIU-1657.ghg	2026-09-25	21:30:00	268.895	0	18000	18000	0.6898433015589358	1	NaN	-227.1090316788527	1	NaN	592.3971929246445	1	NaN	67.16656215185726	1	NaN	13.36924601597231	1	NaN	0.19937635527715897	1	NaN	NaN	NaN	NaN	NaN	NaN	NaN	NaN	NaN	NaN	4.1505240097974345e-10	7.592686526580495e-12	2.110458783278516e-12	NaN	17.050485597639383	426.1447635839893	429.4929197353789	0	0	311.90999489042724	7.79560266896251	7.856851561968634	0.2	0	0.0866983229196115	2.064287303738863	2.0805061026655958	0.3	0	NaN	NaN	NaN	NaN	9	299.8246455900405	290.5236399660273	97539.89504325564	1.1662087741598892	1009.7022782775332	0.024763339571017548	0.8663271418350057	0.005672771319827299	760.586230623108	1978.0347559757065	0.004864284547947975	38.45161104097653	1217.4485253525986	276.203324529372	-1.1511141229205224	-1.5681213900764586	0.891349923796352	2.1397600577293745	-5.861663738138534e-14	2.434255602885626e-14	2.1397600577293745	6.934474895372158	287.28135268809206	233.71864731190797	24.617933552917222	NaN	0.7691075479732755	1.1752112923568219	171.60065262562773	0.01167303252843717	-0.38337290316590333	-0.25077121914020917	0	22.46545622831934	-3.4092196549322913	7.711664142058548	19.203134092064953	29.285991135355488	41.074018975141286	61.536365090974186	0.6816070827134704	1.0120835288457937	-188.73832827309892	1.026580954886321	524.9129670663962	1.12856269532719	59.515135871458625	1.12856269532719	11.846259026040492	1.12856269532719	0.17331909702085058	1.3976589812063802	NaN	NaN	800000009	800000009	800000009	800000019	800000019	810000019	899999999	899999999	89999	89999	89	89	21	11	1	5	3	0	12	NaN	0	0	0	0	0	0	0	0	0	NaN	NaN	NaN	NaN	0	0	0	0	0	0	300	0	0	18000	0	15	18000	18000	18000	18000	93	NaN	0.8767926794281706	1.1226012205699494	0.35102868471552384	0.3839908221294541	25.285848815921554	1.8122633821774057	0.0000014059616935289353	NaN	-0.1602841074798748	1.485376026569138	0.2956583884780697	0.00017331909702085057	NaN	17.052010226815284	311.93061620139247	93.49190451855131	93.47260583580866	93.51120401509601	-0.03860057185011322	0.00027759085173278833	42.71507750659517	036
DATA	2026-09-25T213000_AIU-1657.ghg	2026-09-25	22:00:00	268.916	0	18000	18000	0.6427533292946256	1	NaN	778.1881773280539	1	NaN	860.1571822442562	1	NaN	-141.348546101258	1	NaN	19.37862329323465	1	NaN	0.34239301437949116	1	NaN	NaN	NaN	NaN	NaN	NaN	NaN	NaN	NaN	NaN	-1.627805779437733e-9	-3.286407497490412e-11	-8.214258830745343e-12	NaN	17.433789023596443	433.1007904228069	436.9212088354674	0.1	1	351.97402344033776	8.743952766319453	8.821083907353088	0.2	0	0.08797465720381799	2.078598030688844	2.096933518327209	-0.1	0	NaN	NaN	NaN	NaN	9	298.07217453172495	288.7331490959358	97548.73377726451	1.1731249194274969	1010.1822487067085	0.024608493710075164	1.2557347894016053	0.006402912482379186	853.1903184612229	1765.017306463182	0.005457997163255134	48.33892083307005	911.8269880019591	277.83638726528375	0.2353373676216773	-0.09957063593622675	0.0322690643362774	0.2575641292046623	-1.0138576359865597e-13	-9.337073984516594e-14	0.2575641292046623	5.314385004738595	183.9330971145822	337.0669028854178	7.197246394835685	NaN	0.7402016304033119	0.9857188072115782	-44.65148137967143	-0.044860773665438905	0.9047046207271849	0.8871368069345159	0	21.67937169103021	-3.289928293665111	7.441826758066424	18.531200852701968	28.261250548887027	39.63680573217238	59.38315775846446	0.6239946698293746	1.030062211060842	805.6603817975806	1.0310739282520252	780.8701484634312	1.1015367714297226	-128.31940772871053	1.1015367714297226	17.59235260760516	1.1015367714297226	0.024417713029445013	1.3305897375751696	NaN	NaN	800000009	800000009	800000009	800000019	800000019	800000019	899999999	899999999	89999	89999	89	89	2	4	0	0	1	1	3	NaN	0	0	0	0	0	0	0	0	0	NaN	NaN	NaN	NaN	0	3	0	0	0	0	300	0	0	18000	0	15	18000	18000	18000	18000	93	NaN	0.3742145500881837	1.2418046600467005	0.35541840428827226	2.1800330955657774	61.24980677011752	0.8763048365434333	5.946362936629638e-7	NaN	0.6798420370023073	-3.185609629868681	0.4367411669894525	0.000024417713029445014	NaN	17.436735567115797	351.8642807837638	93.49092352464466	93.43736814138626	93.5444769859314	-0.10711084688434905	0.00027631289053210294	41.29743164650828	074
DATA	2026-09-25T220000_AIU-1657.ghg	2026-09-25	22:30:00	268.937	0	18000	18000	0.06058243230108195	1	NaN	31.213960238170134	0	NaN	173.03557701558566	1	NaN	13.523322786116042	0	NaN	3.88912757127648	1	NaN	0.0618479749979945	0	NaN	NaN	NaN	NaN	NaN	NaN	NaN	NaN	NaN	NaN	1.4258840717843484e-10	2.7531989018368577e-12	7.082267672890816e-13	NaN	17.91898164609635	440.63769989069317	444.41888138309935	0.1	0	345.9925078504465	8.508147720093579	8.581157475504558	0.4	0	0.08900234384725318	2.079308886398573	2.0971517633929753	0	1	NaN	NaN	NaN	NaN	9	296.3249087151422	286.26933099951447	97577.64179441663	1.183678111654574	1009.9998500462269	0.02439127626126079	0.2520154666187159	0.006285723752245732	830.4276842655507	1504.8996302010344	0.00531033199850202	55.181599330622255	674.4719459354836	277.4500582247367	0.66211302425259	0.1912146316993035	-0.072900495376313	0.6930159987236423	1.0715884961783514e-14	7.957394565973995e-15	0.6930159987236423	1.9703704488284834	144.8915708528283	16.108429147171673	-6.0382914987685155	NaN	0.22623330726913982	0.11991791118467217	-31.786554458698546	-0.06301721070783882	0.18039041899087974	0.11540839526555716	0	16.77867375095127	-2.5462284742444745	5.75957574159578	14.342157962515236	21.872695828627794	30.67676690026583	45.959386855422196	0.059642315843430986	1.0157625746813537	40.42956538538476	1.0222928108042406	158.31015417765252	1.0930162876438647	12.37248057416169	1.0930162876438647	3.5581606744946015	1.0930162876438647	0.03187933437686681	1.3100070235936327	NaN	NaN	800000009	800000009	800000009	800000019	800000019	800000019	899999999	899999999	89999	89999	89	89	2	11	0	1	2	0	0	NaN	0	0	0	0	0	0	0	0	0	NaN	NaN	NaN	NaN	0	0	0	0	0	0	300	0	0	18000	0	15	18000	18000	18000	18000	93	NaN	0.12791780638760425	0.04891293395278886	0.06300508202895122	0.25122562796132236	7.773627256855821	0.29146940164523827	0.0000013965381384860863	NaN	0.033817706188680935	0.30437091910447117	0.08753302365889443	0.00003187933437686681	NaN	17.92043303648587	346.0134526422542	93.5962962252299	93.46525607215034	93.7273362765842	-0.26207962373893223	0.0002732787264297561	38.100935618824415	092
DATA	2026-09-25T223000_AIU-1657.ghg	2026-09-25	23:00:00	268.958	0	18000	18000	0.08905511867826947	1	NaN	47.185745949015	1	NaN	322.757719762239	1	NaN	10.460273797224131	1	NaN	7.252825380524347	1	NaN	0.21349745843232965	1	NaN	NaN	NaN	NaN	NaN	NaN	NaN	NaN	NaN	NaN	-6.110252887720007e-10	-1.2894064747632187e-11	-3.056914111679619e-12	NaN	17.884934745402603	438.8517612435531	442.95386845011865	0.2	0	377.41401354739656	9.260800048814758	9.34736411890339	0.1	1	0.0894769994210355	2.089081295342301	2.108608698883856	-0.3	0	NaN	NaN	NaN	NaN	9	296.62683414628765	286.06253142965716	97609.57226408015	1.1845831125955515	1010.4108780877034	0.024365682905275687	0.46998308465797767	0.006848961319397293	904.1852046567093	1484.6850272244747	0.005781748234102771	60.900809806577406	580.4998225677654	278.6698581772855	0.423035679985705	-0.005485156885648608	-0.08945124883174198	0.43242432795171537	-3.8246779105596574e-14	-3.416424479429914e-14	0.43242432795171537	2.176236180648014	161.7428657768629	359.2571342231367	-11.938396940595213	NaN	0.2741868832414773	0.302011573098562	-37.446051813883585	-0.05349295594515323	0.1461955611279402	0.1437807021074376	0	19.5473779206954	-2.9663900137321964	6.709982287930188	16.708804644091817	25.481981344465026	35.73884115546251	53.54329652040848	0.08722720900282954	1.0209557281075063	64.45892914922176	1.0252220967164771	294.7508498216395	1.0950187928467283	9.552597512989236	1.0950187928467283	6.623471147622156	1.0950187928467283	0.13953692612449106	1.3174184574542285	NaN	NaN	800000009	800000009	800000009	800000019	800000019	800100019	899999999	899999999	89999	89999	89	89	5	14	0	2	0	0	0	NaN	0	0	0	0	0	0	0	0	0	NaN	NaN	NaN	NaN	0	0	0	0	0	0	300	150	0	18000	0	15	18000	18000	18000	18000	93	NaN	0.2049088517043021	0.3359417103785506	0.06317258411427136	0.5996883616297431	18.965038996348802	1.1770039901951443	0.0000013439263263916741	NaN	0.05385419469698909	0.23493180196311866	0.16289433422121322	0.00013953692612449106	NaN	17.886366491880988	377.3785138755712	93.51912177318998	93.35571422407364	93.68252954143951	-0.32681620216203916	0.0002726232586105148	39.81094415898042	237
DATA	2026-09-25T230000_AIU-1657.ghg	2026-09-25	23:30:00	268.979	0	18000	18000	0.14184485486560958	1	NaN	65.08804506168272	1	NaN	102.46336359757372	1	NaN	-0.11342488420035966	2	NaN	2.3029085685156234	1	NaN	0.07926374454714459	1	NaN	NaN	NaN	NaN	NaN	NaN	NaN	NaN	NaN	NaN	-6.856491374351771e-10	-1.7426355489885754e-11	-3.517182228253612e-12	NaN	17.78637116261699	437.1707375630314	442.08274806635313	0.1	1	452.05573788695943	11.111065801157212	11.235908722306556	0.1	1	0.09123895173600127	2.1337232258270924	2.1576975452311506	0.1	0	NaN	NaN	NaN	NaN	9	296.84223498111294	286.2484697313902	97603.07393538136	1.1829037325837959	1011.4404566526804	0.024383143700191078	0.1492284752398124	0.008211468202348674	1084.765075609083	1502.849534349314	0.0069417890705378935	72.18055106752598	418.08445874023096	281.32120759131175	-0.5340698714132044	-1.5715214571548906	0.5596150149467279	1.7515933554347027	4.38665728633467e-14	-3.8549130183241624e-14	1.7515933554347027	4.04929230180839	269.7699467985034	251.2300532014966	18.632031684105737	NaN	0.3462837345134778	0.48507648953204074	-54.70015072444963	-0.0366196431540117	0.6352323677106377	0.15710116725528728	0	19.889761037516116	-3.0183479726322586	6.827511332432931	17.001468582733725	25.928312316878895	36.364826690505176	54.48113692140182	0.14017499224858024	1.011912699906329	69.61169147782931	1.023215238279337	92.78271130407643	1.1043368118632677	-0.10270859667259126	1.1043368118632677	2.085331706574276	1.1043368118632677	0.040247583263905075	1.3054191048837245	NaN	NaN	800000009	800000009	800000009	800000019	800000019	800001019	899999999	899999999	89999	89999	89	89	12	0	0	2	0	0	20	NaN	0	0	0	0	0	0	0	0	0	NaN	NaN	NaN	NaN	0	0	0	0	0	0	300	0	0	18000	0	20	18000	18000	18000	18000	93	NaN	0.6541105762789863	0.21956028269889696	0.09648212008619833	0.19547825375306838	6.256042341025122	0.21056668009014795	6.7395903782946e-7	NaN	0.05818251143137483	-0.002532504847861841	0.05141840924118744	0.00004024758326390507	NaN	17.78774352735715	452.08197772597674	93.28952740139431	93.12175214767456	93.45730253855388	-0.3355491934898831	0.0002733811510552186	39.41388136778937	213
