DATAH	filename	date	time	DOY	daytime	file_records	used_records	Tau	qc_Tau	rand_err_Tau	H	qc_H	rand_err_H	LE	qc_LE	rand_err_LE	co2_flux	qc_co2_flux	rand_err_co2_flux	h2o_flux	qc_h2o_flux	rand_err_h2o_flux	ch4_flux	qc_ch4_flux	rand_err_ch4_flux	none_flux	qc_none_flux	rand_err_none_flux	H_strg	LE_strg	co2_strg	h2o_strg	ch4_strg	none_strg	co2_v-adv	h2o_v-adv	ch4_v-adv	none_v-adv	co2_molar_density	co2_mole_fraction	co2_mixing_ratio	co2_time_lag	co2_def_timelag	h2o_molar_density	h2o_mole_fraction	h2o_mixing_ratio	h2o_time_lag	h2o_def_timelag	ch4_molar_density	ch4_mole_fraction	ch4_mixing_ratio	ch4_time_lag	ch4_def_timelag	none_molar_density	none_mole_fraction	none_mixing_ratio	none_time_lag	none_def_timelag	sonic_temperature	air_temperature	air_pressure	air_density	air_heat_capacity	air_molar_volume	ET	water_vapor_density	e	es	specific_humidity	RH	VPD	Tdew	u_unrot	v_unrot	w_unrot	u_rot	v_rot	w_rot	wind_speed	max_wind_speed	wind_dir	yaw	pitch	roll	u*	TKE	L	(z-d)/L	bowen_ratio	T*	model	x_peak	x_offset	x_10%	x_30%	x_50%	x_70%	x_90%	un_Tau	Tau_scf	un_H	H_scf	un_LE	LE_scf	un_co2_flux	co2_scf	un_h2o_flux	h2o_scf	un_ch4_flux	ch4_scf	un_none_flux	un_none_scf	spikes_hf	amplitude_resolution_hf	drop_out_hf	absolute_limits_hf	skewness_kurtosis_hf	skewness_kurtosis_sf	discontinuities_hf	discontinuities_sf	timelag_hf	timelag_sf	attack_angle_hf	non_steady_wind_hf	u_spikes	v_spikes	w_spikes	ts_spikes	co2_spikes	h2o_spikes	ch4_spikes	none_spikes	head_detect_LI-7200	t_out_LI-7200	t_in_LI-7200	aux_in_LI-7200	delta_p_LI-7200	chopper_LI-7200	detector_LI-7200	pll_LI-7200	sync_LI-7200	chopper_LI-7500	detector_LI-7500	pll_LI-7500	sync_LI-7500	not_ready_LI-7700	no_signal_LI-7700	re_unlocked_LI-7700	bad_temp_LI-7700	laser_temp_unregulated_LI-7700	block_temp_unregulated_LI-7700	motor_spinning_LI-7700	pump_on_LI-7700	top_heater_on_LI-7700	bottom_heater_on_LI-7700	calibrating_LI-7700	motor_failure_LI-7700	bad_aux_tc1_LI-7700	bad_aux_tc2_LI-7700	bad_aux_tc3_LI-7700	box_connected_LI-7700	mean_value_RSSI_LI-7200	mean_value_LI-7500	u_var	v_var	w_var	ts_var	co2_var	h2o_var	ch4_var	none_var	w/ts_cov	w/co2_cov	w/h2o_cov	w/ch4_cov	w/none_cov	co2_mean	h2o_mean	avg_signal_strength_7200_mean	co2_signal_strength_7200_mean	h2o_signal_strength_7200_mean	delta_signal_strength_7200_mean	flowrate_mean	rssi_77_mean	CHK
DATAU		[yyyy-mm-dd]	[HH:MM]	[ddd.ddd]	[1=daytime]	[#]	[#]	[kg+1m-1s-2]	[#]	[kg+1m-1s-2]	[W+1m-2]	[#]	[W+1m-2]	[W+1m-2]	[#]	[W+1m-2]	[µmol+1s-1m-2]	[#]	[µmol+1s-1m-2]	[mmol+1s-1m-2]	[#]	[mmol+1s-1m-2]	[µmol+1s-1m-2]	[#]	[µmol+1s-1m-2]	[µmol+1s-1m-2]	[#]	[µmol+1s-1m-2]	[W+1m-2]	[W+1m-2]	[µmol+1s-1m-2]	[mmol+1s-1m-2]	[µmol+1s-1m-2]	[µmol+1s-1m-2]	[µmol+1s-1m-2]	[mmol+1s-1m-2]	[µmol+1s-1m-2]	[µmol+1s-1m-2]	[mmol+1m-3]	[µmol+1mol_a-1]	[µmol+1mol_d-1]	[s]	[1=default]	[mmol+1m-3]	[mmol+1mol_a-1]	[mmol+1mol_d-1]	[s]	[1=default]	[mmol+1m-3]	[µmol+1mol_a-1]	[µmol+1mol_d-1]	[s]	[1=default]	[mmol+1m-3]	[µmol+1mol_a-1]	[µmol+1mol_d-1]	[s]	[1=default]	[K]	[K]	[Pa]	[kg+1m-3]	[J+1kg-1K-1]	[m+3mol-1]	[mm]	[kg+1m-3]	[Pa]	[Pa]	[kg+1kg-1]	[%]	[Pa]	[K]	[m+1s-1]	[m+1s-1]	[m+1s-1]	[m+1s-1]	[m+1s-1]	[m+1s-1]	[m+1s-1]	[m+1s-1]	[deg_from_north]	[deg]	[deg]	[deg]	[m+1s-1]	[m+2s-2]	[m]	[#]	[#]	[K]	[0=KJ/1=KM/2=HS]	[m]	[m]	[m]	[m]	[m]	[m]	[m]	[kg+1m-1s-2]	[#]	[W+1m-2]	[#]	[W+1m-2]	[#]	[µmol+1s-1m-2]	[#]	[mmol+1s-1m-2]	[#]	[µmol+1s-1m-2]	[#]	[µmol+1s-1m-2]	[#]	8u/v/w/ts/co2/h2o/ch4/none	8u/v/w/ts/co2/h2o/ch4/none	8u/v/w/ts/co2/h2o/ch4/none	8u/v/w/ts/co2/h2o/ch4/none	8u/v/w/ts/co2/h2o/ch4/none	8u/v/w/ts/co2/h2o/ch4/none	8u/v/w/ts/co2/h2o/ch4/none	8u/v/w/ts/co2/h2o/ch4/none	8co2/h2o/ch4/none	8co2/h2o/ch4/none	8aa	8U	[#]	[#]	[#]	[#]	[#]	[#]	[#]	[#]	[#_flagged_recs]	[#_flagged_recs]	[#_flagged_recs]	[#_flagged_recs]	[#_flagged_recs]	[#_flagged_recs]	[#_flagged_recs]	[#_flagged_recs]	[#_flagged_recs]	[#_flagged_recs]	[#_flagged_recs]	[#_flagged_recs]	[#_flagged_recs]	[#_flagged_recs]	[#_flagged_recs]	[#_flagged_recs]	[#_flagged_recs]	[#_flagged_recs]	[#_flagged_recs]	[#_flagged_recs]	[#_flagged_recs]	[#_flagged_recs]	[#_flagged_recs]	[#_flagged_recs]	[#_flagged_recs]	[#_flagged_recs]	[#_flagged_recs]	[#_flagged_recs]	[#_flagged_recs]	[#]	[#]	[m+2s-2]	[m+2s-2]	[m+2s-2]	[K+2]	--	--	--	--	[m+1s-1K+1]	--	--	--	--	--	--	--	--	--	--	--	--	241
DATA	2026-08-21T233000_AIU-1657.ghg	2026-08-22	00:00:00	234	0	18000	18000	0.0911007544108715	1	NaN	37.002228465766606	1	NaN	37.27771076400617	1	NaN	-17.763572473333596	2	NaN	0.844434257492897	1	NaN	0.11320062130480146	1	NaN	NaN	NaN	NaN	NaN	NaN	NaN	NaN	NaN	NaN	3.1036944302234246e-10	1.6272793979666304e-11	1.5228162625493075e-12	NaN	17.009422421455174	431.1033870047378	441.0729243199402	0.1	1	891.8108177212907	22.602922930655403	23.125629757793686	0.1	1	0.08345610581934171	2.0349089427135314	2.081967493513548	0.4	0	NaN	NaN	NaN	NaN	9	303.1141617023687	294.3930262061225	97501.23191145834	1.1439640268716178	1018.0912084307756	0.025103104564877427	0.054719339885539724	0.016225271146700422	2204.4039800011674	2516.7955236867147	0.01418337532087564	87.5877265059681	312.3915436855473	292.2137240802136	-0.30597373203039824	-1.3372248599007903	0.3812779796378409	1.423784797076484	-3.571459197732189e-14	1.8246912524839868e-14	1.423784797076484	2.7816946303914385	263.88812617932945	257.1118738206705	15.532911832730505	NaN	0.2821985661573855	0.1981521644590601	-52.14988408122979	-0.03841044012446754	0.9926099995790095	0.11258331247616217	0	19.069985416686233	-2.8939438594567375	6.54610888970317	16.300736711891158	24.85965200031961	34.866015401603796	52.235644491451666	0.09001215219158568	1.0120939472369108	38.660139692872036	1.0220992482056512	33.90657133552998	1.0994243680706117	-16.157157317248686	1.0994243680706117	0.7680694388962847	1.0994243680706117	0.0779962284366831	1.3051910801406903	NaN	NaN	800000009	800000009	800000009	800000009	800000019	800000019	899999999	899999999	89999	89999	89	89	9	12	2	35	7	0	15	NaN	0	18000	0	0	0	0	0	0	0	NaN	NaN	NaN	NaN	0	0	0	0	0	0	0	0	0	0	0	0	18000	18000	18000	18000	100	NaN	0.22295029334245042	0.10216874376581683	0.0711852918098529	0.04080818162269462	38.78254470302508	0.0536660638281353	7.417888858246636e-7	NaN	0.03319436491031977	-0.41497701919237795	0.01972693339723064	0.00007799622843668309	NaN	17.010665203691914	891.8736194572655	98.26016776953803	98.78528326204088	97.73504988225301	1.0502340590688917	0.0002820695719452083	60.66699503389994	248
DATA	2026-08-22T000000_AIU-1657.ghg	2026-08-22	00:30:00	234.02	0	18000	18000	0.03330886337137863	0	NaN	18.119196005906208	0	NaN	9.557665537228276	1	NaN	-0.8450515019706023	2	NaN	0.2165130518173218	1	NaN	0.08321118113862123	0	NaN	NaN	NaN	NaN	NaN	NaN	NaN	NaN	NaN	NaN	6.611594356496761e-11	3.4598100168735188e-12	3.2461318381014726e-13	NaN	17.00436692220846	431.0613274282494	441.0092597434546	0.1	1	889.8289253066396	22.557196012147447	23.077765696485486	0.1	1	0.0834873010602968	2.0359879853484513	2.0829740390351827	0.3	0	NaN	NaN	NaN	NaN	9	303.14458706325956	294.43025880177817	97489.47147960069	1.143701345266654	1018.06565030988	0.02510930805682126	0.014030045757762451	0.016188446060864354	2199.6789996624507	2522.547955002033	0.014154434746327956	87.20068117240918	322.8689553395825	292.17932665645634	-0.08761747453734885	-1.167868477186389	0.24146634273309245	1.1957840927704757	2.4184322794427817e-14	3.888174365293026e-15	1.1957840927704757	2.79264027002275	255.29048706675496	265.70951293324504	11.649924171383883	NaN	0.17065679713427984	0.1253544907582557	-23.55092313667203	-0.08505399080857673	1.8957763206224076	0.09118573770858651	1	9.873221443400627	4	8	14	23	41	110	0.0328959147693546	1.012553187984568	18.428944208658784	1.021613007039497	8.716374162603149	1.096518501722266	-0.7706678005371613	1.096518501722266	0.1974549918466964	1.096518501722266	0.06054680910062033	1.3056249981159445	NaN	NaN	800000009	800000009	800000009	800000009	800000019	800000019	899999999	899999999	89999	89999	89	89	5	6	0	29	9	0	9	NaN	0	18000	0	0	0	0	0	0	0	NaN	NaN	NaN	NaN	0	0	0	0	0	0	0	0	0	0	0	0	18000	18000	18000	18000	100	NaN	0.12570963384290906	0.06771152289266899	0.057287824780933354	0.03759836054794974	11.006878007625648	0.06156284656056946	0.0000024953677365022026	NaN	0.015827489671758708	-0.019797634116625697	0.005072408215780527	0.00006054680910062033	NaN	17.005606482284474	889.8915205100906	98.26684580188328	98.7946086599562	97.73908500968085	1.055525553822517	0.0002819383417954669	61.66265225007796	236
DATA	2026-08-22T003000_AIU-1657.ghg	2026-08-22	01:00:00	234.041	0	18000	18000	0.027497912894694353	0	NaN	25.540611854538994	0	NaN	38.99478820657718	1	NaN	4.6417307522641655	2	NaN	0.8834031152749914	1	NaN	0.09007420434962038	0	NaN	NaN	NaN	NaN	NaN	NaN	NaN	NaN	NaN	NaN	-3.1345230847235663e-10	-1.6285937459001843e-11	-1.5229384027702978e-12	NaN	17.294780145209334	438.585547510652	448.81284489576865	0.1	1	898.5791464889013	22.787443589079462	23.31881988169755	0.1	1	0.08402836456676276	2.0498531060142833	2.097653261377369	0.2	0	NaN	NaN	NaN	NaN	9	303.1682235658434	294.47811426068824	97467.95135570617	1.1431626672623671	1018.1983935369276	0.025118934048674137	0.05724452186981944	0.016347419031205127	2221.6412151897516	2529.9584985428733	0.014300168733076053	87.81334620584896	308.31728335312164	292.3386640126236	-0.08816776986345541	-0.9859459560017028	0.22312898217414476	1.0147164759107983	-1.7015918252445473e-14	-1.8124099054198335e-14	1.0147164759107983	2.4686465972177256	256.11005673670275	264.8899432632972	12.702744521618415	NaN	0.15509430443857566	0.1166479205149889	-12.539561950823567	-0.1597424222517152	0.6549750115127208	0.14147998564657674	1	8.511220458519364	4	7	12	19	32	82	0.027138762001611832	1.0132338716504898	27.49322884166319	1.021488705761192	35.62274787772819	1.0946597477663207	4.240341130415846	1.0946597477663207	0.8070116007075225	1.0946597477663207	0.06243677420448358	1.3064847484867486	NaN	NaN	800000009	800000009	800000009	800000019	800000019	810010019	899999999	899999999	89999	89999	89	89	18	15	0	9	22	0	3	NaN	0	18000	0	0	0	0	0	0	0	NaN	NaN	NaN	NaN	0	2	0	0	0	0	0	0	0	0	0	0	18000	18000	18000	18000	100	NaN	0.11769579739545134	0.06715751779678888	0.048442525837737546	0.03819676911703176	31.659720501286245	0.05553083554673275	0.0000029503790668567673	NaN	0.023620294405226294	0.10899728492526381	0.020744103050898813	0.00006243677420448359	NaN	17.296064105336708	898.6429315856626	98.24293004057142	98.77149080997043	97.71436944495308	1.0571233987543305	0.000282049623686665	60.32912372591005	056
DATA	2026-08-22T010000_AIU-1657.ghg	2026-08-22	01:30:00	234.062	0	18000	18000	0.06177517726452046	0	NaN	23.46868993726406	0	NaN	39.247952909956844	0	NaN	7.914982855587833	1	NaN	0.8890358595488365	0	NaN	0.09798504319799432	0	NaN	NaN	NaN	NaN	NaN	NaN	NaN	NaN	NaN	NaN	-6.682437360511271e-10	-3.453189729317466e-11	-3.226346584374914e-12	NaN	17.29504821406531	438.4621332662924	448.62703244544	0.1	1	893.7320267868745	22.65779465793517	23.183071941526414	0.1	1	0.08350219646171116	2.0358173064459932	2.0830138055211354	0.2	0	NaN	NaN	NaN	NaN	9	303.1129537972344	294.3588939480252	97463.11317317709	1.1436254490110336	1018.1218986943695	0.025110011004218624	0.0576095236987646	0.01626018669060069	2208.8915578859155	2511.5321743859704	0.014218104978917633	87.94996060227476	302.6406165000549	292.24633344107343	-0.18705248527229773	-1.1785344138414615	0.2837737974126095	1.2265641299798105	1.2990639047668108e-14	-3.8637864883641874e-14	1.2265641299798105	2.3969525890492838	260.0185414332344	260.98145856676564	13.376957968360387	NaN	0.23241550343044945	0.2032864224945203	-45.920436197639184	-0.043621101319220076	0.5979595927233766	0.08672417213090045	0	16.359312966281713	-2.4825888572666077	5.615622754714299	13.983694671179464	21.3260166916661	29.910041637627526	44.81069269635442	0.06101436802414041	1.012469345582323	25.45444804742662	1.0216601602914461	35.781488677546434	1.096878703500832	7.215914421828164	1.096878703500832	0.810514286321142	1.096878703500832	0.06930614414215568	1.3055301442391056	NaN	NaN	800000009	800000009	800000009	800000009	800000019	800011019	899999999	899999999	89999	89999	89	89	8	5	0	29	7	0	10	NaN	0	18000	0	0	0	0	0	0	0	NaN	NaN	NaN	NaN	0	0	0	0	0	0	0	0	0	0	0	0	18000	18000	18000	18000	100	NaN	0.2292216699273707	0.1065119007733745	0.07083927428829544	0.032874502276265864	13.69660760360036	0.044029142653597274	0.0000013182628210549359	NaN	0.02186150690532961	0.18539342342461596	0.020823974550070432	0.00006930614414215568	NaN	17.296317870129847	893.7954338324247	98.23917944632636	98.76006590186225	97.71829751035902	1.0417705705232092	0.0002822142126711292	59.088023653586674	174
DATA	2026-08-22T013000_AIU-1657.ghg	2026-08-22	02:00:00	234.083	0	18000	18000	0.36738064082770694	1	NaN	29.778479939837414	1	NaN	83.3800556335355	1	NaN	12.403622197188572	1	NaN	1.888620757180541	1	NaN	0.11071050775837617	1	NaN	NaN	NaN	NaN	NaN	NaN	NaN	NaN	NaN	NaN	-4.833126423692694e-10	-2.5190121538973585e-11	-2.3327456731585292e-12	NaN	17.30663303432052	438.9592096438902	449.2370493174778	0.1	1	902.0169375827373	22.8784328656834	23.41411103306299	0.1	1	0.08353179658169986	2.036336059487553	2.0840150580850243	0.7	0	NaN	NaN	NaN	NaN	9	303.2451076244778	294.31202483791776	97434.37461979166	1.143374077207957	1018.2474465531321	0.02511341797030852	0.12238262506529904	0.016416298561621617	2229.7437433117634	2504.3204275241346	0.014357766971339003	89.03588050496285	274.5766842123712	292.3970998588052	-0.6322039789654776	0.39447730955113325	0.35910991941516096	0.8271965624884187	1.2424409701678524e-13	-2.792643961484706e-14	0.8271965624884187	2.6085667144361278	12.96299081984455	148.03700918015542	25.729876276280617	NaN	0.5668445336574202	0.572394675436709	-524.9458268097079	-0.0038158223147969146	0.35714152159740814	0.04512288831071099	0	23.25826714996165	-3.5295317709756233	7.983810476133634	19.880816943604795	30.31950024317238	42.523530193978075	63.707997032318595	0.3621584695677239	1.0144195751274747	34.297805087860304	1.021739492491443	76.26034460558033	1.0933605934352701	11.344493547382362	1.0933605934352701	1.7273539658555035	1.0933605934352701	0.07528681876667281	1.3081150375706483	NaN	NaN	800000009	800000009	800000009	800000009	800000019	800010019	899999999	899999999	89999	89999	89	89	2	2	0	31	7	0	1	NaN	0	18000	0	0	0	0	0	0	0	NaN	NaN	NaN	NaN	0	0	0	0	0	0	0	0	0	0	0	0	18000	18000	18000	18000	100	NaN	0.349521465129065	0.6204277618107729	0.17484012393358014	0.03566344329212177	5.504653173397405	0.0493962952479325	3.3386586506592166e-7	NaN	0.02945945151010553	0.2915714963664132	0.04439573952555682	0.00007528681876667281	NaN	17.307924752262164	902.0801544265754	98.21641135491265	98.7344066942003	97.6984228117201	1.0359885352717495	0.0002818841239948394	59.97687260193294	114
DATA	2026-08-22T020000_AIU-1657.ghg	2026-08-22	02:30:00	234.104	0	18000	18000	0.047616370464617946	0	NaN	13.519029083279227	1	NaN	18.869590061193467	0	NaN	2.222155456253251	1	NaN	0.4274413562755937	0	NaN	0.12680388108952823	0	NaN	NaN	NaN	NaN	NaN	NaN	NaN	NaN	NaN	NaN	-1.7313907084089116e-10	-8.98663003204226e-12	-8.378906059709346e-13	NaN	17.393400920426007	441.2253944481383	451.56691489693134	0.1	1	902.7890603299678	22.901413074413167	23.438180528406882	0.1	1	0.08417376370526991	2.052748382218689	2.100861069380526	0.2	0	NaN	NaN	NaN	NaN	9	303.25277361806235	294.38699154663084	97398.60443185765	1.1426532475204862	1018.2618459595112	0.025129040215674147	0.027698199886658472	0.01642257193787982	2231.163998594635	2515.8642505407124	0.014372314587576039	88.6837991403992	284.7002519460775	292.40732363308376	-0.0928811547974074	-0.5075521604044273	0.20735165915959053	0.5560852587543755	1.1538032953016411e-14	-9.954296553790387e-15	0.5560852587543755	1.8910493919681546	261.3702819069226	259.6297180930773	21.893187555755997	NaN	0.2041366178547103	0.18579018024990654	-53.99217734457325	-0.037099818872211705	0.7164452984636898	0.05691813453179399	0	16.588897359918054	-2.517429174743181	5.694431647709305	14.179939957793607	21.62530313608623	30.329795131381555	45.43955991909912	0.046780209264790575	1.0178742509486103	14.42503277882285	1.0233964214183953	17.256778715609844	1.0934595831680183	2.032224592897276	1.0934595831680183	0.3909073209978115	1.0934595831680183	0.09509107658051444	1.3130114762122143	NaN	NaN	800000009	800000009	800000009	800000009	800000019	800000019	899999999	899999999	89999	89999	89	89	19	12	0	16	2	0	1	NaN	0	18000	0	0	0	0	0	0	0	NaN	NaN	NaN	NaN	0	0	0	0	0	0	0	0	0	0	0	0	18000	18000	18000	18000	100	NaN	0.19594776033262892	0.1228543975020318	0.05277820266515235	0.04502903231298724	9.255304918464953	0.038177882629184666	0.0000037002511524791917	NaN	0.012397750133987813	0.05226511968534654	0.010053425191898327	0.00009509107658051443	NaN	17.39468692743722	902.8538123096416	98.21063002226087	98.72239269595676	97.69885835986668	1.0235212402045721	0.00028244149037669154	60.055021103858934	163
DATA	2026-08-22T023000_AIU-1657.ghg	2026-08-22	03:00:00	234.124	0	18000	18000	0.06421886049971583	1	NaN	41.42711525633612	1	NaN	21.4364036364172	0	NaN	-13.581513997416975	2	NaN	0.48551085986187453	0	NaN	0.2389809512020677	1	NaN	NaN	NaN	NaN	NaN	NaN	NaN	NaN	NaN	NaN	4.998034005833883e-10	2.5644211415114958e-11	2.3976990303371075e-12	NaN	17.54573417827354	445.13206818320674	455.5361037378059	0.1	1	900.2470094758487	22.839102036547676	23.372918507226128	0.1	1	0.0841718759350061	2.0512245149654325	2.0991676183937438	0.2	0	NaN	NaN	NaN	NaN	9	303.0568337546454	294.2273892584907	97358.11517317707	1.1428249695529702	1018.2231020756758	0.025125861464592534	0.03146110371904947	0.016379960795779355	2224.168376156999	2491.343418807518	0.01433286919009704	89.27586455429727	267.1750426505191	292.3569100465148	-0.1821617873514328	-1.0513433163291996	0.318172808242973	1.1134359530148998	-1.2117797771560165e-14	2.8485750183214493e-14	1.1134359530148998	3.03016168599076	260.8298045820957	260.17019541790427	16.60414050449498	NaN	0.23705080650529672	0.22503735512223313	-27.581512825188298	-0.07262473283085134	1.9325590224452451	0.15018293530926805	0	16.624920561914635	-2.522895834624565	5.706797247245582	14.210732049052982	21.672263018120994	30.395657033642312	45.53823305029567	0.06340603535176983	1.0128193655925106	42.11891543188987	1.0215213734892634	19.565663786645047	1.095613410828876	-12.396264835004173	1.095613410828876	0.4431406690198926	1.095613410828876	0.17698661792882842	1.3059474121346788	NaN	NaN	800000009	800000009	800000009	800000009	800000019	800000019	899999999	899999999	89999	89999	89	89	9	1	1	23	0	0	2	NaN	0	18000	0	0	0	0	0	0	0	NaN	NaN	NaN	NaN	0	0	0	0	0	0	0	0	0	0	0	0	18000	18000	18000	18000	100	NaN	0.28613058371356703	0.093159247553792	0.07078487897710721	0.060391152568842296	48.975542882519335	0.0323317375119701	0.0000025542475619318363	NaN	0.03619549434598422	-0.31874872023352474	0.01139460337557972	0.00017698661792882843	NaN	17.54709039878112	900.3125310347106	98.20294799847073	98.71272348933749	97.69316017659506	1.0195503139230937	0.0002822139170166338	60.00202799436779	236
DATA	2026-08-22T030000_AIU-1657.ghg	2026-08-22	03:30:00	234.145	0	18000	18000	0.06104560680704641	1	NaN	19.08209531444112	0	NaN	15.645928274730108	0	NaN	-0.05220023784713271	2	NaN	0.35447412362637043	0	NaN	0.10359714356713691	0	NaN	NaN	NaN	NaN	NaN	NaN	NaN	NaN	NaN	NaN	1.061881298665293e-11	5.486379899990431e-13	5.1170468868936234e-14	NaN	17.547722637988503	445.61636369302175	456.11778398818274	0.1	1	906.6312109712817	23.023483547032807	23.566056255499756	0.1	1	0.08455984638740173	2.0639010851856354	2.112539094264907	0.4	0	NaN	NaN	NaN	NaN	9	303.2153408067491	294.55151260942	97325.50221392546	1.1411047511905426	1018.3345616752233	0.025161969063893782	0.022969923210988803	0.016488502134811723	2241.373162324033	2541.3614104406374	0.014449595549934276	88.19576598258841	299.9882481166046	292.48064734582096	-0.3167659123533251	-0.18899034122394506	0.2895353592776168	0.46892293244946803	-4.141681928297125e-14	6.051390944409277e-16	0.46892293244946803	2.124609776939854	310.1786575909713	210.8213424090287	38.12998645253594	NaN	0.23129404465204728	0.28171587782369345	-55.61076367146033	-0.036020005260744135	1.2196205287007993	0.07099791790637158	0	17.59882763011439	-2.6706899895813945	6.041108028170919	15.043213162891856	22.941849243127376	32.176269766039674	48.20591539354911	0.05985573438351405	1.019879004673278	19.688767990347248	1.0245668086839699	14.296353418562584	1.0943999365890897	-0.04769758851578967	1.0943999365890897	0.3238981580455478	1.0943999365890897	0.07547942181698124	1.315875146133859	NaN	NaN	800000009	800000009	800000009	800000019	800000019	800000019	899999999	899999999	89999	89999	89	89	21	4	3	15	13	0	0	NaN	0	18000	0	0	0	0	0	0	0	NaN	NaN	NaN	NaN	0	19	0	0	0	0	0	0	17997	0	0	0	18000	18000	18000	18000	100	NaN	0.15294156067285797	0.35204132437930086	0.05844887059522811	0.04417496343030339	5.172227609235843	0.038909352658484594	0.000003869555192572993	NaN	0.016943477254928663	-0.0012284561738706847	0.008342029531004028	0.00007547942181698123	NaN	17.54904230401692	906.6972967546585	98.20041236326429	98.71870198694864	97.68212195587158	1.0365781071517204	0.00028242748685038853	60.59522246292454	249
DATA	2026-08-22T033000_AIU-1657.ghg	2026-08-22	04:00:00	234.166	0	18000	18000	0.04894909919250863	1	NaN	12.528781189988445	0	NaN	47.05357633353466	1	NaN	32.84349527204099	1	NaN	1.0663511465140338	1	NaN	0.01647779782171366	2	NaN	NaN	NaN	NaN	NaN	NaN	NaN	NaN	NaN	NaN	4.570317809386983e-11	2.322033514576242e-12	2.160203647351361e-13	NaN	17.92463879944672	455.2396597575958	466.018329658723	0.1	1	910.6940428410085	23.12928315291949	23.676913182095266	0.1	1	0.08472248917239773	2.0707201109466005	2.1197483712379017	0.4	0	NaN	NaN	NaN	NaN	9	303.2656249211629	294.8475095943875	97329.47806271701	1.1399597587629051	1018.4006306829194	0.025186225628253473	0.06909955429410938	0.01654831874011625	2251.764907361554	2587.803719344081	0.014516581495889502	87.01451700256072	336.038811982527	292.55498234364154	0.08730066839207708	-0.20625769406903977	0.12903843303608795	0.2584851258094832	1.3107702324435775e-14	2.5497405334204313e-15	0.2584851258094832	1.5790846426511265	228.05899445647788	292.9410055435222	29.947766541581668	NaN	0.20721805432575227	0.13268245895277808	-60.91003282533156	-0.03288620785584179	0.26626628975403294	0.05208024907535011	0	16.481047076344108	-2.5010624781217783	5.657410135388552	14.087751157517788	21.484709398901824	30.132610415924653	45.144141283585036	0.047524108118283184	1.0299845937282772	15.010773650035903	1.0310227418143487	42.718647400294984	1.1014762684927555	29.81770575682358	1.1014762684927555	0.9681108681290189	1.1014762684927555	0.007122471980080783	1.3304773388313824	NaN	NaN	800000009	800000009	800000009	800000009	800000019	800000019	899999999	899999999	89999	89999	89	89	5	0	0	16	7	0	0	NaN	0	18000	0	0	0	0	0	0	0	NaN	NaN	NaN	NaN	0	0	0	0	0	0	0	0	18000	0	0	0	18000	18000	18000	18000	100	NaN	0.10984910918627372	0.10023813605122094	0.055277672668061516	0.041220054807515866	40.135910851877746	0.03884511345855037	0.000004308119629306797	NaN	0.012929891955294814	0.7687816019254823	0.02496053284955957	0.000007122471980080783	NaN	17.925921896377037	910.7593835813423	98.20411841922336	98.73012963443333	97.67810327784221	1.0520200859242035	0.00028211233392034444	61.34548013920255	033
DATA	2026-08-22T040000_AIU-1657.ghg	2026-08-22	04:30:00	234.187	0	18000	18000	0.10583182361110324	1	NaN	29.578158851760445	1	NaN	33.757238822838836	1	NaN	1.752399231054165	2	NaN	0.7649198506099102	1	NaN	0.1442465486492955	1	NaN	NaN	NaN	NaN	NaN	NaN	NaN	NaN	NaN	NaN	8.525435884414772e-10	4.301302642153888e-11	4.01849803026225e-12	NaN	17.834951199827685	452.8666434976744	463.4558173696285	-0.1	0	899.8193612451345	22.848292059539947	23.382543236502375	0.1	1	0.08406575011296408	2.053152506423496	2.1011604336760765	0	0	NaN	NaN	NaN	NaN	9	303.1532584499783	294.70811808946394	97316.38052560764	1.140467694744394	1018.2369428393199	0.025177706780320108	0.04956680631952218	0.016352808997251035	2224.1095182734853	2565.84140745577	0.01433868672704148	86.6814882560829	341.7318891822847	292.35648530094	-0.006883242983961649	-0.7198791883398318	0.22605117233790645	0.7545677950683578	-2.685472348628188e-14	4.780184587495334e-14	0.7545677950683578	2.793381277481843	251.54782630277657	269.45217369722343	17.432199815502834	NaN	0.30462577416601155	0.42505450862105865	-81.95561095339971	-0.02444127957436582	0.8762019609183501	0.08361277812992775	0	22.422223475448373	-3.402658917891094	7.696823737007827	19.166179385153473	29.22963287561358	40.99497571451384	61.41794388298634	0.1042596810531914	1.0150791038494522	31.15473010450807	1.0219890534273797	30.882154161599672	1.0930985787518082	1.6031483940407294	1.0930985787518082	0.6997720658308421	1.0930985787518082	0.10428427052685409	1.3090414364199687	NaN	NaN	800000009	800000009	800000009	800000009	800000019	800000019	899999999	899999999	89999	89999	89	89	6	2	0	10	5	0	1	NaN	0	18000	0	0	0	0	0	0	0	NaN	NaN	NaN	NaN	0	0	0	0	0	0	0	0	18000	0	0	0	18000	18000	18000	18000	100	NaN	0.7242808687077584	0.07049400830104952	0.05533414023330938	0.060333900897531496	40.7416439332607	0.05054994292315885	0.000005891596371034917	NaN	0.02682823832982553	0.041307662903739994	0.018030737960530806	0.00010428427052685408	NaN	17.83627167237624	899.8830569356451	98.23416621102227	98.76343874910144	97.70489188427396	1.0585476074881008	0.00028238253655015594	62.28245167499118	031
DATA	2026-08-22T043000_AIU-1657.ghg	2026-08-22	05:00:00	234.208	0	18000	18000	0.043261553822471675	1	NaN	28.026841930027558	1	NaN	58.88752722645956	1	NaN	15.265055583047777	0	NaN	1.334317932234827	1	NaN	0.12294753830192873	1	NaN	NaN	NaN	NaN	NaN	NaN	NaN	NaN	NaN	NaN	-5.723217507795871e-10	-2.93666961860016e-11	-2.791255678654225e-12	NaN	17.229330073170637	437.3823444889531	447.4237645365387	0	0	884.0630310798754	22.442750795740505	22.95799127264322	0.1	1	0.08402872220152012	2.051631409684061	2.098732745682268	-0.2	0	NaN	NaN	NaN	NaN	9	303.1745917053223	294.67716027492946	97301.52013628473	1.1405897419195352	1018.0040429142009	0.02517890683613435	0.08646380200881679	0.016061792471788607	2184.299526567245	2560.9859137042426	0.014082006773756968	85.29135263410512	376.68638713699784	292.0669151427658	-0.11606944191889554	-0.9752377751862363	0.2309555236358277	1.0089109412605721	-2.454452347273992e-14	-3.321787604909848e-14	1.0089109412605721	2.8445612331496775	257.7872196944843	263.21278030551565	13.233241094101277	NaN	0.1947539730836202	0.24119082715745513	-22.597228539181483	-0.08864361381869514	0.4759385093934533	0.1239392528457789	1	6.097008479506153	3	5	9	14	25	70	0.0426953296199509	1.0132619705143624	31.118250001826098	1.0214897547931527	53.79775099836122	1.0946094610582027	13.945663842783196	1.0946094610582027	1.2189899500273718	1.0946094610582027	0.08677603041072829	1.3065238721070502	NaN	NaN	800000009	800000009	800000009	800000009	800000019	800000019	899999999	899999999	89999	89999	89	89	11	4	0	22	1	0	5	NaN	0	18000	0	0	0	0	0	0	0	NaN	NaN	NaN	NaN	0	0	0	0	0	0	0	0	18000	0	0	0	18000	18000	18000	18000	100	NaN	0.3697296161782374	0.058206033823098156	0.05444600431357472	0.061371857056400865	86.44871031847134	0.10456690556931135	0.0000017344794629973573	NaN	0.02680008685014106	0.35920017303053087	0.03139767356423846	0.0000867760304107283	NaN	17.230571903970525	884.1234475794986	98.25670049624974	98.77501205910576	97.73839385308159	1.036624560554822	0.00028250757051056206	61.20776419968077	005
DATA	2026-08-22T050000_AIU-1657.ghg	2026-08-22	05:30:00	234.229	0	18000	18000	0.09623064146646723	1	NaN	-4.556244498144394	2	NaN	18.24991927044915	0	NaN	13.383841928178358	0	NaN	0.41357158833174273	0	NaN	0.16168970447890726	1	NaN	NaN	NaN	NaN	NaN	NaN	NaN	NaN	NaN	NaN	1.1838956413174003e-9	6.069918617227394e-11	5.641402730675973e-12	NaN	17.625097938758454	447.90487950989484	458.43251038275855	0	0	903.6515244694966	22.964407267001775	23.504166519425286	0.1	1	0.08398567590763377	2.052199722823948	2.1004349668403206	0.1	0	NaN	NaN	NaN	NaN	9	303.37585139041477	294.80503238932295	97312.14445572917	1.139992658468555	1018.305260697551	0.025187082794171534	0.026799438923896926	0.01642979575774613	2235.3151561414306	2581.093735020454	0.01441219435554753	86.60340869502427	345.77857887902337	292.4371732644404	-0.0038055800349154774	0.011756037863231317	0.22841030346191557	0.22874429740042604	-7.726281814026928e-14	6.717101064805749e-14	0.22874429740042604	1.7133204026502222	53.062568538594974	107.93743146140501	86.9034033297864	NaN	0.29053982000540646	0.1560583835423225	461.5898648155696	0.004339566686110727	-0.2496583371479352	-0.013508941351025771	0	15.100587089711833	-2.291572349301617	5.1835428935989505	12.90775472376573	19.685140384128683	27.60868928522972	41.362847511157604	0.09435049066402139	1.0199273028599394	-3.4095827401495673	1.023992791630472	16.552460140272164	1.1025502623653547	12.138985754232511	1.1025502623653547	0.37510452126190374	1.1025502623653547	0.11999160066450212	1.3910299098422467	NaN	NaN	800000009	800000009	800000009	800000009	800000019	800000019	899999999	899999999	89999	89999	89	89	3	0	0	6	1	0	0	NaN	0	18000	0	0	0	0	0	0	0	NaN	NaN	NaN	NaN	0	0	0	0	0	0	0	0	18000	0	0	0	18000	18000	18000	18000	100	NaN	0.028148378586996977	0.14873519255695067	0.13523319594069735	0.04042174669475709	35.78043716980835	0.060944603766939685	0.0000024227152298554095	NaN	-0.0029371166282788244	0.3129339086142904	0.009669911997091826	0.00011999160066450213	NaN	17.626354562971343	903.7145025716491	98.22975092697143	98.7637164094713	97.69578335656061	1.0679328069984941	0.0002822993489260423	61.217066331651466	233
DATA	2026-08-22T053000_AIU-1657.ghg	2026-08-22	06:00:00	234.249	1	18000	18000	0.025267977933281827	0	NaN	10.445705134457054	0	NaN	34.64875828985733	1	NaN	14.69870391115415	1	NaN	0.7852735466760393	1	NaN	0.05617553500134989	0	NaN	NaN	NaN	NaN	NaN	NaN	NaN	NaN	NaN	NaN	-3.3833513974480165e-10	-1.7117036231098372e-11	-1.6027212250611897e-12	NaN	17.806262861520317	452.33262860467266	462.92641826438734	0.1	1	900.8536528928122	22.88439207991876	23.42035261173567	0.1	1	0.0843497233207976	2.0619906407506257	2.1102831886391042	0.6	0	NaN	NaN	NaN	NaN	9	303.28376780785453	294.90862560356993	97310.7587671441	1.1396107644809876	1018.2613113744488	0.025196292211996676	0.05088572582460735	0.016366564924556435	2227.494898917794	2597.4847642976792	0.014361539426148059	85.75584078623365	369.98986537988503	292.3808997653216	0.04625223335307158	-0.5182469850959974	0.1419013849471848	0.5393099384408252	2.6287940977474108e-14	-1.9000906724563215e-14	0.5393099384408252	2.1066315914479152	245.90000854047628	275.0999914595237	15.255069482705267	NaN	0.14890420871000476	0.12053470577447493	-27.103136249639412	-0.07390657603422739	0.3014741552084655	0.060452602654156064	1	3.2901100937133427	2	3	5	8	15	42	0.024816088370949195	1.0182095403424511	12.33331810298487	1.0235861654681822	31.683444793839268	1.0935918905066362	13.44075796350737	1.0935918905066362	0.7180681874956479	1.0935918905066362	0.03958140515963449	1.3134917626240052	NaN	NaN	800000009	800000009	800000009	800000009	800000019	810010019	899999999	899999999	89999	89999	89	89	14	2	0	9	4	0	1	NaN	0	18000	0	0	0	0	0	0	0	NaN	NaN	NaN	NaN	0	0	0	0	0	0	0	0	18000	0	0	0	18000	18000	18000	18000	100	NaN	0.12964781201425324	0.06420553991839274	0.04721605961630391	0.041242401987915456	22.048480525766603	0.047652148508609604	0.000002415320684388717	NaN	0.010628308382480403	0.3465909151395647	0.018516508586230124	0.00003958140515963449	NaN	17.807568133384	900.9185362558937	98.22915236112807	98.7621657816569	97.69613795386421	1.0660300618675018	0.00028236011881542955	61.39682204149738	164
DATA	2026-08-22T060000_AIU-1657.ghg	2026-08-22	06:30:00	234.27	1	18000	18000	0.02455601425100102	1	NaN	9.942145277694669	0	NaN	7.4227222071686585	0	NaN	2.8327755341525895	1	NaN	0.16822353561143735	0	NaN	0.015078432155254177	1	NaN	NaN	NaN	NaN	NaN	NaN	NaN	NaN	NaN	NaN	7.19363504336548e-11	3.6374331374118523e-12	3.381450587506801e-13	NaN	18.042007441560536	458.36802225611945	469.24377818658314	0.1	1	912.2869778317346	23.17719794281249	23.72712624439289	0.1	1	0.08480852350069293	2.0732076764058536	2.12239893667478	-0.4	0	NaN	NaN	NaN	NaN	9	303.3634428982205	294.8854465467665	97337.80832378472	1.1398898226766776	1018.4288325279762	0.025187310509751263	0.01090088510762114	0.016581886101884293	2256.6228036928273	2593.8093798259465	0.014546920037365435	87.00033322588472	337.18657613311916	292.5896291161434	0.12711873452106723	-0.07473429175050361	0.15038740006420973	0.21061993525721817	5.136570533592484e-14	3.98715889385714e-15	0.21061993525721817	2.1322237809709175	191.4516682696368	329.5483317303632	45.56315728997028	NaN	0.14677344918594737	0.1416322254423699	-27.277709902458337	-0.07343358394685015	1.3394203636090303	0.058349755744777694	1	0.49290380055409494	1	1	1	2	6	NaN	0.02372947095891887	1.0348319308725038	10.120277808381761	1.0342325636809768	6.71541337649798	1.1053261788985405	2.5628412573883446	1.1053261788985405	0.15219356857997557	1.1053261788985405	0.008728846297338937	1.3376193646120214	NaN	NaN	800000009	800000009	800000009	800000009	800000019	801000019	899999999	899999999	89999	89999	89	89	13	2	0	8	0	0	0	NaN	0	18000	0	0	0	0	0	0	0	NaN	NaN	NaN	NaN	0	0	0	0	0	0	0	0	18000	0	0	0	18000	18000	18000	18000	100	NaN	0.0386917967155825	0.19981403151236965	0.044758622656787636	0.03786862253808809	25.85122013194171	0.064646587276018	0.00000379313860913982	NaN	0.008717638826596381	0.06608311071599327	0.003924325946345044	0.000008728846297338937	NaN	18.043304252613932	912.350579036752	98.2028061934577	98.74069128714669	97.66492333475749	1.0757648362451124	0.00028247697080789505	61.229692429037456	002
DATA	2026-08-22T063000_AIU-1657.ghg	2026-08-22	07:00:00	234.291	1	18000	18000	0.014419037027101773	0	NaN	14.57263040314779	0	NaN	25.07769401210539	0	NaN	9.545012366698764	0	NaN	0.5685134196956149	0	NaN	0.11021494122256038	0	NaN	NaN	NaN	NaN	NaN	NaN	NaN	NaN	NaN	NaN	-4.5223103473999734e-11	-2.252920235640585e-12	-2.1647095470737297e-13	NaN	17.751795805656336	450.64430200776286	460.9936814523558	-0.1	0	884.3572624889918	22.450154657190343	22.965739050695127	0.1	1	0.08497311972474621	2.0794347730197154	2.1271905293898277	0.3	0	NaN	NaN	NaN	NaN	9	303.267601331075	295.1936501848298	97372.01527726647	1.139415788706562	1018.0182951219334	0.02520477778598127	0.03683966959627584	0.01605059950495221	2186.603178123248	2643.0531978700596	0.014086692201424096	82.73019929698548	456.45001974681145	292.08379707168694	0.14445894814186605	-0.6002354936697959	-0.019639261443656658	0.6176866002669349	1.9682046981414934e-14	-2.5475227390566363e-15	0.6176866002669349	1.951207984126899	237.46795027066787	283.53204972933213	-1.8220185885946687	NaN	0.11249339194119704	0.10761042321210398	-8.379978019858086	-0.23903403985705468	0.5810992986880434	0.11167941292447493	1	6.136854007449657	3	5	9	13	22	56	0.014180763467067594	1.0168025903956108	15.836997735318054	1.022812692232915	22.941088000142052	1.093134467377925	8.731782458194875	1.093134467377925	0.520076382788747	1.093134467377925	0.08147051395254427	1.3114870590814887	NaN	NaN	800000009	800000009	800000009	800000019	800000019	800000019	899999999	899999999	89999	89999	89	89	41	4	0	15	0	0	6	NaN	0	18000	0	0	0	0	0	0	0	NaN	NaN	NaN	NaN	0	4	0	0	0	0	0	0	18000	0	0	0	18000	18000	18000	18000	100	NaN	0.13654210825522684	0.04110736578805561	0.037571372380925526	0.033174937557984036	73.36997363310576	0.061413596710936984	0.0000034342813022146416	NaN	0.013653218438882633	0.22513838385824317	0.013409536582534768	0.00008147051395254428	NaN	17.75305613181783	884.4206337811411	98.2739053993225	98.81428858269585	97.73352551311916	1.0807681417862571	0.00028288250322576556	60.95729805227915	231
DATA	2026-08-22T070000_AIU-1657.ghg	2026-08-22	07:30:00	234.312	1	18000	18000	0.036685174263787174	1	NaN	26.412867913850892	1	NaN	44.99763084595541	1	NaN	-2.1735921644605267	2	NaN	1.020026568226884	1	NaN	0.16181563222310585	1	NaN	NaN	NaN	NaN	NaN	NaN	NaN	NaN	NaN	NaN	-5.975871357095365e-11	-2.980806055710298e-12	-2.8260349997908767e-13	NaN	18.04517596162989	458.0519876710588	468.7622442961311	0.1	1	900.1058852935058	22.84795065173023	23.382185676189398	0.1	1	0.0853370091114852	2.087940545430421	2.1367611589445192	0	1	NaN	NaN	NaN	NaN	9	303.40172010548906	295.119240492226	97406.01679611481	1.1399280891437662	1018.244695168315	0.02518962838392375	0.06609772162110208	0.016344825398904816	2226.124839229858	2631.090039923692	0.014338470605792247	84.60846285953866	404.96520069383405	292.3710231802221	0.14120899044532834	-0.2507498577907896	0.0846453608742821	0.2999671770082063	-8.852293841721739e-14	-3.3116171157333548e-15	0.2999671770082063	1.4739247114220646	221.61410085268562	299.3858991473143	16.39048111356413	NaN	0.1793934431792326	0.12049530802069117	-18.75611447765503	-0.10679717285722369	0.5869835237386726	0.12684676111354967	1	0.6883602714389515	1	1	1	2	4	23	0.035722641805313766	1.026944604593332	28.51094922498947	1.0290332622972496	40.93849284232353	1.0991521114190952	-1.9775171624373642	1.0991521114190952	0.9280121992486977	1.0991521114190952	0.11650687915370218	1.3260461096706477	NaN	NaN	800000009	800000009	800000009	800000019	800000019	800001019	899999999	899999999	89999	89999	89	89	11	9	0	21	31	0	1	NaN	0	18000	0	0	0	0	0	0	0	NaN	NaN	NaN	NaN	0	15	0	0	0	0	0	0	18000	0	0	0	18000	18000	18000	18000	100	NaN	0.10936407537858714	0.09731401625014596	0.034312524412649245	0.04918489348624631	12.682961795229337	0.057544582763743225	0.000004953299369064204	NaN	0.02456303715584392	-0.050977977181387996	0.023923021056889683	0.00011650687915370219	NaN	18.046612511145273	900.1683966810822	98.22944011391533	98.76540303505791	97.69347068574693	1.0719274101720906	0.000282505560179642	60.88592330378956	190
DATA	2026-08-22T073000_AIU-1657.ghg	2026-08-22	08:00:00	234.333	1	18000	18000	0.017621421253763234	1	NaN	13.483407805595784	0	NaN	23.029053712444064	0	NaN	6.515678806282147	1	NaN	0.5220245536024057	0	NaN	0.12510870104837954	0	NaN	NaN	NaN	NaN	NaN	NaN	NaN	NaN	NaN	NaN	1.3007292050449782e-10	6.483781636219615e-12	6.229279009066252e-13	NaN	17.91680515044209	454.9484714767829	465.50517219625317	0.1	1	893.1040508938554	22.677945058405502	23.204167903241224	0.1	1	0.08580477612119095	2.0990793835181805	2.147786773975568	0.9	0	NaN	NaN	NaN	NaN	9	303.2746178275214	295.1025976101972	97404.95440248569	1.1400538651332472	1018.1470268249627	0.025188482573413832	0.03382719107343589	0.016223945835691665	2209.5367302552854	2628.4207793074766	0.014230859025064962	84.06328041727944	418.88404905219113	292.2510168640379	0.012865233629167987	-0.5905962685803168	0.13193508689850494	0.605290288912889	2.988170810273226e-14	7.259827821551563e-15	0.605290288912889	2.1857441861217666	249.7520967052276	271.24790329477236	12.589825626353708	NaN	0.12432480338157464	0.17870662588053848	-12.229129125195866	-0.16379743639086952	0.5854955211776609	0.09343423200075791	1	5.280192170619088	2	4	8	12	20	53	0.01732686262476953	1.0170001133715125	14.642697184010341	1.0229172743094181	21.066087917823744	1.0931813159746417	5.960291043277664	1.0931813159746417	0.47752787755706116	1.0931813159746417	0.09346317229977628	1.311766409938982	NaN	NaN	800000009	800000009	800000009	800000019	800000019	800000019	899999999	899999999	89999	89999	89	89	9	0	0	11	2	0	4	NaN	0	18000	0	0	0	0	0	0	0	NaN	NaN	NaN	NaN	0	2	0	0	0	0	0	0	18000	0	0	0	18000	18000	18000	18000	100	NaN	0.2752627794220142	0.05022962554540569	0.03192084679365704	0.03469102902391338	52.46710880428973	0.04223719191073982	0.0000052146754105391625	NaN	0.01261494067316168	0.1536153008898943	0.012307383659892738	0.00009346317229977629	NaN	17.918120622489194	893.1685964331186	98.25443079291449	98.803039030287	97.7058233341641	1.097210573282506	0.00028240169041964696	61.825943053514244	048
DATA	2026-08-22T080000_AIU-1657.ghg	2026-08-22	08:30:00	234.354	1	18000	18000	0.041514844590733756	1	NaN	19.839537331226513	1	NaN	26.996244479890855	0	NaN	-0.5034996915149559	2	NaN	0.6120188174212666	0	NaN	0.108199508501952	1	NaN	NaN	NaN	NaN	NaN	NaN	NaN	NaN	NaN	NaN	2.6336698277321423e-10	1.3373029529586188e-11	1.2887182247829574e-12	NaN	17.492465907517193	444.41688572553187	454.6772372312923	0.1	1	888.2178800975302	22.566230867944327	23.087222460078035	0.1	1	0.08559485845203177	2.094870448792622	2.1432351888689407	0.8	0	NaN	NaN	NaN	NaN	9	303.5093934546577	295.21339255438915	97420.28430078125	1.139853920209274	1018.0852433792128	0.025193974369026848	0.03965881936889808	0.016140505711859793	2198.99832659426	2646.2352294193774	0.014160152828089096	83.09912520803195	447.23690282511734	292.17436608208425	0.04292297052624983	-0.6751454974740544	0.23892780326029062	0.7174610228640763	-2.5591214163136177e-14	1.5056023785647923e-14	0.7174610228640763	2.24042914755266	247.36226611733196	273.63773388266804	19.452089730873695	NaN	0.19084338437858447	0.18956808101948175	-30.065095941640795	-0.06662543182593553	0.7348998986138506	0.0895820693580081	1	3.526014750919193	2	3	5	9	16	45	0.04088217430892455	1.0154754558069357	21.15222385044878	1.022160732900109	24.698495220137183	1.093031953537002	-0.4606449883607278	1.093031953537002	0.5599276539361921	1.093031953537002	0.07845643667666319	1.309600401880256	NaN	NaN	800000009	800000009	800000009	800000009	800000019	800000019	899999999	899999999	89999	89999	89	89	17	1	0	8	0	0	3	NaN	0	18000	0	0	0	0	0	0	0	NaN	NaN	NaN	NaN	0	0	0	0	0	0	0	0	18000	0	0	0	18000	18000	18000	18000	100	NaN	0.2708458739005401	0.0668413571395811	0.04144893099884228	0.047689661986251325	19.396201297267325	0.03772399675510429	0.000004747771301556195	NaN	0.018227314792765233	-0.01187348981438557	0.014432579239520463	0.0000784564366766632	NaN	17.493694157168314	888.2774348975059	98.26559606255425	98.81741178554958	97.71378211042617	1.1036304691566377	0.00028211906102013827	61.757600553565545	188
DATA	2026-08-22T083000_AIU-1657.ghg	2026-08-22	09:00:00	234.374	1	18000	18000	0.03806929019413573	1	NaN	11.715497517898134	0	NaN	33.46544376414677	1	NaN	7.921871515813714	1	NaN	0.7588151024437749	1	NaN	0.009305387201867943	0	NaN	NaN	NaN	NaN	NaN	NaN	NaN	NaN	NaN	NaN	1.1258955353238289e-10	5.77907408074859e-12	5.539364782012591e-13	NaN	17.26815831901495	439.36495809232935	449.50214250726754	0.1	1	886.3519130571897	22.552026912250533	23.072355289672227	0.1	1	0.08495870624005723	2.0810326465007334	2.129046971090205	0.8	0	NaN	NaN	NaN	NaN	9	303.64428222232397	295.3987690800395	97417.58460452664	1.1391132117193907	1018.0806662477462	0.025210493322140214	0.04917121863835661	0.016119777059850078	2197.553302061197	2676.277491940159	0.014151163285621715	82.11231117398395	478.7241898789621	292.1638306422144	0.45706016657934256	0.43112496402709694	0.22012230355033696	0.665752625981466	-2.5139395320594317e-14	6.520067250507203e-15	0.665752625981466	2.032426981573312	117.67257418609688	43.32742581390311	19.30742990333553	NaN	0.18281168231384334	0.11465353725337632	-44.75130572344036	-0.0447607051373876	0.35007745901907156	0.05525959683742731	1	3.331496341016222	2	3	5	9	16	47	0.037465728997235215	1.0161096877881397	13.528099816506293	1.0224599761610038	30.61719466974393	1.0930277618549256	7.247639805936751	1.0930277618549256	0.6942322317193718	1.0930277618549256	0.002502273482983827	1.3104995614889972	NaN	NaN	800000009	800000009	800000009	800000019	800000019	800001019	899999999	899999999	89999	89999	89	89	3	4	0	10	2	0	8	NaN	0	18000	0	0	0	0	0	0	0	NaN	NaN	NaN	NaN	0	1	0	0	0	0	0	0	18000	0	0	0	18000	18000	18000	18000	100	NaN	0.13513508451389478	0.05343117426755292	0.04074081572530493	0.0326922084102917	35.5065617739607	0.11290694083745352	6.525204251270221e-8	NaN	0.011665079957418178	0.18693343357805972	0.01790585876930014	0.000002502273482983827	NaN	17.269419980066292	886.4148716439381	98.27404444207086	98.84594401635064	97.70214894104004	1.1437966073883874	0.00028300791570573985	61.785462950724096	143
DATA	2026-08-22T090000_AIU-1657.ghg	2026-08-22	09:30:00	234.395	1	18000	18000	0.05552731522138522	1	NaN	2.25744380001142	2	NaN	20.037785934454863	0	NaN	-1.7131602235922772	2	NaN	0.4545384381088322	0	NaN	0.05473670743752272	0	NaN	NaN	NaN	NaN	NaN	NaN	NaN	NaN	NaN	NaN	-3.93801434042635e-11	-2.0410843387260934e-12	-1.9854393275404854e-13	NaN	16.93864024473993	431.6142933211909	441.4907481635806	0.1	1	877.9346730136873	22.37069493182281	22.88259447200464	0.1	1	0.08540000007548378	2.09575448575122	2.1437107857615496	0	1	NaN	NaN	NaN	NaN	9	303.7218875003391	295.83025927034424	97418.62205870097	1.137542507953678	1017.9854470350022	0.02524704952295071	0.029454090789452325	0.01596701148037084	2179.9068548839236	2747.3618876557393	0.01403640863416511	79.34545735232528	567.4550327718157	292.03468086766344	0.24158899455033658	0.0909654429092787	0.13976826322864114	0.2935559938026774	-2.01621074883651e-14	-2.324870404901154e-15	0.2935559938026774	1.710447873705111	140.36715134801688	20.63284865198311	28.432383301467425	NaN	0.22093754328778517	0.11013899112738344	-409.95759952589356	-0.004886115057548728	0.11265934307291695	0.008823445809003063	0	14.827542658982752	-2.250136803526323	5.089815576234794	12.6743604511058	19.329199392028553	27.109476982802242	40.614936513729404	0.054048420661044407	1.0273624010147393	3.392167765407329	1.0293052466351567	18.225020468786184	1.099465757460925	-1.5581751518561167	1.099465757460925	0.41341754849967344	1.099465757460925	0.04080044402722281	1.3266527965131558	NaN	NaN	800000009	800000009	800000009	800000019	800000019	800001019	899999999	899999999	89999	89999	89	89	16	5	0	12	1	0	0	NaN	0	18000	0	0	0	0	0	0	0	NaN	NaN	NaN	NaN	0	2	0	0	0	0	0	0	18000	0	0	0	18000	18000	18000	18000	100	NaN	0.06758448238221272	0.0708427519625333	0.08185074791002087	0.03926654042119665	1.1434986425808993	0.06895595782329253	0.0000018975156139120828	NaN	0.0029293287836034644	-0.040239758042441114	0.010676477610562096	0.000040800444027222816	NaN	16.93986183296634	877.992613176046	98.28341722657946	98.88013513098822	97.68669383027819	1.1934398420784225	0.0002829004351790193	61.65161713796192	159
DATA	2026-08-22T093000_AIU-1657.ghg	2026-08-22	10:00:00	234.416	1	18000	18000	0.0820306240862479	1	NaN	24.176061724240306	0	NaN	61.26245017842353	0	NaN	0.7158525715574444	2	NaN	1.3898496773921967	0	NaN	0.04490341210845777	0	NaN	NaN	NaN	NaN	NaN	NaN	NaN	NaN	NaN	NaN	1.5353705764405882e-10	8.00515725192292e-12	7.706435270689049e-13	NaN	16.915535503659985	431.4047041301345	441.33143839276335	0.1	1	881.946832804394	22.49269686922805	23.010259664749483	0.1	1	0.08490359358729213	2.084857304618315	2.1328304125615323	0	1	NaN	NaN	NaN	NaN	9	303.8643030878703	295.9552370548222	97415.52635291647	1.1369731053428893	1018.0576365600162	0.025258518154073765	0.09006225909501434	0.016046800610224437	2191.7256541602574	2768.256536099042	0.014113614943763361	79.17350236798437	576.5308819387847	292.1212804714298	0.3827176767305957	0.3047743401041296	0.1874886760181803	0.5239391396937513	-1.5972633455586238e-14	9.076689154229748e-15	0.5239391396937513	2.6014696222796827	122.4682010303182	38.5317989696818	20.9678708320993	NaN	0.26860426975022234	0.17713173105088376	-68.78618813341485	-0.029120671669069228	0.39463099588457284	0.0777588960328988	0	15.263738459864943	-2.3163311991643654	5.239547479401728	13.047214061092916	19.897824672908094	27.90698202433028	41.80974439038406	0.08053779230148897	1.0185357922299458	27.42477840685605	1.023773563085884	56.012340601043476	1.0937313013711527	0.654504969054116	1.0937313013711527	1.2707414294990151	1.0937313013711527	0.02566791751718736	1.3139559130528327	NaN	NaN	800000009	800000009	800000009	800000019	800000019	800001019	899999999	899999999	89999	89999	89	89	11	1	1	6	17	0	1	NaN	0	18000	0	0	0	0	0	0	0	NaN	NaN	NaN	NaN	0	3	0	0	0	0	0	0	18000	0	0	0	18000	18000	18000	18000	100	NaN	0.12830616034857892	0.1134372040507246	0.11252009770246402	0.057314943314200895	1.6847480711747405	0.06761449780579648	2.2562990781822535e-7	NaN	0.023693028097243597	0.01691233163084159	0.032835809487888105	0.000025667917517187362	NaN	16.916753505465593	882.0058034026526	98.26462713368734	98.87650977283053	97.65274348195393	1.2237637646694968	0.0002835658237179611	61.42439213996462	192
DATA	2026-08-22T100000_AIU-1657.ghg	2026-08-22	10:30:00	234.437	1	18000	18000	0.06560625129855961	0	NaN	19.993811594574634	0	NaN	34.87069708838521	0	NaN	0.5258050565568496	2	NaN	0.7910152078580714	0	NaN	0.018521870025683496	2	NaN	NaN	NaN	NaN	NaN	NaN	NaN	NaN	NaN	NaN	-9.671562368231451e-11	-5.0402843284040006e-12	-4.882916098246096e-13	NaN	16.91794593917754	431.398173030115	441.31996871818535	0.1	1	881.6699364532498	22.482090980129954	22.99916019203384	0.1	1	0.08541423549830564	2.0962865383536173	2.1444993682576166	1	0	NaN	NaN	NaN	NaN	9	303.9816476025052	295.83815332377213	97411.67886826202	1.1373827619327022	1018.0492407510098	0.025249522801677225	0.051257785469203024	0.016044948238642463	2190.6056760495717	2748.677581889097	0.01410690294916904	79.69671272045024	558.0719058395252	292.11309166699743	0.6749323651845621	0.5019441253640642	0.2312383389654146	0.8723260697517735	2.5761558215528672e-14	-5.716747413073736e-15	0.8723260697517735	3.411035469269965	124.36198644479435	36.63801355520564	15.371852536454709	NaN	0.24017029452395697	0.36384404386657	-59.45607933244452	-0.03369041521893507	0.5733700001435936	0.07189536261909098	0	13.862285182483893	-2.1036552574804435	4.758473920239988	11.849272878158589	18.07088878338635	25.344678462679905	37.97094674219072	0.0646956989336994	1.0140743879402763	21.784323190566823	1.0216332783084476	31.886145791524424	1.0936002524850181	0.48080187926259915	1.0936002524850181	0.7233129345577836	1.0936002524850181	0.007502385169309812	1.307631069904535	NaN	NaN	800000009	800000009	800000009	800000019	800000019	800001019	899999999	899999999	89999	89999	89	89	13	2	1	2	4	0	1	NaN	0	18000	0	0	0	0	0	0	0	NaN	NaN	NaN	NaN	0	5	0	0	0	0	0	0	4	0	0	0	18000	18000	18000	18000	100	NaN	0.3791423926905692	0.23409773004642562	0.1144479649961452	0.03782442654580685	2.4313473280206312	0.04137232668517361	6.056509854480797e-7	NaN	0.018813458742354565	0.012419304850742236	0.0186834624077079	0.000007502385169309812	NaN	16.919166951540348	881.7321812542642	98.26412921905518	98.86982744767931	97.65843014823066	1.2113984052406415	0.0002832492948558259	61.260936337011856	092
DATA	2026-08-22T103000_AIU-1657.ghg	2026-08-22	11:00:00	234.458	1	18000	18000	0.21254823857831898	1	NaN	68.48602823796135	0	NaN	110.60507521633586	0	NaN	-2.7281359410354002	0	NaN	2.5095268574733605	0	NaN	0.14311851453646002	0	NaN	NaN	NaN	NaN	NaN	NaN	NaN	NaN	NaN	NaN	-4.0112480812132495e-10	-2.096174461022882e-11	-2.0507247076924233e-12	NaN	16.770016782125005	428.42153126280766	438.23277458878874	0.1	1	876.3576866326143	22.38820073461497	22.90091092541878	0.1	1	0.0857356290791131	2.1061804446016934	2.1544138953563756	0.1	0	NaN	NaN	NaN	NaN	9	303.7780519036187	296.0581922893014	97410.06164339859	1.136559253004272	1017.999970457989	0.025268722441672546	0.16261734036427375	0.015965800609089333	2181.4209998182387	2785.573438872735	0.014047486364557644	78.31137996135601	604.1524390544964	292.0457983830115	0.10625872077728894	0.23252825592713813	0.21261376801758086	0.3325130371826096	8.530042774678595e-14	-2.3919165575843665e-14	0.3325130371826096	2.7439367038342777	95.55903658726623	65.44096341273375	39.74819887057725	NaN	0.43244682622119335	0.35757883634501764	-101.32568213352424	-0.019768926868514627	0.6191942648563588	0.13687666624955494	0	15.580050008435547	-2.364332696997719	5.348126998198949	13.317592415324293	20.31016872296001	28.485300417511528	42.67617072677849	0.20735266341715053	1.025056708100807	73.65754797722455	1.0278114982514903	100.75478245004284	1.0977650144912683	-2.485172969644771	1.0977650144912683	2.286032825191043	1.0977650144912683	0.08768425375679184	1.3233123653247094	NaN	NaN	800000009	800000009	800000009	800000019	800000019	800000019	899999999	899999999	89999	89999	89	89	9	3	0	0	24	0	5	NaN	0	18000	0	0	0	0	0	0	0	NaN	NaN	NaN	NaN	0	1	0	0	0	0	0	0	0	0	0	0	18000	18000	18000	18000	100	NaN	0.21626053464419767	0.22182052109420267	0.27707661695163494	0.07019374634952757	0.8296363320787105	0.0714036094994394	9.599783590414196e-7	NaN	0.06366157953699225	-0.06423565243109608	0.059088366000551805	0.00008768425375679185	NaN	16.77126249532394	876.4188941961079	98.25623482216729	98.88187173249986	97.63059854994881	1.2512730167508106	0.00028382921184755906	61.36431556965686	238
DATA	2026-08-22T110000_AIU-1657.ghg	2026-08-22	11:30:00	234.479	1	18000	18000	0.10000194690594558	1	NaN	17.95008291895799	1	NaN	74.94556948981051	1	NaN	1.3853149202981878	1	NaN	1.7010487338018903	1	NaN	0.04938024597569464	1	NaN	NaN	NaN	NaN	NaN	NaN	NaN	NaN	NaN	NaN	4.1932850152068514e-10	2.2337219978355583e-11	2.176772774426006e-12	NaN	16.60461981321928	424.76137373649055	434.59478646590003	0.1	1	884.5118900331759	22.626623778380264	23.150440076290426	0.1	1	0.08619610689002351	2.121203518033202	2.1703103129670467	0.2	0	NaN	NaN	NaN	NaN	9	303.9898605804443	296.42407168729363	97408.78900670883	1.1350383430388122	1018.1435458085447	0.025300280982226604	0.11022795795036248	0.01611570115600138	2204.6232298206114	2847.881716018071	0.014198375988651786	77.41273864783723	643.2584861974597	292.21531862902776	-0.06320145770663711	-0.03849937981885726	0.22774704293296807	0.2394688749449292	2.45325253904283e-15	2.525372494146774e-14	0.2394688749449292	2.2874294750445454	309.6521763451416	211.34782365485833	71.99892299888141	NaN	0.29682396437354147	0.18683467905660445	-125.0177000663328	-0.01602253120107937	0.23950825967635694	0.05232966476442117	0	17.89253466231915	-2.715261164847449	6.141928147980849	15.294269516517149	23.32472602311003	32.71325989396343	49.01042445759187	0.09692940595094589	1.031698749464684	21.93712281484242	1.0321538005820803	67.95801402724393	1.1028216548494976	1.2561549859004557	1.1028216548494976	1.54245133501122	1.1028216548494976	0.02944126504692968	1.3329893163520505	NaN	NaN	800000009	800000009	800000009	800000019	800000019	800000019	899999999	899999999	89999	89999	89	89	13	0	0	11	2	0	3	NaN	0	18000	0	0	0	0	0	0	0	NaN	NaN	NaN	NaN	0	6	0	0	0	0	0	0	0	0	0	0	18000	18000	18000	18000	100	NaN	0.057957544552516435	0.22335374954090922	0.09235806401978325	0.04476876161462814	3.120585490849605	0.0753512555275262	0.000003441667666847062	NaN	0.01898279340933425	0.03251702187819953	0.03992813336697015	0.00002944126504692968	NaN	16.605911719295023	884.5705579020886	98.22130326461792	98.86610611767239	97.57649616029528	1.2896107781098918	0.0002844729708643475	61.26317680163914	193
DATA	2026-08-22T113000_AIU-1657.ghg	2026-08-22	12:00:00	234.499	1	18000	18000	0.30171734959758645	0	NaN	12.636023770849462	2	NaN	151.49169414506957	1	NaN	25.79216578071935	1	NaN	3.44211325091704	1	NaN	0.25021039865071115	1	NaN	NaN	NaN	NaN	NaN	NaN	NaN	NaN	NaN	NaN	4.674019508958635e-10	2.5331080979678762e-11	2.448610465333821e-12	NaN	16.120466478476914	414.57247388978465	424.1011623601076	0.1	0	873.6566910211188	22.467961222497397	22.984373228928366	0.1	1	0.08445138675524287	2.0885624071493307	2.13656670502716	0.4	0	NaN	NaN	NaN	NaN	9	304.42541183386913	297.5293376504451	97372.88731231596	1.130473507358803	1018.0758912606774	0.025403980322486815	0.22304893865942418	0.015937371349955414	2188.3571024675125	3043.557202171515	0.014097960939563198	71.90129697270565	855.2000997040027	292.09663996313645	0.952135453534325	0.708594414623302	0.3158397516563691	1.2281786169115638	5.4348339542756415e-14	2.899431921029772e-14	1.2281786169115638	4.873433034566012	124.3427880175559	36.65721198244413	14.901677698371817	NaN	0.5166184920999953	0.8211640652877151	-936.1029203323658	-0.002139828812080614	0.08341067041437343	0.021252006715502973	0	16.326177393128983	-2.4775604062028216	5.60424838471658	13.955370881624404	21.282821125470896	29.849459241855307	44.71992922792974	0.29800269413863467	1.012465174080687	21.460500343203766	1.0216628077861236	138.10934037151148	1.096896804644493	23.513757786065078	1.096896804644493	3.138046565859619	1.096896804644493	0.18542246141973812	1.305525752018387	NaN	NaN	800000009	800000009	800000009	800000019	800000019	800000019	899999999	899999999	89999	89999	89	89	17	0	0	2	2	0	0	NaN	0	18000	0	0	0	0	0	0	0	NaN	NaN	NaN	NaN	0	1	0	0	0	0	0	0	0	0	0	0	18000	18000	18000	18000	100	NaN	0.8383808512454196	0.4521559073527171	0.35179137197729354	0.16404611985389103	8.880195914581558	0.10653477013004113	0.0000012592954372141115	NaN	0.0186465848124932	0.6110763629625425	0.08155166433708051	0.0001854224614197381	NaN	16.121712997277598	873.7199572814255	98.13681004036798	98.82955606333414	97.44406096098159	1.3854955516854908	0.0002863103529186143	60.076950430181185	096
DATA	2026-08-22T120000_AIU-1657.ghg	2026-08-22	12:30:00	234.52	1	18000	18000	0.40809522934775533	1	NaN	52.54465624493314	0	NaN	128.0734691242778	0	NaN	-0.4571908174987601	1	NaN	2.912020502603663	0	NaN	0.1098136656075603	0	NaN	NaN	NaN	NaN	NaN	NaN	NaN	NaN	NaN	NaN	1.7369221366662222e-10	9.467044169572234e-12	9.090273630280075e-13	NaN	15.890394435016017	409.93283330684596	419.30139817083614	0.1	1	866.1013802090197	22.343271224135314	22.853902158594646	0.1	1	0.08316321754331661	2.063253697061719	2.110407095182726	0	0	NaN	NaN	NaN	NaN	9	304.95398484039305	298.2384006961841	97323.7379583889	1.127270149976253	1018.0201476819697	0.02547738214132524	0.18869892856871737	0.015803262365185308	2175.113968584891	3175.177317304046	0.014019055117815564	68.50370077699218	1000.0633487191549	291.9994447055889	0.7008717836735066	0.5745126192872873	0.2768275187859133	0.9475861343578008	7.667752682588364e-14	1.093064205403704e-14	0.9475861343578008	6.413032403627164	121.6581347153624	39.341865284637635	16.986099601588993	NaN	0.6016816344300558	0.9768241229114609	-355.4972272479504	-0.005634643103989354	0.4102696413567569	0.076098731840358	0	17.45161558838704	-2.648349994301577	5.990574898020775	14.917378523767393	22.74994347877392	31.907119202889465	47.80267880429603	0.40262406718089955	1.0135887608636112	59.456222001352735	1.0215246041040371	117.0574903839326	1.0941074228074965	-0.41786647998932447	1.0941074228074965	2.6615489867817304	1.0941074228074965	0.0660814996879411	1.306962959316323	NaN	NaN	800000009	800000009	800000009	800000019	800000019	810000019	899999999	899999999	89999	89999	89	89	14	7	2	3	8	0	2	NaN	0	18000	0	0	0	0	0	0	0	NaN	NaN	NaN	NaN	0	9	0	0	0	0	0	0	0	0	0	0	18000	18000	18000	18000	100	NaN	0.8467687574159034	0.7029542574179306	0.40392523098908795	0.19615308276048704	0.29123545243900645	0.08961466905984952	3.3915593432412456e-7	NaN	0.05180992090519647	-0.010889516684153314	0.0693594329413344	0.0000660814996879411	NaN	15.891567735143742	866.1589635330488	98.09029838858712	98.80820275115966	97.37239468468559	1.435806658840839	0.000286713827825022	60.2972824931252	007
DATA	2026-08-22T123000_AIU-1657.ghg	2026-08-22	13:00:00	234.541	1	18000	18000	0.4046483041089508	1	NaN	-11.894812116649463	0	NaN	108.7144840801633	0	NaN	1.058578567954354	0	NaN	2.4738526659671143	0	NaN	0.25240660001328197	0	NaN	NaN	NaN	NaN	NaN	NaN	NaN	NaN	NaN	NaN	3.919809380830892e-10	2.1110708748408636e-11	2.0616324813632575e-12	NaN	15.840643943870736	409.9330177812455	419.18765175365087	0.2	0	853.1211296183313	22.077544349622652	22.575966245646494	0.5	0	0.08331421992125437	2.0746180259396207	2.1214545324658434	0.2	0	NaN	NaN	NaN	NaN	9	305.3029583392674	299.07076839701347	97273.67697547743	1.1236683835490395	1017.8876812722987	0.025561636464915445	0.160305652754669	0.015563845317287805	2148.139978764001	3335.9969264798833	0.013850923942640736	64.39274454100595	1187.8569477158821	291.79985920988645	0.5554050615741364	-0.11876740029019064	0.16405344704598565	0.5911801851225987	-1.626042117002729e-14	2.4745265373808205e-14	0.5911801851225987	5.111441023292755	173.0702972188178	347.92970278118224	16.111148802370302	NaN	0.6000946868598741	1.0113102376967638	1557.3786453733092	0.0012861997343747125	-0.10941331522926173	-0.017330048779148323	0	17.762349502773937	-2.695505064628903	6.097239795494713	15.182989200188997	23.155016519343537	32.47523990188771	48.65382713654114	0.3997053645741253	1.0123664578284859	-5.264614223365564	1.0205306088352681	98.90991492871856	1.0991262519891014	0.9631091660658929	1.0991262519891014	2.2507447724864678	1.0991262519891014	0.1854755782790733	1.3773431250868036	NaN	NaN	800000009	800000009	800000009	800000009	800000019	810000019	899999999	899999999	89999	89999	89	89	18	4	0	19	20	0	0	NaN	0	18000	0	0	0	0	0	0	0	NaN	NaN	NaN	NaN	0	0	0	0	0	0	0	0	0	0	0	0	18000	18000	18000	18000	100	NaN	0.5426543513023799	1.0955114887517894	0.38445463533935836	0.3305208924747633	0.18323161573101074	0.09567241531540965	0.000001397636996917939	NaN	-0.004602868132092853	0.025174588560036227	0.058831932658735146	0.0001854755782790733	NaN	15.841826713232864	853.1784539448696	98.03925428305733	98.7813935347663	97.29711576037937	1.4842784399721327	0.00028789156969449104	60.08123895306056	070
DATA	2026-08-22T130000_AIU-1657.ghg	2026-08-22	13:30:00	234.562	1	18000	18000	0.2680924715407136	0	NaN	36.27549908114925	0	NaN	182.07231933657994	0	NaN	0.08748516779942762	2	NaN	4.146051196954459	0	NaN	0.08896511452847088	1	NaN	NaN	NaN	NaN	NaN	NaN	NaN	NaN	NaN	NaN	2.9899320387130117e-10	1.631793749836394e-11	1.568599251582442e-12	NaN	15.750562707804715	409.33235065212483	418.6857218174108	0.1	1	859.6071566250371	22.33983792111501	22.850310146228974	0.5	0	0.08263171388370219	2.0646245735822735	2.1118018854241543	-0.1	0	NaN	NaN	NaN	NaN	9	305.96011381700305	299.79153776041665	97224.63647460938	1.1202896273420204	1018.053506923759	0.025636165228460607	0.2686641175626489	0.015702968156448276	2172.565232127799	3480.944883722104	0.014016882575004165	62.413089109435106	1308.379651594305	291.9806792652287	0.398781491272262	1.2004054204641654	0.3621233509752395	1.3157253408605079	-4.171177173620769e-14	1.8983017268528708e-14	1.3157253408605079	6.016518612496553	89.37678003429511	71.62321996570488	15.975551962557036	NaN	0.489189528222939	0.8638158282084223	-276.55496148570586	-0.007243044887855078	0.199236760498943	0.06501825736340201	0	15.500963456373842	-2.352331007604485	5.320979144113329	13.249990420123966	20.207071414849917	28.340704976980653	42.45954040812417	0.2648434304676673	1.0122677805045384	46.643272714563345	1.0218314526368826	165.82465229001568	1.0979810107977686	0.07967821568777665	1.0979810107977686	3.7760682162818373	1.0979810107977686	0.05096782291121226	1.3053234365200068	NaN	NaN	800000009	800000009	800000009	800000009	800000019	800000019	899999999	899999999	89999	89999	89	89	9	8	1	6	10	0	6	NaN	0	18000	0	0	0	0	0	0	0	NaN	NaN	NaN	NaN	0	0	0	0	0	0	0	0	0	0	0	0	18000	18000	18000	18000	100	NaN	0.7361068865531277	0.6324258167869448	0.35909895307677203	0.20325895949213987	0.13223003727174587	0.1569919894396699	4.174591860588233e-7	NaN	0.040896684000574515	0.002089331755424301	0.09901651495110418	0.00005096782291121226	NaN	15.751697266843582	859.6614828955037	97.93990839428372	98.7218990105523	97.15792089165583	1.5639761831859775	0.0002891252303945495	58.33046142699981	122
DATA	2026-08-22T133000_AIU-1657.ghg	2026-08-22	14:00:00	234.583	1	18000	18000	0.48906856850865776	0	NaN	40.304121905843246	0	NaN	187.3277109348906	0	NaN	-1.1801845408931242	1	NaN	4.269083099214064	0	NaN	0.15768205015155298	1	NaN	NaN	NaN	NaN	NaN	NaN	NaN	NaN	NaN	NaN	-1.0456997884076003e-10	-5.679902432611729e-12	-5.513843399657158e-13	NaN	15.694985699225365	409.0649730735951	418.36056149949695	0.1	1	852.5007697341953	22.219083922691908	22.723990167277062	0.5	0	0.08275768462875045	2.0752987644688803	2.122457833186833	0.1	0	NaN	NaN	NaN	NaN	9	306.8988862677681	300.60059956020785	97178.30750173613	1.1167934132426707	1018.0042588167458	0.025717605595249937	0.27663658482907133	0.015568630511273107	2159.792155868249	3650.157317901286	0.01394047486908858	59.169837564975275	1490.365162033037	291.88634387139155	0.9830661753422814	0.6321647085824986	0.4090541043145438	1.238295838697567	-7.888375579117666e-15	-6.662636133903655e-15	1.238295838697567	6.862219389199859	128.25679059519973	32.74320940480023	19.289190691781865	NaN	0.6617568634377106	1.4155110875491257	-615.971314301872	-0.003251937149492535	0.21515301556133212	0.05357085412129086	0	15.892693869751383	-2.411777609140134	5.455447518647797	13.584835685654179	20.717731572250248	29.05691310864221	43.532550699562265	0.4830595561544542	1.0124394855202539	50.984908892074905	1.0216798292478209	170.7609717746958	1.097017128609769	-1.0758123188001192	1.097017128609769	3.891537322324401	1.097017128609769	0.10350917633414151	1.305497386317544	NaN	NaN	800000009	800000009	800000009	800000009	800000019	800000019	899999999	899999999	89999	89999	89	89	17	5	1	6	14	1	0	NaN	0	18000	0	0	0	0	0	0	0	NaN	NaN	NaN	NaN	0	0	0	0	0	0	0	0	0	0	0	0	18000	18000	18000	18000	100	NaN	1.248979552269692	0.9646524958607572	0.617390126967802	0.30222151000724107	0.4739668890037549	0.26935830099851776	8.626742460674837e-7	NaN	0.04484553493820418	-0.028296201225457472	0.10235588608214123	0.00010350917633414152	NaN	15.696146525409498	852.5431101907932	97.9135996937222	98.71231626298693	97.11488648647733	1.5974286077817315	0.00029005095766074707	58.55238386143574	132
DATA	2026-08-22T140000_AIU-1657.ghg	2026-08-22	14:30:00	234.604	1	18000	18000	0.7129808752468185	0	NaN	45.25926663646263	0	NaN	240.80476251976938	0	NaN	-0.7421838778980099	2	NaN	5.489785184961109	0	NaN	0.2919861497187714	0	NaN	NaN	NaN	NaN	NaN	NaN	NaN	NaN	NaN	NaN	-4.338731681404156e-10	-2.3431946746909215e-11	-2.294023463712002e-12	NaN	15.669998754598659	408.99983049289443	418.23813636737816	0.1	1	846.2809025863946	22.088626242272742	22.58755428663732	0.3	0	0.08285219612325377	2.081115731129614	2.1281230456832785	-0.1	0	NaN	NaN	NaN	NaN	9	307.2854339794583	300.9736121164958	97139.69984548612	1.1150216417778758	1017.9393389735085	0.025759752347565265	0.35573807998547985	0.015451897453637007	2146.2580797964265	3730.55414475131	0.013857935016399611	57.53188391102959	1584.2960649548836	291.7858528344918	1.0792478154660952	0.5306279270204327	0.2488395200226018	1.2281135740832516	-9.228491556805219e-14	-2.7688143115715775e-14	1.2281135740832516	8.814522152250367	134.81828861781565	26.18171138218433	11.690170865800573	NaN	0.7996451212851494	1.5936683306319759	-967.5415895175115	-0.002070298601839839	0.18795004784320646	0.04986605658525075	0	18.484843233976257	-2.80514627573751	6.345248513552778	15.800565974947087	24.096860067602698	33.79618887008255	50.63284939931459	0.7042027473579336	1.0124653417241258	59.104624484873	1.021662700792981	219.53291779363647	1.0968959231258826	-0.6766219677277759	1.0968959231258826	5.004836894020516	1.0968959231258826	0.20480149013107227	1.3055259273377982	NaN	NaN	800000009	800000009	800000009	800000009	800000019	800000019	899999999	899999999	89999	89999	89	89	22	24	4	11	31	1	0	NaN	0	18000	0	0	0	0	0	0	0	NaN	NaN	NaN	NaN	0	0	0	0	0	0	0	0	0	0	0	0	18000	18000	18000	18000	100	NaN	1.763119280318308	0.8063265923946825	0.6178907885509609	0.1517018824190741	0.18695068656437328	0.17058700092375345	8.409979570667562e-7	NaN	0.05207343987566936	-0.01782341467106782	0.13183622107740336	0.00020480149013107226	NaN	15.671129172160127	846.3506381041251	97.91645290756226	98.72500707965426	97.10789894951714	1.6171070692671656	0.0002902134190581921	58.95847177939941	033
DATA	2026-08-22T143000_AIU-1657.ghg	2026-08-22	15:00:00	234.624	1	18000	18000	0.7280444635165549	1	NaN	78.64274631203789	0	NaN	297.76134657645594	0	NaN	0.8374192620577116	2	NaN	6.791289846365795	0	NaN	0.2957458639064041	0	NaN	NaN	NaN	NaN	NaN	NaN	NaN	NaN	NaN	NaN	-6.892676415194674e-10	-3.746036438492279e-11	-3.6361162392908956e-12	NaN	15.596828329140294	407.9268952708622	417.1756965178543	0.2	0	847.6574805843112	22.17003848544244	22.672692960955445	0.3	0	0.08227846101116813	2.0711149822556667	2.118072736335184	-0.1	0	NaN	NaN	NaN	NaN	9	307.7311916809082	301.4315241326226	97098.56600542535	1.1128217988924696	1017.9968904424878	0.02580987335589072	0.4400755820445035	0.01547873152432718	2153.256378560629	3831.3541278809016	0.013909443128928918	56.20092287714427	1678.0977493202727	291.83788462624784	1.0185474269502948	0.5033755980695526	0.3685618630457558	1.1944302828422126	-5.45204678701229e-14	-4.419280811289536e-14	1.1944302828422126	7.36642506137442	134.7009898555163	26.299010144483717	17.972897203319857	NaN	0.8088465540469082	1.4964637909947354	-576.1091372690275	-0.0034769453744397144	0.26411334854655105	0.08582631294249404	0	17.107808427235792	-2.5961759311803587	5.87255702518137	14.623497333450098	22.301756120751126	31.278530060634942	46.86093772525998	0.7190157490277259	1.0125570469089695	95.4879515222064	1.0216110868247337	271.5559911724476	1.0965007448035535	0.7637197384738135	1.0965007448035535	6.1936025839932345	1.0965007448035535	0.19624512783147688	1.3056294107238253	NaN	NaN	800000009	800000009	800000009	800000009	800001019	800001019	899999999	899999999	89999	89999	89	89	25	5	0	4	4	1	2	NaN	0	18000	0	0	0	0	0	0	0	NaN	NaN	NaN	NaN	0	0	0	0	0	0	0	0	0	0	0	0	18000	18000	18000	18000	100	NaN	1.2937609583943472	0.9319766831542848	0.7671899404408385	0.1512209913057838	0.38488918566653313	0.17155276766513725	5.640136452592229e-7	NaN	0.0842900867543235	0.02015854533571902	0.16348146079130713	0.00019624512783147688	NaN	15.59791556633381	847.708310488814	97.89864185121324	98.72195699310302	97.07532855563693	1.6466282850636371	0.00029107520702786535	60.00864846708751	058
DATA	2026-08-22T150000_AIU-1657.ghg	2026-08-22	15:30:00	234.645	1	18000	18000	0.928670331937108	0	NaN	56.83245283801653	0	NaN	218.54248087552526	0	NaN	3.639996371974715	1	NaN	4.98355093132233	0	NaN	0.31795954140831023	0	NaN	NaN	NaN	NaN	NaN	NaN	NaN	NaN	NaN	NaN	-5.043354642407106e-10	-2.7789210205661345e-11	-2.658010931654104e-12	NaN	15.563593183388747	406.4774772016362	415.78999721888016	0.1	1	857.5640485241844	22.39717184043188	22.910297715276382	0.5	0	0.08202516727540748	2.0632080415011385	2.110476751980482	0.1	0	NaN	NaN	NaN	NaN	9	307.9737294040256	301.240233594933	97065.1226342399	1.1130485108575268	1018.1208414606623	0.025802381268766893	0.32293410034968695	0.01564185255910078	2174.5673796082106	3788.960768787539	0.014053163367560519	57.39218514801536	1614.3933891793286	291.9954219898591	1.1038642949602888	0.7491346484210396	0.4440439256319362	1.4060206652264504	8.45538263342338e-15	-3.240482183632218e-14	1.4060206652264504	8.433780180854892	126.83732457597017	34.162675424029814	18.410086423091485	NaN	0.9134267780534787	1.9092502093052275	-1147.8847137832086	-0.0017450358698463413	0.2600521995098356	0.05490466426715777	0	18.27022652089398	-2.772577361530696	6.271577540938531	15.61711483654902	23.817085506474324	33.403801070078224	50.044980972489235	0.917551533876275	1.0121179003579894	69.1669803666205	1.022051143661684	198.82354235137174	1.099178086714224	3.3115619897916324	1.099178086714224	4.533888540499994	1.099178086714224	0.22376628122333062	1.3052054130099477	NaN	NaN	800000009	800000009	800000009	800000019	800000019	800000019	899999999	899999999	89999	89999	89	89	13	11	0	4	29	1	1	NaN	0	18000	0	0	0	0	0	0	0	NaN	NaN	NaN	NaN	0	4	0	0	0	0	0	0	0	0	0	0	18000	18000	18000	18000	100	NaN	2.0002843627221947	0.9880896760784357	0.8301263798098245	0.11910914837534207	0.6896760913273638	0.19364344058869948	0.0000010076677496508272	NaN	0.061035905974480026	0.0874043197324475	0.11966602009768681	0.00022376628122333062	NaN	15.564772584993468	857.6188263846755	97.92724415757921	98.7372264175415	97.11726333406236	1.6199612044692033	0.00029046694173302963	59.38488680153269	101
DATA	2026-08-22T153000_AIU-1657.ghg	2026-08-22	16:00:00	234.666	1	18000	18000	1.0573338010758284	0	NaN	103.51577888608372	0	NaN	190.14354522612356	1	NaN	1.4699782033251279	1	NaN	4.339729746491274	1	NaN	0.3207840313706628	0	NaN	NaN	NaN	NaN	NaN	NaN	NaN	NaN	NaN	NaN	3.7245568067502665e-10	2.129297895282476e-11	1.973994518640802e-12	NaN	15.433430714012784	405.21640333027995	414.8262185584678	0.1	0	882.3162926868679	23.16588199651946	23.715267075097103	0.3	0	0.08179632964133916	2.0665089641951875	2.1155167761941587	0	0	NaN	NaN	NaN	NaN	9	308.1777970106337	302.1337196314487	97009.7086416339	1.1087982446118503	1018.5795948216015	0.025893694354812327	0.28121448757263456	0.016121654755386874	2247.9182814919604	3990.5326351864883	0.01453975494074711	56.331284241881896	1742.6143536945278	292.5275014961011	1.3607378088281668	0.45233377765343363	0.3060447388668237	1.4662457546293477	1.2065083802465028e-13	2.413304517814406e-14	1.4662457546293477	8.882530893745319	142.61226300207187	18.387736997928123	12.047748089869843	NaN	0.9765169661047728	2.3441706385087118	-769.8347529592944	-0.0026019869748669495	0.5444085875383259	0.09385972115483379	0	18.20413588682962	-2.762547852832131	6.248890764954094	15.560621556587595	23.730929690021373	33.282966312481946	49.86394848663427	1.0447509709229665	1.0120438559073517	113.48829660898058	1.0222201258018195	172.85505598619207	1.1000172609432524	1.336322851938376	1.1000172609432524	3.945146954121433	1.1000172609432524	0.21536526180442295	1.3051716420053672	NaN	NaN	800000009	800000009	800000009	800000019	800000019	810001019	899999999	899999999	89999	89999	89	89	11	24	1	33	31	0	1	NaN	0	18000	0	0	0	0	0	0	0	NaN	NaN	NaN	NaN	0	4	0	0	0	0	0	0	0	0	0	0	18000	18000	18000	18000	100	NaN	2.397991526932309	1.3329551336643035	0.9573946164208107	0.10780207221615147	0.2107437078080369	0.24338134974027503	0.000001182490107846949	NaN	0.100485541253273	0.03542316445478278	0.10457771424878198	0.00021536526180442294	NaN	15.434567198341927	882.3537896676626	97.84630406867134	98.6907822235955	97.00182838312783	1.688955234673278	0.0002919127796485554	59.21284021925923	197
DATA	2026-08-22T160000_AIU-1657.ghg	2026-08-22	16:30:00	234.687	1	18000	18000	0.9634652815891114	0	NaN	121.15253571324207	0	NaN	349.20104073180477	0	NaN	1.0874016522214127	1	NaN	7.9669959823396415	0	NaN	0.3445404855884736	0	NaN	NaN	NaN	NaN	NaN	NaN	NaN	NaN	NaN	NaN	-7.94103053386934e-10	-4.572784456299323e-11	-4.192272815335207e-12	NaN	15.475719267948328	405.5592939642942	415.25714107174116	0.1	1	891.1579953848145	23.35383584835573	23.91227929374181	0.5	0	0.08170027417482606	2.0607278510605513	2.1100045509835037	0	0	NaN	NaN	NaN	NaN	9	308.21426522064206	301.75088998074006	96984.68439952258	1.1098390065659847	1018.6767404677668	0.025867557489440286	0.5162613396556087	0.016268877700173656	2265.5719519945224	3903.0515097207485	0.014658772672364533	58.04617096013209	1637.4795577262262	292.6532841235945	1.5697948360396023	0.9226272256712098	0.43178667674834287	1.8713461889835468	1.34569970328193e-13	-5.131283655626891e-14	1.8713461889835468	8.080028144129626	130.55565099808058	30.44434900191941	13.34039890221629	NaN	0.9317256304694609	2.5466056908864596	-571.2504910003914	-0.0035065177738265213	0.3469420808693703	0.11501330708882661	0	17.281596459432333	-2.622548935544703	5.932212832861767	14.772048729511196	22.52830637277419	31.596270010340263	47.33697006971811	0.9520953861777915	1.0119419709163433	140.1746105815536	1.0237091708009023	315.655298097917	1.10627333941812	0.982941207634423	1.10627333941812	7.201652338951003	1.10627333941812	0.22120668595143408	1.3056878020849598	NaN	NaN	800000009	800000009	800000009	800000009	800000019	800001019	899999999	899999999	89999	89999	89	89	9	10	0	17	27	1	3	NaN	0	18000	0	0	0	0	0	0	0	NaN	NaN	NaN	NaN	0	0	0	0	0	0	0	0	0	0	0	0	18000	18000	18000	18000	100	NaN	2.6321061820420724	1.4685080997358344	0.9925970999950122	0.09703760993731413	0.1553224452087088	0.21098455669884814	0.0000011289739753982334	NaN	0.12398609552477145	0.026034455692615217	0.19074497770142382	0.00022120668595143408	NaN	15.476814639032524	891.2196289266017	97.86165178765191	98.70288639492459	97.02041898939345	1.6824676410522712	0.00029134670936198544	58.4343014512593	188
DATA	2026-08-22T163000_AIU-1657.ghg	2026-08-22	17:00:00	234.708	1	18000	18000	0.8703508332266021	1	NaN	1.2768898322862123	2	NaN	248.99745409497163	0	NaN	3.4808205490129986	1	NaN	5.679327377518976	0	NaN	0.6596052956301369	0	NaN	NaN	NaN	NaN	NaN	NaN	NaN	NaN	NaN	NaN	-3.2108889609794e-10	-1.8541775498424682e-11	-1.7094645225561733e-12	NaN	15.552592278371394	406.93586733955084	416.7286325612926	0.1	0	898.1085236785481	23.499141783355768	24.064640174788565	0.4	0	0.0828013832205129	2.0860630282735	2.136263384430832	0.2	0	NaN	NaN	NaN	NaN	9	308.1406150682237	301.47419341701936	96960.91506011286	1.1105238128843797	1018.7524916914884	0.025850173160135416	0.3680204140632296	0.01638111046948442	2279.1094734880317	3840.8665063529506	0.01475079622735646	59.338419331114245	1561.757032864919	292.74915849577843	0.9398104424039799	0.04957571040715582	0.23486744512413302	0.9699815129645867	3.901697676604673e-14	-2.064536190178858e-14	0.9699815129645867	7.7605604910840436	157.98040311545412	3.0195968845459102	14.012643263713674	NaN	0.8852852674826366	1.860899261065438	-46486.137409355455	-0.00004309026543463409	0.00512812404820487	0.0012748926939565623	0	18.868602570227115	-2.8633832355665723	6.476980675253342	16.12859768363847	24.597129120914207	34.49782333051188	51.68402567557619	0.8587890370985355	1.0134629060556348	16.34601855851949	1.021506770523082	227.5440420243403	1.0942824601328671	3.1809159662399775	1.0942824601328671	5.190001287994139	1.0942824601328671	0.5041523045915306	1.3067919664215375	NaN	NaN	800000009	800000009	800000009	800000009	800000009	810001019	899999999	899999999	89999	89999	89	89	22	34	1	20	31	0	0	NaN	0	18000	0	0	0	0	0	0	0	NaN	NaN	NaN	NaN	0	0	0	0	0	0	0	0	0	0	0	0	18000	18000	18000	18000	100	NaN	1.7927881204185083	1.209604994461727	0.7194054072506404	0.05851175482594113	1.6089420864069957	0.1468001573750968	0.0000026558921347208736	NaN	0.014448256004353656	0.08420654076278784	0.13739188952325468	0.0005041523045915306	NaN	15.553801134087125	898.1737585362397	97.88547832234701	98.71626803122626	97.05468625937567	1.6615824874838174	0.0002911824598171127	59.679463140807336	016
DATA	2026-08-22T170000_AIU-1657.ghg	2026-08-22	17:30:00	234.729	1	18000	18000	0.6945386747408637	0	NaN	-40.14434628357831	1	NaN	220.74616127760086	0	NaN	18.225970585916247	0	NaN	5.030760457251281	0	NaN	0.3903397315792718	0	NaN	NaN	NaN	NaN	NaN	NaN	NaN	NaN	NaN	NaN	4.058475315571796e-10	2.3706077448738133e-11	2.140247140620874e-12	NaN	15.698980320341132	409.2164975143644	419.2374734455193	0.1	0	916.9976762265685	23.90286309283643	24.488201213840696	0.1	1	0.08278896661600031	2.078128225312893	2.129017847442517	0	0	NaN	NaN	NaN	NaN	9	307.8504919798109	300.61928043943146	96928.08159775285	1.1131333632706855	1018.9618569692393	0.025785599553549577	0.325993277629883	0.016704269350746107	2317.4801370930936	3654.1474897192197	0.015006530126511047	63.42054182578071	1336.667352626126	293.0182173196075	1.0119246987854882	-0.08898361025514756	0.1686723734306646	1.0297378542449058	1.641703201092106e-14	2.5851840264512207e-14	1.0297378542449058	7.871432811188889	166.0253786207113	354.97462137928875	9.427605179501594	NaN	0.7899045530353904	1.6242763207276414	1050.132173786196	0.0019074741732537617	-0.18185750570355108	-0.04480687400723985	0	19.173440402092062	-2.9096435526239603	6.581621638394453	16.389168477400396	24.99451602243033	35.05516411020093	52.519023724337636	0.6871150079727977	1.0108041109303785	-26.38527834488851	1.0208352467960702	200.02620866433662	1.1035861887880618	16.515221711800937	1.1035861887880618	4.558556919578678	1.1035861887880618	0.28973493350442275	1.376917802227896	NaN	NaN	800000009	800000009	800000009	800000019	800000019	800000019	899999999	899999999	89999	89999	89	89	16	11	0	8	27	0	0	NaN	0	18000	0	0	0	0	0	0	0	NaN	NaN	NaN	NaN	0	5	0	0	0	0	0	0	0	0	0	0	18000	18000	18000	18000	100	NaN	1.6600485237891032	1.0382596546701681	0.5502444629960117	0.04555681417421816	3.679306904275266	0.1191962470586283	0.0000019480553841860702	NaN	-0.023262508935624614	0.4362861797542822	0.12042438293240167	0.00028973493350442273	NaN	15.700097945340637	917.0604340316812	97.95007653045654	98.73743926239014	97.16271211030748	1.5747272343635577	0.00028970933982539767	60.184200749350225	170
DATA	2026-08-22T173000_AIU-1657.ghg	2026-08-22	18:00:00	234.749	1	18000	18000	0.9979502999119758	0	NaN	-36.925326057902566	2	NaN	362.50508014434695	1	NaN	36.04059012328461	1	NaN	8.258627991717375	1	NaN	0.11616310271799486	2	NaN	NaN	NaN	NaN	NaN	NaN	NaN	NaN	NaN	NaN	2.1664408494075667e-9	1.250410916698625e-10	1.134070000535425e-11	NaN	15.684347348835022	408.26986715366957	418.12260425820716	0.2	0	905.2580019269625	23.564229735958325	24.13290300660148	0.1	1	0.08210308539536257	2.0574244926983605	2.1070761184240565	0	0	NaN	NaN	NaN	NaN	9	307.72612602742515	300.2722302483453	96913.47493055556	1.114395946034418	1018.7606937272383	0.025759713229492717	0.5351590938632859	0.01648416748022298	2284.3039638135588	3580.6356307987026	0.014792020321755433	63.796046270813044	1296.3316669851438	292.7858140475994	1.65723873563012	0.6894765070533069	0.3481661148493666	1.8283975837274646	-1.1837118811890506e-13	1.3812757402165554e-13	1.8283975837274646	8.332845123465262	138.41076808570926	22.58923191429077	10.977380419265812	NaN	0.946312756996397	2.701094736895194	1962.6727081168656	0.0010205980812368473	-0.10186154092847241	-0.03436987401097614	0	15.764189900734998	-2.392276636070412	5.411336264466961	13.474992425704109	20.550213670133136	28.82196686904141	43.18055841983	0.9870424721027857	1.0110510217315696	-14.871058108325743	1.0238005607740273	324.6296663062982	1.1166726820410557	32.274981472108344	1.1166726820410557	7.395746421075015	1.1166726820410557	0.077247335398084	1.37823868477234	NaN	NaN	800000009	800000009	800000009	800000009	800001019	800001019	899999999	899999999	89999	89999	89	89	28	10	0	31	13	1	0	NaN	0	18000	0	0	0	0	0	0	0	NaN	NaN	NaN	NaN	0	0	0	0	0	0	0	0	0	0	0	0	18000	18000	18000	18000	100	NaN	2.24327400683155	1.870527051494234	1.2883884154646048	0.04326717338934784	2.5925236131094023	0.11293882686994036	9.579719605373186e-7	NaN	-0.013098759447882823	0.8514637362812371	0.19511118498144123	0.000077247335398084	NaN	15.6854528870261	905.3191266091919	97.99048487726847	98.75031147299873	97.23065903218587	1.5196500733097402	0.0002892847538249853	59.141585569911555	141
DATA	2026-08-22T180000_AIU-1657.ghg	2026-08-22	18:30:00	234.77	1	18000	18000	0.4093713130321124	0	NaN	8.848542384316406	0	NaN	161.90290682793233	0	NaN	5.771810960336686	0	NaN	3.689473447118591	0	NaN	0.24693461964361205	0	NaN	NaN	NaN	NaN	NaN	NaN	NaN	NaN	NaN	NaN	6.8135939753314374e-12	3.90587713702313e-13	3.572220047128301e-14	NaN	15.614815990745642	406.93961626100634	416.6593285272461	0.2	0	895.1157494545281	23.327720275928442	23.884900554891317	0.5	0	0.08186510513586602	2.0537759079976423	2.102830141322198	-0.3	0	NaN	NaN	NaN	NaN	9	307.53468503655324	300.54656438337634	96928.78465591645	1.1136551089034512	1018.6324801736675	0.025779175351817122	0.23907787937328467	0.016306399286937685	2261.7340986749523	3638.6369414438927	0.01464223452716309	62.15882856884989	1376.9028427689404	292.6260126340616	1.4322560385762775	0.05051423303125821	-0.02989249756075947	1.4334582690777173	-3.3705841501029997e-14	4.3635442001811725e-16	1.4334582690777173	7.613940809406557	158.98007261311363	2.0199273868863674	-1.1948991775787134	NaN	0.6062941056729741	1.9279858284651104	-2154.16987779032	-0.0009298709543068708	0.05465338799457435	0.012865307047032643	0	16.654226121630447	-2.527343066373013	5.716856897569466	14.235782000727518	21.71046577498164	30.449236943331712	45.61850551854827	0.40448442830602566	1.0120817623228486	18.454956735306617	1.0221260543697819	147.2439202570068	1.099555802000782	5.249220594201895	1.099555802000782	3.3554217443126793	1.099555802000782	0.18355015854104784	1.3051854410245896	NaN	NaN	800000009	800000009	800000009	800000019	800001019	800001019	899999999	899999999	89999	89999	89	89	3	13	0	16	42	2	2	NaN	0	18000	0	0	0	0	0	0	0	NaN	NaN	NaN	NaN	0	12	0	0	0	0	0	0	0	6001	0	0	18000	18000	18000	18000	100	NaN	2.082740589394613	1.3122191884323102	0.4610118791032978	0.05158114392879947	1.4407220769510674	0.9076878062801883	0.0000015409958845319615	NaN	0.016268398335482305	0.13855358440568494	0.08856661699087592	0.00018355015854104785	NaN	15.616011931533505	895.1330582754616	97.99408518388536	98.76307176632352	97.2251047914293	1.5379641763004968	0.0002900740607017522	50.66488254536459	220
DATA	2026-08-22T183000_AIU-1657.ghg	2026-08-22	19:00:00	234.791	0	18000	18000	0.251962534015144	1	NaN	5.3808613811277155	1	NaN	57.690053743760394	2	NaN	-5.837703766192223	1	NaN	1.3131078358131412	2	NaN	0.21945787013214657	0	NaN	NaN	NaN	NaN	NaN	NaN	NaN	NaN	NaN	NaN	-1.5640369876936852e-10	-9.020692673238199e-12	-8.0984188064732e-13	NaN	15.87146631389255	411.76419297612483	421.7809799273184	0.1	1	915.3979158919827	23.748787707116747	24.326512897575714	0.1	1	0.08218078107747827	2.0508899731886023	2.100780974572884	0.1	0	NaN	NaN	NaN	NaN	9	307.1302129770914	299.3385335625542	96901.07504578993	1.1176502361043839	1018.8446378817061	0.025682899460744448	0.08508938776069154	0.01666296137898467	2301.9003546735757	3389.2185980243876	0.01490892306081741	67.91832064226776	1087.3182433508118	292.90944461171046	0.8428243673625659	-0.4859736542632987	0.03586816599428763	0.9735552537939896	6.999077775339655e-14	-9.854395030436844e-15	0.9735552537939896	6.296205477307408	190.96780642937165	330.03219357062835	2.11139503994671	NaN	0.4748047189395471	1.3709253607130287	-1701.0886170721992	-0.0011775400645779423	0.09327190792762427	0.009952287175113818	0	12.673743288106687	-1.9232894395847273	4.35048594906097	10.833325143120321	16.52150438500267	23.17164481376336	34.715346357538074	0.24862024458227142	1.013443351881856	8.785145500175686	1.0215044944701897	52.7181490054521	1.0943110642559568	-5.33459265548173	1.0943110642559568	1.1999401986362521	1.0943110642559568	0.16840002683549404	1.306765447475439	NaN	NaN	800000009	800000009	800000009	800000009	800000019	800001019	899999999	899999999	89999	89999	89	89	21	2	0	25	11	0	1	NaN	0	18000	0	0	0	0	0	0	0	NaN	NaN	NaN	NaN	0	0	0	0	0	0	0	0	0	0	0	0	18000	18000	18000	18000	100	NaN	0.6713578938211504	1.5108327162844797	0.5596601113204271	0.07348563039582603	18.28243712892079	0.73014527600306	0.0000013384988819890677	NaN	0.0077149848998613844	-0.14034164479028174	0.031567842570611765	0.00016840002683549403	NaN	15.872651044233184	915.4844390294314	98.0290908724467	98.76792416848076	97.29025483152603	1.477668081492178	0.000288647114009816	59.8643720183055	087
DATA	2026-08-22T190000_AIU-1657.ghg	2026-08-22	19:30:00	234.812	0	18000	18000	0.07936200861015028	1	NaN	0.38638210459976075	2	NaN	90.31496334179684	1	NaN	4.103522005619562	2	NaN	2.0657611734288714	1	NaN	NaN	NaN	NaN	NaN	NaN	NaN	NaN	NaN	NaN	NaN	NaN	NaN	-3.6019990728198973e-10	-2.051562451138087e-11	NaN	NaN	16.014607089150587	414.1855912326648	424.19248057505894	0.1	1	912.1314556061225	23.59044490564339	24.160399478437814	0.1	1	NaN	NaN	NaN	NaN	0	NaN	NaN	NaN	NaN	9	306.6314085167779	304.35021790943574	96978.45595509639	1.1003269525126942	1018.7780008415516	0.026287627548833126	0.13386132403819087	0.016171098882681863	2271.2253916943373	4526.89096988001	0.014696630711220628	50.1718598218092	2255.6655781856725	292.6933833664659	0.4235850294013783	-0.608973873480057	-0.14571522819842508	0.755980412076358	4.3309015495273396e-14	-2.2491960325771232e-14	0.755980412076358	5.212159493508744	216.17861577719418	304.8213842228058	-11.113315028116606	NaN	0.26856254880833913	0.837247698948699	-4289.950516525463	-0.00046692846276053554	0.004278162668765067	0.0012834242598625013	0	8.963882436956188	-1.3603037426878737	3.077010769786394	7.662191885753358	11.685326081032219	16.38883597842777	24.553462732609436	0.07818417254413859	1.0150648913671976	5.847410219248583	1.021983138096649	82.62264737186717	1.0931017852200764	3.7540163789901695	1.0931017852200764	1.8898159360456699	1.0931017852200764	NaN	1	NaN	NaN	800000009	800000009	800000009	800000019	800000009	810001009	899999999	899999999	89999	89999	89	89	48	20	0	10	8	0	3	NaN	0	18000	0	0	0	0	0	0	0	NaN	NaN	NaN	NaN	0	4313	0	0	0	0	0	0	0	2997	0	0	18000	18000	18000	18000	100	NaN	0.49582852343066974	0.7530615169336666	0.4256053575330617	0.07687248898840382	11.227464879630087	0.14282382187253428	NaN	NaN	0.005216296304100811	0.10105078325836467	0.05087015113208557	NaN	NaN	16.01574115948158	912.1916003084975	98.09815636528863	98.79486774614122	97.40144919162326	1.3934183196160572	0.00028768916065423085	42.894251360718386	185
DATA	2026-08-22T193000_AIU-1657.ghg	2026-08-22	20:00:00	234.833	0	18000	18000	0.046832451187085226	1	NaN	-18.124417572684553	2	NaN	122.90322871909437	1	NaN	18.076341574623676	2	NaN	2.7932020390788774	1	NaN	0.20777933771982407	1	NaN	NaN	NaN	NaN	NaN	NaN	NaN	NaN	NaN	NaN	3.1943699414821623e-10	1.8397923440579735e-11	1.6316899683349644e-12	NaN	16.350357136974196	421.52552730128446	432.0138278776586	0.1	1	941.6962479073826	24.27769645221707	24.88176847443372	0.1	1	0.08351792124213414	2.0699605229139255	2.1214648013962876	0.3	0	NaN	NaN	NaN	NaN	9	305.8688992156982	297.7730642428172	96946.30137390872	1.1238235468512758	1019.1138914742163	0.025536665360408137	0.18099949213231126	0.01713160631548286	2354.2642140248927	3088.2516700249685	0.015244035741626987	76.23291316817642	733.9874560000758	293.2725105180042	0.27174919576790457	-0.10748365353371983	0.07117856952429576	0.3007769105782427	-4.160540491786238e-14	1.953700408328398e-14	0.3007769105782427	2.6693614267742665	182.58004533680287	338.4199546631972	13.688848460104559	NaN	0.20413824692834256	0.23580588049747137	40.152680399625766	0.04988708051526915	-0.14746901087610503	-0.07752090420783246	0	11.422604041988805	-1.7334242320602349	3.9210103326767825	9.763870133310173	14.890518016485697	20.88416324146349	31.288282128515025	0.046050484001741165	1.0169806507422265	-10.57747572711036	1.0245956355143078	110.49792654593392	1.1122672846535593	16.251796509733683	1.1122672846535593	2.511268718965229	1.1122672846535593	0.1475369525359878	1.433848922362441	NaN	NaN	800000009	800000009	800000009	800000019	800000019	810000019	899999999	899999999	89999	89999	89	89	6	6	1	3	10	0	1	NaN	0	18000	0	0	0	0	0	0	0	NaN	NaN	NaN	NaN	0	2	0	0	0	0	301	151	0	3004	0	21	18000	18000	18000	18000	100	NaN	0.15521575544379881	0.18224543565836268	0.13415056989278126	0.07268909302836898	30.799275166492503	0.3130704219512709	0.000005055305936599972	NaN	-0.009235516499844124	0.42534587701625914	0.06572552117865933	0.0001475369525359878	NaN	16.351553759778042	941.7624646885214	98.0906268840366	98.76664439900716	97.41461020914713	1.3520336566732984	0.0002865713271603453	56.97053602179196	209
DATA	2026-08-22T200000_AIU-1657.ghg	2026-08-22	20:30:00	234.854	0	18000	18000	0.22580200588909635	0	NaN	-9.241266724311354	2	NaN	53.92129001111488	0	NaN	30.09512374577433	0	NaN	1.2291986547909421	0	NaN	NaN	NaN	NaN	NaN	NaN	NaN	NaN	NaN	NaN	NaN	NaN	NaN	-2.9319794109105516e-11	-1.7564616984386998e-12	NaN	NaN	16.554451706540043	424.64484708415097	435.7294604787566	0.2	0	991.7279859806574	25.439210335758553	26.10325657009343	0.1	1	NaN	NaN	NaN	NaN	0	NaN	NaN	NaN	NaN	9	303.338641312493	300.90626478917784	96906.34027202052	1.1113310747184622	1019.7280507904004	0.026024689992345362	0.07965207283045304	0.017614602834447254	2445.9475138166645	3711.6223845466184	0.01585000476919952	65.89968645518452	1265.674870729954	293.8914942154318	0.4573096424572844	0.20213810836235702	0.4330414296458754	0.6614505300673775	-3.892656662371108e-14	-1.7711123647497407e-15	0.6614505300673775	5.137674367673258	137.15381182657268	23.846188173427326	40.89573370513736	NaN	0.4507566771572383	0.8994083313464822	847.8215745062513	0.0023626433441099348	-0.1713843775326302	-0.018090955785240254	0	12.709594195975688	-1.928729953167536	4.362792405598679	10.863969959950833	16.56823966424096	23.23719170740851	34.813547548426364	0.22314078339814594	1.0119262039436423	-5.926633981005814	1.0205113275773434	49.02199450623587	1.099940762390967	27.36067684259274	1.099940762390967	1.1175135032899448	1.099940762390967	NaN	1	NaN	NaN	800000009	800000019	800000009	800000019	800000009	810000019	899999999	899999999	89999	89999	89	89	29	14	1	9	5	0	0	NaN	0	18000	0	0	0	0	0	0	0	NaN	NaN	NaN	NaN	0	14701	0	0	0	0	0	0	0	14997	0	0	18000	18000	18000	18000	100	NaN	0.6437143795899368	0.6542476524544913	0.5008546306485363	2.1237798085165003	34.54166381972872	0.3278678310469095	NaN	NaN	-0.00522974222029515	0.7304909620310205	0.029836013151185288	NaN	NaN	16.55541586624225	991.8432035557984	97.87754444800485	98.44501383590693	97.3100717379252	1.134942457656078	0.00028468178632061215	8.272655183280673	083
DATA	2026-08-22T203000_AIU-1657.ghg	2026-08-22	21:00:00	234.874	0	18000	18000	0.1986957284083233	1	NaN	74.56881858366441	1	NaN	79.46459077596138	1	NaN	6.767987131894372	1	NaN	1.80197631072489	1	NaN	0.2237891728233203	0	NaN	NaN	NaN	NaN	NaN	NaN	NaN	NaN	NaN	NaN	-2.1762710847386371e-10	-1.3068304845004671e-11	-1.1034927615020175e-12	NaN	16.38800103941804	418.29360072602157	429.071068102551	0.2	0	984.084174463443	25.118140508027803	25.765317369960396	0.1	1	0.08309645176697818	2.0388663474237596	2.091398385940065	-0.1	0	NaN	NaN	NaN	NaN	9	301.7859571609497	295.48448114914777	97083.81867599057	1.1337704874820955	1019.5543163761564	0.025304505012034115	0.11676806493497287	0.017887285267768765	2439.2191178059566	2690.268514395932	0.015776813266231045	90.66824016834819	251.04939658997546	293.84676583846664	0.5793411796073199	0.012188381467291712	0.19797965213986232	0.6123566784914084	-4.504997013875262e-14	-1.3279661622574071e-14	0.6123566784914084	4.780650786979103	159.79476923539505	1.2052307646048876	18.8630812463583	NaN	0.4186312952372031	0.4665818038535794	-84.26187920281785	-0.02377231577257552	0.9383905190413693	0.15409553520722813	0	16.467457857725925	-2.4990002617689284	5.652745396383416	14.076135297831735	21.466994479963887	30.107764990231633	45.10691830846756	0.19539619448970547	1.0168863775839385	78.19289161187056	1.0228569674143932	72.69298919248503	1.0931534341715639	6.191250853109589	1.0931534341715639	1.6484202989221737	1.0931534341715639	0.15294738532784413	1.3116042805028418	NaN	NaN	800000009	800000009	800000009	800000019	800000019	810000019	899999999	899999999	89999	89999	89	89	28	12	5	7	4	0	2	NaN	0	18000	0	0	0	0	0	0	0	NaN	NaN	NaN	NaN	0	16	0	0	0	0	301	0	0	15004	0	21	18000	18000	18000	18000	100	NaN	0.3792342514849992	0.32785383154714076	0.22607552467501876	0.4813867100019278	2.503142893376899	0.3150965123831912	0.0000016765483281441308	NaN	0.06764438587758445	0.1607042119931466	0.04278749019493267	0.00015294738532784413	NaN	16.38917040864631	984.1206234513819	97.79280613327029	98.28556233723963	97.30005160734387	0.9855089543428741	0.00028394747859339164	38.482265205625204	096
DATA	2026-08-22T210000_AIU-1657.ghg	2026-08-22	21:30:00	234.895	0	18000	18000	0.04317480448988941	1	NaN	14.007456715100208	1	NaN	31.236469275839436	1	NaN	5.350699835361341	0	NaN	0.7080884877850445	1	NaN	0.07242858986229993	0	NaN	NaN	NaN	NaN	NaN	NaN	NaN	NaN	NaN	NaN	-8.317943668102159e-11	-4.807140986579288e-12	-4.1925008154243834e-13	NaN	16.55914663559563	422.0278683326757	432.5784622412786	0	0	956.9931664722428	24.390012054548762	24.999756414868177	0.1	1	0.08346321944772993	2.043909163622438	2.0950063948471156	-0.4	0	NaN	NaN	NaN	NaN	9	300.3315865707398	295.12818228582466	97110.89789881167	1.1357714918874637	1019.1289967302147	0.025266944911590317	0.045884134008470884	0.017394585150333167	2369.1713050811104	2632.5251432825808	0.015315215494118675	89.99615107671542	263.35383820147035	293.37457491170727	0.2170506351058278	-0.020937456915046483	0.16924791853985505	0.2760329930134864	-1.1295243573965853e-14	-5.023171695467605e-15	0.2760329930134864	2.321579070360205	166.50990152851227	354.4900984714878	37.81716903756701	NaN	0.19497086030512856	0.1452377478120106	-45.31783319902418	-0.04420114243333091	0.44843277873068055	0.06206824403618023	1	0.4787935379609987	1	1	1	2	6	NaN	0.041974510437742266	1.0285957844327323	15.529355047076006	1.030110951933144	28.386387833453746	1.1004031037378708	4.862490679266515	1.1004031037378708	0.6434809983539629	1.1004031037378708	0.051122188549559126	1.3284488124956422	NaN	NaN	800000009	800000009	800000009	800000019	800000019	810000019	899999999	899999999	89999	89999	89	89	8	14	0	5	2	0	0	NaN	0	18000	0	0	0	0	0	0	0	NaN	NaN	NaN	NaN	0	2	0	0	0	0	0	0	0	0	0	0	18000	18000	18000	18000	100	NaN	0.07394787731114709	0.12061378247497191	0.09591383583790221	0.06359355080475701	4.181184056978499	0.1700018952705457	0.0000015054654584076722	NaN	0.013416316567841296	0.12593260579634527	0.016665376706772855	0.00005112218854955913	NaN	16.560380851480694	957.0470043576383	97.92464386452568	98.43130475574068	97.41797952609593	1.0133235046366835	0.0002835203435420732	58.840170760048764	018
DATA	2026-08-22T213000_AIU-1657.ghg	2026-08-22	22:00:00	234.916	0	18000	18000	0.030951605308985403	1	NaN	-0.8767319738515176	2	NaN	19.453303125301332	1	NaN	2.8365809887524263	1	NaN	0.44064473575872626	1	NaN	-0.028025554770870775	1	NaN	NaN	NaN	NaN	NaN	NaN	NaN	NaN	NaN	NaN	-1.9989331851848555e-11	-1.0960589935479007e-12	-9.947251736276208e-14	NaN	16.818311687084893	427.78137441980164	438.0565124516808	0.1	1	922.1849893505297	23.45619284227078	24.0196012409735	0.1	1	0.08369263233534172	2.041506762472353	2.0905429408376897	0	1	NaN	NaN	NaN	NaN	9	300.6723081342909	294.34214461941184	97080.58392144096	1.138854804195562	1018.5783052872988	0.025207518244287328	0.02855377887716546	0.016768037145253586	2277.751716641862	2508.9528739101384	0.014723595214666374	90.78495416663785	231.20115726827635	292.7395652497047	0.10681743340026531	-0.06407433654472615	0.25391634793011614	0.2828232600548239	-1.9118980729440455e-14	-1.1885456889943804e-15	0.2828232600548239	2.169548981525052	191.95739693348025	329.04260306651975	63.86928469289024	NaN	0.1648570067498103	0.1508041552244946	437.5199801693443	0.004578305199284133	-0.04506854019620059	-0.004584549381039991	1	0.7020563287363426	1	1	1	2	5	31	0.03010560336212086	1.0281011457132592	0.27817086166666233	1.029787342885088	17.68441717253022	1.1000251201673064	2.5786511023684637	1.1000251201673064	0.40057697563461747	1.1000251201673064	-0.022609054758314512	1.3277266778887622	NaN	NaN	800000009	800000009	800000009	800000009	800000019	800000019	899999999	899999999	89999	89999	89	89	16	11	0	5	5	0	0	NaN	0	18000	0	0	0	0	0	0	0	NaN	NaN	NaN	NaN	0	0	0	0	0	0	0	0	0	0	0	0	18000	18000	18000	18000	100	NaN	0.07914806356898829	0.13534656096375705	0.08711368591624387	0.040337499973522165	3.2025527112343255	0.05221771377223702	0.000001723494819101591	NaN	0.00023979982162589196	0.0665631311561171	0.010340157201878718	-0.00002260905475831451	NaN	16.819623143257417	922.2492005849289	97.99184425820246	98.47612844975791	97.50756110382079	0.9685675085186897	0.0002826961689182401	58.90125043084885	018
DATA	2026-08-22T220000_AIU-1657.ghg	2026-08-22	22:30:00	234.937	0	18000	18000	0.015395997291802771	1	NaN	-1.3852537647906054	1	NaN	11.01921436058896	1	NaN	4.945235212233057	1	NaN	0.24952209079014673	1	NaN	0.02634097898558719	1	NaN	NaN	NaN	NaN	NaN	NaN	NaN	NaN	NaN	NaN	2.7571009742764048e-11	1.4779486364864485e-12	1.365113538901169e-13	NaN	17.045406393991858	433.2021997829944	443.501128494226	0.1	1	913.721890253559	23.221877126217294	23.773952940199067	0	0	0.08439631069593928	2.0554846320528086	2.104351626964535	0.3	0	NaN	NaN	NaN	NaN	9	299.72962015363896	294.0163294614179	97047.95693856964	1.1398355437810126	1018.4379235370152	0.025188080617601683	0.016169031483201507	0.016613343403856475	2254.240245306138	2459.237868544261	0.014575210866602229	91.66418076672386	204.99762323812274	292.5726447618439	0.11417756112090016	-0.02580770003569325	0.15948513656646082	0.19783341889142553	1.2818115856033446e-14	1.6175038075057126e-15	0.19783341889142553	1.4681515304327253	173.73661173609207	347.2633882639079	53.72230836897494	NaN	0.11622052026280207	0.0908328832851843	96.99209559371884	0.020652198385223048	-0.12571257073871514	-0.010267619487864555	1	0.6528275084137384	1	1	1	2	5	50	0.015069842912875506	1.0216428519403213	-0.7238812517245488	1.025405900164351	9.955569047647337	1.1068392281597381	4.467889361362032	1.1068392281597381	0.22543661666654977	1.1068392281597381	0.01914540887961923	1.406927150472181	NaN	NaN	800000009	800000009	800000009	800000019	800000019	800001119	899999999	899999999	89999	89999	89	89	24	5	1	5	3	0	0	NaN	0	18000	0	0	0	0	0	0	0	NaN	NaN	NaN	NaN	0	3	0	0	0	0	0	0	0	0	0	0	18000	18000	18000	18000	100	NaN	0.048865285208200125	0.08049491597660936	0.0523055653855591	0.22571268731370236	8.280931437981726	0.12585243408621724	0.00000220367403380263	NaN	-0.0006235776921797261	0.11521375474965381	0.00581334875675919	0.00001914540887961923	NaN	17.04668517721793	913.7793315667026	97.88630255211724	98.31825285296972	97.45435792456733	0.8638938982652302	0.00028265518525182005	58.545170405755215	022
DATA	2026-08-22T223000_AIU-1657.ghg	2026-08-22	23:00:00	234.958	0	18000	18000	0.04235236572159994	0	NaN	11.525383167968656	0	NaN	94.66348091981108	1	NaN	14.109426849567482	1	NaN	2.1427476624653994	1	NaN	0.1960812087577877	0	NaN	NaN	NaN	NaN	NaN	NaN	NaN	NaN	NaN	NaN	8.920736996586929e-11	4.616916150473253e-12	4.5050407948553725e-13	NaN	16.85309476642104	427.287866323349	436.9506942483679	0.1	1	872.2297882149801	22.11422948220871	22.61432791940434	0.1	1	0.08510942478333215	2.0680952845387695	2.114863869471903	0.4	0	NaN	NaN	NaN	NaN	9	298.8330758404202	293.61193941752117	97054.04656901042	1.1419593794407934	1017.7956023763479	0.02515185868712368	0.13885004852775787	0.015843696764296127	2146.8511736754836	2398.733224706701	0.013874133396981804	89.49937206702026	251.88205103121754	291.7902682053582	0.001295042662467459	-0.297118315438472	0.13712675458543896	0.3272380132681734	-1.1897853213580458e-14	5.293233747407068e-15	0.3272380132681734	2.032622585080447	250.75026780541555	270.24973219458445	24.774174290471326	NaN	0.19258103176512578	0.1536452578583584	-53.03118420280453	-0.03777211522072831	0.12175110249465415	0.05149091834055087	1	0.7198825580189155	1	1	1	2	4	22	0.04130573654996103	1.0253385911754163	16.785312552104475	1.0279931909747961	86.21691931214309	1.0979687244111302	12.850481562792002	1.0979687244111302	1.9515561917436328	1.0979687244111302	0.1453689508204981	1.3237201856523226	NaN	NaN	800000009	800000009	800000009	800000009	800000019	800000019	899999999	899999999	89999	89999	89	89	6	2	0	10	1	0	2	NaN	0	18000	0	0	0	0	0	0	0	NaN	NaN	NaN	NaN	0	0	0	0	0	0	0	0	0	0	0	0	18000	18000	18000	18000	100	NaN	0.18825558538618534	0.07032118646605512	0.04871374386447628	0.04415625555805806	23.375261348703432	0.32450488051894166	0.000006007963956419283	NaN	0.01444169625564786	0.33052475730384007	0.050195600335208326	0.00014536895082049812	NaN	16.854139394869804	872.2623059882993	98.06394572406347	98.50591649330985	97.62197310129802	0.8839440408746416	0.0002819571347855445	58.67149054235878	243
DATA	2026-08-22T230000_AIU-1657.ghg	2026-08-22	23:30:00	234.979	0	18000	18000	0.09221799211454915	1	NaN	10.850311307597483	1	NaN	44.64789021574288	1	NaN	27.808178457756853	1	NaN	1.0101726557486348	1	NaN	0.001907594901248851	2	NaN	NaN	NaN	NaN	NaN	NaN	NaN	NaN	NaN	NaN	-3.597576816577347e-10	-1.8116355115830777e-11	-1.772651331434162e-12	NaN	17.096836417053446	433.08377403938636	442.7394090999309	0.1	1	860.9471755026498	21.80884480144652	22.29507462375261	0.1	1	0.08424206454286359	2.0424722885819127	2.088009360672793	0	1	NaN	NaN	NaN	NaN	9	299.34221316952176	293.15000191288027	97062.68232176093	1.1439938182266973	1017.6125269957722	0.025110053190414133	0.06545918809251153	0.01565091826271478	2117.392790658438	2331.2152929708454	0.013680946534287431	90.82785262446022	213.82250231240732	291.5696569686777	0.271542838895259	-0.04897604349055564	0.1596402155071702	0.3187776099390531	1.9345212924369322e-14	-2.1042353853189474e-14	0.3187776099390531	2.1509577671756053	171.22406954855376	349.7759304514463	30.052191760235647	NaN	0.2839200038010709	0.26420897490317535	-180.50614140625262	-0.01109712935191364	0.2430195750609433	0.032827671913718694	0	17.25892864459966	-2.6191090071908554	5.924431705559148	14.752672622327704	22.49875658676046	31.554826015297394	47.27487941305922	0.08989779932591907	1.0258092278790758	13.218770080222374	1.0282970997107002	40.65138109107413	1.0983117674579146	25.31902077505731	1.0983117674579146	0.9197503711416284	1.0983117674579146	-0.0035756118616047054	1.3244006274564695	NaN	NaN	800000009	800000009	800000009	800000019	800000019	800000019	899999999	899999999	89999	89999	89	89	23	6	0	13	0	0	0	NaN	0	18000	0	0	0	0	0	0	0	NaN	NaN	NaN	NaN	0	1	0	0	0	0	0	0	0	0	0	0	18000	18000	18000	18000	100	NaN	0.0650041792970423	0.3709409790615208	0.09247279144778764	0.06355935915893345	26.97680439052376	0.05919300995911632	0.000002883644793172211	NaN	0.011354942164615415	0.6499402056101029	0.023610026258150393	-0.0000035756118616047056	NaN	17.098094712562617	861.0091810554411	98.01334051937525	98.41984020572238	97.60684158537123	0.813000076055534	0.0002818146456896405	58.66241540142339	076
