DATAH	filename	date	time	DOY	daytime	file_records	used_records	Tau	qc_Tau	rand_err_Tau	H	qc_H	rand_err_H	LE	qc_LE	rand_err_LE	co2_flux	qc_co2_flux	rand_err_co2_flux	h2o_flux	qc_h2o_flux	rand_err_h2o_flux	ch4_flux	qc_ch4_flux	rand_err_ch4_flux	none_flux	qc_none_flux	rand_err_none_flux	H_strg	LE_strg	co2_strg	h2o_strg	ch4_strg	none_strg	co2_v-adv	h2o_v-adv	ch4_v-adv	none_v-adv	co2_molar_density	co2_mole_fraction	co2_mixing_ratio	co2_time_lag	co2_def_timelag	h2o_molar_density	h2o_mole_fraction	h2o_mixing_ratio	h2o_time_lag	h2o_def_timelag	ch4_molar_density	ch4_mole_fraction	ch4_mixing_ratio	ch4_time_lag	ch4_def_timelag	none_molar_density	none_mole_fraction	none_mixing_ratio	none_time_lag	none_def_timelag	sonic_temperature	air_temperature	air_pressure	air_density	air_heat_capacity	air_molar_volume	ET	water_vapor_density	e	es	specific_humidity	RH	VPD	Tdew	u_unrot	v_unrot	w_unrot	u_rot	v_rot	w_rot	wind_speed	max_wind_speed	wind_dir	yaw	pitch	roll	u*	TKE	L	(z-d)/L	bowen_ratio	T*	model	x_peak	x_offset	x_10%	x_30%	x_50%	x_70%	x_90%	un_Tau	Tau_scf	un_H	H_scf	un_LE	LE_scf	un_co2_flux	co2_scf	un_h2o_flux	h2o_scf	un_ch4_flux	ch4_scf	un_none_flux	un_none_scf	spikes_hf	amplitude_resolution_hf	drop_out_hf	absolute_limits_hf	skewness_kurtosis_hf	skewness_kurtosis_sf	discontinuities_hf	discontinuities_sf	timelag_hf	timelag_sf	attack_angle_hf	non_steady_wind_hf	u_spikes	v_spikes	w_spikes	ts_spikes	co2_spikes	h2o_spikes	ch4_spikes	none_spikes	head_detect_LI-7200	t_out_LI-7200	t_in_LI-7200	aux_in_LI-7200	delta_p_LI-7200	chopper_LI-7200	detector_LI-7200	pll_LI-7200	sync_LI-7200	chopper_LI-7500	detector_LI-7500	pll_LI-7500	sync_LI-7500	not_ready_LI-7700	no_signal_LI-7700	re_unlocked_LI-7700	bad_temp_LI-7700	laser_temp_unregulated_LI-7700	block_temp_unregulated_LI-7700	motor_spinning_LI-7700	pump_on_LI-7700	top_heater_on_LI-7700	bottom_heater_on_LI-7700	calibrating_LI-7700	motor_failure_LI-7700	bad_aux_tc1_LI-7700	bad_aux_tc2_LI-7700	bad_aux_tc3_LI-7700	box_connected_LI-7700	mean_value_RSSI_LI-7200	mean_value_LI-7500	u_var	v_var	w_var	ts_var	co2_var	h2o_var	ch4_var	none_var	w/ts_cov	w/co2_cov	w/h2o_cov	w/ch4_cov	w/none_cov	co2_mean	h2o_mean	avg_signal_strength_7200_mean	co2_signal_strength_7200_mean	h2o_signal_strength_7200_mean	delta_signal_strength_7200_mean	flowrate_mean	rssi_77_mean	CHK
DATAU		[yyyy-mm-dd]	[HH:MM]	[ddd.ddd]	[1=daytime]	[#]	[#]	[kg+1m-1s-2]	[#]	[kg+1m-1s-2]	[W+1m-2]	[#]	[W+1m-2]	[W+1m-2]	[#]	[W+1m-2]	[µmol+1s-1m-2]	[#]	[µmol+1s-1m-2]	[mmol+1s-1m-2]	[#]	[mmol+1s-1m-2]	[µmol+1s-1m-2]	[#]	[µmol+1s-1m-2]	[µmol+1s-1m-2]	[#]	[µmol+1s-1m-2]	[W+1m-2]	[W+1m-2]	[µmol+1s-1m-2]	[mmol+1s-1m-2]	[µmol+1s-1m-2]	[µmol+1s-1m-2]	[µmol+1s-1m-2]	[mmol+1s-1m-2]	[µmol+1s-1m-2]	[µmol+1s-1m-2]	[mmol+1m-3]	[µmol+1mol_a-1]	[µmol+1mol_d-1]	[s]	[1=default]	[mmol+1m-3]	[mmol+1mol_a-1]	[mmol+1mol_d-1]	[s]	[1=default]	[mmol+1m-3]	[µmol+1mol_a-1]	[µmol+1mol_d-1]	[s]	[1=default]	[mmol+1m-3]	[µmol+1mol_a-1]	[µmol+1mol_d-1]	[s]	[1=default]	[K]	[K]	[Pa]	[kg+1m-3]	[J+1kg-1K-1]	[m+3mol-1]	[mm]	[kg+1m-3]	[Pa]	[Pa]	[kg+1kg-1]	[%]	[Pa]	[K]	[m+1s-1]	[m+1s-1]	[m+1s-1]	[m+1s-1]	[m+1s-1]	[m+1s-1]	[m+1s-1]	[m+1s-1]	[deg_from_north]	[deg]	[deg]	[deg]	[m+1s-1]	[m+2s-2]	[m]	[#]	[#]	[K]	[0=KJ/1=KM/2=HS]	[m]	[m]	[m]	[m]	[m]	[m]	[m]	[kg+1m-1s-2]	[#]	[W+1m-2]	[#]	[W+1m-2]	[#]	[µmol+1s-1m-2]	[#]	[mmol+1s-1m-2]	[#]	[µmol+1s-1m-2]	[#]	[µmol+1s-1m-2]	[#]	8u/v/w/ts/co2/h2o/ch4/none	8u/v/w/ts/co2/h2o/ch4/none	8u/v/w/ts/co2/h2o/ch4/none	8u/v/w/ts/co2/h2o/ch4/none	8u/v/w/ts/co2/h2o/ch4/none	8u/v/w/ts/co2/h2o/ch4/none	8u/v/w/ts/co2/h2o/ch4/none	8u/v/w/ts/co2/h2o/ch4/none	8co2/h2o/ch4/none	8co2/h2o/ch4/none	8aa	8U	[#]	[#]	[#]	[#]	[#]	[#]	[#]	[#]	[#_flagged_recs]	[#_flagged_recs]	[#_flagged_recs]	[#_flagged_recs]	[#_flagged_recs]	[#_flagged_recs]	[#_flagged_recs]	[#_flagged_recs]	[#_flagged_recs]	[#_flagged_recs]	[#_flagged_recs]	[#_flagged_recs]	[#_flagged_recs]	[#_flagged_recs]	[#_flagged_recs]	[#_flagged_recs]	[#_flagged_recs]	[#_flagged_recs]	[#_flagged_recs]	[#_flagged_recs]	[#_flagged_recs]	[#_flagged_recs]	[#_flagged_recs]	[#_flagged_recs]	[#_flagged_recs]	[#_flagged_recs]	[#_flagged_recs]	[#_flagged_recs]	[#_flagged_recs]	[#]	[#]	[m+2s-2]	[m+2s-2]	[m+2s-2]	[K+2]	--	--	--	--	[m+1s-1K+1]	--	--	--	--	--	--	--	--	--	--	--	--	241
DATA	2026-09-29T233000_AIU-1657.ghg	2026-09-30	00:00:00	273	0	18000	18000	0.05311788069227443	0	NaN	22.48553055701159	0	NaN	23.429672383860584	1	NaN	1.0754526163677842	2	NaN	0.5285606611408671	1	NaN	0.032750921466868456	0	NaN	NaN	NaN	NaN	NaN	NaN	NaN	NaN	NaN	NaN	1.5449981286188715e-10	5.449790505959731e-12	7.493823516644828e-13	NaN	17.63900362328023	439.8897261037391	446.8228837657597	-0.1	0	622.1941159674731	15.516568004729052	15.761126597408891	0.1	1	0.08555581894489692	2.0399389430913115	2.072090679024358	0	0	NaN	NaN	NaN	NaN	9	298.36734326256646	290.12865600274904	97723.2423854556	1.1665656694676494	1013.9834970414147	0.024683274798563776	0.03425073084192819	0.011327855096936295	1516.7360754092902	1929.198741205969	0.009710430705633271	78.6200012996669	412.46266579667895	286.354206655234	-0.277282177484274	-1.7307142795613952	0.4222914443538925	1.8029385423254614	8.623146777392493e-15	8.758987534759384e-15	1.8029385423254614	3.392102128752315	260.1021517144286	260.89784828557146	13.545883583748072	NaN	0.2133859269432559	0.24196904370717365	-37.11356148755327	-0.05397218482176056	0.9597031571171536	0.08908350320668691	0	12.71163049932637	-1.9290389700571104	4.363491402644286	10.865710561427955	16.570894191318924	23.240914719379198	34.81912529878006	0.052492164164183897	1.0119201891949707	23.416660135246286	1.0234222908429074	21.20027289465546	1.1051589996168	0.9731202630034989	1.1051589996168	0.47826662165728084	1.1051589996168	0.019032393934418967	1.3055253632611967	NaN	NaN	800000009	800000009	800000009	800000019	800000019	800001019	899999999	899999999	89999	89999	89	89	18	10	0	54	21	3	10	NaN	0	0	0	0	0	0	0	0	0	NaN	NaN	NaN	NaN	0	39	0	0	0	0	300	0	0	18000	0	15	18000	18000	18000	18000	93	NaN	0.20624629409662887	0.16549383265350787	0.11219796066421055	0.023291624296195298	8.895155837572812	0.03367113416148881	1.4445477162079936e-7	NaN	0.019796338644210217	0.02439847704224983	0.011991300183765258	0.000019032393934418967	NaN	17.640263497243303	622.2393029606785	92.29046503957113	92.28281843905978	92.29810414822896	-0.015281150887626292	0.0002776920141574616	36.7736902218797	092
DATA	2026-09-30T000000_AIU-1657.ghg	2026-09-30	00:30:00	273.02	0	18000	18000	0.13484295413391972	1	NaN	25.439920175927334	1	NaN	51.00362462237016	0	NaN	7.918793429400182	0	NaN	1.1504696327926154	0	NaN	0.04541152603209278	0	NaN	NaN	NaN	NaN	NaN	NaN	NaN	NaN	NaN	NaN	-6.083618565055937e-11	-2.1377484154346706e-12	-2.927033956959253e-13	NaN	17.79494445764776	443.56194251543394	450.58499014614017	0.1	0	625.3040671483107	15.586510390478018	15.833296226629901	0.1	1	0.08561747606748574	2.040283256894655	2.072587666087301	0.1	0	NaN	NaN	NaN	NaN	9	298.33991604444714	289.9983919357041	97712.7426227048	1.166933236039972	1014.0203061355296	0.02467484348344559	0.07455043220496148	0.011382804605719856	1523.4092069805245	1913.3263156652013	0.00975446088445282	79.62098229182013	389.9171086846768	286.4214722918925	-0.3399713681247796	-1.749028047346786	0.5016241144655781	1.8510284691931649	-2.6208886221784016e-14	-3.4187342250688347e-15	1.8510284691931649	3.990273664329854	261.9998344550977	259.0001655449023	15.723633392201902	NaN	0.33993127604246826	0.25833911232805595	-132.60715943360384	-0.015105519253679122	0.49878651496406395	0.06324583902721834	0	18.62562823974348	-2.826510943514714	6.393575450236396	15.920906880398727	24.280387541471335	34.053588761699665	51.01848134135838	0.13325268860158807	1.011934209726052	27.883728453297678	1.0236226644530948	46.11780989864185	1.1059420370235793	7.1602246449660445	1.1059420370235793	1.0402621423893725	1.1059420370235793	0.026865835701246076	1.30563937412903	NaN	NaN	800000009	800000009	800000009	800000019	800000019	800000019	899999999	899999999	89999	89999	89	89	12	5	1	26	0	0	9	NaN	0	0	0	0	0	0	0	0	0	NaN	NaN	NaN	NaN	0	0	0	0	0	0	300	150	0	18000	0	15	18000	18000	18000	18000	93	NaN	0.24330759362693294	0.16380824299677446	0.10956238803240442	0.041778180168593755	28.102039345126226	0.051814769855911824	4.7604409495348667e-7	NaN	0.023564497511289806	0.17947557063982092	0.026074830173323515	0.000026865835701246077	NaN	17.796247553507495	625.3479123067057	92.26411258557496	92.246246189022	92.28197951199529	-0.03573225979687952	0.00027702762325740576	37.719789198557535	158
DATA	2026-09-30T003000_AIU-1657.ghg	2026-09-30	01:00:00	273.041	0	18000	18000	0.07434695853806471	1	NaN	22.435309186444165	1	NaN	34.3771770260141	1	NaN	10.706504317526663	1	NaN	0.7753539335388612	1	NaN	0.012392831065898556	0	NaN	NaN	NaN	NaN	NaN	NaN	NaN	NaN	NaN	NaN	4.3055763239089587e-10	1.51606124496631e-11	2.0650119005704697e-12	NaN	17.837137985749788	444.50035492945113	451.56809907531755	0	0	628.073725488172	15.65155767278322	15.90042407725001	0.1	1	0.08554929570787406	2.037761365105676	2.0701626349790923	-1.3	0	NaN	NaN	NaN	NaN	9	298.24610545645817	289.89241587665794	97694.62192156602	1.1671144692102042	1014.0548501177756	0.024670401483651086	0.0502429348933182	0.011432366606717408	1529.4831669743255	1900.4979288506615	0.00979541159699081	80.4780233514535	371.014761876336	286.4824733437294	-0.3286932293171302	-1.8697563127134469	0.4678350460135084	1.9552231428175166	1.8663828399434478e-15	2.4138268859884995e-14	1.9552231428175166	3.8884025333304404	260.9704188654482	260.02958113455173	13.843724917845904	NaN	0.25239158833300024	0.22472561171540367	-61.5387191344184	-0.03255023874683919	0.6526222083176517	0.07510732291779829	0	14.642716342449527	-2.222088696927913	5.026370682739984	12.516373695615124	19.088259621539972	26.771555528849245	40.10866859835667	0.07346641267733857	1.0119856928987871	23.973182969902517	1.0240765239730656	31.03540126053614	1.1076762545270287	9.665734255627136	1.1076762545270287	0.6999824455656791	1.1076762545270287	0.0023301253133773624	1.3059243996262255	NaN	NaN	800000009	800000009	800000009	800000019	800000019	800100019	899999999	899999999	89999	89999	89	89	12	0	0	56	28	0	1	NaN	0	0	0	0	0	0	0	0	0	NaN	NaN	NaN	NaN	0	0	0	0	0	0	300	0	0	18000	0	25	18000	18000	18000	18000	93	NaN	0.2164244496416191	0.12280885743718901	0.11021791635199923	0.028781429118461783	21.112944673418284	0.038494340234200945	7.069455895714302e-8	NaN	0.020255865296889775	0.24225015403216144	0.01754350479472112	0.0000023301253133773622	NaN	17.838389063199358	628.1192935875998	92.23058720970154	92.20497560162013	92.25619896888733	-0.05122065074659127	0.000276643557275141	36.143172846365815	164
DATA	2026-09-30T010000_AIU-1657.ghg	2026-09-30	01:30:00	273.062	0	18000	18000	0.01830393518918227	1	NaN	7.629287418496974	1	NaN	25.33322345780358	0	NaN	7.235207274953143	0	NaN	0.5714601520344273	0	NaN	0.009052118515639772	0	NaN	NaN	NaN	NaN	NaN	NaN	NaN	NaN	NaN	NaN	-1.2883457174701489e-10	-4.526205782581339e-12	-6.126657237806963e-13	NaN	17.987204551418234	448.60462273945734	455.7879971906871	0	0	631.9250194192457	15.760341420804222	16.012707152600562	0.1	1	0.08553716247006832	2.0390074640780758	2.0716574934823244	0	1	NaN	NaN	NaN	NaN	9	298.3394983054267	290.0494923840539	97697.91841543079	1.1664735081800113	1014.1192415158339	0.024682936123848333	0.03703061785183089	0.011505979509242077	1540.165572651071	1919.5391046693017	0.009863901261841999	80.23621758497131	379.37353201823066	286.589242287193	-0.2419644686678313	-0.9900127941179644	0.33862777724310145	1.0739371062289496	-2.4765195395947002e-14	-7.16256777859663e-15	1.0739371062289496	2.5246079423851264	264.73415710635095	256.2658428936491	18.37979166568535	NaN	0.12526645716129362	0.15677663559613816	-22.125666266664105	-0.09053286693644087	0.3011573884864963	0.051485540788984326	1	13.307612152702363	6	11	19	31	53	143	0.018069545665695512	1.0129715227943854	8.964642184149803	1.0214972622069254	23.130853863640485	1.095213501721396	6.606207158313191	1.095213501721396	0.521779681437672	1.095213501721396	0.0039046706937734005	1.306141582636951	NaN	NaN	800000009	800000009	800000009	800000019	800000019	800000019	899999999	899999999	89999	89999	89	89	5	0	0	21	0	0	7	NaN	0	0	0	0	0	0	0	0	0	NaN	NaN	NaN	NaN	0	0	0	0	0	0	300	0	0	18000	0	15	18000	18000	18000	18000	93	NaN	0.2453860580178033	0.039962406195130355	0.028204806979342665	0.022694715018963155	34.065777222440204	0.06009605318512708	5.194182131307681e-7	NaN	0.007578252245436057	0.16567234237663536	0.013085339281183876	0.000003904670693773401	NaN	17.988529736518867	631.9703225666117	92.24282891803318	92.23077027130128	92.25488823276098	-0.024117847053255807	0.0002773968097284928	38.69681759611767	184
DATA	2026-09-30T013000_AIU-1657.ghg	2026-09-30	02:00:00	273.083	0	18000	18000	0.009399698772001927	1	NaN	6.017343316946056	1	NaN	19.833903134028724	1	NaN	2.550539420196633	1	NaN	0.447409138244773	1	NaN	0.00242913043132946	2	NaN	NaN	NaN	NaN	NaN	NaN	NaN	NaN	NaN	NaN	-3.663134723144797e-10	-1.2896705539596627e-11	-1.7429715039518362e-12	NaN	17.937016169589512	447.29050865134354	454.4469776568942	0	0	631.503980283816	15.747643525871913	15.9995995156003	0.1	1	0.08534686931382633	2.0344938407808946	2.067044927450344	0	1	NaN	NaN	NaN	NaN	9	298.4441908306546	290.0522742354398	97690.8752317267	1.1663838626250742	1014.1121247683595	0.02468495243054465	0.02899211215826129	0.011495770226690611	1538.8137386837575	1919.8778290737232	0.00985590644302822	80.15164899457085	381.0640903899657	286.57576697872867	-0.10881438443612555	-1.0941980399595008	0.24863242717581663	1.1273544273007439	-3.950949405979923e-14	-2.0422207843884815e-14	1.1273544273007439	2.405686867134102	256.6792035561889	264.3207964438111	12.741047818293433	NaN	0.0897710318087165	0.14555190129722448	-10.324202264588692	-0.19401983307422171	0.30338674522525994	0.0566684189796064	1	21.07893514485298	9	17	29	45	74	181	0.009281179129703719	1.012769890618628	7.061697839893131	1.0215330427118194	18.10058477920088	1.095760351169404	2.327643464626802	1.095760351169404	0.4083092966151718	1.095760351169404	-0.0006412951906876558	1.3058872476918761	NaN	NaN	800000009	800000009	800000009	800000019	800000019	800000019	899999999	899999999	89999	89999	89	89	24	3	0	32	8	1	7	NaN	0	0	0	0	0	0	0	0	0	NaN	NaN	NaN	NaN	0	0	0	0	0	0	300	150	0	18000	0	25	18000	18000	18000	18000	93	NaN	0.2136290242269632	0.038534545432374424	0.03894023293511136	0.020155366776046454	5.976738625700356	0.018405867297584005	3.2854889431206094e-7	NaN	0.005970100653234596	0.05837732001913294	0.010240401005363017	-6.412951906876558e-7	NaN	17.938392420874695	631.551597713477	92.24322045707703	92.22943335384792	92.2570063135359	-0.02757339766357727	0.00027724332192317685	38.082581657144715	053
DATA	2026-09-30T020000_AIU-1657.ghg	2026-09-30	02:30:00	273.104	0	18000	18000	0.08156458812723008	1	NaN	26.543851284356958	0	NaN	34.60592470179605	0	NaN	8.678177828654444	0	NaN	0.7805148181726774	0	NaN	0.02349123282433957	0	NaN	NaN	NaN	NaN	NaN	NaN	NaN	NaN	NaN	NaN	2.5571293643045536e-10	9.013435181160854e-12	1.2122215097354807e-12	NaN	18.08585098249557	450.69371573211913	457.969089493008	0.2	0	637.4947149816666	15.886167708268404	16.142611948938743	0.1	1	0.08573699042720997	2.042466204423516	2.0754369437803466	-0.1	0	NaN	NaN	NaN	NaN	9	298.30463789537214	289.8945916730805	97686.47483403955	1.166904235369819	1014.1871534360628	0.024672644184004746	0.0505773602175895	0.011602678045893088	1552.2799930587032	1900.7605483994635	0.009943127888481723	81.66625692888047	348.48055534076025	286.7095388483026	-0.04334415361986096	-1.7305457584128892	0.21255703559218117	1.7440893987962873	-1.1854762972885587e-14	1.4138839066956135e-14	1.7440893987962873	3.4188107481758805	252.43476007044364	268.5652399295564	7.000198778049595	NaN	0.26438281090501026	0.24595649619592158	-59.78381600601621	-0.03350572335159105	0.7670319898424599	0.08483545600092393	0	14.53705875334356	-2.2060547501514955	4.990101851474598	12.426059177591293	18.95052428304995	26.57837975820384	39.81925609269561	0.08060440821302492	1.0119122506509515	28.04991132975552	1.0231856037980804	31.3398516567919	1.1042146938272548	7.859139963602108	1.1042146938272548	0.7068505993769926	1.1042146938272548	0.01006235512413914	1.3054048877498858	NaN	NaN	800000009	800000009	800000009	800000019	800001019	800011119	899999999	899999999	89999	89999	89	89	24	13	0	51	29	2	11	NaN	0	0	0	0	0	0	0	0	0	NaN	NaN	NaN	NaN	0	0	0	0	0	0	300	0	0	18000	0	20	18000	18000	18000	18000	93	NaN	0.22211021741983938	0.14665356402541793	0.12314921094658583	0.02576186466801185	4.653813474079313	0.011363003508134814	5.854554257633541e-8	NaN	0.02370162766896003	0.19703676260166225	0.017721475172768456	0.00001006235512413914	NaN	18.08718637041439	637.5435131222839	92.17565131314595	92.14391946940952	92.20738371573555	-0.06346202420608833	0.00027708970406416087	37.053011366208395	031
DATA	2026-09-30T023000_AIU-1657.ghg	2026-09-30	03:00:00	273.124	0	18000	18000	0.05111676855642616	1	NaN	17.276809608254084	0	NaN	51.79632849275329	1	NaN	15.287737951215297	1	NaN	1.1682466500915372	1	NaN	0.036830718527488863	0	NaN	NaN	NaN	NaN	NaN	NaN	NaN	NaN	NaN	NaN	1.6381983851374532e-10	5.781006390114293e-12	7.701398507298499e-13	NaN	18.181167576273022	453.1783686532705	460.5434360351563	0	0	641.5916832280008	15.992123230095302	16.2520276591595	0.1	1	0.08547219805805417	2.036343835142666	2.069438551474964	0.2	0	NaN	NaN	NaN	NaN	9	298.3404540057712	289.9062420774988	97698.41466675495	1.166952923278453	1014.2471767210583	0.02467062034582329	0.07570238292593161	0.011681022264716038	1562.824185360795	1902.1672986197243	0.010009848753709121	82.16018572576829	339.3431132589294	286.813572919509	-0.2309748044974559	-1.4277313654389592	0.4242901957033729	1.5072452960088738	-5.025307065709002e-15	9.010413540631747e-15	1.5072452960088738	2.6834061577806683	260.18955017851476	260.8104498214852	16.34977535623867	NaN	0.2092931562850943	0.11512830713653785	-45.57173376149211	-0.04395487804970478	0.33355278474363764	0.06974472658492187	0	16.24046754243378	-2.4645536056891038	5.5748269665397165	13.882107390369946	21.171089678659314	29.692754299029637	44.4851566681976	0.05051043860587925	1.0120040523757468	19.952842388029165	1.0223443620337662	47.06160880836239	1.1006068386584693	13.890280719906787	1.1006068386584693	1.0614568336823293	1.1006068386584693	0.02210993942324533	1.3051691683641045	NaN	NaN	800000009	800000009	800000009	800000019	800000019	800000019	899999999	899999999	89999	89999	89	89	13	7	0	37	2	5	9	NaN	0	0	0	0	0	0	0	0	0	NaN	NaN	NaN	NaN	0	0	0	0	0	0	300	0	0	18000	0	20	18000	18000	18000	18000	93	NaN	0.08097985446738055	0.0907748152716336	0.05850194453406153	0.025203075384481584	15.870366675601321	0.04175282394138775	3.503846074144838e-7	NaN	0.016858061281864945	0.34825263509895305	0.026612503147174907	0.000022109939423245328	NaN	18.18255491802428	641.639484043737	92.16473068534003	92.13702397113376	92.19243805185954	-0.05541377564322962	0.00027732612901470717	38.332371848000406	034
DATA	2026-09-30T030000_AIU-1657.ghg	2026-09-30	03:30:00	273.145	0	18000	18000	0.05975739488392178	1	NaN	26.980400129561485	1	NaN	37.16219499104169	0	NaN	5.933008692682529	0	NaN	0.8383475432650206	0	NaN	0.028918828013081405	1	NaN	NaN	NaN	NaN	NaN	NaN	NaN	NaN	NaN	NaN	-1.7750374274303673e-10	-6.263665725238698e-12	-8.291896580935459e-13	NaN	18.253401853057667	454.8593021872989	462.2792793069192	0.1	0	644.1171650195585	16.050853784199102	16.312686327265546	0.1	1	0.08526880508368735	2.033457013905641	2.0666281603334618	0.9	0	NaN	NaN	NaN	NaN	9	298.4126955574883	290.11459630071784	97700.03859595692	1.1661081703562208	1014.2843523054514	0.0246879406426763	0.05432492080357333	0.011715695299713232	1568.5896789573076	1927.4800539690514	0.010046834073835826	81.38033261238061	358.8903750117438	286.870197336972	-0.2653627571816177	-1.6274283919868353	0.49160049191483984	1.7206427890747065	1.0537026724749063e-14	-9.724419818944747e-15	1.7206427890747065	3.013276410678643	260.26094760031583	260.7390523996841	16.60114188831755	NaN	0.22637392917983765	0.17583216788098704	-36.92633674378882	-0.054245835808149324	0.726017398489658	0.10076817968505074	0	14.63714174627057	-2.221242730450827	5.024457104265423	12.511608614646118	19.080992572403694	26.76136338910785	40.09339891577304	0.05905392998808848	1.0119122452303377	28.630677148759602	1.023094036168338	33.66605220634106	1.103847720643709	5.374843451434311	1.103847720643709	0.7594775326221067	1.103847720643709	0.014155397334092847	1.3053648521097978	NaN	NaN	800000009	800000009	800000009	800000019	800000019	800001019	899999999	899999999	89999	89999	89	89	16	3	0	38	13	5	12	NaN	0	0	0	0	0	0	0	0	0	NaN	NaN	NaN	NaN	0	0	0	0	0	0	300	150	17996	18000	0	15	18000	18000	18000	18000	93	NaN	0.1418196623190608	0.12109460677329283	0.08875006666962049	0.021929070446175154	5.330916225922629	0.016074769922112913	2.0431850911091908e-7	NaN	0.02420655887350466	0.13485899879542795	0.019055881456362646	0.000014155397334092847	NaN	18.254781828568273	644.1661647099562	92.13863850890266	92.10476558706496	92.17251102998522	-0.06773863280316184	0.0002768216788859313	33.62941177820147	202
DATA	2026-09-30T033000_AIU-1657.ghg	2026-09-30	04:00:00	273.166	0	18000	18000	0.05079968022447611	1	NaN	15.457986575317559	1	NaN	52.429573028276685	1	NaN	24.388085215943423	1	NaN	1.1829496306775407	1	NaN	0.07010075979550105	1	NaN	NaN	NaN	NaN	NaN	NaN	NaN	NaN	NaN	NaN	8.054561674491e-10	2.840710587699979e-11	3.7160720975485205e-12	NaN	18.529887324627687	461.9631930408028	469.6144700096969	0	0	653.5184562390717	16.292677201228678	16.56252507592803	0.1	1	0.08548993730576702	2.0404395610002206	2.0742343923952022	-0.1	0	NaN	NaN	NaN	NaN	9	298.4493884150187	290.2751740950245	97683.32047559145	1.1651564557051328	1014.4239206787248	0.024705832947489403	0.07665513606790463	0.011883592381627164	1591.9497175986974	1947.1895390175891	0.010199138770969103	81.75627927838396	355.2398214188918	287.0977657227643	-0.05015617871998206	-0.7453398802371197	0.26383422622918945	0.7922472330439679	4.504534705413002e-14	4.346794739429338e-14	0.7922472330439679	1.9561894345304003	254.84980250806757	266.15019749193243	19.452184103169632	NaN	0.20880378474234404	0.15085409179409312	-50.57481378067563	-0.039606670796391026	0.294833348480268	0.0626340986654623	0	20.572610245470248	-3.1219729743884024	7.061911368554828	17.58515781529308	26.818475225109545	37.613292826230136	56.35156669303399	0.05006278523108497	1.014719416628334	18.233103047909513	1.0218465170360613	47.95909023182272	1.0932145037540273	22.308600125772507	1.0932145037540273	1.0820837325294979	1.0932145037540273	0.04877457289821832	1.3085331039766093	NaN	NaN	800000009	800000009	800000009	800000019	800000019	800000019	899999999	899999999	89999	89999	89	89	5	4	0	21	1	0	1	NaN	0	0	0	0	0	0	0	0	0	NaN	NaN	NaN	NaN	0	0	0	0	0	0	300	0	18000	18000	0	15	18000	18000	18000	18000	93	NaN	0.21759147583274716	0.05187561126593527	0.032241096489503775	0.02833831671754561	25.878836120562976	0.05688881660497572	0.0000010605141463977933	NaN	0.015426125459827477	0.5602835150804945	0.027176679569985096	0.000048774572898218324	NaN	18.53124215813625	653.565666564539	92.10234598710801	92.07035432052612	92.1343376744588	-0.06398003365741034	0.00027708394311452546	35.34262318505184	040
DATA	2026-09-30T040000_AIU-1657.ghg	2026-09-30	04:30:00	273.187	0	18000	18000	0.08766477874653923	1	NaN	42.64803872204531	1	NaN	58.47228021943119	1	NaN	-5.155935181400303	1	NaN	1.3190471913302049	1	NaN	0.1282440172664077	1	NaN	NaN	NaN	NaN	NaN	NaN	NaN	NaN	NaN	NaN	-7.301203289869855e-10	-2.5555011160513547e-11	-3.342353104863744e-12	NaN	18.756264973300873	467.54426147592073	475.3227090463088	0.1	1	656.4898163940824	16.36456121777729	16.636815401890384	0.1	1	0.08586264206084956	2.047648472481313	2.081714822125947	0.2	0	NaN	NaN	NaN	NaN	9	298.2428262617324	290.0848769986427	97673.92446283545	1.1657767710204794	1014.4608232729024	0.024692011513107397	0.08547425799819727	0.01194270454800335	1598.8196676955517	1923.8515221390694	0.010244418009417989	83.10514867165398	325.03185444351766	287.16413260782866	-0.05534673333006193	-0.47756569487892625	0.24865497926057173	0.5412592285833125	4.197615080782626e-14	-3.8926744211936416e-14	0.5412592285833125	1.7581684631124412	257.6107137016836	263.3892862983164	27.348455729345826	NaN	0.27422362769642783	0.1650966736937014	-41.520422378105806	-0.04824372887536562	0.7293719102795095	0.13150537819867406	0	22.98342371590443	-3.487823219504685	7.889465619142592	19.645884909957896	29.961214068540237	42.02102873970408	62.955158286062364	0.08610037580111116	1.018169525171897	45.256526667811706	1.02356338713076	53.4689024615967	1.093575471488836	-4.714750207757325	1.093575471488836	1.2061784721034416	1.093575471488836	0.08721695163290444	1.3134333116786479	NaN	NaN	800000009	800000009	800000009	800000019	800000019	800000019	899999999	899999999	89999	89999	89	89	6	3	0	10	4	0	8	NaN	0	0	0	0	0	0	0	0	0	NaN	NaN	NaN	NaN	0	0	0	0	0	0	300	0	18000	18000	0	15	18000	18000	18000	18000	93	NaN	0.24650013398123913	0.04154011514214364	0.04215309826402003	0.0625581066767921	7.055608169694175	0.04643038561738424	0.000004639267832733503	NaN	0.03826753978614326	-0.11835399717257886	0.030278601662093417	0.00008721695163290444	NaN	18.757712769318942	656.5370132189419	92.0871561135186	92.05504731072321	92.11926856613158	-0.06422005531936953	0.00027729002699036055	38.533409435484266	108
DATA	2026-09-30T043000_AIU-1657.ghg	2026-09-30	05:00:00	273.208	0	18000	18000	0.02935973617680736	1	NaN	-1.6610094299130826	2	NaN	20.73827388766489	1	NaN	13.506244336386327	2	NaN	0.46781765000817743	1	NaN	0.055466581416121194	1	NaN	NaN	NaN	NaN	NaN	NaN	NaN	NaN	NaN	NaN	-2.1678311714930585e-11	-7.547297410108933e-13	-9.957198165548457e-14	NaN	18.6609827234854	465.0984797083868	472.75348806609134	0.2	0	649.6815270076943	16.192388953107873	16.458897828486183	0.1	1	0.08571290300879192	2.0437849837171407	2.0774234319475355	0.1	0	NaN	NaN	NaN	NaN	9	298.2349587843154	290.06980499439993	97676.86836974754	1.1659488580977013	1014.3633164416741	0.02468998442491399	0.030314583720529895	0.011818025030425014	1582.0460976813793	1922.0136192928526	0.010135972044011142	82.31190881277135	339.96752161147333	287.0016477094658	-0.02729970951288867	-0.5285011501198396	0.21644766918451963	0.5717589818383745	-7.283391322491974e-14	-1.1616918592206715e-15	0.5717589818383745	1.4917421245955083	253.956983497215	267.043016502785	22.24479453798568	NaN	0.1586851634999135	0.17580926483448753	206.57565297474443	0.009696689668675018	-0.08009390940202839	-0.008850396711549337	1	3.0327875564738846	1	3	5	9	18	62	0.028995594345260053	1.0125585227607805	-0.44714458179604594	1.020747415013158	18.853366704380196	1.0999772196043252	12.278658226435528	1.0999772196043252	0.4252975804139444	1.0999772196043252	0.040941186894747864	1.3812247732002	NaN	NaN	800000009	800000009	800000009	800000019	800000019	800100019	899999999	899999999	89999	89999	89	89	9	2	0	27	3	2	1	NaN	0	0	0	0	0	0	0	0	0	NaN	NaN	NaN	NaN	0	0	0	0	0	0	300	150	18000	18000	0	15	18000	18000	18000	18000	93	NaN	0.23322499766767718	0.0759128772168678	0.04248065478443008	0.0341641718657334	64.06361574585479	0.06802138336905317	6.184794947655967e-7	NaN	-0.00037807236696884455	0.30815091832946073	0.010673465907349381	0.00004094118689474786	NaN	18.66231135722236	649.7279090239172	92.10968010902405	92.0758742084503	92.14348590808443	-0.06760873330881222	0.00027738714433831374	37.07177360630034	230
DATA	2026-09-30T050000_AIU-1657.ghg	2026-09-30	05:30:00	273.229	0	18000	18000	0.017760630644959183	1	NaN	4.132833881407806	0	NaN	40.47438581593258	1	NaN	1.0023940022502893	1	NaN	0.9130054592151885	1	NaN	-0.0009698625594135814	2	NaN	NaN	NaN	NaN	NaN	NaN	NaN	NaN	NaN	NaN	-3.211096658153786e-10	-1.110634539194779e-11	-1.4534232997559692e-12	NaN	19.041115328031992	474.7084251826463	482.632736197577	0.1	1	658.5824906392664	16.418925656312574	16.69300689551027	0.1	1	0.0861848882712045	2.0549860641823665	2.08928996072194	0	1	NaN	NaN	NaN	NaN	9	298.1331557956272	290.04377687615863	97686.18716719633	1.166064225929877	1014.4907729376297	0.024685413883756894	0.059162753757144214	0.01198558172001373	1604.3324745452846	1918.8433361555485	0.010278663433359201	83.60935175456302	314.5108616102639	287.2172078124653	0.1895169034329984	0.053805041345227754	0.11657427350589465	0.22891308482571085	2.307647296041702e-15	-1.6864015593805403e-14	0.22891308482571085	1.0425841640611053	145.15042203029532	15.84957796970468	30.613968427634745	NaN	0.12341500225359739	0.05360545185322331	-39.061138245135815	-0.05128114770821971	0.10210986030036144	0.0283080152371518	1	0.8721608443402616	1	1	1	2	4	15	0.017197216685957875	1.0327619270774995	6.333986712862134	1.0328576816168606	36.67268718161556	1.103665668552995	0.908240630121727	1.103665668552995	0.8272482194831889	1.103665668552995	-0.003895681307708105	1.33455510870236	NaN	NaN	800000009	800000009	800000009	800000019	800000019	800100019	899999999	899999999	89999	89999	89	89	16	1	0	9	6	0	0	NaN	0	0	0	0	0	0	0	0	0	NaN	NaN	NaN	NaN	0	0	0	0	0	0	300	0	18000	18000	0	15	18000	18000	18000	18000	93	NaN	0.027362447904987822	0.03397839916498173	0.04587005663647708	0.045938440175156914	1.7264098405989872	0.038144418680547236	4.499837987090244e-7	NaN	0.005354347761751452	0.022794660082159163	0.02076194495302792	-0.000003895681307708105	NaN	19.04258585376232	658.6319405236601	92.09780058330959	92.07367223527697	92.12192959340413	-0.0482567033188194	0.00027715155824100497	35.09522323097186	252
DATA	2026-09-30T053000_AIU-1657.ghg	2026-09-30	06:00:00	273.249	0	18000	18000	0.01564946456557651	1	NaN	-8.564253880092142	1	NaN	7.688182768477529	1	NaN	-3.6904244632522785	1	NaN	0.17341352963883658	1	NaN	0.03242557788944108	1	NaN	NaN	NaN	NaN	NaN	NaN	NaN	NaN	NaN	NaN	2.163516729774276e-10	7.366935003912888e-12	9.71820399478591e-13	NaN	19.32387615542401	481.59679611848986	489.6260405088568	0.1	1	657.9923219522467	16.39872826621387	16.672129995631217	0.1	1	0.08680005468133481	2.068860417506095	2.1033527273295727	0	1	NaN	NaN	NaN	NaN	9	298.1388661710952	289.9629199563582	97704.55305371646	1.166617643065887	1014.4778564202986	0.024673893295348966	0.01123719672059661	0.011976427265980671	1602.6601972478345	1909.0240094585647	0.010265940462297877	83.95180936998165	306.3638122107302	287.20112472565745	0.1394826151401954	0.01793759101103218	0.17810723299646858	0.22693466800663978	-7.70628021992167e-15	1.1196080498409733e-14	0.22693466800663978	1.629799995298911	153.67193174438432	7.32806825561565	51.70581262837079	NaN	0.11582050960972247	0.06343567144112847	15.58159673539765	0.12855550262377394	-1.1139503492563432	-0.06247883883864827	1	0.7061248285706524	1	1	1	3	6	41	0.015333940001221215	1.0205768748495276	-7.916039746397309	1.0326174409017896	6.685176652180409	1.1500343474050134	-3.208968907389166	1.1500343474050134	0.15078986991139376	1.1500343474050134	0.022586448509642063	1.589611314194913	NaN	NaN	800000009	800000009	800000009	800000019	800000019	800000019	899999999	899999999	89999	89999	89	89	16	3	2	23	0	0	0	NaN	0	0	0	0	0	0	0	0	0	NaN	NaN	NaN	NaN	0	0	0	0	0	0	300	0	17900	18000	0	15	18000	18000	18000	18000	93	NaN	0.03291207855374474	0.060199100135392265	0.03376016419311993	0.038720265615213745	12.616651885320312	0.022070484031055097	4.80111262998259e-7	NaN	-0.006688625098331487	-0.08049817825433105	0.003782619955937983	0.000022586448509642064	NaN	19.325414690443424	658.0394270289862	92.1147137260437	92.0915173763699	92.1379100519816	-0.04639398294945912	0.0002775930475925431	36.366898359600256	244
DATA	2026-09-30T060000_AIU-1657.ghg	2026-09-30	06:30:00	273.27	1	18000	18000	0.01682176215702183	1	NaN	-5.513692124954616	0	NaN	-0.7175686041220639	2	NaN	-0.7900222283785651	0	NaN	-0.01618761878345011	2	NaN	0.023234370026539636	0	NaN	NaN	NaN	NaN	NaN	NaN	NaN	NaN	NaN	NaN	8.246909256195035e-12	2.774333480014022e-13	3.774794318004439e-14	NaN	19.556328242941817	487.3072122848927	495.4290014589434	0.1	1	657.8922418696509	16.39344719451955	16.666671391890922	0.1	1	0.08951367650496755	2.1348898596533252	2.1704713674020475	0	1	NaN	NaN	NaN	NaN	9	298.24369938405357	290.1069515387756	97729.91849841102	1.166343506859169	1014.4776806759886	0.02467974221356376	-0.001048957697167567	0.011969732947388659	1602.5600127102273	1926.5461059142153	0.010262613781442309	83.18306049310742	323.98609320398805	287.20016073497504	0.1459669815479211	0.03718239661738067	0.1286003604571955	0.19805792847079845	-1.056071980306968e-14	4.21700288200648e-16	0.19805792847079845	1.865818591290694	146.70889061757316	14.291109382426841	40.4893582018285	NaN	0.12009433069975503	0.05231880776373347	26.986799017739706	0.07422517945471291	7.683853631947218	-0.03880172501034388	1	0.529427889351164	1	1	1	2	7	NaN	0.0164727727960542	1.021185829810706	-5.422072587539812	1.0298355748610337	-0.6335333038408317	1.1326454343785295	-0.6975017992387369	1.1326454343785295	-0.014291867774430294	1.1326454343785295	0.01715817554612589	1.515528490462146	NaN	NaN	800000009	800000009	800000009	800000019	800000019	810000019	899999999	899999999	89999	89999	89	89	16	11	2	23	11	0	0	NaN	0	0	0	0	0	0	0	0	0	NaN	NaN	NaN	NaN	0	0	0	0	0	0	300	150	18000	18000	0	15	18000	18000	18000	18000	93	NaN	0.030746515432576595	0.04208443133845666	0.03180666875643369	0.026363305240300117	1.9334086605613157	0.038775379152671575	0.0000011914342770018288	NaN	-0.004582435436655297	-0.01750114566500138	-0.00035859987747448465	0.000017158175546125888	NaN	19.557784070226305	657.941134391094	92.09392168807983	92.06673461023965	92.12110508812799	-0.05437044660799177	0.00027672785949511716	36.01583493879107	241
DATA	2026-09-30T063000_AIU-1657.ghg	2026-09-30	07:00:00	273.291	1	18000	18000	0.011504094072442425	1	NaN	0.6950109579501021	1	NaN	15.222319800608544	1	NaN	-0.48361110517093286	2	NaN	0.3434668411683597	1	NaN	0.012329009105935543	0	NaN	NaN	NaN	NaN	NaN	NaN	NaN	NaN	NaN	NaN	1.8489437058264128e-10	6.237471289174156e-12	8.514444535693294e-13	NaN	19.526134184133454	486.8998218182818	495.0310648149819	0.1	1	658.7204411810741	16.425722696290002	16.700032804149917	0.1	1	0.08991846857392521	2.1464946601866184	2.1823411914256674	0	1	NaN	NaN	NaN	NaN	9	298.4706539332072	290.3087286928683	97757.88495056497	1.165852059769846	1014.4998560457833	0.024689842375098952	0.022256651307709707	0.011988392779580687	1606.1746333793487	1951.330311008564	0.010282945146528581	82.31177593654975	345.15567762921523	287.23490768150276	0.16682410099244288	0.08768856685696358	0.14143092153618536	0.23563164260332628	4.507736936121824e-15	9.469072005706215e-15	0.23563164260332628	1.1536096290655593	133.27201832120886	27.727981678791142	36.885685103541725	NaN	0.09933550181140918	0.03717227400455551	-121.1828237884033	-0.016529570259045973	0.04565736149639411	0.005915503666406317	1	1.4410175120706858	1	1	2	4	7	21	0.011146563830923974	1.0320753773935742	1.5477589069813156	1.03240275856946	13.799335475841556	1.1031197717642418	-0.4384030796560593	1.1031197717642418	0.31135951866681366	1.1031197717642418	0.008551760077911487	1.3335446590379938	NaN	NaN	800000009	800000009	800000009	800000019	800000019	800000019	899999999	899999999	89999	89999	89	89	11	8	1	20	2	0	1	NaN	0	0	0	0	0	0	0	0	0	NaN	NaN	NaN	NaN	0	0	0	0	0	0	300	0	18000	18000	0	15	18000	18000	18000	18000	93	NaN	0.027243222683432468	0.026589348408906144	0.020511976916772406	0.02625097613454429	3.936603668140699	0.033574813501548846	3.408389502685603e-7	NaN	0.0013086028984061495	-0.011004915105225341	0.007815832573120362	0.000008551760077911487	NaN	19.527617399265605	658.7687516351551	92.13537705061171	92.12391304567124	92.14683998446995	-0.02292777763688618	0.00027731924924915397	38.31730296484629	168
DATA	2026-09-30T070000_AIU-1657.ghg	2026-09-30	07:30:00	273.312	1	18000	18000	0.014394831088788385	1	NaN	7.396212797912189	0	NaN	6.87897515317062	0	NaN	-1.1852916857224338	1	NaN	0.15519675882270936	0	NaN	0.03189172977325195	0	NaN	NaN	NaN	NaN	NaN	NaN	NaN	NaN	NaN	NaN	-1.3788572895963414e-10	-4.62861337325193e-12	-6.331865784962199e-13	NaN	19.63327949380438	489.31807964044805	497.489676293628	0.1	1	659.0592130997062	16.425660757544872	16.6999687793765	0.1	1	0.09015819955509177	2.151124571603088	2.1870482847894093	1.1	0	NaN	NaN	NaN	NaN	9	298.42560053931345	290.2010327326401	97795.91958117901	1.1667385104756482	1014.4978238465892	0.02467108440180263	0.010056749971711566	0.011997462580152666	1606.7934882748912	1938.0675027738478	0.01028290612886483	82.90699296981026	331.2740144989566	287.2408497717689	0.2841994650452866	0.15219979590456717	0.12880720302645027	0.3471676963038438	4.7263197877006e-15	-7.023061481050395e-15	0.3471676963038438	1.2823270067770052	132.82922992976307	28.17077007023689	21.77872268426132	NaN	0.1110750507043586	0.059922405032994897	-15.924990233233048	-0.1257834366403461	1.0751910907111166	0.05625591917018841	1	2.4527421573336436	1	2	4	6	10	28	0.014053125472935135	1.0243152753820735	7.632986563343854	1.0273357005121326	6.269364822532591	1.0972363784680454	-1.0802519028555457	1.0972363784680454	0.1414433223945729	1.0972363784680454	0.0226119349186778	1.32224263231324	NaN	NaN	800000009	800000009	800000009	800000019	800000019	800000019	899999999	899999999	89999	89999	89	89	17	7	0	13	4	0	2	NaN	0	0	0	0	0	0	0	0	0	NaN	NaN	NaN	NaN	0	3	0	0	0	0	300	0	18000	18000	0	15	18000	18000	18000	18000	93	NaN	0.049821959045947384	0.038113004939792396	0.03190984608025002	0.04434079549740871	4.7229795213404255	0.019133939267533602	4.943130466029693e-7	NaN	0.006448665427328669	-0.027096177882298154	0.00354785158326085	0.000022611934918677802	NaN	19.63480192979538	659.1086019366255	92.13697274102105	92.12487702051797	92.14906870185004	-0.02419046094229794	0.0002768707355992066	37.44491359133191	192
DATA	2026-09-30T073000_AIU-1657.ghg	2026-09-30	08:00:00	273.333	1	18000	18000	0.027042511146381638	1	NaN	-8.279414812045317	0	NaN	1.0483668885123505	1	NaN	-2.1198664848173583	0	NaN	0.023651817490956174	1	NaN	-0.003164919899257892	2	NaN	NaN	NaN	NaN	NaN	NaN	NaN	NaN	NaN	NaN	-9.138031158597938e-11	-3.066097600349579e-12	-4.1619670742179126e-13	NaN	19.770904575435168	492.6032547886204	500.88202957381395	0.1	0	663.3761914725538	16.52839250838711	16.806171507628466	0.1	1	0.0900476836227933	2.1483688140651993	2.1844746688160197	0	1	NaN	NaN	NaN	NaN	9	298.30595944637724	290.18267213810634	97824.84378575212	1.1671118077350848	1014.555578457029	0.024662229376415327	0.00153263777341396	0.01207683350756356	1617.3211280955218	1935.8142902226978	0.010347623447491332	83.54732870111542	318.493162127176	287.34162657826164	0.19036042497015332	0.01281971050881451	0.17406560839814753	0.25826395876964386	-6.692764436791145e-15	-4.621959062991838e-15	0.25826395876964386	1.3636696262900252	157.14726689966017	3.8527331003399157	42.375251257882546	NaN	0.152218443669808	0.08739221264426078	36.62188096204318	0.05469680822992453	-7.897440202250131	-0.04593503575121967	1	0.5898870469556191	1	1	1	2	6	451	0.026551798521171212	1.0184813328113782	-8.045093605767011	1.0270676851598044	0.9335296251807811	1.123014053581139	-1.8876580200019693	1.123014053581139	0.021061016481079418	1.123014053581139	-0.00031629746570352733	1.4775604132406748	NaN	NaN	800000009	800000009	800000009	800000019	800000019	800000019	899999999	899999999	89999	89999	89	89	27	11	4	16	11	0	0	NaN	0	0	0	0	0	0	0	0	0	NaN	NaN	NaN	NaN	0	0	0	0	0	0	300	150	18000	18000	0	15	18000	18000	18000	18000	93	NaN	0.0429440392949336	0.07103950943827561	0.060800876555312355	0.04011949322036769	4.113473416057041	0.021919389116237024	6.983846161505757e-7	NaN	-0.006794269907180865	-0.04733646054266277	0.0005281433210258848	-3.162974657035273e-7	NaN	19.772416207795548	663.4250817211192	92.10578661388821	92.0902329389784	92.12133920033773	-0.031104958120474684	0.0002773506643683907	37.450746290365856	208
DATA	2026-09-30T080000_AIU-1657.ghg	2026-09-30	08:30:00	273.354	1	18000	18000	0.027014472010452185	1	NaN	-7.626816834847659	0	NaN	5.562269625730604	1	NaN	-0.469222736659834	2	NaN	0.12554039998477656	1	NaN	0.016814495051659235	1	NaN	NaN	NaN	NaN	NaN	NaN	NaN	NaN	NaN	NaN	-2.6749434830132065e-11	-8.979902026188821e-13	-1.2145620838758904e-13	NaN	19.75984959723164	492.9681874236451	501.263678852893	0.1	1	663.3467755942518	16.54915721847558	16.8276404865027	0.1	1	0.08971989223807217	2.1447111669528787	2.1808015954177495	0	1	NaN	NaN	NaN	NaN	9	298.53189513227676	290.61333837131997	97842.10234485345	1.1655786301845414	1014.5756669928312	0.02469447443701873	0.008135017919013521	0.01207621644052769	1619.638668713145	1989.2749095873178	0.01036070508483474	81.41854405880709	369.6362408741727	287.36373398550927	0.25122409536499657	0.05672155696050626	0.16739091777213713	0.30716542850488987	-7.925906425004175e-15	-1.3537266414153106e-15	0.30716542850488987	1.9810674422445802	148.2770471464856	12.722952853514442	33.02149548110323	NaN	0.15223953672046003	0.09077403374233275	39.77748957296794	0.050357627429591996	-1.3711699266728512	-0.04236330594138521	1	0.8696122586469559	1	1	2	3	6	24	0.026562551545233938	1.0170134433225912	-7.159845949416969	1.0259290332562845	4.966906353955389	1.1198660150500115	-0.41899899662450174	1.1198660150500115	0.11210305366679969	1.1198660150500115	0.013385452197275287	1.4652815319477732	NaN	NaN	800000009	800000009	800000009	800000019	800000019	810100019	899999999	899999999	89999	89999	89	89	47	2	2	16	27	0	0	NaN	0	0	0	0	0	0	0	0	0	NaN	NaN	NaN	NaN	0	0	0	0	0	0	300	0	18000	18000	0	15	18000	18000	18000	18000	93	NaN	0.05257301071772016	0.07590390855791125	0.05307114820903411	0.03182126093641483	2.89063890192292	0.019066656453828917	4.032185222321835e-7	NaN	-0.006054491300265001	-0.010521122425103937	0.0028149230937500195	0.000013385452197275288	NaN	19.76140323780174	663.3976319505543	92.15306506390041	92.1576826494005	92.14844626998901	0.009234593739409167	0.0002773680583858449	36.64133195246593	007
DATA	2026-09-30T083000_AIU-1657.ghg	2026-09-30	09:00:00	273.374	1	18000	18000	0.05556533647788494	1	NaN	8.486760151896986	0	NaN	16.124787577850537	0	NaN	-0.8597736984217906	2	NaN	0.36403534287868317	0	NaN	0.0013566156160378375	1	NaN	NaN	NaN	NaN	NaN	NaN	NaN	NaN	NaN	NaN	-3.5287930879555627e-10	-1.1816147656762045e-11	-1.5984539368285987e-12	NaN	19.657934515543	491.0224081935572	499.2306908565574	0.1	1	658.2450460341081	16.44186307720126	16.716717050038305	0.1	1	0.08904546691484622	2.1311781459654986	2.166804448014829	0	1	NaN	NaN	NaN	NaN	9	298.7399781180488	290.8953624914385	97860.0396401491	1.164709623790227	1014.5206566013229	0.02471390827805856	0.023589490218538667	0.011988487389130211	1609.4329700783107	2024.9810730382007	0.010293112673111584	79.47891422331082	415.54810295989	287.2661708505708	0.4125969318166087	0.2200055817018543	0.16255945618832485	0.49503965590719085	-4.165482431069449e-14	-1.795098607722719e-14	0.49503965590719085	2.0616079653908415	132.9324989943625	28.067501005637475	19.170273404824286	NaN	0.21842037193140454	0.1326006551635349	-105.58126211486801	-0.01897211645207187	0.5263176405222627	0.032882908815748096	0	14.854223186256862	-2.254185676474302	5.098974137867368	12.697166564530992	19.36398015398126	27.15825749597705	40.68801861143858	0.0545183376576345	1.0192045257657232	9.261943107786253	1.0241644101731264	14.73865742048471	1.0940472471691551	-0.78586523630168	1.0940472471691551	0.33274188461295784	1.0940472471691551	-0.0020422250837512953	1.3149109638612944	NaN	NaN	800000009	800000009	800000009	800000019	800000019	800000019	899999999	899999999	89999	89999	89	89	16	4	0	9	6	0	5	NaN	0	0	0	0	0	0	0	0	0	NaN	NaN	NaN	NaN	0	3	0	0	0	0	300	0	18000	18000	0	20	18000	18000	18000	18000	93	NaN	0.10967645083950499	0.0758872915365202	0.07963756795104461	0.03612645852157714	0.46951813994498676	0.012820243515580145	2.8896200833894e-7	NaN	0.007838330130180413	-0.01974655867215602	0.008360857362917166	-0.0000020422250837512955	NaN	19.659429183462755	658.2936118589162	92.1998641289605	92.22182909562852	92.17789900122749	0.04392941439793087	0.00027780091435286315	38.39806362152097	023
DATA	2026-09-30T090000_AIU-1657.ghg	2026-09-30	09:30:00	273.395	1	18000	18000	0.06868170782285186	1	NaN	-3.9639295629623676	2	NaN	33.72563842188997	0	NaN	-0.9840874138190431	2	NaN	0.7620431707994355	0	NaN	0.01214735492791872	2	NaN	NaN	NaN	NaN	NaN	NaN	NaN	NaN	NaN	NaN	1.590874530182927e-10	5.511205386240693e-12	7.358528450938796e-13	NaN	19.17087157697748	480.29666135460354	488.42340769657267	0.1	1	664.1291232553593	16.638732325085034	16.920264069812394	0.1	1	0.08867412310150052	2.130927256646412	2.16698310854243	0.6	0	NaN	NaN	NaN	NaN	9	298.925834854126	291.77824229439767	97866.14628553143	1.161170849585891	1014.649517477614	0.024787369264117638	0.04938039746780342	0.012096078387362836	1628.8054043749712	2140.4171064584866	0.010417139210544829	76.09756992972163	511.6117020835154	287.4509054037443	0.2361380223896515	0.06406999940858643	0.16155610169699414	0.29320045095093095	1.7179014303984492e-14	8.298394383348885e-15	0.29320045095093095	2.306628927471186	145.8197236847064	15.180276315293584	33.43626553126794	NaN	0.24320498951090455	0.13464748886330405	312.0921456133961	0.00641829673753257	-0.11753460418971755	-0.013833792919414934	0	14.098274772245377	-2.1394675881804126	4.839481509792906	12.050993230083096	18.37852504786065	25.776142697783232	38.61735878945313	0.06752082910000562	1.0171928979297167	-1.957242447065765	1.0227195553639639	30.627709390244913	1.1011479177947197	-0.8936922986603699	1.1011479177947197	0.6920443280005354	1.1011479177947197	0.008262545998903735	1.3877522876264763	NaN	NaN	800000009	800000009	800000009	800000019	800001019	810001019	899999999	899999999	89999	89999	89	89	23	7	1	13	7	0	1	NaN	0	0	0	0	0	0	0	0	0	NaN	NaN	NaN	NaN	0	0	0	0	0	0	300	150	18000	18000	0	15	18000	18000	18000	18000	93	NaN	0.08265392322097916	0.07413222643613772	0.11250882806949122	0.049676700942240186	27.973226857548525	0.03381131410222836	6.968865136782013e-7	NaN	-0.0016612402613830589	-0.022527205703738586	0.017444286983721902	0.000008262545998903736	NaN	19.172531247675504	664.1724712313121	92.22743103493585	92.28570552317301	92.16915564982096	0.11655085274743031	0.00027877120118420073	34.40751001955515	229
DATA	2026-09-30T093000_AIU-1657.ghg	2026-09-30	10:00:00	273.416	1	18000	18000	0.13067679665187784	1	NaN	-34.87682722215068	2	NaN	84.93445560351422	1	NaN	7.540647395233018	0	NaN	1.9209350996298697	1	NaN	0.048493165521163346	1	NaN	NaN	NaN	NaN	NaN	NaN	NaN	NaN	NaN	NaN	4.31804898398645e-10	1.605258137233087e-11	2.0673664133986274e-12	NaN	18.28187312307801	460.24546222242765	468.2572857381844	0.1	0	679.6385521219909	17.10987476281658	17.407718648803964	0.1	1	0.087528720977532	2.1130876653930906	2.1498717009525117	0	1	NaN	NaN	NaN	NaN	9	298.8741874567668	292.75463473734885	97877.72530499646	1.157227543358992	1014.9356001247152	0.024867374324667405	0.12447659445601555	0.012398572703464847	1675.1248360455659	2274.75426374893	0.010714031803526296	73.63981519853756	599.6294277033642	287.88489619018776	0.1438055647439381	0.30086107241340887	0.19260286097815132	0.3850886747257743	3.735155547169019e-14	2.3619291934236143e-14	0.3850886747257743	2.3059167046268145	96.54686515566425	64.45313484433576	30.01005505395091	NaN	0.33603913569602567	0.23110664381967258	93.58477148584107	0.021404123429451975	-0.41063225724269703	-0.08836694946102877	0	17.472752985323996	-2.6515576758353596	5.997830682384046	14.93544645275189	22.777498210493093	31.945765105917207	47.860577409237145	0.12874206307731223	1.0150279833049107	-29.41925969547586	1.0228763380214883	76.73843187019294	1.106804680960712	6.812988348303423	1.106804680960712	1.7355682828902463	1.106804680960712	0.03950806728237891	1.4117834462319847	NaN	NaN	800000009	800000009	800000009	800000019	800000019	800111019	899999999	899999999	89999	89999	89	89	23	6	1	37	17	0	3	NaN	0	0	0	0	0	0	0	0	0	NaN	NaN	NaN	NaN	0	0	0	0	0	0	300	0	18000	18000	0	15	18000	18000	18000	18000	93	NaN	0.21090348914364132	0.12569727476467868	0.12561252373102516	0.10166135206605412	15.887732845901485	0.07172469095013509	2.5354553041371495e-7	NaN	-0.025048082899815163	0.17237117179383862	0.04391053137857043	0.000039508067282378916	NaN	18.283339745588155	679.6790910550518	92.22407618967694	92.35433179516262	92.09381986278956	0.26051177286273625	0.00027993891900728675	35.485210663431204	096
DATA	2026-09-30T100000_AIU-1657.ghg	2026-09-30	10:30:00	273.437	1	18000	18000	0.12590942618663892	1	NaN	-29.87342658016424	2	NaN	36.86141549133448	1	NaN	34.46952685883229	1	NaN	0.834251325562642	1	NaN	0.05209632966551624	1	NaN	NaN	NaN	NaN	NaN	NaN	NaN	NaN	NaN	NaN	-7.535380957018955e-10	-2.9833424842991816e-11	-3.747286336856268e-12	NaN	17.525487615184897	442.77179762736586	450.6720038913703	0.1	0	693.8538616516655	17.529835880173106	17.842613974825074	0.1	1	0.08715288671099486	2.111097622510649	2.1487651224522772	0	1	NaN	NaN	NaN	NaN	9	299.54308666059706	293.46028975625717	97872.50564076714	1.1541987982152317	1015.1875706983824	0.024928643984948238	0.0540594858964592	0.012671673925137019	1716.1491764657096	2376.3815483719923	0.01097876201632818	72.21690378977259	660.2323719062827	288.26055614167547	0.031322507708145514	0.2668082264415095	0.22289280008455004	0.34906866017376126	-1.308033387442264e-14	-4.299669785216105e-14	0.34906866017376126	2.60213820695627	77.69570941150715	83.30429058849283	39.68271654319186	NaN	0.3302849718232916	0.2564922410548388	103.74706642638144	0.019307533880212342	-0.8104253779181918	-0.07719147103256209	0	17.16325530340638	-2.604590208554663	5.891590143512387	14.670892489251463	22.37403672380285	31.379904634148932	47.01281530924985	0.12396083106624052	1.0157194422112024	-27.24355137756703	1.0231523235957785	33.30359679919947	1.1068298632603109	31.142570329009583	1.1068298632603109	0.753730409030749	1.1068298632603109	0.04330930630530122	1.41190176623229	NaN	NaN	800000009	800000009	800000009	800000019	800000019	810000019	899999999	899999999	89999	89999	89	89	22	5	0	41	0	0	2	NaN	0	0	0	0	0	0	0	0	0	NaN	NaN	NaN	NaN	0	1	0	0	0	0	300	0	4	18000	0	15	18000	18000	18000	18000	93	NaN	0.22118417969496537	0.1649080703760972	0.12689223203861508	0.28594992141617265	55.75984016985156	0.027525639106399047	2.5057388941077823e-7	NaN	-0.023250741644303442	0.7901978019516775	0.01912482194590835	0.00004330930630530122	NaN	17.527036584955514	693.9019689156722	92.16505725267197	92.34603720262315	91.98407656436498	0.36195653234753267	0.0002807287854941226	34.30164381980894	110
DATA	2026-09-30T103000_AIU-1657.ghg	2026-09-30	11:00:00	273.458	1	18000	18000	0.236838239651269	1	NaN	-160.8803615195749	1	NaN	129.52856401880703	0	NaN	33.090732946237516	1	NaN	2.933849462712356	0	NaN	0.18591906099723496	0	NaN	NaN	NaN	NaN	NaN	NaN	NaN	NaN	NaN	NaN	-3.735152246773914e-10	-1.5261294668408814e-11	-1.8959388282089872e-12	NaN	17.073462917326264	432.8542244251153	440.6474270524418	0.2	0	697.5971295855952	17.685800821433283	18.004219867963375	0.1	1	0.08666378005047487	2.1072346130664745	2.145173728353506	0	1	NaN	NaN	NaN	NaN	9	300.487720123291	294.2875012373949	97866.04049098062	1.150810111401729	1015.2934113425863	0.025000564782358705	0.19011344518376067	0.012747637464879995	1731.303578625407	2500.5542036750344	0.011077098939765922	69.23679463060353	769.2506250496274	288.3973314582873	0.24965759639160562	0.1075331606847641	0.27326864785320387	0.38544526197944207	-4.427278611345506e-14	-2.1876945906406934e-14	0.38544526197944207	3.907081681313413	137.69736468317848	23.302635316821537	45.15107230113864	NaN	0.45365330341638516	0.5684246485971073	49.91862712402424	0.04012730548504952	-1.242045434057431	-0.3035174877581792	0	13.738398916570144	-2.0848550386717593	4.715947774105627	11.743376761368046	17.90939052363729	25.118174857091596	37.631603066658506	0.23326397249351116	1.0153228426985537	-150.516378139451	1.0244407970998561	116.14730230957268	1.1152094060141722	29.672214713921626	1.1152094060141722	2.630761045316248	1.1152094060141722	0.16355516710299456	1.4460756906875825	NaN	NaN	800000009	800000009	800000009	800000019	800000019	800000019	899999999	899999999	89999	89999	89	89	29	6	0	23	0	0	3	NaN	0	0	0	0	0	0	0	0	0	NaN	NaN	NaN	NaN	0	2	0	0	0	0	300	150	0	18000	0	15	18000	18000	18000	18000	93	NaN	0.24855157647773832	0.470693946457502	0.4176037742589742	0.28145372476736674	7.77486073187595	0.046955993725846745	7.320628265920699e-7	NaN	-0.1288215506149636	0.7551817019600936	0.0669549820532984	0.00016355516710299457	NaN	17.07476967659935	697.6462365313698	92.11503385331896	92.3250252418518	91.90504836315577	0.4199811759591118	0.0002819209559675073	38.201773316701235	068
DATA	2026-09-30T110000_AIU-1657.ghg	2026-09-30	11:30:00	273.479	1	18000	18000	0.4293959996176873	0	NaN	-24.260357338241906	0	NaN	152.18508285992684	0	NaN	8.94324182511605	0	NaN	3.4503098151298786	0	NaN	0.07188800324638357	0	NaN	NaN	NaN	NaN	NaN	NaN	NaN	NaN	NaN	NaN	2.884054914850206e-10	1.1795532038610594e-11	1.4796348987521775e-12	NaN	16.703941029856942	424.7327416538714	432.24129034017216	0.1	1	683.1765601071197	17.37119718570049	17.678290251566494	0.1	1	0.08569786229524143	2.092758872777723	2.1297552715572285	0.9	0	NaN	NaN	NaN	NaN	9	301.72317284139	295.2718608174348	97845.48432171781	1.146870029795084	1015.137913285851	0.025089458832503984	0.22358007602041613	0.012476513771758973	1700.1491265915995	2655.6786623693524	0.010878751251341185	64.0193842230428	955.5295357777529	288.1149920223937	0.8768182846908986	0.8470542279870255	0.289803145180341	1.253114931869926	-2.444092053435456e-14	1.7265715376360534e-14	1.253114931869926	5.852785681164482	116.98915980618273	44.010840193817245	13.37163047869455	NaN	0.6118879422238082	1.2694749334809858	812.1425702961878	0.002466438865862518	-0.1594135041512016	-0.03405540476086922	0	17.305719719299415	-2.626209733297665	5.940493567346563	14.792668929219463	22.55975347838572	31.64037502309641	47.403047415812416	0.42485990454845596	1.01067668429209	-15.059599677378689	1.0214988214716092	137.4798402481068	1.1069629015081908	8.07907998807481	1.1069629015081908	3.11691549050919	1.1069629015081908	0.05174619330670954	1.377665883188651	NaN	NaN	800000009	800000009	800000009	800000019	800001019	800001019	899999999	899999999	89999	89999	89	89	20	2	0	0	12	0	1	NaN	0	0	0	0	0	0	0	0	0	NaN	NaN	NaN	NaN	0	105	0	0	0	0	300	0	0	18000	0	15	18000	18000	18000	18000	93	NaN	1.3345601956630408	0.777784424488407	0.4266052468105241	0.297106491389676	4.430326548665534	0.11356108563626933	2.7880421808257876e-7	NaN	-0.012935230601457558	0.20628410788936224	0.07958457303000878	0.00005174619330670954	NaN	16.705155754110535	683.2267837189537	92.10123695966932	92.3233585840861	91.87911584854126	0.4442403873321112	0.00028290789565491844	38.14618055362792	113
DATA	2026-09-30T113000_AIU-1657.ghg	2026-09-30	12:00:00	273.499	1	18000	18000	0.6416920703637442	0	NaN	33.92924450800589	1	NaN	176.0485253639147	0	NaN	1.6190025826147467	0	NaN	4.013529936098685	0	NaN	NaN	NaN	NaN	NaN	NaN	NaN	NaN	NaN	NaN	NaN	NaN	NaN	2.1872020836694382e-10	8.800031724598355e-12	NaN	NaN	16.500077583065362	421.2357655073415	428.4979846317891	0.1	1	663.8673548888876	16.94808233622878	17.24027188361119	0.1	1	NaN	NaN	NaN	NaN	0	NaN	NaN	NaN	NaN	9	302.6028236804538	300.9826842122329	96985.55219929398	1.1154720449147173	1014.9919995285578	0.025940357290635783	0.26007673985919477	0.011773332399004618	1635.309488493074	3730.6182457437985	0.010554574139869852	43.83481184006892	2095.3087572507247	287.51249509593634	1.2743921182130569	0.412293371758875	0.17413503345124884	1.35069763649567	5.900324491646558e-14	1.325570787566626e-14	1.35069763649567	7.891063890093901	143.0724856281206	17.92751437187939	7.4073200711489	NaN	0.7584622863695376	1.573651691846423	-1099.1058658377938	-0.0018224814026200618	0.19272666123087268	0.03951107889367949	0	18.43247182775878	-2.797198712793829	6.3272711045345975	15.755799684605007	24.028588650247826	33.700437236513686	50.48939600399631	0.6339554007130699	1.0122038074633832	43.750895086335106	1.0219114003032053	160.27192003439916	1.0984364904727506	1.4739155123278473	1.0984364904727506	3.653857069489127	1.0984364904727506	NaN	1	NaN	NaN	800000009	800000009	800000009	800000019	800000009	800000009	899999999	899999999	89999	89999	89	89	13	15	1	13	9	0	1	NaN	0	0	0	0	0	0	0	0	0	NaN	NaN	NaN	NaN	0	4171	0	0	0	0	300	0	0	18000	0	15	18000	18000	18000	18000	93	NaN	1.7016170949176987	0.8858441281864101	0.559842160588737	0.2337794921616291	0.13219876935160324	0.0641893774064903	NaN	NaN	0.03864253711430073	0.03888962748771479	0.0964079278203419	NaN	NaN	16.501318896662568	663.9135500305298	92.08892293294272	92.3357712665134	91.84207317521836	0.49369686706033195	0.0002837582891435077	28.908404052670807	082
DATA	2026-09-30T120000_AIU-1657.ghg	2026-09-30	12:30:00	273.52	1	18000	18000	0.3784892704199388	0	NaN	24.060291696623512	0	NaN	98.32165465625256	0	NaN	-0.22353549255760344	2	NaN	2.2333319072360136	0	NaN	0.06591646074314698	0	NaN	NaN	NaN	NaN	NaN	NaN	NaN	NaN	NaN	NaN	-2.0496298005975015e-10	-8.192513840316306e-12	-1.0497161790138532e-12	NaN	16.4433678569183	420.8151202484081	428.0144408632036	0.1	1	657.2529278699232	16.820275036225762	17.108036922593694	0.5	0	0.0842145702206889	2.0742183032492147	2.109704106566722	0.2	0	NaN	NaN	NaN	NaN	9	303.10898533121747	297.2154978868281	97790.0240103578	1.138963062587421	1014.874217834002	0.025268933865578744	0.14471990758889366	0.011995019772439486	1645.2963146215986	2986.837408513853	0.010531526584532068	55.08489715348252	1341.5410938922544	287.6066464153928	1.631587863233845	0.1802870722107275	-0.0785945829015129	1.6433987624188284	-4.710811713417694e-14	-1.2464781049918254e-14	1.6433987624188284	7.848772794315249	154.69451515020705	6.305484849792886	-2.741182689260377	NaN	0.5764637018638077	1.9331319803547038	-684.4334325464766	-0.0029266542292467265	0.24470999578619732	0.03610830169082034	0	16.347560885498726	-2.4808054336679715	5.61158864567829	13.973649169283446	21.31069666744159	29.888555085822297	44.778501926387825	0.374028911664088	1.0119251710676755	29.40784687128839	1.022804461197604	89.16926491760587	1.1026406323647915	-0.2027274217876366	1.1026406323647915	2.025439514637032	1.1026406323647915	0.04041958351440971	1.3052548310399872	NaN	NaN	800000009	800000009	800000009	800000019	800000019	800000019	899999999	899999999	89999	89999	89	89	18	17	0	32	17	0	4	NaN	0	0	0	0	0	0	0	0	0	NaN	NaN	NaN	NaN	0	5	0	0	0	0	300	150	0	18000	0	15	18000	18000	18000	18000	93	NaN	2.278875602458923	1.1508040821718157	0.4365842760786688	0.18691369406087155	0.24738312652906974	0.0579439426309457	2.431722642191369e-7	NaN	0.02544142124259517	-0.0052103691647422895	0.052056537290600405	0.00004041958351440971	NaN	16.44456315391613	657.2958424628862	92.068947745853	92.33224785614013	91.80564056735568	0.5266049703160947	0.0002842082184118528	37.76308809891895	062
DATA	2026-09-30T123000_AIU-1657.ghg	2026-09-30	13:00:00	273.541	1	18000	18000	0.3811735304741809	0	NaN	-45.14064668780983	0	NaN	54.00452894576897	0	NaN	0.881642648158253	0	NaN	1.2273358989059204	0	NaN	0.08883282636843787	0	NaN	NaN	NaN	NaN	NaN	NaN	NaN	NaN	NaN	NaN	1.624132334244483e-10	6.6207644202718775e-12	8.333661657910571e-13	NaN	16.39157118902011	420.6969428461425	428.03765259094257	0.1	1	668.2012852795131	17.149682277636444	17.448925811387795	0.1	1	0.08410756035738502	2.077006171739161	2.113247698339632	0	0	NaN	NaN	NaN	NaN	9	303.28952179633245	297.75929687146	97753.78741035127	1.1363192297624998	1015.0726118867725	0.02532455119920169	0.07953136624910363	0.012203070352842038	1676.896084522097	3085.7118429025913	0.010739121571842609	54.34389761244575	1408.8157583804943	287.90128162854273	0.8658624023725637	-0.03781260583291877	0.1450899599820933	0.8787483083852259	-3.743270012270241e-14	9.90833834972701e-15	0.8787483083852259	6.5439844349257905	163.5005440153143	357.49945598468565	9.503613198583023	NaN	0.5791768428595704	1.4285935967036827	369.91122988870046	0.0054150829662638145	-0.8358677979237593	-0.06757080937695208	0	15.953405146763664	-2.4209907796523535	5.476287735432	13.636730772115753	20.796874853487353	29.167912685889345	43.69884829304971	0.3769531720637652	1.0111959753178619	-41.29589451301923	1.0209007779161279	48.93866255655757	1.1035146063372054	0.7989406239801469	1.1035146063372054	1.1122063014459802	1.1035146063372054	0.07397287566544132	1.3837779177552494	NaN	NaN	800000009	800000009	800000009	800000019	800000019	800000019	899999999	899999999	89999	89999	89	89	14	20	0	34	4	7	4	NaN	0	0	0	0	0	0	0	0	0	NaN	NaN	NaN	NaN	0	114	0	0	0	0	300	0	0	18000	0	15	18000	18000	18000	18000	93	NaN	1.0630048902039986	1.3257514862421156	0.4684308169612514	0.21018127903799586	0.2181727405119855	0.04573243839136119	2.4945723019678155e-7	NaN	-0.03580217504057361	0.020585949937838213	0.028657728190179112	0.00007397287566544132	NaN	16.392747644676327	668.245128493195	92.0031745499505	92.29351745351156	91.71283767742582	0.5806743767344243	0.00028506626110659744	35.65883666201512	030
DATA	2026-09-30T130000_AIU-1657.ghg	2026-09-30	13:30:00	273.562	1	18000	18000	0.6105623371058091	0	NaN	-30.350622113846303	2	NaN	100.03137152037434	0	NaN	3.282813740368514	2	NaN	2.274234896652229	0	NaN	0.06683152122986333	0	NaN	NaN	NaN	NaN	NaN	NaN	NaN	NaN	NaN	NaN	1.3941142460517933e-10	5.7040673685314525e-12	7.176907451257216e-13	NaN	16.33639548143509	420.2210203250186	427.5724837784633	0.1	1	668.4093548931187	17.19349053634074	17.494278243765024	0.4	0	0.0840998496281347	2.0805829930816344	2.1169812908718497	0.6	0	NaN	NaN	NaN	NaN	9	303.93989955223935	298.15265470343127	97721.52024651307	1.1344265613417999	1015.1070371793066	0.025366379533916208	0.14737042130306444	0.012214068797603964	1680.6247224536494	3159.0012950021683	0.010766733796462912	53.201140661529735	1478.3765725485189	287.9357248095294	1.0338150238554977	0.44446373951479007	0.15487764833656945	1.135917516920649	8.465306957200422e-14	8.533793440762893e-15	1.135917516920649	6.899955373816673	137.73588376959208	23.264116230407936	7.836451527926039	NaN	0.7336295436772523	1.6275610597587684	1117.8915657529233	0.0017918553653733583	-0.3034110364833347	-0.03592547840680557	0	17.66623358314846	-2.680919103008146	6.0642463105939965	15.10083075772552	23.0297197107005	32.29950934621205	48.39055074183912	0.6040909702681864	1.0107125700533974	-24.019585893071497	1.02112461073949	90.51504211098568	1.1051353364860634	2.970508345888832	1.1051353364860634	2.0578790864506114	1.1051353364860634	0.05202367699630423	1.3772657847252394	NaN	NaN	800000009	800000009	800000009	800000019	800000019	800001019	899999999	899999999	89999	89999	89	89	10	11	1	12	11	4	3	NaN	0	0	0	0	0	0	0	0	0	NaN	NaN	NaN	NaN	0	0	0	0	0	0	300	0	0	18000	0	15	18000	18000	18000	18000	93	NaN	1.676103032404373	0.9965803251408148	0.582438761972349	0.23346234469706104	0.46764067998293996	0.04950278342353202	1.9841794171939593e-7	NaN	-0.020858222252982447	0.07666961399116354	0.05311440899232581	0.00005202367699630423	NaN	16.337563614532925	668.4556148416282	91.97191749954223	92.27493147362603	91.66890441830952	0.6060280624561847	0.0002862068162681277	36.45075343248582	037
DATA	2026-09-30T133000_AIU-1657.ghg	2026-09-30	14:00:00	273.583	1	18000	18000	0.652169015538474	1	NaN	-144.0990164506637	1	NaN	43.859224208235766	2	NaN	-2.5614450217575326	2	NaN	0.9973206346107802	2	NaN	0.29192679228203294	0	NaN	NaN	NaN	NaN	NaN	NaN	NaN	NaN	NaN	NaN	-1.6226716672748367e-9	-6.51219324248489e-11	-8.397351406500446e-12	NaN	16.2537188191608	418.6097579758397	425.76251372536507	0.1	1	652.3029889167392	16.799872038850218	17.086930281109616	0.1	1	0.08411325059749461	2.0822843603802874	2.1178642080715506	0.7	0	NaN	NaN	NaN	NaN	9	303.938897374471	298.32993688895874	97689.58141463631	1.1335516746990106	1014.8906498033755	0.025389760703009735	0.06462637712277855	0.011923456186461403	1641.6126944358434	3192.525342534512	0.01051867016969245	51.420506285866615	1550.9126480986688	287.5719775095824	0.15670294633406334	0.19657941696123793	0.29641474236470905	0.388665640433681	7.019355968781628e-14	-9.983387096385228e-14	0.388665640433681	5.758854924734302	109.56004098951212	51.4399590104879	49.698123695776474	NaN	0.7585066966286715	1.12512337807613	260.15081387771244	0.007699764494842539	-3.2854894050680716	-0.1651357194503029	0	15.31141638858103	-2.323566508789658	5.255913769474395	13.087968437459098	19.959977668313158	27.994152484118732	41.940341623684674	0.6426230563666661	1.0148546789245003	-139.17878912283865	1.0219973762808938	39.795192475465655	1.1021236858013856	-2.324099422557127	1.1021236858013856	0.9049080855980333	1.1021236858013856	0.24733341292861435	1.3926869231986578	NaN	NaN	800000009	800000009	800000009	800000019	800000019	800000119	899999999	899999999	89999	89999	89	89	17	1	0	21	17	4	1	NaN	0	0	0	0	0	0	0	0	0	NaN	NaN	NaN	NaN	0	0	0	0	0	0	300	150	0	18000	0	15	18000	18000	18000	18000	93	NaN	0.6560005098988795	0.7039449875523226	0.890301258701058	0.12690358882246716	0.24838411898248447	0.16808963169983096	0.0000010579642382432538	NaN	-0.12097969338492509	-0.060016874459126464	0.023368085910296585	0.00024733341292861434	NaN	16.254904817850026	652.3469434842319	91.96098731401233	92.27011643770007	91.65185816531712	0.6182597074508693	0.0002865935987049144	38.256883977254205	173
DATA	2026-09-30T140000_AIU-1657.ghg	2026-09-30	14:30:00	273.604	1	18000	18000	0.17613417686099134	0	NaN	23.993761737680988	2	NaN	-97.18517465971628	1	NaN	-4.8305144970348035	1	NaN	-2.2104847637097276	1	NaN	0.0315300629237813	1	NaN	NaN	NaN	NaN	NaN	NaN	NaN	NaN	NaN	NaN	-3.568897894233943e-10	-1.4003635190382088e-11	-1.853341585239965e-12	NaN	16.162850498776333	416.6925982463587	423.6188411681916	0.1	1	634.1976395212397	16.350176736078836	16.621948532279614	0.1	1	0.08393426725319227	2.080045219764572	2.114619624352313	0	0	NaN	NaN	NaN	NaN	9	304.3570378044976	298.5993632666672	97651.73876864827	1.1322838901403298	1014.645598097492	0.02542253868188276	-0.14323941268839033	0.011589329984666639	1597.0514647211892	3244.067912905993	0.010235357126939529	49.229902320095746	1647.016448184804	287.14707494608797	-0.06313908200555556	-0.5562673364890057	0.29994892444921634	0.6351293180128794	-4.733025102244949e-15	-2.2080869302751636e-14	0.6351293180128794	3.295908937935636	257.4756386815543	263.52436131844564	28.181380030043478	NaN	0.3944065810042367	0.43230133539811844	-219.57928137148082	-0.009122445375942307	-0.24688705681388784	0.052952258123425695	0	17.891131909961413	-2.715048291765309	6.141446628489439	15.293070464899863	23.32289739373806	32.710695215268565	49.006582101561314	0.17326859131528036	1.016538401587722	17.815472144047458	1.0226754832808576	-88.90930895227471	1.093082105855574	-4.419168945459845	1.093082105855574	-2.0222495198378017	1.093082105855574	0.023749528299753627	1.3111087660703602	NaN	NaN	800000009	800000009	800000009	800000019	800000019	800011019	899999999	899999999	89999	89999	89	89	14	2	3	45	17	1	2	NaN	0	0	0	0	0	0	0	0	0	NaN	NaN	NaN	NaN	0	4	0	0	0	0	300	0	0	18000	0	15	18000	18000	18000	18000	93	NaN	0.5128615767367548	0.18864245849871883	0.16309863556076315	0.08151478405489355	0.9640074342033769	0.26168292163740225	0.0000010280996930550154	NaN	0.015506994489888367	-0.11421442033323001	-0.052265495962701476	0.000023749528299753627	NaN	16.164002178125795	634.2439712803335	91.9597855597602	92.2724036579132	91.64716173977322	0.6252414473228979	0.00028657163989717247	37.693458231576344	109
DATA	2026-09-30T143000_AIU-1657.ghg	2026-09-30	15:00:00	273.624	1	18000	18000	0.4394837712525453	1	NaN	51.70986549926078	1	NaN	-55.042418714637066	0	NaN	3.3875836695770607	1	NaN	-1.2525041321165566	0	NaN	-0.011062473811095968	1	NaN	NaN	NaN	NaN	NaN	NaN	NaN	NaN	NaN	NaN	9.124263871038545e-10	3.356932287965221e-11	4.737183538037361e-12	NaN	16.040913677500786	414.6469331071606	421.0705265443588	0	0	590.1655389799263	15.255386051157114	15.491718192783765	0.1	1	0.08328206338851295	2.0672549511527327	2.099280282288628	0	1	NaN	NaN	NaN	NaN	9	304.5614929326375	299.0594802942653	97627.14207141596	1.1307278617333152	1014.0458924967487	0.02546812767854754	-0.08116226776115287	0.010793964315780469	1489.7392409902782	3333.7693699938372	0.009546031968500526	44.686331766046315	1844.030129003559	286.07939234095403	-0.1956957513437279	-0.5063586922430637	0.2868846682840667	0.6140022517880764	-5.198561330004923e-14	5.6881198007046e-14	0.6140022517880764	4.802763780991549	272.1303472068083	248.86965279319168	27.85510354272155	NaN	0.6234367145063737	0.8818141689123153	-402.26008830988326	-0.0049796140810691135	-0.9394548187888756	0.07233780555720525	0	19.082208042141577	-2.8957986900247765	6.550304521498395	16.311184428295874	24.875585427048097	34.88836225914262	52.269124156175415	0.43219678112592064	1.0168603526098487	47.53439139385487	1.0228431879447462	-50.35224136001463	1.0931473401767366	3.098926873873532	1.0931473401767366	-1.145777962478558	1.0931473401767366	-0.018808118875865146	1.3115676348044683	NaN	NaN	800000009	800000009	800000009	800000019	800000019	800010119	899999999	899999999	89999	89999	89	89	9	2	0	18	31	25	3	NaN	0	0	0	0	0	0	0	0	0	NaN	NaN	NaN	NaN	0	0	0	0	0	0	300	0	0	18000	0	15	18000	18000	18000	18000	93	NaN	1.0407990834131375	0.3759568509989641	0.34687240341252906	0.09758216126546132	0.6198858499681048	0.23677190228841047	7.626038156828082e-7	NaN	0.0414564618544485	0.08014686461950307	-0.02963300361069659	-0.000018808118875865145	NaN	16.04208280897265	590.2028831178006	91.94625915675694	92.27295701026917	91.61955943722195	0.6533936314185466	0.0002871919603057903	37.4526458128823	009
DATA	2026-09-30T150000_AIU-1657.ghg	2026-09-30	15:30:00	273.645	1	18000	18000	0.08458516667630299	1	NaN	22.605286779195513	1	NaN	32.85235579591315	1	NaN	0.10816939520383434	2	NaN	0.7477941898217184	1	NaN	0.045719682184274815	0	NaN	NaN	NaN	NaN	NaN	NaN	NaN	NaN	NaN	NaN	-2.085896041773409e-10	-7.334544428236686e-12	-1.0860174695842815e-12	NaN	16.002538392310417	414.78166261134	420.9207005352958	0.2	0	562.6902129943927	14.584785010926401	14.800649298974056	0.2	0	0.08331688590274511	2.0705240581718782	2.101169158621969	0.1	0	NaN	NaN	NaN	NaN	9	304.5940577307808	299.37671518824226	97610.9670031234	1.1296305752973608	1013.6807430874386	0.025499368426453572	0.04845706350044735	0.010306836859822909	1424.0168434590573	3396.867634126691	0.009124077450815959	41.92146991989463	1972.8507906676336	285.39159820779594	-0.4574877258569131	-0.11294833392884292	0.3569618191538831	0.5911633325745703	2.4827934734191525e-14	-1.303478229913655e-14	0.5911633325745703	3.524116227403419	327.1316826815811	193.86831731841892	37.144655634987046	NaN	0.27363956120262234	0.4546299661640465	-77.79162092642285	-0.025749559864481793	0.688087238541585	0.07214288414646698	0	17.578197412202815	-2.667559274421423	6.034026341954773	15.025578762910028	22.914955670491306	32.138551148026785	48.149406030533704	0.08315198313250524	1.0172357109212167	24.14942052810184	1.0230438534308093	30.050297119423174	1.093245623008461	0.09894335996165902	1.093245623008461	0.6840129739224494	1.093245623008461	0.02829202742061202	1.3121041328359015	NaN	NaN	800000009	800000009	800000009	800000019	800000019	801000119	899999999	899999999	89999	89999	89	89	18	11	0	9	11	18	2	NaN	0	0	0	0	0	0	0	0	0	NaN	NaN	NaN	NaN	0	1	0	0	0	0	300	150	0	18000	0	15	18000	18000	18000	18000	93	NaN	0.2499118950445677	0.5772980546780656	0.08204998260545976	0.09871544487791295	0.356735134971828	0.31759648443347627	0.000001285526802766003	NaN	0.021089635764078924	0.002560345291259487	0.017700120529779678	0.000028292027420612018	NaN	16.00367662791272	562.7171818851593	91.9083226117028	92.24775417115953	91.56889712482028	0.6788543319917388	0.0002884839767163309	35.28780205959745	116
DATA	2026-09-30T153000_AIU-1657.ghg	2026-09-30	16:00:00	273.666	1	18000	18000	0.4323324508357421	1	NaN	-14.761496460596739	2	NaN	115.45808954287293	1	NaN	3.0510341230510782	1	NaN	2.6291112731456567	1	NaN	0.09400235677426595	1	NaN	NaN	NaN	NaN	NaN	NaN	NaN	NaN	NaN	NaN	-9.191792161974972e-10	-3.106485276787663e-11	-4.768843724080517e-12	NaN	16.04362405041826	414.9433340279268	420.8450750095247	0.1	0	542.2150655790305	14.023547694990295	14.223004679479041	0.2	0	0.08323679921838585	2.071829054017003	2.101296688347367	1.1	0	NaN	NaN	NaN	NaN	9	305.28302262030707	299.77701009126076	97582.75665843586	1.1280368019428255	1013.3796111913184	0.025540844993983708	0.17036641049983856	0.009894125815064079	1368.8235161625273	3477.970028053005	0.008771101969389083	39.356966998614574	2109.146511890478	284.792063911022	-0.537076180307207	-0.7347802320117176	0.4312074482020725	1.0071209838910118	6.765730908750331e-14	-5.729249285005117e-14	1.0071209838910118	5.341825833882263	287.1643556657938	233.83564433420622	25.35075299493121	NaN	0.6190807258458205	1.0699544134457757	1379.0869583302756	0.001452482737147515	-0.1278515565175307	-0.020858720885946667	0	22.714717284742687	-3.4470459818998447	7.7972273966524375	19.416198694082407	29.6109280970007	41.529747684019696	62.2191297415177	0.4277061056026921	1.0108166452908847	-7.71950605487424	1.020737660576452	104.67160454689451	1.1030507274888093	2.765996202184665	1.1030507274888093	2.3834908110990116	1.1030507274888093	0.06782125063932688	1.3760286628175669	NaN	NaN	800000009	800000009	800000009	800000019	800000019	800000119	899999999	899999999	89999	89999	89	89	6	0	0	4	13	9	1	NaN	0	0	0	0	0	0	0	0	0	NaN	NaN	NaN	NaN	0	1	0	0	0	0	300	0	0	18000	0	15	18000	18000	18000	18000	93	NaN	1.199327618943283	0.7193314556526249	0.2212497522956434	0.06064152017545013	0.23577788158403853	0.29339596923198186	0.000001858764823718152	NaN	-0.0067529585086301466	0.0716509502999717	0.061742449794980905	0.00006782125063932688	NaN	16.044767844331908	542.2341899547544	92.01198388099671	92.31604641278585	91.70792495791117	0.6081192376812264	0.00028700831256477	38.08530314588543	209
DATA	2026-09-30T160000_AIU-1657.ghg	2026-09-30	16:30:00	273.687	1	18000	18000	0.06310995450411401	0	NaN	2.171025759198362	2	NaN	19.540450147065176	2	NaN	2.744038911133831	0	NaN	0.4450633200165714	2	NaN	0.10089508866199268	0	NaN	NaN	NaN	NaN	NaN	NaN	NaN	NaN	NaN	NaN	5.997827903241602e-11	1.9733991491145217e-12	3.095336237243278e-13	NaN	16.029428144750185	415.45838311297615	421.21614192708336	0	0	527.3985911557452	13.669368860759336	13.85881004726662	0.2	0	0.08272406377634924	2.061065653460583	2.0896295708468386	0	1	NaN	NaN	NaN	NaN	9	305.50351442040335	300.01999996551683	97552.41958046434	1.1269244927606175	1013.1896890784024	0.025569496794037735	0.028840103137073823	0.009633432878067671	1333.8376984006272	3528.019912633323	0.00854842799136323	37.806977608724644	2194.182214232696	284.4009176278612	-0.05454098335500122	-0.48294149384301394	0.15935253973856034	0.5114689015588306	4.693638766402656e-16	3.7417603729088475e-15	0.5114689015588306	4.036150698551242	257.4433960361657	263.55660396383433	18.153184659559468	NaN	0.2366472840545233	0.3819941842235357	-523.6009649284982	-0.003825623201961705	0.11110418351976571	0.008034851829685713	0	13.483112078080701	-2.0461142760280597	4.628316063522476	11.525161411471329	17.576598346483536	24.651429096771746	36.932332865486096	0.06194446892424243	1.0188150064099664	3.2920519431823565	1.0239357403695093	17.863780524329545	1.0938586107488333	2.508586470106331	1.0938586107488333	0.4068746322816713	1.0938586107488333	0.07720565233911421	1.3143543780477467	NaN	NaN	800000009	800000009	800000009	800000019	800000019	800100019	899999999	899999999	89999	89999	89	89	5	2	0	28	8	2	4	NaN	0	0	0	0	0	0	0	0	0	NaN	NaN	NaN	NaN	0	0	0	0	0	0	300	0	0	18000	0	15	18000	18000	18000	18000	93	NaN	0.4836932395957742	0.1612026722040694	0.11909245664722784	0.07243751810165788	0.36057405233738316	0.5489684616909004	8.138867904608998e-7	NaN	0.002883242025799399	0.06503248518511691	0.01054780005049462	0.00007720565233911421	NaN	16.030590639511743	527.4372027749349	91.9861319931878	92.30546591695149	91.66679729334514	0.6386681699984653	0.0002877216577568713	39.37228705787659	015
DATA	2026-09-30T163000_AIU-1657.ghg	2026-09-30	17:00:00	273.708	1	18000	18000	0.17128377561533714	1	NaN	7.825419554539706	0	NaN	52.18018046772781	0	NaN	0.37408930781534383	2	NaN	1.1883851264854832	0	NaN	0.06660532576965644	1	NaN	NaN	NaN	NaN	NaN	NaN	NaN	NaN	NaN	NaN	-2.4597213645881105e-10	-6.8182400144552484e-12	-1.2624998578718722e-12	NaN	16.050886521964397	415.93259966678	420.7840162322048	-0.1	0	444.92355242791496	11.52946970007443	11.663948844864512	0.2	0	0.08238429866258823	2.049964563207308	2.073875245006343	0.2	0	NaN	NaN	NaN	NaN	9	305.49072421858045	299.93570656814137	97566.04645789195	1.1283156480454084	1012.0028831650337	0.02555874256403078	0.07700735619625931	0.008128766391171143	1125.1865148257025	3510.586952033062	0.0072043371952278425	32.05123616647868	2385.4004372073596	281.8608269825927	-0.3482001889913616	-0.2886230691889077	0.209024610032821	0.4982348194185268	-2.2435657515277824e-14	-1.5324520307474433e-14	0.4982348194185268	2.7632468752558754	301.3446710089547	219.65532899104525	24.804937778045463	NaN	0.3896214050664228	0.3867175373575716	-648.1403069499237	-0.0030905345316762757	0.14996919298467243	0.017589458191024695	0	17.124386502719307	-2.5986917180936064	5.878247742029105	14.637668023030708	22.323367316478343	31.3088400699248	46.90634764238302	0.16806919115703792	1.019126553987492	10.767009576600566	1.024118555847676	47.69632875914842	1.0940083194080081	0.3419437504988735	1.0940083194080081	1.0862669921272121	1.0940083194080081	0.047346882129094485	1.3147992860617037	NaN	NaN	800000009	800000009	800000009	800000019	800000019	800000019	899999999	899999999	89999	89999	89	89	9	1	0	15	3	9	3	NaN	0	0	0	0	0	0	0	0	0	NaN	NaN	NaN	NaN	0	0	0	0	0	0	300	150	0	18000	0	15	18000	18000	18000	18000	93	NaN	0.34197116766012775	0.2538795819110826	0.17758432514393271	0.03185988777116368	0.42827746314388715	0.39510507698102093	3.1188686191338084e-7	NaN	0.009429371323149605	0.008841618810661908	0.028087539710788572	0.000047346882129094485	NaN	16.05201033008278	444.922819883431	92.0110144083235	92.32991470548842	91.69211076185438	0.6378061249355512	0.0002884027469796516	36.54489534894253	242
DATA	2026-09-30T170000_AIU-1657.ghg	2026-09-30	17:30:00	273.729	1	18000	18000	0.07613735479138897	1	NaN	-0.029546081206053267	2	NaN	-58.6446887583284	2	NaN	-0.40416039748717336	0	NaN	-1.3356654843180025	2	NaN	-0.010343214657355817	2	NaN	NaN	NaN	NaN	NaN	NaN	NaN	NaN	NaN	NaN	-5.45258127887781e-10	-1.4955012926137356e-11	-2.804274089188897e-12	NaN	16.020262378663094	415.2324416501933	420.01589616883285	0.1	1	439.3941487513724	11.388746383819607	11.519944105593995	0.1	1	0.08239254839634157	2.0504377067098924	2.0740586344831926	0	1	NaN	NaN	NaN	NaN	9	305.31122640821667	299.9768659895557	97560.91699947034	1.1281618121914996	1011.9264220146212	0.02556359391179878	-0.08655112338380655	0.00802802665622095	1111.3945805649562	3519.0898523254505	0.007116024110607135	31.58187563271609	2407.6952717604945	281.67865617775834	-0.16504004059868532	0.20525930312098037	0.21044242215466574	0.33712847634223364	-3.857062337652644e-14	-3.403553044262209e-14	0.33712847634223364	2.0637567642714463	32.198758345935516	128.80124165406448	38.62497881632598	NaN	0.25978447561715134	0.23325678728271076	50881.74850404975	0.00003936775089088321	0.0005038151251481796	-0.00009962454749364486	0	18.375027518818275	-2.7884813172905454	6.3075523321705	15.706697153314325	23.953704191845972	33.59541071884778	50.33204714219552	0.07494331653185674	1.0159325516241955	-3.4852506893919175	1.0222604625286849	-53.2524434978617	1.1012581753301747	-0.36699877153329613	1.1012581753301747	-1.2128540920184758	1.1012581753301747	-0.004736327462354905	1.388956947586548	NaN	NaN	800000009	800000009	800000009	800000019	800000019	800010119	899999999	899999999	89999	89999	89	89	8	0	0	50	16	21	0	NaN	0	0	0	0	0	0	0	0	0	NaN	NaN	NaN	NaN	0	0	0	0	0	0	300	0	0	18000	0	15	18000	18000	18000	18000	93	NaN	0.2360367931784513	0.16428364487450153	0.06619313651246875	0.026694860388846494	0.13619297137464895	0.3216910448001446	3.9119997071558943e-7	NaN	-0.003052907818150629	-0.009489914785140037	-0.031362181219234654	-0.000004736327462354905	NaN	16.021412128567384	439.42779307627774	92.02367891947429	92.34337932056852	91.70398709021674	0.6393908313910159	0.0002882936474472647	34.251057735866986	149
DATA	2026-09-30T173000_AIU-1657.ghg	2026-09-30	18:00:00	273.749	1	18000	18000	0.05666557374557195	1	NaN	59.86379876486702	1	NaN	-112.10697310075719	1	NaN	1.0263356492402538	2	NaN	-2.550584445625538	1	NaN	-0.07028104494651709	1	NaN	NaN	NaN	NaN	NaN	NaN	NaN	NaN	NaN	NaN	3.056040283040735e-10	9.528364653204092e-12	1.57574747923219e-12	NaN	16.03360500592137	413.57107001559166	418.97358637488185	0.1	1	499.90844705047033	12.894646667430175	13.06309060516845	0.1	1	0.08267205380534723	2.048556335706028	2.0753168127291475	0	1	NaN	NaN	NaN	NaN	9	305.13976732211654	298.88276438912413	97561.15174435028	1.131646782834386	1012.7281483519653	0.02547029487354405	-0.16527787207653485	0.00912284439901377	1258.3540298413773	3299.0654853273268	0.008061565267003351	38.1427417987893	2040.7114554859495	283.52524898567947	-0.06590362657386385	-0.039113911003961076	0.08926403957156442	0.11764886225650668	5.971449207879762e-14	1.9060219345007618e-14	0.11764886225650668	1.525675321919755	310.3107991805156	210.68920081948445	49.352603032495594	NaN	0.22377120402833703	0.09530053775976578	-16.05339554212836	-0.1247773403915287	-0.5339881820826959	0.2334298007757357	0	17.93832727049503	-2.722210369807152	6.1576472685209485	15.333412349241744	23.38442131277938	32.79698338651224	49.135857505847824	0.0537760927622458	1.0537317018568286	50.92657690542975	1.0469662992439077	-99.99673490140896	1.1211063362347604	0.915466817079284	1.1211063362347604	-2.2750602357593346	1.1211063362347604	-0.061624696798615965	1.3665472182586949	NaN	NaN	800000009	800000009	800000009	800000019	800001119	800001119	899999999	899999999	89999	89999	89	89	0	0	0	2	27	32	1	NaN	0	0	0	0	0	0	0	0	0	NaN	NaN	NaN	NaN	0	0	0	0	0	0	300	0	0	18000	0	20	18000	18000	18000	18000	93	NaN	0.02530544579955619	0.11313892965206976	0.052156700067905626	0.11050559592406739	3.3145033344820054	0.42744723951425695	0.0000011560770646357322	NaN	0.04443658864995147	0.02362188737388164	-0.05870362055214651	-0.00006162469679861596	NaN	16.034746652629956	499.94638270665416	92.0601413699256	92.3547799858517	91.76550359090169	0.5892676687240581	0.00028635243876326246	34.98573593207648	026
DATA	2026-09-30T180000_AIU-1657.ghg	2026-09-30	18:30:00	273.77	0	18000	18000	0.018869696245503994	1	NaN	-15.256100293084128	1	NaN	40.24749219576421	1	NaN	-1.5781414356662764	2	NaN	0.9144111100794102	1	NaN	0.008572115932756993	2	NaN	NaN	NaN	NaN	NaN	NaN	NaN	NaN	NaN	NaN	-4.802240116839782e-10	-1.701727770612243e-11	-2.43372657294153e-12	NaN	16.324864842745033	418.66846278861397	424.9733623362852	0.1	1	578.4899375808853	14.835987632283835	15.059408835517074	0	0	0.08273275888089679	2.03848722077565	2.0691856332392877	0.3	0	NaN	NaN	NaN	NaN	9	304.22698870425756	297.4494548474329	97576.0406080067	1.1364344056810745	1013.7693310750211	0.025344282799261614	0.05925383993314578	0.010548513202440485	1448.0252449500358	3029.0316634256	0.009282113555967777	47.80488967594454	1581.0064184755643	285.6460264109344	-0.2140798651777633	-0.8899936712972324	0.3360501007951367	0.9751146567804408	-3.575133647802533e-15	-2.9416722056194885e-14	0.9751146567804408	2.2066551132251355	264.52503227029933	256.47496772970067	20.158981934481336	NaN	0.12885766810767837	0.08906252378731776	12.033139485283542	0.16646528551005157	-0.3790571650744921	-0.10276606919404484	1	9.112992679782119	4	9	18	34	75	336	0.01856948996980163	1.016166640881929	-12.600442698502839	1.0330932370006132	34.57631868502049	1.1640190085707607	-1.355769471156657	1.1640190085707607	0.7855637264911753	1.1640190085707607	0.006877697133966495	1.60780229060013	NaN	NaN	800000009	800000009	800000009	800000019	800000019	800001019	899999999	899999999	89999	89999	89	89	11	4	0	1	7	2	6	NaN	0	0	0	0	0	0	0	0	0	NaN	NaN	NaN	NaN	0	0	0	0	0	0	300	150	0	18000	0	15	18000	18000	18000	18000	93	NaN	0.14389079250585907	0.01974169016272606	0.014492564906050396	0.06389461079779322	13.65823185682294	0.8390829231056496	8.0458447080193e-7	NaN	-0.010937102480992793	-0.03487860220125667	0.02020945691943269	0.000006877697133966495	NaN	16.325932110340787	578.496743119981	92.09475342453851	92.34828956921895	91.84121820704141	0.5070700878707878	0.0002846299517275635	36.92957439404945	122
DATA	2026-09-30T183000_AIU-1657.ghg	2026-09-30	19:00:00	273.791	0	18000	18000	0.23058076352777168	1	NaN	-20.739931978836577	2	NaN	83.16987970545236	1	NaN	10.01282149759116	2	NaN	1.8863339619244763	1	NaN	0.09454425628644988	1	NaN	NaN	NaN	NaN	NaN	NaN	NaN	NaN	NaN	NaN	1.1400765756497245e-9	4.706059119587464e-11	5.7720011779334675e-12	NaN	16.37271092695651	417.08987632230367	424.39663795301664	0	0	675.8400901822057	17.216822607161852	17.518434384311753	0.1	0	0.08289206951076959	2.028071524774385	2.063600162707836	-0.2	0	NaN	NaN	NaN	NaN	9	303.02516329616964	295.66774028138633	97594.0889563471	1.1424588543810676	1015.059615847725	0.025187812284399386	0.12223444073270606	0.012317351947590314	1680.7108290583901	2720.3969808055876	0.010781440312144367	61.78182231920738	1039.6861517471975	287.9365194231615	-0.2973403906129761	-1.2269586753131914	0.6410101647006238	1.4158859170376734	-4.210709558496697e-14	6.963273099585903e-14	1.4158859170376734	3.426142849968699	264.62240178350555	256.37759821649445	26.91879781114207	NaN	0.4492532757908465	0.5399837968245946	375.29648805162265	0.00533738008154361	-0.2493683055967788	-0.03980924651015183	0	27.922603919150536	-4.237362870826461	9.584926351274268	23.867821859907085	36.39993430542768	51.051425421968545	76.48433806981974	0.22811261767107044	1.0108198567966118	-15.572295294110607	1.0223510742474942	74.86497755186082	1.1109317390476547	9.012994359288575	1.1109317390476547	1.6979746780315546	1.1109317390476547	0.07118455532445284	1.3826478046501696	NaN	NaN	800000009	800000009	800000009	800000019	800000019	800000019	899999999	899999999	89999	89999	89	89	8	0	0	15	4	2	1	NaN	0	0	0	0	0	0	0	0	0	NaN	NaN	NaN	NaN	0	0	0	0	0	0	300	0	0	18000	0	15	18000	18000	18000	18000	93	NaN	0.9414279731355519	0.06899728344875469	0.0695423370648826	0.12920614081729134	9.454950386903924	0.3615850746140404	5.099144446746495e-7	NaN	-0.013428283851255359	0.23099568862754438	0.0435177050365969	0.00007118455532445283	NaN	16.374061158021302	675.900219276236	92.074317975786	92.2707997110155	91.8778346133762	0.39296318366460786	0.00028335220553951017	36.584164429982444	252
DATA	2026-09-30T190000_AIU-1657.ghg	2026-09-30	19:30:00	273.812	0	18000	18000	0.015304219495210887	1	NaN	-1.9636330229885555	2	NaN	24.75382380315831	1	NaN	4.645822334467965	1	NaN	0.5608051056672985	1	NaN	0.018790316369937946	0	NaN	NaN	NaN	NaN	NaN	NaN	NaN	NaN	NaN	NaN	-4.2769433052125485e-10	-1.6570967581046753e-11	-2.1327614404508e-12	NaN	16.732349611596774	424.1878246982393	431.275890719752	0.1	1	648.2929587366391	16.435108416757327	16.709734718470646	0.1	0	0.08343835190955856	2.03018674153942	2.0641106234195004	-0.2	0	NaN	NaN	NaN	NaN	9	302.134928940667	294.5192929715088	97618.49091013418	1.1475418446827024	1014.5935361624087	0.025083704725770567	0.036340170847240935	0.011806894634669744	1604.8008369863232	2536.3503586851593	0.010288857604085343	63.27204881183094	931.5495216988361	287.22170963530033	-0.08660465011272886	-1.2237159393986003	0.5881281283968037	1.3604689489917787	-1.1368327715028237e-14	-2.556092482222763e-14	1.3604689489917787	2.5921937141795044	255.04817910266524	265.95182089733476	25.61349136429561	NaN	0.11548386954142957	0.2346663128978949	67.33160775444172	0.029749772310581128	-0.0793264522929188	-0.014604220371870128	1	18.561231251955444	8	17	33	59	120	450	0.015138424627017439	1.010951923484664	-0.5020505391655289	1.0225086376179715	22.264026633085958	1.111830497290743	4.178534718906065	1.111830497290743	0.5043980238299295	1.111830497290743	0.013188527641711847	1.3889600289101345	NaN	NaN	800000009	800000009	800000009	800000019	800000019	800000019	899999999	899999999	89999	89999	89	89	16	1	0	5	21	0	11	NaN	0	0	0	0	0	0	0	0	0	NaN	NaN	NaN	NaN	0	0	0	0	0	0	300	0	0	18000	0	15	18000	18000	18000	18000	93	NaN	0.4003939740732575	0.04300220111704724	0.025936450605485117	0.2523576937199355	14.711723363498743	0.39946901647588917	7.043376456598781e-7	NaN	-0.0004312080062118654	0.10656500833739056	0.012863643174148795	0.000013188527641711847	NaN	16.733471024519226	648.3166023600728	92.14557542377048	92.29220746443006	91.99894326782227	0.2932635131983322	0.0002819842439283901	39.28992648850391	049
DATA	2026-09-30T193000_AIU-1657.ghg	2026-09-30	20:00:00	273.833	0	18000	18000	0.08592614656141259	1	NaN	68.7591596524877	1	NaN	79.70337000757749	1	NaN	-13.662911703504191	1	NaN	1.8030074939519507	1	NaN	0.04135700977179367	2	NaN	NaN	NaN	NaN	NaN	NaN	NaN	NaN	NaN	NaN	-8.173738934906352e-10	-3.174476437188868e-11	-4.030049617030802e-12	NaN	17.057227437196588	430.2300191752373	437.5409172323548	0.1	1	662.4601912829801	16.709061413872448	16.992998468895056	0.1	1	0.08410040184586466	2.032292553606078	2.0668272978578526	0.1	0	NaN	NaN	NaN	NaN	9	300.7409989700317	292.97407736223295	97634.9853012447	1.1536689080951337	1014.7136698502674	0.02494788596192427	0.1168348856080864	0.0120690503514597	1631.8265683613658	2305.9424598995693	0.010461450652585727	70.7661442875915	674.1158915382034	287.4795408088513	-0.772663778091921	-1.7208595231647164	0.8971421304477794	2.0888347983185174	5.0178191306084996e-14	-4.7919504884374884e-14	2.0888347983185174	3.2809140068550096	275.1800207606941	245.81997923930595	25.43545597118733	NaN	0.27291164913386534	0.17315416855953694	-25.381046721066458	-0.07892109502077438	0.8626882357163904	0.2152205748637448	0	17.472694772307598	-2.651548841785534	5.997810699739287	14.935396693141026	22.777422323946883	31.945658673957144	47.860417954766525	0.08489976222761808	1.0120893664112127	72.0422394664073	1.0246932634808752	71.8077689340499	1.1099546914036433	-12.309431915843465	1.1099546914036433	1.6243973811866825	1.1099546914036433	0.011189319563935205	1.306375142051418	NaN	NaN	800000009	800000009	800000009	800000019	800000019	800000019	899999999	899999999	89999	89999	89	89	11	11	0	15	14	0	9	NaN	0	0	0	0	0	0	0	0	0	NaN	NaN	NaN	NaN	0	0	0	0	0	0	300	150	0	18000	0	15	18000	18000	18000	18000	93	NaN	0.12390500408450748	0.13955171618957662	0.08285161684498978	0.1194868826325254	5.885235649258268	0.208712350840289	3.361527313968894e-7	NaN	0.06154071038967643	-0.3123141803129711	0.04121411451611193	0.000011189319563935205	NaN	17.058694868916103	662.4949878061271	92.12846909332275	92.22417062928942	92.03276358307733	0.19140746247851478	0.00028015626649398144	35.182587498101945	101
DATA	2026-09-30T200000_AIU-1657.ghg	2026-09-30	20:30:00	273.854	0	18000	18000	0.04729547246448646	1	NaN	14.006173133091231	1	NaN	33.809023735262855	1	NaN	-0.5363870660279925	2	NaN	0.7645930125473972	1	NaN	0.03715446869257312	1	NaN	NaN	NaN	NaN	NaN	NaN	NaN	NaN	NaN	NaN	3.3787042021346523e-10	1.2450280200630917e-11	1.6570043615863417e-12	NaN	17.199824475104688	432.8489383933439	439.8648575535284	0.1	1	633.8010707815987	15.95016978443379	16.208701322513047	0.1	1	0.08435240988471755	2.034996937926274	2.06798159548535	0.2	0	NaN	NaN	NaN	NaN	9	300.58478182474767	292.6805169281178	97661.11989804026	1.155468749769422	1014.2801821197746	0.024916218657750625	0.04954562721307133	0.011535541102290697	1558.1292833167317	2264.304039554558	0.009983429759214738	68.8127237375442	706.1747562378264	286.767327219944	-0.6388835059859491	-1.544005728943512	0.5897776456939995	1.7719942146044505	-1.1551399727353319e-14	1.9643829546197083e-14	1.7719942146044505	2.8841899628998338	273.47894595153264	247.52105404846742	19.440800245311046	NaN	0.20231621058297333	0.11582544274952068	-50.7655671954985	-0.03945784732958956	0.4142732201546173	0.05907077438193777	0	18.475167042327996	-2.803677876323899	6.341926990081042	15.792294911861003	24.084246174523695	33.77849770568649	50.60634481129704	0.046738592791883526	1.0119147719119956	15.706599942134066	1.023296627810636	30.605731497170535	1.104663149070247	-0.48556618049533845	1.104663149070247	0.6921503747010355	1.104663149070247	0.02408128580560389	1.305459141550451	NaN	NaN	800000009	800000009	800000009	800000019	800000019	800000019	899999999	899999999	89999	89999	89	89	10	1	0	7	5	0	4	NaN	0	0	0	0	0	0	0	0	0	NaN	NaN	NaN	NaN	0	0	0	0	0	0	300	0	0	18000	0	15	18000	18000	18000	18000	93	NaN	0.1138977450436387	0.07814841599951755	0.03960472445588512	0.08128821618959255	5.009984319155001	0.2456058405697177	3.9330662383432327e-7	NaN	0.013401889656726666	-0.012294627118122979	0.017525377813457556	0.00002408128580560389	NaN	17.201109022781296	633.8393324538267	92.1920093061659	92.2624705236223	92.12154942364162	0.14092732102092762	0.0002795473116081364	36.869373144619615	169
DATA	2026-09-30T203000_AIU-1657.ghg	2026-09-30	21:00:00	273.874	0	18000	18000	0.004276713304638846	1	NaN	6.653998786765375	2	NaN	66.99275201912826	1	NaN	1.0689058460805803	2	NaN	1.5139622222687135	1	NaN	0.027212728130590676	1	NaN	NaN	NaN	NaN	NaN	NaN	NaN	NaN	NaN	NaN	-1.8167535179312639e-10	-6.7891090107893095e-12	-8.776155727177258e-13	NaN	17.561306888468025	440.92307878867047	448.3099059727966	0.1	0	656.2564798195453	16.47705546032351	16.75309717155135	0.1	1	0.08483306211039751	2.0401883394549447	2.0743678129540997	-0.1	0	NaN	NaN	NaN	NaN	9	299.9825439190334	291.9400658076227	97687.72615995763	1.1584827143598495	1014.5612857260319	0.024846414207146165	0.09810475200301262	0.011950076256756488	1610.0378415228608	2162.1891578396794	0.010315282315938413	74.46332045858131	552.1513163168186	287.2719683622662	-0.7708212818557203	-1.664787843806882	0.6875485064201168	1.9591852801941365	-2.0406694777059177e-15	-1.03452068201386e-14	1.9591852801941365	2.6452646121178542	275.8448312295137	245.1551687704863	20.544571396142338	NaN	0.060758954164484846	0.04809457087866615	-2.8950934956751198	-0.6918947533101649	0.09932415949811223	0.09317611172915519	1	48.01649715398623	21	37	61	91	144	315	0.004226050527818323	1.0119882089641454	10.374764261243417	1.0240942714588221	60.47668641893984	1.107745083039929	0.9649384704531803	1.107745083039929	1.3667063347408621	1.107745083039929	0.01630679561277505	1.3059367138714761	NaN	NaN	800000009	800000009	800000009	800000019	800000019	800010019	899999999	899999999	89999	89999	89	89	14	5	1	9	1	0	6	NaN	0	0	0	0	0	0	0	0	0	NaN	NaN	NaN	NaN	0	0	0	0	0	0	300	0	0	18000	0	20	18000	18000	18000	18000	93	NaN	0.0402866168080745	0.03209646563375953	0.02380605931549827	0.10505716934179163	10.78348743425645	0.1326890190585257	6.765843040713922e-7	NaN	0.008826944440373968	0.02437703034371514	0.03452680436430194	0.00001630679561277505	NaN	17.56273756441034	656.2944976028411	92.13061870405409	92.17924460898504	92.08199175643921	0.09725298799533255	0.00027859948999927524	34.06039941238624	241
DATA	2026-09-30T210000_AIU-1657.ghg	2026-09-30	21:30:00	273.895	0	18000	18000	0.021510774494346623	1	NaN	-7.243033867790768	2	NaN	40.45314006950125	1	NaN	6.391913120057626	1	NaN	0.914026456904914	1	NaN	0.03128294080979412	0	NaN	NaN	NaN	NaN	NaN	NaN	NaN	NaN	NaN	NaN	-9.0304591467012e-11	-3.4043791577894306e-12	-4.392722455738983e-13	NaN	17.518084924785192	439.14483164021124	446.53737155829526	0	0	660.4116383618167	16.55525469746473	16.833944943568607	0.1	1	0.08521392299167516	2.047602885237306	2.082072119473683	0	0	NaN	NaN	NaN	NaN	9	299.92977556271023	291.7475387849107	97715.80236670197	1.1595458817888318	1014.6014890142862	0.024822894339598656	0.059228914407438424	0.012018167207998792	1618.143929729477	2136.3079395800296	0.010364546497684387	75.74488208135307	518.1640098505527	287.34947860676806	-0.6827375772075812	-1.8704332799000976	0.6477291619846915	2.093849163902315	6.259424877938958e-15	-5.154935134447599e-15	2.093849163902315	3.2500550450683763	271.05287766952915	249.9471223304708	18.019974310524333	NaN	0.13620217875268087	0.12564926413903074	29.96673897965976	0.06684411011020001	-0.1790475067039726	-0.045201518835342784	1	25.63114629995195	11	23	48	89	189	788	0.021213844377939384	1.013996997013706	-4.826181572490477	1.0305517325571187	35.25312975968135	1.1475049263786812	5.570270744047567	1.1475049263786812	0.7965337977148532	1.1475049263786812	0.021865164360950432	1.4596842302751107	NaN	NaN	800000009	800000009	800000009	800000019	800000019	800100019	899999999	899999999	89999	89999	89	89	15	12	1	9	2	0	4	NaN	0	0	0	0	0	0	0	0	0	NaN	NaN	NaN	NaN	0	0	0	0	0	0	300	150	0	18000	0	15	18000	18000	18000	18000	93	NaN	0.10810708747744698	0.09101841722205856	0.05217302357855596	0.07732606151100282	15.25054379224643	0.11017670359562855	1.3650763939788762e-7	NaN	-0.004102232055315469	0.14059851064211895	0.020105210461178056	0.000021865164360950433	NaN	17.519357488208342	660.4570485001713	92.09361383607651	92.1202789654202	92.0669494565328	0.05333284859317847	0.00027894529276333436	36.79842208578582	227
DATA	2026-09-30T213000_AIU-1657.ghg	2026-09-30	22:00:00	273.916	0	18000	18000	0.017942295910612763	0	NaN	-6.024083361021845	1	NaN	36.551184366763664	1	NaN	8.66169395841823	0	NaN	0.8254521485326334	1	NaN	0.04026356265423207	1	NaN	NaN	NaN	NaN	NaN	NaN	NaN	NaN	NaN	NaN	-7.82778291783015e-11	-2.971092690830968e-12	-3.786342805953738e-13	NaN	17.700525433044117	443.01528584859625	450.5919771660697	0	0	671.8364866531439	16.814971640475896	17.10255054283345	0.1	1	0.0856184411838361	2.0527390399808096	2.087846113163329	0.2	0	NaN	NaN	NaN	NaN	9	299.4644576924641	291.2318008784925	97738.3422766596	1.1617524256319542	1014.7377675752152	0.024773299158788835	0.05348929922491464	0.012231144193224472	1643.9082963160442	2068.3101100809654	0.01052818476929036	79.48074557599548	424.40181376492114	287.593590904484	-0.818860220364132	-1.901919597130479	0.7169006317347495	2.191295673848098	6.0001316748608335e-15	-4.422344945318347e-15	2.191295673848098	3.5288570016907785	274.2940085039004	246.70599149609956	19.096388109546616	NaN	0.12427455408657802	0.1479667727761429	27.37476696072336	0.07317322565244111	-0.16481226163767215	-0.04111888663326988	1	30.52824416104977	13	28	57	107	231	980	0.01768786440695549	1.0143845236374167	-3.858676119943101	1.0314938600503099	31.746237375572402	1.151354849847135	7.523044663049136	1.151354849847135	0.7169398284483957	1.151354849847135	0.028036099866196904	1.464822810744512	NaN	NaN	800000009	800000009	800000009	800000019	800000019	800001019	899999999	899999999	89999	89999	89	89	20	2	1	0	0	0	8	NaN	0	0	0	0	0	0	0	0	0	NaN	NaN	NaN	NaN	0	0	0	0	0	0	300	0	0	18000	0	25	18000	18000	18000	18000	93	NaN	0.16734857528462027	0.07941698656798604	0.04916798369967948	0.12470806100049912	26.748405918316355	0.07426045532989616	1.0888218260246912e-7	NaN	-0.0032731877318421675	0.18955891886127532	0.018064805521729288	0.000028036099866196903	NaN	17.701890523804572	671.8876516224653	92.01430457348293	92.02149383121069	92.00711568281388	0.014377288465876594	0.0002782940791399193	36.153038653691596	087
DATA	2026-09-30T220000_AIU-1657.ghg	2026-09-30	22:30:00	273.937	0	18000	18000	0.12232930069028396	1	NaN	33.2591530115969	0	NaN	143.65136788103888	1	NaN	8.571585066774169	1	NaN	3.2429339562008552	1	NaN	0.11568296484797373	1	NaN	NaN	NaN	NaN	NaN	NaN	NaN	NaN	NaN	NaN	-2.1661848172589014e-10	-8.232220315413163e-12	-1.0450520111896518e-12	NaN	17.83341985381383	445.55703326398327	453.2314399405584	0	0	677.7290656096042	16.93264412014662	17.22429701166485	0.1	1	0.08603537027925785	2.0592315419208487	2.094700357614682	0	0	NaN	NaN	NaN	NaN	9	299.1776524827745	290.8447100726629	97746.12107388771	1.1633391119635252	1014.7966939697225	0.024738402843794232	0.2101421203618154	0.012334112844701027	1655.5442453989465	2018.5270606131053	0.01060233659975815	82.01744121756253	362.9828152141588	287.7027386127825	-0.784728305672736	-1.7537980170296545	0.7296642616171162	2.055241088763662	4.414698342214555e-14	-1.2146771819515281e-14	2.055241088763662	4.819216533944998	275.10589448610324	245.89410551389673	20.795044990704792	NaN	0.32427396494007654	0.3076023840830863	-88.09479967201399	-0.022738005052031985	0.23152687998863747	0.08687878329740108	0	15.563463659136415	-2.361815654501031	5.342433441218052	13.303414653410536	20.28854674147851	28.45497528104793	42.630738146392645	0.12087162274841079	1.0120597201289112	40.839749242714035	1.024534802197308	129.48758993655707	1.1093832849265433	7.726441513260882	1.1093832849265433	2.9231862425397757	1.1093832849265433	0.07538038096508584	1.3062545969089632	NaN	NaN	800000009	800000009	800000009	800000019	800000019	800000019	899999999	899999999	89999	89999	89	89	6	5	0	45	16	4	14	NaN	0	0	0	0	0	0	0	0	0	NaN	NaN	NaN	NaN	0	0	0	0	0	0	300	0	0	18000	0	25	18000	18000	18000	18000	93	NaN	0.20803309855120866	0.2509594187722655	0.1562122508426985	0.0721406153465472	19.755501834203034	0.11686526307447795	2.8090896560532484e-7	NaN	0.034593754068763284	0.19443297010715418	0.07356087305364294	0.00007538038096508584	NaN	17.834787554052156	677.7778587254402	91.90166801791722	91.87753918796116	91.92579559114245	-0.048257031441382305	0.0002776236886954089	35.74488312064277	153
DATA	2026-09-30T223000_AIU-1657.ghg	2026-09-30	23:00:00	273.958	0	18000	18000	0.05488792762269382	1	NaN	-6.814876394972817	2	NaN	80.45262119426759	1	NaN	15.480944874543198	1	NaN	1.8157419973463562	1	NaN	0.03658513966967768	1	NaN	NaN	NaN	NaN	NaN	NaN	NaN	NaN	NaN	NaN	2.1702041428488905e-10	8.164781288678707e-12	1.0395811446705803e-12	NaN	17.979616351368588	449.02276979438085	456.7385527672625	0.1	0	676.432379170412	16.893215880581426	17.18350046349532	0.1	1	0.0861267830903551	2.058856342691808	2.094234701610723	0.2	0	NaN	NaN	NaN	NaN	9	298.8978110037909	290.5714606092205	97736.90221685205	1.1643407483411392	1014.7690978536673	0.024717492254307593	0.11766008142804388	0.012315802600518306	1651.5334762207337	1984.0202373924692	0.010577489981403544	83.24176563800016	332.48676117173545	287.6651930941948	-0.7437085360664012	-1.8582713273465732	0.6865926265098626	2.1160539093875057	6.974205800660932e-15	1.2070358457252048e-14	2.1160539093875057	3.6845114872606093	272.812040846635	248.18795915336503	18.933371288492406	NaN	0.21711926917165109	0.18493459087660655	129.04102191813507	0.015522970681918396	-0.08470670431628385	-0.0265651507404204	0	14.390452936458974	-2.183806751830398	4.939776818695567	12.300742730344494	18.759408794005875	26.310337567411704	39.4176800472068	0.05424992681069432	1.011760399497419	-2.15662676380669	1.0258499975989555	71.49996728720951	1.1252120000432448	13.758247222699566	1.1252120000432448	1.6136887957794375	1.1252120000432448	0.024841706452296806	1.388671687213585	NaN	NaN	800000009	800000009	800000009	800000019	800000019	810000019	899999999	899999999	89999	89999	89	89	13	0	0	15	4	0	4	NaN	0	0	0	0	0	0	0	0	0	NaN	NaN	NaN	NaN	0	0	0	0	0	0	300	150	0	18000	0	15	18000	18000	18000	18000	93	NaN	0.15333313846844598	0.13135025537497702	0.08518578790979009	0.07010086353342096	31.19695159663721	0.13199013552604072	7.176496372229745e-8	NaN	-0.001825272288650224	0.3459145457436876	0.0405719142655583	0.000024841706452296806	NaN	17.980998092442384	676.483519463373	91.88000817235313	91.84819479115806	91.9118204074436	-0.06362654846042108	0.00027764868002527185	35.67129195891485	036
DATA	2026-09-30T230000_AIU-1657.ghg	2026-09-30	23:30:00	273.979	0	18000	18000	0.09345336328783252	1	NaN	-7.32445911782351	2	NaN	106.09013782758261	1	NaN	26.644138086667944	1	NaN	2.3933883886919776	1	NaN	0.047155188902115695	0	NaN	NaN	NaN	NaN	NaN	NaN	NaN	NaN	NaN	NaN	3.663906896610033e-10	1.3789981962546896e-11	1.7368343607550517e-12	NaN	18.170247601967496	453.06753759786545	460.9273962682086	0	0	683.8803325433187	17.052270561434753	17.34809497059887	0.1	1	0.08613404016276556	2.05528115667615	2.0909363693734506	0.4	0	NaN	NaN	NaN	NaN	9	298.64557408396405	290.15146761274605	97725.45084569209	1.1658189375596242	1014.8510981536983	0.024684657690056695	0.15509156758724013	0.01244829580544498	1666.887833670469	1931.9901386061279	0.010677726535736884	86.27827856683979	265.1023049356588	287.8084968465811	-0.5500358102381472	-2.1219789416359762	0.5944427063481846	2.271276326742589	2.1542692681171588e-14	2.01643201395522e-14	2.271276326742589	3.990353853274371	265.5317509697336	255.4682490302664	15.172256870140043	NaN	0.28312740929668995	0.19254091745731527	266.2154937365892	0.007524355445600007	-0.06903996231701763	-0.021865540262431406	0	18.650018033179027	-2.8302121887649836	6.401947677070233	15.941754908992518	24.312182100508426	34.09818108282549	51.08528876418967	0.09236019467753136	1.0118359279570368	-1.225240815214482	1.0262547225827767	94.18695000244507	1.1263783127580682	23.654697347134352	1.1263783127580682	2.124853045893158	1.1263783127580682	0.03169351406685841	1.3832826733283798	NaN	NaN	800000009	800000009	800000009	800000019	800000019	800100019	899999999	899999999	89999	89999	89	89	8	0	1	44	9	0	0	NaN	0	0	0	0	0	0	0	0	0	NaN	NaN	NaN	NaN	0	0	0	0	0	0	300	0	0	18000	0	20	18000	18000	18000	18000	93	NaN	0.1536094225215478	0.15571550167383735	0.07575691071924538	0.03367812597100623	20.453352086533123	0.09197188090546395	2.201776718844584e-7	NaN	-0.0010355904191554713	0.5940405644001604	0.05336144800866313	0.00003169351406685841	NaN	18.171548132790473	683.9271090689947	91.68172362687855	91.60525292968751	91.75819576560126	-0.15294068925827572	0.00027679742528966423	36.488008869065176	134
