DATAH	filename	date	time	DOY	daytime	file_records	used_records	Tau	qc_Tau	rand_err_Tau	H	qc_H	rand_err_H	LE	qc_LE	rand_err_LE	co2_flux	qc_co2_flux	rand_err_co2_flux	h2o_flux	qc_h2o_flux	rand_err_h2o_flux	ch4_flux	qc_ch4_flux	rand_err_ch4_flux	none_flux	qc_none_flux	rand_err_none_flux	H_strg	LE_strg	co2_strg	h2o_strg	ch4_strg	none_strg	co2_v-adv	h2o_v-adv	ch4_v-adv	none_v-adv	co2_molar_density	co2_mole_fraction	co2_mixing_ratio	co2_time_lag	co2_def_timelag	h2o_molar_density	h2o_mole_fraction	h2o_mixing_ratio	h2o_time_lag	h2o_def_timelag	ch4_molar_density	ch4_mole_fraction	ch4_mixing_ratio	ch4_time_lag	ch4_def_timelag	none_molar_density	none_mole_fraction	none_mixing_ratio	none_time_lag	none_def_timelag	sonic_temperature	air_temperature	air_pressure	air_density	air_heat_capacity	air_molar_volume	ET	water_vapor_density	e	es	specific_humidity	RH	VPD	Tdew	u_unrot	v_unrot	w_unrot	u_rot	v_rot	w_rot	wind_speed	max_wind_speed	wind_dir	yaw	pitch	roll	u*	TKE	L	(z-d)/L	bowen_ratio	T*	model	x_peak	x_offset	x_10%	x_30%	x_50%	x_70%	x_90%	un_Tau	Tau_scf	un_H	H_scf	un_LE	LE_scf	un_co2_flux	co2_scf	un_h2o_flux	h2o_scf	un_ch4_flux	ch4_scf	un_none_flux	un_none_scf	spikes_hf	amplitude_resolution_hf	drop_out_hf	absolute_limits_hf	skewness_kurtosis_hf	skewness_kurtosis_sf	discontinuities_hf	discontinuities_sf	timelag_hf	timelag_sf	attack_angle_hf	non_steady_wind_hf	u_spikes	v_spikes	w_spikes	ts_spikes	co2_spikes	h2o_spikes	ch4_spikes	none_spikes	head_detect_LI-7200	t_out_LI-7200	t_in_LI-7200	aux_in_LI-7200	delta_p_LI-7200	chopper_LI-7200	detector_LI-7200	pll_LI-7200	sync_LI-7200	chopper_LI-7500	detector_LI-7500	pll_LI-7500	sync_LI-7500	not_ready_LI-7700	no_signal_LI-7700	re_unlocked_LI-7700	bad_temp_LI-7700	laser_temp_unregulated_LI-7700	block_temp_unregulated_LI-7700	motor_spinning_LI-7700	pump_on_LI-7700	top_heater_on_LI-7700	bottom_heater_on_LI-7700	calibrating_LI-7700	motor_failure_LI-7700	bad_aux_tc1_LI-7700	bad_aux_tc2_LI-7700	bad_aux_tc3_LI-7700	box_connected_LI-7700	mean_value_RSSI_LI-7200	mean_value_LI-7500	u_var	v_var	w_var	ts_var	co2_var	h2o_var	ch4_var	none_var	w/ts_cov	w/co2_cov	w/h2o_cov	w/ch4_cov	w/none_cov	co2_mean	h2o_mean	avg_signal_strength_7200_mean	co2_signal_strength_7200_mean	h2o_signal_strength_7200_mean	delta_signal_strength_7200_mean	flowrate_mean	rssi_77_mean	CHK
DATAU		[yyyy-mm-dd]	[HH:MM]	[ddd.ddd]	[1=daytime]	[#]	[#]	[kg+1m-1s-2]	[#]	[kg+1m-1s-2]	[W+1m-2]	[#]	[W+1m-2]	[W+1m-2]	[#]	[W+1m-2]	[µmol+1s-1m-2]	[#]	[µmol+1s-1m-2]	[mmol+1s-1m-2]	[#]	[mmol+1s-1m-2]	[µmol+1s-1m-2]	[#]	[µmol+1s-1m-2]	[µmol+1s-1m-2]	[#]	[µmol+1s-1m-2]	[W+1m-2]	[W+1m-2]	[µmol+1s-1m-2]	[mmol+1s-1m-2]	[µmol+1s-1m-2]	[µmol+1s-1m-2]	[µmol+1s-1m-2]	[mmol+1s-1m-2]	[µmol+1s-1m-2]	[µmol+1s-1m-2]	[mmol+1m-3]	[µmol+1mol_a-1]	[µmol+1mol_d-1]	[s]	[1=default]	[mmol+1m-3]	[mmol+1mol_a-1]	[mmol+1mol_d-1]	[s]	[1=default]	[mmol+1m-3]	[µmol+1mol_a-1]	[µmol+1mol_d-1]	[s]	[1=default]	[mmol+1m-3]	[µmol+1mol_a-1]	[µmol+1mol_d-1]	[s]	[1=default]	[K]	[K]	[Pa]	[kg+1m-3]	[J+1kg-1K-1]	[m+3mol-1]	[mm]	[kg+1m-3]	[Pa]	[Pa]	[kg+1kg-1]	[%]	[Pa]	[K]	[m+1s-1]	[m+1s-1]	[m+1s-1]	[m+1s-1]	[m+1s-1]	[m+1s-1]	[m+1s-1]	[m+1s-1]	[deg_from_north]	[deg]	[deg]	[deg]	[m+1s-1]	[m+2s-2]	[m]	[#]	[#]	[K]	[0=KJ/1=KM/2=HS]	[m]	[m]	[m]	[m]	[m]	[m]	[m]	[kg+1m-1s-2]	[#]	[W+1m-2]	[#]	[W+1m-2]	[#]	[µmol+1s-1m-2]	[#]	[mmol+1s-1m-2]	[#]	[µmol+1s-1m-2]	[#]	[µmol+1s-1m-2]	[#]	8u/v/w/ts/co2/h2o/ch4/none	8u/v/w/ts/co2/h2o/ch4/none	8u/v/w/ts/co2/h2o/ch4/none	8u/v/w/ts/co2/h2o/ch4/none	8u/v/w/ts/co2/h2o/ch4/none	8u/v/w/ts/co2/h2o/ch4/none	8u/v/w/ts/co2/h2o/ch4/none	8u/v/w/ts/co2/h2o/ch4/none	8co2/h2o/ch4/none	8co2/h2o/ch4/none	8aa	8U	[#]	[#]	[#]	[#]	[#]	[#]	[#]	[#]	[#_flagged_recs]	[#_flagged_recs]	[#_flagged_recs]	[#_flagged_recs]	[#_flagged_recs]	[#_flagged_recs]	[#_flagged_recs]	[#_flagged_recs]	[#_flagged_recs]	[#_flagged_recs]	[#_flagged_recs]	[#_flagged_recs]	[#_flagged_recs]	[#_flagged_recs]	[#_flagged_recs]	[#_flagged_recs]	[#_flagged_recs]	[#_flagged_recs]	[#_flagged_recs]	[#_flagged_recs]	[#_flagged_recs]	[#_flagged_recs]	[#_flagged_recs]	[#_flagged_recs]	[#_flagged_recs]	[#_flagged_recs]	[#_flagged_recs]	[#_flagged_recs]	[#_flagged_recs]	[#]	[#]	[m+2s-2]	[m+2s-2]	[m+2s-2]	[K+2]	--	--	--	--	[m+1s-1K+1]	--	--	--	--	--	--	--	--	--	--	--	--	241
DATA	2026-09-25T233000_AIU-1657.ghg	2026-09-26	00:00:00	269	0	18000	18000	0.08080368134711687	1	NaN	54.35857186330632	0	NaN	26.897124658723314	0	NaN	-3.274648558028174	0	NaN	0.6041519846679624	0	NaN	0.09279006367894749	0	NaN	NaN	NaN	NaN	NaN	NaN	NaN	NaN	NaN	NaN	-1.6107095899144807e-10	-4.146407112286455e-12	-8.244202223835498e-13	NaN	17.917698581372978	439.67793090921833	444.7114025806677	0.1	1	461.2505773778526	11.31851273036855	11.448088060823359	0.1	1	0.09170935059647357	2.138700528991039	2.163184560982658	0.2	0	NaN	NaN	NaN	NaN	9	296.33318013763426	285.6060100818354	97594.70967028601	1.1853696474451065	1011.5436510464797	0.024330502911914863	0.03914904860648396	0.00838287657407914	1104.923268309362	1440.903230133219	0.007071951430633661	76.68268383347339	335.97996182385714	281.5924918910856	-0.8047921234447667	-1.583099891467005	0.718589185541454	1.915793842222823	-5.2848835839108885e-15	-8.989489261689862e-15	1.915793842222823	3.2533553443588334	277.9471771863414	243.05282281365862	22.02968428251205	NaN	0.26108905864723486	0.20139359063337722	-28.072104578138557	-0.0713555335484157	2.02098077593869	0.17363646463700694	0	18.379749242751473	-2.789197857113935	6.3091731472019985	15.710733211915288	23.95985943587244	33.604043536114276	50.34498067556599	0.07984845847227078	1.0119629469763378	54.79067300185189	1.0239017906144483	24.296940860776267	1.107016920889191	-2.958083563345963	1.107016920889191	0.5457477417623287	1.107016920889191	0.05808634177112084	1.305808654334037	NaN	NaN	800000009	800000009	800000009	800000019	800000019	800001119	899999999	899999999	89999	89999	89	89	16	0	2	32	3	0	19	NaN	0	0	0	0	0	0	0	0	0	NaN	NaN	NaN	NaN	0	0	0	0	0	0	300	0	0	18000	0	20	18000	18000	18000	18000	93	NaN	0.17984228428115215	0.15612820716730547	0.06681668981829686	0.11938707631950736	5.708062073975478	0.11280274606962437	6.547608072046671e-7	NaN	0.045694949729594175	-0.07279582220532607	0.01343036960502602	0.000058086341771120843	NaN	17.91909426960378	461.2793827596263	93.22267002635532	93.03711789237128	93.40822281731499	-0.37110154700858483	0.00027275374167301286	36.66594588947291	007
DATA	2026-09-26T000000_AIU-1657.ghg	2026-09-26	00:30:00	269.02	0	18000	18000	0.10616346831645589	1	NaN	71.94437900815332	1	NaN	11.478522592931265	2	NaN	-6.862072124890822	1	NaN	0.2576835741277045	2	NaN	0.07122101283792437	0	NaN	NaN	NaN	NaN	NaN	NaN	NaN	NaN	NaN	NaN	-5.107348656871166e-10	-1.3006366875374958e-11	-2.62761427915751e-12	NaN	17.986780751311155	440.6126834801585	445.6127420219093	0.1	1	458.0511045466826	11.22063637377981	11.347967793977395	0.1	1	0.09253788044142303	2.1523441170420092	2.1767688487637584	0.1	0	NaN	NaN	NaN	NaN	9	295.84040308125816	285.0307103199069	97567.70944650423	1.1874777051208971	1011.4783319877625	0.024288213170557446	0.01669789560347525	0.008324855743814526	1095.0654504652525	1387.3496697141534	0.007010536457159819	78.93218806841087	292.28421924890085	281.46037788071726	-0.6217155943232274	-1.8835108515015613	0.6367196284432927	2.083159929816632	3.0386539237318253e-14	-2.8395012578884427e-14	2.083159929816632	4.186005165805934	269.2671970710601	251.73280292893986	17.797325605792107	NaN	0.2990024981895276	0.26614682164064196	-31.84981208556432	-0.06289205081080806	6.267738589673405	0.20032723797582988	0	17.31700705129721	-2.627922629475136	5.944368143163865	14.802317170843956	22.57446765563054	31.66101186589828	47.43396516685474	0.10489589008214877	1.0120841553783892	71.10521296609532	1.0246663461186103	10.342264106047582	1.1098655454195239	-6.1827958829886835	1.1098655454195239	0.23217548755448691	1.1098655454195239	0.03688784726557821	1.306354260987883	NaN	NaN	800000009	800000009	800000009	800000019	800001119	800001119	899999999	899999999	89999	89999	89	89	10	0	0	48	2	0	10	NaN	0	0	0	0	0	0	0	0	0	NaN	NaN	NaN	NaN	0	0	0	0	0	0	300	150	0	18000	0	25	18000	18000	18000	18000	93	NaN	0.24270834212317408	0.18788456050226118	0.10170074065584868	0.14722233774627683	8.30636057394217	0.11694798699041944	2.698057021043357e-7	NaN	0.059199684652790234	-0.1518736404016367	0.0057031377348139055	0.00003688784726557821	NaN	17.988217964047326	458.0804368553245	93.18003213628133	92.96874428219265	93.39132181421915	-0.4225774743838456	0.00027234495468696365	39.510650457659814	077
DATA	2026-09-26T003000_AIU-1657.ghg	2026-09-26	01:00:00	269.041	0	18000	18000	0.13855916777690083	1	NaN	-30.560457931257215	2	NaN	116.00183549113974	1	NaN	34.28410579714678	1	NaN	2.604122375505247	1	NaN	0.1727168508145287	1	NaN	NaN	NaN	NaN	NaN	NaN	NaN	NaN	NaN	NaN	1.7431468027283365e-9	4.5179076150847295e-11	9.025075214254741e-12	NaN	18.109599192911542	443.36753931291	448.52161333419167	0.1	1	469.36664182114964	11.491250071468306	11.624833945373892	0.1	1	0.09376175004894598	2.1809791985055886	2.206332719526531	0.4	0	NaN	NaN	NaN	NaN	9	295.90868649037685	285.020589266847	97554.02870983403	1.1872313447740037	1011.6290144396107	0.024290756727360967	0.16874712993274002	0.008524737708255953	1121.318440525543	1386.4234098797178	0.007180350944894135	80.87849877136924	265.1049693541747	281.8099350372278	0.06328454723257022	-0.45310842676257995	0.22403541543210354	0.5094153979704551	6.697403092058763e-15	9.62554048910502e-14	0.5094153979704551	2.8357254760392703	243.04907185660136	277.95092814339864	26.090435186206605	NaN	0.34162524489414714	0.3110417273271435	111.82679579211998	0.017912522538190714	-0.2634480549541945	-0.07448233284521799	0	19.791162071865884	-3.0033851991975915	6.793665498183169	16.91718766987456	25.7997786069626	36.18455633476934	54.21105907894978	0.13673618337240262	1.0133321287718942	-23.50801823684393	1.021868614420399	104.99699714183048	1.104810981731638	31.03164827653251	1.104810981731638	2.357075027823896	1.104810981731638	0.13029752811071071	1.4020021970558327	NaN	NaN	800000009	800000009	800000009	800000019	800000019	810000019	899999999	899999999	89999	89999	89	89	20	1	3	8	2	0	3	NaN	0	0	0	0	0	0	0	0	0	NaN	NaN	NaN	NaN	0	0	0	0	0	0	300	0	0	18000	0	15	18000	18000	18000	18000	93	NaN	0.31046052333062685	0.21654532481270294	0.09507760651095734	0.21147946998378667	22.028246454481504	0.11167911926223793	0.0000042558573292183345	NaN	-0.01957308977208349	0.762547190066811	0.05792089814974541	0.0001302975281107107	NaN	18.111087083617853	469.39949884165	93.06501739035716	92.83234401533338	93.29769037501013	-0.46534783567157434	0.0002717670414616199	40.65200010238459	032
DATA	2026-09-26T010000_AIU-1657.ghg	2026-09-26	01:30:00	269.062	0	18000	18000	0.04608799515386338	1	NaN	-1.1253959970491645	1	NaN	39.65338986446833	1	NaN	1.5393106503546474	0	NaN	0.8893953241582848	1	NaN	0.15632017815140362	1	NaN	NaN	NaN	NaN	NaN	NaN	NaN	NaN	NaN	NaN	1.362818614401812e-10	3.3829978498420622e-12	6.986119237163039e-13	NaN	18.498831667283515	451.71786583985613	456.8405261183333	0.2	0	459.20643505797403	11.213235222372134	11.340397770083344	0.1	1	0.09482923289287172	2.196421104619864	2.221329393616859	-0.8	0	NaN	NaN	NaN	NaN	9	294.9490642929078	284.10272733354293	97527.93520391951	1.1908741209823204	1011.4572914786512	0.024219010380075692	0.05763281700545685	0.00834313619748421	1093.8970258037464	1304.650744484293	0.007005892604839023	83.8459664725172	210.75371868054663	281.444649262774	0.32906362044542575	0.040417963936514756	0.22213682906423357	0.3990754927781948	1.5593100269157476e-14	7.367052357214821e-15	0.3990754927781948	2.104528334395941	153.9975931166225	7.002406883377391	33.82296146939686	NaN	0.1967256457020375	0.1657932463547718	579.7257828979868	0.0034552542927911854	-0.028380826983409622	-0.004749315045552782	1	1.0084261093421079	1	1	2	3	6	19	0.045091214892678595	1.0221058639372929	1.132499037555213	1.0259362909544536	36.18875253937825	1.095737959503304	1.4048163952012889	1.095737959503304	0.8116861485399721	1.095737959503304	0.12197886425070119	1.319064860195967	NaN	NaN	800000009	800000009	800000009	800000019	800000019	800000019	899999999	899999999	89999	89999	89	89	24	4	1	9	4	0	0	NaN	0	0	0	0	0	0	0	0	0	NaN	NaN	NaN	NaN	0	0	0	0	0	0	300	0	0	18000	0	15	18000	18000	18000	18000	93	NaN	0.10892815289887622	0.14651409977635532	0.07614424003431204	0.22201409460298682	4.083984326906165	0.2236044703040393	0.00000562212778024852	NaN	0.0009402090656702903	0.034409204862514	0.01988122794165924	0.00012197886425070119	NaN	18.500390501919973	459.21840833164754	93.04480572128296	92.78831380208332	93.3012960993449	-0.5129821022417824	0.0002711366535448986	41.825646608670525	146
DATA	2026-09-26T013000_AIU-1657.ghg	2026-09-26	02:00:00	269.083	0	18000	18000	0.2160443404979124	1	NaN	55.848005340322004	0	NaN	-116.83739321187085	2	NaN	4.613508405207059	2	NaN	-2.6223641935465323	2	NaN	-0.08955074067464093	2	NaN	NaN	NaN	NaN	NaN	NaN	NaN	NaN	NaN	NaN	9.670026517540262e-10	2.394716297368137e-11	5.049625046660212e-12	NaN	18.150639008167236	443.8426594743681	448.7753565671866	0.1	1	449.488230064959	10.99146158681731	11.11361647539726	0.1	1	0.0947814581296959	2.2022488757460112	2.2267238251344272	0	1	NaN	NaN	NaN	NaN	9	295.9123617426555	284.8155119711666	97486.11070444915	1.1874843902199854	1011.3465959136631	0.0242901901554701	-0.16992919974181528	0.008154161820897902	1071.802263569369	1367.7719389970136	0.0068667528500204675	78.36118237338023	295.9696754276447	281.14439891075995	-0.022407976046090138	-0.1488839993077172	0.15674232768865878	0.21734010198210316	5.1270854634214945e-14	5.327650730747851e-14	0.21734010198210316	1.940812977922553	259.5591325800449	261.4408674199551	46.15236740912222	NaN	0.4265377682591788	0.3059832497699918	-119.03259085975998	-0.016828164333245355	-0.47799770095048444	0.10902403411842465	0	18.88484111880682	-2.8658474979622635	6.482554843502075	16.142478150728362	24.61829770903114	34.52751257633501	51.728505575908166	0.208933273162719	1.0340351119165938	47.665133769257636	1.0337025667070838	-105.76540893173933	1.1046843612856199	4.176313675553357	1.1046843612856199	-2.3738583485464146	1.1046843612856199	-0.07858934241332174	1.3364360696682178	NaN	NaN	800000009	800000009	800000009	800000019	800000019	800000019	899999999	899999999	89999	89999	89	89	1	6	0	6	1	0	3	NaN	0	0	0	0	0	0	0	0	0	NaN	NaN	NaN	NaN	0	0	0	0	0	0	300	0	0	18000	0	15	18000	18000	18000	18000	93	NaN	0.3041362897775858	0.14118677343746563	0.16664343632493223	0.23094967988542425	15.135758865173697	0.23129382925366065	0.000005844633224815404	NaN	0.03968924977491146	0.10257116273822554	-0.058302471965060804	-0.00007858934241332174	NaN	18.152373358623045	449.4887728137659	93.12115826204088	92.86897102101642	93.3733477359348	-0.5043788560794472	0.0002716562676747951	41.392703942894045	161
DATA	2026-09-26T020000_AIU-1657.ghg	2026-09-26	02:30:00	269.104	0	18000	18000	0.06878633951037186	0	NaN	48.458114841479215	0	NaN	9.815044418789457	2	NaN	-1.8535825209788845	1	NaN	0.22026114624976875	2	NaN	0.16071053051404377	0	NaN	NaN	NaN	NaN	NaN	NaN	NaN	NaN	NaN	NaN	-2.2256002543819902e-10	-5.5334438661825456e-12	-1.1630204669248774e-12	NaN	18.008662285836873	440.85107376083243	445.7366818382949	0.1	1	447.74402621277557	10.96074942119043	11.082218844981062	0.1	1	0.09410693937120497	2.1850282091340745	2.2092431699301556	0.2	0	NaN	NaN	NaN	NaN	9	295.6385664291382	284.6581061291021	97452.62754193149	1.1877467918929654	1011.3265553674888	0.02428510707255219	0.014272922276985015	0.008133079560404358	1068.4403518815197	1353.6062205359858	0.006847486026413344	78.93287838603835	285.16586865446607	281.0982355995691	-0.5259828528665174	-1.3593385216855642	0.5222985887225119	1.548307138079969	1.7921869944882552e-14	-1.2358498477326326e-14	1.548307138079969	3.741110247545952	272.1534623331049	248.84653766689513	19.71460653398601	NaN	0.24065182882595543	0.3053162574970834	-24.63156447206052	-0.08132248368844405	4.937126392287466	0.1676339857994387	0	15.712340065170878	-2.384408223485611	5.3935378937760765	13.43067196611183	20.482622172801943	28.727168832973305	43.03853368733609	0.06797256917339417	1.011972040293222	48.11053216720804	1.0224757776031468	8.912956069381158	1.1012109049327932	-1.6832220900427866	1.1012109049327932	0.20001722218979595	1.1012109049327932	0.1149226201793903	1.3051789318917648	NaN	NaN	800000009	800000009	800000009	800000019	800000019	800000019	899999999	899999999	89999	89999	89	89	6	0	0	6	3	0	8	NaN	0	0	0	0	0	0	0	0	0	NaN	NaN	NaN	NaN	0	0	0	0	0	0	300	0	0	18000	0	15	18000	18000	18000	18000	93	NaN	0.3395323625173261	0.1870898159999886	0.0840103364768521	0.12496498755584252	1.712967969081779	0.06449833219766375	0.0000027765698154799667	NaN	0.04005206235941727	-0.0413303619398883	0.004911285466260241	0.0001149226201793903	NaN	18.0100678317282	447.7754172852818	93.18464720153808	92.95180796474881	93.41748806932237	-0.46568240932292443	0.00027240404383014217	39.302288253261395	133
DATA	2026-09-26T023000_AIU-1657.ghg	2026-09-26	03:00:00	269.124	0	18000	18000	0.0771176631108864	0	NaN	48.51153431035915	0	NaN	-2.1168763965875224	2	NaN	1.2133410264178661	1	NaN	-0.04747681144965639	2	NaN	0.16844754322445232	0	NaN	NaN	NaN	NaN	NaN	NaN	NaN	NaN	NaN	NaN	1.2785046864251416e-10	3.1147973190398386e-12	6.663896916862202e-13	NaN	18.09844742293615	442.39255378629014	447.2125787421332	0	0	440.92912689566214	10.777927958556653	10.895357334995971	0.1	1	0.09433378638519253	2.1839548906064628	2.2077498595431324	0.2	0	NaN	NaN	NaN	NaN	9	295.00206144120955	284.0342685471012	97439.23945665607	1.1902745840987745	1011.2133819955425	0.024235214907963733	-0.0030764973819377337	0.008013886647115224	1050.474806383116	1298.725483540818	0.006732804979771117	80.88505382362433	248.25067715770206	280.84935241017274	-0.4521453142543466	-1.7240933890640733	0.6017700066151837	1.8812390970523465	5.09290894230903e-15	7.064167751786783e-15	1.8812390970523465	3.4407460045716314	265.69495919812584	255.3050408018742	18.655643657156393	NaN	0.2545384236724626	0.2612846835569491	-29.11018690048342	-0.06881096321531124	-22.91656441942544	0.15834402924947208	0	17.301691462967607	-2.6255984298582007	5.9391107973020425	14.789225636294061	22.554502239415754	31.633010085775407	47.39201339763826	0.07620727284084805	1.0119462386738287	47.43126789936052	1.0237516149019636	-1.9132311873645105	1.1064404608120229	1.09661664535242	1.1064404608120229	-0.04290950406388148	1.1064404608120229	0.12184361084095979	1.3057146852576573	NaN	NaN	800000009	800000009	800000009	800000019	800000019	800000019	899999999	899999999	89999	89999	89	89	2	0	0	7	2	0	7	NaN	0	0	0	0	0	0	0	0	0	NaN	NaN	NaN	NaN	0	0	0	0	0	0	300	0	0	18000	0	15	18000	18000	18000	18000	93	NaN	0.3338926355005132	0.11481119465626272	0.0738655369571223	0.17993641093358392	4.157457879223315	0.09530037990839899	0.000003944644272318082	NaN	0.03940712627994361	0.026866381670374435	-0.001051254436409033	0.0001218436108409598	NaN	18.09991464779112	440.9547962150789	93.17496985922921	92.92785498046875	93.42208619266086	-0.494232686150401	0.00027164292138574336	37.47450176180733	097
DATA	2026-09-26T030000_AIU-1657.ghg	2026-09-26	03:30:00	269.145	0	18000	18000	0.14175013750109108	1	NaN	56.03997459713152	1	NaN	79.70439383346373	1	NaN	4.20501356621971	1	NaN	1.7874526774615147	1	NaN	0.1853510734783824	1	NaN	NaN	NaN	NaN	NaN	NaN	NaN	NaN	NaN	NaN	-1.107199477811377e-10	-2.68920555640382e-12	-5.770864375251785e-13	NaN	18.1114501996377	442.1826124834395	446.983161984341	0.1	1	439.8973580413326	10.739888902279647	10.856486359651418	0.1	1	0.09439917994527983	2.1846711459993244	2.2083889984961904	0.2	0	NaN	NaN	NaN	NaN	9	294.8971812786526	283.95312236031566	97402.8469200212	1.1901872395969793	1011.1907015250831	0.024237343506418638	0.11582693349950615	0.00798490153361031	1046.3763587991398	1291.7327889750413	0.006708945675063828	81.00563581957334	245.35643017590155	280.79204957517817	-0.5373275981379616	-1.5927550197553166	0.5695434632729597	1.7748152741154635	-5.561184665547892e-15	-6.1132568933299736e-15	1.7748152741154635	3.9978281157427498	269.6422005074468	251.35779949255323	18.717540465089	NaN	0.345107263130691	0.37140501927184877	-62.787764165399416	-0.03190271268018574	0.7030976825973081	0.13492594643264036	0	19.525476803966896	-2.9630664347735967	6.702464343276416	16.69008389891624	25.45343102686423	35.69879892907988	53.48330596863833	0.14008105009956198	1.011915154836024	59.4009938015221	1.023307981455338	72.14971124732362	1.1047084244071779	3.8064465458170615	1.1047084244071779	1.6180311817760595	1.1047084244071779	0.12874467052321625	1.3054645573665087	NaN	NaN	800000009	800000009	800000009	800000019	800000019	800000019	899999999	899999999	89999	89999	89	89	2	1	0	9	0	0	8	NaN	0	0	0	0	0	0	0	0	0	NaN	NaN	NaN	NaN	0	0	0	0	0	0	300	150	17496	18000	0	15	18000	18000	18000	18000	93	NaN	0.40474639002732293	0.23770365013950823	0.10035999837686636	0.16438289210230203	3.5494730999813524	0.09709920837331175	0.0000018629852636568855	NaN	0.04935661350036042	0.09326002342965897	0.03964264941226533	0.00012874467052321624	NaN	18.112863979469942	439.9248963487468	93.08507704628838	92.80898552915785	93.36116797977024	-0.5521812211407547	0.00027182261502376717	41.062057436051575	039
DATA	2026-09-26T033000_AIU-1657.ghg	2026-09-26	04:00:00	269.166	0	18000	18000	0.0768692086870841	0	NaN	15.78491075297242	2	NaN	14.779776274697467	0	NaN	10.323959877263185	1	NaN	0.33133688693504776	0	NaN	0.1717653797478857	0	NaN	NaN	NaN	NaN	NaN	NaN	NaN	NaN	NaN	NaN	9.345491975356033e-10	2.2590334587979255e-11	4.844049882900878e-12	NaN	18.23279861874014	444.7029609267937	449.5352653130423	0	0	440.73123422364745	10.74955572814412	10.866364316931291	0.1	1	0.09450608512314167	2.183608347884598	2.2073362317182044	0.1	0	NaN	NaN	NaN	NaN	9	294.60424003346753	283.5915679224737	97372.1109655279	1.1913242034213403	1011.1895884215758	0.02421412324666719	0.021470630273391092	0.007999752688413617	1046.9877012455001	1260.9773830062497	0.006715008950073612	83.02985567825296	213.9896817607496	280.8006096673039	-0.44303718353160476	-1.6507497803886666	0.5400224594754103	1.7924511263025054	-4.0385138858753145e-14	5.125648657003482e-14	1.7924511263025054	4.015098339004874	266.02331751093084	254.9766824890691	17.534257219950614	NaN	0.2540160875550911	0.34058919334485993	-88.86940034256963	-0.022539816767959985	1.0680074217358564	0.051584396466125844	0	16.011584480911324	-2.429819718066568	5.496258818164332	13.686461591898357	20.872717491482007	29.274283064058192	43.858210502767356	0.07596387308692824	1.0119179757872516	16.301057139813715	1.0233794272636734	13.375462327025245	1.1049918061400237	9.343019396068662	1.1049918061400237	0.29985460986582285	1.1049918061400237	0.1326992397779032	1.3055012650909306	NaN	NaN	800000009	800000009	800000009	800000019	800000019	800000019	899999999	899999999	89999	89999	89	89	5	0	0	40	2	0	6	NaN	0	0	0	0	0	0	0	0	0	NaN	NaN	NaN	NaN	0	0	0	0	0	0	300	0	17700	18000	0	15	18000	18000	18000	18000	93	NaN	0.42118674257533184	0.17070361561193675	0.08928802850245132	0.18708720907901716	5.28228909299288	0.07060697683384308	0.00000136033947005071	NaN	0.013531726622070262	0.2286920201910762	0.0073396354633146355	0.00013269923977790322	NaN	18.234273137463475	440.75859281000567	92.97417330000138	92.67054491594101	93.27780396779379	-0.6072600820263174	0.0002713551701567162	39.3845644622486	136
DATA	2026-09-26T040000_AIU-1657.ghg	2026-09-26	04:30:00	269.187	0	18000	18000	0.11789420833323064	0	NaN	48.41688145981528	0	NaN	4.218076715966974	2	NaN	14.146148497436766	1	NaN	0.09462058600986009	2	NaN	0.2953528325381304	0	NaN	NaN	NaN	NaN	NaN	NaN	NaN	NaN	NaN	NaN	3.173497002051224e-10	8.321027093882088e-12	1.64237571743562e-12	NaN	18.39034866335731	449.3406193656704	454.69781355617073	0.1	1	482.2017773920191	11.781878053474683	11.922345676344747	0.1	1	0.09517532885756648	2.2065288175391404	2.2328358168466584	0.3	0	NaN	NaN	NaN	NaN	9	295.0037839516534	284.2388630840064	97355.47135968397	1.1879423009599774	1011.7769828683787	0.02427353978853049	0.006131413973438933	0.008746538329840603	1147.3379701316974	1316.5043441270193	0.007362763597838477	87.15033681810621	169.16637399532192	282.1493355513262	-0.19598182338239645	-0.7154559167599907	0.28761647428430914	0.7956188033241303	-3.612692694690247e-14	1.7256317757446344e-14	0.7956188033241303	2.7845864457212532	266.3190148575069	254.6809851424931	21.192366153680357	NaN	0.31502756883615307	0.41103294866734963	-55.269882797113446	-0.03624216116674332	11.478426003144882	0.12786983619662387	0	17.468939446784802	-2.650978956649311	5.996521618009472	14.932186697366149	22.772526877851632	31.93879274120183	47.850131536362305	0.11618751140733657	1.014689159835007	47.79918366554377	1.0218351978221867	3.8583694358382075	1.0932277963814583	12.93979950405576	1.0932277963814583	0.0865515735357723	1.0932277963814583	0.22266771282540598	1.3084900532882344	NaN	NaN	800000009	800000009	800000009	800000019	800000019	800011019	899999999	899999999	89999	89999	89	89	4	0	1	10	2	0	3	NaN	0	0	0	0	0	0	0	0	0	NaN	NaN	NaN	NaN	0	0	0	0	0	0	300	0	18000	18000	0	20	18000	18000	18000	18000	93	NaN	0.542431346012301	0.16917905253817173	0.11045549878422652	0.1789463171179021	26.81814185810082	0.062489399604365656	0.0000030815718846005323	NaN	0.03976860316452124	0.3178405006278544	0.002125967674701297	0.00022266771282540598	NaN	18.391847127198798	482.23353053169893	92.01367212804159	91.57629623455468	92.45104979451494	-0.8747565814091148	0.0002713970256283776	39.921628773014646	193
DATA	2026-09-26T043000_AIU-1657.ghg	2026-09-26	05:00:00	269.208	0	18000	18000	0.07784646503707575	1	NaN	39.504584930484135	1	NaN	18.694443793915298	2	NaN	-5.265875984952651	1	NaN	0.4193907751371704	2	NaN	0.07232293321837968	1	NaN	NaN	NaN	NaN	NaN	NaN	NaN	NaN	NaN	NaN	-1.876038691756686e-10	-4.974244610378794e-12	-9.80413562402616e-13	NaN	18.351726758784213	448.5686615495822	453.9679869808532	0.2	0	486.58899372458177	11.893625951864042	12.036786994033337	0	0	0.09590570752552775	2.2244118398176806	2.2511866113205716	-0.1	0	NaN	NaN	NaN	NaN	9	294.9302935248481	284.32338052178505	97363.60183659957	1.1876379443672196	1011.8409526923996	0.024278729844293107	0.02717652222888864	0.008827609380692119	1158.3168844919003	1323.9110359215265	0.007432912886086273	87.49204841287828	165.5941514296262	282.2905133499675	-0.32572521258299614	-0.4232415118718664	0.3055821268558399	0.6153135198723276	-1.5066369151929665e-14	-1.0222682129128278e-14	0.6153135198723276	2.637944120189308	288.5817568760016	232.41824312399842	29.77718180272486	NaN	0.2560220766068797	0.3851853425726461	-36.3629689611952	-0.05508626102938985	2.113172521524399	0.128402585819568	0	17.188509713615584	-2.6084226627360474	5.900259165305662	14.6924795792591	22.40695839812803	31.42607775049238	47.081991051375745	0.0765572625519601	1.0168397150334452	39.8259115455563	1.0228322783172943	17.101550098063992	1.0931432347779766	-4.817187553671482	1.0931432347779766	0.38365583008191134	1.0931432347779766	0.04563349393797064	1.311538726260757	NaN	NaN	800000009	800000009	800000009	800000019	800010119	800011119	899999999	899999999	89999	89999	89	89	0	2	0	15	2	0	2	NaN	0	0	0	0	0	0	0	0	0	NaN	NaN	NaN	NaN	0	0	0	0	0	0	300	150	17254	18000	0	15	18000	18000	18000	18000	93	NaN	0.5058465724129179	0.18855871109687114	0.07596540163550315	0.6937407731930945	33.38356661263212	0.15074620452694956	0.000005011217081666534	NaN	0.03314128987738915	-0.11836334216218777	0.009426825462482363	0.000045633493937970645	NaN	18.353328375461867	486.61372260199437	92.03026575681893	91.6044511951871	92.45608237075812	-0.8516331964135054	0.0002721643079389146	41.694024087234794	122
DATA	2026-09-26T050000_AIU-1657.ghg	2026-09-26	05:30:00	269.229	0	18000	18000	0.07521859129375573	0	NaN	29.13862868330481	2	NaN	20.534905367569046	1	NaN	24.594948391572995	1	NaN	0.4599566526596049	1	NaN	0.15253145048388694	1	NaN	NaN	NaN	NaN	NaN	NaN	NaN	NaN	NaN	NaN	-7.905213977669582e-10	-1.7907142131521728e-11	-3.983066358089884e-12	NaN	18.96957761272569	461.19140876027683	466.060366801112	0.1	0	429.704905452984	10.447054475483801	10.557347661621382	0.1	1	0.09557879980207262	2.1990219837171354	2.2222378233147855	-1.1	0	NaN	NaN	NaN	NaN	9	293.44838740200464	282.68274498416486	97376.75075829802	1.195348523002067	1011.0052446371737	0.024135374445096395	0.029805191092342396	0.007800000174101952	1017.5730998325058	1186.4984081692683	0.006525293689670175	85.76270248879565	168.92530833676244	280.3836545426821	0.7384831002713133	0.1847210130210491	-0.1686695979043377	0.7796977461138742	9.607335175866438e-15	-4.167311544336333e-14	0.7796977461138742	2.56663218389484	146.9564372000192	14.04356279998084	-12.49338537049076	NaN	0.25085070341751187	0.21577267989739268	-46.36316163452556	-0.04320456002958043	1.418980421956251	0.09611824405790022	0	15.92716130013263	-2.4170081746766856	5.467279072133228	13.614297926736363	20.76266334885629	29.119930564202228	43.62696233127507	0.07411906413602062	1.0148346065961829	29.76066672464595	1.0218907138577238	18.78470333659054	1.093171662049584	22.49870651189403	1.093171662049584	0.4207542773266128	1.093171662049584	0.11302947263054011	1.308694857645431	NaN	NaN	800000009	800000009	800000009	800000019	800000019	800000019	899999999	899999999	89999	89999	89	89	3	6	0	0	0	0	3	NaN	0	0	0	0	0	0	0	0	0	NaN	NaN	NaN	NaN	0	0	0	0	0	0	300	0	7846	18000	0	20	18000	18000	18000	18000	93	NaN	0.24906585898575562	0.09424442423074024	0.08823507657828948	0.6399985783307154	43.10469577668118	0.05683985408873301	0.00000143612239613747	NaN	0.024626046696286825	0.5487490552342306	0.010262301614836393	0.00011302947263054011	NaN	18.971031736510284	429.7341586013946	92.89977584923636	92.56317699559528	93.23637589602997	-0.6732016007834103	0.0002705888992042876	40.31303783227777	067
DATA	2026-09-26T053000_AIU-1657.ghg	2026-09-26	06:00:00	269.249	0	18000	18000	0.12978316378039673	1	NaN	40.554287607035604	0	NaN	70.34075939391764	1	NaN	24.31417042601261	1	NaN	1.5746258456341062	1	NaN	0.13141939527758864	2	NaN	NaN	NaN	NaN	NaN	NaN	NaN	NaN	NaN	NaN	3.046400120369696e-11	6.754275013594826e-13	1.5314523827119278e-13	NaN	19.00070845683764	460.7863891808288	465.54248680489025	0.1	0	421.27102580026207	10.216248267056143	10.321697289098978	0.1	1	0.09551824806226508	2.191313234811972	2.213931306687298	0	0	NaN	NaN	NaN	NaN	9	293.16309632195373	282.07146968345853	97388.42248521362	1.1981875189732236	1010.8663271588863	0.024080297627824647	0.10203575479709008	0.0076451213258226765	995.2111857226753	1138.6101988053895	0.0063805716590789536	87.40578529569066	143.3990130827142	280.0594958100547	0.7127689152737755	0.27031282880098384	-0.015635626521481743	0.7624650974383482	-1.3963409066183085e-14	1.603308701509712e-15	0.7624650974383482	2.7129364555966693	140.23110408563582	20.76889591436422	-1.1750284868302796	NaN	0.3291143227228885	0.24640989835317806	-75.23419761358299	-0.026624860283461768	0.5765403722744331	0.10173525373453646	0	14.98529593745185	-2.2740764721500524	5.143967171844448	12.809205580851541	19.534846723107254	27.39790028867139	41.047047183528996	0.12786516334681222	1.0150001797470218	43.74851933002259	1.0219567141848347	64.34868506526027	1.0931188309843536	22.242934378980276	1.0931188309843536	1.4404891773899418	1.0931188309843536	0.09018866049199616	1.3089281814065508	NaN	NaN	800000009	800000009	800000009	800000019	800000019	800001019	899999999	899999999	89999	89999	89	89	21	10	0	1	5	0	1	NaN	0	0	0	0	0	0	0	0	0	NaN	NaN	NaN	NaN	0	0	0	0	0	0	300	0	14900	18000	0	15	18000	18000	18000	18000	93	NaN	0.19705937361970835	0.11887712721966767	0.17688329586698007	0.23546976604213388	22.52706583003382	0.019904610210675525	0.0000018846849691855143	NaN	0.03611975845934018	0.5411464493958553	0.035045538077672474	0.00009018866049199615	NaN	19.002162655179134	421.30348913528803	92.69835790803695	92.3016819873386	93.09503466669719	-0.793352204557912	0.0002696109907345898	37.47924220154459	068
DATA	2026-09-26T060000_AIU-1657.ghg	2026-09-26	06:30:00	269.27	1	18000	18000	0.0941721913806657	1	NaN	21.938738047429975	1	NaN	24.32036649857617	1	NaN	21.506211476269534	1	NaN	0.5443804969962442	1	NaN	0.13832237890852817	2	NaN	NaN	NaN	NaN	NaN	NaN	NaN	NaN	NaN	NaN	-1.0674099372691743e-9	-2.3244171319344387e-11	-5.3776143422435494e-12	NaN	18.889348152771177	457.6155323657365	462.22163758785786	0.1	0	411.33891417298355	9.96514409441909	10.065447731437711	0.1	1	0.09516459046826177	2.1820575140153338	2.204020899869646	0	1	NaN	NaN	NaN	NaN	9	292.9971630452474	281.9802313853119	97391.7756638418	1.1987307258193571	1010.725110912376	0.024071679849327073	0.03527585620535662	0.007459882350637474	970.7834106433913	1131.6105576339032	0.006223151029634692	85.7877654193341	160.8271469905119	279.69796059625725	0.9193655913755504	0.2077619236498912	-0.3080805819193854	0.9916207704963647	-2.0931942968365008e-14	-5.650856390788579e-14	0.9916207704963647	2.584454890170586	148.26596485728248	12.734035142717508	-18.100448700595546	NaN	0.28028542812090035	0.20457632434563083	-85.89997440488652	-0.023318982501187465	0.9020726743042451	0.06460355694569965	0	17.547394539103333	-2.6628848195903316	6.023452712399268	14.999248930275487	22.874801014411016	32.08223367192843	48.06503218895058	0.09293168875708106	1.013348542786382	22.903477414295036	1.0214952146305556	22.221296883998242	1.0944620660772273	19.65002912650242	1.0944620660772273	0.497395491236543	1.0944620660772273	0.10371528540012359	1.306637967698566	NaN	NaN	800000009	800000009	800000009	800000019	800000019	800010019	899999999	899999999	89999	89999	89	89	7	18	2	10	1	0	0	NaN	0	0	0	0	0	0	0	0	0	NaN	NaN	NaN	NaN	0	0	0	0	0	0	300	150	17400	18000	0	15	18000	18000	18000	18000	93	NaN	0.2594806310798026	0.06320987305988197	0.08646214455157708	0.3539562028620937	33.029279124236176	0.01756551228333824	0.0000018382887950659283	NaN	0.01890369636486543	0.4777715496037048	0.012093692741323572	0.0001037152854001236	NaN	18.890941831865423	411.37116099074194	92.77218270492554	92.37321742163765	93.17114956241183	-0.7979311424262039	0.0002696649905475271	40.683716480634935	093
DATA	2026-09-26T063000_AIU-1657.ghg	2026-09-26	07:00:00	269.291	1	18000	18000	0.12671031394741666	1	NaN	-64.32656243373815	2	NaN	28.506467306396132	1	NaN	59.93403204835115	1	NaN	0.63800847501136	1	NaN	0.07871852495524295	2	NaN	NaN	NaN	NaN	NaN	NaN	NaN	NaN	NaN	NaN	5.867121474120493e-10	1.2740244979429972e-11	2.969638605541293e-12	NaN	18.81358722155872	455.3632244410294	459.91084586859296	0.1	0	408.53033502338025	9.88804997406591	9.98679995106302	0.1	1	0.09522481368128519	2.182184349341478	2.2039773878946916	0	1	NaN	NaN	NaN	NaN	9	293.0764106682671	281.86124766031907	97396.16788930085	1.199325930232587	1010.6802362220008	0.024060437528829293	0.04134294918073613	0.007405628570641097	963.316505532655	1122.5393309253934	0.0061748256949676	85.81583548956996	159.2228253927384	279.585846583	0.7906430191048152	0.22184204764611887	-0.14900473025352837	0.83458533859691	-7.949923339918477e-15	3.118555438166139e-14	0.83458533859691	2.582868755643932	145.3267121986563	15.673287801343696	-10.284581434608727	NaN	0.3250404209196385	0.24047394227873523	45.69117214415173	0.043839978402838764	-2.2565603005920307	-0.16326833926146844	0	16.913438090162014	-2.566679482643853	5.805835978279052	14.457352492748289	22.04837475557132	30.923159093224584	46.328527259010464	0.12514009957090588	1.012547651647193	-61.4503381666973	1.0241859492779208	25.451896264895367	1.1200134956433008	53.511883813441834	1.1200134956433008	0.5696435600938076	1.1200134956433008	0.07153531516892006	1.4490187802439611	NaN	NaN	800000009	800000009	800000009	800000019	800000019	800000119	899999999	899999999	89999	89999	89	89	3	14	1	10	7	0	0	NaN	0	0	0	0	0	0	0	0	0	NaN	NaN	NaN	NaN	0	0	0	0	0	0	300	0	17600	18000	0	15	18000	18000	18000	18000	93	NaN	0.27611289166301584	0.07735220138754592	0.12748279150690872	0.46349285054867656	33.06219061708013	0.01732704044630199	5.534655076254484e-7	NaN	-0.05069595171568477	1.3003810191305314	0.013842788188851934	0.00007153531516892005	NaN	18.81513084764709	408.5629649323103	92.65430336083304	92.2276858198378	93.08091917037966	-0.853231981880139	0.00026893079007600637	39.27217473973162	195
DATA	2026-09-26T070000_AIU-1657.ghg	2026-09-26	07:30:00	269.312	1	18000	18000	0.22822782100658717	1	NaN	525.6884921148595	1	NaN	-1337.1121463417749	1	NaN	-13.377366580437362	1	NaN	-29.95333279987771	1	NaN	0.031926247864440274	0	NaN	NaN	NaN	NaN	NaN	NaN	NaN	NaN	NaN	NaN	4.4995467134049726e-10	8.65796154106643e-12	2.2879422750409254e-12	NaN	18.705543512750346	454.28322541852236	458.28924672789844	0.1	1	359.9293143366039	8.741250941361617	8.818334213607555	0.1	1	0.09511447820496753	2.1879794139593836	2.2072737476841704	0	1	NaN	NaN	NaN	NaN	9	293.6714301723905	282.81059801004676	97392.69654638947	1.1957776359188919	1010.0613447898985	0.024142337107747897	-1.9409759654320755	0.006524527594789662	851.5623617013608	1196.7360444467674	0.005456305084495001	71.15707474951378	345.1736827454066	277.8090617246031	0.27186304839848074	0.022458669571783305	0.08595572883386998	0.28601100720567524	-3.166363755758973e-14	2.4054616271042463e-14	0.28601100720567524	3.1030765454679057	156.27750567554904	4.722494324450936	17.489615531191358	NaN	0.43687689667962953	0.3704281508928725	-13.572855069852464	-0.14758132977115576	-0.3931521327908796	0.9962566050587326	0	16.929138268498907	-2.5690620452781525	5.811225341445063	14.470772769051987	22.068841523703014	30.95186402653948	46.37153247983988	0.22203824360426855	1.0278761771028513	437.5318075739014	1.0296405248330869	-1215.71718767064	1.0998546042634574	-12.162850006338628	1.0998546042634574	-27.23390226650607	1.0998546042634574	-0.04231260532736793	1.3273991568039445	NaN	NaN	800000009	800000009	800000009	800000019	800000019	801000119	899999999	899999999	89999	89999	89	89	4	12	0	2	11	0	1	NaN	0	0	0	0	0	0	0	0	0	NaN	NaN	NaN	NaN	0	0	0	0	0	0	300	0	8154	18000	0	15	18000	18000	18000	18000	86	NaN	0.2945367888947537	0.21655254490678671	0.22976696798420462	2.2045567254397564	44.145401930801015	6.50214066499043	0.0000022677359230938863	NaN	0.362252551501604	-0.2962297381051671	-0.6632895852357354	-0.000042312605327367926	NaN	18.707198124672573	359.86269389853476	85.57075030051425	84.69466395674897	86.44683672078541	-1.7521717948153683	0.0002700200377957015	38.83948732863535	205
DATA	2026-09-26T073000_AIU-1657.ghg	2026-09-26	08:00:00	269.333	1	18000	18000	0.08259142239718371	1	NaN	25.62953770432328	1	NaN	2.286487853370907	2	NaN	5.533574243780101	1	NaN	0.051167642309991046	2	NaN	0.16801991908007782	0	NaN	NaN	NaN	NaN	NaN	NaN	NaN	NaN	NaN	NaN	9.53827755420395e-11	2.0852218638642193e-12	4.861510203373366e-13	NaN	18.825979034092835	455.8940593282692	460.4835059806382	0.1	0	411.56637419549327	9.966582065942589	10.066914798432014	0.1	1	0.09595305718735056	2.1975867348950895	2.2197096533174427	-0.5	0	NaN	NaN	NaN	NaN	9	292.7916961178249	281.72503632552406	97399.70756206446	1.1999136343679946	1010.7215947490114	0.024047936186234287	0.0033156632216874197	0.007468325369571424	971.0025699293875	1112.2334250996323	0.006224052428160848	87.30204901389351	141.2308551702448	279.7012397142603	0.4604233140122791	0.20425729395128095	0.13625007858587992	0.5217995344315788	6.449348241326314e-15	5.066550609097483e-15	0.5217995344315788	2.7442855095162897	137.07652111944014	23.923478880559852	15.136277301966176	NaN	0.26235689280383967	0.19449678337568893	-60.306383795847744	-0.033215389050369803	11.209129174484067	0.08055022556756322	0	16.43062561844586	-2.4934108273584896	5.640102080528128	14.04465165367077	21.418979936119833	30.040423909787457	45.006029098810686	0.08108465255996793	1.0185826761248242	25.241069377666758	1.0238007321651437	2.090497830569656	1.0937527989435145	5.0592549332217756	1.0937527989435145	0.046781724681678766	1.0937527989435145	0.12706749557400934	1.3140225668371746	NaN	NaN	800000009	800000009	800000009	800000019	800000019	800000019	899999999	899999999	89999	89999	89	89	17	8	1	1	7	0	0	NaN	0	0	0	0	0	0	0	0	0	NaN	NaN	NaN	NaN	0	767	0	0	0	0	300	150	13846	18000	0	20	18000	18000	18000	18000	93	NaN	0.18094989169137018	0.118752965603318	0.08929070945668971	0.1737094273578761	4.22668364621299	0.01417428973574035	0.0000020134040298261207	NaN	0.020812594250860728	0.12288975919123708	0.0011363323170238524	0.00012706749557400934	NaN	18.827453348039086	411.5971866584136	92.65640987141924	92.28408770709568	93.02873267237344	-0.7446462677982154	0.0002686329051761682	38.14910610730478	200
DATA	2026-09-26T080000_AIU-1657.ghg	2026-09-26	08:30:00	269.354	1	18000	18000	0.0773022285588163	0	NaN	-57.36970444882451	2	NaN	112.50056304954742	1	NaN	17.091846850500332	1	NaN	2.520910563719649	1	NaN	-0.04114409961554551	2	NaN	NaN	NaN	NaN	NaN	NaN	NaN	NaN	NaN	NaN	5.391040283826294e-10	1.2101115694945962e-11	2.715929078065065e-12	NaN	18.78110158038721	456.71836611567005	461.4490625487658	0.2	0	421.57407687091415	10.251828028355522	10.358016633598014	0.1	1	0.0946165066755248	2.180919829607375	2.203509833478992	0	1	NaN	NaN	NaN	NaN	9	293.02843941073957	283.1124222453784	97395.87064355535	1.1938571775027673	1010.9041510047355	0.024167314928190194	0.16335500452903323	0.007644123676343962	998.7535497333031	1221.2134315254455	0.006402879523942254	81.78370168151011	222.45988179214237	280.11127168196015	0.6809595298753187	0.3554305140456212	0.13323150612696977	0.7796071869009241	-2.7332594336618436e-14	2.8704601062677105e-14	0.7796071869009241	3.490079002008649	133.43744861661202	27.562551383387987	9.839900288167202	NaN	0.2544601740181997	0.2616761079514953	24.582308656145447	0.08148543035640533	-0.5099503761910754	-0.18681013662833815	0	13.573600503273143	-2.0598462436575917	4.659377811689792	11.602509556333832	17.694559147773543	24.816870797826535	37.18019468109126	0.07625796592390335	1.0136938170624037	-49.98140192261277	1.0266568415662936	99.37183163450756	1.1321172328122893	15.097241129385976	1.1321172328122893	2.2267221897660385	1.1321172328122893	-0.02062370047946103	1.4988615295860768	NaN	NaN	800000009	800000009	800000009	800000019	800000019	801000019	899999999	899999999	89999	89999	89	89	7	16	0	0	2	0	2	NaN	0	0	0	0	0	0	0	0	0	NaN	NaN	NaN	NaN	0	8	0	0	0	0	300	0	18000	18000	0	15	18000	18000	18000	18000	93	NaN	0.25655743869312	0.13138234186790096	0.13541243534196962	0.5539497412777474	8.34859785946143	0.09069674224952899	6.146947090936517e-7	NaN	-0.04141389507228602	0.36864002884029773	0.054371452719061714	-0.000020623700479461032	NaN	18.782751876866254	421.5817285649318	92.93144001727632	92.63427355575563	93.22860735151501	-0.5943348244743045	0.00027027463499204406	40.43602546517055	248
DATA	2026-09-26T083000_AIU-1657.ghg	2026-09-26	09:00:00	269.374	1	18000	18000	0.10445828212460095	0	NaN	-40.99542680508552	1	NaN	62.646550892765305	0	NaN	20.646219569875868	1	NaN	1.4062961949491157	0	NaN	0.022375851605193165	1	NaN	NaN	NaN	NaN	NaN	NaN	NaN	NaN	NaN	NaN	3.555053491567714e-10	8.131446422916304e-12	1.8272688303912598e-12	NaN	18.266998464955712	448.65488901280287	453.3067448873165	0.1	1	417.8196465330246	10.262048661265771	10.36845020177833	0.1	1	0.09389089924804239	2.1826036449977964	2.205233862201176	0	1	NaN	NaN	NaN	NaN	9	293.61540931955983	284.9800201950506	97395.9562833245	1.1860297538046154	1010.9440323195222	0.02432671723053158	0.0911279934327027	0.00760160601580672	999.750143267581	1382.7160626174152	0.0064092877867708165	72.30335788354856	382.96591934983417	280.1258088752253	0.7694304630705958	0.6083851316934505	0.36661661687148656	1.047169255532738	1.7940267737945222e-14	1.946161816561106e-14	1.047169255532738	3.222706647312905	122.66673989479591	38.33326010520413	20.493587086489484	NaN	0.29677249476900414	0.3480252004927305	54.575418103738905	0.03670333768570377	-0.6543924002337989	-0.11520970576910797	0	14.40645264874652	-2.186234769897318	4.945269002173932	12.314419043764067	18.78026603489425	26.339590144319846	39.461505737932626	0.10322174727629378	1.0119794024121422	-36.730577926924404	1.0238909351854395	55.985303393933854	1.118982073776762	18.450893945236526	1.118982073776762	1.2567638283986244	1.118982073776762	0.02333932455601838	1.4331569731601186	NaN	NaN	800000009	800000009	800000009	800000019	800000019	800000119	899999999	899999999	89999	89999	89	89	20	5	0	3	3	0	0	NaN	0	0	0	0	0	0	0	0	0	NaN	NaN	NaN	NaN	0	0	0	0	0	0	300	0	18000	18000	0	20	18000	18000	18000	18000	93	NaN	0.33786463020319896	0.1994732384061471	0.15871253237611496	0.312333401719349	27.830095181549822	0.16097845512369643	1.7350676366487627e-7	NaN	-0.03063409568157954	0.45350481650774044	0.03089001817923447	0.000023339324556018377	NaN	18.269019948528122	417.8373183462312	93.34133540980022	93.20501214938696	93.47765726174248	-0.2726447487854424	0.00027316942295227696	40.20927715916103	080
DATA	2026-09-26T090000_AIU-1657.ghg	2026-09-26	09:30:00	269.395	1	18000	18000	0.1795608375098712	1	NaN	43.84900467752375	0	NaN	98.06503287269975	0	NaN	2.600859623949426	1	NaN	2.205729734847539	0	NaN	-0.0296288907206833	1	NaN	NaN	NaN	NaN	NaN	NaN	NaN	NaN	NaN	NaN	1.4714115373991767e-10	3.3613223440001086e-12	7.7195876977238e-13	NaN	18.038158617405085	446.6456902684812	451.2499125682154	0.1	1	412.0673520915383	10.203264691022383	10.308444478590147	0.1	1	0.09463507918297281	2.2204589798367653	2.2433484579473997	-0.5	0	NaN	NaN	NaN	NaN	9	294.85259357367624	287.0398697089073	97405.8710688118	1.1776647402488654	1010.9519949354014	0.024500057856614847	0.14293128681812053	0.0075045877017331465	994.12447683148	1582.3657657297042	0.00637243134251202	62.82520125004359	588.2412888982242	280.04357966621103	0.8074412560318873	0.5661466240166508	0.2652926673990789	1.0212069237933643	9.564975124357434e-15	8.157215870024595e-15	1.0212069237933643	3.4609483586209637	125.96334505112117	35.03665494887886	15.057213782376706	NaN	0.3904765657524442	0.33822526145508247	-116.23352341366937	-0.01723341030342052	0.4471420994111638	0.09432190399042378	0	16.245435109023223	-2.4653074530840464	5.576532171399648	13.886353591575872	21.17756540341755	29.701836595079246	44.498763602690936	0.17722102137573967	1.0132028137292513	48.60419026178185	1.0214879203984337	89.5800406174984	1.0947196741228526	2.375822491756506	1.0947196741228526	2.0148808749736653	1.0947196741228526	-0.041536172810378094	1.3064434413847021	NaN	NaN	800000009	800000009	800000009	800000019	800001019	800001019	899999999	899999999	89999	89999	89	89	9	4	0	21	14	0	1	NaN	0	0	0	0	0	0	0	0	0	NaN	NaN	NaN	NaN	0	0	0	0	0	0	300	150	18000	18000	0	15	18000	18000	18000	18000	93	NaN	0.2801182813746323	0.19285391971800261	0.20347832181752995	0.4242805831031979	2.806037029662174	0.09235332691678756	2.1854976042672063e-7	NaN	0.0408245594042517	0.058807982872890206	0.049873709167035395	-0.00004153617281037809	NaN	18.03967379617639	412.07875371907977	93.33955871624418	93.28746704398262	93.39164845954048	-0.10418271476383158	0.0002756988130082998	39.59114465872447	040
DATA	2026-09-26T093000_AIU-1657.ghg	2026-09-26	10:00:00	269.416	1	18000	18000	0.6236867843578842	1	NaN	-415.1213903858426	1	NaN	693.3359979413367	1	NaN	162.54327166683007	1	NaN	15.641956405330673	1	NaN	1.0635946204172495	1	NaN	NaN	NaN	NaN	NaN	NaN	NaN	NaN	NaN	NaN	2.3106496238060363e-9	5.121902213233903e-11	1.225142850543156e-11	NaN	17.059787851117626	426.69336615334225	430.7676961847947	0	0	378.15584090162815	9.458299838956828	9.548613488376198	0.2	0	0.0904536841165592	2.1519967970955554	2.1725453827392442	0.1	0	NaN	NaN	NaN	NaN	9	297.4074204008314	290.17334835591294	97404.0040512447	1.1652546516371662	1010.6080762148889	0.02476798815130672	1.0135987750654276	0.0068814053437472895	921.5233984401187	1934.6709550246205	0.0059054948496270855	47.63204802588208	1013.1475565845018	278.9437917586389	-1.0747971591159322	-0.5469466178499703	0.773750798542316	1.432839779691364	1.554446945359642e-13	1.3544421794522257e-13	1.432839779691364	6.679714816481917	314.0292044527266	206.97079554727335	32.684461606216374	NaN	0.7315985704286163	1.5936853421259325	80.74557498143452	0.024807551379262133	-0.5987304735632176	-0.4818353447746484	0	21.9675642865433	-3.333662631888372	7.540753950207019	18.777543548783157	28.63693870370101	40.16371371108439	60.172561926079524	0.6165086219415838	1.0116432474110322	-367.8196806324282	1.0243026124613201	618.7767062609415	1.1204946645954594	145.06385153160392	1.1204946645954594	13.959866922684549	1.1204946645954594	0.8497288993294283	1.414958779087229	NaN	NaN	800000009	800000009	800000009	800000019	800000019	801001019	899999999	899999999	89999	89999	89	89	10	10	0	22	23	4	1	NaN	0	0	0	0	0	0	0	0	0	NaN	NaN	NaN	NaN	0	0	0	0	0	0	300	0	18000	18000	0	15	18000	18000	18000	18000	93	NaN	2.0636463168941876	0.7877953668660559	0.33592900049162167	1.2080999610288332	130.53511693447012	1.1208503434161197	0.000007841927379844372	NaN	-0.3123426949320636	3.6272566394789427	0.34906022035764256	0.0008497288993294283	NaN	17.062245194382065	378.2610704769838	93.25586127175225	93.28481734848023	93.22690326733058	0.057911698185309494	0.0002784772910672471	41.865778180758134	083
DATA	2026-09-26T100000_AIU-1657.ghg	2026-09-26	10:30:00	269.437	1	18000	18000	0.3005027124249068	1	NaN	59.182645902055285	1	NaN	172.73982120827347	1	NaN	-0.915281997253579	2	NaN	3.9030119196403583	1	NaN	0.15989640637008562	1	NaN	NaN	NaN	NaN	NaN	NaN	NaN	NaN	NaN	NaN	1.4606685075076215e-9	2.927616525499001e-11	7.684380845093609e-12	NaN	16.59386022871558	417.9765315272745	421.5077122679233	0.1	1	332.59058559633445	8.377499717974978	8.448275140582583	0.2	0	0.08729807004963945	2.0908895117138533	2.1085539215973705	0	0	NaN	NaN	NaN	NaN	9	298.73299893358023	291.74964655299647	97369.14889543608	1.1590193342145971	1010.0506430932337	0.024911448738721656	0.25291517239269523	0.006059966607635607	815.9288229881496	2136.5898091109502	0.005228529351274463	38.18837006096473	1320.6609861228008	277.1990748201086	-0.9854675753377542	0.03881440300234194	0.47676656627474057	1.095426519050674	7.422384019135148e-14	8.802463606267714e-14	1.095426519050674	4.929169353301936	343.25553088460686	177.74446911539317	25.80016720538412	NaN	0.5091888180645141	1.4375973030200633	-190.873214659932	-0.010494400712896305	0.34261148059600227	0.09928455403083088	0	18.529129439092216	-2.811866878221129	6.360450534669538	15.83842115699313	24.154591608741377	33.87715817739521	50.754156176208525	0.29667950685295447	1.012886652039122	67.99805953434475	1.0215086665462407	157.69152185019976	1.0954287153900955	-0.8355468360418468	1.0954287153900955	3.5629994583905424	1.0954287153900955	0.10256902058748316	1.3060325646309952	NaN	NaN	800000009	800000009	800000009	800000019	800000019	800000119	899999999	899999999	89999	89999	89	89	8	0	0	14	14	17	6	NaN	0	0	0	0	0	0	0	0	0	NaN	NaN	NaN	NaN	0	0	0	0	0	0	300	0	4	18000	0	15	18000	18000	18000	18000	93	NaN	0.8517697125038973	1.7743805144490759	0.24904437908715313	0.08325063769084233	0.0715174601520749	0.22961855402543319	6.172479852935058e-7	NaN	0.05808482552718542	-0.02099057790485039	0.08950954570132648	0.00010256902058748316	NaN	16.595156902114216	332.6102052848192	93.198028078715	93.28306939930386	93.11298627959358	0.17008339077607246	0.00027985850744395677	40.77490496444705	042
DATA	2026-09-26T103000_AIU-1657.ghg	2026-09-26	11:00:00	269.458	1	18000	18000	0.6947534275743908	1	NaN	23.90702024862923	1	NaN	338.7284162309342	0	NaN	-7.731749698490214	1	NaN	7.660311780705136	0	NaN	0.1949517531588581	0	NaN	NaN	NaN	NaN	NaN	NaN	NaN	NaN	NaN	NaN	1.0985644921255526e-10	2.053382243237477e-12	5.731112764652602e-13	NaN	16.556341947533774	418.80781692625237	422.1121734597098	0.1	1	309.4629292291767	7.828147921853041	7.889911314714931	0.2	0	0.08637295611828291	2.0769547449102683	2.093341733652287	0.2	0	NaN	NaN	NaN	NaN	9	299.6383966505262	292.67365116959917	97346.58626699328	1.1553331583322075	1009.7721979974907	0.02499613832528494	0.4963882033896928	0.005643400837882848	762.2478870812594	2263.338133535353	0.004884652359523235	33.678038459530654	1501.0902464540936	276.2341411969311	-1.6642970291735366	0.783603388371034	0.798207686827455	2.0052566875322944	-1.5237942745739404e-15	6.63530927065199e-15	2.0052566875322944	8.985575748625777	6.2125313996218665	154.78746860037816	23.456806403773747	NaN	0.775464159057299	1.8677399746288268	-1668.6352796670853	-0.0012004420764732031	0.07057872650498323	0.026426099891285023	0	21.216935645624613	-3.219751839685131	7.283087428087703	18.135917476362888	27.65841845908752	38.79132515475881	58.11647378676602	0.6865017257487368	1.0120199287433025	42.66136873574322	1.024303173693954	305.56708396390707	1.1085239019754634	-6.9748155043943765	1.1085239019754634	6.910371320865478	1.1085239019754634	0.1307779039074937	1.306083380086722	NaN	NaN	800000009	800000009	800000009	800000019	800000019	800000019	899999999	899999999	89999	89999	89	89	5	11	6	7	5	11	5	NaN	0	0	0	0	0	0	0	0	0	NaN	NaN	NaN	NaN	0	0	0	0	0	0	300	150	0	18000	0	15	18000	18000	18000	18000	93	NaN	1.4465027024389767	1.8772843453171246	0.41169290150155197	0.1437838889422544	0.5022742805657849	0.5159802367717891	5.332444012713473e-7	NaN	0.0365682466968543	-0.17571937941466093	0.17409581074399888	0.0001307779039074937	NaN	16.557624296212417	309.47140001029334	93.14834791819254	93.26226575067308	93.03442952198452	0.22783197162879784	0.0002813672022360455	42.30297030438316	003
DATA	2026-09-26T110000_AIU-1657.ghg	2026-09-26	11:30:00	269.479	1	18000	18000	0.46296625495575705	1	NaN	7.832300038647963	0	NaN	341.16162471522534	0	NaN	0.4968759594159353	1	NaN	7.720884960187063	0	NaN	0.16386843695218786	0	NaN	NaN	NaN	NaN	NaN	NaN	NaN	NaN	NaN	NaN	1.0163881356605769e-10	1.8845993551832202e-12	5.300978479008246e-13	NaN	16.499246606403627	418.55690060161874	421.8307005833888	0.1	0	305.931055513828	7.760933420072132	7.8216366211246795	0.2	0	0.08605192063123755	2.0761924566121506	2.092431679563291	0	0	NaN	NaN	NaN	NaN	9	300.2840024659898	293.417433309609	97321.31207803672	1.1521346797440266	1009.7541423812031	0.02506616987017199	0.5003133454201216	0.005579313606755847	755.5068257540773	2370.0980447134734	0.004842588027985947	31.87660643150365	1614.591218959396	276.1087525954406	-1.3537508934174955	-0.49609223509592265	0.9465391337387082	1.7247276071455369	-1.0039234416346512e-13	6.160209371415177e-15	1.7247276071455369	8.092340410661645	320.87425886795313	200.1257411320469	33.28506951725907	NaN	0.6339033455513444	3.2546074754514014	-2781.661519672345	-0.0007201091814492035	0.022957740470329117	0.01062055908560443	0	18.985641761536318	-2.881144384387833	6.5171564422469785	16.228641024040535	24.749701527382843	34.71180829996063	52.00461415297717	0.4575162532804885	1.011912148773275	27.21235981131272	1.0231098534596528	309.0487173691029	1.1039088840733464	0.45010595220730343	1.1039088840733464	6.9941324610936535	1.1039088840733464	0.11006800754559351	1.305372481456631	NaN	NaN	800000009	800000009	800000009	800000019	800000019	800000119	899999999	899999999	89999	89999	89	89	19	3	1	18	20	20	7	NaN	0	0	0	0	0	0	0	0	0	NaN	NaN	NaN	NaN	0	0	0	0	0	0	300	0	0	18000	0	20	18000	18000	18000	18000	93	NaN	0.8578372193742048	5.288183075925662	0.36319465560293585	0.11421789415763298	0.4708234722752922	0.7976421484077525	9.214092574379351e-7	NaN	0.023390920450786598	0.011370703199470403	0.17668774199246634	0.00011006800754559351	NaN	16.500504826140325	305.92600249141964	93.10955958959792	93.24337839232551	92.97574178144666	0.26762859608729644	0.00028172969141451184	41.355795196109355	176
DATA	2026-09-26T113000_AIU-1657.ghg	2026-09-26	12:00:00	269.499	1	18000	18000	0.7835561584873636	1	NaN	-20.008612772562273	2	NaN	479.89514808822133	0	NaN	2.9405939468913225	0	NaN	10.86793877485318	0	NaN	0.23782637103885976	0	NaN	NaN	NaN	NaN	NaN	NaN	NaN	NaN	NaN	NaN	1.2418079868677783e-9	2.1764459446148662e-11	6.4292246502992195e-12	NaN	16.48845621482672	419.25594142587113	422.3594638831457	0.1	0	288.98375627487724	7.348059467499483	7.402453133328559	0.1	0	0.08536584581737798	2.0658609553850957	2.0811533942873073	0	0	NaN	NaN	NaN	NaN	9	300.7970215538873	294.1174083782993	97291.22271208509	1.149217246098335	1009.5463493289047	0.025133738328004758	0.704242432610486	0.005268298418048371	715.093454964665	2474.568141205525	0.004584249354014288	28.89770716179575	1759.4746862408601	275.33559789855644	-2.653720614908636	-1.3956988560017785	1.6655527654796713	3.429908805381374	-2.1882209469586212e-13	7.531378139277357e-14	3.429908805381374	9.838441770016985	313.25830511151105	207.74169488848892	29.051581003988403	NaN	0.8257222680838614	2.907916396207997	2405.9810791955124	0.000832550188079524	-0.04169371758033277	-0.020885966889171912	0	21.454830843664915	-3.2558533537932943	7.364749151297343	18.33926671358281	27.96853887641381	39.2262734495584	58.76810559033223	0.7723490757264762	1.0145103854113453	7.361474979070327	1.0321466225495428	422.9300123229955	1.1346916371631746	2.5915357534872268	1.1346916371631746	9.577878622622043	1.1346916371631746	0.16757487600850976	1.3142990690508154	NaN	NaN	800000009	800000009	800000009	800000019	800000019	800000119	899999999	899999999	89999	89999	89	89	28	4	1	3	7	20	7	NaN	0	0	0	0	0	0	0	0	0	NaN	NaN	NaN	NaN	0	0	0	0	0	0	300	0	0	18000	0	25	18000	18000	18000	18000	93	NaN	1.4084878337612	3.9533909838495704	0.4539539748052231	0.06948454644897427	0.20717394901340005	0.6737661954050989	6.132129559158015e-7	NaN	0.00634507036855325	0.06561727043528007	0.24251035353503797	0.00016757487600850977	NaN	16.489711352431563	288.9725601397201	93.08662587314181	93.22939314015706	92.9438592306773	0.28552150899585843	0.00028221063447644043	41.80360365358987	195
DATA	2026-09-26T120000_AIU-1657.ghg	2026-09-26	12:30:00	269.52	1	18000	18000	1.3169156056675144	1	NaN	16.95793953642729	1	NaN	334.18333598705084	1	NaN	-1.0537395865313246	2	NaN	7.571900418703339	1	NaN	0.19639559364315773	1	NaN	NaN	NaN	NaN	NaN	NaN	NaN	NaN	NaN	NaN	2.3798300590810683e-10	4.1835515656636516e-12	1.2334429445092901e-12	NaN	16.44583117183377	419.0061748103825	422.11539006907446	0.1	1	289.10460427637423	7.365794595129954	7.420452121258139	0.2	0	0.08523715526696904	2.0676830623697535	2.083026205536005	0	0	NaN	NaN	NaN	NaN	9	301.1576134830051	294.63932411150745	97266.20066251766	1.146878802322204	1009.5696842030329	0.025184815732265553	0.49065914713197634	0.005270303435589436	716.6350333405154	2555.0625133200815	0.0045953447085412226	28.047651656448533	1838.4274799795662	275.3657909438019	-3.3570134216810708	0.45629552402670814	1.8488209077926072	3.8595185538723347	-3.0334455731942756e-13	1.447071926140726e-14	3.8595185538723347	12.216519270165124	348.74038200759924	172.25961799240068	28.621996802731694	NaN	1.0715691678117902	4.364592315267531	-6203.290205056161	-0.0003229092842323125	0.050744419934464914	0.013667813576734876	0	23.546426128704418	-3.5732610077242932	8.082726128724813	20.127130904576326	30.69514457513105	43.050376710712406	64.49730911839163	1.296704951219114	1.0155861627808231	34.982467825388404	1.034783719118958	292.4095856727437	1.1428603997991333	-0.9220195106213565	1.1428603997991333	6.625393985157032	1.1428603997991333	0.13272370588774213	1.3176802518534592	NaN	NaN	800000009	800000009	800000009	800000019	800000019	800000119	899999999	899999999	89999	89999	89	89	25	1	3	2	6	21	6	NaN	0	0	0	0	0	0	0	0	0	NaN	NaN	NaN	NaN	0	0	0	0	0	0	300	150	0	18000	0	20	18000	18000	18000	18000	93	NaN	1.0419352394342962	7.081372363053954	0.6058770280468118	0.053692749994691445	0.2416897247477297	0.8895109695339454	3.1199109949274045e-7	NaN	0.03021319242496716	-0.023393247553237625	0.16809783290601016	0.00013272370588774212	NaN	16.447041958434703	289.0800954999092	93.06145271873474	93.21713902664185	92.90576558982002	0.3113664596867223	0.00028344269606653456	39.436750831381644	058
DATA	2026-09-26T123000_AIU-1657.ghg	2026-09-26	13:00:00	269.541	1	18000	18000	1.0513992941214272	1	NaN	62.742395362562576	0	NaN	320.37996745162684	1	NaN	-1.0266530112532182	2	NaN	7.2617870494084436	1	NaN	0.21170589103746024	0	NaN	NaN	NaN	NaN	NaN	NaN	NaN	NaN	NaN	NaN	-4.749761722808079e-10	-8.843436593214445e-12	-2.4644843319729517e-12	NaN	16.400040639178837	418.71523236159953	422.0051555624008	0.1	1	305.34735842069614	7.795931299504643	7.857185376910509	0.2	0	0.08509404378096011	2.068166848204117	2.0844168185208374	0	0	NaN	NaN	NaN	NaN	9	301.4381243794759	295.01534755211094	97223.82707715395	1.144731268886951	1009.8147549087302	0.025227947441338782	0.4705638008016671	0.0055685340533842675	758.1535887065378	2614.4659105619603	0.004864490212448449	28.998411707864964	1856.3123218554224	276.1581018069336	-3.208515056246035	1.1123102752520024	1.6790111220292325	3.788255715033834	6.544582920865173e-16	-2.8961889956913564e-14	3.788255715033834	9.347539921599687	0.12012575747894516	160.87987424252105	26.3091807134643	NaN	0.9583674779555235	2.6858824420317506	-1199.1378618090996	-0.0016704501323792655	0.19583744845730985	0.05663485193414398	0	21.114712097913067	-3.2042390219389323	7.2479973921076	18.048538325273274	27.525159740382705	38.604427907013736	57.836467652506315	1.0354517001894525	1.0154015816759554	78.65079695344929	1.0343422148165595	280.6663545867047	1.1414975903449578	-0.8993913083451767	1.1414975903449578	6.361631518831283	1.1414975903449578	0.13387335475551335	1.3170994088144952	NaN	NaN	800000009	800000009	800000009	800000019	800000019	800000019	899999999	899999999	89999	89999	89	89	20	1	4	4	6	11	4	NaN	0	0	0	0	0	0	0	0	0	NaN	NaN	NaN	NaN	0	0	0	0	0	0	300	0	0	18000	0	15	18000	18000	18000	18000	93	NaN	1.2258331697143943	3.5094912392563185	0.6364404750927888	0.05009062077509785	0.20206944941362368	1.4164128611787394	3.8775062501051957e-7	NaN	0.0680389917899701	-0.0228681227916318	0.16175225330498277	0.00013387335475551333	NaN	16.401287760174473	305.3115639244124	93.02432615407307	93.19555029763117	92.85310861460368	0.3424407848053533	0.00028399058246577626	39.46680910608501	100
DATA	2026-09-26T130000_AIU-1657.ghg	2026-09-26	13:30:00	269.562	1	18000	18000	1.6757242398544367	1	NaN	105.99252496502521	1	NaN	294.0292993980001	1	NaN	0.24414513938124888	2	NaN	6.667416837861228	1	NaN	0.42075128919249766	1	NaN	NaN	NaN	NaN	NaN	NaN	NaN	NaN	NaN	NaN	1.140020790446033e-9	2.1219929396865545e-11	5.935232271299795e-12	NaN	16.35508454325557	418.4379308056545	421.72258053761635	0.1	0	304.4275527219687	7.788650367676631	7.849789634600345	0.2	0	0.08514864500233177	2.073749458754954	2.090027955761047	0	0	NaN	NaN	NaN	NaN	9	301.8333430370755	295.46444326971886	97193.17992805436	1.1426341754228226	1009.8227202664609	0.02527431845694132	0.43204861109340753	0.005553126279919478	757.2067548103669	2686.9919639463164	0.0048599336509995315	28.1804622034774	1929.7852091359496	276.14046550295006	-3.089374053599395	0.8150464705157185	1.6932501308042633	3.616023893397722	-1.4673190662780516e-13	6.970436547918361e-14	3.616023893397722	11.425869528006022	355.7791712838845	165.22082871611548	27.921601884829958	NaN	1.211009837962919	4.162283786082662	-1431.8866729531023	-0.0013989235585724362	0.36048286746265035	0.07585342927249007	0	22.09206794435483	-3.3525565422994577	7.583492027001115	18.883967402882035	28.7992417961435	40.39134610596889	60.51359673366977	1.6510166283530192	1.0149650894346622	119.28252792012422	1.0332813154478508	258.32078581630384	1.1382332183175115	0.2144948288735888	1.1382332183175115	5.857689558311014	1.1382332183175115	0.2891166601111473	1.3157309040767804	NaN	NaN	800000009	800000009	800000009	800000019	800000019	800000019	899999999	899999999	89999	89999	89	89	33	8	8	7	2	7	2	NaN	0	0	0	0	0	0	0	0	0	NaN	NaN	NaN	NaN	0	0	0	0	0	0	300	0	0	18000	0	15	18000	18000	18000	18000	93	NaN	2.231431690890714	5.185605895748947	0.9075299855256617	0.06826150388903068	0.24258352236803404	1.343340049528034	0.0000010137706519643208	NaN	0.10337713388919428	0.0054637774798451545	0.1492115798814238	0.0002891166601111473	NaN	16.356332448392806	304.4056751765409	92.98995498063829	93.17444485219319	92.80546273591783	0.36897932874991024	0.00028494140561734747	41.676122395464645	120
DATA	2026-09-26T133000_AIU-1657.ghg	2026-09-26	14:00:00	269.583	1	18000	18000	0.5796572333530496	1	NaN	-11.945620493075145	0	NaN	541.0249613383857	0	NaN	3.076214796363461	0	NaN	12.276424564046424	0	NaN	0.32359817003787356	0	NaN	NaN	NaN	NaN	NaN	NaN	NaN	NaN	NaN	NaN	-2.037486974975902e-10	-3.5353981213240108e-12	-1.0600238075859083e-12	NaN	16.300215913284966	418.4836040605395	421.5446192391006	0.1	0	282.8374042375657	7.261426285279841	7.314540280336213	0.1	0	0.0848035700305623	2.0713750373982593	2.0865261935449917	0	0	NaN	NaN	NaN	NaN	9	302.3444638595581	296.14802167817027	97138.9091295904	1.1395879708558179	1009.5530995689038	0.025346945670839137	0.7955123117502082	0.005162393355080367	705.5562353153754	2800.759808314266	0.00453005251644019	25.19160097987977	2095.2035729988906	275.14751334611327	-2.8365984783510934	-1.044308888612154	1.799145907080045	3.5176409676346583	2.4547798955899656e-13	-1.2499754517455894e-14	3.5176409676346583	10.994352534920685	320.7885462551467	200.21145374485334	30.761379930814673	NaN	0.7132006029645238	4.341497017204004	2593.969855017025	0.000772214062598215	-0.022079610640374357	-0.014558612568006734	0	19.0639550259177	-2.8930287243922157	6.544038851695498	16.29558202456236	24.851790776901968	34.85498992398443	52.219126316872774	0.5712471184719656	1.0147223760245483	18.780881023547007	1.0326798227492169	476.1071974960371	1.1363511498750003	2.7070987666988744	1.1363511498750003	10.803372325004329	1.1363511498750003	0.2296735081767744	1.314966341713786	NaN	NaN	800000009	800000009	800000009	800000019	800000019	800000119	899999999	899999999	89999	89999	89	89	5	15	2	7	3	18	3	NaN	0	0	0	0	0	0	0	0	0	NaN	NaN	NaN	NaN	0	0	0	0	0	0	300	0	0	18000	0	15	18000	18000	18000	18000	93	NaN	1.2341345532211236	6.993821699213129	0.4550377819737554	0.03976018682496356	0.39035634124068014	0.9098231119104393	8.343065688396026e-7	NaN	0.016324464305877955	0.06911872048836552	0.275835991375478	0.0002296735081767744	NaN	16.301408010387743	282.82520348488305	92.96455451626248	93.16873687701755	92.76037778896756	0.4083541988167479	0.0002855643047546943	37.42617998110486	208
DATA	2026-09-26T140000_AIU-1657.ghg	2026-09-26	14:30:00	269.604	1	18000	17994	1.4323409022233642	1	NaN	19.215614846584636	0	NaN	505.32088834974365	0	NaN	1.614931497528245	0	NaN	11.471481465583674	0	NaN	0.4615879583526234	0	NaN	NaN	NaN	NaN	NaN	NaN	NaN	NaN	NaN	NaN	-1.2414772331056072e-9	-2.217668265050921e-11	-6.506545872174229e-12	NaN	16.196668485437435	416.85216279082965	419.979451111101	0.1	0	289.32337011007843	7.446288888653547	7.5021520803302995	0.1	0	0.084886265866732	2.0780584405778972	2.093648351030926	0	0	NaN	NaN	NaN	NaN	9	302.89080136701796	296.6175673335016	97086.42906360346	1.1370895967992174	1009.666909741598	0.025400856521307937	0.743351998969822	0.005282582812120252	723.1275172601368	2881.32285473035	0.00464570498841089	25.097066650235245	2158.1953374702134	275.4923241740401	-2.5362632817189614	-2.7834643380473634	1.874887424705891	4.206441237468695	2.516308673116481e-15	-7.665016013767461e-14	4.206441237468695	10.519937980720666	293.3394510509819	227.63866820676893	26.46929827358884	NaN	1.1223436502494073	3.4894250956478787	-6282.214363885952	-0.0003188525389256145	0.038026559537917	0.014912677365090657	0	21.210764002461975	-3.218815269024849	7.280968902704056	18.13064204861212	27.650373098908112	38.78004142271288	58.09956869999603	1.4090713198899607	1.0165141267194486	46.69093027768511	1.0369495363013141	439.6247346017396	1.149436891460438	1.4049762188129913	1.149436891460438	9.980088120373772	1.149436891460438	0.33094128494734737	1.3205911815917188	NaN	NaN	800000009	800000009	800000009	800100019	800100019	800100119	899999999	899999999	89999	89999	89	89	19	2	2	6	19	36	6	NaN	0	0	0	0	0	0	0	0	0	NaN	NaN	NaN	NaN	0	0	0	0	0	0	300	0	0	18000	0	20	18000	18000	18000	18000	93	NaN	2.079040131816024	4.0367967482259735	0.8630133112537599	0.052055849634381084	0.09863953283583661	0.5822849752783209	0.0000018858106767805542	NaN	0.04066864638590108	0.0359554055033064	0.25540511684243167	0.00033094128494734736	NaN	16.197846734382704	289.31830067372044	92.94187742890252	93.16302683448791	92.7207296295166	0.44230089201281514	0.0002861499473510775	40.57108683067751	141
DATA	2026-09-26T143000_AIU-1657.ghg	2026-09-26	15:00:00	269.624	1	18000	17996	1.3827519223760398	1	NaN	-9.053524637320786	1	NaN	644.376390467315	0	NaN	2.8271942990988643	0	NaN	14.63188618692231	0	NaN	0.3356402777659902	0	NaN	NaN	NaN	NaN	NaN	NaN	NaN	NaN	NaN	NaN	-2.110897804673203e-9	-4.1843860526969297e-11	-1.1101615500340927e-11	NaN	16.138769541449786	416.09594293571917	419.5565197457869	0.1	0	319.9152608308636	8.248177890703472	8.316776139781549	0.1	0	0.08487687736523394	2.0810351339194058	2.0983426372672334	0	0	NaN	NaN	NaN	NaN	9	303.1050503404405	296.8750729128735	97035.41542593573	1.1351610614903584	1010.1124478379373	0.025436273399391477	0.9481462249125656	0.005843315402509955	800.5800576688671	2926.3580369208157	0.005147565046706445	27.357556647827572	2125.7779792519486	276.92904691557214	-3.0921767155294817	-1.4915378515881466	2.0411085488062968	3.9940805486443565	1.7920499058423973e-13	-1.3079670040839902e-13	3.9940805486443565	11.638270157286401	315.2492655478087	205.73044106737865	30.732688309516764	NaN	1.1036805592083112	4.278666481752221	12676.475207889385	0.00015801711178777377	-0.014050056413077121	-0.007153969537528097	0	22.176363028142095	-3.3653486464766895	7.6124278014802735	18.956021572662397	28.909128951403492	40.54546440367008	60.74449402765699	1.3610560017984041	1.0159405054229718	27.273516697620742	1.0356208447507185	562.5722715215895	1.1454108620115062	2.4682796303624226	1.1454108620115062	12.774356060520164	1.1454108620115062	0.2320390819224708	1.3187902909908045	NaN	NaN	800000009	800000009	800000009	800100019	800100019	800100119	899999999	899999999	89999	89999	89	89	34	0	1	1	18	39	10	NaN	0	0	0	0	0	0	0	0	0	NaN	NaN	NaN	NaN	0	0	0	0	0	0	300	0	0	18000	0	25	18000	18000	18000	18000	93	NaN	1.184380576973928	6.626301567426133	0.7466508191043804	0.03419200104375852	0.09589286134659897	0.6873953050949008	6.810604860507389e-7	NaN	0.023785590177925784	0.06330613583797709	0.32763513098847435	0.0002320390819224708	NaN	16.13996177363696	319.89038591116395	92.91198339695401	93.14672247695924	92.67724879964194	0.46946196672734464	0.00028642855690527046	41.47229732672375	222
DATA	2026-09-26T150000_AIU-1657.ghg	2026-09-26	15:30:00	269.645	1	18000	17999	2.0413507806950277	1	NaN	35.740236689632894	1	NaN	507.67420792707105	1	NaN	7.024942739406635	1	NaN	11.529855145814087	1	NaN	0.36972227801821833	1	NaN	NaN	NaN	NaN	NaN	NaN	NaN	NaN	NaN	NaN	4.736870297441415e-11	9.549727905409495e-13	2.4999684551272607e-13	NaN	16.13197043724497	416.50443678134764	420.0313997029715	0.1	0	325.2272462199598	8.396903003246933	8.468008045435166	0.1	0	0.08513937405873576	2.0894294700822558	2.1071227756452817	0	0	NaN	NaN	NaN	NaN	9	303.2705630764432	297.06039304916465	96989.58061727576	1.133853066685489	1010.1989788050173	0.025464179678810178	0.7471346134487529	0.0059421586173060235	814.6305581936338	2959.147774146391	0.005240677819636991	27.529228695874295	2144.5172159527574	277.1764092991199	-2.675211770836711	-2.2563999307006815	1.838488196937657	3.9534242677941975	-8.450559243943168e-14	2.9363246826346036e-15	3.9534242677941975	10.987400303676713	300.8541355871711	220.1493382307091	27.71261068815243	NaN	1.341777268593055	4.533343834157578	-5768.143870622694	-0.0003472694240866356	0.07039994573600061	0.023254836478340934	0	23.932167386927894	-3.631798731859004	8.215138620103675	20.456856730360784	31.197997263901872	43.75563475660927	65.55391418598732	2.0095343506423675	1.0158327375904224	63.04885859681349	1.0353674761441742	443.5271386778032	1.1446294119464628	6.137307556565923	1.1446294119464628	10.073002690195914	1.1446294119464628	0.2546152057529935	1.3184548391966668	NaN	NaN	800000009	800000009	800000009	800100019	800101019	800101119	899999999	899999999	89999	89999	89	89	22	0	2	4	12	47	8	NaN	0	0	0	0	0	0	0	0	0	NaN	NaN	NaN	NaN	0	0	0	0	0	0	300	0	0	18000	0	15	18000	18000	18000	18000	93	NaN	1.7935398756932457	6.361006015612204	0.9121417770097063	0.05241021768995782	0.2610729068915546	0.594237730714156	9.370808010438618e-7	NaN	0.05504444846989501	0.1576052533768966	0.25867338839098236	0.0002546152057529935	NaN	16.1331304067161	325.21321376052595	92.8934734939999	93.13486696773106	92.65208048015171	0.48278349150551614	0.0002868760995220833	42.322639374732994	039
DATA	2026-09-26T153000_AIU-1657.ghg	2026-09-26	16:00:00	269.666	1	18000	18000	1.6733109930457875	1	NaN	-9.49593935748691	1	NaN	445.4103795944868	0	NaN	5.59869655299577	1	NaN	10.117754216387175	0	NaN	0.36493662884727135	0	NaN	NaN	NaN	NaN	NaN	NaN	NaN	NaN	NaN	NaN	9.895066236246646e-10	2.1283675837620276e-11	5.240803117054475e-12	NaN	16.089149853802645	415.1018097564827	418.8414707358687	0.1	0	346.06766828588974	8.928583343993575	9.009021140090674	0.1	0	0.08521425192253122	2.093701062746088	2.112563259881398	0	0	NaN	NaN	NaN	NaN	9	303.44448554229734	297.2622564611058	96956.52647422315	1.132468492087672	1010.4959196275636	0.025490170595939096	0.6556304732218888	0.006311965391126688	865.9166380528396	2995.2290823240646	0.005573634441246809	28.909863461293444	2129.312444271225	278.04842737670936	-2.0327284201815767	-3.2893708736218508	1.5085255816850556	4.1506138106361234	-1.2726038963849236e-13	6.150148594649308e-14	4.1506138106361234	12.187464659040735	282.7147697244727	238.28523027552723	21.312001767599874	NaN	1.215556830935249	3.5559232962165077	16138.918719555706	0.0001241161217060237	-0.021319528669565938	-0.006826560953059082	0	22.042910324852546	-3.345096683888676	7.566617806964271	18.84194820908711	28.735159874354427	40.301470299500096	60.37894639806329	1.6463733381348045	1.016361814350991	15.711765580484801	1.0365994601359172	387.86009869200507	1.1483789673043467	4.875303982741777	1.1483789673043467	8.810466322051454	1.1483789673043467	0.2653950478202699	1.3201124639156383	NaN	NaN	800000009	800000009	800000009	800000019	800000019	800001119	899999999	899999999	89999	89999	89	89	11	2	1	7	15	43	11	NaN	0	0	0	0	0	0	0	0	0	NaN	NaN	NaN	NaN	0	0	0	0	0	0	300	0	0	18000	0	15	18000	18000	18000	18000	93	NaN	2.7161981565531765	3.4761843546204774	0.9194640812593615	0.02663264589597067	0.36424499832007634	0.5318175331020535	0.000001043818993597228	NaN	0.013729802778667297	0.1253922052969063	0.22660408576099844	0.0002653950478202699	NaN	16.090304791526634	346.0632381306761	92.91628415679932	93.1427818921407	92.6897895711263	0.4529830938958428	0.0002866029993634179	41.02270337317239	136
DATA	2026-09-26T160000_AIU-1657.ghg	2026-09-26	16:30:00	269.687	1	18000	18000	1.2752331647776434	1	NaN	-3.4539333956729594	1	NaN	234.1769880647769	1	NaN	1.4849377125979455	1	NaN	5.320762804149328	1	NaN	0.23860900412112823	1	NaN	NaN	NaN	NaN	NaN	NaN	NaN	NaN	NaN	NaN	6.609789058920249e-11	1.5302539467057774e-12	3.514114500859144e-13	NaN	16.02843065523297	414.5586620143621	418.5759799621775	0.1	0	371.0794558045527	9.597583569363923	9.690589814949327	0.1	0	0.08521564015050517	2.0967460533495745	2.117064759298699	0	0	NaN	NaN	NaN	NaN	9	303.6658352542453	297.5135580840892	96933.27539371469	1.1309534416195426	1010.8700995996142	0.025517839068827184	0.34478542970887643	0.00677755112479281	930.5747611329587	3040.683107438742	0.005992776426841456	30.60413493456112	2110.108346305783	279.08499480750646	-2.0419126579300766	-2.5963887830443526	1.4082690692258288	3.590802666072169	-5.921031729388616e-14	4.123790532644742e-15	3.590802666072169	8.818480373544986	289.1830446428187	231.81695535718126	23.0907006129579	NaN	1.0618726525836766	2.6630496377760693	29577.814375706494	0.00006772305669905179	-0.014749243400113887	-0.002845125611108312	0	23.351259316319165	-3.54364369098645	8.01573167762197	19.96030524875766	30.44072492394119	42.693549532409904	63.96271698286931	1.2565082436028148	1.0149023464590556	9.879998634564501	1.0331267894665555	205.82455561001447	1.1377504854594858	1.3051523436601713	1.1377504854594858	4.676563861891488	1.1377504854594858	0.17639773670344844	1.3155315433831405	NaN	NaN	800000009	800000009	800000009	800000019	800000019	800000119	899999999	899999999	89999	89999	89	89	12	0	1	13	10	31	9	NaN	0	0	0	0	0	0	0	0	0	NaN	NaN	NaN	NaN	0	0	0	0	0	0	300	0	0	18000	0	15	18000	18000	18000	18000	93	NaN	1.673315864370448	3.0453122406604294	0.6074711705212616	0.02330162841407852	0.06180937687186464	0.3462385512899716	7.179841110337792e-7	NaN	0.00864205064830003	0.03362749674840978	0.12049255155797622	0.00017639773670344845	NaN	16.02960115443655	371.076017800991	92.86085877376132	93.11813084559971	92.60359331533645	0.5145336275233131	0.0002873705366154254	41.66209487809075	245
DATA	2026-09-26T163000_AIU-1657.ghg	2026-09-26	17:00:00	269.708	1	18000	18000	1.8612741477286965	1	NaN	13.882139241413833	1	NaN	572.303131789499	1	NaN	3.518430769650271	1	NaN	13.005170762792483	1	NaN	0.28237678504235847	1	NaN	NaN	NaN	NaN	NaN	NaN	NaN	NaN	NaN	NaN	-5.819405830547423e-10	-1.304347138545731e-11	-3.0741171568877312e-12	NaN	16.011206355880233	414.41499949948314	418.3004225675683	0.2	0	358.87119412314746	9.288594652226436	9.375681557805244	0.2	0	0.08457963853064228	2.0821835485327234	2.1017054384286675	0	0	NaN	NaN	NaN	NaN	9	303.7893686599731	297.6565250995873	96929.38648878885	1.1304974339145928	1010.7043906810447	0.025531125691837554	0.8427350654289528	0.006555938054643067	900.5792870622436	3066.809846182371	0.005799162260759592	29.365344844686195	2166.2305591201275	278.61230466001416	-2.6539198677743636	-2.189258014077831	1.792216480906639	3.8791985294908806	-2.461454703079956e-13	-3.634582992186721e-14	3.8791985294908806	11.000330793713434	301.480270437768	219.51972956223196	27.516684995908484	NaN	1.283129181977413	4.062471472728626	-12983.290192617435	-0.00015428292599814212	0.024256619386314796	0.009468741945533887	0	23.85764373252803	-3.620489479789726	8.189557061130207	20.393155031453492	31.100848153732564	43.6193817482658	65.34978235093993	1.8326165047330862	1.0156375558779462	45.64900764683302	1.0349058810821044	500.60423612538574	1.1432247082426905	3.0776370946868634	1.1432247082426905	11.375865714784453	1.1432247082426905	0.1881341792848754	1.3178397828568964	NaN	NaN	800000009	800000009	800000009	800000019	800000019	800000119	899999999	899999999	89999	89999	89	89	15	5	1	23	29	29	6	NaN	0	0	0	0	0	0	0	0	0	NaN	NaN	NaN	NaN	0	0	0	0	0	0	300	0	0	18000	0	20	18000	18000	18000	18000	93	NaN	1.5086467960202612	5.775620518711697	0.840675630725296	0.03206710537754296	0.05688424812279468	0.6512939064624349	5.546320598363621e-7	NaN	0.039951915614252605	0.07931243819989928	0.2931624550639213	0.00018813417928487542	NaN	16.01237680861815	358.85498102830184	92.85369909731547	93.1189362595876	92.58847622447544	0.530447277900243	0.0002881262459090471	40.33086406297034	190
DATA	2026-09-26T170000_AIU-1657.ghg	2026-09-26	17:30:00	269.729	1	18000	18000	1.3888484641236403	1	NaN	-2.1704267614549018	0	NaN	463.7979845298836	0	NaN	2.726834886457831	0	NaN	10.5381988020539	0	NaN	0.2723864372682799	0	NaN	NaN	NaN	NaN	NaN	NaN	NaN	NaN	NaN	NaN	3.897861137241653e-10	8.525834187095132e-12	2.0589165176058352e-12	NaN	16.042216360243952	414.4431160198034	418.2344782687444	0.1	0	350.8931484863856	9.065159488129842	9.148088368199073	0.1	0	0.08473771404408326	2.084673163766461	2.1037439380874092	0	0	NaN	NaN	NaN	NaN	9	303.43333467441136	297.5321788533529	96948.67962195445	1.131290917949892	1010.5783276214391	0.02551538138149743	0.6828752823730927	0.006402184405264006	879.090986552091	3044.0749514357944	0.005659184833611099	28.878756291380125	2164.9839648837033	278.26505179319264	-2.644864815099207	-2.8712420455678056	1.9552411886303005	4.366040412101334	-7.303628104225351e-15	2.429752254745415e-14	4.366040412101334	11.490503614464885	293.6499393800873	227.3500606199127	26.604504544294723	NaN	1.108001328562595	3.337980636888279	53474.91269858565	0.0000374586866796882	-0.004679681313524673	-0.0017134071449261667	0	21.76080257238145	-3.3022857440725133	7.4697793445347545	18.600806745319083	28.367403926996058	39.78568735433001	59.60620955824021	1.3656926348823142	1.0169553738885921	23.746905767072146	1.037952798098686	402.4473659161391	1.1524438319383326	2.3661325705318577	1.1524438319383326	9.144219015281086	1.1524438319383326	0.18956701751990507	1.3219746163755248	NaN	NaN	800000009	800000009	800000009	800000019	800000019	800001119	899999999	899999999	89999	89999	89	89	19	2	2	45	29	49	16	NaN	0	0	0	0	0	0	0	0	0	NaN	NaN	NaN	NaN	0	0	0	0	0	0	300	0	0	18000	0	15	18000	18000	18000	18000	93	NaN	2.201326178715025	3.685684411551767	0.7889506835097664	0.012584448878960416	0.038493263659435464	0.5287008817880092	5.513245681052737e-7	NaN	0.020771255503175705	0.06092521991950245	0.23545322922158532	0.00018956701751990506	NaN	16.043396715151154	350.89202510050046	92.89641103087531	93.14670915370517	92.64612246725294	0.5005763869749167	0.0002874817621583741	39.74432248094345	215
DATA	2026-09-26T173000_AIU-1657.ghg	2026-09-26	18:00:00	269.749	1	18000	17990	2.6065466909887673	1	NaN	46.55733266670306	1	NaN	757.0262764009258	1	NaN	2.809611218493811	1	NaN	17.18615796730238	1	NaN	0.2850851639896268	1	NaN	NaN	NaN	NaN	NaN	NaN	NaN	NaN	NaN	NaN	2.788026193684162e-10	6.089121426903225e-12	1.4669333146427932e-12	NaN	16.128085983523444	414.8529488845421	418.6460900525541	0.2	0	352.24157563397443	9.060495865459643	9.143339051128892	0.2	0	0.08485869567599255	2.0793335612131023	2.098345612963665	0	0	NaN	NaN	NaN	NaN	9	303.55672227393256	296.65458874718615	96966.75257062147	1.13485112846325	1010.551577057148	0.02543538053466132	1.1136630362811941	0.006419016930788118	878.8025270131665	2887.7600543063663	0.005656263425036534	30.43197878240105	2008.9575272931997	278.2603394833895	-2.7873526856121695	-2.161168099512996	1.954978626752003	4.0340364735301275	1.0774744374358057e-13	1.728677659911057e-14	4.0340364735301275	11.355100383333069	303.2118637868567	217.8367039182011	28.987641698189716	NaN	1.5155257071463168	5.581911177712491	-6380.038220582225	-0.0003139636363835454	0.06150028620941291	0.026787205259934554	0	23.83183196863195	-3.6165724450360734	8.180696717852168	20.3710915238972	31.067199912585536	43.572189611623905	65.27907993071715	2.5653794641234593	1.0160472271026673	87.46993204043194	1.035870193014422	660.4902817488053	1.146158084864653	2.451329581491013	1.146158084864653	14.994579015103183	1.146158084864653	0.17210521911888668	1.3191270553714542	NaN	NaN	800000009	800000009	800000009	800100019	800101019	800101119	899999999	899999999	89999	89999	89	89	15	3	4	43	25	31	6	NaN	0	0	0	0	0	0	0	0	0	NaN	NaN	NaN	NaN	0	0	0	0	0	0	300	0	0	18000	0	15	18000	18000	18000	18000	93	NaN	2.040794165925096	7.9470761461115496	1.1759520433883373	0.03180724591013423	0.07028046242878648	0.5261937082024114	2.889567091419316e-7	NaN	0.07627134607386657	0.06292074680886628	0.3848809710610127	0.00017210521911888667	NaN	16.129319828545704	352.2429251045047	92.97089291975234	93.1888814201355	92.75290276230707	0.4359677621788422	0.00028547652800625656	41.77070176529169	047
DATA	2026-09-26T180000_AIU-1657.ghg	2026-09-26	18:30:00	269.77	0	18000	17995	0.9465802767414242	1	NaN	5.555327568590031	1	NaN	441.0844856589565	0	NaN	1.1459077355270175	2	NaN	10.005490042672214	0	NaN	0.14803512091184978	0	NaN	NaN	NaN	NaN	NaN	NaN	NaN	NaN	NaN	NaN	6.908860398408945e-10	1.4887743920703852e-11	3.6596650033281594e-12	NaN	16.219775845716114	415.47917026493246	419.23258678504743	0.1	0	349.516208632395	8.953064810392332	9.033946317264405	0.1	0	0.08591713046925155	2.0971929456340566	2.1161388741218605	0	0	NaN	NaN	NaN	NaN	9	303.1831143705579	295.8200365435067	96989.30067112464	1.138363748855132	1010.4700797366916	0.025357928831369895	0.6483557547651595	0.0063622794953175745	868.5844209194375	2745.6588932011996	0.005588968817494589	31.63482627322084	1877.0744722817622	278.09252741915424	-3.4316056598566322	-1.8105921830078555	2.219898533642621	4.4701015252237335	2.6779078620343564e-14	4.2595289010937095e-14	4.4701015252237335	9.931358798082718	313.18286481849407	207.81659712295496	29.77599259997223	NaN	0.9118810632796454	3.514726884656991	-11648.798741699975	-0.0001719576451114543	0.012594701807048757	0.0052962314934454835	0	19.615533441752888	-2.976732876998353	6.733377872799718	16.76706295839801	25.570828949660733	35.86345118504415	53.729985051642146	0.930531022779222	1.0172474141853625	29.83618137673068	1.0386085701287788	382.08597177148687	1.1544116200182162	0.9926335768423186	1.1544116200182162	8.667177174216533	1.1544116200182162	0.09118735577554749	1.322890813853741	NaN	NaN	800000009	800000009	800000009	800100019	800100019	800100119	899999999	899999999	89999	89999	89	89	21	2	0	31	23	26	9	NaN	0	0	0	0	0	0	0	0	0	NaN	NaN	NaN	NaN	0	0	0	0	0	0	300	0	0	18000	0	15	18000	18000	18000	18000	93	NaN	1.4846183081545217	4.852155454685596	0.6926800064738647	0.03565429296045655	0.17107092483799247	0.5564561376551281	4.325091261021831e-7	NaN	0.02593813360394524	0.025398587796183248	0.22176769508914437	0.00009118735577554748	NaN	16.220999480499234	349.5157792706901	93.0283132625156	93.21102763578627	92.84559742630853	0.365418931262364	0.00028436659433484434	41.51392256518469	102
DATA	2026-09-26T183000_AIU-1657.ghg	2026-09-26	19:00:00	269.791	0	18000	17984	1.804284823416797	1	NaN	27.005349967563404	0	NaN	627.4494484529129	0	NaN	-1.2057127508057	2	NaN	14.22203971068306	0	NaN	0.08365786086569454	2	NaN	NaN	NaN	NaN	NaN	NaN	NaN	NaN	NaN	NaN	1.8159082536582801e-9	4.149084917530448e-11	9.774085919813954e-12	NaN	16.336458677051564	417.09197986738496	421.10508694371345	0.1	1	373.26420080014265	9.529942051887042	9.621635682384536	0.1	0	0.0879306266785876	2.1390974069157376	2.1596790228542146	0	0	NaN	NaN	NaN	NaN	9	302.6230988167657	295.0272142735011	97028.5468359375	1.1416347967476035	1010.7660609082654	0.025279738174553368	0.9215881732522622	0.006793169989800648	924.9244633887931	2616.360073963087	0.0059503879954900364	35.35157383699788	1691.4356105742938	278.99699207274983	-3.508505047324125	-2.02936274599336	2.324460026017828	4.672265449802082	-1.794520270057612e-14	1.1115678676487913e-13	4.672265449802082	15.23253683859703	310.9543802465606	209.9939375806622	29.834851299581217	NaN	1.2571553540213747	5.013546232470344	-6281.318804071867	-0.0003188979993662302	0.043039881593887525	0.018615856049417453	0	22.383166519926437	-3.3967318742079415	7.683416748058419	19.132794087009824	29.178718189458774	40.92356714324267	61.31096083087676	1.772689260035228	1.0178235205085753	60.67229547072207	1.039885178489733	541.7421529753634	1.1582068055934482	-1.0410168071736638	1.1582068055934482	12.27936120043423	1.1582068055934482	0.0242688747191566	1.3246978685130035	NaN	NaN	800000009	800000009	800000009	800100019	800100019	800100119	899999999	899999999	89999	89999	89	89	43	28	0	56	9	22	12	NaN	0	0	0	0	0	0	0	0	0	NaN	NaN	NaN	NaN	0	0	0	0	0	0	300	0	0	18000	0	15	18000	18000	18000	18000	93	NaN	2.2000315562260755	6.8805390434727105	0.9465218652419011	0.03939348614952483	1.034767688818971	0.6244564021767087	0.0000011770114441513243	NaN	0.05257903097983509	-0.026569909943567928	0.31340658384360964	0.000024268874719156603	NaN	16.33773082518249	373.27469734324336	93.05388850445217	93.21599504725138	92.89178834342957	0.32419763860603085	0.0002836141936212599	41.00731274498834	036
DATA	2026-09-26T190000_AIU-1657.ghg	2026-09-26	19:30:00	269.812	0	18000	17779	2.6501456071304794	1	NaN	42.29387949267596	0	NaN	550.9412951036494	0	NaN	3.809531647909806	0	NaN	12.476635865886017	0	NaN	0.16312710211637055	0	NaN	NaN	NaN	NaN	NaN	NaN	NaN	NaN	NaN	NaN	-2.6147765019732527e-10	-6.337895770061724e-12	-1.4626376401190753e-12	NaN	16.52414054805132	420.401973732742	424.72998303830315	0.1	0	400.52478827297944	10.190025377066057	10.29493098505895	0.2	0	0.09243172377432103	2.239696877301758	2.2627544020810313	0	0	NaN	NaN	NaN	NaN	9	301.8979308531019	294.0968162872831	97065.58904087218	1.1453966693566509	1011.1056635136698	0.02519039913911083	0.8084860041094138	0.007289454185576008	989.3661313896353	2471.4382525892056	0.006364130768487712	40.031998790709196	1482.0721211995703	279.9737067321316	-4.322359352124753	-3.8277405525789208	3.0222909908712796	6.528973182771036	-6.872022696462291e-14	-1.582397882885117e-14	6.528973182771036	15.904231998651792	299.4729456153084	221.6171136043836	27.57468822497242	NaN	1.521097000982491	6.003991044643028	-7106.936751796007	-0.00028185138969947815	0.07676658088357517	0.024008672889070094	0	21.9219452453763	-3.326739766391893	7.525094409604448	18.738549078527218	28.577469676157463	40.08030755438417	60.04760430475092	2.58934899840883	1.0234794957184254	69.81217513115179	1.0515631133777998	462.2369736941725	1.1919022632494256	3.1961778791526614	1.1919022632494256	10.467834696337906	1.1919022632494256	0.0837373132949152	1.3423562421059756	NaN	NaN	800000009	800000009	800000009	800100019	800100019	800100119	899999999	899999999	89999	89999	89	89	42	3	2	45	18	30	15	NaN	0	0	0	0	0	0	0	0	0	NaN	NaN	NaN	NaN	0	0	0	0	0	0	300	0	0	18000	0	15	18000	18000	18000	18000	93	NaN	3.094393308031695	7.453858340031489	1.4597304412228724	0.06416022164667023	0.48534753712743683	0.38454089949724496	0.0000019005264332798386	NaN	0.06028075881203261	0.08134209686448261	0.26640432917852636	0.0000837373132949152	NaN	16.525427959714914	400.542486377099	93.09879507742988	93.24740167723762	92.9501882372962	0.2972121138821015	0.0002827741191140376	39.83327996280453	092
DATA	2026-09-26T193000_AIU-1657.ghg	2026-09-26	20:00:00	269.833	0	18000	17905	2.498440326037883	1	NaN	35.86168444476072	0	NaN	523.2695262123676	0	NaN	4.489219350448448	0	NaN	11.841386532712976	0	NaN	0.25061417099434996	2	NaN	NaN	NaN	NaN	NaN	NaN	NaN	NaN	NaN	NaN	-1.0621030379359974e-9	-2.661042459582437e-11	-6.20525674307728e-12	NaN	16.60647479185031	421.24285030080824	425.73607510750514	0.1	0	416.0663602937743	10.554014727463079	10.66659007621931	0.2	0	0.09702207413051546	2.343263837026242	2.3682584718162296	0.7	0	NaN	NaN	NaN	NaN	9	301.3702116682265	293.3464531625866	97091.44020612641	1.148473653678019	1011.2878066151318	0.025119437989754457	0.7673218473198008	0.007571162568407348	1024.9793559780717	2359.723087237238	0.0065923693975569134	43.436425295906936	1334.7437312591662	280.4896307778706	-3.9938295194407143	-4.342750753286549	2.813712103553949	6.5359882275666825	1.8650532081748203e-13	-6.395716437405658e-14	6.5359882275666825	17.861124853983863	293.6033275030204	227.40769663207098	25.498996167400858	NaN	1.4749387038880628	6.275315919336467	-7643.306350973364	-0.00026207244718706165	0.06853386763097369	0.020934418650101	0	21.986500671800876	-3.336536301408251	7.547254198485394	18.793730086088456	28.66162419440072	40.19833546278555	60.22443161903704	2.4410709937621693	1.023501705776814	62.13428610639283	1.0516066016543788	438.9709652009144	1.1920367579957598	3.7660074828534915	1.1920367579957598	9.933742775367584	1.1920367579957598	0.15304007181497994	1.3424250885899043	NaN	NaN	800000009	800000009	800000009	800100019	800100019	800100119	899999999	899999999	89999	89999	89	89	31	7	3	53	18	19	13	NaN	0	0	0	0	0	0	0	0	0	NaN	NaN	NaN	NaN	0	0	0	0	0	0	300	150	0	18000	0	20	18000	18000	18000	18000	93	NaN	3.623170959795381	7.5650307875247975	1.362430091352756	0.035973097957755065	0.045659683330459194	0.287808691386107	0.0000012364456875420024	NaN	0.05349774855673723	0.09560932432172169	0.2521923918268612	0.00015304007181497995	NaN	16.607751289124792	416.0887709124929	93.15876195589702	93.30609954431321	93.01142825465732	0.29466810652034214	0.00028223402138489003	39.90013777808788	078
DATA	2026-09-26T200000_AIU-1657.ghg	2026-09-26	20:30:00	269.854	0	18000	17965	1.994931745768673	1	NaN	47.75462513671077	0	NaN	578.2138571524654	0	NaN	3.1369102075542474	0	NaN	13.07897432517789	0	NaN	0.11778982907302901	1	NaN	NaN	NaN	NaN	NaN	NaN	NaN	NaN	NaN	NaN	4.147519620821012e-10	1.0659375003401016e-11	2.4634552941334487e-12	NaN	16.63015802554239	420.93480718597476	425.53839982822944	0.1	0	427.40506849003134	10.818277843110991	10.936592944238775	0.2	0	0.09877626768692321	2.380898537742571	2.406937455891395	0	0	NaN	NaN	NaN	NaN	9	301.08562930679324	292.8890935016167	97127.0669946419	1.1505736831224156	1011.4226828402154	0.025071074405106607	0.8475175362715273	0.007775708648262722	1051.0294487542644	2293.8200434267937	0.0067581144626575156	45.820048166642835	1242.7905946725293	280.8570920395125	-3.455423393063323	-3.275283209673944	2.460344647987533	5.361426749499654	-9.896839862770556e-14	2.4939748705038186e-14	5.361426749499654	13.264414798860907	297.5330944420614	223.46801905830097	27.315979823330643	NaN	1.3167605376428668	4.622631594900061	-4085.2920623308755	-0.0004903199011081536	0.08258990085759683	0.031164596786747992	0	22.389737865871503	-3.39772910130752	7.68567247847291	19.138411174687278	29.187284602583826	40.93558165945355	61.32896076549215	1.956085626676812	1.0198591097250975	77.25635616026187	1.0442446801693106	493.78707624178946	1.1709781097416474	2.6788803150610074	1.1709781097416474	11.16927311994201	1.1709781097416474	0.04309558437023665	1.3310761732194574	NaN	NaN	800000009	800000009	800000009	800100019	800100019	800100119	899999999	899999999	89999	89999	89	89	30	0	5	72	25	14	19	NaN	0	0	0	0	0	0	0	0	0	NaN	NaN	NaN	NaN	0	34	0	0	0	0	300	0	0	18000	0	15	18000	18000	18000	18000	93	NaN	2.8335149205743226	5.374106013542899	1.0376422556829004	0.0346570181161506	0.06420791764806384	0.4101348822066766	1.1446715891773399e-7	NaN	0.06638761933668512	0.06789713480020511	0.28308903476628056	0.000043095584370236655	NaN	16.63140936150565	427.4185469748526	93.16859301673041	93.30222307438319	93.03496417596605	0.2672529543663069	0.00028150956503749405	41.86320973482395	191
DATA	2026-09-26T203000_AIU-1657.ghg	2026-09-26	21:00:00	269.874	0	18000	17986	1.9192292264982596	1	NaN	21.579511264093817	0	NaN	394.7031933783468	0	NaN	5.108963399776179	0	NaN	8.924267646286468	0	NaN	0.12715201060934933	0	NaN	NaN	NaN	NaN	NaN	NaN	NaN	NaN	NaN	NaN	-1.6293868278503502e-10	-4.255376865578692e-12	-9.619794665129563e-13	NaN	16.647860576159243	420.6590114701609	425.33175377385066	0.1	0	434.7827019728068	10.986112046020121	11.108147397957792	0.3	0	0.09828789432871629	2.3645703042109516	2.390836299682961	0.1	0	NaN	NaN	NaN	NaN	9	300.7889093195597	292.4522242514789	97151.66332792345	1.1525107843486724	1011.5050308422655	0.025027340851795237	0.5782925434793631	0.007910138901035774	1067.6053558168073	2232.3795535327986	0.00686339686227413	47.823648721710164	1164.7741977159912	281.08675018604777	-2.8030339752272395	-2.9777277140532448	2.072473560460733	4.583599830839572	-5.2354193377592123e-14	-9.787364691074673e-15	4.583599830839572	12.503461593093812	294.26905705288334	226.70332772934347	26.88169415481201	NaN	1.2904492374753411	4.046956931276708	-8511.096455759685	-0.0002353515801885254	0.05467275569622401	0.014344573302802185	0	22.57657099468536	-3.4260817494118467	7.749806245683306	19.298113323131954	29.43084045556205	41.27717220629548	61.840725650608775	1.8860915134935294	1.0175695149295012	42.48749668565294	1.0393249331367214	341.27894822255365	1.1565412851687362	4.41745008612537	1.1565412851687362	7.716341613334142	1.1565412851687362	0.06975225980160077	1.3239014366651742	NaN	NaN	800000009	800000009	800000009	800100019	800101019	800101119	899999999	899999999	89999	89999	89	89	29	6	0	58	9	14	13	NaN	0	0	0	0	0	0	0	0	0	NaN	NaN	NaN	NaN	0	24	0	0	0	0	300	0	0	18000	0	15	18000	18000	18000	18000	93	NaN	2.205633973868246	4.912181792167257	0.9760980965179139	0.033623759434891105	0.10488378383575087	0.31475934790899796	1.6300601195786407e-7	NaN	0.03644585128221219	0.11178544585599372	0.19526529350788788	0.00006975225980160077	NaN	16.649123796496607	434.7998060889994	93.17915556441413	93.30077264001635	93.05753560045031	0.24323696945400533	0.00028092800384911244	38.53750802214083	173
DATA	2026-09-26T210000_AIU-1657.ghg	2026-09-26	21:30:00	269.895	0	18000	17983	2.2187251262067376	1	NaN	53.3910314804251	0	NaN	593.0818978403505	0	NaN	4.042929370357449	0	NaN	13.407056751520965	0	NaN	0.11731581800380031	0	NaN	NaN	NaN	NaN	NaN	NaN	NaN	NaN	NaN	NaN	2.3189914109472703e-10	6.1657083583712235e-12	1.3577478322036432e-12	NaN	16.629771639712892	419.84610476189505	424.5856787575981	0.1	0	442.1505035022916	11.162821152074022	11.288836413978283	0.4	0	0.09736576119804877	2.3404478571472667	2.366868790142048	1	0	NaN	NaN	NaN	NaN	9	300.6164990433587	292.2538864377124	97156.48070643538	1.153272734928212	1011.598140560192	0.02500912748357916	0.8687772774985585	0.008043225048094717	1084.8313343771636	2204.9645575617064	0.006974260991781259	49.199490788042034	1120.1332231845429	281.32210654318004	-3.0469275534387155	-3.2729783919233055	2.3559718469517485	5.054650301828776	-3.8797067160725235e-14	1.3944818132134656e-14	5.054650301828776	12.305172547437461	293.9515138279155	227.0387249984065	27.781426974609438	NaN	1.3870296292289417	4.819202879448231	-4271.884033537459	-0.0004689031781467331	0.09002303337000049	0.03299457401332234	0	21.474283895715082	-3.2588054294922624	7.3714267545663015	18.35589488989148	27.99389789445942	39.26183983293884	58.82139051367974	2.177481651473429	1.0189409057501817	83.67539262285263	1.04230447105567	508.94044065906826	1.165326726782255	3.4693526522994467	1.165326726782255	11.504976624488005	1.165326726782255	0.04114851092929118	1.3282036531381045	NaN	NaN	800000009	800000009	800000009	800100019	800100019	800100119	899999999	899999999	89999	89999	89	89	41	4	4	68	18	17	16	NaN	0	0	0	0	0	0	0	0	0	NaN	NaN	NaN	NaN	0	0	0	0	0	0	300	150	0	18000	0	25	18000	18000	18000	18000	93	NaN	2.8194922212893143	5.540912173099879	1.2780013645072708	0.031197258325984717	0.10403649590207008	0.29779537842404397	2.535356573894718e-7	NaN	0.07172287860019658	0.08774522981046898	0.290978438646381	0.00004114851092929118	NaN	16.631046844830852	442.1709329510037	93.18137270927429	93.29454016049704	93.06820996030172	0.22632388563371358	0.00028089027808972687	40.7478351933884	051
DATA	2026-09-26T213000_AIU-1657.ghg	2026-09-26	22:00:00	269.916	0	18000	17953	1.495932633271275	1	NaN	45.325678871615565	0	NaN	388.024132423831	0	NaN	4.6895665284279655	0	NaN	8.770273930419476	0	NaN	0.259556087164614	0	NaN	NaN	NaN	NaN	NaN	NaN	NaN	NaN	NaN	NaN	4.3483298629484495e-10	1.1726603893171219e-11	2.50157223569178e-12	NaN	16.625010772097703	419.51742399436614	424.3179763207264	0.2	0	448.3443579229804	11.313572825704961	11.44303442906524	0.5	0	0.09564284834949612	2.2975869168632492	2.3238782830566853	0	0	NaN	NaN	NaN	NaN	9	300.49653925069174	292.1003808639301	97152.68802607495	1.1537677113713498	1011.6780229392712	0.024996967308314934	0.5683137506911821	0.00815581279511764	1099.4388449416008	2183.9492568454025	0.007068851654224031	50.34177609646853	1084.5104119038017	281.5191187872912	-3.1867061845149927	-3.3043024917289436	2.341386954516982	5.150165561532374	-2.6049328650828348e-14	2.6155350649434723e-14	5.150165561532374	13.895861577127068	294.9620973538716	225.9888509850959	27.040720435041916	NaN	1.1386672445029202	3.5666701177952853	-2784.0308440246818	-0.0007194963390219686	0.11681149465752101	0.03410254519736961	0	20.83214078397547	-3.1613577348817956	7.150999804027459	17.807000616135877	27.156799493834473	38.08779742363753	57.06246104600878	1.4677159568699136	1.0192248890320283	64.68893600983385	1.0429088378728735	332.47012025370736	1.1670947516358179	4.018154071770948	1.1670947516358179	7.514620315211706	1.1670947516358179	0.1676994900582464	1.3290917939089797	NaN	NaN	800000009	800000009	800000009	800100019	800100019	800101119	899999999	899999999	89999	89999	89	89	29	14	1	47	34	9	12	NaN	0	0	0	0	0	0	0	0	0	NaN	NaN	NaN	NaN	0	13	0	0	0	0	300	0	0	18000	0	15	18000	18000	18000	18000	93	NaN	2.6342749322071177	3.5698518967698156	0.929213406613637	0.034022171418238475	0.08045325480642976	0.27623355845063374	9.695251415176881e-7	NaN	0.05542035602043009	0.10159133524550472	0.18999279222483506	0.0001676994900582464	NaN	16.626297661023468	448.36589833540745	93.17360154533387	93.2813285208808	93.06587534353469	0.21545257603335724	0.00028037762567691973	42.377133442259996	035
DATA	2026-09-26T220000_AIU-1657.ghg	2026-09-26	22:30:00	269.937	0	18000	17988	1.0058445408792513	1	NaN	23.282289808845853	0	NaN	321.696125433453	0	NaN	3.7931373400689634	1	NaN	7.270615382120808	0	NaN	0.10038302079782613	1	NaN	NaN	NaN	NaN	NaN	NaN	NaN	NaN	NaN	NaN	4.4577145904177975e-10	1.2039175275628883e-11	2.506207591384114e-12	NaN	16.62032642079351	419.2890088554567	424.09139879847487	0.2	0	448.87356258343334	11.323950348024507	11.453650922373065	0.3	0	0.09344247461830134	2.2440396711073918	2.2697421181562127	0	0	NaN	NaN	NaN	NaN	9	300.4686829240587	292.03100912432944	97148.90241637261	1.1539922723072946	1011.6821419723442	0.02499200453602336	0.4711358767614283	0.008164914842007449	1100.4044400148875	2174.5097746184415	0.007075363534005735	50.60471343284599	1074.105334603554	281.5320603298766	-2.9864332054138125	-1.129107778309486	1.9501542776000031	3.740692671785593	-3.369296494789477e-13	2.682086065915528e-14	3.740692671785593	16.061367016533026	320.2894458363859	200.65495691367087	31.421848061026118	NaN	0.9336067463132016	4.545624215139458	-2987.3224574593005	-0.0006705335726306641	0.07237354748203859	0.02136066283537105	0	20.384884265202306	-3.0934848326312756	6.997471114332874	17.42469247085439	26.573755450085677	37.27006986216976	55.83735614945879	0.9907069863213946	1.0152795476027319	40.46932774814396	1.0340483302559074	282.0411419619605	1.1405999961411335	3.3255631710519618	1.1405999961411335	6.374377877186289	1.1405999961411335	0.05428580198352798	1.3167157470134656	NaN	NaN	800000009	800000009	800000009	800100019	800100019	800100119	899999999	899999999	89999	89999	89	89	32	18	5	55	8	16	15	NaN	0	0	0	0	0	0	0	0	0	NaN	NaN	NaN	NaN	0	165	0	0	0	0	300	0	0	18000	0	15	18000	18000	18000	18000	93	NaN	1.8795249213903917	6.5522248696701135	0.6594986392184107	0.03760974313153119	0.08606132730131599	0.2551595062191831	3.2707360160624103e-7	NaN	0.034664026310154826	0.08406468957553866	0.16113363960346602	0.00005428580198352798	NaN	16.621611939907076	448.8949079776914	93.18182599576315	93.2882529466417	93.07539665306939	0.21285411528705114	0.0002808265564251794	40.75387458524526	231
DATA	2026-09-26T223000_AIU-1657.ghg	2026-09-26	23:00:00	269.958	0	18000	18000	2.027254909789794	1	NaN	50.05765107308592	1	NaN	474.77731543995355	1	NaN	3.7407844954146525	1	NaN	10.72859839249491	1	NaN	0.2052860066533257	1	NaN	NaN	NaN	NaN	NaN	NaN	NaN	NaN	NaN	NaN	-1.2695896376469062e-11	-3.45876040008173e-13	-7.037014579216219e-14	NaN	16.636662517290564	419.5567605281535	424.4077591094132	0.1	0	453.2348705285516	11.430042163788821	11.562198581076625	0.3	0	0.09221281681272944	2.212904842130298	2.238490887356034	0	0	NaN	NaN	NaN	NaN	9	300.33665123833555	291.8584897419558	97132.69855225988	1.1544352986095803	1011.7369004627584	0.024981407084135474	0.69521317583367	0.008244906406866296	1110.5286476049728	2151.189634411167	0.007141938934816519	51.62393077023874	1040.6609868061942	281.6671521219927	-2.3472358714913852	-2.115221619467832	1.7932760427267973	3.633114050136362	-8.671014978325041e-14	-7.631276022624223e-16	3.633114050136362	10.713557532302332	298.97627002392346	222.02372997607654	29.576948236245627	NaN	1.3251632450194575	3.9866943574475022	-3972.9016364341496	-0.0005041906856264049	0.10543395702614788	0.03234177842998415	0	23.382182713262665	-3.548336435775855	8.02634667911298	19.986738103361326	30.48103669502469	42.750087364534224	64.04742095793345	1.9972801753100684	1.0150077765003962	75.02795698683497	1.0333861683773475	417.0012106788326	1.1385514077214973	3.2855648590350617	1.1385514077214973	9.42302501207679	1.1385514077214973	0.12159792423913111	1.3158621645119124	NaN	NaN	800000009	800000009	800000009	800000019	800000019	800000119	899999999	899999999	89999	89999	89	89	16	1	0	41	5	7	11	NaN	0	0	0	0	0	0	0	0	0	NaN	NaN	NaN	NaN	0	0	0	0	0	0	300	0	0	18000	0	15	18000	18000	18000	18000	93	NaN	2.068664358065219	4.96178729647717	0.9429370603526154	0.03898752330785978	0.07244062618044443	0.280765625799376	2.972451453960075e-7	NaN	0.06423710101177063	0.08302729326835698	0.23812290875990702	0.00012159792423913112	NaN	16.637928886515304	453.2563429616949	93.17419127104017	93.27331654315525	93.07506984074911	0.19824296474829314	0.0002803506157457983	37.39629487896738	123
DATA	2026-09-26T230000_AIU-1657.ghg	2026-09-26	23:30:00	269.979	0	18000	17998	1.3048576647386287	1	NaN	24.411740609944317	0	NaN	319.8801645549784	0	NaN	2.6838683462457733	1	NaN	7.2265540395659436	0	NaN	0.09156410796979898	1	NaN	NaN	NaN	NaN	NaN	NaN	NaN	NaN	NaN	NaN	-1.4170543428539647e-9	-3.9082687083950485e-11	-7.738183921062431e-12	NaN	16.65937821188623	419.89881325486283	424.81859773730923	0.1	0	459.46951078603126	11.58090655317457	11.716595349033081	0.4	0	0.09097275151387829	2.1807318561798303	2.206282608903435	0.1	0	NaN	NaN	NaN	NaN	9	300.0831852705213	291.5981888282905	97120.1068831656	1.1552498483394138	1011.8145298802896	0.02496236278688274	0.4682807017638731	0.008360103626628493	1125.0405815470906	2116.418260436995	0.007236619540479078	53.157761987689234	991.3776788899042	281.85890975185924	-2.8034324158579107	-2.504890652379974	2.013509886373733	4.264656615989846	3.3722942540620116e-13	-8.506045812939863e-14	4.264656615989846	11.336371029546937	299.21894175866146	221.77397012439818	28.173220916841675	NaN	1.0627805808895388	3.35329976903769	-4202.1394159043975	-0.0004766857549796183	0.07631526838779222	0.019650712620599625	0	22.21991195902638	-3.3719573647512306	7.627376740211462	18.99324654378419	28.96589938111877	40.625085738545685	60.86378129620749	1.2834572236890887	1.016674058671023	41.21216509029923	1.0373150852730064	278.0246157533021	1.150546197818742	2.332690639744822	1.150546197818742	6.280976855398223	1.150546197818742	0.047689562821598586	1.321092053982206	NaN	NaN	800000009	800000009	800000009	800100019	800100019	800101119	899999999	899999999	89999	89999	89	89	41	4	5	52	10	12	19	NaN	0	0	0	0	0	0	0	0	0	NaN	NaN	NaN	NaN	0	0	0	0	0	0	300	0	0	18000	0	15	18000	18000	18000	18000	93	NaN	2.009271125053473	4.008378019317625	0.6889503937042811	0.04455381584626506	0.07344401936615513	0.24622178746836187	2.366879263638703e-7	NaN	0.035257263305959075	0.058911906307917816	0.15862554327731093	0.00004768956282159859	NaN	16.660613431951205	459.49279713254367	93.16701665920681	93.26300678592258	93.0710261923472	0.19198217037113044	0.000280174891829827	40.33599546867194	109
