DATAH	filename	date	time	DOY	daytime	file_records	used_records	Tau	qc_Tau	rand_err_Tau	H	qc_H	rand_err_H	LE	qc_LE	rand_err_LE	co2_flux	qc_co2_flux	rand_err_co2_flux	h2o_flux	qc_h2o_flux	rand_err_h2o_flux	ch4_flux	qc_ch4_flux	rand_err_ch4_flux	none_flux	qc_none_flux	rand_err_none_flux	H_strg	LE_strg	co2_strg	h2o_strg	ch4_strg	none_strg	co2_v-adv	h2o_v-adv	ch4_v-adv	none_v-adv	co2_molar_density	co2_mole_fraction	co2_mixing_ratio	co2_time_lag	co2_def_timelag	h2o_molar_density	h2o_mole_fraction	h2o_mixing_ratio	h2o_time_lag	h2o_def_timelag	ch4_molar_density	ch4_mole_fraction	ch4_mixing_ratio	ch4_time_lag	ch4_def_timelag	none_molar_density	none_mole_fraction	none_mixing_ratio	none_time_lag	none_def_timelag	sonic_temperature	air_temperature	air_pressure	air_density	air_heat_capacity	air_molar_volume	ET	water_vapor_density	e	es	specific_humidity	RH	VPD	Tdew	u_unrot	v_unrot	w_unrot	u_rot	v_rot	w_rot	wind_speed	max_wind_speed	wind_dir	yaw	pitch	roll	u*	TKE	L	(z-d)/L	bowen_ratio	T*	model	x_peak	x_offset	x_10%	x_30%	x_50%	x_70%	x_90%	un_Tau	Tau_scf	un_H	H_scf	un_LE	LE_scf	un_co2_flux	co2_scf	un_h2o_flux	h2o_scf	un_ch4_flux	ch4_scf	un_none_flux	un_none_scf	spikes_hf	amplitude_resolution_hf	drop_out_hf	absolute_limits_hf	skewness_kurtosis_hf	skewness_kurtosis_sf	discontinuities_hf	discontinuities_sf	timelag_hf	timelag_sf	attack_angle_hf	non_steady_wind_hf	u_spikes	v_spikes	w_spikes	ts_spikes	co2_spikes	h2o_spikes	ch4_spikes	none_spikes	head_detect_LI-7200	t_out_LI-7200	t_in_LI-7200	aux_in_LI-7200	delta_p_LI-7200	chopper_LI-7200	detector_LI-7200	pll_LI-7200	sync_LI-7200	chopper_LI-7500	detector_LI-7500	pll_LI-7500	sync_LI-7500	not_ready_LI-7700	no_signal_LI-7700	re_unlocked_LI-7700	bad_temp_LI-7700	laser_temp_unregulated_LI-7700	block_temp_unregulated_LI-7700	motor_spinning_LI-7700	pump_on_LI-7700	top_heater_on_LI-7700	bottom_heater_on_LI-7700	calibrating_LI-7700	motor_failure_LI-7700	bad_aux_tc1_LI-7700	bad_aux_tc2_LI-7700	bad_aux_tc3_LI-7700	box_connected_LI-7700	mean_value_RSSI_LI-7200	mean_value_LI-7500	u_var	v_var	w_var	ts_var	co2_var	h2o_var	ch4_var	none_var	w/ts_cov	w/co2_cov	w/h2o_cov	w/ch4_cov	w/none_cov	co2_mean	h2o_mean	avg_signal_strength_7200_mean	co2_signal_strength_7200_mean	h2o_signal_strength_7200_mean	delta_signal_strength_7200_mean	flowrate_mean	rssi_77_mean	CHK
DATAU		[yyyy-mm-dd]	[HH:MM]	[ddd.ddd]	[1=daytime]	[#]	[#]	[kg+1m-1s-2]	[#]	[kg+1m-1s-2]	[W+1m-2]	[#]	[W+1m-2]	[W+1m-2]	[#]	[W+1m-2]	[µmol+1s-1m-2]	[#]	[µmol+1s-1m-2]	[mmol+1s-1m-2]	[#]	[mmol+1s-1m-2]	[µmol+1s-1m-2]	[#]	[µmol+1s-1m-2]	[µmol+1s-1m-2]	[#]	[µmol+1s-1m-2]	[W+1m-2]	[W+1m-2]	[µmol+1s-1m-2]	[mmol+1s-1m-2]	[µmol+1s-1m-2]	[µmol+1s-1m-2]	[µmol+1s-1m-2]	[mmol+1s-1m-2]	[µmol+1s-1m-2]	[µmol+1s-1m-2]	[mmol+1m-3]	[µmol+1mol_a-1]	[µmol+1mol_d-1]	[s]	[1=default]	[mmol+1m-3]	[mmol+1mol_a-1]	[mmol+1mol_d-1]	[s]	[1=default]	[mmol+1m-3]	[µmol+1mol_a-1]	[µmol+1mol_d-1]	[s]	[1=default]	[mmol+1m-3]	[µmol+1mol_a-1]	[µmol+1mol_d-1]	[s]	[1=default]	[K]	[K]	[Pa]	[kg+1m-3]	[J+1kg-1K-1]	[m+3mol-1]	[mm]	[kg+1m-3]	[Pa]	[Pa]	[kg+1kg-1]	[%]	[Pa]	[K]	[m+1s-1]	[m+1s-1]	[m+1s-1]	[m+1s-1]	[m+1s-1]	[m+1s-1]	[m+1s-1]	[m+1s-1]	[deg_from_north]	[deg]	[deg]	[deg]	[m+1s-1]	[m+2s-2]	[m]	[#]	[#]	[K]	[0=KJ/1=KM/2=HS]	[m]	[m]	[m]	[m]	[m]	[m]	[m]	[kg+1m-1s-2]	[#]	[W+1m-2]	[#]	[W+1m-2]	[#]	[µmol+1s-1m-2]	[#]	[mmol+1s-1m-2]	[#]	[µmol+1s-1m-2]	[#]	[µmol+1s-1m-2]	[#]	8u/v/w/ts/co2/h2o/ch4/none	8u/v/w/ts/co2/h2o/ch4/none	8u/v/w/ts/co2/h2o/ch4/none	8u/v/w/ts/co2/h2o/ch4/none	8u/v/w/ts/co2/h2o/ch4/none	8u/v/w/ts/co2/h2o/ch4/none	8u/v/w/ts/co2/h2o/ch4/none	8u/v/w/ts/co2/h2o/ch4/none	8co2/h2o/ch4/none	8co2/h2o/ch4/none	8aa	8U	[#]	[#]	[#]	[#]	[#]	[#]	[#]	[#]	[#_flagged_recs]	[#_flagged_recs]	[#_flagged_recs]	[#_flagged_recs]	[#_flagged_recs]	[#_flagged_recs]	[#_flagged_recs]	[#_flagged_recs]	[#_flagged_recs]	[#_flagged_recs]	[#_flagged_recs]	[#_flagged_recs]	[#_flagged_recs]	[#_flagged_recs]	[#_flagged_recs]	[#_flagged_recs]	[#_flagged_recs]	[#_flagged_recs]	[#_flagged_recs]	[#_flagged_recs]	[#_flagged_recs]	[#_flagged_recs]	[#_flagged_recs]	[#_flagged_recs]	[#_flagged_recs]	[#_flagged_recs]	[#_flagged_recs]	[#_flagged_recs]	[#_flagged_recs]	[#]	[#]	[m+2s-2]	[m+2s-2]	[m+2s-2]	[K+2]	--	--	--	--	[m+1s-1K+1]	--	--	--	--	--	--	--	--	--	--	--	--	241
DATA	2026-09-04T233000_AIU-1657.ghg	2026-09-05	00:00:00	248	0	18000	18000	0.07953249736388639	1	NaN	31.621625200498297	1	NaN	101.41817616639904	1	NaN	-2.9043028621924165	1	NaN	2.301877240190956	1	NaN	0.12504725863614408	1	NaN	NaN	NaN	NaN	NaN	NaN	NaN	NaN	NaN	NaN	-3.5775873492930797e-10	-1.6899256160485425e-11	-1.6497503141264304e-12	NaN	17.511668485616912	447.3506153515011	457.0077649967508	0.1	1	827.1892273836886	21.13125943345482	21.587428996072102	0.5	0	0.08075241151200115	1.985981991419949	2.028854236647205	0.3	0	NaN	NaN	NaN	NaN	9	303.78225523969866	296.41355001194296	97348.80548821614	1.1350266216845022	1017.2906541262377	0.025314971688046053	0.14916164516437394	0.015041901140856729	2057.6546603755523	2846.073049837217	0.013252465495948388	72.29802694253549	788.4183894616644	291.11389220782456	-0.29814314192729807	-1.3353712592573326	0.47746093694988734	1.4491634412455057	-1.1443675845755088e-15	-2.0429734335317655e-14	1.4491634412455057	3.90715870892373	263.58579066708126	257.4142093329187	19.23682161838804	NaN	0.2647093526300241	0.643295249729912	-50.29877438352235	-0.039824031987869	0.3117944573230739	0.10345793324760705	0	22.66512722213073	-3.439520498578794	7.780204732889883	19.373809854421502	29.546282441942747	41.43908123362577	62.083294877237186	0.07858453305171345	1.012062988419733	37.13114865872088	1.022170503926845	92.21700779009949	1.099777346899423	-2.6408098606326553	1.099777346899423	2.09303932898835	1.099777346899423	0.08562615147360349	1.3051777589755424	NaN	NaN	800000009	800000009	800000009	800000019	800000019	800000019	899999999	899999999	89999	89999	89	89	8	0	0	13	10	1	1	NaN	0	0	0	0	0	0	0	0	0	NaN	NaN	NaN	NaN	0	0	0	0	0	0	301	0	0	3004	0	16	18000	18000	18000	18000	93	NaN	1.1818776442173957	0.06404046129404911	0.04067239394837927	0.17898631472639484	36.35427603099446	0.39822510610571654	0.0000047633559523618045	NaN	0.03215787049360906	-0.06829558571078484	0.05412935971646297	0.00008562615147360349	NaN	17.512948202354345	827.2226684095438	95.0708634338379	95.47127382236057	94.67045396847195	0.8008207372642259	0.00028428715674736946	53.31537942616134	179
DATA	2026-09-05T000000_AIU-1657.ghg	2026-09-05	00:30:00	248.02	0	18000	18000	0.12840830796133662	1	NaN	8.753845500843614	0	NaN	10.536436861087623	1	NaN	12.061895878011663	0	NaN	0.2389846537734536	1	NaN	-0.005751357923523889	2	NaN	NaN	NaN	NaN	NaN	NaN	NaN	NaN	NaN	NaN	7.792536253424471e-10	3.6249825823209254e-11	3.5060498202016164e-12	NaN	17.878108794200436	455.70435005753365	465.5739358444213	0	0	831.6654664947501	21.19875067530796	21.65787047159338	0.1	1	0.08043791916387383	1.9721614916314663	2.014874309766285	0.2	0	NaN	NaN	NaN	NaN	9	303.17579247623024	295.72415921529137	97349.1271655816	1.1376470819589255	1017.3145815605602	0.02525601134085159	0.015486205564519793	0.015125171134854542	2064.2334355227003	2729.731606730732	0.013295134646511258	75.62038078882536	665.4981712080316	291.1646486853819	-0.5164458356417236	-2.2324554338054123	0.604150471098115	2.369719678950804	2.0625521112540403e-14	4.358702781779876e-14	2.369719678950804	4.015162969449331	264.0254086050138	256.9745913949862	14.770383367257338	NaN	0.3359640307166364	0.32188762324745857	-371.4610400156503	-0.005392490151633683	0.8308164910257906	0.0225135130112486	0	17.850660193538626	-2.7089065526572704	6.127553997904367	15.258475850416893	23.270138423862516	32.6367000098558	48.89572380016117	0.1268331572835585	1.012419076458505	9.201199612414424	1.0260937573720665	9.450405036781063	1.1149190770215367	10.818629016766447	1.1149190770215367	0.2143515692743297	1.1149190770215367	-0.007204302463696464	1.307578905123945	NaN	NaN	800000009	800000009	800000009	800000009	800000019	800101019	899999999	899999999	89999	89999	89	89	11	0	0	36	12	0	9	NaN	0	0	0	0	0	0	0	0	0	NaN	NaN	NaN	NaN	0	0	0	0	0	0	0	0	0	14997	0	0	18000	18000	18000	18000	93	NaN	0.2964005090151194	0.22835844274028644	0.11901629473951122	0.16796400891697005	36.873001602648316	0.1747693639140426	7.33615813559498e-8	NaN	0.007950265382844279	0.2791547361604883	0.005530946266262372	-0.000007204302463696464	NaN	17.879593120110584	831.7141593756356	95.06577179167006	95.4377598874834	94.6937854171329	0.7439758819142919	0.0002834326579047936	40.85945956378064	192
DATA	2026-09-05T003000_AIU-1657.ghg	2026-09-05	01:00:00	248.041	0	18000	18000	0.044941140144363186	0	NaN	14.618932107993476	0	NaN	72.08357116141244	0	NaN	11.15013395972639	0	NaN	1.6351631263598285	0	NaN	0.041001786303637815	0	NaN	NaN	NaN	NaN	NaN	NaN	NaN	NaN	NaN	NaN	-3.8418541112756936e-10	-1.8543633465907084e-11	-1.7407706534872806e-12	NaN	17.79094286968693	453.6158303102001	463.7700096235068	0.1	0	858.7226740861871	21.8948597421164	22.38497564417633	0.1	1	0.08061199188830252	1.9780623085312707	2.0223411851304065	-0.2	0	NaN	NaN	NaN	NaN	9	303.42662845187715	295.839548052445	97330.37746218007	1.1366826325803356	1017.7136696572142	0.025270733214445465	0.10595857058811688	0.015612739684477668	2131.606590751694	2748.91009716893	0.013735355179163635	77.54369969927393	617.3035064172359	291.6764366319832	-0.2044875695141089	-1.9343600964987293	0.41795444490575323	1.9895351384252518	1.1863084285017739e-14	-2.1594437908187715e-14	1.9895351384252518	4.4053086708107605	257.03451278314776	263.96548721685224	12.126831441025496	NaN	0.19883939399089562	0.29534871753942243	-46.11272606787226	-0.04343920151351892	0.20280532543619648	0.06355480433581065	1	16.751773945299234	7	14	25	41	74	213	0.04440786200725381	1.0120086424566503	18.590527125045515	1.02423138273957	65.04248876537235	1.108253582076777	10.060995191039172	1.108253582076777	1.4754413184892812	1.108253582076777	0.02505541727448436	1.3060318386901109	NaN	NaN	800000009	800000009	800000009	800000019	800000019	800000019	899999999	899999999	89999	89999	89	89	14	7	0	37	9	9	9	NaN	0	0	0	0	0	0	0	0	0	NaN	NaN	NaN	NaN	0	0	0	0	0	0	301	0	0	3004	0	21	18000	18000	18000	18000	93	NaN	0.34094466727715034	0.12831843795504505	0.12143432984664944	0.05349092905803691	18.348523415412267	0.07545941738726279	2.839541781537353e-7	NaN	0.016070406850271987	0.259941637697048	0.038120347477711286	0.000025055417274484358	NaN	17.792257180333923	858.782577405288	95.0046007724338	95.37122930251228	94.63797040642632	0.7332587893820467	0.00028270387870886926	52.59270873226566	191
DATA	2026-09-05T010000_AIU-1657.ghg	2026-09-05	01:30:00	248.062	0	18000	18000	0.05203882434414744	0	NaN	13.432349599449342	0	NaN	42.13976192097409	0	NaN	3.543305501443578	0	NaN	0.9553904848244196	0	NaN	0.03966108363077027	0	NaN	NaN	NaN	NaN	NaN	NaN	NaN	NaN	NaN	NaN	-2.3793506560183945e-10	-1.1050186612853606e-11	-1.0569848040706747e-12	NaN	18.043201986788773	459.44540507252697	469.4625987938774	0	0	837.9628641247468	21.337575660097624	21.802794435976836	0.1	1	0.08015376072700275	1.96142099213311	2.004185450826998	0.2	0	NaN	NaN	NaN	NaN	9	302.84536253526477	295.2785800306532	97304.25181119793	1.1387783246321577	1017.3844490124866	0.02522958728605456	0.06190930341662239	0.015240166857406758	2076.793763622861	2656.76579252672	0.013382909147247388	78.16999787729593	579.9720289038587	291.26116115490225	-0.6026189761290431	-1.8653345339381564	0.6690936953320336	2.071306092065038	-7.102056137425556e-14	-1.318696458511385e-14	2.071306092065038	3.5229644952120007	268.90368082068767	252.09631917931227	18.846256668162233	NaN	0.2137687127745355	0.21880125691419733	-62.34162333878025	-0.032131020860888475	0.3187571307270177	0.054235488614387595	0	17.79685323613804	-2.700741139283161	6.109083810619396	15.212482472514912	23.199995620554223	32.53832373087864	48.74833820774826	0.05141801947331042	1.012073683062788	15.654516554596588	1.024610304906015	37.975698899351514	1.1096507277630032	3.1931718808373994	1.1096507277630032	0.8609830651401779	1.1096507277630032	0.02589384361474738	1.3063118707460077	NaN	NaN	800000009	800000009	800000009	800000009	800000019	800000019	899999999	899999999	89999	89999	89	89	9	0	1	25	11	3	13	NaN	0	0	0	0	0	0	0	0	0	NaN	NaN	NaN	NaN	0	0	0	0	0	0	0	0	0	14997	0	0	18000	18000	18000	18000	93	NaN	0.2769511494352028	0.11210163616410863	0.04854972822908323	0.06892062976703543	8.793093265195695	0.13098712710575766	1.6049978086496173e-7	NaN	0.01351186734788426	0.08231937575690047	0.022195982898676695	0.000025893843614747382	NaN	18.04456302552753	838.0166943851764	95.03947726927863	95.39390337626139	94.68505189832051	0.7088563973489774	0.00028278743443176297	42.723561212715914	152
DATA	2026-09-05T013000_AIU-1657.ghg	2026-09-05	02:00:00	248.083	0	18000	18000	0.20451603343635197	1	NaN	-11.705901882393382	2	NaN	7.1386547766903385	2	NaN	34.15980240711917	1	NaN	0.16182254254518028	2	NaN	0.07571131652452008	1	NaN	NaN	NaN	NaN	NaN	NaN	NaN	NaN	NaN	NaN	-1.5321343347348693e-9	-7.14276275971577e-11	-6.830059294422203e-12	NaN	18.10366568827344	460.9703258927954	471.0942803156155	0.1	0	843.9872807557726	21.490293654249808	21.96226927017968	0.1	1	0.08070383078955111	1.973681369745054	2.017027891440932	0.1	0	NaN	NaN	NaN	NaN	9	302.73885838317864	295.12115531217086	97247.08019211891	1.138650031787712	1017.468204962882	0.02523096097505492	0.010486100756927682	0.01534840859480625	2090.4288953981913	2631.397299307665	0.013479478475672482	79.44178159444773	540.9684039094736	291.3653544599952	-0.390273410590633	-2.5319389127970733	0.587236573040949	2.6282836197539443	1.008506354490446e-13	-8.463116592609759e-14	2.6282836197539443	4.900010306641252	259.76261606587946	261.2373839341205	12.91055497835351	NaN	0.42380741333743416	0.44755834558857444	557.2199494066118	0.0035948102757862813	-1.6397910038480017	-0.023841041350600833	0	18.23031800321469	-2.766521090004817	6.257878238257016	15.58300163588119	23.76506072304226	33.33083557159159	49.93566535970161	0.2019461787023632	1.0127254437320963	-11.052464504879078	1.028653340225777	6.2855457614800265	1.135725527676285	30.07751571544821	1.135725527676285	0.14248384719877885	1.135725527676285	0.05851181998048005	1.3908254915580762	NaN	NaN	800000009	800000009	800000009	800000019	800000019	800000019	899999999	899999999	89999	89999	89	89	8	12	0	22	18	0	12	NaN	0	0	0	0	0	0	0	0	0	NaN	NaN	NaN	NaN	0	0	0	0	0	0	301	0	0	18000	0	16	18000	18000	18000	18000	93	NaN	0.35025614758784973	0.36517710342214293	0.1796834401671562	0.11116288730335967	19.88587358225955	0.15146945560242953	1.102516633710439e-7	NaN	-0.009539992196597423	0.7755560226416109	0.003673980486606596	0.00005851181998048005	NaN	18.1050242521498	844.0396691451668	95.01680525228713	95.35900034628975	94.6746065021091	0.6843941369917653	0.00028302936971562705	43.88015493045029	181
DATA	2026-09-05T020000_AIU-1657.ghg	2026-09-05	02:30:00	248.104	0	18000	18000	0.13549545296622784	1	NaN	40.61714165457832	0	NaN	77.98490435887547	1	NaN	-5.603203375821832	2	NaN	1.7679256430659729	1	NaN	0.22820880924838213	0	NaN	NaN	NaN	NaN	NaN	NaN	NaN	NaN	NaN	NaN	2.1362770633294288e-10	1.0078511735215573e-11	9.60992126367744e-13	NaN	18.08274394989822	460.5696263567497	470.7994962783714	0.1	1	853.1063232964357	21.72871891853733	22.211342946218956	0.1	1	0.08134419854648056	1.9902570567159936	2.034463338753845	0.2	0	NaN	NaN	NaN	NaN	9	302.9362123718262	295.194434144132	97204.85125285151	1.1377696191326534	1017.6055636772144	0.02524818971318901	0.11456158167067504	0.01550810280137799	2112.7034487534825	2643.179490916213	0.013630266216108104	79.93038142185152	530.4760421627307	291.5342908614491	-0.6841237946146477	-1.5368404640887827	0.6299201478641766	1.7963026947325496	-2.2362981686102828e-14	1.1813898760323115e-14	1.7963026947325496	3.9619944991810083	274.9962144265262	246.00378557347378	20.52866459498351	NaN	0.3450922404310624	0.3452731021495633	-86.67754060758605	-0.023109792755525965	0.5208333842106672	0.10165771829116214	0	18.31104675469311	-2.7787719894951834	6.285589806260895	15.652007358443408	23.87029880394911	33.47843347640886	50.15679391697756	0.13389953749019745	1.0119187527152378	44.53065934583606	1.0233951368170895	70.57118717270023	1.1050530320261236	-5.070528937012474	1.1050530320261236	1.599855927117332	1.1050530320261236	0.1663115796607353	1.3055099222514233	NaN	NaN	800000009	800000009	800000009	800000019	800000019	800010019	899999999	899999999	89999	89999	89	89	4	6	0	27	4	0	7	NaN	0	0	0	0	0	0	0	0	0	NaN	NaN	NaN	NaN	0	0	0	0	0	0	301	0	0	18000	0	16	18000	18000	18000	18000	93	NaN	0.2791494921912556	0.2935699276606028	0.11782678444726818	0.06113826257348549	4.141723956318766	0.1669383671047472	0.000002286734886904	NaN	0.03846142047854602	-0.13086598960428084	0.04129090509635105	0.00016631157966073528	NaN	18.084086926541495	853.1639299785322	94.98333593410916	95.3177784245809	94.64889724222819	0.6688883030431124	0.000283678228628964	44.536578199333626	107
DATA	2026-09-05T023000_AIU-1657.ghg	2026-09-05	03:00:00	248.124	0	18000	18000	0.08905708014035647	1	NaN	43.67893888822292	0	NaN	112.27673701270774	0	NaN	2.2185872172798016	0	NaN	2.545055303441486	0	NaN	0.2338042081973013	0	NaN	NaN	NaN	NaN	NaN	NaN	NaN	NaN	NaN	NaN	1.950669360764786e-10	9.164241273430285e-12	8.699325064905261e-13	NaN	18.16708743343714	462.7373977915923	473.02057896394774	0.1	1	853.4894525141236	21.73939492205301	22.22249859516814	0.1	1	0.08101906055676336	1.9813570053077307	2.025387708574708	0.3	0	NaN	NaN	NaN	NaN	9	302.82938577948676	295.08500454734155	97186.15485338154	1.137967998742	1017.6094408530813	0.025243685497258205	0.16491958366300827	0.01551849088161183	2113.3349290179726	2625.6016978820926	0.013637018702430297	80.48954762341397	512.26676886412	291.5390573718373	-0.24164653602919728	-1.4011119893584971	0.4382695679592871	1.4878131836014097	1.0261703872440877e-14	1.073738081523466e-14	1.4878131836014097	3.1251499327042094	260.7854054373254	260.2145945626747	17.131933349632206	NaN	0.27974942426803073	0.1819985804298728	-42.93249416690318	-0.046656967848474014	0.3890292864788121	0.1348316040328296	0	16.71732508970426	-2.536918578215591	5.738516731429519	14.289718049596399	21.792721652666877	30.564601981354333	45.79134336776849	0.08799915689990676	1.0120219701837943	49.62248815771458	1.02228460776074	102.03948046501478	1.1003264275850848	2.0162991287494503	1.1003264275850848	2.3130002512319776	1.1003264275850848	0.16837352981198367	1.3051674957167734	NaN	NaN	800000009	800000009	800000009	800000019	800000019	800001019	899999999	899999999	89999	89999	89	89	6	19	0	19	7	0	4	NaN	0	0	0	0	0	0	0	0	0	NaN	NaN	NaN	NaN	0	0	0	0	0	0	301	0	0	18000	0	16	18000	18000	18000	18000	93	NaN	0.14910961089325178	0.11766253932052802	0.09722501064596577	0.06261143646512063	5.983001801907921	0.1184463019933465	0.0000018602601666785904	NaN	0.04285163134723518	0.052030230203972606	0.05968654839824648	0.00016837352981198365	NaN	18.16843158352726	853.5478652249611	94.98808062913683	95.32400890986125	94.65214571677313	0.671859971155723	0.0002830741451826825	32.92075648201832	096
DATA	2026-09-05T030000_AIU-1657.ghg	2026-09-05	03:30:00	248.145	0	18000	18000	0.07571246104590346	0	NaN	23.13989365588733	0	NaN	97.53045959914951	0	NaN	12.616915422329084	0	NaN	2.210821023129504	0	NaN	0.2018810159014345	0	NaN	NaN	NaN	NaN	NaN	NaN	NaN	NaN	NaN	NaN	1.8680025910696747e-10	8.665286410402751e-12	8.344333304780216e-13	NaN	18.24046347471186	464.6022958622739	474.83594171589846	0.1	0	846.1382281935656	21.551961329303733	22.026679473530223	0.1	1	0.08147981571027069	1.9926640606678006	2.036555833230554	0.3	0	NaN	NaN	NaN	NaN	9	302.67730628628203	295.09897518734505	97133.69441070117	1.1373811595982812	1017.5025945694731	0.02525851502501166	0.14326120229879183	0.01537566042278	2093.983163902246	2627.84011248267	0.013518476451826075	79.68457266313439	533.8569485804242	291.39241655968334	-0.42711323797126144	-1.8982898745249257	0.62698995148415	2.044271646586106	-1.7910713577900056e-14	1.024098205431802e-14	2.044271646586106	3.5486610059991324	263.6803265003755	257.3196734996245	17.86081782426233	NaN	0.25800651143959796	0.2524051503561501	-63.547612725558785	-0.03152124704748122	0.23725812172927685	0.07749775767610804	0	15.94012988226287	-2.4189762070480594	5.4717307667158215	13.625383275687211	20.779569205449825	29.143641268453436	43.66248528689938	0.07481095306393923	1.0120504811801252	28.42428162686155	1.0244835523521993	87.92962842357714	1.1091876691360842	11.374914970120479	1.1091876691360842	1.9931893264297207	1.1091876691360842	0.14884925287310635	1.3062152882813711	NaN	NaN	800000009	800000009	800000009	800000019	800000019	800000019	899999999	899999999	89999	89999	89	89	12	14	0	32	1	1	9	NaN	0	0	0	0	0	0	0	0	0	NaN	NaN	NaN	NaN	0	0	0	0	0	0	301	151	17997	3004	0	16	18000	18000	18000	18000	93	NaN	0.2811521690949587	0.13050697316991824	0.09315115844742322	0.07266859621744941	19.022751790939513	0.12119590764142042	0.000001945743366541364	NaN	0.02456110728488227	0.2936437571595737	0.051454239797010456	0.00014884925287310635	NaN	18.241773706494758	846.1948949420807	94.99397498003641	95.32263673655191	94.66531121953328	0.6573260522054318	0.0002832398025364253	49.5137558315298	198
DATA	2026-09-05T033000_AIU-1657.ghg	2026-09-05	04:00:00	248.166	0	18000	18000	0.16499701958242047	1	NaN	-8.532912979784918	2	NaN	-16.48082726953803	2	NaN	5.436067292123732	0	NaN	-0.37350319642680574	2	NaN	0.046092192329653434	1	NaN	NaN	NaN	NaN	NaN	NaN	NaN	NaN	NaN	NaN	-8.919871116026287e-11	-4.120105586463658e-12	-3.966599095665375e-13	NaN	18.35501537667945	467.12459534795903	477.4258089811537	0	0	847.8216827282293	21.57657470419924	22.052389738804674	0.1	1	0.08162336254304035	1.9941361224895788	2.0381115894549477	0.2	0	NaN	NaN	NaN	NaN	9	302.3917866405911	294.8658584636971	97104.2154487012	1.1379242239895055	1017.5119521483202	0.02524622371891032	-0.02420300712845701	0.015400714465674712	2095.738367600521	2590.7069424348497	0.01353404219806533	80.89445908655583	494.9685748343286	291.40576577375265	-0.3798645420353584	-2.2547715431948476	0.5635356363321421	2.3549658587150217	-1.75355912832877e-13	-4.859636961873226e-15	2.3549658587150217	4.345614376247974	260.5629021603579	260.4370978396421	13.84503670413297	NaN	0.38078635565973074	0.293235060540567	553.8870538392042	0.0036164412692366492	0.5177478557497255	-0.019353658619049724	0	17.02045071288086	-2.5829190609987784	5.842569948734913	14.548825273124013	22.18787651722994	31.11881229748013	46.62165141166703	0.16301341838266595	1.0121683308002174	-9.30686726615892	1.02708811644585	-14.586465211592433	1.129871221743296	4.811227321761801	1.129871221743296	-0.33057147508414436	1.129871221743296	0.03708337405417497	1.389046801803896	NaN	NaN	800000009	800000009	800000009	800000019	800000019	800100019	899999999	899999999	89999	89999	89	89	19	12	0	42	11	10	20	NaN	0	0	0	0	0	0	0	0	0	NaN	NaN	NaN	NaN	0	0	0	0	0	0	301	0	18000	14997	0	16	18000	18000	18000	18000	93	NaN	0.16014366185910298	0.25410324813404445	0.1722232110879867	0.08150700263752916	16.733513483803474	0.0918281625398129	3.0945258254144506e-7	NaN	-0.008038049160731543	0.12414465628878156	-0.008529774090609557	0.000037083374054174974	NaN	18.35632019350264	847.8773066450054	94.96459682273864	95.27526133177017	94.65394013002184	0.6213295894828096	0.00028336050553156786	42.81270841133631	127
DATA	2026-09-05T040000_AIU-1657.ghg	2026-09-05	04:30:00	248.187	0	18000	18000	0.07539787119851606	1	NaN	16.620762581372126	1	NaN	78.8076977764704	0	NaN	10.41960617053912	1	NaN	1.7852887098327779	0	NaN	0.17935348619482808	0	NaN	NaN	NaN	NaN	NaN	NaN	NaN	NaN	NaN	NaN	-5.117718988049875e-10	-2.3721829961931704e-11	-2.272526790724014e-12	NaN	18.505506752216842	470.5932985134768	481.08730648525466	0.1	1	857.7737182532242	21.813105085738776	22.299527011809648	0.1	1	0.08217383558678322	2.00404841106346	2.048737742738944	0	0	NaN	NaN	NaN	NaN	9	302.1905682864719	294.4482635785997	97068.61157343813	1.1390175215888383	1017.6388524341792	0.025219716484152957	0.115686708397164	0.015585907186024253	2117.935786282981	2525.3338119856567	0.013683641287873395	83.86755747817986	407.39802570267557	291.57374769778573	-0.7630316077053151	-1.8299228529913698	0.715261171408026	2.107708097811768	5.825398706745715e-14	-2.7655113997009594e-14	2.107708097811768	3.826550089272754	273.63490351490873	247.36509648509133	19.83757888362628	NaN	0.2572849244531197	0.19109243008443316	-87.69356966737882	-0.02284203970254314	0.21090278044303667	0.05573301295069962	0	15.434085105495173	-2.342181959840318	5.29802197043702	13.192823811677336	20.119888729972544	28.218430021818428	42.27635024387706	0.07449593859129931	1.0121071379765405	20.909100922919258	1.0247831893120587	70.97979827365619	1.1102834847830148	9.384635828006978	1.1102834847830148	1.6079575480506052	1.1102834847830148	0.13371469278366896	1.3064472524062998	NaN	NaN	800000009	800000009	800000009	800000019	800000019	800100019	899999999	899999999	89999	89999	89	89	3	4	0	36	4	0	7	NaN	0	0	0	0	0	0	0	0	0	NaN	NaN	NaN	NaN	0	0	0	0	0	0	301	0	18000	3004	0	16	18000	18000	18000	18000	93	NaN	0.11195683559803764	0.1698166253642891	0.10041139920653958	0.09340557049346358	9.989139292153514	0.09355310638806029	0.0000022391646136292806	NaN	0.018038950813717224	0.24195710640110832	0.041456777084633	0.00013371469278366895	NaN	18.506909005495427	857.8334104227579	94.88197794384426	95.1655698445638	94.59838626522487	0.5671860620677466	0.0002827363120822054	51.31816068055899	124
DATA	2026-09-05T043000_AIU-1657.ghg	2026-09-05	05:00:00	248.208	0	18000	18000	0.10769619784952397	1	NaN	21.008461576442432	0	NaN	68.32674281689593	1	NaN	3.86795190686733	1	NaN	1.548051335841962	1	NaN	0.1513526478052238	1	NaN	NaN	NaN	NaN	NaN	NaN	NaN	NaN	NaN	NaN	-6.081742851691223e-11	-2.8283207318868463e-12	-2.671331496204082e-13	NaN	18.56595862147592	472.2190094810125	482.8220685755415	0	0	863.4118040994034	21.960593321284808	22.453689668660598	0.1	1	0.08154871265064857	1.9901251905060338	2.0348108439354404	0.1	0	NaN	NaN	NaN	NaN	9	302.2167118479411	294.57873147243924	97049.39876432292	1.13822369869994	1017.7255611492011	0.02523588610177153	0.10031372656255914	0.015681236507171858	2131.8340669102186	2545.6014447994025	0.013776937279625001	83.74579104932157	413.767377889184	291.67814043997345	-0.3252044471102193	-1.630593683674784	0.5149410176137192	1.7406199887630418	-1.878842770407384e-14	-3.2757494378212436e-15	1.7406199887630418	3.178999412495024	262.279038475688	258.720961524312	17.20777644399567	NaN	0.3076000301321886	0.22020344644828077	-118.5473212941261	-0.016897049871166102	0.3074705556028266	0.058958926974625105	0	16.87464695638497	-2.560792778436035	5.792520237332685	14.424194415034078	21.99780659490816	30.852236528882575	46.22227233384282	0.10642839434320091	1.0119122675311136	24.66904865053898	1.0231719542053916	61.88131756501471	1.1041578541877268	3.5030787420452545	1.1041578541877268	1.4020199466685723	1.1041578541877268	0.11114818919660462	1.3053986241854498	NaN	NaN	800000009	800000009	800000009	800000009	800000019	800000019	899999999	899999999	89999	89999	89	89	13	6	0	40	4	0	6	NaN	0	0	0	0	0	0	0	0	0	NaN	NaN	NaN	NaN	0	0	0	0	0	0	0	0	18000	14997	0	0	18000	18000	18000	18000	93	NaN	0.14156218122672773	0.18401809330960636	0.11482661836022744	0.07512975644488545	4.592534359068925	0.07116296425572119	0.00000114312221009445	NaN	0.021295806664498308	0.09038882072566472	0.03617587240966291	0.00011114818919660462	NaN	18.567328415446816	863.4727390521805	94.85090645896062	95.12914035161334	94.57267792934843	0.556470310371782	0.0002829099889964306	35.38268623643148	228
DATA	2026-09-05T050000_AIU-1657.ghg	2026-09-05	05:30:00	248.229	0	18000	18000	0.04503291622079497	1	NaN	19.66077480738531	0	NaN	28.234931430957708	0	NaN	9.536540400046562	1	NaN	0.6395459530547336	0	NaN	0.07365996931256559	0	NaN	NaN	NaN	NaN	NaN	NaN	NaN	NaN	NaN	NaN	-6.820499430123539e-11	-3.151286614236409e-12	-3.002622824757914e-13	NaN	18.76864468342497	477.0120193618883	487.7620336795385	0	0	867.170789532126	22.03946509849309	22.53614978513703	0.1	1	0.08262615002550089	2.0141009113591197	2.05949099117989	0.1	0	NaN	NaN	NaN	NaN	9	302.02778894721143	294.3178321547406	97055.65045694672	1.13927180580542	1017.7657565080336	0.0252119113623371	0.041442577757946734	0.01575252118619064	2139.628399615713	2505.2130150404846	0.013826833163008218	85.40704470119226	365.5846154247715	291.7364242855093	-0.40412233427545097	-1.8364729555956545	0.5857722207545732	1.9695372228780719	-3.696377088586914e-14	-3.633986121622773e-15	1.9695372228780719	3.564172545440978	263.4103432806005	257.58965671939944	17.302478309383396	NaN	0.19881601329060838	0.19441205267217415	-34.20616564604644	-0.05855961819069068	0.6963280522023364	0.08528528075760654	1	16.53299847944027	7	14	24	40	70	195	0.04449915115979573	1.0119949492762794	20.975994270665296	1.0241407925770178	25.484763130062035	1.1079142186592095	8.607652324913404	1.1079142186592095	0.5772522297156796	1.1079142186592095	0.0519228640952871	1.3059698435349496	NaN	NaN	800000009	800000009	800000009	800000019	800000019	800000019	899999999	899999999	89999	89999	89	89	8	8	1	33	9	0	15	NaN	0	0	0	0	0	0	0	0	0	NaN	NaN	NaN	NaN	0	0	0	0	0	0	301	0	18000	3004	0	21	18000	18000	18000	18000	93	NaN	0.1945664746399302	0.12043682880997153	0.07382080189444654	0.11036837527637137	4.771234296413348	0.061448909492321	7.166116488996999e-7	NaN	0.018090366742595967	0.22190739972892712	0.014881704842234143	0.0000519228640952871	NaN	18.770058457056685	867.2307057965903	94.78820998424953	95.0503640768263	94.52605823389689	0.5243071785304283	0.000282799888947112	49.1579839445724	156
DATA	2026-09-05T053000_AIU-1657.ghg	2026-09-05	06:00:00	248.249	1	18000	18000	0.12618849190214337	1	NaN	34.54407466601432	0	NaN	67.75735094947159	1	NaN	1.9301957765955664	0	NaN	1.5342917041046753	1	NaN	0.08793423601662881	0	NaN	NaN	NaN	NaN	NaN	NaN	NaN	NaN	NaN	NaN	3.371355512535003e-10	1.545557422225111e-11	1.4719961630278998e-12	NaN	18.838907552262114	478.31437879804594	489.03787811311514	0.1	0	863.647078623219	21.927747920967377	22.419353860981957	0.1	1	0.08225415423992381	2.0020670656057415	2.0469521156029744	0.1	0	NaN	NaN	NaN	NaN	9	301.8345523902045	294.00001785982676	97051.33143711333	1.1405011884423755	1017.6959352736558	0.02518580747210512	0.09942210242598296	0.015688916257448164	2128.6879760397364	2456.771746672163	0.013756159499382106	86.64573658188498	328.0837706324264	291.65456190046467	-0.5064382221192814	-1.94764073353838	0.6263858852014192	2.1076392900448573	8.275351983793253e-14	1.789570601789052e-14	2.1076392900448573	3.6972862759390197	265.57563890779534	255.42436109220472	17.289377542225996	NaN	0.3326304504699293	0.22999403615127673	-91.16713239612126	-0.02197173419140276	0.5098203247611426	0.08947419045424775	0	18.998896847979925	-2.8831558948941014	6.521706484489086	16.23997127256928	24.766980871284904	34.736042825472545	52.040921888302755	0.12467899434464623	1.0121070719685505	37.87550632367487	1.0247828603454596	61.027349114313736	1.1102784560173424	1.7384789969890373	1.1102784560173424	1.3818981137473407	1.1102784560173424	0.05749991888248701	1.3064469821968874	NaN	NaN	800000009	800000009	800000009	800000019	800000019	800000019	899999999	899999999	89999	89999	89	89	0	5	0	15	4	0	3	NaN	0	0	0	0	0	0	0	0	0	NaN	NaN	NaN	NaN	0	0	0	0	0	0	301	0	18000	0	0	21	18000	18000	18000	18000	93	NaN	0.13456317158330944	0.22559523604887316	0.09982966467037087	0.08714006668378255	4.4152299725476025	0.06321850813278815	5.282190211761904e-7	NaN	0.0326320730974891	0.04476689787814122	0.035584721957105866	0.00005749991888248701	NaN	18.840317171065962	863.707924182908	94.71894096416898	94.95362816111246	94.48425289323595	0.4693733447293446	0.00028225190646480775	52.214024152331866	115
DATA	2026-09-05T060000_AIU-1657.ghg	2026-09-05	06:30:00	248.27	1	18000	18000	0.14220144806996463	1	NaN	46.99199635687236	0	NaN	68.85181269812188	0	NaN	-6.376427524254172	1	NaN	1.5591794062538102	0	NaN	0.17468292697686166	0	NaN	NaN	NaN	NaN	NaN	NaN	NaN	NaN	NaN	NaN	2.0505847213180051e-10	9.363245685061396e-12	8.936650390772316e-13	NaN	18.857579087236342	478.76866187732185	489.4690530918774	0.2	0	861.0624286022244	21.861221147615552	22.34981540478801	0.1	1	0.08218318890557844	2.00091042546731	2.0456304041180204	0	0	NaN	NaN	NaN	NaN	9	301.8251346801475	294.0695241019413	97052.04159527477	1.1402688865689146	1017.6591794555977	0.025191577458815412	0.1010348255252469	0.015637734972085926	2122.245261307763	2467.29532046121	0.013714076702680274	86.01504828822247	345.0500591534469	291.6061811189895	-0.4057602724068299	-2.111358272297581	0.5302503182950811	2.214416526472644	4.452482763142687e-15	1.0874061361916457e-14	2.214416526472644	4.641147692566046	261.8784569135868	259.1215430864132	13.85430188465878	NaN	0.35314118688387786	0.3800154606640244	-80.19451542087688	-0.024978017380457126	0.6825092109470954	0.1146742463337377	0	15.558379695791693	-2.3610441434494134	5.340688281118627	13.299068958008865	20.281919281794053	28.445680174606828	42.61681238315372	0.14048472739369408	1.012219980834355	50.14042282493069	1.0253036644146414	61.908897903111935	1.1121472846419536	-5.733438018784543	1.1121472846419536	1.401954064704456	1.1121472846419536	0.1230062813145612	1.3068768245398008	NaN	NaN	800000009	800000009	800000009	800000019	800010019	800010119	899999999	899999999	89999	89999	89	89	10	4	2	40	12	0	4	NaN	0	0	0	0	0	0	0	0	0	NaN	NaN	NaN	NaN	0	108	0	0	0	0	0	0	18000	14997	0	0	18000	18000	18000	18000	93	NaN	0.2787075704344205	0.2959094052307803	0.18541394566284797	0.07432111807021093	3.2543912738597167	0.033024854710076476	0.0000012977480766050612	NaN	0.04320941268533777	-0.14766331422698536	0.03610698901950281	0.0001230062813145612	NaN	18.858998023017836	861.1249128539097	94.72969621404012	94.96328441196017	94.496102973938	0.46717411126361985	0.00028224957286309094	40.11408597993918	020
DATA	2026-09-05T063000_AIU-1657.ghg	2026-09-05	07:00:00	248.291	1	18000	18000	0.10107348112613754	1	NaN	43.80141193150115	0	NaN	57.36705899224303	0	NaN	-4.945670455210823	0	NaN	1.2989947814693819	0	NaN	0.17168118753953263	0	NaN	NaN	NaN	NaN	NaN	NaN	NaN	NaN	NaN	NaN	-5.31663615282911e-11	-2.428967870876408e-12	-2.33945645099901e-13	NaN	18.94611330185032	480.88518539373865	491.687463736321	0.1	1	865.5755098774341	21.969806308454757	22.463321122562064	0.1	1	0.08336776433682833	2.029056200753493	2.0746355417667446	0.2	0	NaN	NaN	NaN	NaN	9	301.79526894632977	293.98407034839204	97055.89870720098	1.1405984400864813	1017.7197150824516	0.025183256179515313	0.08417486183921594	0.01572060076899862	2132.8712624040354	2454.3627622065396	0.013782765447063621	86.90122321145898	321.4914998025042	291.6859070667823	-0.3491197443873876	-1.7780026677982383	0.5435972096634129	1.891738884987208	6.77342155546376e-15	-2.806188302647739e-15	1.891738884987208	3.678801039741767	262.10898269787447	258.89101730212553	16.69956174064459	NaN	0.2976817603372372	0.3104239576316826	-51.536175626022015	-0.03886784332884376	0.7635289781444752	0.12675786741044626	0	15.868999986153971	-2.4081819708926386	5.447314175141782	13.564582510323186	20.686844201971905	29.01359313264955	43.4676494815921	0.09987981387871571	1.0119510359607928	46.42304185426425	1.0237969054841212	51.84017372743379	1.1066139418025216	-4.469192252498651	1.1066139418025216	1.1738463906875223	1.1066139418025216	0.12193298752100694	1.3057446974799785	NaN	NaN	800000009	800000009	800000009	800000019	800000019	801000119	899999999	899999999	89999	89999	89	89	13	6	1	33	9	0	18	NaN	0	0	0	0	0	0	0	0	0	NaN	NaN	NaN	NaN	0	0	0	0	0	0	301	0	18000	18000	0	16	18000	18000	18000	18000	93	NaN	0.2996015371258249	0.1958493865371238	0.1253969916004165	0.08360014875635223	3.981333026168982	0.03555856303269257	7.904000191253454e-7	NaN	0.039991954817469	-0.11507772695415346	0.03022550089630498	0.00012193298752100694	NaN	18.947544495710645	865.6380456568064	94.67830325190226	94.90060249243842	94.45600570021735	0.44459685966538004	0.0002821279116890057	43.14058517303066	240
DATA	2026-09-05T070000_AIU-1657.ghg	2026-09-05	07:30:00	248.312	1	18000	18000	0.12222858773663338	1	NaN	24.997881582790612	1	NaN	42.789446558318645	1	NaN	1.4889755462710978	1	NaN	0.9688933019538873	1	NaN	0.11100739062776342	1	NaN	NaN	NaN	NaN	NaN	NaN	NaN	NaN	NaN	NaN	-2.254443364498426e-10	-1.0295825057076078e-11	-9.94711649941746e-13	NaN	19.01469991587015	482.55105528538996	493.42497756986006	0.1	1	868.3829761682841	22.03764053053146	22.534242056602857	0.1	1	0.08389717756635878	2.0418710764934365	2.087883093579516	0.2	0	NaN	NaN	NaN	NaN	9	301.7332561416626	293.97088787885593	97061.3134340217	1.140683719722913	1017.7583019662952	0.025180722116296	0.0627842859666119	0.01577072680164895	2139.576099613345	2452.373016807945	0.013825678870458383	87.24513297729305	312.79691719460016	291.73603382158274	-0.31433977270655367	-1.9877057292420384	0.4923861848650906	2.071769223106771	1.5438656319415818e-14	-1.1856318398255711e-14	2.071769223106771	3.771587201934216	259.98644899075657	261.01355100924343	13.748743513605955	NaN	0.327343540468615	0.3238397636230606	-120.08099379525798	-0.016681241024831546	0.5842067050042461	0.06577934342700822	0	16.52066362833065	-2.5070744427273715	5.671009215695744	14.121614790302766	21.536353575565755	30.20504210800726	45.25265715710717	0.12077039474395808	1.012074093123292	27.052369559443083	1.024612489721964	38.56091863397749	1.1096583814425842	1.341832379380933	1.1096583814425842	0.8731455717878697	1.1096583814425842	0.07928706381993103	1.306313495408465	NaN	NaN	800000009	800000009	800000009	800000019	800000019	800010119	899999999	899999999	89999	89999	89	89	12	13	0	46	1	0	11	NaN	0	0	0	0	0	0	0	0	0	NaN	NaN	NaN	NaN	0	0	0	0	0	0	301	0	18000	3004	0	16	18000	18000	18000	18000	93	NaN	0.2860224660486353	0.22453876910189444	0.13711829209559148	0.052787071110082025	5.560826159513099	0.02761851167274967	9.667491785836759e-7	NaN	0.023302118947353113	0.0345499110285412	0.022482019575465532	0.00007928706381993103	NaN	19.01616457196248	868.4488150613947	94.6326630736457	94.84537535985311	94.41995385021633	0.42542570560177057	0.00028235716426732127	50.06581827269664	138
DATA	2026-09-05T073000_AIU-1657.ghg	2026-09-05	08:00:00	248.333	1	18000	18000	0.07312028725170762	1	NaN	31.58313827155272	0	NaN	34.73413694208007	0	NaN	0.2920023774657577	2	NaN	0.7869162769472152	0	NaN	0.13189742166099877	0	NaN	NaN	NaN	NaN	NaN	NaN	NaN	NaN	NaN	NaN	3.2057725325527846e-11	1.4984292905471198e-12	1.4335476878934295e-13	NaN	18.886077058806187	479.9966296028793	491.0129013786358	0.1	1	882.7654102429435	22.435809211582246	22.950727351712302	0.1	1	0.0844541895162768	2.0609177389401716	2.108217300060895	0.4	0	NaN	NaN	NaN	NaN	9	302.1195082761976	294.52489221720407	97067.1052946141	1.1384331527078329	1017.9964388516398	0.025226671244204735	0.05099217474617954	0.016026422392636987	2178.3632212883736	2537.220576770224	0.014077613915685046	85.85628073619594	358.8573554818504	292.02333986184306	-0.2745907793660534	-1.373637680682405	0.3610529662487942	1.4465959416300476	3.023593109159326e-14	1.6974263752979866e-15	1.4465959416300476	3.082465191566407	262.3044475041361	258.695552495864	14.45313261101573	NaN	0.2534341744697577	0.26166033339786493	-44.11238816289028	-0.04540901282885237	0.9092823674939237	0.10753165035342133	0	14.25353549536382	-2.16302900191334	4.892777491809655	12.183707761004397	18.580923081299378	26.060008817511626	39.04264196398584	0.07224853830801954	1.0120659734314834	33.15889511228746	1.0221631087468723	31.583845307025246	1.0997437647136048	0.26551855699022847	1.0997437647136048	0.7155451135039115	1.0997437647136048	0.09449341053299344	1.3051812966964573	NaN	NaN	800000009	800000009	800000009	800000019	800000019	800011019	899999999	899999999	89999	89999	89	89	3	1	0	28	2	0	15	NaN	0	0	0	0	0	0	0	0	0	NaN	NaN	NaN	NaN	0	0	0	0	0	0	301	0	18000	0	0	16	18000	18000	18000	18000	93	NaN	0.2341427040093616	0.17030573091827728	0.11887223186809097	0.0698264898254663	11.928768107094966	0.024396278548097942	0.0000015091252821165222	NaN	0.02861187096201688	0.006851918928236695	0.018465214494989737	0.00009449341053299344	NaN	18.8876300488348	882.8302108940132	94.65603581068251	94.89374730682374	94.41832701704237	0.47541904942690943	0.00028223665511985815	47.61407906744215	140
DATA	2026-09-05T080000_AIU-1657.ghg	2026-09-05	08:30:00	248.354	1	18000	18000	0.13284939270698512	1	NaN	22.126338404344843	1	NaN	107.88828446551332	1	NaN	-10.999215067177051	1	NaN	2.446497044267744	1	NaN	0.128203001015165	1	NaN	NaN	NaN	NaN	NaN	NaN	NaN	NaN	NaN	NaN	-7.230959851128543e-10	-3.467422408599405e-11	-3.298367731198197e-12	NaN	18.56592181676787	473.846048591104	484.86314731023293	0.1	1	890.2814379991098	22.72207896237521	23.250375838072802	0.1	1	0.08468756386583778	2.0757162704043726	2.1239774538244767	0.3	0	NaN	NaN	NaN	NaN	9	302.55271655866835	295.47255002578436	97074.82977068968	1.1347483064104333	1018.1782265464833	0.025305826306543707	0.1585330084685498	0.01618014227069961	2206.333614236411	2688.317142848469	0.014258793936324524	82.07118048202598	481.98352861205785	292.2277530545907	-0.4421946958633177	-0.5420110002738205	0.37437417626218	0.7933902553720967	1.6027413314561663e-14	-3.8947486273468414e-14	0.7933902553720967	2.4983459419689678	290.20896964659573	230.79103035340424	28.155514714224616	NaN	0.3421606128427361	0.3155236799714134	-154.97285061563423	-0.012925489800585237	0.2050856449702615	0.05597011334526409	0	20.892721551417736	-3.1705511000632565	7.17179522109956	17.858784144979932	27.235772642666	38.19855838776679	57.22840115356464	0.13092362057310294	1.0147091267828703	28.193992418662585	1.0218426559973621	98.68863856932319	1.093218895604968	-10.061310787251148	1.093218895604968	2.2378839719138734	1.093218895604968	0.08964948726068907	1.3085184004536001	NaN	NaN	800000009	800000009	800000009	800000019	800000019	800000019	899999999	899999999	89999	89999	89	89	3	0	0	19	1	0	3	NaN	0	0	0	0	0	0	0	0	0	NaN	NaN	NaN	NaN	0	6	0	0	0	0	301	0	18000	14997	0	16	18000	18000	18000	18000	93	NaN	0.31175763329107276	0.2359927849919987	0.08329694165975526	0.05710382297088332	6.337154455045151	0.08245068049164572	0.000003873983012109379	NaN	0.0244024386646397	-0.2605311811960141	0.057948568224443164	0.00008964948726068907	NaN	18.567605719128416	890.3348222714845	94.85282355668808	95.17698769081966	94.5286579998864	0.6483284523056573	0.00028391337185490164	44.96140900396568	231
DATA	2026-09-05T083000_AIU-1657.ghg	2026-09-05	09:00:00	248.374	1	18000	18000	0.03387822822591414	1	NaN	34.58697169607204	1	NaN	43.68591505899264	1	NaN	-13.941695242818778	1	NaN	0.9924843953381963	1	NaN	0.025081792399325366	2	NaN	NaN	NaN	NaN	NaN	NaN	NaN	NaN	NaN	NaN	-2.0585458833632968e-10	-1.0351311477637958e-11	-9.796869253156771e-13	NaN	17.66702970587902	455.1259189241263	465.7858070107767	0.1	1	888.3791653526225	22.885815596359954	23.42184358968016	0.1	1	0.0840795347429172	2.0789808445544176	2.127674408721512	1.4	0	NaN	NaN	NaN	NaN	9	303.47344780900744	297.4009978056587	97071.72138587455	1.1272837148192008	1018.310635510062	0.02547180435718581	0.06431298881791511	0.016190545370458095	2222.16142669062	3020.249956123643	0.0143624405796147	73.5754145839858	798.0885294330233	292.3424214122408	-0.28458332707594103	0.34942662753795123	0.1369330061290959	0.47099605757341717	1.865264666693982e-14	-1.1651907070028183e-14	0.47099605757341717	1.6457873580818327	31.839615131299183	129.1603848687008	16.901706085042637	NaN	0.17335793621219453	0.10257642020670571	-12.894757964568205	-0.15534219451842776	0.7917190620676353	0.17380221125542733	1	1.8485786301892706	1	1	3	4	7	20	0.03321971945248833	1.0198228276541474	36.60252016279598	1.0245329536723962	39.91879939449713	1.0943694630509058	-12.739477583696306	1.0943694630509058	0.9069006664086987	1.0943694630509058	0.008446766305063313	1.3157957619249896	NaN	NaN	800000009	800000009	800000009	800000019	800000019	800000019	899999999	899999999	89999	89999	89	89	4	0	0	24	0	3	0	NaN	0	0	0	0	0	0	0	0	0	NaN	NaN	NaN	NaN	0	0	0	0	0	0	301	0	18000	18000	0	21	18000	18000	18000	18000	93	NaN	0.08822240030930822	0.08533622612106734	0.03159421398303584	0.13581582144599008	34.50280071192785	0.13244048571805997	3.3668815236324897e-7	NaN	0.03188581160714999	-0.3320998963323695	0.023641598748407947	0.000008446766305063313	NaN	17.66882870132256	888.4281054520656	94.96535199059379	95.42979874165853	94.50090861044991	0.9288884264462622	0.00028637612338772893	45.234876494681366	229
DATA	2026-09-05T090000_AIU-1657.ghg	2026-09-05	09:30:00	248.395	1	18000	18000	0.1300918449505382	1	NaN	17.609675093661107	2	NaN	20.9379724355226	1	NaN	-0.18964698028969512	2	NaN	0.4764561154151795	1	NaN	0.07864519276280375	0	NaN	NaN	NaN	NaN	NaN	NaN	NaN	NaN	NaN	NaN	2.1037019864390636e-10	1.090871731785132e-11	1.0042465779744921e-12	NaN	17.403362297355308	451.1145521321072	461.92000768979307	0.2	0	902.4489253031362	23.392482199953495	23.952797591245805	0.1	1	0.0830786258939325	2.070249778299135	2.1198380522020557	0.4	0	NaN	NaN	NaN	NaN	9	305.3066019804212	299.0751754579602	97069.22137705801	1.1207278495194823	1018.6359954706544	0.02561585406252326	0.03087435627890363	0.016455923563460387	2271.2991217903577	3336.8669532463937	0.014683246758359709	68.0668169757455	1065.567831456036	292.69390574798956	0.2580799120004715	0.2010649201905213	0.23071698409652186	0.40032820267874736	2.597858371869998e-14	1.208790548915224e-14	0.40032820267874736	3.251246421290357	123.07855367702007	37.92144632297991	35.192096090313406	NaN	0.34070221292044167	0.30988910110424916	-192.27148599367663	-0.01041808144170622	0.8410401316502439	0.04527486936735457	0	14.668849488778262	-2.2260545027056224	5.035341346207233	12.538711916041098	19.122326817146604	26.819335255077707	40.18025133485297	0.127284036589341	1.022059391235808	18.546685826178493	1.0259071589614892	19.109087804502426	1.0957075842515758	-0.17308174463283804	1.0957075842515758	0.43483874919112053	1.0957075842515758	0.05571431821431446	1.3189983347736167	NaN	NaN	800000009	800000009	800000009	800000019	800000019	810000019	899999999	899999999	89999	89999	89	89	39	5	3	23	0	0	0	NaN	0	0	0	0	0	0	0	0	0	NaN	NaN	NaN	NaN	0	9	0	0	0	0	301	0	18000	12004	0	16	18000	18000	18000	18000	93	NaN	0.18756786312063545	0.2322626707492409	0.19994766833862201	0.26131951741429993	46.7310803605704	0.13006359891385466	4.7136648496773993e-7	NaN	0.01624602556957681	-0.0045398638831516	0.011405643828211368	0.00005571431821431446	NaN	17.404709568274775	902.5158867807668	94.86644906743368	95.40248945935568	94.33040442021687	1.072084567904475	0.0002884624303745416	45.62604172137494	188
DATA	2026-09-05T093000_AIU-1657.ghg	2026-09-05	10:00:00	248.416	1	18000	18000	0.24561871090221563	1	NaN	-35.73053547819957	2	NaN	85.76182927580567	0	NaN	1.0542059413589329	2	NaN	1.9545458267940576	0	NaN	0.15306238819075613	1	NaN	NaN	NaN	NaN	NaN	NaN	NaN	NaN	NaN	NaN	-3.2559216329430414e-10	-1.7542942512491307e-11	-1.5744289383434817e-12	NaN	16.843162477672116	439.239178372173	449.886303021541	0.1	1	907.5114956230325	23.66625651383344	24.23992479183299	0.1	1	0.08144656231820302	2.0442348697376564	2.0937869692369397	0	1	NaN	NaN	NaN	NaN	9	306.4627753228082	300.646115137825	97075.65206101148	1.1148292158076365	1018.828093697391	0.02574869957798389	0.12665456957625493	0.01656262089643271	2298.033540789525	3659.8859361256295	0.014856644104392207	62.78975850330004	1361.8523953361046	292.88234792802814	0.4356259515121612	0.29190428736988316	0.21783627927692634	0.567829839991751	-3.947370295326667e-14	-1.9330821259126395e-14	0.567829839991751	4.2290446099001615	127.17474683460364	33.82525316539637	22.55868444988186	NaN	0.4693821318014263	0.4846921843604831	247.82126509137458	0.008082841475534529	-0.41662515573556613	-0.06701989117378253	0	17.579994210062587	-2.6678319454287336	6.034643124515736	15.027114638695803	22.917297977972556	32.14183626757373	48.15432773824219	0.24254422643003729	1.012675974676582	-30.12994823992917	1.0211152709238929	77.83304735970033	1.1018690926935313	0.9567433630268317	1.1018690926935313	1.7738457678453874	1.1018690926935313	0.11727314602016878	1.3888532184597817	NaN	NaN	800000009	800000009	800000009	800000019	800000019	810000019	899999999	899999999	89999	89999	89	89	24	6	3	30	3	0	5	NaN	0	0	0	0	0	0	0	0	0	NaN	NaN	NaN	NaN	0	1	0	0	0	0	301	0	18000	17997	0	16	18000	18000	18000	18000	93	NaN	0.435116440455625	0.2929092864298572	0.24135864183548403	0.5133623276765862	1.5767447791684215	0.158973564881109	7.644552380348567e-7	NaN	-0.02652706076016162	0.02523220955114354	0.04678166565387368	0.00011727314602016878	NaN	16.844443945919394	907.5605625890331	94.76238975991141	95.35953463024563	94.16524245834349	1.1942918458580998	0.00028976195254977526	26.86012848240793	248
DATA	2026-09-05T100000_AIU-1657.ghg	2026-09-05	10:30:00	248.437	1	18000	18000	0.1596670370557856	1	NaN	24.282153065349025	1	NaN	87.5538278475172	1	NaN	-2.3320410725248175	1	NaN	1.9962103952256318	1	NaN	0.1143103199601323	1	NaN	NaN	NaN	NaN	NaN	NaN	NaN	NaN	NaN	NaN	-8.456192849676417e-10	-4.698729629766452e-11	-4.111268914467111e-12	NaN	16.74930850213751	436.9754794011976	447.84961770845734	0.1	1	930.6844526388043	24.28078059528143	24.885008015005603	0.1	1	0.0814325224220645	2.0482770197914464	2.0992484098459085	-0.2	0	NaN	NaN	NaN	NaN	9	307.5680082990859	301.07032404560726	97098.8540361567	1.1132634116018623	1019.1885014838618	0.02577886936938617	0.12935443361062093	0.01697280309520925	2358.268381796745	3751.648806648187	0.0152459902286623	62.85951866330683	1393.380424851442	293.29998135310205	0.18798319055283186	0.14179367631312756	0.2197439399962115	0.322072236831819	2.5943577262482823e-15	-5.0486817701144236e-14	0.322072236831819	3.709640459024286	123.97314667890453	37.02685332109551	43.02218849252064	NaN	0.3787116499897787	0.26640085977623384	-191.58570712167324	-0.010455372846408949	0.27733970818087544	0.05651010003896412	0	14.891332341825745	-2.2598171339999187	5.11171251012361	12.728886912570676	19.412355686175477	27.226104867715105	40.789666337712035	0.1556780351631136	1.0256234085206206	29.079485032709883	1.0281768076617508	79.72661435229845	1.0981756664171343	-2.1235592299483788	1.0981756664171343	1.8177514365605925	1.0981756664171343	0.07785531340374578	1.3241331268136556	NaN	NaN	800000009	800000009	800000009	800000019	800000019	810100019	899999999	899999999	89999	89999	89	89	8	1	0	36	35	1	2	NaN	0	0	0	0	0	0	0	0	0	NaN	NaN	NaN	NaN	0	0	0	0	0	0	301	0	4	18000	0	21	18000	18000	18000	18000	93	NaN	0.16353625603160543	0.13134050286217086	0.23792496065869143	0.0790477134573328	0.23889243709784158	0.1592697943727694	6.80584297050921e-7	NaN	0.025629153383955862	-0.05610560939829085	0.04802599835434297	0.00007785531340374578	NaN	16.750481503374992	930.7463173748883	94.7143894373576	95.31848365232679	94.1103079600864	1.2081727134784066	0.00028998196563204847	37.180897751590834	100
DATA	2026-09-05T103000_AIU-1657.ghg	2026-09-05	11:00:00	248.458	1	18000	17957	0.46367711012882584	1	NaN	10.33286598926045	0	NaN	345.2932706441102	1	NaN	8.478492466492217	2	NaN	7.871872372340347	1	NaN	0.16912622769889724	1	NaN	NaN	NaN	NaN	NaN	NaN	NaN	NaN	NaN	NaN	3.84661139249305e-9	2.174707967030147e-10	1.882787382313125e-11	NaN	16.523239201941745	430.4334235180459	441.1692086938319	0.1	0	934.1525895684166	24.334846957183156	24.94180188898806	0.1	1	0.08087571919812463	2.033350870322819	2.0840663049012123	0	0	NaN	NaN	NaN	NaN	9	308.00117839304613	300.97278612758987	97143.68617598253	1.1141153830600716	1019.2172006655915	0.025758624593797214	0.5100973297276544	0.017023966015152478	2364.6108476838313	3730.374426939644	0.015280253979075136	63.38802964676473	1365.7635792558126	293.34341070388064	-3.0793697149045656	-0.9905345494578331	1.8111557135366354	3.7060632142754057	-4.123545253296097e-14	2.3280007905719915e-13	3.7060632142754057	10.938755499157159	323.1686808005303	197.90023601052872	29.25521854803195	NaN	0.6451233230284382	3.912714520504745	-2226.271581521961	-0.000899755455096187	0.02992489824659924	0.014105261389742147	0	18.313635879366746	-2.7791648991533147	6.286478568977401	15.654220503272679	23.8736739894548	33.48316722207123	50.163885930581195	0.4567385583927926	1.0151915173539303	30.152118701962273	1.0338347781419976	302.90655677663653	1.1399332992937805	7.437709269257132	1.1399332992937805	6.9055552436420475	1.1399332992937805	0.11105239748044445	1.3164397523366267	NaN	NaN	800000009	800000009	800000009	800100019	800100019	801111019	899999999	899999999	89999	89999	89	89	13	23	1	10	0	2	16	NaN	0	0	0	0	0	0	0	0	0	NaN	NaN	NaN	NaN	0	543	0	0	0	0	301	151	0	18000	0	21	18000	18000	18000	18000	93	NaN	5.034795347192232	2.3790050245719776	0.4116286692452801	0.17616319230775085	18.496135634885594	3.019462008002222	0.0000010760064977711597	NaN	0.02655344777128849	0.19636495378779806	0.18231541287876846	0.00011105239748044444	NaN	16.52419600303162	934.069775684632	94.73084993743896	95.31354844813876	94.14815049870808	1.1653956531021405	0.0002895908049039361	42.56413622188713	172
DATA	2026-09-05T110000_AIU-1657.ghg	2026-09-05	11:30:00	248.479	1	18000	18000	0.23140773033798614	0	NaN	26.68405870956021	0	NaN	405.604563865046	0	NaN	0.07106480503197436	2	NaN	9.239353049709688	0	NaN	0.10841552398902975	0	NaN	NaN	NaN	NaN	NaN	NaN	NaN	NaN	NaN	NaN	-1.1161970297266424e-9	-5.853307323850471e-11	-5.412162393633398e-12	NaN	16.54547773131904	429.67409445312353	439.57867878832747	0.1	1	867.6404201241444	22.53199441452748	23.051388163883203	0.5	0	0.0802249154739946	2.0079395291401747	2.05422532263599	0	0	NaN	NaN	NaN	NaN	9	307.1265479329427	300.1418779938846	97145.37673892177	1.1179878199999813	1018.1708264493359	0.02568706465926309	0.5987100776211878	0.015806654115310386	2189.4662297222044	3553.3591938531476	0.014138485082342535	61.6168000552744	1363.8929641309433	292.10475675152935	-3.077020944596472	-0.627122108532497	1.8560296043463838	3.6477645105883107	3.243034374912891e-13	-6.746236330267974e-14	3.6477645105883107	9.287989197932566	329.4804201267549	191.51957987324514	30.58478927870671	NaN	0.4549570459058044	3.3277303714389674	-302.26510993815054	-0.006626963993329809	0.06578835912319422	0.051525684623658925	0	14.825901726543522	-2.249887785697912	5.089252297228904	12.672957806737207	19.327060270864905	27.106476834954773	40.61044174555537	0.2279779530696531	1.0150443374990965	49.4922912741985	1.0334761245842305	356.1614123686185	1.1388223142075113	0.06240201315463972	1.1388223142075113	8.113076934340903	1.1388223142075113	0.05709357820384341	1.3159770955229573	NaN	NaN	800000009	800000019	800000009	800000019	800000019	800000019	899999999	899999999	89999	89999	89	89	49	4	1	28	19	3	8	NaN	0	0	0	0	0	0	0	0	0	NaN	NaN	NaN	NaN	0	867	0	0	0	0	301	0	0	18000	0	16	18000	18000	18000	18000	93	NaN	1.0245266454526307	5.283762198909738	0.3471718985155664	0.05909035848751052	0.6707136349687308	0.8161271071350583	1.0232033085986933e-7	NaN	0.043479029239302365	0.0016398843225781975	0.2132063854979527	0.00005709357820384342	NaN	16.546649694323527	867.6712642295516	94.8481951491038	95.38557484817505	94.31081661054823	1.0747561035818527	0.00028865411331126885	41.504693892824015	189
DATA	2026-09-05T113000_AIU-1657.ghg	2026-09-05	12:00:00	248.499	1	18000	18000	0.5391581207580868	1	NaN	1.788421150200198	1	NaN	245.7048659210819	1	NaN	0.8147755231467537	2	NaN	5.598412164485634	1	NaN	0.07760542231992568	1	NaN	NaN	NaN	NaN	NaN	NaN	NaN	NaN	NaN	NaN	-1.4374702353224155e-9	-7.143973278818963e-11	-7.039042653724049e-12	NaN	16.365342281895234	425.74845802698513	434.951575219416	0.1	0	813.3286177877815	21.158946689153264	21.616325365170294	0.3	0	0.0801382453245833	2.007042081283585	2.0504269559341997	0.1	0	NaN	NaN	NaN	NaN	9	306.632372853597	300.4078369313314	97139.37137403095	1.1175138666060278	1017.3983811319273	0.02571141567954176	0.36277710825866905	0.014829375038061133	2055.9181107019567	3609.2049334893877	0.01326996960055542	56.96318575942681	1553.286822787431	291.10047065769646	-1.5488769903380575	-0.6993629704344501	0.9699744668306406	1.9567776986453782	-1.0126532927975973e-13	-8.783624629181573e-14	1.9567776986453782	8.60967351284114	316.6994409635347	204.30055903646536	29.71591168954104	NaN	0.6945949397539648	2.9087927833074962	-16044.727757323017	-0.00012484474839940862	0.0072787372097654025	0.002264614163550303	0	22.20266394994353	-3.3693399128296635	7.6214560568380945	18.978503205039008	28.943414859283592	40.59355087697188	60.81653632716579	0.5327719560219734	1.0119866758449463	16.34731291125917	1.0240834833830024	221.8159404515521	1.1076970637047048	0.735558077965584	1.1076970637047048	5.054100392540253	1.1076970637047048	0.04782219958869557	1.3059292067636998	NaN	NaN	800000009	800000009	800000009	800000019	800000019	800000019	899999999	899999999	89999	89999	89	89	14	1	0	18	12	2	7	NaN	0	0	0	0	0	0	0	0	0	NaN	NaN	NaN	NaN	0	27	0	0	0	0	301	0	0	18000	0	16	18000	18000	18000	18000	93	NaN	1.9437793538141594	3.5789521730382647	0.2948540397625679	0.0672809963788046	2.9689178683300335	0.4703691071003348	5.595577518724847e-7	NaN	0.014378130223450095	0.0193211646522965	0.13275784574834834	0.00004782219958869557	NaN	16.366542123438165	813.3603819545955	94.85358703253003	95.40359066136679	94.30358293067087	1.1000071601437211	0.0002889111060924027	43.41539259012542	109
DATA	2026-09-05T120000_AIU-1657.ghg	2026-09-05	12:30:00	248.52	1	18000	18000	0.3133821157959447	0	NaN	28.819154201034046	1	NaN	156.73804576131664	1	NaN	-0.4129188881286943	0	NaN	3.574284985682369	1	NaN	0.06463173889531997	0	NaN	NaN	NaN	NaN	NaN	NaN	NaN	NaN	NaN	NaN	1.3478699912481658e-10	6.820385970856204e-12	6.633726410386108e-13	NaN	16.186528419381908	423.2745482519484	432.5387526064476	0.1	1	819.0580105295289	21.418206573801225	21.88698657351069	0.3	0	0.07966421224994032	2.0032510131845496	2.0470961412134914	0.3	0	NaN	NaN	NaN	NaN	9	306.95796986558696	301.26793615297436	97069.7549132552	1.1134148004427895	1017.5667167865171	0.025803522666912576	0.2316136670722175	0.014957496077375452	2079.617748653542	3795.074746314164	0.013433893703790415	54.79780736000785	1715.4569976606217	291.2827898929438	-1.1962825620547253	1.281757125536985	0.5347065352965794	1.8330041942204827	3.299614966099123e-14	8.327109781206778e-15	1.8330041942204827	6.634836791084692	27.975509490805678	133.02449050919432	16.960387811541977	NaN	0.5305283656300447	1.1574284070636789	-443.4641567441842	-0.004516937771716021	0.18386827563819663	0.04794603943189377	0	19.235720501845996	-2.919094798039782	6.603000381258833	16.44240456994564	25.075704422557433	35.169031995770155	52.68961856636578	0.3096881165153855	1.0119281273111933	37.6942450394902	1.0235469032432287	141.7615213359057	1.1056459064792612	-0.3734639505368978	1.1056459064792612	3.2327573997574532	1.1056459064792612	0.03556279865480158	1.3055927324116445	NaN	NaN	800000009	800000009	800000009	800000019	800000019	800000119	899999999	899999999	89999	89999	89	89	8	4	3	17	4	7	2	NaN	0	0	0	0	0	0	0	0	0	NaN	NaN	NaN	NaN	0	44	0	0	0	0	301	0	0	12002	0	21	18000	18000	18000	18000	93	NaN	1.4519868317799536	0.616661710627166	0.24620827172023801	0.0761312318449651	0.8295717252167978	0.5715782507549532	3.046067520148575e-7	NaN	0.033270181192125055	-0.009847661334540212	0.08524276574425342	0.000035562798654801584	NaN	16.18770605352522	819.0953343925519	94.74066061443753	95.346454662323	94.13486497794256	1.2115870339141974	0.00029063399642634773	44.17959669131531	074
DATA	2026-09-05T123000_AIU-1657.ghg	2026-09-05	13:00:00	248.541	1	18000	18000	0.13759724838930207	0	NaN	14.929763898643577	0	NaN	47.02170036602689	0	NaN	-0.022075178704070338	2	NaN	1.07299272997928	0	NaN	0.11079909115869532	0	NaN	NaN	NaN	NaN	NaN	NaN	NaN	NaN	NaN	NaN	1.2345945302877213e-10	6.202745537021082e-12	6.117189481111836e-13	NaN	16.087436580832797	422.0975649044857	431.2427880803084	0.1	1	808.2513975711137	21.206669255926514	21.666135832582057	0.3	0	0.07971029792865664	2.010409810027728	2.053967622050944	0	1	NaN	NaN	NaN	NaN	9	307.5720368448894	301.9384628042361	97011.31692328615	1.1103629204695808	1017.4643126656817	0.025876531309635836	0.06952992890265734	0.014767983466048896	2057.8387575099878	3945.7033413525237	0.013300141056406499	52.15391476452444	1887.864583842536	291.11531448630967	-0.5159949100472218	0.5913812378623923	0.2902180363470467	0.8367849331288079	6.270252526798776e-14	7.674277527587369e-15	0.8367849331288079	5.792422244116103	29.894489161675097	131.10551083832493	20.29324786585827	NaN	0.35202410202760137	0.5290090578575097	-249.96704904057523	-0.008013456204280957	0.31750795446415436	0.03754018465977627	0	18.185631232320713	-2.75973970011899	6.24253871587095	15.544804056232808	23.70680700395602	33.24913390228281	49.81326137108364	0.13565168050705811	1.0143423795044155	17.553853720254004	1.0217141171402246	43.00475013263349	1.0934071287707634	-0.020189349532490998	1.0934071287707634	0.9813295539654715	1.0934071287707634	0.08077619648789701	1.3080044479226425	NaN	NaN	800000009	800000009	800000009	800000019	810011019	810011119	899999999	899999999	89999	89999	89	89	31	24	7	31	19	17	4	NaN	0	0	0	0	0	0	0	0	0	NaN	NaN	NaN	NaN	0	5	0	0	0	0	301	0	0	18000	0	21	18000	18000	18000	18000	93	NaN	0.4772635244676587	0.4560218650527766	0.1247327261945843	0.10336943867703476	0.060525287275420225	0.2752509025718664	0.0000010230942488023125	NaN	0.015537757500974914	-0.0005337524839218204	0.025943732666177523	0.00008077619648789701	NaN	16.08853442277224	808.2930406376594	94.69832772233751	95.33057600975036	94.06608831384446	1.2644817910525532	0.00029206065454572016	43.3759688020017	160
DATA	2026-09-05T130000_AIU-1657.ghg	2026-09-05	13:30:00	248.562	1	18000	18000	0.9720287222083736	1	NaN	43.06060336677574	1	NaN	-10.487129983636015	2	NaN	1.7808259327144254	1	NaN	-0.2394716390523439	2	NaN	-0.04612339646169332	0	NaN	NaN	NaN	NaN	NaN	NaN	NaN	NaN	NaN	NaN	1.965906512262803e-9	9.880543491685634e-11	9.758449138218816e-12	NaN	16.04007525338186	421.3894779703436	430.50710844409434	0.1	1	806.1658077958677	21.178815157554652	21.63706250489835	0.1	1	0.07962039779458481	2.0145780865806997	2.0581676385610455	0	1	NaN	NaN	NaN	NaN	9	308.4698274035983	302.6446430735825	96983.40414887587	1.1074650616164252	1017.4673065322763	0.025944516843843222	-0.015517762210591883	0.014709938827352012	2054.5445518566207	4109.9390734268145	0.013282530832965326	49.98965958255843	2055.394521570194	291.0898475673797	-0.3281704176312099	-1.0009153676044347	0.5881425726727988	1.2064157997579363	3.27535034410021e-13	1.225621751274711e-13	1.2064157997579363	5.619488851125012	269.1527805562175	251.84721944378245	29.177204711307404	NaN	0.9368596445211617	1.8234297006794389	-1633.3477032053875	-0.001226376965583621	-4.106042686032018	0.04079012926752261	0	21.300177688983013	-3.2323841409146263	7.311661727863972	18.207071523022922	27.766932869794655	38.94351815870602	58.34448663987532	0.9600061764890534	1.0125234045506761	41.8022903438091	1.0216285102607936	-9.562962919049765	1.0966402434485314	1.6238925603481238	1.0966402434485314	-0.21836845810007247	1.0966402434485314	-0.046369175724924036	1.3055924992087125	NaN	NaN	800000009	800000009	800000009	800000019	800000119	800000119	899999999	899999999	89999	89999	89	89	14	1	0	19	2	20	12	NaN	0	0	0	0	0	0	0	0	0	NaN	NaN	NaN	NaN	0	2	0	0	0	0	301	0	0	18000	0	16	18000	18000	18000	18000	93	NaN	2.345909573217107	0.7059079052594724	0.5950419228822981	0.0413845018118603	0.10959363372552473	0.2288887941262633	5.170332008136187e-7	NaN	0.03709792169090591	0.04304295111678433	-0.005788081734566243	-0.000046369175724924035	NaN	16.041163526963466	806.1994432260394	94.7003692794376	95.33505551041497	94.06568402989706	1.2693583225011817	0.0002923476162120803	42.3595425392791	032
DATA	2026-09-05T133000_AIU-1657.ghg	2026-09-05	14:00:00	248.583	1	18000	18000	0.13610061760688943	1	NaN	15.631061276699892	1	NaN	57.03155738148247	2	NaN	0.994036826478309	1	NaN	1.3020533496345608	2	NaN	0.1261155881681221	1	NaN	NaN	NaN	NaN	NaN	NaN	NaN	NaN	NaN	NaN	1.5394632838351523e-10	8.107640929836112e-12	7.630335197068113e-13	NaN	15.992104054809541	420.0237721417459	429.5251734981708	0.1	1	842.2301379345911	22.120708965769857	22.6211038198533	0.2	0	0.07926471240067297	2.004531235449223	2.049875944636459	0.4	0	NaN	NaN	NaN	NaN	9	308.1992954296536	302.446556081393	97000.04318458411	1.107982576682863	1017.9948189197802	0.025923088121473422	0.08437305705631953	0.015376840155968683	2146.285288872807	4063.280998809735	0.013878232816624862	52.82148316844251	1916.995709936928	291.78605541970575	-1.3975288874955365	-0.18297280193530624	0.8369648481873949	1.6392303665847638	1.8330999064285905e-13	9.62639611747753e-15	1.6392303665847638	6.706585907478138	333.5409225403878	187.45907745961222	30.702739581823675	NaN	0.350480276234852	1.18965208234751	-235.64584620097338	-0.008500468106242925	0.27407740546420933	0.0395408849091825	0	19.445109349408256	-2.950870363484699	6.674876796813543	16.62138700752696	25.34866393298218	35.55186159026171	53.263167059599894	0.13449655046927772	1.0119264556006446	18.82104375976986	1.0227893943375441	51.725930078570485	1.102571907259142	0.9015619026149162	1.102571907259142	1.1809237484304358	1.102571907259142	0.09222778174361876	1.3052496099714375	NaN	NaN	800000009	800000009	800000009	800000019	800000019	800000019	899999999	899999999	89999	89999	89	89	22	1	3	17	1	6	1	NaN	0	0	0	0	0	0	0	0	0	NaN	NaN	NaN	NaN	0	2	0	0	0	0	301	0	0	18000	0	21	18000	18000	18000	18000	93	NaN	0.3906054098858684	1.8841165587677315	0.10458219604142006	0.0233041012922185	0.7754153308031547	1.1558606557023337	8.842828821893884e-7	NaN	0.016686498192069046	0.023900097565672084	0.03130588451358065	0.00009222778174361876	NaN	15.993237706831922	842.2355135186368	94.67848031234742	95.31827156808643	94.03869186634486	1.279575824846821	0.0002923604457141158	39.26646012678846	137
DATA	2026-09-05T140000_AIU-1657.ghg	2026-09-05	14:30:00	248.604	1	18000	18000	0.16125113395204121	0	NaN	10.745104105225536	0	NaN	260.52779282535283	0	NaN	-0.9147730667157411	2	NaN	5.949683616476179	0	NaN	0.12591970294873678	0	NaN	NaN	NaN	NaN	NaN	NaN	NaN	NaN	NaN	NaN	2.730734438658797e-10	1.4077756172731342e-11	1.3609406612286616e-12	NaN	15.88965782459758	418.0642677754338	427.2730569212669	0.1	1	819.1595834294432	21.552468606814237	22.027209344711864	0.2	0	0.07919071558318974	2.004960412011555	2.0491240947347933	0	0	NaN	NaN	NaN	NaN	9	308.2553371005588	302.7446926029336	96960.34797920505	1.106678231354703	1017.681095490898	0.025959265068238115	0.3855394983476564	0.014960958637629147	2090.295405181042	4133.681660442199	0.01351879725628577	50.567401577736234	2043.3862552611572	291.3643372831622	-2.2001902647525378	-0.31624751936184464	1.2999370578125435	2.5750118541258455	1.9920410088273787e-13	1.718560883313392e-14	2.5750118541258455	10.303475564862122	332.8205312338848	188.17946876611518	30.31990882763032	NaN	0.3817162995423606	3.256934048282407	-442.69264320004476	-0.004524809776644143	0.041243600111519056	0.024994062305011975	0	14.13255156004105	-2.1446692229690996	4.851247621847894	12.080292512750493	18.423208302602085	25.838811597894484	38.71124822158856	0.15922328096789784	1.0127359075369904	25.973554861956586	1.0271877938250382	232.89601366063613	1.1186442770333558	-0.8177515278956408	1.1186442770333558	5.3186555714160875	1.1186442770333558	0.08254969169274852	1.3086438483628944	NaN	NaN	800000009	800000009	800000009	800000019	800000019	800000119	899999999	899999999	89999	89999	89	89	15	10	0	14	0	11	5	NaN	0	0	0	0	0	0	0	0	0	NaN	NaN	NaN	NaN	0	64	0	0	0	0	301	0	0	6004	0	16	18000	18000	18000	18000	93	NaN	1.0009355107993065	5.237454833967565	0.27547775179794276	0.054791551840972216	0.9471351094197419	1.3608465101433125	4.4586829553280253e-7	NaN	0.023062071741634268	-0.021695955501567568	0.14111048487130928	0.00008254969169274851	NaN	15.890768290360846	819.1921913578552	94.66264521980285	95.30911915100945	94.01617348374262	1.2929413180285059	0.0002933192457648046	52.587571834110925	135
DATA	2026-09-05T143000_AIU-1657.ghg	2026-09-05	15:00:00	248.624	1	18000	18000	2.1884470231951356	1	NaN	-73.69392028696635	1	NaN	493.89210459488555	1	NaN	2.030556403299216	1	NaN	11.288269537758929	1	NaN	0.24944943859206153	1	NaN	NaN	NaN	NaN	NaN	NaN	NaN	NaN	NaN	NaN	-6.872152470877978e-10	-3.155983704425107e-11	-3.423647424410399e-12	NaN	15.798501677230036	417.1102667809155	425.2562507533173	0.1	0	725.5341620978423	19.155471455085415	19.5295695674651	0.1	0	0.0787067804534344	1.9984010036915207	2.0374289151168066	0	0	NaN	NaN	NaN	NaN	9	308.6626258782281	303.5835816756169	96905.49197134472	1.1040037216742296	1016.3538059275436	0.02604593245135614	0.7314798660467785	0.01325280260860685	1856.7683101787215	4337.494724089256	0.012004309721446301	42.80739063189494	2480.7264139105346	289.4909951916976	-1.8780439485248217	-3.6343529098015526	1.4360095021282464	4.335630684892082	9.368331698055165e-14	-4.34987609032737e-14	4.335630684892082	11.94526604936977	278.3275612908028	242.67243870919722	19.342307733273017	NaN	1.4079354700588538	4.359463199915548	3236.3972412295207	0.0006189289665934253	-0.14921056563034896	-0.04664804579663337	0	24.211261153379652	-3.6741522876687007	8.310942478665202	20.69542188421137	31.561824176080748	44.265907174074464	66.31839525115888	2.151863143581108	1.0170010252385964	-43.461569028798685	1.0395735851573678	420.26439051506395	1.1751937964327304	1.7278481297832886	1.1751937964327304	9.605453646899917	1.1751937964327304	0.1749072048240208	1.4083479817352365	NaN	NaN	800000009	800000009	800000009	800000019	800000019	800000119	899999999	899999999	89999	89999	89	89	17	0	0	21	6	33	16	NaN	0	0	0	0	0	0	0	0	0	NaN	NaN	NaN	NaN	0	55	0	0	0	0	0	0	0	0	0	0	18000	18000	18000	18000	93	NaN	4.03937307091661	3.7039381775287694	0.9756151513857171	0.045307984102627256	0.0569518867383664	0.57316036050601	4.498012761658221e-7	NaN	-0.03873378572597025	0.045882553372084814	0.25507029930474784	0.0001749072048240208	NaN	15.799566723054049	725.5432928545084	94.67253614722358	95.33339038679335	94.01168621338738	1.3216929839617677	0.000293861282059677	46.97874867231397	023
DATA	2026-09-05T150000_AIU-1657.ghg	2026-09-05	15:30:00	248.645	1	18000	18000	1.2873551918355517	1	NaN	-44.617435181044165	2	NaN	347.16338533118085	1	NaN	-0.28537036017677425	2	NaN	7.935791399790398	1	NaN	0.3744725247537574	1	NaN	NaN	NaN	NaN	NaN	NaN	NaN	NaN	NaN	NaN	2.505695036565872e-10	1.1622443034615262e-11	1.250942699607777e-12	NaN	15.75788450199597	416.6055370649994	424.8146019327395	0.1	1	730.915423855812	19.32387641665811	19.704646571846396	0.2	0	0.0786696317443744	1.9990247822277056	2.0384148590498645	0.1	0	NaN	NaN	NaN	NaN	9	308.91841439225936	303.72756482229573	96836.26504034598	1.1026213346145919	1016.4523959833101	0.02607691418995216	0.5142392827064177	0.01335343041197102	1871.7539618354717	4373.340401331264	0.012110622198906166	42.79918300587125	2501.586439495792	289.6172506904237	-1.89161301946742	-2.335107591069098	1.3412224067845218	3.2908668799797134	-1.7444110422403934e-13	1.590121463479751e-14	3.2908668799797134	9.20686418238804	290.0100781457112	230.98992185428878	24.05158680862267	NaN	1.0805279337627796	2.759085094309965	2415.1343643966406	0.0008293948483899043	-0.12851999106553477	-0.03684301537749364	0	23.638287575126142	-3.587201336622518	8.11425919064924	20.20565268733468	30.814895248264335	43.218328732476984	64.74893185186038	1.2694271137432067	1.0141229676743548	-23.435925466375895	1.0324328984950508	302.04973703144407	1.1493583432421277	-0.2482866739121562	1.1493583432421277	6.904540647788744	1.1493583432421277	0.2693541650439488	1.3932069671066216	NaN	NaN	800000009	800000009	800000009	800000019	800000019	800000119	899999999	899999999	89999	89999	89	89	13	3	2	10	15	41	11	NaN	0	0	0	0	0	0	0	0	0	NaN	NaN	NaN	NaN	0	47	0	0	0	0	301	0	0	14997	0	16	18000	18000	18000	18000	93	NaN	1.4761935878819346	3.4318941474470295	0.6100824532909663	0.019372385117420492	0.020762429664403958	0.5353784254568408	0.0000014938272536414691	NaN	-0.020910704885621013	-0.006602163911446624	0.18359788856841783	0.0002693541650439488	NaN	15.758938957206515	730.9410664871781	94.68482210943434	95.35396034473843	94.0156837096744	1.338258318324884	0.0002934604145250178	43.219167927583065	240
DATA	2026-09-05T153000_AIU-1657.ghg	2026-09-05	16:00:00	248.666	1	18000	18000	0.5022420269641283	1	NaN	-26.12670717477501	2	NaN	318.25685289181774	1	NaN	-0.558106792279876	2	NaN	7.276716958612884	1	NaN	0.3807088768796579	1	NaN	NaN	NaN	NaN	NaN	NaN	NaN	NaN	NaN	NaN	4.5777513552994963e-10	2.156891453270575e-11	2.2975116442151783e-12	NaN	15.741323569482857	416.9377990800287	425.29258193600947	0.1	1	741.6813110847285	19.644788578131994	20.03843948525553	0.2	0	0.07900357924503212	2.010027196352859	2.050305004690694	0	0	NaN	NaN	NaN	NaN	9	309.1679904530843	303.9666762358186	96791.31665873602	1.1011079566107147	1016.6395018837715	0.026109562649455936	0.4715312589181148	0.013558216236558984	1901.9549944398082	4433.437838527376	0.012313248810127662	42.900229206136046	2531.4828440875676	289.8690237799903	-2.5228357740381027	-0.03936651399782864	1.4538252656715631	2.9120195686662713	7.286070284555306e-14	2.908110830130079e-14	2.9120195686662713	8.098783268993088	340.1060250169272	180.89397498307267	29.950381347374062	NaN	0.6753697042092334	2.6448761104287577	1006.8408546690868	0.0019894901867667544	-0.08209314878022762	-0.03455781070792998	0	21.55335361385666	-3.270804564273172	7.398568830111887	18.423482495710076	28.096973257854458	39.40640449569482	59.03797472161882	0.4957053836383924	1.0131865489895593	-6.9780330883570185	1.0300040768922896	279.0709623414824	1.1404155065849737	-0.4893889894141762	1.1404155065849737	6.3807593956726745	1.1404155065849737	0.2719103555342044	1.3886541633653064	NaN	NaN	800000009	800000009	800000009	800000019	800000019	800000119	899999999	899999999	89999	89999	89	89	18	0	1	6	2	3	5	NaN	0	0	0	0	0	0	0	0	0	NaN	NaN	NaN	NaN	0	0	0	0	0	0	301	0	0	18000	0	16	18000	18000	18000	18000	93	NaN	0.9745800981764561	4.014943163157855	0.3002289595232042	0.02383306656748628	0.09086015268056133	1.4342496631005208	0.0000021621491619737926	NaN	-0.006233559988114472	-0.01303384835633261	0.16993813134413985	0.0002719103555342044	NaN	15.742383655319411	741.6799070492017	94.65378799332512	95.3357882938385	93.97178533024257	1.3640015458332158	0.000295056862313585	43.45355604408405	040
DATA	2026-09-05T160000_AIU-1657.ghg	2026-09-05	16:30:00	248.687	1	18000	18000	0.31081068074412843	1	NaN	1.3133815674951754	1	NaN	32.20127863106937	2	NaN	-2.0255789353348796	2	NaN	0.7361930112322564	2	NaN	0.13465355844488494	1	NaN	NaN	NaN	NaN	NaN	NaN	NaN	NaN	NaN	NaN	-8.631126135784302e-10	-4.281053050757636e-11	-4.24319313551698e-12	NaN	15.737015833366534	416.66276391893035	425.4554574363358	0.1	1	780.5586268046479	20.666543027529944	21.10266210185332	0.2	0	0.07736556795389146	1.968322827796381	2.0098596793387324	0	0	NaN	NaN	NaN	NaN	9	309.222776453654	303.87436557957074	96809.19102112054	1.1012170401070407	1017.2118703015617	0.02609681424646315	0.04770530712785021	0.014270366804921388	2001.247981328446	4410.152301937251	0.01295872319913818	45.37820565628439	2408.9043206088045	290.6727623204796	-1.742193925383677	0.7489365568747852	0.8658040725560328	2.0846492107599057	-6.748352325849744e-15	-5.484601545284137e-14	2.0846492107599057	10.399932877124195	4.261963924841325	156.73803607515867	24.539698508017526	NaN	0.5312653675434266	1.3287685441158938	-9752.07424269936	-0.0002054024559441361	0.0407866278399256	0.0022069630835078024	0	20.75333223388252	-3.1493982333598587	7.123947379021583	17.739636252837155	27.05406458936799	37.94371025936972	56.8465922178166	0.30709922782007604	1.0120855169529337	3.22049261099331	1.0246734046636654	29.013366373081702	1.1098773653837488	-1.8250475219255595	1.1098773653837488	0.6633102306557193	1.1098773653837488	0.10377478820460152	1.30635970445275	NaN	NaN	800000009	800000009	800000009	800000019	800000019	801110019	899999999	899999999	89999	89999	89	89	20	20	0	18	6	12	4	NaN	0	0	0	0	0	0	0	0	0	NaN	NaN	NaN	NaN	0	0	0	0	0	0	301	0	0	18000	0	21	18000	18000	18000	18000	93	NaN	1.0778572833371995	1.3754778095570475	0.20420199533754066	0.018866561013540804	0.5715817491099036	1.7373670790943772	8.370531387136882e-7	NaN	0.0028750007647845564	-0.04863327749511403	0.017675677003079964	0.00010377478820460152	NaN	15.738070439015347	780.553880615438	94.64138490592109	95.33203611543443	93.95073614374796	1.3812985182007167	0.0002946025334191897	35.17689598804061	241
DATA	2026-09-05T163000_AIU-1657.ghg	2026-09-05	17:00:00	248.708	1	18000	18000	0.30084906979036363	1	NaN	-0.05888548053824193	1	NaN	212.27602579603948	1	NaN	-1.1514978368815258	1	NaN	4.852563707323505	1	NaN	0.18979831170691044	0	NaN	NaN	NaN	NaN	NaN	NaN	NaN	NaN	NaN	NaN	5.297171588165052e-11	2.6302189460536553e-12	2.6281980361759446e-13	NaN	15.775199241381092	416.6516178286997	425.45344792104333	0.1	1	783.2902376648284	20.68811555142712	21.125155203315135	0.2	0	0.07826884022241758	1.990271992942729	2.0323167976904553	0	0	NaN	NaN	NaN	NaN	9	309.35181333499486	303.7605112736303	96823.45697761879	1.1017830734790484	1017.2208439600776	0.026083192746492578	0.3144461282345631	0.01429272299014643	2003.6321750349236	4381.578763230377	0.012972356659115277	45.7285440546941	2377.946588195454	290.69162745349746	-2.2434441351092222	1.5622846444614402	1.1138318318677538	2.9520156245111386	9.0716087755537e-15	3.3579110520960326e-15	2.9520156245111386	6.708736601675088	15.852495817053068	145.14750418294696	22.167299947121645	NaN	0.5225481186387779	0.7505234910403731	206999.8317997577	0.000009676819457214382	-0.0002774005228212661	-0.0001005473405646621	0	19.902389812705753	-3.0202644379894124	6.831846382288952	17.012263469822617	25.9447752008059	36.387916119293095	54.51572909317092	0.29685839132377	1.0134430374320837	12.492379295601857	1.0293102663407512	188.58045163058594	1.1256523354386239	-1.0229604653490378	1.1256523354386239	4.310890276288234	1.1256523354386239	0.13765808868105622	1.3109272587013163	NaN	NaN	800000009	800000009	800000009	800000019	800000019	800001019	899999999	899999999	89999	89999	89	89	34	3	1	10	0	3	1	NaN	0	0	0	0	0	0	0	0	0	NaN	NaN	NaN	NaN	0	0	0	0	0	0	301	151	0	6005	0	21	18000	18000	18000	18000	93	NaN	0.5892471382481325	0.692445583925732	0.21935425990688184	0.01103014962822759	0.9368074918826679	1.9347828733878336	7.279531037298776e-7	NaN	0.011146379234612114	-0.027245892356598796	0.11481778270754767	0.00013765808868105623	NaN	15.776236930520339	783.2772370724308	94.67307790141635	95.34179220835368	94.00436182085673	1.3374280136724297	0.00029351517931597	42.164479469564334	003
DATA	2026-09-05T170000_AIU-1657.ghg	2026-09-05	17:30:00	248.729	1	18000	18000	0.6900809893090585	1	NaN	59.51443322558925	1	NaN	5.486154523486724	2	NaN	-4.355185103003821	1	NaN	0.12541541655863495	2	NaN	0.14007475839341366	1	NaN	NaN	NaN	NaN	NaN	NaN	NaN	NaN	NaN	NaN	-1.326228314343982e-9	-6.72567065134286e-11	-6.615250043758348e-12	NaN	15.73271992539977	415.8042944792145	424.7610549930997	0.1	1	797.8497482192472	21.086585996050726	21.54080809844297	0.1	1	0.07847508234388717	1.9961154621214328	2.0391134022333257	0	0	NaN	NaN	NaN	NaN	9	309.1114466306898	303.7902085940618	96820.23592593311	1.1014714213881047	1017.446337245856	0.026086610614987387	0.008126918992999544	0.014566104112469603	2042.1558708058776	4389.01622311132	0.01322422337032857	46.52878383206836	2346.8603523054426	290.9937510953011	-1.7860206635071956	0.4341671864831877	0.992649990430563	2.088953077451773	-2.5696354784191343e-13	-8.42974590936972e-14	2.088953077451773	6.302972267100531	354.663120824229	166.336879175771	28.371733397876607	NaN	0.7915227738034629	1.8040047095147806	-711.8480209268436	-0.0028139433434006245	10.848114644019335	0.06709252565089462	0	26.42502303836326	-4.010099194462977	9.070855296547967	22.58771224738923	34.44768637627467	48.313369942964954	72.3822320232388	0.681837926312163	1.0120894756345977	58.80338685596005	1.0246938250839062	4.942676961879013	1.1099561160479123	-3.923745308517968	1.1099561160479123	0.11299132888711547	1.1099561160479123	0.0950450592874636	1.3063755812381905	NaN	NaN	800000009	800000009	800000009	800000019	800000019	800101019	899999999	899999999	89999	89999	89	89	32	3	1	21	28	9	4	NaN	0	0	0	0	0	0	0	0	0	NaN	NaN	NaN	NaN	0	3	0	0	0	0	301	0	0	14997	0	16	18000	18000	18000	18000	93	NaN	0.48787293686827526	2.8723686278557676	0.24776785430551834	0.03515917953137581	0.30839171689002665	2.3616272265856093	9.814420142182675e-7	NaN	0.05247078895822193	-0.10456267733632846	0.003011071039340453	0.00009504505928746359	NaN	15.733754849684248	797.7998152358833	94.66293733257719	95.33624737739564	93.98962035157946	1.3466243571870828	0.0002940983401478864	37.62936169210367	006
DATA	2026-09-05T173000_AIU-1657.ghg	2026-09-05	18:00:00	248.749	1	18000	18000	0.41565542532180855	1	NaN	15.044385491952792	1	NaN	235.41205700506356	1	NaN	-7.060841792049149	1	NaN	5.3844642980857795	1	NaN	0.1268261444351395	1	NaN	NaN	NaN	NaN	NaN	NaN	NaN	NaN	NaN	NaN	-2.730368866376392e-10	-1.4018251860204458e-11	-1.3556150078150019e-12	NaN	15.716969157081149	416.8135619536713	425.92844330127326	0.1	1	806.9401714773886	21.40002972554412	21.868005697509183	0.2	0	0.07803399580577977	1.9899991055310307	2.0335164173088214	0.1	0	NaN	NaN	NaN	NaN	9	309.1675234612359	304.33465817422325	96837.27694334669	1.0995630412050128	1017.6385314105082	0.026128763921570958	0.3489132865159585	0.014758774790079043	2072.876483193376	4527.326981546342	0.013422399841581506	45.78587965133832	2454.450498352966	291.2311161799601	-1.3321571139505497	0.7922832764245681	0.7277157600486807	1.7122866564258514	1.8639031606489023e-13	-1.7372108064144462e-14	1.7122866564258514	5.11534718537946	11.741520174629613	149.2584798253704	25.15043906738567	NaN	0.6148322786307601	0.8644867903795749	-1320.0779518243285	-0.0015174103902210812	0.06390660564861891	0.021867750839579925	0	23.749394952692978	-3.6040623098232913	8.152398757938338	20.300625602567266	30.959734936424912	43.42146845454973	65.05327217242927	0.41076217709594826	1.0119126066096327	29.0097477702588	1.0230618257885211	213.29215234075036	1.10370707230229	-6.3973874674196916	1.10370707230229	4.878526588448869	1.10370707230229	0.08376627807862869	1.3053500982193122	NaN	NaN	800000009	800000009	800000009	800000019	800000019	810011019	899999999	899999999	89999	89999	89	89	20	2	0	44	2	2	1	NaN	0	0	0	0	0	0	0	0	0	NaN	NaN	NaN	NaN	0	2	0	0	0	0	301	0	0	18000	0	16	18000	18000	18000	18000	93	NaN	0.4470616730432913	1.0866855232148855	0.195226384500973	0.022437807076150746	0.6882774732102848	2.1863124572575994	6.306539154701545e-7	NaN	0.025925687174819776	-0.1708121933855657	0.13025814542367534	0.00008376627807862868	NaN	15.718054364980459	806.9104631417363	94.59466542689006	95.311179819319	93.87815282418994	1.4330257131556638	0.00029525004514046785	35.399429019318724	188
DATA	2026-09-05T180000_AIU-1657.ghg	2026-09-05	18:30:00	248.77	1	18000	18000	0.0634982339148987	0	NaN	-12.845788107513908	2	NaN	214.4333845514604	0	NaN	0.06595302531302244	2	NaN	4.905937511296565	0	NaN	0.11019644712187138	0	NaN	NaN	NaN	NaN	NaN	NaN	NaN	NaN	NaN	NaN	-3.2177519217478995e-10	-1.5994428877147373e-11	-1.6103679974057744e-12	NaN	15.68389036754068	415.56737511157354	424.3326197638089	0.2	0	779.5966721522166	20.6565421652342	21.092234802797197	0.2	0	0.07849217632970462	2.003506051561434	2.045764471629793	0.1	0	NaN	NaN	NaN	NaN	9	309.3579861373901	304.60761572947047	96855.74139009442	1.0990986260574311	1017.2272941115582	0.026147213173196782	0.3179047507320174	0.014235968236065783	2001.2413738276807	4598.0822290834085	0.01295240290412474	43.523392451957356	2596.8408552557275	290.6727100106793	-1.5282274359881047	-0.2555135032526242	0.919705056066862	1.8018389596759756	-3.2293420294695586e-14	-2.051628675247148e-14	1.8018389596759756	5.0362321978795555	331.50817185847063	189.49182814152925	30.692194882502182	NaN	0.24036016346508163	1.1457990522116857	92.37137854360758	0.021685288577287572	-0.059905728459138954	-0.047801727713701676	0	13.643941844771893	-2.0705208136086592	4.683523717983758	11.662636277077365	17.78625619067555	24.945477204306474	37.37287051315379	0.06275025448142987	1.0119199426305145	0.2884368138276866	1.0234177836494154	194.03336285302026	1.1051366703049572	0.0596786144964523	1.1051366703049572	4.439213396061498	1.1051366703049572	0.0785502493483069	1.3055227590188399	NaN	NaN	800000009	800000009	800000009	800000019	800000019	800000119	899999999	899999999	89999	89999	89	89	22	0	1	16	2	12	8	NaN	0	0	0	0	0	0	0	0	0	NaN	NaN	NaN	NaN	0	0	0	0	0	0	301	151	0	18000	0	16	18000	18000	18000	18000	93	NaN	0.3327504415441209	1.839577476265228	0.11927018661402287	0.009008037278047623	0.1383685150782387	1.2833860635588992	0.0000010859273846580754	NaN	0.0002579859293259608	0.0015933514143941275	0.11852196977247897	0.0000785502493483069	NaN	15.684959603410414	779.591377927218	94.61908235783048	95.32513325119018	93.9130336695777	1.412096398886707	0.0002947202504421714	45.33458252838334	246
DATA	2026-09-05T183000_AIU-1657.ghg	2026-09-05	19:00:00	248.791	0	18000	18000	0.27475398038532195	1	NaN	-17.09843936980001	2	NaN	242.25791168442623	0	NaN	2.9903781980657724	1	NaN	5.539643758815959	0	NaN	0.12498022579156996	0	NaN	NaN	NaN	NaN	NaN	NaN	NaN	NaN	NaN	NaN	4.822737908660916e-10	2.3272122497270667e-11	2.4057178357102626e-12	NaN	15.711079311700237	414.79794162779064	423.27014879478594	0.1	0	758.1381556099197	20.016075291675953	20.42490166115062	0.2	0	0.07837129952788655	1.9950771549743938	2.035826409671154	0.1	0	NaN	NaN	NaN	NaN	9	309.36844458601206	304.0754933814244	96867.65015376886	1.101426165077355	1016.8515343095701	0.02609832743914044	0.35896891557127414	0.01382041373253169	1939.4302709359763	4461.024289835149	0.012547744161825919	43.47499912419543	2521.5940188991726	290.17660513649344	-1.6507384119893689	-1.7622642481153743	1.174687565589969	2.6852194438732275	6.484299306002495e-15	3.0696413740775674e-14	2.6852194438732275	7.084574382863549	294.12842605969126	226.87157394030876	25.942203217220566	NaN	0.49945262704909493	0.8582227448528593	622.616748988194	0.00321722793878451	-0.07057948799654908	-0.03056674778305512	0	18.770323629345565	-2.848469027125216	6.443244695150683	16.04459032313824	24.469012595605406	34.31813808211985	51.4148244305457	0.27132037869377723	1.0126551559012087	-2.5303090661780065	1.0285875682210182	213.4209603107296	1.1351177097681104	2.634421234319978	1.1351177097681104	4.880237275081925	1.1351177097681104	0.0846583945357446	1.3859695932166514	NaN	NaN	800000009	800000009	800000009	800000019	800001019	800001119	899999999	899999999	89999	89999	89	89	31	5	0	22	35	25	6	NaN	0	0	0	0	0	0	0	0	0	NaN	NaN	NaN	NaN	0	3	0	0	0	0	301	0	0	18000	0	16	18000	18000	18000	18000	93	NaN	0.47658249800873426	1.0078748593596452	0.23198813233733923	0.01337482385856221	0.3165447315286328	0.5391149857781035	3.098215556470651e-7	NaN	-0.002259230976774055	0.07015866581207975	0.12996818109633432	0.0000846583945357446	NaN	15.712165113024772	758.1659544779342	94.68790710152521	95.35496523178948	94.02085302119784	1.3341138148142306	0.00029317463087661754	43.54035499318995	179
DATA	2026-09-05T190000_AIU-1657.ghg	2026-09-05	19:30:00	248.812	0	18000	18000	0.3165016751535805	1	NaN	-48.36800077386716	1	NaN	395.62584777680587	1	NaN	7.889476113683209	1	NaN	9.03631145607129	1	NaN	0.25794246207933114	1	NaN	NaN	NaN	NaN	NaN	NaN	NaN	NaN	NaN	NaN	-1.6130007137724029e-9	-8.22440614220394e-11	-8.022243089824915e-12	NaN	15.802240942341527	415.32386248692984	424.309304139503	0.1	0	805.7283940242471	21.176631209621057	21.63478303117236	0.2	0	0.07859228896865514	1.991080010301526	2.0341565943221043	0.1	0	NaN	NaN	NaN	NaN	9	309.0106006503636	302.9022015622627	96871.5048123446	1.1052475960792494	1017.4727827857427	0.025996591140677053	0.5855529823534196	0.014678959209332763	2051.962401720515	4171.301544582531	0.013281150089269446	49.19237748192759	2119.339142862016	291.0698603685084	-1.062997626686088	-1.333654048916528	0.7866479972848643	1.8781406092633754	-6.059509103400686e-14	-1.0207417540700992e-13	1.8781406092633754	5.12137303809927	289.55682500665034	231.4431749933497	24.761628287728364	NaN	0.5351286671295883	0.8598752998890996	270.7674098305	0.007397862251051326	-0.1222569279678465	-0.08037436227358125	0	23.238327211690923	-3.526505808414266	7.976965740580772	19.863772584277804	30.293506519764264	42.487073627302046	63.65337845218167	0.31296688534351874	1.0112944531054202	-24.054411962969503	1.0244327788419183	353.39109060425744	1.1195127955838726	7.047240678985288	1.1195127955838726	8.071646426656944	1.1195127955838726	0.18318150402810096	1.384568420182882	NaN	NaN	800000009	800000009	800000009	800000019	800001019	800001019	899999999	899999999	89999	89999	89	89	8	5	0	7	9	25	6	NaN	0	0	0	0	0	0	0	0	0	NaN	NaN	NaN	NaN	0	2	0	0	0	0	301	0	0	18000	0	21	18000	18000	18000	18000	93	NaN	0.9869171589726516	0.5766766612280481	0.1561567795774995	0.03229188460318424	1.9202048984963085	1.3093809712227025	0.000002231504573585594	NaN	-0.021390077830745067	0.18716890466511382	0.2143762770904811	0.00018318150402810097	NaN	15.803411871772703	805.7931101858678	94.75166481844585	95.38349972597759	94.1198325138092	1.2636675918963292	0.00029200040149993995	41.38141926926154	196
DATA	2026-09-05T193000_AIU-1657.ghg	2026-09-05	20:00:00	248.833	0	18000	18000	0.02975744144456998	1	NaN	-12.654914144386305	2	NaN	150.71730023348346	0	NaN	3.547041535279014	1	NaN	3.438127954507334	0	NaN	0.1312541680744437	0	NaN	NaN	NaN	NaN	NaN	NaN	NaN	NaN	NaN	NaN	-9.359517134084957e-11	-5.179609406879917e-12	-4.663584528251145e-13	NaN	16.037393006612398	419.4999148071431	429.47022109461466	0.2	0	887.5183461801627	23.215361153701576	23.76712350956066	0.3	0	0.07990982529082444	2.0143633947289294	2.06223901832459	0.3	0	NaN	NaN	NaN	NaN	9	308.2133447460598	301.6087610497491	96871.8799230359	1.1091291123553333	1018.5941659106237	0.025885481332249015	0.22279069145207525	0.01616121445794055	2249.5189258751993	3871.0007891635223	0.014571084897069186	58.11207613732607	1621.481863288323	292.5389417329326	-0.8492028439121757	-0.2186859065215532	0.5775598863839551	1.0500211513010007	-9.235396220974167e-14	-5.836058971820372e-15	1.0500211513010007	3.0887305456833403	326.55901146717497	194.4409885328251	33.37016569490514	NaN	0.163797301051519	0.20381127023919418	29.688130393699627	0.06747140939616376	-0.08396457556486193	-0.06838631028993568	1	7.273448861563291	3	7	13	24	51	204	0.029421323386660682	1.0114243011264983	-3.483084479811124	1.0225423583048845	135.5084964521533	1.1122350566903398	3.1891114328241814	1.1122350566903398	3.0911882644106874	1.1122350566903398	0.09136431058266693	1.4079647282106442	NaN	NaN	800000009	800000009	800000009	800000019	800000019	800000019	899999999	899999999	89999	89999	89	89	20	1	0	1	8	2	3	NaN	0	0	0	0	0	0	0	0	0	NaN	NaN	NaN	NaN	0	0	0	0	0	0	301	0	0	3004	0	16	18000	18000	18000	18000	93	NaN	0.07635539937582665	0.2902537042411234	0.04101343686143834	0.09608412317131944	8.866863587676287	1.2011072905475113	0.0000019497091960312535	NaN	-0.0030830510711660434	0.08451423934321456	0.08191918982335032	0.00009136431058266693	NaN	16.038587945137742	887.575353248647	94.77149453184339	95.37078248447843	94.17221047804091	1.198570113191999	0.0002910154077916457	54.28193446847375	056
DATA	2026-09-05T200000_AIU-1657.ghg	2026-09-05	20:30:00	248.854	0	18000	18000	0.1550067034795494	1	NaN	-56.732539976502196	1	NaN	159.68032010839545	1	NaN	21.240851648301902	1	NaN	3.6393474367356964	1	NaN	0.09962935056076626	1	NaN	NaN	NaN	NaN	NaN	NaN	NaN	NaN	NaN	NaN	5.10494525802125e-10	2.6747612079305427e-11	2.436014790175941e-12	NaN	16.35795116599135	426.38712945679526	436.1306205616847	0.1	1	857.0829070354298	22.340763627972034	22.851278642726104	0.1	1	0.07805805736059243	1.9588189365760083	2.003580453906355	0.2	0	NaN	NaN	NaN	NaN	9	307.4220711390177	300.69414268267735	96903.57583624437	1.1132380405632103	1018.074873862258	0.025798543352914406	0.2358297139004731	0.015604778997273664	2165.48059393892	3670.1759434623095	0.014017468347900582	59.002092196596024	1504.6953495233897	291.92841601016335	-0.42807415261712245	-0.8025807452230076	0.4037204137679812	0.9951751128493136	2.886305509635035e-14	3.120773015042726e-14	0.9951751128493136	3.744916303079292	279.07421480690584	241.92578519309419	23.93360624276989	NaN	0.3731480883047944	0.4464348706435053	78.29934213860852	0.025582590418882892	-0.355288240516994	-0.13414770569902615	0	20.877842358108715	-3.1682931250743174	7.166687675526581	17.846065634330028	27.216376111435093	38.171354476922595	57.18764473791843	0.15323528226551214	1.0115601393350644	-46.40048579789678	1.0226185837982358	143.52542098846814	1.112557754637942	19.0919092152787	1.112557754637942	3.271153719044495	1.112557754637942	0.07775965510469332	1.412134639458548	NaN	NaN	800000009	800000009	800000009	800000019	800000019	800000019	899999999	899999999	89999	89999	89	89	10	0	0	20	12	5	9	NaN	0	0	0	0	0	0	0	0	0	NaN	NaN	NaN	NaN	0	1	0	0	0	0	0	0	0	14997	0	0	18000	18000	18000	18000	93	NaN	0.49980943684819756	0.29381614144398815	0.0992441629948248	0.2546526671532085	30.322639705306024	0.7014621359696005	0.0000011115472820905653	NaN	-0.04094065344819255	0.5038017832548394	0.08631997242247828	0.00007775965510469332	NaN	16.35924218181664	857.1082331858073	94.83361542108324	95.39544024615817	94.27178977966308	1.12365194465717	0.00028987661424455117	35.609248733173715	184
DATA	2026-09-05T203000_AIU-1657.ghg	2026-09-05	21:00:00	248.874	0	18000	18000	0.0698877222426485	0	NaN	-25.790948409661254	2	NaN	114.59004230090335	1	NaN	13.991972235412991	1	NaN	2.6088778425185697	1	NaN	0.08937472187643286	0	NaN	NaN	NaN	NaN	NaN	NaN	NaN	NaN	NaN	NaN	8.179531378478147e-10	4.163960499799545e-11	3.8863841105441074e-12	NaN	16.759073194660928	435.0624238548656	444.9163225301116	0	0	853.1554629086985	22.14775717647243	22.64939037468611	0.3	0	0.07962827301152081	1.988099253703769	2.0331284898045276	0.1	0	NaN	NaN	NaN	NaN	9	306.4539661670262	299.59293810379245	96936.5289897646	1.1177921631987808	1017.9388479752527	0.02569532572863149	0.1690552841952033	0.015532108655602348	2147.5025959570753	3440.468686046669	0.013895345813799751	62.41889672376878	1292.9660900895938	291.7951165778069	-0.5121993638685302	-1.5417925008005848	0.5446442414838043	1.7135079963787	-5.2387538482485726e-14	4.880658544461734e-14	1.7135079963787	3.518374164672717	269.37701925217857	251.62298074782137	18.5331536146907	NaN	0.2500460008188261	0.2272952360323697	51.834446859127716	0.038644185891360906	-0.225071462509251	-0.09064934085171472	0	18.353146108051135	-2.785160728787609	6.300041151935581	15.687993252498137	23.925179562956053	33.555404521247425	50.2721105681065	0.06903871927518676	1.0122974901095374	-18.638576559662244	1.0263354157840043	101.4645460082484	1.1293604200583316	12.38928865126184	1.1293604200583316	2.3100489411376937	1.1293604200583316	0.06486622634889015	1.427091875530457	NaN	NaN	800000009	800000009	800000009	800000019	800000019	800001019	899999999	899999999	89999	89999	89	89	5	0	0	7	4	3	6	NaN	0	0	0	0	0	0	0	0	0	NaN	NaN	NaN	NaN	0	0	0	0	0	0	301	0	0	3004	0	21	18000	18000	18000	18000	93	NaN	0.27638390280283287	0.11670020056466683	0.06150636869723971	0.18632363820430767	18.401070553861096	0.34398936306623695	0.000001278101101320173	NaN	-0.016380607063963985	0.32555914647777195	0.06070223906859026	0.00006486622634889015	NaN	16.760460312790315	853.2191998684766	94.89179992696974	95.41619064119126	94.36740923097399	1.0487806122369223	0.00028849430138911395	53.20542719364644	211
DATA	2026-09-05T210000_AIU-1657.ghg	2026-09-05	21:30:00	248.895	0	18000	18000	0.047883687674861834	1	NaN	4.877992078931455	0	NaN	79.2700655387568	1	NaN	3.3353409282114073	2	NaN	1.8031216881969006	1	NaN	0.0936874635026031	0	NaN	NaN	NaN	NaN	NaN	NaN	NaN	NaN	NaN	NaN	5.036340154281244e-10	2.5820418432945344e-11	2.367516613277643e-12	NaN	17.000428549336643	439.4843580435392	449.61489186859114	0	0	871.5816748599016	22.531579821454738	23.050954236801942	0.4	0	0.07991675659393206	1.9872575297651238	2.03306571214048	0.2	0	NaN	NaN	NaN	NaN	9	305.82293133121067	298.66647626071506	96955.27881640625	1.1213122870893208	1018.1358421287016	0.025610911689848144	0.11684228539515915	0.015853362826604378	2185.141587678545	3257.019272093882	0.014138222695977237	67.09022591302491	1071.8776844153372	292.0730878575024	-0.31559773094866267	-1.0578929880213015	0.3885532800615357	1.170347449833008	8.427133916177681e-14	2.962478351451771e-14	1.170347449833008	3.2159522581609328	267.6112472125666	253.3887527874334	19.39010478266916	NaN	0.20664766585771127	0.5265239988020138	-154.7237225985074	-0.012946301745840515	0.061536369949719574	0.020676559667758273	0	16.79327625294327	-2.548444460258574	5.764588307993345	14.354639961588932	21.891731664782	30.70346493113635	45.99938537068443	0.04728652249913976	1.0126286549350914	9.550603746908298	1.021579125663522	72.31159270949541	1.096229007943669	3.042558538446191	1.096229007943669	1.6448403345750144	1.096229007943669	0.0686134083560404	1.3057137960098282	NaN	NaN	800000009	800000009	800000009	800000009	800000019	800000019	899999999	899999999	89999	89999	89	89	4	1	0	18	7	3	16	NaN	0	0	0	0	0	0	0	0	0	NaN	NaN	NaN	NaN	0	0	0	0	0	0	0	0	0	8999	0	0	18000	18000	18000	18000	93	NaN	0.856075148390784	0.14451880305528672	0.0524540461579571	0.040171672737125456	10.020261724266495	0.28001423733226705	0.0000013197354180528775	NaN	0.008365627430943951	0.0797193835047078	0.04309716831379758	0.0000686134083560404	NaN	17.00168796730041	871.6380741401725	94.92214777056377	95.40458208507962	94.43971509700351	0.9648662235819622	0.00028758254240124695	45.861000831164304	106
DATA	2026-09-05T213000_AIU-1657.ghg	2026-09-05	22:00:00	248.916	0	18000	18000	0.1251504608183405	1	NaN	50.75393049226395	1	NaN	37.58434681065237	1	NaN	-10.32833342652122	2	NaN	0.8546738892935326	1	NaN	0.04517092228006247	2	NaN	NaN	NaN	NaN	NaN	NaN	NaN	NaN	NaN	NaN	1.3511830591996817e-9	7.23482425963852e-11	6.345993893609103e-12	NaN	17.048311152670642	440.087550544774	450.7081314409907	0.1	1	912.8410415851708	23.564209641083803	24.132881930128885	0.1	1	0.08006944561255594	1.98924670689579	2.037252962803204	0.5	0	NaN	NaN	NaN	NaN	9	305.70223413340256	298.3763374089791	96988.5855331464	1.1223460376405803	1018.7184927629733	0.02557724556536046	0.05538286802622091	0.016601751112047244	2286.0724125756096	3201.3507410452894	0.014792007594153224	71.40962042257114	915.2783284696798	292.7982766530032	-0.08842175665458751	-0.22200088110245908	0.129456959968036	0.27177546383771645	-8.60184821050429e-14	7.925612379429249e-14	0.27177546383771645	1.9931138709817298	272.7171263137318	248.28287368626826	28.446497858081145	NaN	0.3339280010407261	0.3319714826627579	-62.773915111529696	-0.03190975099197039	1.3504007598684402	0.1329339394940874	0	23.446129670840364	-3.558040633297212	8.048297600328818	20.041399000903933	30.56439801267257	42.86700279782234	64.22258158178039	0.12163311771022242	1.0289176432729263	51.87403191608231	1.0303219349593662	34.14740525760731	1.1006501526870593	-9.383847720646079	1.1006501526870593	0.7765173040743096	1.1006501526870593	0.02078569325909966	1.3289156270112954	NaN	NaN	800000009	800000009	800000009	800000019	800000019	800000019	899999999	899999999	89999	89999	89	89	3	3	0	13	15	5	4	NaN	0	0	0	0	0	0	0	0	0	NaN	NaN	NaN	NaN	0	1	0	0	0	0	301	0	0	18000	0	16	18000	18000	18000	18000	93	NaN	0.4578750990794898	0.14659972894763465	0.05946813729839129	0.0773612060513315	5.601790697308851	0.09926034581386664	0.0000018309196111086635	NaN	0.04537002695436656	-0.24580677354972963	0.020340612806416976	0.000020785693259099658	NaN	17.049580525130622	912.9040904239823	94.87425833087497	95.34720953453912	94.40130135239495	0.9459046485622721	0.00028685257360242157	32.87040682283692	047
DATA	2026-09-05T220000_AIU-1657.ghg	2026-09-05	22:30:00	248.937	0	18000	18000	0.16540010627166016	1	NaN	8.031578395695856	1	NaN	-5.841072982727106	2	NaN	-7.9934900119972	2	NaN	-0.1327832950149376	2	NaN	0.04749912487404372	1	NaN	NaN	NaN	NaN	NaN	NaN	NaN	NaN	NaN	NaN	-6.105694010940874e-10	-3.217678704569404e-11	-2.887856613263396e-12	NaN	16.958018408962584	437.0963694890936	447.4021990123444	0.1	1	893.6814489628578	23.034820897173123	23.57793439304215	0.1	1	0.08020763163435779	1.989157741456182	2.0360579721816476	0.1	0	NaN	NaN	NaN	NaN	9	305.4226509653728	298.03813822723805	97016.77021212356	1.1241731543472333	1018.4090604104999	0.02554083253651348	-0.008604357516967956	0.016251916576552238	2235.363377624658	3137.5098337465497	0.014456773419384079	71.24641821298694	902.1464561218918	292.4375197239253	-0.5981257179057557	-0.5403611300441732	0.48769593951423523	0.942120934223182	-4.2522950933409086e-14	-3.600476107346314e-14	0.942120934223182	2.707823236047181	298.9045846210415	222.09541537895845	31.175250004610685	NaN	0.3835758774105906	0.5172144216529933	-601.297242666104	-0.0033312974979203534	-1.3750176413556874	0.018289176508399493	0	21.9255088188617	-3.327280552416657	7.526317669064913	18.741595167544578	28.582115154105605	40.08682290325895	60.05736548461735	0.16317752270686264	1.0136206477946734	7.571191083764805	1.0215298791887126	-5.3388623082642095	1.0940669838376442	-7.306216282990774	1.0940669838376442	-0.12136669598526353	1.0940669838376442	0.035748586126035875	1.3070075240868093	NaN	NaN	800000009	800000009	800000009	800000019	800000019	800010019	899999999	899999999	89999	89999	89	89	4	0	1	6	0	2	1	NaN	0	0	0	0	0	0	0	0	0	NaN	NaN	NaN	NaN	0	0	0	0	0	0	301	0	0	18000	0	16	18000	18000	18000	18000	93	NaN	0.35674853829707304	0.5848937738254593	0.09278653118345416	0.05267619513008181	8.050139222815735	0.3475477983542185	4.446754939992312e-7	NaN	0.006613155622700384	-0.19100785858006736	-0.003172913558150756	0.000035748586126035874	NaN	16.959206932140347	893.7316647223419	94.90169923061795	95.35695648235745	94.44644161033631	0.9105152387155442	0.0002865699046944631	44.22701118600101	065
DATA	2026-09-05T223000_AIU-1657.ghg	2026-09-05	23:00:00	248.958	0	18000	18000	0.03717445693220831	1	NaN	-1.364338112782697	2	NaN	-6.598136575857926	2	NaN	2.3106006287747674	1	NaN	-0.1499137319358742	2	NaN	-0.014195226684713048	2	NaN	NaN	NaN	NaN	NaN	NaN	NaN	NaN	NaN	NaN	-2.0051439752616234e-10	-1.0513339536808212e-11	-9.46205261942917e-13	NaN	17.20275292217961	442.5466237757866	453.05919892600195	0.1	1	901.972051234357	23.203535377133743	23.75472907356647	0.1	1	0.08117788815013363	2.00836308534783	2.0560712063216195	0	1	NaN	NaN	NaN	NaN	9	304.8838450080023	297.49085333404025	97039.10096483205	1.1264279955876584	1018.4938718693636	0.0254880654295795	-0.009714409829444649	0.016404843114332338	2252.25419353648	3036.5518131679137	0.01456359676658597	74.17143958386119	784.2976196314335	292.5584749238908	0.1478227562764314	-0.026104118892239035	0.2619275982007463	0.3018924626344735	-1.1220584869404337e-13	-1.1655948233008564e-14	0.3018924626344735	2.577401008840185	171.01465179643992	349.9853482035601	60.18310520212913	NaN	0.18166472199601497	0.3859826504998725	376.1019793749966	0.005325949103827468	0.20677627646792052	-0.006546204327101516	1	0.6530429505338008	1	1	1	2	5	48	0.036556761913852286	1.0168968745046854	-1.73473225523208	1.022865131422419	-5.984153273607043	1.1026015334464845	2.0955898923451968	1.1026015334464845	-0.13596365267811444	1.1026015334464845	-0.009850679431593252	1.3939581506222452	NaN	NaN	800000009	800000009	800000009	800000019	800000019	800000019	899999999	899999999	89999	89999	89	89	39	8	0	8	13	0	5	NaN	0	0	0	0	0	0	0	0	0	NaN	NaN	NaN	NaN	0	0	0	0	0	0	301	0	0	15004	0	16	18000	18000	18000	18000	93	NaN	0.07861391900248604	0.5643826776577199	0.12896870433953908	0.06043673069939764	16.477366667473923	0.2700921771578204	0.0000033739452173092314	NaN	-0.001512065477042612	0.054681680952522835	-0.0035477939190496884	-0.000009850679431593253	NaN	17.204126004358333	902.0383609839752	94.89920098453098	95.3397670909034	94.458636141883	0.8811322221755997	0.00028616300460675533	44.723614019482184	092
DATA	2026-09-05T230000_AIU-1657.ghg	2026-09-05	23:30:00	248.979	0	18000	18000	0.08940178536978406	0	NaN	-39.9161785494835	1	NaN	279.60595608166346	1	NaN	47.10944841483007	1	NaN	6.35091844492694	1	NaN	0.07167725624192144	0	NaN	NaN	NaN	NaN	NaN	NaN	NaN	NaN	NaN	NaN	3.9486821943233995e-10	1.9791461339144766e-11	1.841828440010936e-12	NaN	17.16446243592583	441.01644350227934	450.985241443874	0.1	0	860.3118154107042	22.10448818608476	22.604141157251824	0.1	1	0.08006214102881125	1.9770663937984265	2.021756281641105	-0.2	0	NaN	NaN	NaN	NaN	9	304.65592447492816	297.1823272713699	97055.77922084228	1.1282640609509207	1017.8603110445556	0.02545725652577711	0.4115395152312657	0.01564673253517032	2145.9437975209976	2980.8967883637315	0.013867970341963194	71.9898725074257	834.9529908427339	291.7835126821422	-0.18093681945747728	-1.6563549140895186	0.4711979197360769	1.7315534105616026	6.446962620818591e-15	2.3004986081350658e-14	1.7315534105616026	4.122574377137525	257.2341548152468	263.7658451847532	15.790719764870776	NaN	0.2814930771717727	0.5193970451066995	47.822814174728464	0.04188586628719395	-0.14275868478933734	-0.12347592916449046	0	16.563068116889642	-2.5135094874637627	5.68556530441076	14.157861509337893	21.591632109124873	30.282571037311072	45.36880962082491	0.08832992891928336	1.0121346916454577	-23.01784367134113	1.0260130343245204	247.9352337165492	1.1277378849724993	41.773402350475145	1.1277378849724993	5.631555461207026	1.1277378849724993	0.047844194654088214	1.4205101198284271	NaN	NaN	800000009	800000009	800000009	800000019	800000019	800000019	899999999	899999999	89999	89999	89	89	9	0	0	1	0	2	6	NaN	0	0	0	0	0	0	0	0	0	NaN	NaN	NaN	NaN	0	0	0	0	0	0	301	0	0	17997	0	16	18000	18000	18000	18000	93	NaN	0.8220411735555533	0.11600408144930488	0.10074883520854075	0.315518018863265	53.98606761877643	0.7152362544886606	0.0000011240755826853747	NaN	-0.02004313728222791	1.087480875756168	0.14660545993934795	0.000047844194654088215	NaN	17.165560847872182	860.3381711818993	94.9621246041192	95.38505279413859	94.53919534895155	0.8458539121018541	0.00028597533459509984	37.302655879232645	114
