DATAH	filename	date	time	DOY	daytime	file_records	used_records	Tau	qc_Tau	rand_err_Tau	H	qc_H	rand_err_H	LE	qc_LE	rand_err_LE	co2_flux	qc_co2_flux	rand_err_co2_flux	h2o_flux	qc_h2o_flux	rand_err_h2o_flux	ch4_flux	qc_ch4_flux	rand_err_ch4_flux	none_flux	qc_none_flux	rand_err_none_flux	H_strg	LE_strg	co2_strg	h2o_strg	ch4_strg	none_strg	co2_v-adv	h2o_v-adv	ch4_v-adv	none_v-adv	co2_molar_density	co2_mole_fraction	co2_mixing_ratio	co2_time_lag	co2_def_timelag	h2o_molar_density	h2o_mole_fraction	h2o_mixing_ratio	h2o_time_lag	h2o_def_timelag	ch4_molar_density	ch4_mole_fraction	ch4_mixing_ratio	ch4_time_lag	ch4_def_timelag	none_molar_density	none_mole_fraction	none_mixing_ratio	none_time_lag	none_def_timelag	sonic_temperature	air_temperature	air_pressure	air_density	air_heat_capacity	air_molar_volume	ET	water_vapor_density	e	es	specific_humidity	RH	VPD	Tdew	u_unrot	v_unrot	w_unrot	u_rot	v_rot	w_rot	wind_speed	max_wind_speed	wind_dir	yaw	pitch	roll	u*	TKE	L	(z-d)/L	bowen_ratio	T*	model	x_peak	x_offset	x_10%	x_30%	x_50%	x_70%	x_90%	un_Tau	Tau_scf	un_H	H_scf	un_LE	LE_scf	un_co2_flux	co2_scf	un_h2o_flux	h2o_scf	un_ch4_flux	ch4_scf	un_none_flux	un_none_scf	spikes_hf	amplitude_resolution_hf	drop_out_hf	absolute_limits_hf	skewness_kurtosis_hf	skewness_kurtosis_sf	discontinuities_hf	discontinuities_sf	timelag_hf	timelag_sf	attack_angle_hf	non_steady_wind_hf	u_spikes	v_spikes	w_spikes	ts_spikes	co2_spikes	h2o_spikes	ch4_spikes	none_spikes	head_detect_LI-7200	t_out_LI-7200	t_in_LI-7200	aux_in_LI-7200	delta_p_LI-7200	chopper_LI-7200	detector_LI-7200	pll_LI-7200	sync_LI-7200	chopper_LI-7500	detector_LI-7500	pll_LI-7500	sync_LI-7500	not_ready_LI-7700	no_signal_LI-7700	re_unlocked_LI-7700	bad_temp_LI-7700	laser_temp_unregulated_LI-7700	block_temp_unregulated_LI-7700	motor_spinning_LI-7700	pump_on_LI-7700	top_heater_on_LI-7700	bottom_heater_on_LI-7700	calibrating_LI-7700	motor_failure_LI-7700	bad_aux_tc1_LI-7700	bad_aux_tc2_LI-7700	bad_aux_tc3_LI-7700	box_connected_LI-7700	mean_value_RSSI_LI-7200	mean_value_LI-7500	u_var	v_var	w_var	ts_var	co2_var	h2o_var	ch4_var	none_var	w/ts_cov	w/co2_cov	w/h2o_cov	w/ch4_cov	w/none_cov	co2_mean	h2o_mean	avg_signal_strength_7200_mean	co2_signal_strength_7200_mean	h2o_signal_strength_7200_mean	delta_signal_strength_7200_mean	flowrate_mean	rssi_77_mean	CHK
DATAU		[yyyy-mm-dd]	[HH:MM]	[ddd.ddd]	[1=daytime]	[#]	[#]	[kg+1m-1s-2]	[#]	[kg+1m-1s-2]	[W+1m-2]	[#]	[W+1m-2]	[W+1m-2]	[#]	[W+1m-2]	[µmol+1s-1m-2]	[#]	[µmol+1s-1m-2]	[mmol+1s-1m-2]	[#]	[mmol+1s-1m-2]	[µmol+1s-1m-2]	[#]	[µmol+1s-1m-2]	[µmol+1s-1m-2]	[#]	[µmol+1s-1m-2]	[W+1m-2]	[W+1m-2]	[µmol+1s-1m-2]	[mmol+1s-1m-2]	[µmol+1s-1m-2]	[µmol+1s-1m-2]	[µmol+1s-1m-2]	[mmol+1s-1m-2]	[µmol+1s-1m-2]	[µmol+1s-1m-2]	[mmol+1m-3]	[µmol+1mol_a-1]	[µmol+1mol_d-1]	[s]	[1=default]	[mmol+1m-3]	[mmol+1mol_a-1]	[mmol+1mol_d-1]	[s]	[1=default]	[mmol+1m-3]	[µmol+1mol_a-1]	[µmol+1mol_d-1]	[s]	[1=default]	[mmol+1m-3]	[µmol+1mol_a-1]	[µmol+1mol_d-1]	[s]	[1=default]	[K]	[K]	[Pa]	[kg+1m-3]	[J+1kg-1K-1]	[m+3mol-1]	[mm]	[kg+1m-3]	[Pa]	[Pa]	[kg+1kg-1]	[%]	[Pa]	[K]	[m+1s-1]	[m+1s-1]	[m+1s-1]	[m+1s-1]	[m+1s-1]	[m+1s-1]	[m+1s-1]	[m+1s-1]	[deg_from_north]	[deg]	[deg]	[deg]	[m+1s-1]	[m+2s-2]	[m]	[#]	[#]	[K]	[0=KJ/1=KM/2=HS]	[m]	[m]	[m]	[m]	[m]	[m]	[m]	[kg+1m-1s-2]	[#]	[W+1m-2]	[#]	[W+1m-2]	[#]	[µmol+1s-1m-2]	[#]	[mmol+1s-1m-2]	[#]	[µmol+1s-1m-2]	[#]	[µmol+1s-1m-2]	[#]	8u/v/w/ts/co2/h2o/ch4/none	8u/v/w/ts/co2/h2o/ch4/none	8u/v/w/ts/co2/h2o/ch4/none	8u/v/w/ts/co2/h2o/ch4/none	8u/v/w/ts/co2/h2o/ch4/none	8u/v/w/ts/co2/h2o/ch4/none	8u/v/w/ts/co2/h2o/ch4/none	8u/v/w/ts/co2/h2o/ch4/none	8co2/h2o/ch4/none	8co2/h2o/ch4/none	8aa	8U	[#]	[#]	[#]	[#]	[#]	[#]	[#]	[#]	[#_flagged_recs]	[#_flagged_recs]	[#_flagged_recs]	[#_flagged_recs]	[#_flagged_recs]	[#_flagged_recs]	[#_flagged_recs]	[#_flagged_recs]	[#_flagged_recs]	[#_flagged_recs]	[#_flagged_recs]	[#_flagged_recs]	[#_flagged_recs]	[#_flagged_recs]	[#_flagged_recs]	[#_flagged_recs]	[#_flagged_recs]	[#_flagged_recs]	[#_flagged_recs]	[#_flagged_recs]	[#_flagged_recs]	[#_flagged_recs]	[#_flagged_recs]	[#_flagged_recs]	[#_flagged_recs]	[#_flagged_recs]	[#_flagged_recs]	[#_flagged_recs]	[#_flagged_recs]	[#]	[#]	[m+2s-2]	[m+2s-2]	[m+2s-2]	[K+2]	--	--	--	--	[m+1s-1K+1]	--	--	--	--	--	--	--	--	--	--	--	--	241
DATA	2026-09-01T233000_AIU-1657.ghg	2026-09-02	00:00:00	245	0	18000	18000	0.387918410206589	1	NaN	73.73571012361327	1	NaN	159.47545467726363	1	NaN	-25.621636961426127	1	NaN	3.6229192664927825	1	NaN	0.035559654170713745	1	NaN	NaN	NaN	NaN	NaN	NaN	NaN	NaN	NaN	NaN	7.330608747923103e-10	3.9897636129572283e-11	3.3169617424482104e-12	NaN	18.125943962227492	463.23387805246125	475.2150025434763	0.1	1	986.524232267697	25.212008095049455	25.864093838271064	0.1	1	0.08201646648445493	2.0287961092528	2.0812690822012336	0	1	NaN	NaN	NaN	NaN	9	305.24069876437716	297.35960188853625	97595.35603394837	1.1325166542348588	1019.644358637746	0.025331612389848997	0.2347651684687323	0.017934918104112	2461.2349295384465	3012.7655180004735	0.01583633939249135	81.69354418169027	551.530588462027	293.99272116646483	-0.8663601027136008	-0.6834964188518284	0.6633224420084955	1.2875340167269727	-3.158591139052336e-14	4.0442631640036504e-14	1.2875340167269727	3.0493250269756826	302.7290751433196	218.27092485668038	31.01004104996282	NaN	0.5852587252017583	0.7391668392833475	-233.7284111112044	-0.008570203299105798	0.46236400625309365	0.1091029898502545	0	26.48916415876678	-4.019832856942236	9.092872867578809	22.642539112395042	34.53130080477585	48.43064036782371	72.5579244891465	0.3831954117684124	1.0123253000770036	82.2700567903606	1.021772026210605	145.29134167921384	1.0976253149989257	-23.34278975831676	1.0976253149989257	3.300688510902583	1.0976253149989257	0.0011010831438760464	1.3053787667346755	NaN	NaN	800000009	800000009	800000009	800000019	800000019	801000019	899999999	899999999	89999	89999	89	89	15	0	0	6	30	2	6	NaN	0	0	0	0	0	0	0	0	0	NaN	NaN	NaN	NaN	0	3	0	0	0	0	0	0	0	0	0	0	18000	18000	18000	18000	93	NaN	0.3540621771296801	0.9896291388799838	0.1346423625570309	0.09726225881750113	12.334609591377225	0.15866681068129296	1.487455873685574e-7	NaN	0.07124403020092955	-0.6066084210826347	0.08577489952206074	0.0000011010831438760464	NaN	18.127401718318936	986.5888900871307	95.53765755653382	95.99931600062052	95.07599651739332	0.923319314344061	0.0002841819845667084	58.117307989226724	174
DATA	2026-09-02T000000_AIU-1657.ghg	2026-09-02	00:30:00	245.02	0	18000	18000	0.14716614469269496	1	NaN	-10.260006083505857	1	NaN	26.44858485303743	1	NaN	18.473994665429824	1	NaN	0.6005852725834124	1	NaN	0.012613350210761997	1	NaN	NaN	NaN	NaN	NaN	NaN	NaN	NaN	NaN	NaN	4.798235385946761e-10	2.515229836965765e-11	2.1571168320129e-12	NaN	18.266339370930297	466.23666488984674	477.91699246386935	0.1	1	957.5195483837424	24.440075909009668	25.05235742620578	0.1	1	0.08211899781260724	2.026515951926616	2.077284953884189	0.1	0	NaN	NaN	NaN	NaN	9	304.77549395328094	296.9024823201497	97586.19019162326	1.1344880182228467	1019.1921378412242	0.02529504669833514	0.03891792566340512	0.017410925572842084	2385.653650684469	2931.1876607661193	0.015346945312050062	81.38863582896413	545.5340100816502	293.4867716877172	-0.7112778962465907	-1.9192204302866964	0.611084669030708	2.136058936088432	8.920638065426336e-14	2.6268182630959127e-14	2.136058936088432	4.467012968636573	271.3350943066338	249.66490569336622	16.62344218314133	NaN	0.36016706736572207	0.366341950513971	391.3958816876849	0.005117836169769353	-0.3879226862426089	-0.024636989607677053	0	20.1022842802004	-3.050599194629516	6.9004636844041505	17.183130254122453	26.20535782790943	36.753386958943835	55.063271008474224	0.14545567183693178	1.011759409819926	-8.544410964453142	1.0258797110607571	23.50445700379311	1.1252582796858146	16.417559416303945	1.1252582796858146	0.5337310406203836	1.1252582796858146	0.010423834217469563	1.3876446299533791	NaN	NaN	800000009	800000009	800000009	800000009	800000019	800000019	899999999	899999999	89999	89999	89	89	23	2	0	13	13	3	17	NaN	0	0	0	0	0	0	0	0	0	NaN	NaN	NaN	NaN	0	0	0	0	0	0	0	0	0	0	0	0	18000	18000	18000	18000	93	NaN	0.2981846339167137	0.33286245379277457	0.1016368133184538	0.05713883983842499	16.862970515928566	0.07547771793033406	1.1103103179095961e-7	NaN	-0.007389688815267074	0.42568960920308263	0.013839070250332961	0.000010423834217469563	NaN	18.267651916099943	957.5850131898874	95.59226700973511	96.04129218800863	95.14323990715874	0.8980568823847506	0.0002836091264584361	55.83223663819634	027
DATA	2026-09-02T003000_AIU-1657.ghg	2026-09-02	01:00:00	245.041	0	18000	18000	0.28866701567054914	1	NaN	41.44649709642781	1	NaN	65.52223603739297	1	NaN	1.2810386035547663	1	NaN	1.4875291752477693	1	NaN	0.03635493910922348	1	NaN	NaN	NaN	NaN	NaN	NaN	NaN	NaN	NaN	NaN	-9.674356863437673e-10	-5.028043279957575e-11	-4.3440008637648554e-12	NaN	18.343251983249	467.8245759321263	479.48281571504543	0.2	0	953.3518989309897	24.314197299299206	24.92010976484176	0.1	1	0.08236527097799817	2.030408463835876	2.08100646562213	0.1	0	NaN	NaN	NaN	NaN	9	304.60829023827444	296.6758137282947	97590.10513042708	1.1354548939470075	1019.1155567061555	0.025274721366889956	0.09639189055605545	0.01733517994047597	2373.461555807326	2891.4562658252657	0.015267167399504834	82.08533477956318	517.9947100179397	293.40384470084416	-0.21271462010903425	-0.9828627564370737	0.33809202469314215	1.0609302167252572	-4.3886857196716055e-14	-5.2740685633454014e-14	1.0609302167252572	3.3431276836532313	263.2118155492717	257.78818445072824	18.58281842341391	NaN	0.504212534600704	0.7348864566939723	-265.83099895447276	-0.007535238583454514	0.6325562069153845	0.07103638886006906	0	24.156050818210907	-3.665773906304007	8.291990557205663	20.648228920100685	31.48985192811484	44.16496507295273	66.16716558961939	0.2849553255771581	1.01302551579225	44.79857676186687	1.021492441777927	59.832839096070614	1.0950881995117625	1.169804043296155	1.0950881995117625	1.3583647197650142	1.0950881995117625	0.014725623593547418	1.306210921268642	NaN	NaN	800000009	800000009	800000009	800000019	800000019	801100019	899999999	899999999	89999	89999	89	89	2	1	0	6	11	1	7	NaN	0	0	0	0	0	0	0	0	0	NaN	NaN	NaN	NaN	0	23	0	0	0	0	0	0	0	0	0	0	18000	18000	18000	18000	93	NaN	1.1914422344946995	0.15249059306149965	0.12584008583174544	0.0809055301496447	12.514596178001478	0.060489749327967406	2.888659061207212e-7	NaN	0.03871425436531544	0.03030347352229001	0.035188089453876914	0.000014725623593547418	NaN	18.344611413439534	953.4184422599219	95.59626275274488	96.0360981089274	95.15642845831977	0.8796753789898404	0.00028347844056649294	57.21109377674376	225
DATA	2026-09-02T010000_AIU-1657.ghg	2026-09-02	01:30:00	245.062	0	18000	18000	0.129803104617592	1	NaN	65.55450944097089	1	NaN	69.55857085741023	1	NaN	-13.335240754794004	1	NaN	1.578555629748298	1	NaN	0.09337954254981236	1	NaN	NaN	NaN	NaN	NaN	NaN	NaN	NaN	NaN	NaN	3.7590084009371355e-10	1.9306423972747177e-11	1.6792703534395454e-12	NaN	18.474694581889263	470.35922575114614	482.00338943746783	0.1	1	948.8680213538429	24.15784606807692	24.75589517294231	0.1	1	0.08253242236032896	2.030718721051716	2.0809909808358036	0.1	0	NaN	NaN	NaN	NaN	9	304.2860951580472	296.27785138617617	97613.81955099826	1.1373241904624654	1019.0183527847015	0.025234685700806368	0.10229040480768971	0.017251032914256594	2358.772172821991	2822.83631010211	0.015168087568103056	83.56035964184785	464.0641372801192	293.30343474696065	-0.684703200639061	-1.7490088426946453	0.6496655906360836	1.9874395046003857	2.2206992506196492e-14	2.034679590655907e-14	1.9874395046003857	3.649082699676236	272.3793841167253	248.62061588327464	19.079859889122933	NaN	0.33783170243454724	0.4184528173822941	-50.56045859184051	-0.03961791597205295	0.9424361172594048	0.16743100640094444	0	22.364390114269188	-3.393882482209617	7.676971415599903	19.11674429786071	29.15424124832553	40.88923788527378	61.259529346829524	0.12826302907995146	1.0120071664351584	68.59387068576476	1.024221850018904	62.76605388196828	1.1082195957103707	-12.033031004334562	1.1082195957103707	1.4244068917915509	1.1082195957103707	0.05326334202827292	1.3060252056407151	NaN	NaN	800000009	800000009	800000009	800000009	800000019	800000019	899999999	899999999	89999	89999	89	89	8	0	0	11	8	0	4	NaN	0	0	0	0	0	0	0	0	0	NaN	NaN	NaN	NaN	0	0	0	0	0	0	0	0	0	0	0	0	18000	18000	18000	18000	93	NaN	0.6538836699830266	0.1145260418748403	0.06849592290672141	0.23031611162197999	23.697952859743793	0.15821014638838143	4.47113468077804e-7	NaN	0.05918600520691083	-0.31116894325645766	0.03683454211381411	0.00005326334202827292	NaN	18.476090023706902	948.9236932874584	95.57420856051975	95.99102350107829	95.15739480569627	0.8336322807404777	0.00028322265540838194	55.205161134189815	184
DATA	2026-09-02T013000_AIU-1657.ghg	2026-09-02	02:00:00	245.083	0	18000	18000	0.39594211572564	1	NaN	73.84746923644673	1	NaN	307.80214204162013	1	NaN	23.7079734927272	1	NaN	6.984027884433389	1	NaN	0.20577477582145817	1	NaN	NaN	NaN	NaN	NaN	NaN	NaN	NaN	NaN	NaN	-1.0315425938823065e-10	-5.3088825548518135e-12	-4.578819256792178e-13	NaN	18.600800656299434	473.0497044041001	484.8538226666956	0.1	0	957.2989685171547	24.345725888418986	24.953230395662345	0.1	1	0.0825653780482998	2.0300211952498506	2.080676781842998	-0.1	0	NaN	NaN	NaN	NaN	9	304.2098920084635	296.0998577168783	97642.6197921007	1.1382620109998791	1019.1230491475638	0.025212086917574535	0.4525650069112836	0.017400780405857342	2377.818109978527	2792.6083427136273	0.015287148510361021	85.14685262552639	414.7902327351003	293.43351944281846	-0.5007211951377236	-1.716091501396557	0.5406619405576443	1.867620703031693	-3.600004033423152e-14	-5.5456892041524e-15	1.867620703031693	3.991762992506712	267.26618947431916	253.73381052568087	16.827567303676553	NaN	0.5897863660575792	0.7714044656498806	-238.87235722519617	-0.008385650073824087	0.23991863327078888	0.10793741726549334	0	21.823331932273007	-3.3117748156758715	7.491243650338335	18.654255901680973	28.44891726288706	39.90001096692826	59.77748716240216	0.39127018232756905	1.0119404278912305	90.83484393368818	1.023693245301766	278.24841357758265	1.1062134661759615	21.43164426906014	1.1062134661759615	6.313454046601223	1.1062134661759615	0.12695798441427045	1.3056780359961968	NaN	NaN	800000009	800000009	800000009	800000009	800000019	800000019	899999999	899999999	89999	89999	89	89	14	0	2	30	2	0	10	NaN	0	0	0	0	0	0	0	0	0	NaN	NaN	NaN	NaN	0	0	0	0	0	0	0	0	0	0	0	0	18000	18000	18000	18000	93	NaN	1.0052394278262238	0.3156255190741223	0.2219439843994152	0.11884920549026613	8.74288235844289	0.24966617678430736	4.787836386772504e-7	NaN	0.07830393887610343	0.5538233257103916	0.16314838343300644	0.00012695798441427045	NaN	18.602156196039807	957.3564288965183	95.50379269599912	95.8976790190803	95.109907561832	0.7877728981508141	0.00028280425783628346	56.162952093092564	098
DATA	2026-09-02T020000_AIU-1657.ghg	2026-09-02	02:30:00	245.104	0	18000	18000	0.0816891537479626	1	NaN	34.04258147047332	1	NaN	43.12719207784791	1	NaN	-4.2756026506759905	2	NaN	0.9783098154143007	1	NaN	0.04755787069269008	1	NaN	NaN	NaN	NaN	NaN	NaN	NaN	NaN	NaN	NaN	3.81827442766132e-10	1.9387528167694114e-11	1.6772876876621279e-12	NaN	18.799800986140838	477.7522541141422	489.6297768190627	0.1	1	954.5717000469577	24.25817069804094	24.86125937164661	0.1	1	0.08258357360622194	2.0279906908436507	2.0784090934119996	0.1	0	NaN	NaN	NaN	NaN	9	303.9111547173395	295.8405868312872	97669.15163567697	1.139607211854044	1019.0680795571473	0.02518316784495201	0.06339447603884668	0.01735811182134822	2369.9104852362166	2749.083283199902	0.015231661962816162	86.2073004378997	379.1727979636853	293.37962120085706	-0.5798513316499498	-1.654176993738774	0.6034241142331989	1.8538203135874571	2.914599239716784e-14	2.031018536034579e-14	1.8538203135874571	3.1768790902030504	270.3174853725495	250.68251462745053	18.99605319941989	NaN	0.2677346642930782	0.3024509817175305	-48.482385928898076	-0.0413160359504099	0.7893530700775473	0.10948622809456068	0	19.964682018346085	-3.0297175205202005	6.853229280712388	17.06550991029748	26.025979382178587	36.50180613828364	54.686357095097435	0.08072567440202572	1.0119352282043332	36.05433380824359	1.023634533065411	38.99425281988733	1.105988420320565	-3.865865656565129	1.105988420320565	0.8845570147386741	1.105988420320565	0.026578720551793885	1.3056436027817242	NaN	NaN	800000009	800000009	800000009	800000019	800000019	800000019	899999999	899999999	89999	89999	89	89	14	0	0	13	7	0	18	NaN	0	0	0	0	0	0	0	0	0	NaN	NaN	NaN	NaN	0	32	0	0	0	0	0	0	0	0	0	0	18000	18000	18000	18000	93	NaN	0.42749712896886705	0.12026884131251712	0.057135993153676776	0.10378950379181218	7.761167798795393	0.0946692864713872	2.046989191111129e-7	NaN	0.031045530690272168	-0.09977577061101535	0.022829908133266137	0.000026578720551793886	NaN	18.801219339072425	954.6324969917503	95.51612994088067	95.90958098687067	95.12267846467759	0.7869023412184587	0.00028284361405692636	53.24783339998455	154
DATA	2026-09-02T023000_AIU-1657.ghg	2026-09-02	03:00:00	245.124	0	18000	18000	0.09261720416053687	0	NaN	10.225885442159003	2	NaN	29.014702959952004	1	NaN	7.028129843455673	1	NaN	0.6580734181359611	1	NaN	0.02691381591659339	1	NaN	NaN	NaN	NaN	NaN	NaN	NaN	NaN	NaN	NaN	-1.81472047307461e-10	-9.163206628793648e-12	-8.000695302466325e-13	NaN	18.72105532844525	475.38112473343534	487.0727119581431	0	0	945.2965392128976	24.003782058955707	24.59413429858769	0.1	1	0.08253693152518149	2.0251408848099697	2.0749474717045464	0.2	0	NaN	NaN	NaN	NaN	9	303.84669368998203	295.67655737304693	97663.70426367187	1.140286515670732	1018.9189105895954	0.02517060884115895	0.04264315749521028	0.017184652260230464	2344.9271054105675	2721.8539452085893	0.015070468714717913	86.15183447070905	376.9268397980218	293.20829334366783	-0.4709463550194971	-2.078906128621087	0.5693644261890187	2.2063129902020298	-1.1471827305073766e-13	-9.693473157559006e-15	2.2063129902020298	4.500599338796352	263.7641025937395	257.2358974062605	14.955069082772411	NaN	0.2849960488652747	0.44805105226944697	-194.6567827390522	-0.010290419741937593	0.3524380537782324	0.030882217179421096	0	13.80045192918144	-2.094271822737578	4.73724856530247	11.796418743239272	17.990282892738865	25.231627554938353	37.801575881821286	0.09149992909089284	1.0122106659616552	11.747987584553325	1.0252634838229893	26.092213924687734	1.1120061733243376	6.320225563537215	1.1120061733243376	0.5917893568600014	1.1120061733243376	0.017056170697219576	1.3068411658758836	NaN	NaN	800000009	800000009	800000009	800000009	800000019	801100019	899999999	899999999	89999	89999	89	89	18	4	0	17	6	0	14	NaN	0	0	0	0	0	0	0	0	0	NaN	NaN	NaN	NaN	0	0	0	0	0	0	0	0	0	0	0	0	18000	18000	18000	18000	93	NaN	0.4971590970250247	0.2359755189162448	0.16296748859762444	0.09552412957956173	13.650343564706851	0.05823969644241042	6.144726229831915e-8	NaN	0.010111366858139932	0.1629975321885517	0.015262145911394485	0.000017056170697219577	NaN	18.72246488353941	945.3625363694783	95.50942196189033	95.88591091558668	95.13293615298801	0.7529766195019093	0.0002822728639714316	53.86933335646872	221
DATA	2026-09-02T030000_AIU-1657.ghg	2026-09-02	03:30:00	245.145	0	18000	18000	0.23488916563450424	1	NaN	46.003575139637356	1	NaN	98.6122090899853	0	NaN	6.37854633565691	2	NaN	2.237027498349128	0	NaN	0.14490481125965457	1	NaN	NaN	NaN	NaN	NaN	NaN	NaN	NaN	NaN	NaN	3.530156199562258e-10	1.7914809066578452e-11	1.5600845316869e-12	NaN	18.72995426010319	475.5163398828388	487.2749999867752	0.1	0	950.5062536244262	24.131466018686705	24.72819358180965	0.1	1	0.08277342493800555	2.0329039220136904	2.0831739637304647	-0.7	0	NaN	NaN	NaN	NaN	9	303.8736906899346	295.8772050052219	97651.68549956597	1.1393174904603538	1018.9958897383766	0.025190789793631867	0.1449593818930235	0.017262222767517293	2357.1104306669868	2755.194387233972	0.01515137168704599	85.55151105085422	398.0839565669853	293.2920413623535	-0.39517294618740734	-1.9298235802028387	0.6161532329265007	2.06398292496596	2.2664439194578598e-14	1.8847649868968812e-14	2.06398292496596	4.283767299063875	262.572563772301	258.42743622769905	17.3691121419498	NaN	0.4540556773545347	0.4585835546888406	-174.9698342927574	-0.011448259113330571	0.4665099338526969	0.08727006045077847	0	18.011842041633226	-2.7333665199491755	6.182882510518101	15.396251669911079	23.48025524172301	32.93139183448656	49.33722585333933	0.23208849461975373	1.0120672548604317	51.031952655053324	1.0245758021434623	88.87744284309794	1.1095302242670606	5.748871185433893	1.1095302242670606	2.0161933847515288	1.1095302242670606	0.09706635335581278	1.3062869386583493	NaN	NaN	800000009	800000009	800000009	800000009	800000019	800000019	899999999	899999999	89999	89999	89	89	20	0	1	25	0	0	5	NaN	0	0	0	0	0	0	0	0	0	NaN	NaN	NaN	NaN	0	0	0	0	0	0	0	0	17997	0	0	0	18000	18000	18000	18000	93	NaN	0.30665740433309957	0.3979507223555279	0.21255898268905374	0.06631990286890281	26.479670352765567	0.0751896249597678	3.6740932249918903e-7	NaN	0.04395669075000744	0.14840069244912998	0.052045781642592104	0.00009706635335581277	NaN	18.731358786968162	950.5724952452329	95.4507649430169	95.81313512929282	95.08839413494533	0.7247391482922771	0.0002824967329151049	57.65898874805572	224
DATA	2026-09-02T033000_AIU-1657.ghg	2026-09-02	04:00:00	245.166	0	18000	18000	0.06792843025979016	1	NaN	9.01171240452517	0	NaN	49.45794914067134	0	NaN	18.212595414363985	0	NaN	1.121725502413424	0	NaN	0.0299217944381886	0	NaN	NaN	NaN	NaN	NaN	NaN	NaN	NaN	NaN	NaN	2.4172838684286513e-10	1.1996245397069449e-11	1.066312673814885e-12	NaN	18.812146783577223	477.4452168642294	489.0324272367689	0	0	933.5896880335474	23.69415549396569	24.269193539401417	0.1	1	0.0829841740930246	2.0357438139205675	2.085149674537245	0	0	NaN	NaN	NaN	NaN	9	303.60217627122665	295.662937040541	97650.0273969184	1.1403140655394979	1018.7408517765291	0.0251729745918395	0.07268781255638987	0.01696139197849485	2314.3555680355103	2719.603564658943	0.014874316200309419	85.0990048001995	405.24799662343275	292.9964541275102	-0.5917458136437168	-1.9583096447959498	0.6570117021023368	2.1486749753197047	1.7957198617140426e-14	1.284959072581185e-14	2.1486749753197047	3.866510315273595	267.8133327474344	253.1866672525656	17.804812956907092	NaN	0.24406952093660825	0.2236407103935231	-138.71366637761244	-0.01444053821306311	0.1822095853366969	0.03178378187392289	0	17.304955733512212	-2.626093795506981	5.9402313157483615	14.792015885659298	22.558757545751895	31.63897821341664	47.40095474038007	0.06711314522104106	1.0121479188028502	11.751134119943243	1.024980695362798	44.516844616873556	1.1109940420603153	16.393063081228686	1.1109940420603153	1.0096593320457485	1.1109940420603153	0.018634058679686594	1.3066048364470881	NaN	NaN	800000009	800000009	800000009	800000009	800000019	800000019	899999999	899999999	89999	89999	89	89	8	1	0	6	8	0	4	NaN	0	0	0	0	0	0	0	0	0	NaN	NaN	NaN	NaN	0	0	0	0	0	0	0	0	18000	0	0	0	18000	18000	18000	18000	93	NaN	0.22330249236440564	0.15609649034651837	0.0678824380761222	0.13087882395956477	67.07084047653738	0.05157161236596595	1.2085502693782177e-7	NaN	0.010115598420351502	0.42267988989071087	0.02603312713320195	0.000018634058679686593	NaN	18.81358278391094	933.6555391281231	95.52846167416041	95.89896137237548	95.15796470854016	0.7409988139735323	0.00028250585732166663	59.47811129213263	119
DATA	2026-09-02T040000_AIU-1657.ghg	2026-09-02	04:30:00	245.187	0	18000	18000	0.155792642762475	1	NaN	34.62133569959337	1	NaN	81.59229489048815	1	NaN	0.7110821401366437	2	NaN	1.8503547373062867	1	NaN	0.11956553278544411	1	NaN	NaN	NaN	NaN	NaN	NaN	NaN	NaN	NaN	NaN	4.270661647564301e-10	2.122265503025326e-11	1.883568708975294e-12	NaN	18.83027566384315	477.41992765110876	489.0219431017242	0.1	1	935.7529992249271	23.724938347402514	24.30148969209757	0.1	1	0.08305063933599743	2.0364204570226927	2.0859085077678063	0	0	NaN	NaN	NaN	NaN	9	303.54845382012263	295.55680928039544	97654.96797634549	1.1407678425064844	1018.7565726625417	0.025162665692055917	0.11990298697744738	0.01699038573962734	2317.4795672142695	2702.124513795342	0.01489381546932128	85.76509170405294	384.6449465810724	293.0182133526428	-0.34313699494332867	-1.9600105316547969	0.47342954493354855	2.0453654479121375	3.3927416433193265e-14	2.267976169761863e-14	2.0453654479121375	4.501273239542717	260.9300788757399	260.0699211242601	13.383309883964273	NaN	0.3695513874387522	0.32057184368426217	-125.33833169081205	-0.015981543498929763	0.42432114142716	0.08061229546845797	0	18.715025434182323	-2.840077312667392	6.424262614198178	15.99732225762572	24.396925813263085	34.21703534490668	51.2633541068695	0.15393748189544698	1.012051391540158	38.82965261795831	1.0244886526771828	73.55884460158246	1.109211208147944	0.641070100007321	1.109211208147944	1.6681716914814035	1.109211208147944	0.08094134485070564	1.306219143322494	NaN	NaN	800000009	800000009	800000009	800000009	800000019	800000019	899999999	899999999	89999	89999	89	89	15	9	0	33	26	0	15	NaN	0	0	0	0	0	0	0	0	0	NaN	NaN	NaN	NaN	0	0	0	0	0	0	0	0	18000	0	0	0	18000	18000	18000	18000	93	NaN	0.29550207630267944	0.21769458774236322	0.12794702332348165	0.07395389767827475	21.101185028469416	0.0730262773851849	4.971640730340655e-7	NaN	0.0334114875173725	0.01652314844247438	0.042995997607072976	0.00008094134485070565	NaN	18.83156946239368	935.8154284158621	95.44988478724161	95.79266823323569	95.10710007646347	0.6855653985043361	0.0002821034901636368	59.0478037963973	188
DATA	2026-09-02T043000_AIU-1657.ghg	2026-09-02	05:00:00	245.208	0	18000	18000	0.09456966032234608	1	NaN	-4.0844608370589555	2	NaN	47.942790905661276	1	NaN	11.339106255264195	1	NaN	1.087245516338692	1	NaN	0.03708904997979761	0	NaN	NaN	NaN	NaN	NaN	NaN	NaN	NaN	NaN	NaN	3.77845873561635e-11	1.873713477644674e-12	1.6826478418174815e-13	NaN	18.711030656416057	474.5268531448084	485.96226574969535	0.2	0	927.8680217168104	23.531482608522023	24.098557392698787	0.1	1	0.08332517980261459	2.042952467988947	2.092184675289334	-0.3	0	NaN	NaN	NaN	NaN	9	303.5201250279745	295.55316064622673	97655.03850824652	1.1408669545345898	1018.6454961116119	0.025162336886541983	0.07045350945874725	0.016852064487609494	2298.5842458385205	2701.5253395984864	0.014771279350872425	85.084682055218	402.94109375996595	292.88620943055423	-0.4441867682876264	-2.0448990409242334	0.4896360520364684	2.149106194711702	-2.8217028168067122e-14	2.0193749906132015e-15	2.149106194711702	3.6251507387592996	263.25523536773653	257.7447646322635	13.169490402888247	NaN	0.28791110352931915	0.2182411599241013	502.3757282318935	0.003987254732727417	-0.08519447366124541	-0.012207261611656363	0	17.381517104821786	-2.6377122789788694	5.966512356996506	14.857459394332706	22.658563025716123	31.77895681816752	47.61066819773832	0.09348474438430972	1.0116052725520257	-1.2428194535872465	1.0255682710166685	42.664094841762896	1.1237268969018694	10.090624587278517	1.1237268969018694	0.9675353676558273	1.1237268969018694	0.026118415647558686	1.3821287413397056	NaN	NaN	800000009	800000009	800000009	800000009	800000019	800000019	899999999	899999999	89999	89999	89	89	16	7	0	13	15	0	13	NaN	0	0	0	0	0	0	0	0	0	NaN	NaN	NaN	NaN	0	0	0	0	0	0	0	0	18000	0	0	0	18000	18000	18000	18000	93	NaN	0.18462290533937212	0.15843633166946502	0.09342308283936554	0.07744256708239862	20.629635386583903	0.08244568540105968	1.6359566081164626e-7	NaN	-0.0010694241134118836	0.2600240888764577	0.024932302282618946	0.000026118415647558685	NaN	18.712394443640825	927.9301714983787	95.51115828238592	95.86717760128447	95.15514317533705	0.7120373207926753	0.00028208509381026187	59.093399496449365	059
DATA	2026-09-02T050000_AIU-1657.ghg	2026-09-02	05:30:00	245.229	0	18000	18000	0.1447776215046712	1	NaN	2.489615052937694	2	NaN	-21.791987253850632	2	NaN	-13.138336226793362	1	NaN	-0.49410275465220943	2	NaN	-0.008069567354542308	2	NaN	NaN	NaN	NaN	NaN	NaN	NaN	NaN	NaN	NaN	8.057454027506596e-10	3.956440484279441e-11	3.560681505608398e-12	NaN	18.889482724186518	478.5308134319835	490.04552697385634	0.1	1	927.5276523072594	23.497232212237055	24.0626375954564	0.1	1	0.08347479434187216	2.0447341062028324	2.0939358019794607	0	1	NaN	NaN	NaN	NaN	9	303.3365600780911	295.3537357906765	97669.0398031684	1.1418158782916188	1018.6222047773683	0.0251417538691112	-0.03201785850146317	0.01684131242091024	2295.567704810231	2668.9520908817985	0.014749586812637567	86.0100753645149	373.3843860715674	292.86504771954816	-0.15767077476985594	-2.5450001979470107	0.3738315960664839	2.577137199099889	6.089545610170145e-14	4.265576853086427e-14	2.577137199099889	4.228301789580273	254.54512293845607	266.4548770615439	8.340575572476272	NaN	0.35608418024978256	0.2706439558685382	-1559.3879746418604	-0.001284542418290769	-0.11424451675455988	0.006011326325612957	0	16.363796886511945	-2.48326930946062	5.617161939429886	13.98752745875182	21.33186193454831	29.918239673881395	44.82297484854052	0.14295643155023163	1.0127394754799797	1.1783454653886658	1.0271993751991129	-19.479918586357574	1.1186898526933409	-11.74439563848881	1.1186898526933409	-0.4416798395575101	1.1186898526933409	-0.00580526851126868	1.3086558407322875	NaN	NaN	800000009	800000009	800000009	800000009	800000019	800000019	899999999	899999999	89999	89999	89	89	24	12	0	38	24	3	12	NaN	0	0	0	0	0	0	0	0	0	NaN	NaN	NaN	NaN	0	0	0	0	0	0	0	0	18000	0	0	0	18000	18000	18000	18000	93	NaN	0.1908813294456729	0.1842369245899152	0.16616965770148825	0.03623837852434707	9.540441172341966	0.01346113967609265	9.582585942305968e-8	NaN	0.0010131258993554015	-0.30238174442688764	-0.01137188532085018	-0.00000580526851126868	NaN	18.890865520964972	927.5968282841477	95.45075014962092	95.782766327752	95.11873833550348	0.6640319251782368	0.00028180136874854925	59.919409905327676	055
DATA	2026-09-02T053000_AIU-1657.ghg	2026-09-02	06:00:00	245.249	1	18000	18000	0.24537266761982	1	NaN	34.66285111507172	1	NaN	92.17829171919563	1	NaN	11.305888600419092	1	NaN	2.089889684260585	1	NaN	0.06310130463510717	1	NaN	NaN	NaN	NaN	NaN	NaN	NaN	NaN	NaN	NaN	2.4291205314483416e-10	1.1877449932549058e-11	1.0710083354900668e-12	NaN	19.00265277515731	481.2458812762116	492.84299066331624	0	0	929.155445357715	23.53104255677075	24.098095876374867	0.1	1	0.08378340743133988	2.0517345450221645	2.1011774408009787	0	1	NaN	NaN	NaN	NaN	9	303.3161599282159	295.29254613096725	97685.30178022043	1.1422279006102165	1018.6405407050033	0.025132360588458243	0.1354248515400859	0.016871849050781068	2299.2535784017564	2659.0266717393715	0.014771000639861415	86.4697448445572	359.77309333761514	292.89090164890615	-0.3944388564119375	-2.3596210725984736	0.45616423539759254	2.435462877432982	5.146039168213708e-14	1.2783060134761804e-14	2.435462877432982	4.442787513762531	260.4899305907675	260.51006940923247	10.795305863293189	NaN	0.46348609570030863	0.4587637307381297	-247.01767640174063	-0.008109136273884425	0.3760413701380557	0.06427674130194339	0	18.851085345568702	-2.8607249291427723	6.470967578884688	16.113624223468438	24.574293649386338	34.46579625700404	51.636043283364536	0.24233996182653147	1.0125142620739511	39.383626633012774	1.026438462503637	82.58929706477356	1.1161045679672217	10.129775403581297	1.1161045679672217	1.8724855575736357	1.1161045679672217	0.035870212259395615	1.3079035721761574	NaN	NaN	800000009	800000009	800000009	800000019	800001019	800001119	899999999	899999999	89999	89999	89	89	14	17	0	26	39	3	9	NaN	0	0	0	0	0	0	0	0	0	NaN	NaN	NaN	NaN	0	1	0	0	0	0	0	0	18000	0	0	0	18000	18000	18000	18000	93	NaN	0.3609980753863852	0.35888290453835336	0.19764648155152081	0.03615536598709083	7.797288691788739	0.03263548914905398	7.644170819373641e-8	NaN	0.03384869929676663	0.2607218712346183	0.048194349724456645	0.000035870212259395614	NaN	19.004011820687182	929.2228489859951	95.42488323487177	95.74939245859782	95.10038047069972	0.6490196400334441	0.0002813980695807711	59.88419939862357	170
DATA	2026-09-02T060000_AIU-1657.ghg	2026-09-02	06:30:00	245.27	1	18000	18000	0.15372034650809205	1	NaN	48.48836689469766	0	NaN	108.86465056054125	1	NaN	7.599596470475507	1	NaN	2.467948252146981	1	NaN	0.06075270411921168	1	NaN	NaN	NaN	NaN	NaN	NaN	NaN	NaN	NaN	NaN	-1.0154689898908116e-9	-4.9655711591049504e-11	-4.550535492800154e-12	NaN	18.8666577243596	477.70698078146273	489.1328961766563	0	0	922.5661482273134	23.359531702948345	23.91825084176564	0.1	1	0.08454556117409548	2.069240635463883	2.118733252034883	0.3	0	NaN	NaN	NaN	NaN	9	303.3111116672092	295.1842433328687	97684.0851790745	1.1427075208159199	1018.540137511216	0.02512345582773796	0.15992304673912436	0.016754811574715305	2282.466567924179	2641.538198809663	0.01466237971616042	86.4067219982929	359.07163088548396	292.7728565982616	-0.4322729099754716	-2.106112822735079	0.6264995422280722	2.2394358144853412	-1.1235079975411454e-15	-5.382347020477789e-14	2.2394358144853412	4.6763617334147956	262.59869568066506	258.4013043193349	16.24574747463283	NaN	0.3667736561403386	0.4338379490530941	-87.50256355431303	-0.022891900747075502	0.44540047338628586	0.11358636176033526	0	15.440357164118181	-2.3431337689341163	5.300174965198772	13.198185073053327	20.1280649918462	28.229897345351787	42.29353038414997	0.15186016300353009	1.0122493185030936	53.9875074756553	1.0254285223246615	97.8478517375193	1.1125911159764135	6.830538516214986	1.1125911159764135	2.2181987764490656	1.1125911159764135	0.029523744267003976	1.3069807680452592	NaN	NaN	800000009	800000009	800000009	800000019	800000019	800011019	899999999	899999999	89999	89999	89	89	12	5	0	40	6	0	7	NaN	0	0	0	0	0	0	0	0	0	NaN	NaN	NaN	NaN	0	30	0	0	0	0	0	0	18000	2997	0	0	18000	18000	18000	18000	93	NaN	0.33244321320947856	0.33138326491799386	0.20384941997871578	0.05325195054678166	10.792493231930747	0.06141756828542945	8.754938321113384e-7	NaN	0.046385265161579	0.17571239290910973	0.05706212094883342	0.000029523744267003976	NaN	18.868045540173846	922.6312089156312	95.4556947725084	95.78134037102595	95.13004716915555	0.6512898311283861	0.00028171985748081676	57.487150111424185	115
DATA	2026-09-02T063000_AIU-1657.ghg	2026-09-02	07:00:00	245.291	1	18000	18000	0.03598028456359713	0	NaN	13.059963663402527	0	NaN	24.309723403677424	0	NaN	10.331710478090834	0	NaN	0.550879692756916	0	NaN	0.0020901061712638174	1	NaN	NaN	NaN	NaN	NaN	NaN	NaN	NaN	NaN	NaN	1.8625908571994145e-10	8.916093158458552e-12	8.225430046378672e-13	NaN	19.097986618224994	482.9367450296852	494.36540881262925	0	0	914.2073642685029	23.11784679756116	23.6649290006739	0.1	1	0.0843390551111608	2.060154689729913	2.1089081041927766	1.1	0	NaN	NaN	NaN	NaN	9	302.9490616760254	294.7740970374213	97695.83135677084	1.1445405926083523	1018.3940425069757	0.025085531375636023	0.03569700409064815	0.016606529086098453	2259.123085413379	2576.2165553077557	0.014509340423001496	87.6915056212541	317.09346989437654	292.6074357819201	-0.39042687220843975	-1.9619436102758083	0.5790860923931138	2.082545695740525	-7.399798117536236e-14	9.75281266257651e-15	2.082545695740525	3.6079671113748404	262.2548324325768	258.7451675674232	16.14483835065181	NaN	0.17730325019781762	0.15820103234644425	-36.70177600165135	-0.05457774032269917	0.5372320962494743	0.06319434569419109	1	20.922354765290983	9	17	31	50	89	248	0.03555070424824083	1.0120835950915812	14.258476827135533	1.02466343608003	21.903640522870102	1.1098485376572482	9.309117530487345	1.1098485376572482	0.49635574050469466	1.1098485376572482	-0.002972021924761346	1.3063520235085526	NaN	NaN	800000009	800000009	800000009	800000009	800000019	800000019	899999999	899999999	89999	89999	89	89	13	7	0	14	13	0	14	NaN	0	0	0	0	0	0	0	0	0	NaN	NaN	NaN	NaN	0	0	0	0	0	0	0	0	18000	4	0	0	18000	18000	18000	18000	93	NaN	0.16381900114035705	0.09261031980362107	0.05997274374891035	0.08659192521204855	49.50986908236045	0.034255956431674624	3.621837108037278e-7	NaN	0.012232805877683321	0.23905201002456664	0.012746088666974615	-0.0000029720219247613462	NaN	19.099320214059617	914.2723632893876	95.42797869915432	95.73504009373983	95.12091623179118	0.614126377231547	0.00028104542428789307	53.48130707316947	220
DATA	2026-09-02T070000_AIU-1657.ghg	2026-09-02	07:30:00	245.312	1	18000	18000	0.02529578053344695	0	NaN	17.118225465606162	0	NaN	11.174761917867386	0	NaN	2.157716386233842	1	NaN	0.2532461860997175	0	NaN	0.041302409992158125	0	NaN	NaN	NaN	NaN	NaN	NaN	NaN	NaN	NaN	NaN	1.7693339440666273e-10	8.572230713467708e-12	7.891222455134051e-13	NaN	18.93964584894399	478.8568721053213	490.2302608040706	0	0	917.6052626637737	23.200095155478103	23.751123480269875	0.1	1	0.08447074624700987	2.0640309961593624	2.113054051216248	0.2	0	NaN	NaN	NaN	NaN	9	303.0182731933594	294.84044867621526	97716.49705447048	1.1444891643999544	1018.4425052938652	0.025085871517965017	0.016410352859261693	0.01666538559624682	2267.6401372672312	2586.6872738335305	0.014561418416734714	87.66580174597357	319.0471365662993	292.66796370319116	-0.47348626053897835	-1.3911347544143449	0.5364135146979385	1.5643479800253186	-4.0356732986277265e-14	9.341958968917465e-15	1.5643479800253186	2.740939175159071	269.7965068770204	251.20349312297955	20.05360167677489	NaN	0.1486682398614563	0.10020589826736352	-16.51001399811864	-0.12132636593937826	1.5318648926413136	0.09878530399965724	1	17.48556473058744	8	14	25	39	66	170	0.024996782692171957	1.0119614529980543	17.523295871022338	1.0225289161968194	10.145555434700658	1.1014440746779175	1.958988600365205	1.1014440746779175	0.22992196510183352	1.1014440746779175	0.027529424236435732	1.3051861998958239	NaN	NaN	800000009	800000009	800000009	800000009	800000019	800000019	899999999	899999999	89999	89999	89	89	12	0	1	11	2	0	2	NaN	0	0	0	0	0	0	0	0	0	NaN	NaN	NaN	NaN	0	0	0	0	0	0	0	0	18000	0	0	0	18000	18000	18000	18000	93	NaN	0.1249713681591203	0.049208210789032154	0.0262322175865746	0.05145396256229323	29.411911363710544	0.01587040792003092	2.821766704221267e-7	NaN	0.01503375927767444	0.05031045681025841	0.005904822056049263	0.000027529424236435732	NaN	18.9410353307724	917.6705680527987	95.39906411107381	95.70170974985759	95.09641713163587	0.6052910102009795	0.0002813871802128334	52.404173366864484	101
DATA	2026-09-02T073000_AIU-1657.ghg	2026-09-02	08:00:00	245.333	1	18000	18000	0.10754019422013959	1	NaN	42.75562761739893	1	NaN	108.43785005519211	1	NaN	-0.661233014740329	2	NaN	2.4586126430563	1	NaN	0.06259740976046535	1	NaN	NaN	NaN	NaN	NaN	NaN	NaN	NaN	NaN	NaN	-3.877240085060792e-10	-1.91223455652661e-11	-1.7249882776660677e-12	NaN	18.971300741542468	480.3366899222929	491.9919570659197	0.1	0	935.6546425901198	23.689954634898857	24.2647863220948	0.1	1	0.0844035207345826	2.0673195509424365	2.117482618105544	0.1	0	NaN	NaN	NaN	NaN	9	303.38351236809626	295.3270394236247	97728.4422515191	1.1425295972918623	1018.7325479617175	0.02512420078741048	0.15931809927004822	0.01699130624879865	2315.8033866386027	2664.6177671373025	0.014871655219324856	86.90940273683441	348.81438049869985	293.00654164669766	-0.49461492474787433	-1.7749216348941048	0.48220130138789496	1.9046020132453372	1.6011731409884235e-14	-2.0437397192120795e-14	1.9046020132453372	2.9077749450655763	266.571484200348	254.42851579965205	14.665586841932809	NaN	0.3067974026768942	0.25066703345368474	-58.102355519835434	-0.03447536648176279	0.39428693574833323	0.1197330281023686	0	18.37301649673046	-2.7881761369301468	6.306862013364336	15.704978161880458	23.951082621447483	33.59173392908866	50.32653864113754	0.10626951632692702	1.0119571250263666	48.43629868298475	1.02385285002562	97.97175609829546	1.106827665173175	-0.5974128001551823	1.106827665173175	2.2213147723151856	1.106827665173175	0.03247868705174206	1.3057769706993125	NaN	NaN	800000009	800000009	800000009	800000009	800000019	800001019	899999999	899999999	89999	89999	89	89	12	14	3	44	6	0	15	NaN	0	0	0	0	0	0	0	0	0	NaN	NaN	NaN	NaN	0	0	0	0	0	0	0	0	18000	0	0	0	18000	18000	18000	18000	93	NaN	0.22663745056439313	0.18235259964923417	0.09234401669374218	0.06773121082138582	7.370107401645268	0.1331666461017724	7.215224132818712e-8	NaN	0.04161436839133022	-0.015373821983599219	0.057163318011000365	0.00003247868705174206	NaN	18.972657857454383	935.7078535579162	95.38775272750854	95.70838097635904	95.06712556076052	0.6412567150808051	0.00028099884720480373	54.74631323157416	160
DATA	2026-09-02T080000_AIU-1657.ghg	2026-09-02	08:30:00	245.354	1	18000	18000	0.055757570448101194	1	NaN	33.42712302576545	1	NaN	66.82358178397814	1	NaN	18.82442848932513	1	NaN	1.5159138899748092	1	NaN	-0.003672602858681377	1	NaN	NaN	NaN	NaN	NaN	NaN	NaN	NaN	NaN	NaN	-1.8825686911205307e-10	-9.578141650747893e-12	-8.647508378004736e-13	NaN	18.546013233064926	471.1187345230034	482.6885871999532	0.1	1	943.5849148070618	23.96960065715611	24.55825215412831	0.1	1	0.08519041327307805	2.092090331944524	2.143468413845632	0	1	NaN	NaN	NaN	NaN	9	303.64380863189695	295.8870615474513	97738.82379588949	1.1403665957383782	1018.9034422289249	0.025169169570147504	0.09823122007036764	0.017161162589763003	2343.388995811726	2756.841343392156	0.015048812069640894	85.00267893285084	413.4523475804299	293.19769330908247	-0.8342033168940419	0.40224064954251676	0.5281530966684971	1.0661324531135479	1.9534192066546544e-14	-1.0150799891397555e-14	1.0661324531135479	2.240985990820595	6.742685508703232	154.25731449129677	29.69557835805725	NaN	0.22112084090045217	0.15071148187152975	-27.827966158947973	-0.07198154506005502	0.5002294419629576	0.1301043465523431	0	17.562573846696527	-2.665188338079742	6.028663277494321	15.012223974101632	22.894588774921964	32.10998628740064	48.10661066411662	0.055041831177931023	1.0130035512055628	36.94304590151775	1.0214941905918011	61.01847347693187	1.095136898323766	17.189109889492446	1.095136898323766	1.3842231891694008	1.095136898323766	-0.015105141567252314	1.3061822998612194	NaN	NaN	800000009	800000009	800000009	800000019	800000019	800000019	899999999	899999999	89999	89999	89	89	45	5	0	25	0	0	4	NaN	0	0	0	0	0	0	0	0	0	NaN	NaN	NaN	NaN	0	5	0	0	0	0	0	0	18000	0	0	0	18000	18000	18000	18000	93	NaN	0.0512735490772194	0.19645297231107062	0.053696442354769475	0.05713162569953691	18.508319989050868	0.07714506464800128	8.473313571217513e-8	NaN	0.03179473304188325	0.44326331624705456	0.035695586636069844	-0.000015105141567252314	NaN	18.54755400244318	943.6590996117077	95.53652487987944	95.92901550971139	95.14403513166641	0.7849799445900549	0.0002822426237899992	60.958457023466956	125
DATA	2026-09-02T083000_AIU-1657.ghg	2026-09-02	09:00:00	245.374	1	18000	18000	0.022692293871025337	1	NaN	17.80455254541241	1	NaN	40.038405923533944	0	NaN	-4.932780433123676	2	NaN	0.909384464318897	0	NaN	0.04345487287502004	0	NaN	NaN	NaN	NaN	NaN	NaN	NaN	NaN	NaN	NaN	-2.6386218051722296e-10	-1.3825282557238827e-11	-1.268077764922643e-12	NaN	17.825306546645553	455.89408769565097	467.05050301086874	0.1	0	933.9720425022717	23.88695707058931	24.471506905493463	0.1	1	0.0856654592955425	2.1155553565176572	2.167326184033633	1	0	NaN	NaN	NaN	NaN	9	303.8634493781195	297.1363595655339	97728.06649178198	1.1354827939220085	1018.8800194275996	0.025278221314606542	0.05892811328786452	0.01702821446295524	2335.0523139780344	2972.6813490882805	0.014996453098279917	78.55037388027456	637.6290351102461	293.1401339494547	-0.5513786532202888	0.08928878706308979	0.28141001128833915	0.6254458419204582	-9.450445501740448e-14	-1.4802672808276485e-14	0.6254458419204582	1.6307783462201226	350.19847424634975	170.80152575365025	26.73951742896999	NaN	0.14136728610693186	0.12295593866475206	-13.651384980157614	-0.14673236473160198	0.44468684840789763	0.10886255916586907	1	4.535475483631483	2	4	7	10	18	48	0.022319930260111576	1.0166830096050623	19.927983117040153	1.0227503192285232	36.628002802863634	1.0931091749398818	-4.512614609967907	1.0931091749398818	0.8319246468395168	1.0931091749398818	0.027129994072855063	1.3113147187437126	NaN	NaN	800000009	800000009	800000009	800000019	800000019	800010019	899999999	899999999	89999	89999	89	89	6	2	0	36	0	1	1	NaN	0	0	0	0	0	0	0	0	0	NaN	NaN	NaN	NaN	0	6	0	0	0	0	0	0	18000	0	0	0	18000	18000	18000	18000	93	NaN	0.05188266993242394	0.16734463912620084	0.026684568270879346	0.040191521808896645	30.282098535098328	0.0644141759218558	0.000001546334361120446	NaN	0.017225020332688936	-0.11686312403680992	0.02154434215989412	0.000027129994072855062	NaN	17.82695731054887	934.0285658468387	95.66419832229613	96.1704662744734	95.15793044959176	1.0125350299245603	0.00028429677422132547	61.4998857941611	018
DATA	2026-09-02T090000_AIU-1657.ghg	2026-09-02	09:30:00	245.395	1	18000	18000	0.004905971726452289	1	NaN	16.984739613322635	1	NaN	27.300248741510757	1	NaN	-0.6931912726355435	2	NaN	0.6208175956756069	1	NaN	0.07098672116084961	1	NaN	NaN	NaN	NaN	NaN	NaN	NaN	NaN	NaN	NaN	-9.4242995332783e-11	-5.1954943104465736e-12	-4.678923103138995e-13	NaN	17.23165183558167	443.10742209074635	454.2026566359669	0.1	1	949.9586548075082	24.42793846120784	25.039604375997705	0.5	0	0.08555073360524276	2.125116987976974	2.178329076608629	0.8	0	NaN	NaN	NaN	NaN	9	304.59135616048184	298.3857834659153	97724.36067751735	1.1304519338532668	1019.2152919435507	0.0253854759093487	0.04022898019977932	0.0173402878159567	2387.8450111730376	3203.149989278283	0.015339252644604241	74.546774867419	815.3049781052455	293.5016372871347	-0.3935934149653553	-0.3936508499907698	0.24943842149512518	0.6099969623863178	2.8519016621858036e-15	-5.469179404970362e-15	0.6099969623863178	2.246437061139359	295.99581986850444	225.00418013149553	24.136850795666607	NaN	0.06587740295934182	0.10982227733326255	-1.4482815575380892	-1.3830874180328843	0.6221459655602656	0.2237713032111592	1	8.319740486416835	4	7	11	16	25	56	0.004824325121816439	1.0169239432613342	18.36884247920859	1.0228768999922504	24.97363636619174	1.0931627393465488	-0.6341153496046772	1.0931627393465488	0.5679095832032366	1.0931627393465488	0.049406780295590896	1.3116575523890017	NaN	NaN	800000009	800000009	800000009	800000009	800000019	801000019	899999999	899999999	89999	89999	89	89	12	5	0	36	20	5	8	NaN	0	0	0	0	0	0	0	0	0	NaN	NaN	NaN	NaN	0	0	0	0	0	0	0	0	18000	0	0	0	18000	18000	18000	18000	93	NaN	0.06177688555250057	0.12287641692347875	0.03499125219054578	0.15377489031730268	5.886254462127849	0.08027208803555291	0.0000010225366464644918	NaN	0.015942769155277335	-0.016500501281139553	0.014777741638107977	0.0000494067802955909	NaN	17.232944681231295	950.0204372430388	95.57656748962401	96.15448689693875	94.9986498760647	1.1558349755737496	0.00028551324863251967	60.79178722974979	205
DATA	2026-09-02T093000_AIU-1657.ghg	2026-09-02	10:00:00	245.416	1	18000	18000	0.003325535880810037	1	NaN	10.538286491813382	1	NaN	44.66129115960755	1	NaN	1.1007289937058504	1	NaN	1.0169446825819175	1	NaN	0.06031164771101119	1	NaN	NaN	NaN	NaN	NaN	NaN	NaN	NaN	NaN	NaN	8.647822088020097e-11	4.914999490117642e-12	4.391580152119235e-13	NaN	16.727502194203236	432.18664918623085	443.0699433371709	0.1	1	950.7094840600932	24.56337721527187	25.18193047247605	0.1	1	0.08494643608864119	2.123041526968447	2.1765038110907455	0.8	0	NaN	NaN	NaN	NaN	9	305.64626905653205	299.7331003406433	97728.19671366905	1.1253564910707625	1019.3215776129614	0.025499099339091356	0.06589801543130826	0.017358733307282586	2401.178478430239	3468.992014583895	0.015425097242533315	69.21833398103857	1067.813536153656	293.5918311945761	-0.3426371521074467	-0.27819391894498613	0.20423171084618832	0.48631539792342643	8.41026121995909e-15	5.1698227192682246e-15	0.48631539792342643	1.7284340802747877	301.9261677085959	219.07383229140407	24.831892908522356	NaN	0.05436078991869831	0.059605221924613434	-1.3116705512962927	-1.5271365191666337	0.23596018427125975	0.16899852111534472	1	7.670470015954638	3	6	10	15	23	52	0.003262178057266313	1.0194219390945256	13.052198976620547	1.0242932937205302	40.81797855179327	1.0941573479180886	1.0060061249876593	1.0941573479180886	0.9294318449872975	1.0941573479180886	0.041638523288506105	1.3152210126529786	NaN	NaN	800000009	800000009	800000009	800000019	800010019	800010019	899999999	899999999	89999	89999	89	89	10	1	0	35	0	0	4	NaN	0	0	0	0	0	0	0	0	0	NaN	NaN	NaN	NaN	0	10	0	0	0	0	0	0	18000	0	0	0	18000	18000	18000	18000	93	NaN	0.0404813871091487	0.05588454440897626	0.022844512331101918	0.11795027676051602	10.748289272359457	0.16877275914217754	0.0000015628245845152757	NaN	0.011378430150805936	0.02629840093577611	0.02429664262954055	0.000041638523288506104	NaN	16.728843418121333	950.7615193845398	95.48100756369698	96.1124062699212	94.84960562727184	1.262802684181272	0.0002879625886271242	61.53898855748855	075
DATA	2026-09-02T100000_AIU-1657.ghg	2026-09-02	10:30:00	245.437	1	18000	18000	0.012653998772643244	1	NaN	5.062812558692588	1	NaN	26.274016456400535	1	NaN	0.04093960945493542	1	NaN	0.5988635460171859	1	NaN	0.0023423389957891658	2	NaN	NaN	NaN	NaN	NaN	NaN	NaN	NaN	NaN	NaN	1.803864457334983e-11	1.0228822897098878e-12	9.061850282423099e-14	NaN	16.445604341819603	426.96151826690374	437.55511051046153	0.2	0	932.5488595565488	24.210875359675562	24.811585565272292	0.3	0	0.08261574407298257	2.0740583060766737	2.1255189812052593	-1	0	NaN	NaN	NaN	NaN	9	306.6804675131905	300.76341979076903	97736.17789938189	1.1217438691310548	1019.1434888813868	0.02558466195306649	0.038806357781913645	0.017052403594655284	2366.9131503903973	3685.0630903038427	0.015201690924207787	64.2299220498621	1318.1499399134455	293.35915022758206	-0.5297127081869031	0.2410284639628171	0.1904244748115182	0.6123330419487523	-1.2640687780972069e-14	1.0968672356709492e-15	0.6123330419487523	1.2453530099767256	5.466357898802357	155.53364210119767	18.11841252798392	NaN	0.10621039933111036	0.039670133060762204	-20.36360361978156	-0.09836667602654343	0.1926927528226942	0.0416961319363864	1	7.227932412038003	3	6	11	17	29	80	0.012443862349926262	1.016886752425241	6.5742416189501505	1.02285716605961	24.035062869741907	1.0931536396968313	0.03745091995146205	1.0931536396968313	0.5478310863816647	1.0931536396968313	-0.0008553663982319844	1.3116048098703093	NaN	NaN	800000009	800000009	800000009	800000019	800000019	800010119	899999999	899999999	89999	89999	89	89	10	3	0	25	22	8	7	NaN	0	0	0	0	0	0	0	0	0	NaN	NaN	NaN	NaN	0	32	0	0	0	0	0	0	4	0	0	0	18000	18000	18000	18000	93	NaN	0.031814527592710674	0.03587551745781211	0.011650221071001622	0.07343952035995396	1.1291435492082915	0.09104715537128977	2.295469759545765e-7	NaN	0.005750645849326133	0.0009819493573749631	0.014363929749114289	-8.553663982319844e-7	NaN	16.446745512432514	932.6057424569135	95.38069486808779	96.06488398191664	94.69650678189596	1.3683728099928918	0.00028901405987400927	61.532275287687796	146
DATA	2026-09-02T103000_AIU-1657.ghg	2026-09-02	11:00:00	245.458	1	18000	18000	0.039729980036316	1	NaN	-46.126551357776485	1	NaN	102.32598980813475	1	NaN	0.568327859758898	2	NaN	2.334887282589999	1	NaN	0.10890607460137801	1	NaN	NaN	NaN	NaN	NaN	NaN	NaN	NaN	NaN	NaN	1.125956256286685e-10	6.470497510347547e-12	5.662404478886534e-13	NaN	16.31114505021231	425.1486621232116	435.7959793070473	0.2	0	937.3474577634402	24.431884848423504	25.04375088624894	0.3	0	0.08202832061405928	2.069984940624963	2.121825127816262	1.3	0	NaN	NaN	NaN	NaN	9	307.748109208001	301.8947884613517	97742.54651126452	1.1175186254800702	1019.2964053557911	0.02567922937201574	0.15130069591183193	0.017144695665663862	2388.6752061679585	3935.7362658158154	0.015341753841730149	60.691953038495186	1547.0610596478568	293.50726598488814	-0.5849503705785769	0.3048699041838012	0.13200270482335816	0.6727089330444158	2.3817577258352966e-14	6.902987207952205e-15	0.6727089330444158	1.3627266986355662	8.528045945728195	152.47195405427183	11.316327829488985	NaN	0.1885522800030887	0.09764363506945217	12.506577250076715	0.16016372505017012	-0.4507804072481056	-0.214765211858312	1	2.390708210308271	1	2	4	8	17	70	0.03909412222086432	1.0162647932561157	-39.18930498631656	1.0319943662557811	88.38165554578883	1.1577740785260762	0.49087975823609503	1.1577740785260762	2.016703712664276	1.1577740785260762	0.07402703097177483	1.6064873041145162	NaN	NaN	800000009	800000009	800000009	800000019	800000019	800000119	899999999	899999999	89999	89999	89	89	1	3	0	7	5	3	5	NaN	0	0	0	0	0	0	0	0	0	NaN	NaN	NaN	NaN	0	1	0	0	0	0	0	0	0	0	0	0	18000	18000	18000	18000	93	NaN	0.09214189757409685	0.08312985888305499	0.020015513681752497	0.17678730150331445	0.7190035484478076	0.33405244460383804	7.565237377886705e-7	NaN	-0.03440426614460303	0.012921187552433648	0.053084704495986436	0.00007402703097177483	NaN	16.31225497532664	937.4020440869521	95.28420647896661	96.00763113721212	94.56078355683219	1.446844156427515	0.0002899098156760576	61.51918617121379	042
DATA	2026-09-02T110000_AIU-1657.ghg	2026-09-02	11:30:00	245.479	1	18000	18000	0.004539005985434345	1	NaN	-18.48644185766412	1	NaN	14.138215772825676	0	NaN	1.7400623983319925	1	NaN	0.32296152431084035	0	NaN	0.0010682850981581673	1	NaN	NaN	NaN	NaN	NaN	NaN	NaN	NaN	NaN	NaN	2.2461492816707096e-10	1.2757476565187023e-11	1.1268475310648048e-12	NaN	16.12117190815735	421.540211857409	431.880405515035	0	0	915.6358150367131	23.94226162054025	24.529554635047905	0	0	0.0808766492539902	2.05083829744382	2.101144447508617	-1.1	0	NaN	NaN	NaN	NaN	9	308.7241713867187	303.01938796149363	97744.71534505209	1.1136039274008278	1019.0455464234116	0.02577431611129437	0.020927906775342453	0.01673912742946844	2340.85728861904	4199.483465532038	0.015031491015425811	55.741552689325175	1858.6261769129983	293.18023251555525	-0.7211075358419407	0.6444420753657394	0.09189570586127582	0.9714661535562995	5.228730021658134e-15	1.3932915637070731e-14	0.9714661535562995	1.5611234991412088	22.786641185374492	138.21335881462554	5.428002053714003	NaN	0.0638432520122415	0.028535792997731065	1.2113423334503464	1.6536200747599052	-1.3075512606899053	-0.255160814164478	1	34.79089930568159	15	33	70	137	313	1520	0.004268783458118596	1.0633019992620674	-15.9397479164909	1.1274188874008606	8.775483620741081	1.6111038871304642	1.0800435727526028	1.6111038871304642	0.20045977599003056	1.6111038871304642	0.0018060354200777346	3.401997632278344	NaN	NaN	800000009	800000009	800000009	800000009	800000109	810000119	899999999	899999999	89999	89999	89	89	19	20	4	0	15	12	0	NaN	0	0	0	0	0	0	0	0	0	NaN	NaN	NaN	NaN	0	0	0	0	0	0	0	0	0	0	0	0	18000	18000	18000	18000	93	NaN	0.026845154679444018	0.021823937092184817	0.008402494223833296	0.12119512473169791	1.427700099812387	0.09639614504020758	4.8690297515047926e-8	NaN	-0.014046143455410841	0.028520410759468536	0.005293485648376071	0.0000018060354200777346	NaN	16.12231269460253	915.6931367390957	95.204023903105	95.95342979600693	94.45461975309586	1.498807486527495	0.0002910315002858018	61.38687835322486	219
DATA	2026-09-02T113000_AIU-1657.ghg	2026-09-02	12:00:00	245.499	1	18000	18000	0.015470799733131244	0	NaN	-0.07758211681163002	2	NaN	50.80870941020572	0	NaN	2.31471520594721	1	NaN	1.161738163204661	0	NaN	0.022727775724737578	0	NaN	NaN	NaN	NaN	NaN	NaN	NaN	NaN	NaN	NaN	-3.24398888777003e-10	-1.8396241963457976e-11	-1.6292069512062005e-12	NaN	16.02625570358886	420.43407172870656	430.7030105493327	0.1	1	908.8282601798154	23.842273142063338	24.424611398413056	0.2	0	0.08048759751468655	2.0499056048013893	2.099973752602092	0.5	0	NaN	NaN	NaN	NaN	9	309.4714464891222	303.9958544435574	97717.52285388482	1.1097604468294446	1019.0140830536373	0.025864568196463007	0.07528063297566204	0.01661105517470365	2330.432816946396	4440.8202810230405	0.014968144902047089	52.47753048924398	2110.3874640766444	293.1081617521474	-0.687086868205199	0.8812886783459226	0.1547950091268021	1.128148746350135	-6.078126647087089e-14	-2.0241714270436754e-14	1.128148746350135	2.5026826727801117	33.058637517927195	127.9413624820728	7.886521134194551	NaN	0.11807059754015103	0.14833831293211416	1825.3904043058938	0.0010973542948811985	-0.0015269452365984804	-0.0005810458929823766	1	14.764764950126398	6	13	25	43	83	283	0.015275772054735633	1.0127671241556102	3.0197737921406107	1.0215337541523404	46.368157984301725	1.0957672596657253	2.1124150092359364	1.0957672596657253	1.0602052150737382	1.0957672596657253	0.01501940155352073	1.3058840396161278	NaN	NaN	800000009	800000009	800000009	800000019	800100019	800100119	899999999	899999999	89999	89999	89	89	18	7	7	15	25	28	7	NaN	0	0	0	0	0	0	0	0	0	NaN	NaN	NaN	NaN	0	2	0	0	0	0	0	0	0	0	0	0	18000	18000	18000	18000	93	NaN	0.1553638944593505	0.11512862993111281	0.026184101473764963	0.11382727051656677	1.1868767233984217	0.29302756457199924	2.2188350437201526e-7	NaN	0.0026703302992381636	0.055971548987290835	0.028091699724073067	0.000015019401553520728	NaN	16.027261112602464	908.880973967673	95.13566391245524	95.91034930589464	94.360987786399	1.5493604030708472	0.0002915456104448014	61.31530670515697	204
DATA	2026-09-02T120000_AIU-1657.ghg	2026-09-02	12:30:00	245.52	1	18000	18000	0.2826254864237095	1	NaN	-28.430045447926407	0	NaN	58.5073392608165	0	NaN	-0.4985659484782909	2	NaN	1.3398739620373203	0	NaN	0.05756900276921288	0	NaN	NaN	NaN	NaN	NaN	NaN	NaN	NaN	NaN	NaN	1.8560727916039826e-10	9.992093761780748e-12	9.233002101262867e-13	NaN	16.029361775618327	422.8195397689096	432.6680692893135	0	0	862.9342907670635	22.76232109427611	23.292512748551154	0.1	1	0.07973778379041302	2.044690216889005	2.0923161898327303	0.5	0	NaN	NaN	NaN	NaN	9	310.6736457680597	305.6062906460233	97689.26770659722	1.104047972451463	1018.446325747191	0.02600910785883033	0.08682383274001836	0.015770515289224355	2224.2309454121505	4865.205818081383	0.014284266338723494	45.717098691814165	2640.9748726692324	292.3573615642508	0.29863256245972053	0.6846774114006381	0.2974733801063065	0.8040242390098696	-1.6419332894684413e-14	1.1579205819829875e-14	0.8040242390098696	4.5468214785316725	94.5651617646231	66.43483823537689	21.714421587627342	NaN	0.505954763567282	0.7952353496565637	391.82922838764176	0.0051121760575204124	-0.4859227202452284	-0.049973500843573625	0	17.1507518372526	-2.6026927593271454	5.88729810819338	14.66020471444171	22.357737192859904	31.357044310243822	46.97856637834358	0.27944372189485545	1.0113860655278963	-24.496051396663983	1.0207690600304111	53.06948774857058	1.1024666289979854	-0.4522277004714688	1.1024666289979854	1.2153419675433719	1.1024666289979854	0.04598923606206575	1.3830025489750024	NaN	NaN	800000009	800000009	800000009	800000009	800000019	810000019	899999999	899999999	89999	89999	89	89	35	16	1	16	2	5	1	NaN	0	0	0	0	0	0	0	0	0	NaN	NaN	NaN	NaN	0	0	0	0	0	0	0	0	0	0	0	0	18000	18000	18000	18000	93	NaN	0.5503324177142342	0.7418253793360704	0.2983129022628228	0.3692639176947975	0.47683577004945904	0.6390313792639063	2.658078298065876e-7	NaN	-0.02178562352416974	-0.012036081683639073	0.03234643782248702	0.00004598923606206575	NaN	16.030475867285354	863.0155380404218	95.05748760053845	95.86254743533664	94.25242137103609	1.6101279601785958	0.0002934373199322079	60.92212254176314	087
DATA	2026-09-02T123000_AIU-1657.ghg	2026-09-02	13:00:00	245.541	1	18000	18000	0.14152816160003617	1	NaN	25.21350164428858	1	NaN	54.16702447704797	1	NaN	-4.132072938436438	2	NaN	1.240771312741518	1	NaN	0.09079899073575975	1	NaN	NaN	NaN	NaN	NaN	NaN	NaN	NaN	NaN	NaN	3.069653061768557e-10	1.604846454952181e-11	1.5397899076296817e-12	NaN	15.976532542550832	422.32042172481147	431.8555105274945	0.1	1	835.2696900075292	22.079349620979247	22.577853952078602	0.1	0	0.08014099011490099	2.0567727498007713	2.1032102645583883	0.5	0	NaN	NaN	NaN	NaN	9	310.8469420589871	305.8491416693794	97646.3458643663	1.1029738752211817	1018.067301414388	0.026041217839029907	0.08040198106565037	0.015278466984396314	2156.5461250925214	4932.162755463495	0.013852066062156268	43.72414764098477	2775.616630370974	291.8622924097539	-0.43648874552462574	-0.2726165275364188	0.3673350088350032	0.6322793724071414	7.914545587664708e-14	1.921351240385264e-14	0.6322793724071414	2.7842692820636326	309.0124547157029	211.98754528429708	35.51875858058074	NaN	0.35821091884216966	0.3597908295874888	-156.72482607639017	-0.012780999986713382	0.4654769555409532	0.06268341228154158	0	20.81167612128488	-3.158252143365325	7.143974947561318	17.789507730266912	27.130121739149523	38.050381493369734	57.00640516439245	0.13921982803955582	1.016580494265691	28.154117603269892	1.0226970804645619	49.55404420858911	1.093089884834451	-3.7801767226692817	1.093089884834451	1.135104559978097	1.093089884834451	0.06114954065730585	1.3111713985098834	NaN	NaN	800000009	800000009	800000009	800000009	800001119	810111119	899999999	899999999	89999	89999	89	89	28	6	3	15	23	17	1	NaN	0	0	0	0	0	0	0	0	0	NaN	NaN	NaN	NaN	0	0	0	0	0	0	0	0	0	0	0	0	18000	18000	18000	18000	93	NaN	0.21719722524253957	0.41019809682106906	0.09218633711136905	0.0987546882395834	2.408710364096734	0.5184798088241882	0.0000013430283525911382	NaN	0.02507264811420735	-0.10066358824943902	0.030227078369238575	0.00006114954065730585	NaN	15.977477371020408	835.2899853180604	95.01567417759365	95.84157053671943	94.189779045105	1.6517908839252236	0.0002935773210871655	60.16451059012919	128
DATA	2026-09-02T130000_AIU-1657.ghg	2026-09-02	13:30:00	245.562	1	18000	18000	0.35912904543235924	1	NaN	-70.5394149589828	1	NaN	98.08674784747285	1	NaN	-1.342207879035536	2	NaN	2.2469461095234022	1	NaN	0.00840321748433226	1	NaN	NaN	NaN	NaN	NaN	NaN	NaN	NaN	NaN	NaN	1.2828499439872857e-9	6.473302564836425e-11	6.398426527013369e-12	NaN	15.952711033156685	421.31331322292175	430.46482620904743	0.1	1	804.9789901853944	21.259606892204857	21.721395215639575	0.2	0	0.07956678794019592	2.0419524264465014	2.08630648211288	0.5	0	NaN	NaN	NaN	NaN	9	311.0652281536526	305.9092934137186	97617.44650230234	1.102775219458534	1017.6066711091348	0.026054050342135014	0.14560210789711645	0.014703975686341818	2075.865218006281	4948.870343937507	0.013333610899927108	41.946243763473596	2873.005125931226	291.2540438419799	-0.6500345410628035	-0.49005520234257494	0.43200922566000094	0.9215915456281434	1.329513415231299e-13	8.041579524138339e-14	0.9215915456281434	3.4394337235792323	303.9876877071024	217.01231229289755	27.95411512886188	NaN	0.5706656952486423	0.8298029618474501	226.4202927605187	0.00884682187969189	-0.7191533668612728	-0.11014965548652986	0	27.387575199562058	-4.156170198474898	9.40126830534414	23.410487357507268	35.702470333194746	50.073222283902716	75.01881151704713	0.35514960639644516	1.0112049653561264	-63.591117587360635	1.02124884629494	88.7302072923855	1.1054493260029865	-1.2141740444029272	1.1054493260029865	2.0326088737579378	1.1054493260029865	0.01776483009321793	1.3891327925808394	NaN	NaN	800000009	800000009	800000009	800000019	800001119	800011119	899999999	899999999	89999	89999	89	89	3	3	1	15	5	18	7	NaN	0	0	0	0	0	0	0	0	0	NaN	NaN	NaN	NaN	0	2	0	0	0	0	0	0	0	0	0	0	18000	18000	18000	18000	93	NaN	0.5297205500276424	1.0121149759953663	0.11777039767189164	0.08192282981837311	0.8589520463475988	0.5410624801594406	6.143500930628656e-7	NaN	-0.05666690766915039	-0.032321477910075405	0.05410832418617303	0.00001776483009321793	NaN	15.953745481921434	804.9999792593075	95.0799455435011	95.88019113371107	94.2796944219801	1.600497838464052	0.00029370777773793746	57.38578798749767	136
DATA	2026-09-02T133000_AIU-1657.ghg	2026-09-02	14:00:00	245.583	1	18000	18000	0.03704259460171116	1	NaN	-1.8980965326329593	2	NaN	17.66811917729326	1	NaN	-1.0448453740580752	1	NaN	0.4049945316210923	1	NaN	0.028183783685901676	1	NaN	NaN	NaN	NaN	NaN	NaN	NaN	NaN	NaN	NaN	-1.5049123431463975e-10	-7.386003480442229e-12	-7.535312841344398e-13	NaN	15.895648877319093	420.80597027666573	429.6800929892428	0.1	1	780.1472189822107	20.65285978421914	21.08839545870187	-0.3	0	0.07959180323841107	2.0481101809143962	2.091301538352513	-0.7	0	NaN	NaN	NaN	NaN	9	311.23493790605335	306.559895582411	97592.2104670139	1.1004048030364713	1017.2846563410989	0.026116213165738648	0.026243645649046778	0.01425032554782779	2016.0988909683635	5132.7419739868255	0.01295007574349481	39.27917867654608	3116.6430830184618	290.78995180972373	-0.3051910576616167	-0.07737247937913594	0.1505527462575287	0.34899027443122727	-3.3203195368044952e-15	-9.467448323507577e-15	0.34899027443122727	2.2137312524105055	326.7740187146768	194.2259812853232	25.55613876622319	NaN	0.18347397100339594	0.2248101471309388	279.5695057779687	0.007164944525784017	-0.1074305936917359	-0.009241636100915128	1	0.868471121254956	1	1	1	3	5	20	0.03647191712291756	1.0156470381545972	-0.7915630838700751	1.0220040158352732	16.055808477685943	1.1004191537192334	-0.9494976259970321	1.1004191537192334	0.3680366070076827	1.1004191537192334	0.020214431777994264	1.385619356672006	NaN	NaN	800000009	800000009	800000009	800000009	800001019	800001119	899999999	899999999	89999	89999	89	89	4	3	0	36	9	24	3	NaN	0	0	0	0	0	0	0	0	0	NaN	NaN	NaN	NaN	0	0	0	0	0	0	0	0	0	0	0	0	18000	18000	18000	18000	93	NaN	0.04388818273117514	0.38071755660303286	0.025014554927669623	0.03148025902724943	0.9189181009511741	0.5089315733746873	0.000001541186640642951	NaN	-0.0007071158309853139	-0.025320360529139514	0.009814473804050235	0.000020214431777994265	NaN	15.89677116017871	780.21562743469	95.05762025027806	95.86619178602432	94.24904781850177	1.6171434631281416	0.00029453459950875383	60.518289664829084	237
DATA	2026-09-02T140000_AIU-1657.ghg	2026-09-02	14:30:00	245.604	1	18000	18000	0.13560289805917305	1	NaN	-12.477542159971652	1	NaN	-8.174636678405243	1	NaN	-0.9080627685388594	1	NaN	-0.1874571054706085	1	NaN	0.08881033844084155	1	NaN	NaN	NaN	NaN	NaN	NaN	NaN	NaN	NaN	NaN	-3.146677270254769e-10	-1.5400494054945915e-11	-1.5687672018543574e-12	NaN	15.89082836805135	421.6352895816456	430.5193620248664	0.1	1	777.730243020844	20.635709393965907	21.070514406030117	0.1	1	0.07922328288873869	2.042419790422683	2.085454626039945	0	1	NaN	NaN	NaN	NaN	9	311.9256788219876	306.97050664435494	97568.7686124132	1.0986760903915342	1017.2875539866393	0.02615747670629584	-0.012147220434495431	0.014216030614339861	2013.9408284517945	5251.813131274172	0.012939237268077533	38.34753404417459	3237.872302822377	290.772969528761	-0.21721385965438378	-0.5537995655618546	0.2375135429355688	0.6405376669021493	5.6688259445142534e-14	-1.9801845425385068e-14	0.6405376669021493	3.103983878375057	272.41633733003823	248.58366266996177	21.76517339914712	NaN	0.3513173910227354	0.4393042107623687	298.5273986557968	0.006709936873531604	1.526372687967075	-0.0317772267171373	0	21.08289790091362	-3.199411094804309	7.2370766077836315	18.02134402817987	27.48368672145822	38.546261408281026	57.749323638080895	0.1339714280309025	1.0121777460481665	-12.80130776514562	1.0210011617527117	-7.416142320775565	1.1022761329033335	-0.8238069767029002	1.1022761329033335	-0.17006365272271387	1.1022761329033335	0.0682152836874869	1.3883423251900866	NaN	NaN	800000009	800000009	800000009	800000009	800000019	800001019	899999999	899999999	89999	89999	89	89	27	15	1	8	40	9	2	NaN	0	0	0	0	0	0	0	0	0	NaN	NaN	NaN	NaN	0	0	0	0	0	0	0	0	0	0	0	0	18000	18000	18000	18000	93	NaN	0.596693382735966	0.1960670549155985	0.08584798387317297	0.08668090871601922	0.9512518383618769	0.42622381954343486	0.000001609806804436643	NaN	-0.011453571579634557	-0.022002878605082432	-0.004542192542445843	0.0000682152836874869	NaN	15.891819340857246	777.7623720574395	94.99737268575032	95.83474975564745	94.1599948079851	1.6747564649747517	0.000294901389303656	58.97894608010175	109
DATA	2026-09-02T143000_AIU-1657.ghg	2026-09-02	15:00:00	245.624	1	18000	18000	0.09454485248808539	1	NaN	-2.7098607198358597	2	NaN	57.22163409753312	1	NaN	-1.6020752901932849	1	NaN	1.3126711518229301	1	NaN	0.1191625453576395	1	NaN	NaN	NaN	NaN	NaN	NaN	NaN	NaN	NaN	NaN	-3.6022762875770934e-10	-1.7698093786929948e-11	-1.7935171910324053e-12	NaN	15.852633251674654	421.25217440941026	430.1547642675027	0.1	1	778.844729443696	20.69624841480558	21.133635382591624	-0.1	0	0.07892778895961336	2.03838731735052	2.081465851683905	-0.1	0	NaN	NaN	NaN	NaN	9	311.9843488125271	307.3518797420926	97544.62901497397	1.0970160162828448	1017.333345527029	0.02619645544793136	0.08506109063812586	0.014236521561708309	2019.3493974652147	5364.543761313115	0.012977496545536022	37.642518866710205	3345.1943638479006	290.81550070077003	-0.26894833139377405	-0.5136903129910159	0.221186965765323	0.6205921498414513	-4.8104348542929884e-15	-2.2723520000669623e-14	0.6205921498414513	3.0315417283489596	278.63481090811035	242.36518909188965	20.880054517988036	NaN	0.29357053220709584	0.31654835435899803	801.9319318905419	0.0024978429220017754	-0.04735727601237247	-0.008271004585323139	0	20.861304098496802	-3.165783380373196	7.1610106261791255	17.831928978757613	27.194816819717786	38.14111726374465	57.14234388263622	0.09298662670414555	1.0167575256697678	0.8589401363433518	1.0227891119541621	52.34687248210449	1.0931242189702	-1.4655930793506273	1.0931242189702	1.2008435354762872	1.0931242189702	0.08986149681031944	1.3114206248403324	NaN	NaN	800000009	800000009	800000009	800000009	800000019	800010119	899999999	899999999	89999	89999	89	89	5	0	0	34	44	12	1	NaN	0	0	0	0	0	0	0	0	0	NaN	NaN	NaN	NaN	0	0	0	0	0	0	0	0	0	0	0	0	18000	18000	18000	18000	93	NaN	0.4223489731830825	0.1491977646266484	0.061549970908265035	0.03851085364204188	0.281334860981105	0.33953546387939254	0.0000016469730204656274	NaN	0.0007696382595096104	-0.039204956985122386	0.03212284488616023	0.00008986149681031943	NaN	15.853687380578787	778.8728922948786	94.9662698190477	95.80792223103839	94.124620686637	1.683300571726433	0.0002952432489433299	59.65404755433391	171
DATA	2026-09-02T150000_AIU-1657.ghg	2026-09-02	15:30:00	245.645	1	18000	18000	0.24834652161915552	0	NaN	-7.594796197109299	2	NaN	149.70995627453752	0	NaN	-0.6672696879348827	2	NaN	3.4343312440611076	0	NaN	0.15443867400886935	0	NaN	NaN	NaN	NaN	NaN	NaN	NaN	NaN	NaN	NaN	-8.090212259495816e-10	-4.0364739829276726e-11	-4.0086932614403516e-12	NaN	15.88120412608275	421.8159504462888	430.88425002984786	0.1	1	792.3657033504286	21.04579033216197	21.49823773606619	0	0	0.07869123073880155	2.0325076057131644	2.0762029374211486	0.1	0	NaN	NaN	NaN	NaN	9	312.2549199303521	307.34203757501746	97529.59646926075	1.0967359598945106	1017.5295416955765	0.026199654186040366	0.22254466461515976	0.01447519671788486	2053.138023324372	5361.608343794259	0.01319843357673542	38.293323414806245	3308.4703204698867	291.0789630317274	-0.4215379463497909	-1.1571310142983828	0.4290570492962943	1.3041228377783152	-2.1219493528545496e-14	-5.094205826753858e-14	1.3041228377783152	5.3218558105086124	271.0164687979359	249.98353120206417	19.208120381022795	NaN	0.47585868386844793	0.7809513850153426	1218.549194999683	0.0016438400749183711	-0.050730067565994026	-0.014301744493454534	0	19.45513355741651	-2.9523915757235937	6.678317783039871	16.62995554976322	25.36173150053501	35.57018903955797	53.290624918344214	0.2453312296940135	1.0122906974741976	1.7133898523973332	1.0218064611080262	136.3689206760733	1.0978304699657637	-0.6078075861345803	1.0978304699657637	3.128289237743792	1.0978304699657637	0.11408724456056393	1.3053438380190934	NaN	NaN	800000009	800000009	800000009	800000019	800000019	800001119	899999999	899999999	89999	89999	89	89	10	2	0	6	13	6	3	NaN	0	0	0	0	0	0	0	0	0	NaN	NaN	NaN	NaN	0	12	0	0	0	0	0	0	0	0	0	0	18000	18000	18000	18000	93	NaN	1.031760176119927	0.3375999091176444	0.1925426847931135	0.03477768303639827	0.446864792445472	0.3866326066562584	8.698242461439168e-7	NaN	0.0015353488930286618	-0.01626678780496653	0.08372257665713198	0.00011408724456056393	NaN	15.88221029281828	792.397903767904	94.96432227770488	95.80668861601087	94.12195648956299	1.6847344058785128	0.00029475821815140086	58.727172049186905	192
DATA	2026-09-02T153000_AIU-1657.ghg	2026-09-02	16:00:00	245.666	1	18000	18000	0.3731119179272428	0	NaN	-7.438048649233831	1	NaN	237.21518379692043	0	NaN	5.2461661289585635	0	NaN	5.445796059819606	0	NaN	0.33562994849524097	0	NaN	NaN	NaN	NaN	NaN	NaN	NaN	NaN	NaN	NaN	2.7915705821427177e-10	1.4077529817572157e-11	1.389109448080203e-12	NaN	15.76360471948244	420.3202364003926	429.4223614635568	0.2	0	794.938221839988	21.196206532287484	21.655214940671023	0.2	0	0.07844104817449049	2.0332502707016427	2.077280742341864	0.2	0	NaN	NaN	NaN	NaN	9	312.64093120829267	308.1112126922607	97493.92179947917	1.093535180640639	1017.6380959416915	0.026274834113167663	0.35288758467631043	0.014536938524942975	2067.0556192030203	5595.256332037941	0.01329352615471102	36.94300129499418	3528.200712834921	291.1863788783017	0.8931459508632343	0.23652592492381436	0.10295200518615974	0.9296522565326256	3.329541237119726e-14	1.7708960810800972e-14	0.9296522565326256	5.921913475518226	146.16722919594343	14.832770804056564	6.358118588665688	NaN	0.5841214854804612	1.1124267652411228	2300.825633378792	0.0008706005231080556	-0.031355702152698346	-0.011442731760958289	0	18.346768189938988	-2.784192855107925	6.297851819036815	15.682541504023007	23.916865302546825	33.543743652805766	50.25464046229246	0.3680710389961792	1.0136953968038651	7.32366706315951	1.0215434468463958	216.83789036694972	1.0939747817850776	4.795509198482809	1.0939747817850776	4.977990489811389	1.0939747817850776	0.24977436458841634	1.3071081589366735	NaN	NaN	800000009	800000009	800000009	800000009	800000019	800001019	899999999	899999999	89999	89999	89	89	10	6	0	5	25	9	1	NaN	0	0	0	0	0	0	0	0	0	NaN	NaN	NaN	NaN	0	0	0	0	0	0	0	0	0	0	0	0	18000	18000	18000	18000	93	NaN	1.1939013615526606	0.6950104081765262	0.33594176075305876	0.1254458069481009	0.5475441702148766	0.43303134798745446	0.0000024129346425173985	NaN	0.006581160413106677	0.12873053970268206	0.13362906333095545	0.00024977436458841634	NaN	15.764657090296915	794.9711001960295	94.91654090775383	95.78165146891277	94.0514291182624	1.7302249709632689	0.00029696279916000386	59.52007643936296	251
DATA	2026-09-02T160000_AIU-1657.ghg	2026-09-02	16:30:00	245.687	1	18000	18000	0.49020563023380365	1	NaN	-28.41446805991167	0	NaN	196.95576701385906	1	NaN	3.3495750264862325	2	NaN	4.523342264286827	1	NaN	0.23986053926018702	1	NaN	NaN	NaN	NaN	NaN	NaN	NaN	NaN	NaN	NaN	-3.1830269908436706e-10	-1.6237925860380134e-11	-1.5810389288375876e-12	NaN	15.663715235845626	418.89602539874153	428.0431377089377	0.1	0	799.0703422541598	21.369603912248913	21.83623561834754	0.4	0	0.07780312146060171	2.020593089505931	2.0647152362971877	0	1	NaN	NaN	NaN	NaN	9	312.74073706648085	308.51474748060434	97455.31481922742	1.0916002231845061	1017.748306319722	0.02631966881756648	0.29311257872578633	0.014630893411531887	2083.1401072656345	5721.326753887633	0.013403160883248484	36.41008802460276	3638.186646621998	291.3097313572571	0.7425778871077701	-0.06862137347196669	0.07372336174114572	0.7493770382024033	-2.845025527167776e-14	-2.03210218196477e-14	0.7493770382024033	7.015287647812007	166.2796891217438	354.72031087825616	5.645864309930519	NaN	0.6701273444335748	1.2636822996388608	909.2036620589109	0.002203136748771928	-0.1442682714536216	-0.03816613537597335	0	19.416381344985687	-2.9465107779802238	6.665015402532169	16.596830741430363	25.31121407777758	35.499337635850175	53.18447660477379	0.4846352701289237	1.0114939222302126	-15.930313364130557	1.0204577421311303	178.97276400233707	1.1004789924979155	3.043742815011144	1.1004789924979155	4.110339493187004	1.1004789924979155	0.17340755979155273	1.3774968913766095	NaN	NaN	800000009	800000009	800000009	800000009	800000019	810000019	899999999	899999999	89999	89999	89	89	21	6	0	19	33	3	1	NaN	0	0	0	0	0	0	0	0	0	NaN	NaN	NaN	NaN	0	0	0	0	0	0	0	0	0	0	0	0	18000	18000	18000	18000	93	NaN	1.1311624765082573	1.012450245622314	0.3837518771471503	0.10288607612035329	0.5096555612234018	0.1980507166034643	0.0000011082203782079325	NaN	-0.014339047874410782	0.08186008978788263	0.11054572623927038	0.00017340755979155273	NaN	15.664671635389325	799.1108966699356	94.83399752828811	95.73443144904243	93.93356179279752	1.8008728030191523	0.00029715116067058654	58.895432271356924	139
DATA	2026-09-02T163000_AIU-1657.ghg	2026-09-02	17:00:00	245.708	1	18000	18000	0.43639921908175056	1	NaN	-22.797728636453076	1	NaN	98.35619229334684	0	NaN	-1.7128934726396563	1	NaN	2.259351422381235	0	NaN	0.1899550761569349	0	NaN	NaN	NaN	NaN	NaN	NaN	NaN	NaN	NaN	NaN	-4.034617737778375e-10	-2.050142927317042e-11	-1.9998839111505683e-12	NaN	15.661790729986354	419.5466439890937	428.6856925790989	0.1	1	795.8352334980219	21.318762786371543	21.783152650466153	0.1	0	0.07763254250191709	2.0180998177335057	2.0620603941270725	-0.1	0	NaN	NaN	NaN	NaN	9	312.8174371804131	308.72913225470654	97436.65303645833	1.0906544560695428	1017.7265189842462	0.026343002613248716	0.14640597217030402	0.014583155824439658	2077.7860874434573	5789.299187868949	0.013371013837869287	35.89011415746668	3711.5131004254918	291.26876424378025	0.7381255021388224	-0.050096468151805344	0.24846176103331352	0.780430752677449	9.100083707499663e-14	-2.5760896741223986e-14	0.780430752677449	5.649446433219379	164.8827016960746	356.11729830392534	18.564069946773245	NaN	0.6325551462226834	1.4995582649687096	952.9541884642487	0.0021019898167698213	-0.231787425935105	-0.032469448892652415	0	15.560537015189405	-2.3613715249910077	5.341428819057106	13.300913002182847	20.284731565511574	28.44962444250758	42.62272161520876	0.43148788583036196	1.0113823201361427	-16.447418789383484	1.0204930811245776	89.34267304635591	1.100887055867628	-1.5559211669445014	1.100887055867628	2.0523008335315573	1.100887055867628	0.14017367067347136	1.3778722964718169	NaN	NaN	800000009	800000009	800000009	800000009	800001019	800011019	899999999	899999999	89999	89999	89	89	27	2	0	31	48	21	6	NaN	0	0	0	0	0	0	0	0	0	NaN	NaN	NaN	NaN	0	0	0	0	0	0	0	0	0	0	0	0	18000	18000	18000	18000	93	NaN	1.0063515755884642	1.3980732222758712	0.5946917320730841	0.1142423541540585	0.1669067286257182	0.1651003948353811	9.54061699944261e-7	NaN	-0.014817655089766981	-0.041880719998044665	0.0552417682765252	0.00014017367067347135	NaN	15.662723671761452	795.8768684933576	94.78306916406419	95.70111892318725	93.86502085113526	1.836098099274768	0.00029794760370148454	59.391314037358285	015
DATA	2026-09-02T170000_AIU-1657.ghg	2026-09-02	17:30:00	245.729	1	18000	18000	0.06798227308896213	0	NaN	-13.238457355599923	1	NaN	59.98204306799002	0	NaN	-0.7541223277303857	0	NaN	1.3779198322860886	0	NaN	0.2610586892648916	1	NaN	NaN	NaN	NaN	NaN	NaN	NaN	NaN	NaN	NaN	-2.25249502105765e-10	-1.1563136450115603e-11	-1.1242501714070322e-12	NaN	15.66024769145709	419.6085817830642	428.8461506426735	0.1	1	803.9155656552798	21.540519474794802	22.014728155357595	0.2	0	0.07816237544059197	2.0325064109643916	2.0772514870757943	0.1	0	NaN	NaN	NaN	NaN	9	312.6141450330946	308.7775213656955	97432.75496875	1.0903477319868866	1017.8527616799615	0.02634818561230023	0.08928920513213853	0.014731950552423455	2099.3151239359686	5804.73773371648	0.01351124060723101	36.16554649389617	3705.4226097805113	291.4329384960007	0.25029765041439384	-0.35899391196798897	0.13837987491947848	0.45899295464718176	5.851168688179128e-14	-1.4383521036429207e-14	0.45899295464718176	4.08932251159746	216.1150294431916	304.8849705568084	17.546867785936527	NaN	0.24969815225139225	0.634209601807462	100.94429435407217	0.019843617837120412	-0.22070700960609244	-0.04777185091685621	0	11.272216854085624	-1.710602396098443	3.8693872775920584	9.635321426990425	14.69447312841208	20.60920749844293	30.87634832197388	0.06705103171958245	1.013888546462257	-9.369877292451681	1.0220966301801198	54.288502693632246	1.1048756199169514	-0.6825404725529827	1.1048756199169514	1.2471266515860495	1.1048756199169514	0.18864003779908506	1.4032073046493807	NaN	NaN	800000009	800000009	800000009	800000009	800001019	800001019	899999999	899999999	89999	89999	89	89	15	5	2	33	13	16	3	NaN	0	0	0	0	0	0	0	0	0	NaN	NaN	NaN	NaN	0	0	0	0	0	0	0	0	0	0	0	0	18000	18000	18000	18000	93	NaN	0.2828209651201113	0.7781241401416943	0.20747409835311845	0.10945114068844176	0.08344391738042829	0.18958709235167193	0.000004500498205123976	NaN	-0.008442749807015728	-0.018379717929034936	0.03358311631278993	0.00018864003779908505	NaN	15.661141159229924	803.9543946045003	94.75097556262546	95.68045712110731	93.82149320517647	1.8589565302299131	0.000297704990605578	58.570872686068206	003
DATA	2026-09-02T173000_AIU-1657.ghg	2026-09-02	18:00:00	245.749	1	18000	18000	0.20542582300049916	0	NaN	-29.271318575554023	0	NaN	109.06909750821272	0	NaN	6.299797659136152	0	NaN	2.504231197416114	0	NaN	0.1982557465768565	0	NaN	NaN	NaN	NaN	NaN	NaN	NaN	NaN	NaN	NaN	-1.487076453955783e-10	-8.134911829739386e-12	-7.396729709748649e-13	NaN	15.674535734716521	418.9135609875951	428.7386526627783	0.1	0	857.460729976763	22.916272218896747	23.45374461504766	0.2	0	0.07796526119896588	2.0235925680776043	2.071053391374205	0.8	0	NaN	NaN	NaN	NaN	9	312.5596011089749	308.2375851670536	97439.41048768545	1.0917593806462798	1018.6110001416743	0.026300315963044135	0.16227418159256418	0.015701379140852286	2233.5470202628344	5634.475557929291	0.014381721301590896	39.6407260498203	3400.928537666457	292.4244651169287	0.6403682503379354	-0.14135139766251256	0.008670050088663487	0.655840593003065	2.6840746734084572e-14	-9.487212119859811e-15	0.655840593003065	5.279006862223849	173.44755600330802	347.552443996692	0.7574580678932358	NaN	0.43377453380003206	0.7501151725936942	239.40861983844778	0.008366866662326887	-0.268374078857212	-0.06067963233029443	0	17.49496317579905	-2.6549281579274124	6.005454722053397	14.954431389517392	22.806451436938016	31.98637241768255	47.92141456188265	0.20297466964710442	1.0120761539243117	-22.1854211578271	1.0209392153027215	98.96233802814464	1.1021273312802466	5.716034327737992	1.1021273312802466	2.2721795625076857	1.1021273312802466	0.14625382698469247	1.3872551764725718	NaN	NaN	800000009	800000009	800000009	800000019	800000019	810001019	899999999	899999999	89999	89999	89	89	28	14	0	6	19	5	2	NaN	0	0	0	0	0	0	0	0	0	NaN	NaN	NaN	NaN	0	3	0	0	0	0	0	0	0	0	0	0	18000	18000	18000	18000	93	NaN	0.619512531930832	0.672075644648826	0.20864216860773044	0.07838384362145775	1.5524091960254074	0.3418907464019706	0.0000019363230306809055	NaN	-0.0199495169142191	0.15386036056853658	0.06116099846836275	0.00014625382698469247	NaN	15.675532976874607	857.5488261716577	94.78190000745985	95.70037249247233	93.86342684639824	1.8369447980225144	0.00029628851727466095	58.827003828260665	169
DATA	2026-09-02T180000_AIU-1657.ghg	2026-09-02	18:30:00	245.77	1	18000	18000	0.12822936281436895	1	NaN	12.62969567835638	2	NaN	-21.60911625686527	2	NaN	-3.448801015745168	1	NaN	-0.49550567911229604	2	NaN	0.11100613728301091	0	NaN	NaN	NaN	NaN	NaN	NaN	NaN	NaN	NaN	NaN	-3.909223576305415e-10	-2.16350288354784e-11	-1.9400486675044864e-12	NaN	15.778976547890938	418.3604073138981	428.27652836571855	0.1	1	873.2644883171222	23.153547754904697	23.702341040079208	0.1	1	0.07830706489100725	2.020630428762338	2.0685241003008246	-0.1	0	NaN	NaN	NaN	NaN	9	312.1032410066392	306.9192108412086	97455.27323278766	1.0965282902861146	1018.7052222292408	0.026183563334111207	-0.03210876800647678	0.015934688963764404	2257.040587651634	5236.808392445138	0.014531945144440004	43.099544961540786	2979.7678047935046	292.5926057195506	0.3110921027129645	-0.24348788851096428	0.051460628527761204	0.3983878066788204	8.36278890684153e-15	-2.477488678965007e-14	0.3983878066788204	3.197949971774812	199.04984123443364	321.9501587655663	7.4217594185313915	NaN	0.34196670333032914	0.3899067184613889	-271.8941308098761	-0.007367205735679089	-0.5844614619232239	0.03306288077009662	0	16.7215071953047	-2.537553228875124	5.7399523129494066	14.293292850562656	21.798173449696808	30.572248204206105	45.80279880292467	0.12545290310753626	1.0221314902888516	11.070948840316833	1.0259523611210322	-19.720768610005106	1.0957542621286136	-3.1474219493753304	1.0957542621286136	-0.4522051122573104	1.0957542621286136	0.08342888680291138	1.3191016719514395	NaN	NaN	800000009	800000009	800000009	800000019	800000019	800000119	899999999	899999999	89999	89999	89	89	9	13	0	12	27	16	1	NaN	0	0	0	0	0	0	0	0	0	NaN	NaN	NaN	NaN	0	6	0	0	0	0	0	0	0	0	0	0	18000	18000	18000	18000	93	NaN	0.18140004615533534	0.45322374033839896	0.14518965042904358	0.043460023802756334	1.049754487706778	0.16727801545115217	9.060863184358579e-7	NaN	0.009910977049561405	-0.08436458536944624	-0.012121062066401216	0.00008342888680291138	NaN	15.78002596781037	873.323396798141	94.92293385484484	95.75588963953653	94.08997803942364	1.6659076617889945	0.0002948420262287577	58.73270651158032	236
DATA	2026-09-02T183000_AIU-1657.ghg	2026-09-02	19:00:00	245.791	0	18000	18000	0.043337519636911764	0	NaN	15.518900921658169	1	NaN	-1.0091697249125344	2	NaN	-5.141320679010523	0	NaN	-0.02312643467039822	2	NaN	0.026297559876540668	0	NaN	NaN	NaN	NaN	NaN	NaN	NaN	NaN	NaN	NaN	4.9423990891384024e-11	2.8147991334318413e-12	2.4283124443671424e-13	NaN	15.93242242458264	420.8707958189283	431.2065881898359	0.1	1	907.3846127226293	23.969467661188187	24.55811254567148	0.1	1	0.07827959447376939	2.014874412466375	2.0643559250531185	0.7	0	NaN	NaN	NaN	NaN	9	311.4636042277019	306.2908557853908	97469.63249390591	1.098597668724582	1019.1488746473822	0.026126108305158057	-0.0014985929666418046	0.01653249728624749	2336.9218904673335	5056.000409570187	0.015048727807187967	46.22076149447931	2719.0785191028535	293.1530578022965	0.20487635871523652	-0.46731555527897317	-0.05355293252882354	0.513055617987533	-1.865676949521887e-15	3.1021014616789336e-15	0.513055617987533	3.82385502902643	227.32681802912043	293.6731819708796	-5.991467905114527	NaN	0.1986152947754047	0.24654896392010164	-43.36286302147102	-0.046193905577871314	-15.377889901525934	0.06978658857101984	1	1.7322915329512862	1	1	3	4	8	23	0.04253869507262348	1.018778774546904	15.211510213863585	1.023914562154302	-0.9225921800130603	1.0938416201384327	-4.7002423242588405	1.0938416201384327	-0.02114239780661429	1.0938416201384327	0.016581714322898133	1.3143030165348173	NaN	NaN	800000009	800000009	800000009	800000019	810000019	810101119	899999999	899999999	89999	89999	89	89	24	1	0	8	15	12	0	NaN	0	0	0	0	0	0	0	0	0	NaN	NaN	NaN	NaN	0	1	0	0	0	0	0	0	0	0	0	0	18000	18000	18000	18000	93	NaN	0.18892510996568243	0.20526988271577506	0.09890293515874578	0.18102278544388556	9.77614566527177	0.16966309269455634	7.878794391061035e-7	NaN	0.013586138295361073	-0.12581558147380634	-0.0005659374326427211	0.000016581714322898134	NaN	15.93343335060591	907.4419929745585	94.98564841482374	95.7859179886712	94.18538334083556	1.6005307016405794	0.00029357243698743536	58.47143427361385	188
DATA	2026-09-02T190000_AIU-1657.ghg	2026-09-02	19:30:00	245.812	0	18000	18000	0.042013864228965116	0	NaN	-39.04714420505172	1	NaN	156.00793826330835	1	NaN	41.90469516355078	1	NaN	3.5721030456036003	1	NaN	0.05114208900256293	0	NaN	NaN	NaN	NaN	NaN	NaN	NaN	NaN	NaN	NaN	-8.68562715449881e-11	-5.0777499782898365e-12	-4.1826175510239326e-13	NaN	16.315034255942482	429.97947802529364	441.06668392944374	0	0	953.8017619833031	25.137255449390697	25.78543040023386	0.3	0	0.07856605793758524	2.0153764434150485	2.0673437924269984	0.3	0	NaN	NaN	NaN	NaN	9	310.63990521579325	305.42660020616324	97470.49720833333	1.101225168189123	1019.7879149140562	0.026052157594790026	0.23147227735511328	0.01738717222598816	2450.7980114342663	4816.172189005674	0.01578893465954831	50.88684364377444	2365.374177571408	293.92367208070704	0.20231086405514057	-0.5376425719336795	0.022370970470097607	0.5748823194272041	-2.725014444588933e-14	-5.323695321899317e-15	0.5748823194272041	2.7909775585699506	230.37905795474398	290.6209420452561	2.230171052656461	NaN	0.19532518736112403	0.2624758797142365	16.39486050468017	0.12217853268273819	-0.25028947013675945	-0.17801026111519144	1	1.6902651567830056	1	1	3	5	11	42	0.0413917314469116	1.015030363802284	-29.073514296076088	1.0282011271301443	137.0639687998807	1.138212614367578	36.816228035597874	1.138212614367578	3.138344278136786	1.138212614367578	0.03514760529308918	1.5337052776751106	NaN	NaN	800000009	800000009	800000009	800000009	810000019	810000119	899999999	899999999	89999	89999	89	89	38	1	0	0	1	0	1	NaN	0	0	0	0	0	0	0	0	0	NaN	NaN	NaN	NaN	0	0	0	0	0	0	0	0	0	0	0	0	18000	18000	18000	18000	93	NaN	0.26096815414229885	0.1679268999130696	0.09605670537310464	0.1733627925774523	120.1967470044078	1.0429190225486304	0.0000011183225256861026	NaN	-0.025888777397769402	0.9838808738001952	0.08386945310294933	0.000035147605293089184	NaN	16.31582539049786	953.8398507702137	95.00730831909179	95.7962172732883	94.21839545059206	1.5778239622182386	0.0002932753097249789	59.25583849560277	244
DATA	2026-09-02T193000_AIU-1657.ghg	2026-09-02	20:00:00	245.833	0	18000	18000	0.05163678372981956	1	NaN	-29.29555183782815	1	NaN	122.3052066627984	1	NaN	-3.2327098628085573	2	NaN	2.796637520662029	1	NaN	0.05971333319125205	1	NaN	NaN	NaN	NaN	NaN	NaN	NaN	NaN	NaN	NaN	-2.7635275693010674e-10	-1.684623289394453e-11	-1.29282328148917e-12	NaN	16.878490966604232	442.6664379078549	454.9428784811097	0.1	1	1028.8986905010934	26.984575765294778	27.73293731342301	0.1	1	0.0789603343220831	2.014434764296408	2.0703009573366202	1.4	0	NaN	NaN	NaN	NaN	9	310.1256456604004	304.04570483567977	97503.49529123264	1.1058207410463488	1020.8063848908581	0.02592559356414314	0.18122211133889948	0.018756062900511128	2631.7962182297874	4453.457752107714	0.016961214602254415	59.095569436674715	1821.661533877927	295.0862685274073	-0.09969151186403812	-0.5309159634082576	0.19391209804167062	0.5739443000033685	-7.358438551284283e-14	-1.637307253811363e-14	0.5739443000033685	1.7224811896958965	261.63474718696455	259.36525281303545	19.746470525304915	NaN	0.2160912721257601	0.18195208192325915	29.604950573801464	0.06766098105810109	-0.23952824771064293	-0.12009815836364968	0	21.317250423321852	-3.234974994217576	7.317522245089602	18.221665039553145	27.789188903298804	38.974732562146755	58.391251504238575	0.050936826200938486	1.0137416792738487	-21.514625877284562	1.0247448316005232	109.12313361314315	1.120799986338255	-2.8842879213177763	1.120799986338255	2.4952155199420303	1.120799986338255	0.042213354657976175	1.4640786846262035	NaN	NaN	800000009	800000009	800000009	800000009	800000019	810000019	899999999	899999999	89999	89999	89	89	8	0	0	0	0	0	1	NaN	0	0	0	0	0	0	0	0	0	NaN	NaN	NaN	NaN	0	0	0	0	0	0	0	0	0	0	0	0	18000	18000	18000	18000	93	NaN	0.21369583369249215	0.11861444383730567	0.03159388631672051	0.1656986819213033	133.54566609688354	2.333163383835039	0.0000032990932996925767	NaN	-0.019059244843741757	-0.07685123049635788	0.06648448015326527	0.000042213354657976175	NaN	16.87922838172804	1028.9168441181603	95.03391144561768	95.78738096237183	94.28044307539199	1.5069381018810832	0.00029135690249353926	58.02705273585815	197
DATA	2026-09-02T200000_AIU-1657.ghg	2026-09-02	20:30:00	245.854	0	18000	18000	0.6894669524002093	1	NaN	258.73002932929745	1	NaN	-381.2869818020001	1	NaN	116.49626622316724	1	NaN	-8.696705286487644	1	NaN	-0.01755040119861161	2	NaN	NaN	NaN	NaN	NaN	NaN	NaN	NaN	NaN	NaN	-4.6341234864862524e-10	-3.083128034364011e-11	-2.212769542113054e-12	NaN	16.59666655422004	431.3879482902674	444.13491591377004	0.1	1	1104.192585275838	28.700665421174705	29.54873374192095	0.1	1	0.0792482081215111	1.9999388296907004	2.05903448966936	0	1	NaN	NaN	NaN	NaN	9	308.19319071790926	301.47603325160014	97533.94993034171	1.1148633168411888	1021.734469711475	0.02569845415103063	-0.5635465025643993	0.020125179386722612	2800.040143868541	3841.2771274509914	0.018051701121303845	72.89346878564321	1041.2369835824506	296.10578384576894	-1.163536235975036	0.7038130042583877	0.6086903031173742	1.4898567724781977	3.8860023787312264e-14	-2.792201356427163e-14	1.4898567724781977	5.13896263256411	12.169380815352724	148.83061918464725	24.114173200509892	NaN	0.7864043629560918	1.360284113635862	-161.64115383417771	-0.012392264918220725	-0.6785703201995349	0.2888293031757499	0	27.442846054984464	-4.164557764021573	9.42024100144833	23.45773205342053	35.77452147542366	50.17427503535009	75.17020695293756	0.6812780947381031	1.0120198458241259	232.35534573258207	1.0222908220752258	-346.51390609645085	1.1003511694444676	105.87189749794378	1.1003511694444676	-7.90357253937244	1.1003511694444676	-0.05740417264296766	1.3051672836926678	NaN	NaN	800000009	800000009	800000009	800000019	800000019	800010019	899999999	899999999	89999	89999	89	89	9	0	1	0	0	1	0	NaN	0	0	0	0	0	0	0	0	0	NaN	NaN	NaN	NaN	0	1	0	0	0	0	301	0	0	9001	0	21	18000	18000	18000	18000	93	NaN	1.355483084217973	1.1425618278351828	0.22252331521856822	0.8408835564130133	124.07392435813931	1.079402007284941	7.188219152872056e-7	NaN	0.20398254108215125	2.8011608492137694	-0.2091128853777379	-0.00005740417264296766	NaN	16.59702046030504	1104.3370404190762	95.08371471680536	95.75398093583847	94.41345107693142	1.340529375619358	0.00028876281935178333	47.43146642939253	232
DATA	2026-09-02T203000_AIU-1657.ghg	2026-09-02	21:00:00	245.874	0	18000	18000	0.48588137574360285	1	NaN	50.50303240742794	1	NaN	-261.3436110743275	1	NaN	-10.60502121496463	1	NaN	-5.9506891862079225	1	NaN	0.05290476600166734	1	NaN	NaN	NaN	NaN	NaN	NaN	NaN	NaN	NaN	NaN	1.4658078883399499e-9	1.0309832873858593e-10	7.1112384158861315e-12	NaN	16.487301254375815	425.60553899631196	438.7392772736233	0.1	1	1159.6425549741057	29.935177809759725	30.858945840517357	0.1	1	0.07998669606505314	2.0036244104550835	2.065454147622056	0.2	0	NaN	NaN	NaN	NaN	9	307.08067889785707	299.70782119337554	97534.26233902368	1.1209151239083555	1022.4151669149642	0.02554764618755681	-0.38560465926627335	0.021114740254902727	2920.4886657513307	3463.8324746697235	0.018837055370687496	84.31379655650925	543.3438089183928	296.80324276868777	-1.341119433851686	0.7797704644960044	0.8215919154430572	1.7554647785349262	-1.4739111203754263e-13	8.890526507186352e-14	1.7554647785349262	4.572376917054747	11.175112118980906	149.82488788101912	27.905820797194878	NaN	0.6583832323886595	0.9583390905349585	-486.03225763310894	-0.004121331390131886	-0.19324379960857208	0.0669327519799068	0	25.525105427511456	-3.8735332251118524	8.761942702034766	21.818476208852264	33.27455288162817	46.668033536326746	69.91721826654658	0.4801612161268994	1.0119129980193813	34.137369330049474	1.0232305866704203	-236.63966055346276	1.1043948020508738	-9.602563499276693	1.1043948020508738	-5.38819014283427	1.1043948020508738	0.042445810768419384	1.305426793298111	NaN	NaN	800000009	800000009	800000009	800000019	800000019	801000019	899999999	899999999	89999	89999	89	89	13	1	0	10	9	0	13	NaN	0	0	0	0	0	0	0	0	0	NaN	NaN	NaN	NaN	0	247	0	0	0	0	0	0	0	0	0	0	18000	18000	18000	18000	93	NaN	0.8652847045164684	0.8644564938233925	0.1869369827300561	0.06933947568900117	1.7962898017244413	0.5242227604039785	4.628428890724433e-7	NaN	0.029787224492573292	-0.25289539405956973	-0.14190465593303314	0.000042445810768419386	NaN	16.488489224173055	1159.7123613461924	94.99511322572498	95.57252424833511	94.41770311440362	1.1548196872472856	0.0002866769963374181	46.11643959012342	056
DATA	2026-09-02T210000_AIU-1657.ghg	2026-09-02	21:30:00	245.895	0	18000	18000	0.22163793350873875	1	NaN	58.68560052960113	1	NaN	-124.57398937083343	2	NaN	-11.119495869525101	2	NaN	-2.8352926723960583	2	NaN	0.10615552859854782	1	NaN	NaN	NaN	NaN	NaN	NaN	NaN	NaN	NaN	NaN	5.145538482607793e-11	3.580776301491649e-12	2.493631851037217e-13	NaN	16.573829335671377	426.95962935283796	440.0339570104018	0.1	1	1153.3715180779602	29.712088008823333	30.621929472304423	0.1	1	0.08032012366592838	2.0078332300797315	2.069316957643382	0.1	0	NaN	NaN	NaN	NaN	9	306.766006852044	299.2700126597308	97534.48448957033	1.1226532711205135	1022.2781684691032	0.025510268478622714	-0.18372696517126458	0.02098809095409299	2898.7305323143983	3375.529243084154	0.01869507843071165	85.87484579650348	476.79871076975587	296.6791374114972	-1.15190911498321	0.4867905269153563	0.6565976065891452	1.4124376245535633	1.8877734084094745e-14	3.1046165484117774e-15	1.4124376245535633	2.940178323707199	3.9086549539233033	157.0913450460767	27.70170490527707	NaN	0.4443234382594862	0.4556666091060033	-128.55587930120018	-0.015581551080264745	-0.4710903201061105	0.1150847020502706	0	22.552562623471125	-3.4224383864551977	7.741564948755241	19.27759132851616	29.399543118912906	41.2332772466386	61.77496300233385	0.2189862036851332	1.0121091181954929	50.466100139499254	1.0220683088514275	-113.3245205484005	1.099267738067582	-10.11536633383985	1.099267738067582	-2.5792557847465427	1.099267738067582	0.07498643036013881	1.3052016210876507	NaN	NaN	800000009	800000009	800000009	800000019	800000019	800000019	899999999	899999999	89999	89999	89	89	10	1	0	15	0	0	5	NaN	0	0	0	0	0	0	0	0	0	NaN	NaN	NaN	NaN	0	72	0	0	0	0	301	0	0	3001	0	21	18000	18000	18000	18000	93	NaN	0.2080173677176121	0.5872871925430339	0.1160286579513608	0.10869472953607974	5.489576159941071	0.39848905243849986	6.995038997217039e-7	NaN	0.043972890345268426	-0.265949753010296	-0.06781291119521213	0.00007498643036013882	NaN	16.575040315600184	1153.444899736999	94.9652542160882	95.50114843156604	94.4293604727851	1.0717878870235502	0.00028647800880005693	58.105030194975626	232
DATA	2026-09-02T213000_AIU-1657.ghg	2026-09-02	22:00:00	245.916	0	18000	18000	0.01828449343448109	1	NaN	12.071014720673773	0	NaN	19.46013715254593	0	NaN	-0.8423996767587869	1	NaN	0.44266117187405185	0	NaN	0.04857018854047393	0	NaN	NaN	NaN	NaN	NaN	NaN	NaN	NaN	NaN	NaN	-4.381042858415936e-11	-2.970614304332355e-12	-2.105696220471091e-13	NaN	16.7199007270195	429.78836847259026	442.6893421891356	-0.1	0	1133.711261721365	29.14227311809439	30.01703783281444	0.1	1	0.08036221718284375	2.003168617359439	2.063297805532224	0.4	0	NaN	NaN	NaN	NaN	9	306.2382856445312	298.6894976857504	97539.57831510417	1.1251390661429588	1021.9377291612833	0.02545945478395394	0.028684443937438558	0.02062666993626174	2843.28750833151	3261.4722829869543	0.018332551554690164	87.17803683824478	418.18477465544447	296.35917568358457	-1.0681166984869388	-0.15177257476501477	0.6539507889945668	1.2615703826834423	4.495424863566932e-14	-2.620256501485164e-15	1.2615703826834423	2.3558291566040457	332.9127735840692	188.08722641593081	31.222475808673387	NaN	0.12747891673383058	0.20297299445705497	-14.759216707121968	-0.13571858451224017	0.6202944319482634	0.0823521188671168	1	15.900677413314652	7	13	22	35	60	152	0.018060841475130696	1.0123832524447078	13.097097874326423	1.0217214919296536	17.73452854822409	1.097302197779294	-0.767700710400129	1.097302197779294	0.40340862596457366	1.097302197779294	0.0340181396710255	1.3054385191837827	NaN	NaN	800000009	800000009	800000009	800000009	800000019	800000019	899999999	899999999	89999	89999	89	89	14	1	1	15	0	2	5	NaN	0	0	0	0	0	0	0	0	0	NaN	NaN	NaN	NaN	0	0	0	0	0	0	0	0	0	6001	0	0	18000	18000	18000	18000	93	NaN	0.037468710964783936	0.336196397718357	0.03228088023096899	0.03713970021971263	4.957232102651388	0.08274186141429889	5.184990701316968e-7	NaN	0.011390543201751698	-0.020132093876960116	0.010578940749529002	0.0000340181396710255	NaN	16.721132252373824	1133.789602904779	94.95725298139783	95.45962783008153	94.45487852138942	1.0047486710482159	0.0002856054447086839	47.012774919508495	086
DATA	2026-09-02T220000_AIU-1657.ghg	2026-09-02	22:30:00	245.937	0	18000	18000	0.027948999253127743	1	NaN	9.820327081886814	0	NaN	19.78381811337091	0	NaN	-0.8525358415691353	1	NaN	0.44986627184123795	0	NaN	0.04853087891702285	0	NaN	NaN	NaN	NaN	NaN	NaN	NaN	NaN	NaN	NaN	-1.7306309332199023e-10	-1.1598217340858831e-11	-8.261830292354657e-13	NaN	16.879740806086442	433.26175533532773	446.21815609663065	0.1	1	1131.234272821576	29.036023264138805	29.904325968663304	0.1	1	0.08058191451562355	2.005278586117617	2.0652450906148583	0.4	0	NaN	NaN	NaN	NaN	9	305.9914914449056	298.3286658037624	97553.20320180518	1.1267030596559746	1021.8701137850607	0.025425146956595104	0.029151334415312216	0.020579198581544143	2833.3168811098767	3192.2838804775283	0.018264970885787563	88.75516674557294	358.9669993676516	296.30105707033226	-1.052537725167972	-0.4234205703466289	0.6312904390123558	1.2983251752480223	-9.45901811560408e-14	-1.0252710353205644e-14	1.2983251752480223	2.248453142118032	319.08579648944715	201.91420351055288	29.093382493059845	NaN	0.15749921523764213	0.13841940502614086	-34.21633143453727	-0.05854221992887618	0.4963817917052997	0.054155477234854955	1	12.692323165906412	6	11	19	31	54	152	0.0276093303189092	1.0123026864576252	10.889929105988822	1.0217942461377858	18.02198932287034	1.0977599508543023	-0.7766140866276567	1.0977599508543023	0.40980386603750807	1.0977599508543023	0.034535209259727036	1.3053554782428087	NaN	NaN	800000009	800000009	800000009	800000019	800000019	800010019	899999999	899999999	89999	89999	89	89	10	2	0	53	0	0	2	NaN	0	0	0	0	0	0	0	0	0	NaN	NaN	NaN	NaN	0	0	0	0	0	0	301	0	0	0	0	16	18000	18000	18000	18000	93	NaN	0.05030907707358937	0.1952496466656451	0.03128008631304728	0.01894798883225056	1.096034304665706	0.06315534435667601	4.431633774383821e-7	NaN	0.009458448011875674	-0.020336167092254536	0.01073099244307974	0.00003453520925972703	NaN	16.880985380603278	1131.3124533055127	94.88358794996473	95.35319836171468	94.41398059166802	0.9392148084905421	0.0002854855413897894	57.67766259456902	217
DATA	2026-09-02T223000_AIU-1657.ghg	2026-09-02	23:00:00	245.958	0	18000	18000	0.01528506235270676	1	NaN	12.309489965745694	0	NaN	32.81263776546079	1	NaN	-0.5127791995639288	2	NaN	0.7460041142008073	1	NaN	0.05169549414442555	0	NaN	NaN	NaN	NaN	NaN	NaN	NaN	NaN	NaN	NaN	1.0320835236964996e-10	6.751055423334342e-12	4.853977733768713e-13	NaN	17.129114411996326	439.3236144070103	452.32198988590636	0.1	1	1120.4480848008177	28.736996585495934	29.58724514829677	0.1	1	0.08055970088275222	2.0028900690390112	2.0621500685167575	0.3	0	NaN	NaN	NaN	NaN	9	305.87115748935275	298.15498499847774	97566.40054529037	1.127640802242064	1021.6938380953101	0.025406907823012862	0.048341066600212305	0.020381885546662162	2804.5173996957524	3159.4399542686956	0.018074803169712637	88.76628264153557	354.9225545729432	296.13217492032743	-0.9568655649923954	-0.1271470281284167	0.5964664343349758	1.1346939162251672	4.9183553297640863e-14	6.025317473352171e-15	1.1346939162251672	1.9053066696204546	333.43095315371863	187.5690468462814	31.71287650438226	NaN	0.11642552806333226	0.13446133837947044	-11.026697903103273	-0.1816590984537866	0.37514478579051935	0.09176990586818287	1	15.065255355551296	7	12	21	32	54	135	0.015092712382799894	1.0127445594289648	14.13538184984861	1.0215398949094452	29.942939796199415	1.0958388851860705	-0.4679330205341821	1.0958388851860705	0.6807607617192173	1.0958388851860705	0.0357215520459754	1.3058544531737533	NaN	NaN	800000009	800000009	800000009	800000019	800000019	800011019	899999999	899999999	89999	89999	89	89	30	0	0	47	9	0	1	NaN	0	0	0	0	0	0	0	0	0	NaN	NaN	NaN	NaN	0	5	0	0	0	0	0	0	0	0	0	0	18000	18000	18000	18000	93	NaN	0.03486534830192228	0.19945176687280652	0.034605561584212075	0.020765042940228573	22.374940789425214	0.08990564798105931	4.862494494953768e-7	NaN	0.012269192738462059	-0.012240583069170061	0.01780790901343722	0.0000357215520459754	NaN	17.130426633317573	1120.5239784642972	94.88182572089302	95.34027976226805	94.42337075042725	0.9169130443069675	0.00028536826765856766	49.071812800401496	157
DATA	2026-09-02T230000_AIU-1657.ghg	2026-09-02	23:30:00	245.979	0	18000	18000	0.06096313301383645	1	NaN	20.357806641547956	1	NaN	43.751747615766064	1	NaN	-11.459911767763188	1	NaN	0.994582045062892	1	NaN	0.057316946599912474	1	NaN	NaN	NaN	NaN	NaN	NaN	NaN	NaN	NaN	NaN	-2.4035983506463096e-10	-1.5592106592006197e-11	-1.1158693556416246e-12	NaN	17.385541431562984	445.79731815296844	459.07316570959097	0.1	1	1127.7974753468252	28.918805428546477	29.78000767619498	0.1	1	0.08071229084302893	2.0056573967992652	2.0653858894717647	0.4	0	NaN	NaN	NaN	NaN	9	305.79741268920895	298.02485858797684	97570.36581975606	1.1281006014151744	1021.7971781831383	0.025394787172138885	0.06444891652007541	0.020520624143008207	2822.375294006776	3135.0258976274968	0.0181904203554768	90.02717636695357	312.65060362072063	296.23707249832546	-0.9637562469137976	-0.35087838503582164	0.6839589415502195	1.2327779922910573	-8.024745736910661e-14	-1.3825271764517158e-14	1.2327779922910573	2.6886102815636526	320.9947611646194	200.00523883538068	33.697706346751325	NaN	0.2324661503269379	0.2126030943436932	-53.078105491421326	-0.037738724497688565	0.46530270791313405	0.07597290477286249	0	21.56042697598778	-3.2718779742657755	7.40099688643783	18.42952869927279	28.10619409978012	39.41933685760366	59.05734975634314	0.060213273067442535	1.0124533995279417	22.740581510120254	1.0216704393760565	39.88483157331853	1.0969520464274531	-10.447048989138368	1.0969520464274531	0.9066777789439755	1.0969520464274531	0.03757108850939208	1.3055136948387658	NaN	NaN	800000009	800000009	800000009	800000019	800000019	800001019	899999999	899999999	89999	89999	89	89	10	1	0	14	8	3	2	NaN	0	0	0	0	0	0	0	0	0	NaN	NaN	NaN	NaN	0	149	0	0	0	0	301	0	0	0	0	16	18000	18000	18000	18000	93	NaN	0.14747051498699557	0.24219443002739469	0.03554124367299614	0.034115382303070055	11.459157488558022	0.06703171635432674	5.343063349993961e-7	NaN	0.019728271511436708	-0.27320342152928534	0.02371076001362726	0.00003757108850939208	NaN	17.386811057556557	1127.8730430770465	94.81546440505981	95.26100857840643	94.36991765679254	0.8910905802812839	0.0002847861909928421	55.797200394731696	226
