DATAH	filename	date	time	DOY	daytime	file_records	used_records	Tau	qc_Tau	rand_err_Tau	H	qc_H	rand_err_H	LE	qc_LE	rand_err_LE	co2_flux	qc_co2_flux	rand_err_co2_flux	h2o_flux	qc_h2o_flux	rand_err_h2o_flux	ch4_flux	qc_ch4_flux	rand_err_ch4_flux	none_flux	qc_none_flux	rand_err_none_flux	H_strg	LE_strg	co2_strg	h2o_strg	ch4_strg	none_strg	co2_v-adv	h2o_v-adv	ch4_v-adv	none_v-adv	co2_molar_density	co2_mole_fraction	co2_mixing_ratio	co2_time_lag	co2_def_timelag	h2o_molar_density	h2o_mole_fraction	h2o_mixing_ratio	h2o_time_lag	h2o_def_timelag	ch4_molar_density	ch4_mole_fraction	ch4_mixing_ratio	ch4_time_lag	ch4_def_timelag	none_molar_density	none_mole_fraction	none_mixing_ratio	none_time_lag	none_def_timelag	sonic_temperature	air_temperature	air_pressure	air_density	air_heat_capacity	air_molar_volume	ET	water_vapor_density	e	es	specific_humidity	RH	VPD	Tdew	u_unrot	v_unrot	w_unrot	u_rot	v_rot	w_rot	wind_speed	max_wind_speed	wind_dir	yaw	pitch	roll	u*	TKE	L	(z-d)/L	bowen_ratio	T*	model	x_peak	x_offset	x_10%	x_30%	x_50%	x_70%	x_90%	un_Tau	Tau_scf	un_H	H_scf	un_LE	LE_scf	un_co2_flux	co2_scf	un_h2o_flux	h2o_scf	un_ch4_flux	ch4_scf	un_none_flux	un_none_scf	spikes_hf	amplitude_resolution_hf	drop_out_hf	absolute_limits_hf	skewness_kurtosis_hf	skewness_kurtosis_sf	discontinuities_hf	discontinuities_sf	timelag_hf	timelag_sf	attack_angle_hf	non_steady_wind_hf	u_spikes	v_spikes	w_spikes	ts_spikes	co2_spikes	h2o_spikes	ch4_spikes	none_spikes	head_detect_LI-7200	t_out_LI-7200	t_in_LI-7200	aux_in_LI-7200	delta_p_LI-7200	chopper_LI-7200	detector_LI-7200	pll_LI-7200	sync_LI-7200	chopper_LI-7500	detector_LI-7500	pll_LI-7500	sync_LI-7500	not_ready_LI-7700	no_signal_LI-7700	re_unlocked_LI-7700	bad_temp_LI-7700	laser_temp_unregulated_LI-7700	block_temp_unregulated_LI-7700	motor_spinning_LI-7700	pump_on_LI-7700	top_heater_on_LI-7700	bottom_heater_on_LI-7700	calibrating_LI-7700	motor_failure_LI-7700	bad_aux_tc1_LI-7700	bad_aux_tc2_LI-7700	bad_aux_tc3_LI-7700	box_connected_LI-7700	mean_value_RSSI_LI-7200	mean_value_LI-7500	u_var	v_var	w_var	ts_var	co2_var	h2o_var	ch4_var	none_var	w/ts_cov	w/co2_cov	w/h2o_cov	w/ch4_cov	w/none_cov	co2_mean	h2o_mean	avg_signal_strength_7200_mean	co2_signal_strength_7200_mean	h2o_signal_strength_7200_mean	delta_signal_strength_7200_mean	flowrate_mean	rssi_77_mean	CHK
DATAU		[yyyy-mm-dd]	[HH:MM]	[ddd.ddd]	[1=daytime]	[#]	[#]	[kg+1m-1s-2]	[#]	[kg+1m-1s-2]	[W+1m-2]	[#]	[W+1m-2]	[W+1m-2]	[#]	[W+1m-2]	[µmol+1s-1m-2]	[#]	[µmol+1s-1m-2]	[mmol+1s-1m-2]	[#]	[mmol+1s-1m-2]	[µmol+1s-1m-2]	[#]	[µmol+1s-1m-2]	[µmol+1s-1m-2]	[#]	[µmol+1s-1m-2]	[W+1m-2]	[W+1m-2]	[µmol+1s-1m-2]	[mmol+1s-1m-2]	[µmol+1s-1m-2]	[µmol+1s-1m-2]	[µmol+1s-1m-2]	[mmol+1s-1m-2]	[µmol+1s-1m-2]	[µmol+1s-1m-2]	[mmol+1m-3]	[µmol+1mol_a-1]	[µmol+1mol_d-1]	[s]	[1=default]	[mmol+1m-3]	[mmol+1mol_a-1]	[mmol+1mol_d-1]	[s]	[1=default]	[mmol+1m-3]	[µmol+1mol_a-1]	[µmol+1mol_d-1]	[s]	[1=default]	[mmol+1m-3]	[µmol+1mol_a-1]	[µmol+1mol_d-1]	[s]	[1=default]	[K]	[K]	[Pa]	[kg+1m-3]	[J+1kg-1K-1]	[m+3mol-1]	[mm]	[kg+1m-3]	[Pa]	[Pa]	[kg+1kg-1]	[%]	[Pa]	[K]	[m+1s-1]	[m+1s-1]	[m+1s-1]	[m+1s-1]	[m+1s-1]	[m+1s-1]	[m+1s-1]	[m+1s-1]	[deg_from_north]	[deg]	[deg]	[deg]	[m+1s-1]	[m+2s-2]	[m]	[#]	[#]	[K]	[0=KJ/1=KM/2=HS]	[m]	[m]	[m]	[m]	[m]	[m]	[m]	[kg+1m-1s-2]	[#]	[W+1m-2]	[#]	[W+1m-2]	[#]	[µmol+1s-1m-2]	[#]	[mmol+1s-1m-2]	[#]	[µmol+1s-1m-2]	[#]	[µmol+1s-1m-2]	[#]	8u/v/w/ts/co2/h2o/ch4/none	8u/v/w/ts/co2/h2o/ch4/none	8u/v/w/ts/co2/h2o/ch4/none	8u/v/w/ts/co2/h2o/ch4/none	8u/v/w/ts/co2/h2o/ch4/none	8u/v/w/ts/co2/h2o/ch4/none	8u/v/w/ts/co2/h2o/ch4/none	8u/v/w/ts/co2/h2o/ch4/none	8co2/h2o/ch4/none	8co2/h2o/ch4/none	8aa	8U	[#]	[#]	[#]	[#]	[#]	[#]	[#]	[#]	[#_flagged_recs]	[#_flagged_recs]	[#_flagged_recs]	[#_flagged_recs]	[#_flagged_recs]	[#_flagged_recs]	[#_flagged_recs]	[#_flagged_recs]	[#_flagged_recs]	[#_flagged_recs]	[#_flagged_recs]	[#_flagged_recs]	[#_flagged_recs]	[#_flagged_recs]	[#_flagged_recs]	[#_flagged_recs]	[#_flagged_recs]	[#_flagged_recs]	[#_flagged_recs]	[#_flagged_recs]	[#_flagged_recs]	[#_flagged_recs]	[#_flagged_recs]	[#_flagged_recs]	[#_flagged_recs]	[#_flagged_recs]	[#_flagged_recs]	[#_flagged_recs]	[#_flagged_recs]	[#]	[#]	[m+2s-2]	[m+2s-2]	[m+2s-2]	[K+2]	--	--	--	--	[m+1s-1K+1]	--	--	--	--	--	--	--	--	--	--	--	--	241
DATA	2026-08-16T233000_AIU-1657.ghg	2026-08-17	00:00:00	229	0	18000	18000	0.35853932884133494	0	NaN	281.17188406701945	1	NaN	-143.94438506568997	2	NaN	24.86800110582088	1	NaN	-3.2841525304585413	2	NaN	NaN	NaN	NaN	NaN	NaN	NaN	NaN	NaN	NaN	NaN	NaN	NaN	8.583158971500316e-10	5.128283956408932e-11	NaN	NaN	16.733554292702493	428.7915083895424	440.0657850513789	-0.1	0	999.7999372713917	25.619525636423134	26.293143500393622	0.1	1	NaN	NaN	NaN	NaN	0	NaN	NaN	NaN	NaN	9	304.23009238349084	301.77339162925045	96974.90802770684	1.108847766550242	1019.8497045269036	0.026082716029528722	-0.21281308397371346	0.01769999180130505	2464.884916612427	3903.573125301427	0.015962508412107678	63.144325403718234	1438.688208689	294.0168084161323	-1.0958411460140516	0.556136834759647	0.5561644653847235	1.3488791305490329	8.296151557859084e-14	5.1293101401914564e-14	1.3488791305490329	6.618459452531866	7.907687637722347	153.09231236227765	24.35040639626649	NaN	0.5686334944905417	1.5377347248247584	-55.9727984014164	-0.035787026148567755	-1.9533369359194164	0.4372515452843997	0	18.65287058686286	-2.830645074791728	6.402926866441388	15.944193228977598	24.31590069233442	34.10339646073487	51.09310235066422	0.35421544424680224	1.0122069341265651	268.80708127698006	1.021907087540537	-131.0475561466561	1.0984133493081012	22.639929787347743	1.0984133493081012	-2.989905878808969	1.0984133493081012	NaN	1	NaN	NaN	800000009	800000019	800000009	800000019	800000009	800001019	899999999	899999999	89999	89999	89	89	1	2	0	2	3	0	0	NaN	0	18000	0	0	0	0	0	0	0	NaN	NaN	NaN	NaN	0	15852	0	0	0	0	301	0	0	18000	0	21	18000	18000	18000	18000	100	NaN	1.51064321880144	1.2593641901835833	0.30546204066449345	2.2322340521650497	13.587576826705924	0.8630476101504592	NaN	NaN	0.2377018735611036	0.6059117796324078	-0.08001876370548458	NaN	NaN	16.734759327649897	999.9307381158173	98.65469773228965	99.29517270787561	98.01421960343255	1.2809521760179041	0.0002846135279024667	4.620182025254612	030
DATA	2026-08-17T000000_AIU-1657.ghg	2026-08-17	00:30:00	229.02	0	18000	18000	0.1979733004648394	1	NaN	102.07656574648979	1	NaN	-60.03105158646452	2	NaN	16.47700109706299	1	NaN	-1.3680217133942556	2	NaN	NaN	NaN	NaN	NaN	NaN	NaN	NaN	NaN	NaN	NaN	NaN	NaN	6.015271630833886e-10	3.625516056208705e-11	NaN	NaN	16.85145050490599	430.6294436686191	442.1041858629435	0.2	0	1015.6682544936621	25.95483725612516	26.64644130361539	0.1	1	NaN	NaN	NaN	NaN	0	NaN	NaN	NaN	NaN	9	303.0427514894274	300.5638274979769	96864.98663580825	1.1119101235149669	1020.0105895522515	0.026010404000321334	-0.08864780702794776	0.01798150368457202	2494.0467285512686	3637.9160247497275	0.016171724048818753	68.55701757774489	1143.8692961984589	294.20814118766106	-1.4537292615234634	0.881405565786088	0.7414783534717969	1.8547222665065992	7.654000093842914e-14	3.569586860835896e-14	1.8547222665065992	5.156821484193203	12.228707470268432	148.77129252973154	23.56434120266424	NaN	0.4219572657998287	0.5430113864164419	-62.949728348821274	-0.03182062977143106	-1.700396095834934	0.21329624791486998	0	16.831778542637586	-2.5542873312624708	5.777804898113093	14.387551139725588	21.941923288010965	30.773859396373034	46.10484910716004	0.19563824811924388	1.011935561517461	97.00568523868674	1.0236383566845626	-54.27741023205002	1.1060043456350659	14.8977724744851	1.1060043456350659	-1.236904464971826	1.1060043456350659	NaN	1	NaN	NaN	800000009	800000019	800000009	800000019	800001019	800101119	899999999	899999999	89999	89999	89	89	15	3	2	2	2	0	0	NaN	0	18000	0	0	0	0	0	0	0	NaN	NaN	NaN	NaN	0	16542	0	0	0	0	301	151	0	18000	0	21	18000	18000	18000	18000	100	NaN	0.3609016656365302	0.507666564655878	0.21745454254047547	0.19071116125529394	3.906291524710689	0.10757696324098982	NaN	NaN	0.08553085687464441	0.39773790095470535	-0.033022640560658734	NaN	NaN	16.85272588585731	1015.7367112876981	98.58621829944187	99.17866435877482	97.993771455129	1.1848936539226105	0.000283925387969551	3.349783242604702	102
DATA	2026-08-17T003000_AIU-1657.ghg	2026-08-17	01:00:00	229.041	0	18000	18000	0.6824262432786339	1	NaN	-92.04605624145076	2	NaN	285.47392712228606	1	NaN	39.14905732854149	1	NaN	6.510441614625327	1	NaN	NaN	NaN	NaN	NaN	NaN	NaN	NaN	NaN	NaN	NaN	NaN	NaN	-1.1307103174344459e-9	-6.723400151784965e-11	NaN	NaN	16.62787042544465	426.01609205379674	437.0882622437829	0.1	0	988.7220875100644	25.3316575767727	25.990028068207238	0.1	1	NaN	NaN	NaN	NaN	0	NaN	NaN	NaN	NaN	9	303.762634902954	301.33708850304686	97030.50713906786	1.1112083843982234	1019.6778678758665	0.026027716653727682	0.42187661662772113	0.017538091544010606	2438.81137647536	3806.007113634222	0.01578290066044488	64.07795108261436	1367.1957371588624	293.8440518237821	-1.7824927267962705	-0.5963802165490621	1.094251216394081	2.174933426188731	3.4720024081295005e-13	-6.800090982812727e-14	2.174933426188731	7.999057316858837	322.500968600135	198.49903139986495	30.206593817051928	NaN	0.7836643760973746	3.3813540451053328	447.7005022367434	0.0044741964549791	-0.3224324447746213	-0.10366128258824653	0	22.626904052033854	-3.4337199850506592	7.76708395549564	19.341137263518636	29.49645467929926	41.36919708803383	61.97859569258182	0.6744738289407279	1.011790545454366	-73.84384801943693	1.0260080226792434	253.60147482336572	1.1256792860574631	34.77816267336292	1.1256792860574631	5.7835670383766695	1.1256792860574631	NaN	1	NaN	NaN	800000009	800000019	800000009	800000019	800000009	800001009	899999999	899999999	89999	89999	89	89	10	1	8	4	4	0	3	NaN	0	18000	0	0	0	0	0	0	0	NaN	NaN	NaN	NaN	0	7900	0	0	0	0	301	0	0	18000	0	21	18000	18000	18000	18000	100	NaN	1.543369009757044	4.861363057908446	0.3579760225451753	0.884226237756535	29.240739485135204	0.5460640741029213	NaN	NaN	-0.06517121491304281	0.9285343932753781	0.1544141638931288	NaN	NaN	16.629295442687116	988.8065393450939	98.69300260713366	99.3184657092624	98.06753885120816	1.2509268582794333	0.0002846686389319885	17.7088497118022	218
DATA	2026-08-17T010000_AIU-1657.ghg	2026-08-17	01:30:00	229.062	0	18000	18000	0.1316986058346791	1	NaN	20.693591541867715	0	NaN	116.20149178374822	1	NaN	11.764240000219877	1	NaN	2.640227623576538	1	NaN	0.1250823054796181	0	NaN	NaN	NaN	NaN	NaN	NaN	NaN	NaN	NaN	NaN	-8.9215256733673e-11	-5.326153060257728e-12	-4.2752719075047244e-13	NaN	16.659912548966524	427.77942892237735	438.99056425613367	0.1	0	994.5971962081805	25.538442614941967	26.207747675007017	0.1	1	0.07983573517554976	1.977049570548935	2.028863586834863	0.3	0	NaN	NaN	NaN	NaN	9	304.11028182813857	297.51352045615386	97205.65095750467	1.1272703674728453	1019.8334564174173	0.02544633346629008	0.17108675000775964	0.018085228051261396	2483.146838058931	3040.676256707207	0.016043381049575093	81.66429532185605	557.5294186482761	294.1368566490607	-1.1597527881558114	-1.0034350138602133	0.7711854491809484	1.7165766378767777	-5.126144524410974e-14	-5.355085536700933e-15	1.7165766378767777	4.654701042190671	300.13316295316656	220.86683704683347	26.696075333748837	NaN	0.34180352977920364	0.4613023369837287	-165.43415354472816	-0.012108140653425746	0.17808369947933742	0.052662561964071285	0	18.368386385231332	-2.7874734996470694	6.305272645916879	15.701020412210237	23.9450468034814	33.58326860856993	50.313856048417115	0.13014822892542027	1.0119123934459935	27.267722735633132	1.0230783377249384	105.27634292687739	1.1037759153968636	10.658177838560677	1.1037759153968636	2.3919960444391846	1.1037759153968636	0.08743829771178548	1.3053575285612222	NaN	NaN	800000009	800000009	800000009	800000019	800000019	800011019	899999999	899999999	89999	89999	89	89	14	4	0	9	3	0	3	NaN	0	18000	0	0	0	0	0	0	0	NaN	NaN	NaN	NaN	0	0	0	0	0	0	301	0	0	18000	0	21	18000	18000	18000	18000	100	NaN	0.3838369562917608	0.4240759788053036	0.11469173887039301	0.18315100169281565	19.929372369548148	0.3520037234203742	8.226688667689357e-7	NaN	0.02371873501800999	0.2783213478098535	0.0624631689514065	0.00008743829771178548	NaN	16.661111674564967	994.6576500106382	98.72026461198595	99.37974885177613	98.06078150643243	1.3189700114395877	0.0002852207719681448	37.28800446303805	209
DATA	2026-08-17T013000_AIU-1657.ghg	2026-08-17	02:00:00	229.083	0	18000	18000	0.2595281094221105	1	NaN	34.72684782092535	0	NaN	100.14028579097821	0	NaN	34.036873498955124	1	NaN	2.2840995958376014	0	NaN	NaN	NaN	NaN	NaN	NaN	NaN	NaN	NaN	NaN	NaN	NaN	NaN	-2.8176870293666943e-11	-1.6822831912407119e-12	NaN	NaN	16.699794870943204	428.01470496688694	439.239182033172	0.2	0	997.0512663668678	25.55436200916478	26.224512700220142	0.1	1	NaN	NaN	NaN	NaN	0	NaN	NaN	NaN	NaN	9	303.9322475289239	301.4841528215335	96961.90007108558	1.1097894768292047	1019.8062762056132	0.02606067645232751	0.14800965381027656	0.01766990247307968	2458.337058858013	3838.6096791187965	0.015921850803239376	64.04238160057879	1380.2726202607837	293.9735750455187	0.294171924158875	0.016784340115202547	0.13082443439189684	0.322387759802407	1.3094889741993575e-14	-1.687258467030231e-15	0.322387759802407	3.8149215084841472	157.73445948156962	3.2655405184303468	23.941168143627657	NaN	0.48358397446051954	0.42980749919486083	-278.709854821764	-0.007187044036462183	0.3467819923483177	0.06345051928037167	0	17.281230208559048	-2.622493355561677	5.932087110788829	14.77173566377331	22.52782892777065	31.59560038693417	47.33596685183443	0.2530485995157403	1.0256057924002349	40.025275377921666	1.0281654086896919	91.18892292728455	1.0981628313652922	30.994377633996898	1.0981628313652922	2.079927976616994	1.0981628313652922	NaN	1	NaN	NaN	800000009	800000009	800000009	800000019	800000019	811010119	899999999	899999999	89999	89999	89	89	18	12	0	19	8	1	0	NaN	0	18000	0	0	0	0	0	0	0	NaN	NaN	NaN	NaN	0	1822	0	0	0	0	301	151	0	18000	0	21	18000	18000	18000	18000	100	NaN	0.25736051212480177	0.3348530546802017	0.26740143158471824	0.48321643777835704	37.82647117158885	0.6270513858058138	NaN	NaN	0.03536519407401376	0.8287461792191123	0.05561435638512571	NaN	NaN	16.70086801967459	997.101232986792	98.704659128401	99.34897442796495	98.06034684711031	1.2886282327175143	0.0002848334588391784	30.004744577745633	025
DATA	2026-08-17T020000_AIU-1657.ghg	2026-08-17	02:30:00	229.104	0	18000	18000	0.046031230421007596	1	NaN	2.7170254404363883	0	NaN	54.49036223477182	1	NaN	5.477568347796207	1	NaN	1.2363591209493932	1	NaN	0.1974162733393299	1	NaN	NaN	NaN	NaN	NaN	NaN	NaN	NaN	NaN	NaN	2.8229564471014124e-12	1.686404658793004e-13	1.3590075088126606e-14	NaN	16.90105522228517	432.250529646171	443.70804512862406	0.2	0	1009.6513637199457	25.822194589984736	26.50665458254472	0.1	1	0.0813638516369142	2.0021896483241517	2.0552609977410268	-0.3	0	NaN	NaN	NaN	NaN	9	303.4728834898207	296.07755776169387	97159.1229785133	1.1320727234458834	1019.9707732107313	0.025335642601211027	0.08011607103752068	0.0183660608814374	2509.5347553573592	2788.8412302195397	0.01622339316288222	89.98485565131317	279.3064748621805	294.30896399538113	0.35107222449019665	-0.17328775274786332	0.08083929307070611	0.3997691125700687	1.4841027062976694e-15	1.670284139051363e-16	0.3997691125700687	2.0393908313363305	187.2707499694552	333.72925003054473	11.666513535583606	NaN	0.2016457758417966	0.15484588911869457	-258.62354186089	-0.0077452345814575515	0.04986249547635744	0.01166923866433005	0	13.88761672961415	-2.107499417487194	4.767169420642112	11.870925903646164	18.10391101347872	25.390992609916598	38.04033377429389	0.04503681312977728	1.022080098970698	5.90704860464995	1.0259201381343337	49.73014964818747	1.0957208578751552	4.999054557032365	1.0957208578751552	1.1283522733581677	1.0957208578751552	0.15062138237215342	1.3190279409404608	NaN	NaN	800000009	800000009	800000009	800000019	800000019	800000019	899999999	899999999	89999	89999	89	89	21	16	0	10	10	0	0	NaN	0	18000	0	0	0	0	0	0	0	NaN	NaN	NaN	NaN	0	0	0	0	0	0	301	0	0	18000	0	21	18000	18000	18000	18000	100	NaN	0.09157881698642313	0.13780372090211482	0.08030924034885119	0.03982751329360105	4.454334027303316	0.06129930285317373	0.0000034703814785606128	NaN	0.005115740311645215	0.13001236471632624	0.02934549835747835	0.00015062138237215342	NaN	16.90229601721748	1009.7202536947848	98.64912121242946	99.26409656906128	98.03414592107137	1.2299520358310838	0.00028470976623389606	34.83671473774633	092
DATA	2026-08-17T023000_AIU-1657.ghg	2026-08-17	03:00:00	229.124	0	18000	18000	0.10432661476251133	0	NaN	53.7510143702253	1	NaN	-45.62917464849833	2	NaN	-13.108735678223287	1	NaN	-1.0354422652354778	2	NaN	0.16317301011393692	0	NaN	NaN	NaN	NaN	NaN	NaN	NaN	NaN	NaN	NaN	2.6888646017532785e-10	1.5603568094787015e-11	1.265943348508694e-12	NaN	17.206363445957557	440.29927015540403	451.8442099873403	0.1	0	998.490825895769	25.550708799078695	26.22066538484495	0.1	1	0.08100921609154262	1.9945465164822223	2.0468448532854104	0.1	0	NaN	NaN	NaN	NaN	9	303.9820265663995	296.2161606285853	97113.20989467096	1.131125547515611	1019.8164421914671	0.025359486748889763	-0.06709665878725896	0.018155879297059883	2481.9769320644214	2812.3274149617087	0.01605116190412038	88.25348424440882	330.3504828972873	294.1291892677326	0.029463384840989437	-0.5256583422098388	0.19526099296744712	0.5615261696089081	-1.0305749310862221e-14	1.562715218819231e-14	0.5615261696089081	3.7542438781625287	247.79190273559823	273.2080972644018	20.348697501894176	NaN	0.30369815391893573	0.47778405361564363	-44.64439075129504	-0.04486789866074931	-1.1779966388674152	0.15343049684693222	0	16.5452392633425	-2.5108038901538263	5.679445235928901	14.142621673480829	21.568390397866988	30.249974206805696	45.31997362880764	0.10250512545560056	1.01776973881857	50.23849611037368	1.0233379287655167	-41.730647671921304	1.0934211950705035	-11.988733835892068	1.0934211950705035	-0.9469747521847816	1.0934211950705035	0.11712269172053548	1.3128633404363574	NaN	NaN	800000009	800000009	800000009	800000019	800000019	800000019	899999999	899999999	89999	89999	89	89	11	4	0	9	5	0	2	NaN	0	18000	0	0	0	0	0	0	0	NaN	NaN	NaN	NaN	0	0	0	0	0	0	301	0	0	18000	0	16	18000	18000	18000	18000	100	NaN	0.641470217091501	0.19651117978712127	0.11758671035266502	0.1021797369229236	21.13380884444425	0.18804519799947933	0.000004266294108140392	NaN	0.043551569357076735	-0.31200215133202	-0.02464465088500095	0.00011712269172053547	NaN	17.207564724201	998.5589053890837	98.64704016749063	99.25058023367987	98.04350240071615	1.2070771318342939	0.0002840347528722811	35.3317339536879	088
DATA	2026-08-17T030000_AIU-1657.ghg	2026-08-17	03:30:00	229.145	0	18000	18000	0.10406035781015362	1	NaN	-10.397643471472735	1	NaN	61.78937933835058	0	NaN	22.079337490497764	1	NaN	1.402028754957107	0	NaN	0.28232381906360604	0	NaN	NaN	NaN	NaN	NaN	NaN	NaN	NaN	NaN	NaN	-6.0181308578071035e-12	-3.482968620525671e-13	-2.835226852606399e-14	NaN	17.282389008086234	442.2032497499839	453.81749792572685	0.2	0	1000.2111955540914	25.592332223478497	26.264502086562036	0.1	1	0.08141978722405228	2.0038543618949407	2.0564845989640967	-0.2	0	NaN	NaN	NaN	NaN	9	303.82293949211964	296.1206756981231	97093.29262776146	1.1312402423930037	1019.8386789399831	0.025356512598587698	0.09085146332122053	0.018187589195308117	2485.510334646632	2796.129116884994	0.016077565590165394	88.89111449243788	310.61878223836175	294.15233699007143	0.3652913134312907	0.14865600550233524	0.20718806029920817	0.4454921368226544	5.519031197760207e-15	-3.48223318835798e-16	0.4454921368226544	3.3837700932854737	138.856039631506	22.143960368494007	27.715192944461364	NaN	0.30329498853390885	0.28323976192115585	229.84065722585694	0.008715168256900774	-0.1682755771754333	-0.029715521875959643	0	13.290993835075579	-2.0169595914551075	4.5623680876362664	11.360941626906763	17.326152813376773	24.30017567558745	36.406091233798385	0.10262988873350798	1.0139381333673667	-6.607500838740666	1.021467207741094	56.11567639583511	1.1011072717451298	20.051940493957982	1.1011072717451298	1.2732898882186574	1.1011072717451298	0.2089472539647203	1.3881575618473934	NaN	NaN	800000009	800000009	800000009	800000019	800100019	810100019	899999999	899999999	89999	89999	89	89	19	4	2	1	2	0	2	NaN	0	18000	0	0	0	0	0	0	0	NaN	NaN	NaN	NaN	0	0	0	0	0	0	301	151	17997	18000	0	16	18000	18000	18000	18000	100	NaN	0.16338643724426988	0.2003278990341511	0.2027651875638907	0.0589368965355842	21.47231098386251	0.06104963163628941	0.000003060512805931503	NaN	-0.005727312780917254	0.5218050726617709	0.03313440526325286	0.0002089472539647203	NaN	17.283697088396053	1000.2814403724464	98.59865731472439	99.20843648571437	97.98887855105929	1.2195592789914904	0.00028495407784551695	35.98179203859963	005
DATA	2026-08-17T033000_AIU-1657.ghg	2026-08-17	04:00:00	229.166	0	18000	18000	0.12710585101173957	0	NaN	-7.568681150738474	1	NaN	34.56180631146387	1	NaN	13.187194038342938	0	NaN	0.7839819852407967	1	NaN	0.22095851351298024	1	NaN	NaN	NaN	NaN	NaN	NaN	NaN	NaN	NaN	NaN	6.096049904335513e-11	3.4618907925801188e-12	2.8397788701639384e-13	NaN	17.463678238771365	446.19417601413124	457.79420400742777	0.1	1	991.7462594324743	25.338957749470197	25.997712692980492	0.1	1	0.08135265497504238	1.9991200318458313	2.0510925800725412	1.4	0	NaN	NaN	NaN	NaN	9	303.6360719163683	295.80356446898816	97099.82291946225	1.1326387019366932	1019.6871465491304	0.02532765520113255	0.05080203264360362	0.018028041792376055	2461.068288921004	2742.916765789283	0.015916851297373115	89.72449764485738	281.84847686827925	293.99162071344796	0.41885525587280176	0.3363379061303811	0.33038453336033907	0.6306479623023845	-1.3072311323777576e-14	3.4907021424625107e-15	0.6306479623023845	3.204904495766813	122.2357738796261	38.7642261203739	31.59294837264417	NaN	0.3349940340693837	0.4254794592648826	425.45674791035105	0.004708116653075338	-0.21898974499570656	-0.019562519823741728	0	14.752101345022583	-2.2386882930784155	5.063919014429695	12.60987435060843	19.230854019941606	26.97154620011004	40.40829106697708	0.1255794386693297	1.0121549543347552	-5.432400280206254	1.0207083433250195	31.402273275414853	1.1006147869722107	11.981661698931816	1.1006147869722107	0.7123127860180123	1.1006147869722107	0.164858876103336	1.3820993461671691	NaN	NaN	800000009	800000009	800000009	800000019	800000019	800000019	899999999	899999999	89999	89999	89	89	26	0	0	13	19	0	0	NaN	0	18000	0	0	0	0	0	0	0	NaN	NaN	NaN	NaN	0	0	0	0	0	0	301	0	18000	18000	0	16	18000	18000	18000	18000	100	NaN	0.45063097773589506	0.20973974723767536	0.19058819355619477	0.04286668654654969	17.323185319384955	0.03788686231150433	0.000002426087798032051	NaN	-0.004703632914451889	0.3113590257232773	0.018510371986597992	0.000164858876103336	NaN	17.464924398134325	991.8168665213394	98.5726422721015	99.15391906526352	97.99136808310615	1.1625528231461857	0.0002841762626404589	35.669725500111234	120
DATA	2026-08-17T040000_AIU-1657.ghg	2026-08-17	04:30:00	229.187	0	18000	18000	0.04629058921384032	0	NaN	6.702181832714629	1	NaN	-11.980730891182603	1	NaN	-5.766929245478684	0	NaN	-0.2717323337629427	1	NaN	0.051751003264438315	0	NaN	NaN	NaN	NaN	NaN	NaN	NaN	NaN	NaN	NaN	-5.207266028754181e-10	-2.920535743864487e-11	-2.427858674634302e-12	NaN	17.502830287338664	446.78233886034576	458.26562100112744	0.1	1	981.6598804573883	25.058135750387116	25.70218458069159	0.1	1	0.08160596771725487	2.0039679837021946	2.0554743387131045	0.2	0	NaN	NaN	NaN	NaN	9	303.47858498213026	295.68080245829395	97121.7450347909	1.1334862893732458	1019.5233032010739	0.025311429389552758	-0.017608255227838685	0.017839672624142763	2434.3426829415534	2722.5556597437458	0.015738763486947072	89.41388119024462	288.2129768021923	293.8142811543715	0.3517509641078244	0.07450196919979286	0.26521869184132224	0.4467888076792583	-4.0564078743010874e-14	-2.9750994229322184e-14	0.4467888076792583	3.3445744626083043	149.04130653685195	11.958693463148046	36.41366724239547	NaN	0.20208692645422585	0.28380708323685255	-105.4895961823853	-0.018988602407167793	-0.5594134359237799	0.028698854294410076	0	11.545142149326217	-1.7520198626037309	3.9630736995982354	9.868613864426655	15.05025881537065	21.108201983201134	31.623932988841936	0.045360191085580044	1.0205113361737148	5.880445711370338	1.0249500641109501	-10.943745309831701	1.0947560046394071	-5.267775852371969	1.0947560046394071	-0.24821269087484607	1.0947560046394071	0.03947243999534464	1.316779488926379	NaN	NaN	800000009	800000009	800000009	800000019	800000019	800100119	899999999	899999999	89999	89999	89	89	19	6	1	12	3	0	0	NaN	0	18000	0	0	0	0	0	0	0	NaN	NaN	NaN	NaN	0	4	0	0	0	0	301	0	18000	18000	0	16	18000	18000	18000	18000	100	NaN	0.18106762811964808	0.25853922205159996	0.12800731630245707	0.03921990928930449	10.652231412759402	0.016046288011581637	0.0000031972222509606257	NaN	0.0050885824614937914	-0.13676287856662217	-0.006444139434202729	0.00003947243999534464	NaN	17.504049999116894	981.7276050858621	98.581712635888	99.15212829632229	98.01129669274223	1.1408341948919842	0.00028397899239078267	36.233125487264	250
DATA	2026-08-17T043000_AIU-1657.ghg	2026-08-17	05:00:00	229.208	0	18000	18000	0.0647732085791256	1	NaN	6.848455295509785	2	NaN	18.363350338067306	2	NaN	4.579383781081725	0	NaN	0.41643720620131164	2	NaN	0.1553618178659746	0	NaN	NaN	NaN	NaN	NaN	NaN	NaN	NaN	NaN	NaN	-3.132533898249321e-10	-1.7379116391051873e-11	-1.4705311644417995e-12	NaN	17.620694994976052	449.48669550611277	460.98233232647607	0.2	0	977.5859389105348	24.93726117950628	25.575032443217133	0.1	1	0.0827182784636975	2.02986037389782	2.0817741188154573	-0.3	0	NaN	NaN	NaN	NaN	9	303.2912084189521	295.5372107042566	97124.11259905221	1.134116987283309	1019.4511928379342	0.025298520666423744	0.026985130961844992	0.017762677117739066	2422.659041082812	2698.9074224881238	0.01566212067794541	89.76443656038272	276.24838140531165	293.73621732524987	0.24825528053217835	-0.05129535326380128	0.1897223578156503	0.31663302202030136	-2.0855775290747248e-14	-1.777758425046491e-14	0.31663302202030136	2.4865333023457734	172.67436105017612	348.3256389498239	36.811685570842364	NaN	0.2389839734073883	0.18729586607685692	-170.73468873101694	-0.011732237982146516	0.37294149321504294	0.024785606684856087	0	14.018898941762123	-2.127421999670665	4.812234355786204	11.983143964038923	18.27505063611184	25.631018364037143	38.39993609238547	0.06313592853070357	1.0259326200869257	7.799085123869785	1.0283766640926288	16.71824489427361	1.0984018031915053	4.16913352452255	1.0984018031915053	0.3791301188611634	1.0984018031915053	0.1182615838979503	1.3245792526127806	NaN	NaN	800000009	800000009	800000009	800000019	800000019	800000019	899999999	899999999	89999	89999	89	89	26	12	1	3	10	0	0	NaN	0	18000	0	0	0	0	0	0	0	NaN	NaN	NaN	NaN	0	0	0	0	0	0	301	151	18000	18000	0	16	18000	18000	18000	18000	100	NaN	0.10068810528642218	0.1637219547630106	0.11018167210428105	0.04744263852539163	13.195652951441726	0.04361914422540429	0.0000060814333894099205	NaN	0.006745581077850711	0.10817112582147607	0.00983679979276717	0.0001182615838979503	NaN	17.62195838548195	977.6506028526395	98.57362025875516	99.13524657313029	98.01198649681939	1.123256414618757	0.00028392445232990814	36.58309445455339	049
DATA	2026-08-17T050000_AIU-1657.ghg	2026-08-17	05:30:00	229.229	0	18000	18000	0.09196464906398745	1	NaN	19.749755290236326	0	NaN	22.185809527929827	0	NaN	14.920540296198027	1	NaN	0.5031708805984754	0	NaN	0.19674366576449462	0	NaN	NaN	NaN	NaN	NaN	NaN	NaN	NaN	NaN	NaN	5.414394522537901e-10	2.960915737838207e-11	2.5168023071396362e-12	NaN	17.61488302963364	449.05161486686126	460.3565143793117	0.1	0	963.287476845594	24.55683618964882	25.175055913788984	0.1	1	0.08188021405613491	2.0098756185791182	2.0604743496566087	0.7	0	NaN	NaN	NaN	NaN	9	303.4010869971381	295.6385221873052	97136.41915018151	1.134036654388704	1019.2340791802166	0.025303986856516348	0.0326054730627812	0.017487923868625	2386.002981529389	2715.5737583000823	0.015420951166743167	87.86367795154271	329.5707767706931	293.48914225539227	0.17293560646520348	-0.0023120105426287195	0.10600129217804134	0.202850544292231	5.763139528702914e-15	3.073761269620257e-14	0.202850544292231	2.078551017681117	161.76595304787475	359.2340469521254	31.50403293256399	NaN	0.2847717557812001	0.18077959611261368	-100.17213481196126	-0.01999657892646624	0.8901976403147814	0.06000173071410026	0	16.508101969141762	-2.5051681624822666	5.666697204590909	14.110877272961856	21.519978184124234	30.18207538867426	45.21824882646213	0.08878502835984695	1.035812577445529	20.538315343200154	1.0348858683001978	20.057333211771056	1.106119606913128	13.489084004068152	1.106119606913128	0.45489735237827056	1.106119606913128	0.14551960614630688	1.33907560148018	NaN	NaN	800000009	800000009	800000009	800000019	800000019	800000019	899999999	899999999	89999	89999	89	89	2	8	1	0	6	0	0	NaN	0	18000	0	0	0	0	0	0	0	NaN	NaN	NaN	NaN	0	0	0	0	0	0	301	0	18000	18000	0	16	18000	18000	18000	18000	100	NaN	0.08067872170648756	0.17691059230659464	0.10396987821214514	0.12105295955087127	21.64737853189398	0.056545885983974614	0.000006576475953417707	NaN	0.017769032810290353	0.3499229088788954	0.01180057924893238	0.00014551960614630688	NaN	17.616156388113286	963.3549200371978	98.61919011857773	99.18176678170099	98.05661082119411	1.1251569224066227	0.00028346557210574645	36.187050870418545	239
DATA	2026-08-17T053000_AIU-1657.ghg	2026-08-17	06:00:00	229.249	1	18000	18000	0.056430080219788556	1	NaN	32.166201121755066	0	NaN	30.835061620232025	1	NaN	-8.379060507299755	1	NaN	0.6992493697261157	1	NaN	0.12528759517937624	0	NaN	NaN	NaN	NaN	NaN	NaN	NaN	NaN	NaN	NaN	6.256425495716813e-11	3.3456649314938304e-12	2.8521001967808096e-13	NaN	17.730376103943268	452.0209667769569	463.217926211049	0.1	1	948.1435940341647	24.172120292664548	24.770885107232342	0.1	1	0.08082699811525618	1.9825529654326641	2.0316625571583997	0.4	0	NaN	NaN	NaN	NaN	9	303.42558881886805	295.51262390940224	97152.86561475931	1.134878497485847	1019.0107077388614	0.02528892935515762	0.045311359158252296	0.017224201508086828	2349.0206853771483	2694.8762517272894	0.015177132658909707	87.16618003782311	345.8555663501411	293.2364750007345	-0.4156743954776611	-1.1031975518393393	0.43283623021688505	1.2558571748524325	-1.1093378160349141e-14	3.5286479311205207e-15	1.2558571748524325	2.707699360757725	271.64593422192195	249.35406577807808	20.160677607096833	NaN	0.2229875675494072	0.17918073936592446	-29.531204450408303	-0.06782994589210888	1.0431696721711634	0.12473576873511512	0	17.617640545252538	-2.6735449220342997	6.047565893152783	15.059294159796123	22.96637377805632	32.21066577498375	48.2574468827208	0.055739103139189575	1.0123966307615948	33.55327573431881	1.021710964490732	28.10260398754312	1.0972314748448262	-7.636547710668569	1.0972314748448262	0.6372851907342575	1.0972314748448262	0.089434640236382	1.3054514117622378	NaN	NaN	800000009	800000009	800000009	800000019	800000019	800000019	899999999	899999999	89999	89999	89	89	8	0	0	19	8	0	7	NaN	0	18000	0	0	0	0	0	0	0	NaN	NaN	NaN	NaN	0	0	0	0	0	0	301	0	18000	18000	0	16	18000	18000	18000	18000	100	NaN	0.18764865460415586	0.11653163846275129	0.05418118566494177	0.06248957868861458	14.615900403223847	0.04281735252567931	0.0000014940124051489154	NaN	0.029013946820895153	-0.19790518675362423	0.01651558393479093	0.00008943464023638199	NaN	17.73172435954421	948.211752347651	98.67565129343669	99.24640842649671	98.10489515219794	1.1415141877333328	0.0002837200551423141	35.87204541460673	160
DATA	2026-08-17T060000_AIU-1657.ghg	2026-08-17	06:30:00	229.27	1	18000	18000	0.24141312528740672	1	NaN	32.707276697076345	1	NaN	15.51229337290489	1	NaN	-6.616116423563889	1	NaN	0.3517579686271053	1	NaN	0.11084292070298149	1	NaN	NaN	NaN	NaN	NaN	NaN	NaN	NaN	NaN	NaN	1.91385349577428e-10	1.0189814364788592e-11	8.677963473610829e-13	NaN	17.788830316336835	453.40322727683036	464.6192634565989	0.1	1	947.1199289309357	24.140273686298126	24.737442314058512	0.1	1	0.0806596848004705	1.977992155389502	2.02692262223111	0.3	0	NaN	NaN	NaN	NaN	9	303.52753953382705	295.4666701009216	97167.65145077935	1.1352415470203023	1018.9916345622174	0.025281149215214044	0.022793916367036423	0.017206802411445222	2346.282896250736	2687.3559182422896	0.015156952682544396	87.30823038078863	341.07302199155356	293.21763185986225	-0.268950177794448	-0.6462126554042092	0.3416591873629713	0.7788812454089481	-2.4405286223180593e-14	1.0758737149888056e-14	0.7788812454089481	3.82954628828031	273.5968117466698	247.40318825333014	26.018017276634446	NaN	0.46114372224297373	0.5213543034012376	-256.89037843663675	-0.007797489389016078	2.108474608545355	0.0613125231543157	0	23.89530066168694	-3.626204064070953	8.202483466333977	20.42534360811914	31.14993776412482	43.68823062482985	65.4529305139408	0.23788241637226615	1.0148422442019225	33.17764111305282	1.0218936994337284	14.190220064827578	1.0931679214302146	-6.052241649121833	1.0931679214302146	0.32177853167049847	1.0931679214302146	0.07850158659166406	1.3087056444060254	NaN	NaN	800000009	800000009	800000009	800000019	800000019	800000019	899999999	899999999	89999	89999	89	89	3	0	0	9	3	0	0	NaN	0	18000	0	0	0	0	0	0	0	NaN	NaN	NaN	NaN	0	0	0	0	0	0	301	151	18000	18000	0	16	18000	18000	18000	18000	100	NaN	0.6925946801640728	0.2419585984441429	0.10815532819425934	0.07664473508005416	8.22487489050788	0.04593355462972683	0.000001177289027923292	NaN	0.028680492814583312	-0.15679368190910445	0.008336223777060095	0.00007850158659166406	NaN	17.790223423497753	947.1876663368231	98.66924940787422	99.23452037853664	98.10397794469198	1.1305433292852514	0.0002834232164685898	36.99688985048531	096
DATA	2026-08-17T063000_AIU-1657.ghg	2026-08-17	07:00:00	229.291	1	18000	18000	0.12323201035860132	1	NaN	5.462575359326596	1	NaN	47.182030427210655	1	NaN	8.120196634698871	1	NaN	1.0700502556476128	1	NaN	0.11231985039079244	1	NaN	NaN	NaN	NaN	NaN	NaN	NaN	NaN	NaN	NaN	-6.168527298162845e-11	-3.2742175266435032e-12	-2.8051573269274724e-13	NaN	17.752670848894727	452.5017788098773	463.6376716965163	0.1	1	942.3011884132513	24.018524736980893	24.609611294628408	0.1	1	0.08073083298041056	1.9808709849782165	2.029619449943338	0.3	0	NaN	NaN	NaN	NaN	9	303.7287275424534	295.60840006174766	97190.8135986673	1.1350204664301105	1018.9243572554997	0.02528724832227426	0.0693392565659653	0.01711589247118362	2335.0061333398844	2710.609124362841	0.01507980955181969	86.14322560759304	375.60299102295676	293.1398146010476	-0.34787490787343767	-0.7977981748733523	0.32126708358318184	0.9277453413266322	2.630106264191584e-14	-3.4747038069186615e-15	0.9277453413266322	3.0236511096127927	274.55930794344556	246.44069205655444	20.2604402321107	NaN	0.3295034152719253	0.27679200691626993	-561.2173013638835	-0.003569205716096099	0.11577660626017143	0.014334808124528102	0	19.053030879207327	-2.891370942983289	6.540288945634709	16.286244228259065	24.837550048359898	34.83501709971997	52.18920338659952	0.12156570395260578	1.0137070436135933	8.19235068106599	1.021545690422074	43.129471800097754	1.0939626306089778	7.422736762204199	1.0939626306089778	0.9781415065813961	1.0939626306089778	0.0847914136316574	1.3071243518350395	NaN	NaN	800000009	800000009	800000009	800000019	800000019	800000019	899999999	899999999	89999	89999	89	89	3	1	0	4	1	0	3	NaN	0	18000	0	0	0	0	0	0	0	NaN	NaN	NaN	NaN	0	0	0	0	0	0	301	0	18000	18000	0	16	18000	18000	18000	18000	100	NaN	0.22041009771880377	0.2359067576089564	0.09726715850477974	0.06189001921248251	10.931696600219485	0.0925302845202015	0.0000013931286991606005	NaN	0.007083744648963754	0.19232109580374665	0.025343381076739127	0.0000847914136316574	NaN	17.754032758959358	942.3644110769006	98.69054104487101	99.26048433727689	98.12059548102485	1.139889843874508	0.0002838655018422287	35.755205061690916	022
DATA	2026-08-17T070000_AIU-1657.ghg	2026-08-17	07:30:00	229.312	1	18000	18000	0.1626055610761047	1	NaN	37.31135423262039	1	NaN	38.8503226619106	1	NaN	-10.917646043061877	1	NaN	0.881178223935754	1	NaN	0.10634171192387863	1	NaN	NaN	NaN	NaN	NaN	NaN	NaN	NaN	NaN	NaN	-5.322666372737883e-11	-2.8731172325672342e-12	-2.409731480240864e-13	NaN	17.83225158043663	454.74571893136437	466.1891128486627	0.1	1	962.5654836012739	24.5466777363658	25.16437965417233	0.1	1	0.08073197714785489	1.9821804120125923	2.032060752443541	0.2	0	NaN	NaN	NaN	NaN	9	303.9719206746419	295.7072372587835	97221.39547255494	1.134769372833125	1019.2297988617057	0.025287746165539762	0.05710034891103685	0.01749191634131968	2387.102406984049	2726.9289018111103	0.015414512199644974	87.538124129259	339.8264948270612	293.4966009996318	-0.40425473454720123	-0.8779809664942303	0.3860069550982992	1.0408044183775322	3.696525555576645e-14	-2.9848537907446655e-15	1.0408044183775322	3.436216906700214	275.72308213817587	245.2769178618242	21.769508904423652	NaN	0.37854184476333924	0.4198358671314245	-124.62052864788436	-0.016073595752909734	0.9603872420138472	0.08522115182770364	0	23.73102407758517	-3.601274458650392	8.146092630994497	20.284922454832433	30.935786645320203	43.38788063576256	65.00295149938417	0.16050091999445604	1.0131129533819578	39.125554453288515	1.0214881804683333	35.48307868843681	1.0948971762862028	-9.971389350088193	1.0948971762862028	0.8048045451396951	1.0948971762862028	0.07267053970201741	1.3063247418833974	NaN	NaN	800000009	800000009	800000009	800000019	800000019	800000019	899999999	899999999	89999	89999	89	89	4	0	0	19	15	0	8	NaN	0	18000	0	0	0	0	0	0	0	NaN	NaN	NaN	NaN	0	0	0	0	0	0	301	0	18000	18000	0	16	18000	18000	18000	18000	100	NaN	0.5727328445949076	0.19279196291964462	0.07414692674829687	0.0456978413869652	19.757023733713922	0.1104603766001435	0.0000011992640883080263	NaN	0.033828347777827734	-0.25850100575614	0.020863971614335158	0.0000726705397020174	NaN	17.833703857043368	962.6296060196422	98.63701457256741	99.21047056452434	98.06355563566419	1.1469116956856549	0.0002836033505284124	35.93754351977066	241
DATA	2026-08-17T073000_AIU-1657.ghg	2026-08-17	08:00:00	229.333	1	18000	18000	0.05018216385429078	1	NaN	3.1199542858504823	0	NaN	42.253051008754085	1	NaN	26.92226319255232	1	NaN	0.9584655809854826	1	NaN	0.04283658398254789	0	NaN	NaN	NaN	NaN	NaN	NaN	NaN	NaN	NaN	NaN	2.06669255274701e-10	1.1005819163226965e-11	9.247765775348018e-13	NaN	18.089704973996977	461.30086642232936	472.9184834694194	0.1	1	963.3364256106142	24.56579189263457	25.184468299814462	0.1	1	0.08094544799240413	1.9884758774669855	2.0385545851679985	-0.1	0	NaN	NaN	NaN	NaN	9	304.1678432074652	295.8244722015985	97230.61942014733	1.134419008197537	1019.2429349179965	0.025295371731165334	0.06210856964785927	0.017500259818068315	2389.187864758721	2746.39771202671	0.015426627808250711	86.99351351394823	357.20984726798906	293.5107409392492	0.4363762282425552	0.13423492337444937	0.15381150904469926	0.48176883205866955	-6.560310470443355e-16	1.1424689101993508e-14	0.48176883205866955	2.344109357796661	143.90143140018745	17.098568599812566	18.618428684636893	NaN	0.2103235699147755	0.19491672230716398	-255.64445020476907	-0.007835491826227925	0.07383973964871987	0.012829480808905601	0	13.356840308188778	-2.0269520477873546	4.584971051067206	11.417226201759437	17.41199034137038	24.42056402909386	36.58645492498125	0.049220482558152215	1.0195382338034247	5.585373570933661	1.024362553645765	38.61483297100009	1.0942181477383657	24.604109562794054	1.0942181477383657	0.8759364693105581	1.0942181477383657	0.030604605464481016	1.3153889590952672	NaN	NaN	800000009	800000009	800000009	800000019	800000019	800000019	899999999	899999999	89999	89999	89	89	24	11	1	9	0	0	0	NaN	0	18000	0	0	0	0	0	0	0	NaN	NaN	NaN	NaN	0	0	0	0	0	0	301	151	18000	18000	0	21	18000	18000	18000	18000	100	NaN	0.16251674845712105	0.1310063105829874	0.09631038557421952	0.27531531265519615	71.6530829551849	0.06493317418122377	0.0000013213627353641007	NaN	0.004830599377448822	0.63804846781195	0.0227153078113973	0.000030604605464481015	NaN	18.091113752031035	963.4006437145564	98.64997227054172	99.2306072353787	98.06933092965019	1.1612752482361284	0.0002836063734301004	35.32218888828488	091
DATA	2026-08-17T080000_AIU-1657.ghg	2026-08-17	08:30:00	229.354	1	18000	18000	0.1660665130945043	0	NaN	7.375328301239074	2	NaN	23.642128976915924	0	NaN	-6.357976493115688	2	NaN	0.5368937704124183	0	NaN	0.02642914603000874	1	NaN	NaN	NaN	NaN	NaN	NaN	NaN	NaN	NaN	NaN	1.2158946282653606e-10	6.637785634446197e-12	5.552454630357633e-13	NaN	17.546100340094952	449.3927911071672	460.6950948026307	0.1	1	957.8729116041101	24.53315397314036	25.15016688990047	0.1	1	0.08012530347063739	1.9785105474176385	2.0282704178786206	0.8	0	NaN	NaN	NaN	NaN	9	305.09398211330836	296.9726272768512	97236.38291009596	1.1301141814660811	1019.2456072121042	0.025392043073656785	0.0347907163227247	0.017410471496454687	2386.155042911851	2943.579123982049	0.015405940197890738	81.06305087813915	557.4240810701981	293.49017405267637	0.48145170447502017	0.5179045764143069	0.33747935580167515	0.7835261384313209	1.927048927357697e-14	6.929714322258234e-15	0.7835261384313209	4.330372441888817	113.91098511827101	47.08901488172898	25.513178975982658	NaN	0.38333623322962995	0.48259628523544634	-654.79288374525	-0.0030591352620431265	0.31195702842329953	0.016703224288978902	0	17.217456518838556	-2.6128154521061226	5.910195666821431	14.717222872989005	22.44469348227416	31.479001742549986	47.16128083549207	0.16364472967458943	1.01479903095401	8.689270253137154	1.0218768872141843	21.62685209894817	1.0931840135007798	-5.816016713192772	1.0931840135007798	0.4911284502716845	1.0931840135007798	0.017754617136426402	1.308645056416277	NaN	NaN	800000009	800000009	800000009	800000019	800000019	800000019	899999999	899999999	89999	89999	89	89	28	7	0	11	1	2	0	NaN	0	18000	0	0	0	0	0	0	0	NaN	NaN	NaN	NaN	0	14	0	0	0	0	301	0	18000	18000	0	21	18000	18000	18000	18000	100	NaN	0.5347738225715664	0.26083125442833793	0.1695874934709883	0.14843678655613127	60.93007319288863	0.17083604370968372	1.4064147891597561e-7	NaN	0.007543660443887523	-0.1513957586554516	0.012784482575074991	0.0000177546171364264	NaN	17.547816961273476	957.9715506486175	98.69443318515354	99.33068644332884	98.05817889404298	1.2725073289209052	0.00028446650522204837	35.479028471262566	223
DATA	2026-08-17T083000_AIU-1657.ghg	2026-08-17	09:00:00	229.374	1	18000	18000	0.16111074509409842	0	NaN	1.1899869030911607	2	NaN	61.457305699085815	0	NaN	0.26726449258246143	2	NaN	1.397742648719103	0	NaN	0.03654646602287448	1	NaN	NaN	NaN	NaN	NaN	NaN	NaN	NaN	NaN	NaN	8.652032929070459e-11	4.728243104007336e-12	4.036906316927582e-13	NaN	17.177822664882864	443.36557225313123	454.3748255088088	0.1	1	938.7495658297199	24.22945250839859	24.831096378841192	0.1	1	0.08014909489529372	1.9926861886017777	2.042166771403734	0	1	NaN	NaN	NaN	NaN	9	305.7550828653972	298.51922522416135	97241.05140738883	1.1244434752252845	1019.1027404094763	0.02552305639020571	0.09057372363699787	0.017106679349334655	2356.7294351381915	3228.6618438783485	0.015213463127532753	72.99400027310479	871.9324087401569	293.289428155147	0.701515986407906	0.6502750712694344	0.39864014765891653	1.0362896867314888	-1.4861238418199892e-14	5.036745982223968e-15	1.0362896867314888	3.9767938677204064	118.17081124795902	42.829188752040956	22.623889545691664	NaN	0.3785240156224931	0.47341064070817257	-3907.4027302782897	-0.0005126423197890678	0.019362822524594696	0.002743425333717736	0	15.787058898884254	-2.3957470947687214	5.419186451491878	13.494540501360714	20.58002571891892	28.86377869135112	43.243200148761524	0.15902226794746244	1.013133237084293	4.858494920929671	1.0214877611262687	56.13287873517557	1.0948539801250867	0.24410971456844552	1.0948539801250867	1.2766475476112449	1.0948539801250867	0.025257662518254478	1.3063519090559357	NaN	NaN	800000009	800000009	800000009	800000019	800000019	800000019	899999999	899999999	89999	89999	89	89	42	4	1	24	9	2	3	NaN	0	18000	0	0	0	0	0	0	0	NaN	NaN	NaN	NaN	0	0	0	0	0	0	301	0	18000	18000	0	16	18000	18000	18000	18000	100	NaN	0.49347744316277253	0.24794860011829178	0.2053952381352808	0.17337898555230605	10.628946412968391	0.1197808038972508	1.4643294050594286e-7	NaN	0.004239807657558321	0.0063851768486828525	0.03339326490691316	0.000025257662518254476	NaN	17.179340763405747	938.8086914082844	98.63191495980155	99.37481955337526	97.88900927734372	1.4858110649718226	0.0002869051484513977	36.85320402434448	189
DATA	2026-08-17T090000_AIU-1657.ghg	2026-08-17	09:30:00	229.395	1	18000	18000	0.12500704110174893	1	NaN	-8.458279428675343	1	NaN	107.73690226469468	0	NaN	-3.08173948765271	2	NaN	2.4548389367786028	0	NaN	0.03764271839066749	1	NaN	NaN	NaN	NaN	NaN	NaN	NaN	NaN	NaN	NaN	-2.277399524651625e-10	-1.292572976662596e-11	-1.092321574939031e-12	NaN	16.5939912115827	431.17274916845736	441.98904754148657	0.1	1	941.8173835067199	24.471869683634967	25.085765262041914	0.1	1	0.07959066654118668	1.99606442100144	2.046137224514596	0.6	0	NaN	NaN	NaN	NaN	9	306.87250925106474	300.42536458360945	97246.32979456411	1.117266382665248	1019.2831236146154	0.025684634951516162	0.15907356310325346	0.017169140230619127	2380.4378659706554	3612.9120678825207	0.015367096421233049	65.88695825541633	1232.4742019118653	293.4513410286734	0.5344848431056328	0.36283121933616136	0.16729237267078048	0.6673134789500552	3.964101406524801e-15	-1.3724242080241594e-14	0.6673134789500552	4.031991031202905	126.82965819047661	34.170341809523386	14.518662023921209	NaN	0.33449441594843426	0.3277200378423894	379.39197893634014	0.005279763704061094	-0.07850865628096973	-0.0222045303230447	0	15.577020476391095	-2.3638729538219643	5.347087057883605	13.3150028168984	20.30621942196668	28.47976146671458	42.667872369155674	0.12353873458229157	1.011885393876034	-1.8871692248488798	1.0204778480323744	97.9579008120151	1.0998286138393865	-2.8020179224967428	1.0998286138393865	2.232019521849879	1.0998286138393865	0.02468254956565627	1.3778529866142293	NaN	NaN	800000009	800000009	800000009	800000019	800000019	800001019	899999999	899999999	89999	89999	89	89	32	12	0	41	16	0	4	NaN	0	18000	0	0	0	0	0	0	0	NaN	NaN	NaN	NaN	0	11	0	0	0	0	301	151	17601	18000	0	21	18000	18000	18000	18000	100	NaN	0.2799628498129931	0.20962422512013448	0.16585300075165121	0.13793907912977826	8.72971168748845	0.13812392955940506	7.547135767406859e-7	NaN	-0.0016571403056244555	-0.07377469650650627	0.0587671340354403	0.00002468254956565627	NaN	16.595319777066454	941.8724677412632	98.46139358944365	99.28683791224164	97.6359512261285	1.650888069940931	0.00028892584035929765	36.261467173862776	111
DATA	2026-08-17T093000_AIU-1657.ghg	2026-08-17	10:00:00	229.416	1	18000	18000	0.5005208007739066	1	NaN	-69.53133144569715	1	NaN	208.35695884484667	1	NaN	26.16272714884269	1	NaN	4.754270521467867	1	NaN	0.04763795055436344	1	NaN	NaN	NaN	NaN	NaN	NaN	NaN	NaN	NaN	NaN	-3.231361204682588e-11	-1.7995085560090784e-12	-1.6057497291613692e-13	NaN	15.777923487232068	411.8235490009653	421.4899956210259	0.1	0	878.6547375201177	22.933988280832146	23.47230177465627	0.3	0	0.07840471789299816	1.9780188954298539	2.024447551859356	-1.3	0	NaN	NaN	NaN	NaN	9	308.345853096856	301.88513501201413	97253.83573011348	1.1126023006621775	1018.4422904237671	0.02580744495728649	0.3080767297911178	0.016013614543613643	2231.016615006206	3933.536176612016	0.014392936752047846	56.71783644119926	1702.51956160581	292.4062629507389	-0.9836517483109309	-0.5848360309775402	0.603412603326983	1.2937197203949167	-8.377451399049569e-14	-2.0480269202075257e-15	1.2937197203949167	7.957372742966101	310.2661468139206	210.73385318607933	27.801953070442597	NaN	0.6707197403893285	1.8944081925763265	372.02029743476163	0.005384383631248691	-0.3337125471171508	-0.09148777773806019	0	23.30016336105063	-3.535889682644992	7.9981920896410275	19.9166291947033	30.374116185714872	42.60012982995991	63.8227572453006	0.495175948357829	1.0107938449631952	-56.07933775853826	1.0219247628235597	187.87134583058213	1.1090406465323241	23.59041323746483	1.1090406465323241	4.286831629059954	1.1090406465323241	0.04115803336120301	1.3828620220983832	NaN	NaN	800000009	800000009	800000009	800000019	800000019	800001019	899999999	899999999	89999	89999	89	89	5	3	0	15	15	3	3	NaN	0	18000	0	0	0	0	0	0	0	NaN	NaN	NaN	NaN	0	0	0	0	0	0	301	0	18000	18000	0	21	18000	18000	18000	18000	100	NaN	1.5696081833247026	1.975516170190658	0.24369203163729264	0.178296725392618	24.628859334723472	0.4895136329914461	2.205209156691373e-7	NaN	-0.049491030620296805	0.6231023462529933	0.11322967593533581	0.00004115803336120301	NaN	15.779163845830523	878.7197011591646	98.34725011253357	99.2054793864356	97.48902000151739	1.7164591177635704	0.00028989906480193084	36.18331048658159	092
DATA	2026-08-17T100000_AIU-1657.ghg	2026-08-17	10:30:00	229.437	1	18000	18000	1.5499358623383703	1	NaN	-42.968177598111936	1	NaN	525.4544274717844	1	NaN	0.8946375740593526	1	NaN	11.99412563638758	1	NaN	0.14353774597798283	1	NaN	NaN	NaN	NaN	NaN	NaN	NaN	NaN	NaN	NaN	-1.0394801350748721e-9	-5.767466998745626e-11	-5.209311248668733e-12	NaN	15.627931246948567	408.51527861586817	417.9894792768808	0.1	0	867.1024551993893	22.666122308635444	23.191790263299616	0.2	0	0.0783187242267856	1.9789543203091522	2.0248498138464126	0	0	NaN	NaN	NaN	NaN	9	308.86246004570853	302.25759019533234	97248.74512816755	1.1112866702819792	1018.2997134674642	0.025840637856787377	0.7772193412379151	0.015806248021564984	2204.843218688409	4019.201391035633	0.014223375879739732	54.85774421769604	1814.3581723472244	292.21691841303414	-1.5549977928335887	-1.4592719543581714	1.0182971385502981	2.363138132838105	3.417109911216689e-14	-6.651425058437187e-14	2.363138132838105	12.138042555322532	297.8189625559843	223.18103744401574	25.52525196995826	NaN	1.1809834484468202	3.4079034782793056	3286.06198232312	0.000609574624816993	-0.08177336673106485	-0.03215151165391329	0	25.63949348771261	-3.890892054559338	8.80120842150949	21.91625340225753	33.4236692709414	46.87717139257509	70.23054488511369	1.5316353128420175	1.0119483726595435	-11.19202625035093	1.0266337745375647	465.9524996628528	1.1276995570406536	0.7933297202023295	1.1276995570406536	10.635922982769417	1.1276995570406536	0.09073731928283434	1.3820886371590761	NaN	NaN	800000009	800000009	800000009	800000019	800001019	800001119	899999999	899999999	89999	89999	89	89	9	1	3	16	71	7	8	NaN	0	18000	0	0	0	0	0	0	0	NaN	NaN	NaN	NaN	0	0	0	0	0	0	301	0	4	18000	0	21	18000	18000	18000	18000	100	NaN	2.113482359076327	4.107525110892678	0.5947994865896064	0.020496716256941227	0.26289792203515416	0.44999053556511914	1.3191415778487038e-7	NaN	-0.009890243711787764	0.02097571157609161	0.2812147927285482	0.00009073731928283434	NaN	15.629043925463533	867.1498940980025	98.32405169592963	99.18402589840358	97.46407456949024	1.7199475107126774	0.00029095626208193914	37.07182025216786	171
DATA	2026-08-17T103000_AIU-1657.ghg	2026-08-17	11:00:00	229.458	1	18000	18000	0.24203858641294618	1	NaN	-11.990194599758558	2	NaN	83.8858696535441	1	NaN	2.5450424476133846	1	NaN	1.9157561733790422	1	NaN	0.030692096428323334	1	NaN	NaN	NaN	NaN	NaN	NaN	NaN	NaN	NaN	NaN	-5.0647521900521035e-11	-2.819106719616843e-12	-2.538837033000549e-13	NaN	15.56314587339389	408.0135391421727	417.49508740407987	0.1	0	866.264872667156	22.710562466404024	23.238317732890987	0.2	0	0.07801426330585307	1.9758512745198828	2.021766734230113	0	1	NaN	NaN	NaN	NaN	9	308.9698096923828	302.77210328452054	97261.22217729404	1.1095217452698307	1018.3382926721468	0.025881304083542184	0.12414100003496194	0.01581235401954766	2209.4495643403948	4140.207221066486	0.014251504386425673	53.365675831347815	1930.7576567260917	292.250384180941	-0.7356800684390703	0.1604185159706791	0.4119749349695686	0.8583021673093383	7.899285028798744e-14	-3.2543241779353842e-15	0.8583021673093383	5.264952201905793	353.3010646929988	167.69893530700122	28.68463306220212	NaN	0.46706184953993646	1.2124840139352004	728.5126189686853	0.0027495748842836475	-0.14293461639342953	-0.0227208169991389	0	20.34530910311801	-3.087479149103031	6.983886241839748	17.390864217535324	26.522165229339574	37.197713844029096	55.72895364929127	0.2393719943247784	1.01113995016706	-6.769558573227566	1.0205612051729007	76.14376339289755	1.1016774836922323	2.310152004817024	1.1016774836922323	1.7389446564328919	1.1016774836922323	0.021471301749095423	1.3776826908300634	NaN	NaN	800000009	800000009	800000009	800000019	800001019	800001119	899999999	899999999	89999	89999	89	89	7	0	0	46	46	11	6	NaN	0	18000	0	0	0	0	0	0	0	NaN	NaN	NaN	NaN	0	1	0	0	0	0	301	151	0	18000	0	16	18000	18000	18000	18000	100	NaN	0.8879107208489753	1.3711961750782953	0.16586113194313046	0.027986914407831378	0.4618665711808545	0.3061484656676139	9.185318281586515e-8	NaN	-0.005991457142570542	0.06117954100113243	0.04605230984156072	0.00002147130174909542	NaN	15.564250396168148	866.3106609861223	98.23481205919055	99.12744868850707	97.3421770307753	1.7852706237898899	0.00029169203389351926	35.88855222293327	150
DATA	2026-08-17T110000_AIU-1657.ghg	2026-08-17	11:30:00	229.479	1	18000	18000	0.7512299408489339	1	NaN	36.1834214055308	1	NaN	95.4516439682649	1	NaN	-0.786535349146066	1	NaN	2.180612866569221	1	NaN	0.009304704940599083	2	NaN	NaN	NaN	NaN	NaN	NaN	NaN	NaN	NaN	NaN	4.3637723355526225e-10	2.4438348548486702e-11	2.1864097328047876e-12	NaN	15.539959230759145	407.8796740882981	417.4144235370728	0.1	1	870.2812862542967	22.842405319824426	23.376378021500987	0.2	0	0.07786088617113575	1.9750986635925372	2.0212693165824374	0	1	NaN	NaN	NaN	NaN	9	309.29486330244276	303.1113786338782	97254.19273307182	1.1081440213371168	1018.4219456610596	0.025912178499890012	0.1413037137536855	0.01588520050205825	2222.115588601129	4221.721950366122	0.014334960254435822	52.6352899297032	1999.606361764993	292.34209036245966	-1.351635943735338	0.9391819201244316	0.5401045988688449	1.732251535200796	-1.0261070000816278e-13	2.8080976730718537e-14	1.732251535200796	7.361955098510775	15.79343875180615	145.20656124819385	18.167342492877374	NaN	0.8233573002979785	1.7282038547529546	-1322.4733856352643	-0.001514661861446678	0.37907593731503264	0.03894012423133636	0	23.058600922425732	-3.499231650629812	7.915271521410432	19.710145255388838	30.059215149906585	42.158476649765284	63.16108030162254	0.7423865523827168	1.011912107564225	41.38543119382704	1.0231391664168197	86.45813531375673	1.1040215431650326	-0.7124275373207026	1.1040215431650326	1.9751542712815122	1.1040215431650326	-0.006347718693165899	1.3053843356890313	NaN	NaN	800000009	800000009	800000009	800000019	800001019	800001119	899999999	899999999	89999	89999	89	89	4	1	1	15	16	3	5	NaN	0	18000	0	0	0	0	0	0	0	NaN	NaN	NaN	NaN	0	14	0	0	0	0	301	0	0	18000	0	21	18000	18000	18000	18000	100	NaN	1.5555342222290187	1.523952027008908	0.3769214602679827	0.03896393823166644	0.08908908388419806	0.46446956096579683	6.970051554152787e-8	NaN	0.0366710653913697	-0.01889220876219685	0.05237729435744366	-0.000006347718693165899	NaN	15.541010497671955	870.3246561154901	98.1672737382253	99.07668229336208	97.25786606534322	1.8188126023014377	0.00029151757224301245	35.48669009795454	207
DATA	2026-08-17T113000_AIU-1657.ghg	2026-08-17	12:00:00	229.499	1	18000	18000	0.17485238359674904	0	NaN	-13.26640897495402	2	NaN	289.31652856725594	0	NaN	1.2222749583855772	0	NaN	6.61237176196519	0	NaN	0.06529565976677344	0	NaN	NaN	NaN	NaN	NaN	NaN	NaN	NaN	NaN	NaN	7.437374544572309e-10	4.098852693323048e-11	3.729779129724074e-12	NaN	15.514607462964976	407.7637298224839	417.1378573359327	0.1	0	855.0341280288548	22.47249284281477	22.989115578106407	0.2	0	0.07780441710234692	1.9773247542172647	2.0227817015274163	0	0	NaN	NaN	NaN	NaN	9	309.6436597713894	303.5569956420781	97257.27737928343	1.1067085061137787	1018.2242364677362	0.02594945005427245	0.42848169017534427	0.015605507134794822	2186.199737494256	4330.90393543372	0.014100828762574314	50.47906326454498	2144.704197939464	292.0808416505275	-2.2768687558476532	-0.380995283934202	1.2741838889085844	2.636822580396683	2.006520384714956e-13	4.793788410261823e-14	2.636822580396683	8.046595576213624	331.50053545500725	189.49946454499275	28.89637603464486	NaN	0.39748354506738004	2.5771066786363446	405.8096957865802	0.00493605751857997	-0.04585430718615181	-0.02961812412618856	0	14.179545251116831	-2.15180069689267	4.867379035280543	12.120462013073025	18.484469325137123	25.92473105305006	38.83997122198623	0.172635455044057	1.0128416758430432	4.229665011565976	1.027526673613186	258.3699410708858	1.119776268741261	1.0915349722132752	1.119776268741261	5.905082958578992	1.119776268741261	0.03943957217924951	1.3089912498614258	NaN	NaN	800000009	800000009	800000009	800000019	800001019	800001119	899999999	899999999	89999	89999	89	89	17	1	1	4	17	8	6	NaN	0	18000	0	0	0	0	0	0	0	NaN	NaN	NaN	NaN	0	0	0	0	0	0	301	0	0	18000	0	21	18000	18000	18000	18000	100	NaN	1.395409541470456	3.46256694043798	0.2962368753642533	0.029001642594287863	0.0935824523681444	0.5653342170131781	8.771390025807295e-8	NaN	0.0037534384156360174	0.028976071470677482	0.1567573281698134	0.00003943957217924951	NaN	15.515702620680191	855.0719379162664	98.17300113593208	99.0778231086731	97.26818317625258	1.8096354585654197	0.0002916614398580148	36.96013377220398	039
DATA	2026-08-17T120000_AIU-1657.ghg	2026-08-17	12:30:00	229.52	1	18000	18000	0.288243460937604	0	NaN	-30.941832997365104	0	NaN	413.62055148416545	0	NaN	0.7715505466027273	0	NaN	9.4542960996025	0	NaN	0.08532945458657329	0	NaN	NaN	NaN	NaN	NaN	NaN	NaN	NaN	NaN	NaN	-5.4744836222735237e-11	-3.038715079136463e-12	-2.74679978662381e-13	NaN	15.494212183638098	407.50985966613433	416.9408964085786	0.1	0	860.0353832496787	22.619601060200164	23.143088489125084	0.2	0	0.07774157647812349	1.9767921246177385	2.0225411996823723	0	0	NaN	NaN	NaN	NaN	9	309.76732290140785	303.658601001869	97233.50302453528	1.106005701467129	1018.3102308524756	0.025964482716337937	0.6126383872542419	0.015698568792675123	2199.9730093210237	4356.139351882748	0.014193931163149336	50.502815259346164	2156.1663425617244	292.18146890883855	-3.094614734983489	-0.5333142281678899	1.8104467320135913	3.6247457556912708	2.557536315187473e-14	-3.5332442575264223e-15	3.6247457556912708	9.51647432085572	331.2219089245466	189.77809107545337	29.964849886040703	NaN	0.5105062330282667	3.231644985566836	368.5631814551716	0.005434889052377136	-0.07480729109406849	-0.053815516886211896	0	16.042430748570915	-2.4345007581895737	5.506847343668077	13.712828517550204	20.912928716754116	29.330679879252415	43.94270320877356	0.2839655642440313	1.0150648431790004	-6.279464687928496	1.0347795865403142	357.18321874452863	1.1580066749440516	0.6662746971126088	1.1580066749440516	8.16428463165748	1.1580066749440516	0.049614629326371965	1.399068575751765	NaN	NaN	800000009	800000009	800000009	800000019	800000019	800000019	899999999	899999999	89999	89999	89	89	27	0	1	1	1	17	7	NaN	0	18000	0	0	0	0	0	0	0	NaN	NaN	NaN	NaN	0	0	0	0	0	0	301	151	0	18000	0	16	18000	18000	18000	18000	100	NaN	0.9156063189939925	5.18877557566122	0.35890807647845935	0.05259114296232296	0.08938573697077912	0.6720222145495485	8.596725238730009e-8	NaN	-0.00557551706880584	0.017699951083708462	0.2168886785586375	0.00004961462932637196	NaN	15.4952939264853	860.0593544410746	98.16340400271946	99.07073836474949	97.25606717300414	1.8146654576692305	0.00029226272049224144	36.041283451309916	052
DATA	2026-08-17T123000_AIU-1657.ghg	2026-08-17	13:00:00	229.541	1	18000	18000	0.1604741504745502	0	NaN	-20.257603507160614	2	NaN	231.0767583763334	0	NaN	0.7314748915442588	1	NaN	5.279566438390172	0	NaN	0.10143235336348744	0	NaN	NaN	NaN	NaN	NaN	NaN	NaN	NaN	NaN	NaN	1.3742251981178274e-10	7.74070618568735e-12	6.913354892284403e-13	NaN	15.506352379120987	406.90031299815837	416.44514981616396	0.1	0	873.4384869590934	22.91979345231672	23.457432970932047	0.3	0	0.07800826038447481	1.97995023978608	2.026394789821643	0.1	0	NaN	NaN	NaN	NaN	9	309.7140641564264	303.2219054510219	97215.78505494661	1.1072699396137027	1018.4686456312222	0.025931868168270488	0.34211590520768315	0.015926915963294694	2228.7633956298396	4248.576839663576	0.014383950465458473	52.45905816796583	2019.8134440337362	292.3900394493764	-2.2777603891704157	-0.5448801667699914	1.2721858143632632	2.665247368046558	2.116622685297581e-13	8.862336960484634e-15	2.665247368046558	7.508690483179747	327.54666590291697	193.45333409708303	28.510755976336252	NaN	0.3806937858239084	1.6342794310943578	233.42934800911615	0.008581183202044382	-0.08766612293465241	-0.047185776432735915	0	16.575023909078332	-2.515323825054138	5.689669340980256	14.16808114067958	21.607217691740942	30.304430038536346	45.40155838789191	0.15845241920256592	1.0127592325958727	-6.265403323277805	1.0287758945196337	203.39561179005963	1.1360951022623125	0.643850052770819	1.1360951022623125	4.647116625955822	1.1360951022623125	0.06810692892375694	1.3898424731945291	NaN	NaN	800000009	800000009	800000009	800000019	800000019	800100119	899999999	899999999	89999	89999	89	89	21	1	2	3	7	10	8	NaN	0	18000	0	0	0	0	0	0	0	NaN	NaN	NaN	NaN	0	0	0	0	0	0	301	0	0	18000	0	21	18000	18000	18000	18000	100	NaN	0.8826196849892283	2.202000637993891	0.18393853920559605	0.04388933230252834	0.14815986807545292	0.5047778459941642	2.959702941526191e-7	NaN	-0.005555816073615601	0.017087993015869028	0.12333600984657866	0.00006810692892375694	NaN	15.507398930965074	873.475520318857	98.23337808905708	99.1207294154697	97.34603163210551	1.7746925772196727	0.0002919775374741423	36.147485620463335	244
DATA	2026-08-17T130000_AIU-1657.ghg	2026-08-17	13:30:00	229.562	1	18000	18000	1.0190950529707623	0	NaN	-22.272511447475246	2	NaN	361.3838102933453	0	NaN	2.5870591214270315	1	NaN	8.26033150090668	0	NaN	0.23225288493785967	0	NaN	NaN	NaN	NaN	NaN	NaN	NaN	NaN	NaN	NaN	-9.601339305385157e-10	-5.370379926169111e-11	-4.829007040187343e-12	NaN	15.492539544654466	407.2378544983056	416.7302619802256	0.1	0	866.5543496554504	22.778301332890408	23.309246370561645	0.2	0	0.07791994444937085	1.98158124188721	2.0277704072576426	0.5	0	NaN	NaN	NaN	NaN	9	309.84218970659043	303.6625955112776	97181.65288955238	1.1053344720169263	1018.4001093569306	0.02597867749738775	0.5352694812587528	0.015800072851776474	2214.2267571585066	4357.134061256191	0.014294381702350928	50.818421605327664	2142.907304097684	292.28502662945164	-1.2557384300713275	-2.3764965935217357	0.9485638283510103	2.850331279033006	8.126322947065455e-14	-6.197395383572215e-14	2.850331279033006	8.632003511528938	278.8519282708352	242.14807172916483	19.438249275822052	NaN	0.9601973198564872	2.7321523342058773	3405.7578041207	0.0005881510416202837	-0.06163118217552698	-0.02060613541830277	0	20.9676523986408	-3.1819221452144153	7.197516556192491	17.92283390618811	27.333452569805566	38.33555587445856	57.4336483528395	1.006014043150869	1.0130028103573216	-0.599899520634458	1.0295398275099126	317.38792176521895	1.1386186603555486	2.2721032172608067	1.1386186603555486	7.254695350177454	1.1386186603555486	0.15878191916294435	1.386956288528382	NaN	NaN	800000009	800000009	800000009	800000019	800001019	800001119	899999999	899999999	89999	89999	89	89	11	0	0	18	36	16	16	NaN	0	18000	0	0	0	0	0	0	0	NaN	NaN	NaN	NaN	0	0	0	0	0	0	301	0	0	18000	0	16	18000	18000	18000	18000	100	NaN	3.180488085817951	1.6336823645036875	0.6501342180901166	0.037254076380354696	0.45410739082438356	0.39865254941369815	3.371581750971115e-7	NaN	-0.0005329253303310052	0.0604024714800274	0.19286162954941208	0.00015878191916294433	NaN	15.493591413381887	866.6002312227947	98.20172639656067	99.09782924101088	97.30562125841776	1.7922057634294015	0.00029206756331809125	35.82356282626259	214
DATA	2026-08-17T133000_AIU-1657.ghg	2026-08-17	14:00:00	229.583	1	18000	18000	0.6156255550108893	1	NaN	-31.179075172213988	2	NaN	134.96627413189495	1	NaN	-0.7565242461943017	1	NaN	3.0865390649802475	1	NaN	0.12862973323084056	1	NaN	NaN	NaN	NaN	NaN	NaN	NaN	NaN	NaN	NaN	1.092498880185885e-9	6.224549029285212e-11	5.496179980471755e-12	NaN	15.436712025438158	407.2204155532449	416.8929659664727	0.1	1	879.5118475265407	23.20151982129071	23.752616626764095	0.2	0	0.07765952820389625	1.9799278051814675	2.0269562712866134	0.1	0	NaN	NaN	NaN	NaN	9	309.92306638505727	304.1760515098481	97149.83051455778	1.1029292435283744	1018.6537663638825	0.02603112819506074	0.20000773141072004	0.01606120914968665	2254.628336320182	4486.649441921322	0.014562320515054374	50.251938902422474	2232.0211056011403	292.57541238777276	-1.1372695537516682	-0.7734494312901466	0.7632074591831521	1.572924564753949	2.6418310890405944e-14	7.077277067717244e-14	1.572924564753949	6.178689163257891	306.78064165234923	214.21935834765083	29.026595679696285	NaN	0.7471099041403788	1.8425914198236715	1145.8512100672933	0.0017481327264840627	-0.23101382454808253	-0.03714535285011435	0	23.773112515450713	-3.6076615414747204	8.160540229733837	20.320899018488358	30.990653174880258	43.464831723599545	65.11823825128809	0.6090446864607569	1.0108052310387514	-22.60331185193261	1.0227116091683908	121.34177562521009	1.1122820103503925	-0.6801550678285091	1.1122820103503925	2.774960878858341	1.1122820103503925	0.09593190684139763	1.3783408142872338	NaN	NaN	800000009	800000009	800000009	800000019	800000019	800000119	899999999	899999999	89999	89999	89	89	21	4	0	13	18	27	7	NaN	0	18000	0	0	0	0	0	0	0	NaN	NaN	NaN	NaN	0	13	0	0	0	0	301	151	0	18000	0	21	18000	18000	18000	18000	100	NaN	1.2028536381840589	2.1947811431895365	0.28754805827374774	0.04139462151705029	0.04217383168113656	0.2690238000926816	6.09588867350905e-7	NaN	-0.020118603412324094	-0.0181258641673622	0.07395161241761466	0.00009593190684139763	NaN	15.437777774824996	879.549722358881	98.09404969448514	99.0202950592041	97.16780290370514	1.8524932511316365	0.00029274205728142984	36.29771644817464	029
DATA	2026-08-17T140000_AIU-1657.ghg	2026-08-17	14:30:00	229.604	1	18000	18000	0.8563784723217484	1	NaN	24.60646386334997	2	NaN	218.88552186306902	1	NaN	-0.44865738327158217	1	NaN	5.008634080396471	1	NaN	0.12599648998455237	1	NaN	NaN	NaN	NaN	NaN	NaN	NaN	NaN	NaN	NaN	1.181667447820192e-9	6.753720458134046e-11	5.947183350633364e-12	NaN	15.414650736580555	407.35565652351454	417.0658112564142	0.1	1	881.0113389065485	23.28206837105084	23.83704406063428	0.2	0	0.07757999459622053	1.983399517461715	2.0306778991492904	0	0	NaN	NaN	NaN	NaN	9	310.48906188286674	304.77882217723663	97117.67392204542	1.1003497862134366	1018.7158476429908	0.02609134903308625	0.3245594884096913	0.016079769532142758	2261.706840516759	4642.950271247586	0.01461332544760793	48.71270869565066	2381.243430730827	292.6258187946761	-1.087428330080787	-1.6929688844880508	0.7624420776113333	2.1517346348050337	-8.685951081022626e-14	7.665872344522042e-14	2.1517346348050337	7.197065229522206	283.7134577437629	237.2865422562371	20.752898195094428	NaN	0.8822008848055217	2.075385371505144	-2390.020920755733	-0.0008381098184557365	0.11241704638072565	0.02488272226062904	0	23.200869015136487	-3.5208213825724832	7.964107553849141	19.831753881253423	30.244675977393317	42.41858809732149	63.55077464857329	0.8460974526540076	1.0121511058040555	37.38928396974059	1.0249955590713666	197.00830672340385	1.111047171073758	-0.4038148828892501	1.111047171073758	4.508030091608026	1.111047171073758	0.08125631960822106	1.3066173146924391	NaN	NaN	800000009	800000009	800000009	800000019	800000119	800000119	899999999	899999999	89999	89999	89	89	19	5	0	9	16	22	18	NaN	0	18000	0	0	0	0	0	0	0	NaN	NaN	NaN	NaN	0	2	0	0	0	0	301	0	0	18000	0	21	18000	18000	18000	18000	100	NaN	1.81784509011464	1.90680663835087	0.4261190145447777	0.05211966223481849	0.027739378261740902	0.3405569519588035	7.092914384063408e-7	NaN	0.03335518259847478	-0.010787292913837393	0.12042508367851824	0.00008125631960822107	NaN	15.415660377925922	881.0504267184206	98.03528559070163	98.98656414455837	97.08400733757018	1.9025551787846615	0.0002938611202342953	37.28085836883828	095
DATA	2026-08-17T143000_AIU-1657.ghg	2026-08-17	15:00:00	229.624	1	18000	18000	0.5029467162975043	1	NaN	-17.44029314314494	1	NaN	190.4295043584317	1	NaN	0.7494871279493129	1	NaN	4.359065836883852	1	NaN	0.1317658861902171	1	NaN	NaN	NaN	NaN	NaN	NaN	NaN	NaN	NaN	NaN	-3.790171072338664e-10	-2.1746434550582087e-11	-1.905595301126226e-12	NaN	15.374881570136754	406.92073057370646	416.6483995369805	0	0	882.1471363867096	23.347429089093797	23.905562514741625	0.2	0	0.07730073792512686	1.979642468099912	2.026966934877912	0.2	0	NaN	NaN	NaN	NaN	9	310.84426901668974	305.14849645742976	97095.176173442	1.09873477066209	1018.7630973928184	0.026129048831583523	0.2824674662300736	0.016101645417933866	2267.5308186303237	4741.129392465462	0.014654715448962378	47.82680730531954	2473.5985738351383	292.66718807441697	-1.8304627735433043	-1.0547288038016487	1.18626462342859	2.4228641257187484	-6.540826832489316e-14	-2.4651709055765766e-14	2.4228641257187484	7.095048903947441	311.0490741978475	209.95092580215245	29.315117180375278	NaN	0.6765728315525609	1.6487005411212892	1520.812933485971	0.0013171245166942013	-0.09158398643058135	-0.02302889780692896	0	22.38505570945945	-3.3970185660081165	7.684065245691016	19.13440893780827	29.18118093881737	40.927021184235116	61.316135613692126	0.49694028464371215	1.0120868278129203	-5.789869769766767	1.0270163773105243	168.64351638158456	1.1291836676813156	0.6637424445646847	1.1291836676813156	3.8603691867372025	1.1291836676813156	0.09202106525750378	1.3831818680048011	NaN	NaN	800000009	800000009	800000009	800000019	800000019	800100119	899999999	899999999	89999	89999	89	89	11	4	3	8	20	28	9	NaN	0	18000	0	0	0	0	0	0	0	NaN	NaN	NaN	NaN	0	0	0	0	0	0	301	0	0	18000	0	21	18000	18000	18000	18000	100	NaN	0.9380920775502216	2.0852208757792337	0.27408812891312323	0.031447880522900325	0.09758586329171152	0.41430231187931765	4.103235001822702e-7	NaN	-0.005172526469206102	0.017757665799615657	0.10327973816134749	0.00009202106525750378	NaN	15.375910177940304	882.1777363554716	98.01873325602213	98.97728510750665	97.06018215942382	1.9170948896871676	0.00029408085496268334	36.28015416687656	070
DATA	2026-08-17T150000_AIU-1657.ghg	2026-08-17	15:30:00	229.645	1	18000	18000	0.2806177897768621	0	NaN	-1.5562150204951037	1	NaN	213.2349037083684	1	NaN	-0.8296721820209874	1	NaN	4.882020764276976	1	NaN	0.13498579771560135	0	NaN	NaN	NaN	NaN	NaN	NaN	NaN	NaN	NaN	NaN	-2.662939906776905e-10	-1.5148453880125425e-11	-1.3385231550692847e-12	NaN	15.362934046126956	406.7070316959573	416.33946938956865	0.1	1	873.9389772518064	23.136018566133842	23.68397136741002	0.1	0	0.0772215809234405	1.9792198744000908	2.0260956612351912	0.1	0	NaN	NaN	NaN	NaN	9	311.0485458492703	305.3419374120769	97065.91294242436	1.09779629589698	1018.6487271888467	0.026153494987986275	0.31635494552514803	0.015940931102957183	2246.32115426021	4793.218604218647	0.014520846137426865	46.86456720924765	2546.897449958437	292.5160792782402	-1.050451078239189	-2.214506533751272	0.7598710635088065	2.5661041851332325	1.5856181177039043e-14	-1.7333537322893347e-14	2.5661041851332325	5.837536773332187	276.37732208767613	244.6226779123238	17.224622950482804	NaN	0.5055879554936464	0.9879113001161728	7110.4856973823935	0.0002817107136207879	-0.007298125182280044	-0.002752495867014355	0	18.556553557766286	-2.8160285940328458	6.369864347167136	15.861862881163013	24.19034171718437	33.927298212805454	50.82927508596378	0.2770928885882653	1.0127210092130312	11.278507993082151	1.0271393045692285	190.64672959476727	1.1184818337120905	-0.7417842266310372	1.1184818337120905	4.3648637082233215	1.1184818337120905	0.09478751470319531	1.3085939693558666	NaN	NaN	800000009	800000009	800000009	800000019	800001019	800001119	899999999	899999999	89999	89999	89	89	9	1	1	6	20	13	3	NaN	0	18000	0	0	0	0	0	0	0	NaN	NaN	NaN	NaN	0	0	0	0	0	0	301	151	0	18000	0	16	18000	18000	18000	18000	100	NaN	1.1028363673758708	0.6283579276615683	0.2446283051949066	0.034646072454492124	0.15872275473617262	0.4569733437557976	5.049459839393292e-7	NaN	0.010085686015599912	-0.01985985118927677	0.11686086141314954	0.0000947875147031953	NaN	15.363950050043407	873.9930459936053	98.00190464655559	98.9636345202128	97.04017346191407	1.9234607640107477	0.00029407340633042623	36.32675062878926	202
DATA	2026-08-17T153000_AIU-1657.ghg	2026-08-17	16:00:00	229.666	1	18000	18000	0.2290569713187322	1	NaN	-17.860140704663895	0	NaN	188.74489384827046	0	NaN	1.9796546451213208	1	NaN	4.3188602213725575	0	NaN	0.23330457301323762	0	NaN	NaN	NaN	NaN	NaN	NaN	NaN	NaN	NaN	NaN	3.352520017696768e-10	1.955735760802483e-11	1.6860611058803997e-12	NaN	15.379141593856087	405.9257505953861	415.77129886881517	0	0	897.1620460662593	23.68020183263205	24.25455458045788	0.2	0	0.07734531739214691	1.9776704726676426	2.02563798908912	0.6	0	NaN	NaN	NaN	NaN	9	311.075767938402	304.75919254836856	97048.18137522777	1.0994662383431808	1018.9408351241893	0.02610835041875291	0.2798621423449417	0.0163440905875402	2298.7369689578195	4637.786716095927	0.01486547746310938	49.56538775230459	2339.0497471381073	292.88728017001785	-0.863832767501897	-1.4185073916956363	0.5818671696701265	1.7598123972869626	-1.9356209215010067e-14	2.1799136169187024e-14	1.7598123972869626	4.485771440053496	282.34028822229095	238.65971177770908	19.307722027545868	NaN	0.4564369640781229	0.5934146456105873	455.8416110811024	0.00439428948851186	-0.09462582187267767	-0.03492795852420071	0	17.93309113056963	-2.721415765372315	6.155849871125803	15.32893657558772	23.37759547555265	32.787410052747425	49.12151490737832	0.22656044836340056	1.0110192355875252	-6.2219370744482685	1.0235972883224873	169.1336758091111	1.1159509952429172	1.7739619871842087	1.1159509952429172	3.870116375883011	1.1159509952429172	0.1676375654412167	1.3798557830902958	NaN	NaN	800000009	800000009	800000009	800000019	800001019	800011119	899999999	899999999	89999	89999	89	89	22	2	1	31	48	12	3	NaN	0	18000	0	0	0	0	0	0	0	NaN	NaN	NaN	NaN	0	0	0	0	0	0	301	0	0	18000	0	16	18000	18000	18000	18000	100	NaN	0.5518411568511363	0.4178279038733368	0.21716023049670144	0.014881226419349459	1.3283936031607257	0.44353973385364737	0.0000013082637542985987	NaN	-0.005553857714582032	0.04743888488992468	0.10349376513841961	0.00016763756544121668	NaN	15.380125994814511	897.2036147259101	98.068252609041	99.00317727576362	97.13332861815559	1.8698453916311246	0.0002936507668912074	36.364047144677905	122
DATA	2026-08-17T160000_AIU-1657.ghg	2026-08-17	16:30:00	229.687	1	18000	18000	0.2048367337388745	1	NaN	-12.052259268548232	1	NaN	118.80766648407078	0	NaN	0.5945207653290154	2	NaN	2.7181397885766585	0	NaN	0.10325203866008931	0	NaN	NaN	NaN	NaN	NaN	NaN	NaN	NaN	NaN	NaN	-2.825839625984912e-11	-1.690472852633919e-12	-1.4204098581546156e-13	NaN	15.317780708051652	404.1668081537945	414.18089602423925	0.1	0	916.3397742550851	24.178053518573552	24.777115954148865	0.2	0	0.07699490984094269	1.9677155488069296	2.0164698651245008	0.1	0	NaN	NaN	NaN	NaN	9	310.84135958099364	304.6022196581717	97052.35344775835	1.0998711605346525	1019.2191523461138	0.02609378097771964	0.17613545829976746	0.016697025710522173	2347.1664294723946	4596.674224839844	0.015180892371435278	51.0622749114698	2249.5077953674495	293.2237149808836	-0.7480015135591546	-1.6097951345018822	0.5513496036287048	1.8587450133824581	-9.941555001721128e-15	-1.8448100804182e-15	1.8587450133824581	5.360735223516034	275.9222358174279	245.07776418257208	17.254984568647004	NaN	0.4315518808142106	0.5118998243903664	571.0004222835964	0.0035080534476472393	-0.10144344742402753	-0.024913001909058197	0	18.359012546041097	-2.7860509833854477	6.302054910259872	15.693007795457738	23.932827057368097	33.5661302408975	50.288179650624336	0.20257922753516794	1.011143818797091	-4.725645708214641	1.0240637990838877	106.28552883677432	1.1178160167648699	0.531859229437103	1.1178160167648699	2.431652210927671	1.1178160167648699	0.07343167263987457	1.380211858485681	NaN	NaN	800000009	800000009	800000009	800000019	800001019	800001119	899999999	899999999	89999	89999	89	89	13	3	0	45	69	18	7	NaN	0	18000	0	0	0	0	0	0	0	NaN	NaN	NaN	NaN	0	0	0	0	0	0	301	0	0	18000	0	16	18000	18000	18000	18000	100	NaN	0.49638990814349776	0.34434727929652653	0.18306246134070867	0.007066039946257301	1.0171594081199604	0.29620224794606453	3.548690893329155e-7	NaN	-0.00421552595780581	0.01422217498998301	0.06502356515500161	0.00007343167263987457	NaN	15.318744058323956	916.3888396131581	98.07969368447198	99.0106998316447	97.14869460784064	1.8619991345306244	0.00029356837064875026	35.46990537812975	167
DATA	2026-08-17T163000_AIU-1657.ghg	2026-08-17	17:00:00	229.708	1	18000	18000	0.26256672742987713	1	NaN	-5.560986328915465	2	NaN	149.93910656603117	1	NaN	-4.22414822132027	1	NaN	3.429096646445212	1	NaN	0.13820730784399857	1	NaN	NaN	NaN	NaN	NaN	NaN	NaN	NaN	NaN	NaN	-2.2517456665461858e-10	-1.3963166946227372e-11	-1.1416412160483791e-12	NaN	15.294320201906968	403.064388074392	413.39690790537213	0.1	1	948.4070491666455	24.994187506949846	25.63491128636528	0.3	0	0.0775426220347529	1.978972245782351	2.029703023741161	0.3	0	NaN	NaN	NaN	NaN	9	310.71336747826473	304.21916544184825	97045.55365261632	1.1008359295498789	1019.673062337793	0.02606279264001435	0.22220546268964972	0.017281159114957954	2426.2253994630673	4497.675238911081	0.015698215011953735	53.943988184671014	2071.4498394480133	293.7600807231639	-0.7390867636294434	-1.0988202618092076	0.5107729159123242	1.4193463930854304	-9.615552923576464e-14	-1.4722757447339355e-14	1.4193463930854304	6.704707396180389	284.92550409744695	236.0744959025531	21.091897924345112	NaN	0.4883807615255494	0.6752836262838866	1793.7670029443793	0.0011167002161997688	-0.0370882984184415	-0.010144011609901695	0	20.089672759373155	-3.0486853476884233	6.896134557412387	17.17235011580302	26.18891743678644	36.73032907663337	55.028726099076856	0.2594276769056598	1.012099906076555	3.6706520286059066	1.0220870866066267	136.38751492426218	1.099360939667347	-3.8423670233348886	1.099360939667347	3.119172714543428	1.099360939667347	0.10183023095514669	1.3051944244281433	NaN	NaN	800000009	800000009	800000009	800000019	800001019	800001119	899999999	899999999	89999	89999	89	89	11	5	2	23	20	0	7	NaN	0	18000	0	0	0	0	0	0	0	NaN	NaN	NaN	NaN	0	0	0	0	0	0	301	151	0	18000	0	21	18000	18000	18000	18000	100	NaN	0.8363443709032655	0.3270506125398015	0.18717226912470616	0.006382579962829833	1.3505310930057317	0.4488898795851619	0.0000010512962294868087	NaN	0.003270089762394901	-0.10271067342262793	0.08337889849840074	0.0001018302309551467	NaN	15.295347571684278	948.4525695519313	98.08389321666294	99.01334346262614	97.15444014634026	1.8589041323297555	0.00029274063181623604	35.848763734640904	108
DATA	2026-08-17T170000_AIU-1657.ghg	2026-08-17	17:30:00	229.729	1	18000	18000	0.9345262622215691	1	NaN	-66.58333525511969	1	NaN	368.8778897030456	1	NaN	-0.40867969255696035	1	NaN	8.460918210775898	1	NaN	NaN	NaN	NaN	NaN	NaN	NaN	NaN	NaN	NaN	NaN	NaN	NaN	-3.0089619017537227e-10	-1.7285958441161172e-11	NaN	NaN	15.575032482333055	407.7285332633493	417.5079425443206	0.1	1	894.7583020324342	23.423289198703582	23.985099111655458	0.3	0	NaN	NaN	NaN	NaN	0	NaN	NaN	NaN	NaN	9	309.4952241126167	307.2089433914637	97066.01259959963	1.0911397283462203	1018.7664821494456	0.026509209808448533	0.5482675000582782	0.01592230329166987	2257.2890850527165	5316.965403683258	0.014592359601645536	42.454462530243454	3059.6763186305416	292.5943759706672	-1.5847409393028822	-2.759914312212212	1.2187857395247972	3.407927454381304	1.039006695919029e-13	-1.9319137248457262e-14	3.407927454381304	9.309606280478443	280.8644134710438	240.1355865289562	20.954872979956154	NaN	0.925455564168469	2.1655054791872095	1019.3796465201455	0.001965018633477703	-0.18050237521343626	-0.06472245141106191	0	21.965499532185113	-3.333349297448644	7.540045186851209	18.775778627812738	28.634247087861294	40.159938681598	60.16690624400847	0.9211716516039457	1.0144974181460864	-43.49094212748828	1.0333477783423954	319.98090124430485	1.1528122093181055	-0.3545067351417943	1.1528122093181055	7.339372486157633	1.1528122093181055	NaN	1	NaN	NaN	800000009	800000019	800000009	800000019	800001009	800001019	899999999	899999999	89999	89999	89	89	20	3	0	7	17	7	4	NaN	0	18000	0	0	0	0	0	0	0	NaN	NaN	NaN	NaN	0	6343	0	0	0	0	301	0	0	18000	0	21	18000	18000	18000	18000	100	NaN	2.2871632261856423	1.5061787320601443	0.5376690001286323	0.45340190732969504	0.6489879137977931	0.8095632293446671	NaN	NaN	-0.03912404943304975	-0.009621441932081322	0.19919324287375392	NaN	NaN	15.57636483816765	894.8367368699513	98.32867119174533	99.16444975217185	97.4928940065172	1.6715546583798206	0.0002908155157153184	22.962852929348873	077
DATA	2026-08-17T173000_AIU-1657.ghg	2026-08-17	18:00:00	229.749	1	18000	18000	0.06811994187350179	1	NaN	-22.578701863522966	1	NaN	190.87470630971393	1	NaN	8.646491980982574	1	NaN	4.355538675010384	1	NaN	0.1850054381730783	1	NaN	NaN	NaN	NaN	NaN	NaN	NaN	NaN	NaN	NaN	-4.4379098602602875e-10	-2.7161403477618272e-11	-2.237625725159964e-12	NaN	15.650933963584839	409.09598384976505	419.601961082562	0.1	1	957.8863599576458	25.037960274760895	25.680959108743373	0.1	1	0.07891312253386602	1.993338964294809	2.0445298207267286	0.3	0	NaN	NaN	NaN	NaN	9	308.9774649802314	301.9267503835727	97018.92156730307	1.1088712344228118	1019.640639849223	0.025873499335360654	0.2822389061406729	0.017438076157912333	2429.807499458824	3943.0282560070054	0.01572597035307637	61.62287819665341	1513.2207565481813	293.78401854236756	-0.42834484830730374	-0.8562573186870253	0.33677751942825207	1.0149261069007807	5.544612997710193e-14	-2.8355559294966105e-14	1.0149261069007807	2.977645276422164	277.5766228987318	243.42337710126822	19.379562942239893	NaN	0.24785436722341672	0.31427812457109244	57.7333552892267	0.034695714287954905	-0.11829069602803574	-0.08057014386853963	0	18.711441304041962	-2.8395334070909297	6.423032298303277	15.99425859708888	24.392253537639043	34.21048241191041	51.25353661914037	0.06735340334162887	1.0113808433403861	-10.820891918724042	1.0222638848153915	171.83541288068633	1.1107995907819506	7.784025176761049	1.1107995907819506	3.9210841551933675	1.1107995907819506	0.13093342875036218	1.4045122208460374	NaN	NaN	800000009	800000009	800000009	800000019	800000019	800001119	899999999	899999999	89999	89999	89	89	2	0	0	14	9	2	3	NaN	0	18000	0	0	0	0	0	0	0	NaN	NaN	NaN	NaN	0	3	0	0	0	0	301	0	0	18000	0	21	18000	18000	18000	18000	100	NaN	0.4375903812444516	0.13338454826713705	0.057581319630596164	0.04778758987463296	12.980379584379756	1.5982849560604688	0.0000026874559284093082	NaN	-0.009570503908462709	0.2065735376493805	0.10405827408901908	0.0001309334287503622	NaN	15.65189203179356	957.8988796564569	98.31533387713964	99.14980259280733	97.48086335457694	1.6689396942092334	0.00029046419553600963	35.54370216804081	145
DATA	2026-08-17T180000_AIU-1657.ghg	2026-08-17	18:30:00	229.77	1	18000	18000	0.1547793928927319	1	NaN	9.099632098695304	1	NaN	46.24709416298517	1	NaN	1.3127631780463496	1	NaN	1.05544111177131	1	NaN	-0.0019595370153873293	2	NaN	NaN	NaN	NaN	NaN	NaN	NaN	NaN	NaN	NaN	3.6537432526332063e-10	2.295020784012851e-11	1.8170339322387674e-12	NaN	15.702339092198295	410.6674092303389	421.541145778682	0.1	1	986.3088915249047	25.795196168233716	26.47820670435561	0.1	1	0.07808891039478805	1.9743178882260037	2.0265942853705585	0	1	NaN	NaN	NaN	NaN	9	309.1511010716756	302.05920828916703	97016.98406757081	1.108042446892462	1020.0764694687728	0.025885367205055965	0.06839258404278088	0.017957228083096324	2503.2434241568853	3973.373464842525	0.01620626369816238	63.00045657188419	1470.1300406856399	294.2680750508362	0.041117999522709614	-0.37377009693296087	0.13786336880126215	0.4005010408268493	-8.615119089224647e-14	2.326878327604432e-14	0.4005010408268493	2.8539690008436094	244.72220338391344	276.27779661608656	20.134630905611772	NaN	0.3737475638975131	0.4740857398963802	-491.2484109654904	-0.004077570441527016	0.1967611644231344	0.021540527584526965	0	22.569574573316405	-3.4250200154767416	7.747404600631216	19.292132887375512	29.421719913690655	41.26438051663889	61.821561368552146	0.151439693272622	1.0220530004250457	11.75876747858153	1.0259031538989063	42.207672874624215	1.0957034826430696	1.1981007625162292	1.0957034826430696	0.9632543187919433	1.0957034826430696	-0.006050869775935866	1.3189892096676776	NaN	NaN	800000009	800000009	800000009	800000019	800000019	800000019	899999999	899999999	89999	89999	89	89	0	0	0	15	4	0	1	NaN	0	18000	0	0	0	0	0	0	0	NaN	NaN	NaN	NaN	0	12	0	0	0	0	301	151	0	18000	0	16	18000	18000	18000	18000	100	NaN	0.6329171679033998	0.233312629700097	0.08194168218926355	0.08285158118095592	38.89681110615182	1.1937161221031676	7.814291998345886e-7	NaN	0.010403337198232249	0.03183468028256291	0.02559458622256245	-0.0000060508697759358665	NaN	15.70321177569978	986.3357293890731	98.27682426940069	99.12731995900472	97.42632781770496	1.7009917557206409	0.00029068104219428874	35.10632218302032	006
DATA	2026-08-17T183000_AIU-1657.ghg	2026-08-17	19:00:00	229.791	0	18000	18000	0.255082430727065	0	NaN	-28.785224814858044	1	NaN	184.36421565128094	0	NaN	18.28109119065449	1	NaN	4.208033323145419	0	NaN	0.12440787499912712	0	NaN	NaN	NaN	NaN	NaN	NaN	NaN	NaN	NaN	NaN	2.627571165366084e-10	1.669889467543094e-11	1.3149992745320336e-12	NaN	15.669217487847003	409.95829449452015	420.9250377284345	0.1	1	995.8193175693581	26.053910437586566	26.750875348031215	0.1	1	0.07841846455234901	1.9839555289645072	2.037028076015874	0.1	0	NaN	NaN	NaN	NaN	9	309.2551784201728	302.18437111183704	97031.9659181012	1.1076451051441016	1020.2274584687083	0.025892094812799575	0.27268055933982316	0.01813261837344341	2528.740275523057	4002.233904912316	0.016370422520022247	63.18322056137942	1473.4936293892592	294.4332326241681	-0.23502100476114635	-0.704522742599371	0.3002356895886746	0.801079669459626	-3.7974366702262126e-14	1.6769000541373685e-14	0.801079669459626	4.354334961825973	269.44812919789456	251.5518708021055	22.011260112957153	NaN	0.47988807394404515	0.7608977284072678	328.78301944730566	0.006092467924186816	-0.15613238563227683	-0.053080136128672996	0	18.029711993235306	-2.7360783540475055	6.189016686632288	15.411526635767363	23.50355052844628	32.96406380534391	49.38617441929623	0.2522139126785268	1.0113733537459308	-17.274306663192903	1.0206990162847824	167.2865108312622	1.1020865623603366	16.58770900128018	1.1020865623603366	3.818242111702263	1.1020865623603366	0.08986191478008493	1.3816621867083216	NaN	NaN	800000009	800000009	800000009	800000019	800001019	800111119	899999999	899999999	89999	89999	89	89	16	0	2	40	40	1	1	NaN	0	18000	0	0	0	0	0	0	0	NaN	NaN	NaN	NaN	0	3	0	0	0	0	301	0	0	18000	0	16	18000	18000	18000	18000	100	NaN	0.9614336167509755	0.3235166838764583	0.2368451561871016	0.0325907626528986	20.671550750277397	0.4445363316376005	0.0000013145179436497294	NaN	-0.015286321330708265	0.44098294626599055	0.10150766786693649	0.00008986191478008493	NaN	15.670240104181902	995.8772835130915	98.25897133466933	99.11775626797146	97.40018154652914	1.7175740362637577	0.0002907495159241888	35.61971097351756	234
DATA	2026-08-17T190000_AIU-1657.ghg	2026-08-17	19:30:00	229.812	0	18000	18000	0.23177995938645335	0	NaN	5.164884216035612	1	NaN	89.99969809967682	0	NaN	2.223122225886512	1	NaN	2.0534831789503283	0	NaN	0.10439767004414942	0	NaN	NaN	NaN	NaN	NaN	NaN	NaN	NaN	NaN	NaN	-2.3093179594237713e-10	-1.4877337066015445e-11	-1.1719251803930824e-12	NaN	15.626357049101403	408.3742824222964	419.4083835844702	0.2	0	1006.698016549427	26.30872818485626	27.019578942935212	0.1	1	0.07930012941234121	2.0032593029332495	2.057386525812024	0.9	0	NaN	NaN	NaN	NaN	9	309.03194469367133	301.82421223873246	97009.05421723987	1.1085970825112348	1020.36494075452	0.0258673432165765	0.13306570999598127	0.018327482882361815	2552.8694354372774	3919.6761167656505	0.01653214064107559	65.12960151268305	1366.806681328373	294.58819338471795	-0.305528326144516	-0.7927398205262439	0.35548579075609177	0.9209528373126065	-5.871398439797844e-14	-1.477835142360688e-14	0.9209528373126065	5.336590997763953	272.07706538660136	248.92293461339858	22.70570034338609	NaN	0.45724722194245687	0.6274990316940411	-1584.8742094209545	-0.0012638857949059865	0.05738779490477156	0.009985740026313953	0	18.584101649860852	-2.820209123289416	6.379320715728216	15.885410575948116	24.226253437501917	33.97766491116767	50.90473357812448	0.22863643280568993	1.0137490186589597	10.58506585578074	1.021554070245492	82.27308109154048	1.0939142779828483	2.032263652309115	1.0939142779828483	1.8771883869519481	1.0939142779828483	0.07584522276575248	1.3071831069755937	NaN	NaN	800000009	800000009	800000009	800000019	800001019	800001119	899999999	899999999	89999	89999	89	89	9	0	0	51	21	10	1	NaN	0	18000	0	0	0	0	0	0	0	NaN	NaN	NaN	NaN	0	6	0	0	0	0	301	0	0	18000	0	16	18000	18000	18000	18000	100	NaN	0.7832636688730893	0.2723896516678396	0.19934474284715326	0.007262048104693523	0.72896717906352	0.13243512993014558	5.111427011013617e-7	NaN	0.009357596295835621	0.053990052013810526	0.04987025110452604	0.00007584522276575248	NaN	15.62742408468988	1006.7669896930572	98.27712123701308	99.1283694229126	97.42587306616042	1.7024894541568234	0.00029012143475281644	35.72254758077197	050
DATA	2026-08-17T193000_AIU-1657.ghg	2026-08-17	20:00:00	229.833	0	18000	18000	0.1533930242193462	0	NaN	7.467413467856452	0	NaN	59.59130642343334	0	NaN	-0.8197626695950899	1	NaN	1.358922102508846	0	NaN	0.10172520623273462	0	NaN	NaN	NaN	NaN	NaN	NaN	NaN	NaN	NaN	NaN	-2.210811970323212e-10	-1.4294917791635954e-11	-1.1242716875018811e-12	NaN	15.727505245708535	410.1136771214278	421.2851453266435	0.1	1	1016.9268014324097	26.517593437940636	27.239930849484892	0.1	1	0.0799796142781079	2.015475715432763	2.0703771345499677	0	1	NaN	NaN	NaN	NaN	9	308.69327796342634	301.2606224380339	97006.98617223697	1.1105587388041431	1020.4719917190356	0.025819592111672514	0.08805815224257321	0.018507149139781603	2573.081836830006	3793.4597696586366	0.016664718842076036	67.82942203342652	1220.3779328286305	294.7170162535692	-0.17671253109374768	-0.5143183355121753	0.2586318931174676	0.6021969154911632	-2.7879242890951725e-14	-1.4056978114354546e-14	0.6021969154911632	3.4591612259034656	269.9619990347776	251.0380009652224	25.43460228842627	NaN	0.37164820365629003	0.4078489806800312	-588.6164322985938	-0.0034030650353707175	0.1253104507358142	0.017729461196288383	0	16.399092942380662	-2.488625622111753	5.629277933230883	14.017697996437745	21.37787390816589	29.982772121109058	44.91965621383907	0.1508214175255204	1.017050673147205	10.992082973526353	1.0229442811270244	54.511167612583534	1.0931944596555858	-0.749878177989814	1.0931944596555858	1.2430744507587228	1.0931944596555858	0.0745072172177231	1.3118392993093144	NaN	NaN	800000009	800000009	800000009	800000019	800001019	800001119	899999999	899999999	89999	89999	89	89	29	8	0	21	5	0	4	NaN	0	18000	0	0	0	0	0	0	0	NaN	NaN	NaN	NaN	0	0	0	0	0	0	301	151	0	18000	0	21	18000	18000	18000	18000	100	NaN	0.469085309679558	0.166571793529872	0.1800408581506324	0.029190079099792873	2.055053318120066	0.05453525515502002	0.0000011039192958190145	NaN	0.009699232607727613	-0.019889101262716688	0.03297020016572878	0.00007450721721772311	NaN	15.728625646716564	1016.9981547572412	98.32361333507961	99.15599254311455	97.49123435253567	1.6647564251456013	0.00028948244446332365	35.62153079050559	212
DATA	2026-08-17T200000_AIU-1657.ghg	2026-08-17	20:30:00	229.854	0	18000	18000	0.04872276477029815	1	NaN	-0.9537572112003362	2	NaN	22.1177204488559	0	NaN	-0.007899822898341641	2	NaN	0.5039162524188356	0	NaN	0.11795209268519648	0	NaN	NaN	NaN	NaN	NaN	NaN	NaN	NaN	NaN	NaN	1.0806041512046429e-10	6.9671164886021466e-12	5.385756980829733e-13	NaN	16.270310526790023	422.9217567492324	434.77707184022813	0.1	1	1049.0164101211979	27.267571955478743	28.031934753418877	0.1	1	0.08109161750141385	2.0355972110000224	2.0926589392030164	0	1	NaN	NaN	NaN	NaN	9	307.984904671563	300.32948594018154	96992.39475151314	1.1135152619908462	1020.8829563021892	0.025743661165430864	0.03265377315674055	0.019086704563858106	2645.4565284345194	3592.6740112325083	0.017140945629908224	73.63475005423508	947.2174827979889	295.1711425993761	0.18018753030836657	0.17453081582513072	0.16015637820268366	0.29762160074534694	2.5564993232445405e-14	6.64157054301677e-15	0.29762160074534694	2.47973009672876	116.91362174866401	44.086378251335994	32.55580594416236	NaN	0.209178900169565	0.15280701147263462	821.7241479968148	0.0024376793658591185	-0.04312185848472789	-0.004010955393751505	0	14.921780405139012	-2.264437745077087	5.122164344961135	12.754913459136478	19.45204781186474	27.281773638363482	40.87306830032148	0.04743743413409344	1.0270952815991568	0.40135376551185653	1.0291314756550092	20.120458730955043	1.099265217786913	-0.007186457617794818	1.099265217786913	0.4584118957510009	1.099265217786913	0.0902949284597958	1.32626446959127	NaN	NaN	800000009	800000009	800000009	800000019	800000019	800100019	899999999	899999999	89999	89999	89	89	13	6	2	4	0	0	0	NaN	0	18000	0	0	0	0	0	0	0	NaN	NaN	NaN	NaN	0	0	0	0	0	0	301	0	0	18000	0	16	18000	18000	18000	18000	100	NaN	0.12186533178169952	0.11153148122766629	0.0722172099359034	0.1455146376518681	66.49555419850556	0.31974456868719114	0.0000029169518952504052	NaN	0.0003530654450273687	-0.00019019322855577827	0.012132102225910183	0.0000902949284597958	NaN	16.271610356230287	1049.101046683581	98.35182716369629	99.16091585583158	97.5427401691013	1.6181750780079114	0.0002889832059412988	34.77787775996882	102
DATA	2026-08-17T203000_AIU-1657.ghg	2026-08-17	21:00:00	229.874	0	18000	18000	0.05707403145224637	1	NaN	-26.673989447035613	0	NaN	60.08508922103391	0	NaN	19.302313759845088	0	NaN	1.3676330622257578	0	NaN	0.1703811551459997	0	NaN	NaN	NaN	NaN	NaN	NaN	NaN	NaN	NaN	NaN	-1.2415756714498143e-10	-7.596381322275925e-12	-5.969466881646276e-13	NaN	17.087466271830912	442.5715001636604	454.8889964053145	0.2	0	1045.4691777326996	27.078026373447344	27.831652596471216	0.1	1	0.082156139449665	2.0530520340082465	2.110191864981243	0	1	NaN	NaN	NaN	NaN	9	307.1576035190159	299.3466616173142	96984.95271757938	1.1171663705541246	1020.7540724795516	0.02566138431735544	0.0886226224322291	0.019014798172049797	2626.865547431048	3390.8456560120226	0.01702056083429927	77.46933402213617	763.9801085809745	295.0555386129177	0.25022269669709896	-0.10593047448500993	0.14546704229404445	0.3082098696679977	-2.486424257586984e-15	-7.266002177845295e-15	0.3082098696679977	3.7132449837658257	183.9451166640523	337.0548833359477	28.162509046379146	NaN	0.22602701425097999	0.15280307749405198	37.06432994104859	0.0540438746143789	-0.44393692000540264	-0.10348768015979541	0	16.748748921399258	-2.5416872659092253	5.749303515976674	14.316578668298853	21.833685790991325	30.62205476780988	45.877418111147314	0.056121663069855936	1.0169697106303675	-22.67892168565865	1.025813315051647	53.68098980064813	1.1192992052525168	17.244999075551416	1.1192992052525168	1.221865481372531	1.1192992052525168	0.12279151757531491	1.4629519925718353	NaN	NaN	800000009	800000009	800000009	800000019	810000119	810000119	899999999	899999999	89999	89999	89	89	22	25	0	4	2	1	1	NaN	0	18000	0	0	0	0	0	0	0	NaN	NaN	NaN	NaN	0	0	0	0	0	0	301	0	0	18000	0	21	18000	18000	18000	18000	100	NaN	0.10102602548791495	0.14140860868756636	0.06317152081262264	0.04433191607106078	54.205362880804024	0.31413875978863026	0.000007795940072725861	NaN	-0.019887648069895843	0.45485030103446145	0.03222765507791957	0.0001227915175753149	NaN	17.08865760041512	1045.5239154352157	98.39801560995315	99.17091092194451	97.62511990610759	1.5457902771764365	0.00028824207808712435	35.485514148429196	200
DATA	2026-08-17T210000_AIU-1657.ghg	2026-08-17	21:30:00	229.895	0	18000	18000	0.03744455503869859	1	NaN	-0.9614148280088831	1	NaN	56.417732246601005	1	NaN	7.9616694396335275	1	NaN	1.2835460515595687	1	NaN	0.14573044105672794	0	NaN	NaN	NaN	NaN	NaN	NaN	NaN	NaN	NaN	NaN	-6.846070001587974e-11	-4.0209774589913e-12	-3.2421939854354377e-13	NaN	17.174654135415917	443.90411688878027	455.78755022251676	0.1	1	1008.7378178788796	26.072307872242074	26.770270609393418	0.1	1	0.08133653370015692	2.0271673103001726	2.0814351277674246	0.4	0	NaN	NaN	NaN	NaN	9	306.739876926846	298.8561031204259	97025.93524837209	1.1199031294763957	1020.1658278536714	0.02560851008529608	0.08317378414106005	0.01834636198446564	2530.3686179661686	3293.8571210599384	0.01638209725607551	76.82083724238515	763.4885030937699	294.4437307108425	0.24440829166938263	-0.02034634887382921	0.11998224863120537	0.27302953491489773	-1.3021793249999872e-14	-3.986147230453199e-15	0.27302953491489773	2.0104180201735575	165.75875061029876	355.2412493897012	26.068658629688525	NaN	0.18285384961187356	0.12134934261594191	544.5178006200418	0.0036786676169614143	-0.017041004480764208	-0.004602093922624988	1	0.5183167960884424	1	1	1	2	6	NaN	0.03639557812165499	1.0288215484182532	2.4411728936418093	1.0302591658577374	51.261983059785315	1.1005764677656478	7.23409019983594	1.1005764677656478	1.1662488606224513	1.1005764677656478	0.11001096815257422	1.32877597827888	NaN	NaN	800000009	800000009	800000009	800000019	800000019	800001019	899999999	899999999	89999	89999	89	89	22	15	1	10	9	3	4	NaN	0	18000	0	0	0	0	0	0	0	NaN	NaN	NaN	NaN	0	0	0	0	0	0	301	151	0	18000	0	16	18000	18000	18000	18000	100	NaN	0.07066330870795312	0.10896227824313975	0.06307309828079093	0.03970950793841489	26.428204368264524	0.19468219045414628	0.00000408679228794628	NaN	0.002136718492621794	0.19021494473256284	0.030665634024406408	0.00011001096815257422	NaN	17.175862452408833	1008.7969540686556	98.45508781009251	99.19986881468031	97.71030813471477	1.4895618534651083	0.00028703242411817575	35.8212980139916	057
DATA	2026-08-17T213000_AIU-1657.ghg	2026-08-17	22:00:00	229.916	0	18000	18000	0.028242120785910235	1	NaN	-1.3191411825797081	2	NaN	20.79596622139522	1	NaN	-1.3151746461946805	2	NaN	0.4728921840435232	1	NaN	0.09267611415531896	1	NaN	NaN	NaN	NaN	NaN	NaN	NaN	NaN	NaN	NaN	-3.670293663976909e-11	-2.1253681493011346e-12	-1.72406472314515e-13	NaN	17.4388804895438	449.76919794592936	461.7966559029829	0.1	1	1009.8385727474734	26.044922160675632	26.741399837921808	0.1	1	0.081916493381048	2.0368800575526382	2.0913490815935427	-0.5	0	NaN	NaN	NaN	NaN	9	306.30041750081375	298.3516874377476	97077.56294913377	1.1224051702367335	1020.1403585425112	0.025551691389875043	0.0306434135260203	0.01836784493893707	2529.055781076503	3196.6596606460416	0.016364718753979896	79.11557843368861	667.6038795695385	294.4352671823	0.11409096112583095	-0.0998805080505289	0.1907119059945269	0.24364706931772767	-5.879777502673484e-15	-2.1046612861287656e-15	0.24364706931772767	2.752406913559052	202.20040422141733	318.7995957785826	51.511984823504235	NaN	0.1586257994055588	0.11255745228995838	259.17876689087706	0.007728642373097531	-0.06343255074258367	-0.007262863252706224	1	0.5437388347408784	1	1	1	2	6	NaN	0.027709425363282955	1.0192243402973322	-0.055861691388655474	1.023430276439583	18.890334226923752	1.1008786806829196	-1.1946590203552896	1.1008786806829196	0.42955885361515866	1.1008786806829196	0.06804729674310754	1.3848365295173781	NaN	NaN	800000009	800000009	800000009	800000019	810000019	810000019	899999999	899999999	89999	89999	89	89	36	16	0	20	8	0	0	NaN	0	18000	0	0	0	0	0	0	0	NaN	NaN	NaN	NaN	0	0	0	0	0	0	301	0	0	18000	0	21	18000	18000	18000	18000	100	NaN	0.06704214031502893	0.10113748059832971	0.05693528366655811	0.05243678660404364	42.937086425166434	0.11840592094566721	0.000006898421667698856	NaN	-0.00004878704267628926	-0.031342079591951365	0.011269548507179677	0.00006804729674310754	NaN	17.440177900419364	1009.9081660169545	98.47064278539021	99.19924029244316	97.74204064220852	1.4571976075238637	0.0002872014170295894	34.4375024272071	000
DATA	2026-08-17T220000_AIU-1657.ghg	2026-08-17	22:30:00	229.937	0	18000	18000	0.038903802818740334	1	NaN	1.271341124333857	1	NaN	35.12466768029462	1	NaN	6.925743843673317	0	NaN	0.7983502495080282	1	NaN	0.06653821824117602	0	NaN	NaN	NaN	NaN	NaN	NaN	NaN	NaN	NaN	NaN	2.602013261574785e-10	1.4787727848277997e-11	1.2013265073494875e-12	NaN	17.56170105559123	452.17406026438726	464.10046636142886	0.2	0	998.0643050440331	25.697897247432735	26.3756972040108	0.1	1	0.0810808203931318	2.0114570467135735	2.064510628716565	0	1	NaN	NaN	NaN	NaN	9	305.9111067962647	297.87313117896895	97081.93771893892	1.1244080562225585	1019.9315337867531	0.025509556883708803	0.051733096168120225	0.018153044305867633	2495.470864218628	3106.767049329282	0.01614453418881813	80.323719950531	611.2961851106543	294.21743477598494	0.20013607231316474	0.058543513484895955	0.1763703035275727	0.27310853955619296	-4.2883543579814986e-15	1.481640789430455e-14	0.27310853955619296	1.9119825860544728	144.6948229803296	16.305177019670406	40.22480636734505	NaN	0.18600904087117393	0.1231235771016769	-433.6026287352813	-0.004619667564845212	0.03619510754964652	0.005959819051216158	1	0.5096329509875037	1	1	1	2	6	NaN	0.03781416667958146	1.0288155533980667	3.3415333540187375	1.0302552290910563	31.914923732383468	1.100571882133445	6.292859154504155	1.100571882133445	0.7253958259958779	1.100571882133445	0.049378570999247896	1.3287672415481249	NaN	NaN	800000009	800000009	800000009	800000019	800000019	800000019	899999999	899999999	89999	89999	89	89	45	5	2	15	1	0	0	NaN	0	18000	0	0	0	0	0	0	0	NaN	NaN	NaN	NaN	0	0	0	0	0	0	301	0	0	18000	0	21	18000	18000	18000	18000	100	NaN	0.06996926153902598	0.10994849738949557	0.06632939527483227	0.04209386062587066	12.041863266337383	0.1545052503149101	0.000002639276876253637	NaN	0.00291374024496867	0.16476325346491583	0.018992730237002778	0.0000493785709992479	NaN	17.562959730843733	998.1259623913852	98.5034802500407	99.2111320537991	97.79582517751058	1.4153068018489408	0.0002863062323417074	35.43367179393116	150
DATA	2026-08-17T223000_AIU-1657.ghg	2026-08-17	23:00:00	229.958	0	18000	18000	0.044807393066183004	1	NaN	2.915671041029998	1	NaN	51.22837448358932	0	NaN	10.952178109322753	0	NaN	1.1640945004170595	0	NaN	0.09578292651840345	0	NaN	NaN	NaN	NaN	NaN	NaN	NaN	NaN	NaN	NaN	-9.934862716601907e-11	-5.608941254884305e-12	-4.579589214688024e-13	NaN	17.58072218156964	452.20328783153855	464.0505508260924	0.1	1	992.5576301128156	25.530112987612334	26.19897579994464	0.1	1	0.08104036058253768	2.0080881125814054	2.060697964447082	0.4	0	NaN	NaN	NaN	NaN	9	305.7741282484267	297.6274019984163	97080.60584196141	1.1253930547629567	1019.8303347904019	0.0254888625668762	0.07543332362702546	0.018049163343879696	2479.1436617620484	3061.4718694647727	0.016038097327410128	80.97881566344326	582.3282077027243	294.1106073334472	0.21980661819889122	0.02478362160270001	0.0893386219388383	0.238559356709627	7.589290409507032e-15	-5.650998072773653e-15	0.238559356709627	1.6366986444434088	154.56695924480687	6.433040755193067	21.99293211523395	NaN	0.19953667139805403	0.10822006809281576	-233.3791014072834	-0.008583030733777117	0.05691515825793018	0.012731619293296878	1	0.3189619167874268	1	1	1	3	NaN	NaN	0.04342698590771297	1.0317868516457382	5.897809347610416	1.032212164310264	46.449155125406	1.102891416329966	9.93042283869408	1.102891416329966	1.0554932998669588	1.102891416329966	0.07058206204018885	1.3331187090211218	NaN	NaN	800000009	800000009	800000009	800000019	800000019	800000019	899999999	899999999	89999	89999	89	89	30	8	0	23	5	0	0	NaN	0	18000	0	0	0	0	0	0	0	NaN	NaN	NaN	NaN	0	0	0	0	0	0	301	151	0	18000	0	16	18000	18000	18000	18000	100	NaN	0.06981635582887878	0.0793359074143779	0.06728787294237483	0.050265506982958744	34.83590093759128	0.14467569972596145	0.0000014436017483081388	NaN	0.005138762816320005	0.25974836692666137	0.027608357206522514	0.00007058206204018886	NaN	17.5819237245057	992.62257958423	98.51967759958903	99.21216008885702	97.82719764031305	1.3849612159960814	0.00028617727325278485	34.52058536752065	050
DATA	2026-08-17T230000_AIU-1657.ghg	2026-08-17	23:30:00	229.979	0	18000	18000	0.046242778692605645	1	NaN	-6.2156831901995355	2	NaN	77.2950235168366	1	NaN	15.61398262913813	0	NaN	1.7558441997698149	1	NaN	0.15703059804236555	1	NaN	NaN	NaN	NaN	NaN	NaN	NaN	NaN	NaN	NaN	-2.44204551043595e-10	-1.3732978489726974e-11	-1.1281599194519923e-12	NaN	17.73258103925185	455.58577298215346	467.56483974485457	0.1	1	997.2015383771987	25.62011884648555	26.293768315654575	0.1	1	0.08191979679095744	2.0268346293674893	2.080127749526224	-0.5	0	NaN	NaN	NaN	NaN	9	305.42286794789635	297.28753825302715	97087.5220192525	1.1267211662751337	1019.8757221824515	0.025457942912020543	0.113778704145084	0.018134793966638366	2488.0610697137754	2999.7749226610413	0.016095192412680776	82.94159174804572	511.7138529472659	294.1690292412829	0.2206636656909158	-0.0004515639607993335	0.08128428359329071	0.23515907812676876	-3.661772123594282e-14	-1.3771517553087022e-14	0.23515907812676876	1.9570042725517471	161.11724935746565	359.88275064253577	20.221881227578965	NaN	0.2025880083245816	0.09741790715301536	114.58061369353874	0.017482014936292454	-0.08041505012086089	-0.026700010317075626	0	16.349165602983703	-2.4810489557373563	5.6121394932622986	13.975020857653837	21.31278857875477	29.891489021183226	44.78289749619152	0.0453553519761767	1.0195660859802185	-1.5252881665746454	1.0239085150991019	70.08820224389602	1.1028250267835658	14.158168567027309	1.1028250267835658	1.5921330738120862	1.1028250267835658	0.1136827735731697	1.392540605620589	NaN	NaN	800000009	800000009	800000009	800000019	800000019	800000019	899999999	899999999	89999	89999	89	89	33	23	1	4	0	0	1	NaN	0	18000	0	0	0	0	0	0	0	NaN	NaN	NaN	NaN	0	0	0	0	0	0	301	0	0	18000	0	16	18000	18000	18000	18000	100	NaN	0.06657269672372465	0.07435613117341634	0.053906986408889725	0.04467102594205595	22.54340881826718	0.1229205705918984	0.000001934306786084716	NaN	-0.0013273583749830555	0.369917725401431	0.04159847669652481	0.00011368277357316969	NaN	17.73386226210886	997.2726401602374	98.52126742596097	99.20150471581351	97.84102648925781	1.3604774791200978	0.00028571455440315843	35.71222643086905	092
