DATAH	filename	date	time	DOY	daytime	file_records	used_records	Tau	qc_Tau	rand_err_Tau	H	qc_H	rand_err_H	LE	qc_LE	rand_err_LE	co2_flux	qc_co2_flux	rand_err_co2_flux	h2o_flux	qc_h2o_flux	rand_err_h2o_flux	ch4_flux	qc_ch4_flux	rand_err_ch4_flux	none_flux	qc_none_flux	rand_err_none_flux	H_strg	LE_strg	co2_strg	h2o_strg	ch4_strg	none_strg	co2_v-adv	h2o_v-adv	ch4_v-adv	none_v-adv	co2_molar_density	co2_mole_fraction	co2_mixing_ratio	co2_time_lag	co2_def_timelag	h2o_molar_density	h2o_mole_fraction	h2o_mixing_ratio	h2o_time_lag	h2o_def_timelag	ch4_molar_density	ch4_mole_fraction	ch4_mixing_ratio	ch4_time_lag	ch4_def_timelag	none_molar_density	none_mole_fraction	none_mixing_ratio	none_time_lag	none_def_timelag	sonic_temperature	air_temperature	air_pressure	air_density	air_heat_capacity	air_molar_volume	ET	water_vapor_density	e	es	specific_humidity	RH	VPD	Tdew	u_unrot	v_unrot	w_unrot	u_rot	v_rot	w_rot	wind_speed	max_wind_speed	wind_dir	yaw	pitch	roll	u*	TKE	L	(z-d)/L	bowen_ratio	T*	model	x_peak	x_offset	x_10%	x_30%	x_50%	x_70%	x_90%	un_Tau	Tau_scf	un_H	H_scf	un_LE	LE_scf	un_co2_flux	co2_scf	un_h2o_flux	h2o_scf	un_ch4_flux	ch4_scf	un_none_flux	un_none_scf	spikes_hf	amplitude_resolution_hf	drop_out_hf	absolute_limits_hf	skewness_kurtosis_hf	skewness_kurtosis_sf	discontinuities_hf	discontinuities_sf	timelag_hf	timelag_sf	attack_angle_hf	non_steady_wind_hf	u_spikes	v_spikes	w_spikes	ts_spikes	co2_spikes	h2o_spikes	ch4_spikes	none_spikes	head_detect_LI-7200	t_out_LI-7200	t_in_LI-7200	aux_in_LI-7200	delta_p_LI-7200	chopper_LI-7200	detector_LI-7200	pll_LI-7200	sync_LI-7200	chopper_LI-7500	detector_LI-7500	pll_LI-7500	sync_LI-7500	not_ready_LI-7700	no_signal_LI-7700	re_unlocked_LI-7700	bad_temp_LI-7700	laser_temp_unregulated_LI-7700	block_temp_unregulated_LI-7700	motor_spinning_LI-7700	pump_on_LI-7700	top_heater_on_LI-7700	bottom_heater_on_LI-7700	calibrating_LI-7700	motor_failure_LI-7700	bad_aux_tc1_LI-7700	bad_aux_tc2_LI-7700	bad_aux_tc3_LI-7700	box_connected_LI-7700	mean_value_RSSI_LI-7200	mean_value_LI-7500	u_var	v_var	w_var	ts_var	co2_var	h2o_var	ch4_var	none_var	w/ts_cov	w/co2_cov	w/h2o_cov	w/ch4_cov	w/none_cov	co2_mean	h2o_mean	avg_signal_strength_7200_mean	co2_signal_strength_7200_mean	h2o_signal_strength_7200_mean	delta_signal_strength_7200_mean	flowrate_mean	rssi_77_mean	CHK
DATAU		[yyyy-mm-dd]	[HH:MM]	[ddd.ddd]	[1=daytime]	[#]	[#]	[kg+1m-1s-2]	[#]	[kg+1m-1s-2]	[W+1m-2]	[#]	[W+1m-2]	[W+1m-2]	[#]	[W+1m-2]	[µmol+1s-1m-2]	[#]	[µmol+1s-1m-2]	[mmol+1s-1m-2]	[#]	[mmol+1s-1m-2]	[µmol+1s-1m-2]	[#]	[µmol+1s-1m-2]	[µmol+1s-1m-2]	[#]	[µmol+1s-1m-2]	[W+1m-2]	[W+1m-2]	[µmol+1s-1m-2]	[mmol+1s-1m-2]	[µmol+1s-1m-2]	[µmol+1s-1m-2]	[µmol+1s-1m-2]	[mmol+1s-1m-2]	[µmol+1s-1m-2]	[µmol+1s-1m-2]	[mmol+1m-3]	[µmol+1mol_a-1]	[µmol+1mol_d-1]	[s]	[1=default]	[mmol+1m-3]	[mmol+1mol_a-1]	[mmol+1mol_d-1]	[s]	[1=default]	[mmol+1m-3]	[µmol+1mol_a-1]	[µmol+1mol_d-1]	[s]	[1=default]	[mmol+1m-3]	[µmol+1mol_a-1]	[µmol+1mol_d-1]	[s]	[1=default]	[K]	[K]	[Pa]	[kg+1m-3]	[J+1kg-1K-1]	[m+3mol-1]	[mm]	[kg+1m-3]	[Pa]	[Pa]	[kg+1kg-1]	[%]	[Pa]	[K]	[m+1s-1]	[m+1s-1]	[m+1s-1]	[m+1s-1]	[m+1s-1]	[m+1s-1]	[m+1s-1]	[m+1s-1]	[deg_from_north]	[deg]	[deg]	[deg]	[m+1s-1]	[m+2s-2]	[m]	[#]	[#]	[K]	[0=KJ/1=KM/2=HS]	[m]	[m]	[m]	[m]	[m]	[m]	[m]	[kg+1m-1s-2]	[#]	[W+1m-2]	[#]	[W+1m-2]	[#]	[µmol+1s-1m-2]	[#]	[mmol+1s-1m-2]	[#]	[µmol+1s-1m-2]	[#]	[µmol+1s-1m-2]	[#]	8u/v/w/ts/co2/h2o/ch4/none	8u/v/w/ts/co2/h2o/ch4/none	8u/v/w/ts/co2/h2o/ch4/none	8u/v/w/ts/co2/h2o/ch4/none	8u/v/w/ts/co2/h2o/ch4/none	8u/v/w/ts/co2/h2o/ch4/none	8u/v/w/ts/co2/h2o/ch4/none	8u/v/w/ts/co2/h2o/ch4/none	8co2/h2o/ch4/none	8co2/h2o/ch4/none	8aa	8U	[#]	[#]	[#]	[#]	[#]	[#]	[#]	[#]	[#_flagged_recs]	[#_flagged_recs]	[#_flagged_recs]	[#_flagged_recs]	[#_flagged_recs]	[#_flagged_recs]	[#_flagged_recs]	[#_flagged_recs]	[#_flagged_recs]	[#_flagged_recs]	[#_flagged_recs]	[#_flagged_recs]	[#_flagged_recs]	[#_flagged_recs]	[#_flagged_recs]	[#_flagged_recs]	[#_flagged_recs]	[#_flagged_recs]	[#_flagged_recs]	[#_flagged_recs]	[#_flagged_recs]	[#_flagged_recs]	[#_flagged_recs]	[#_flagged_recs]	[#_flagged_recs]	[#_flagged_recs]	[#_flagged_recs]	[#_flagged_recs]	[#_flagged_recs]	[#]	[#]	[m+2s-2]	[m+2s-2]	[m+2s-2]	[K+2]	--	--	--	--	[m+1s-1K+1]	--	--	--	--	--	--	--	--	--	--	--	--	241
DATA	2026-09-12T233000_AIU-1657.ghg	2026-09-13	00:00:00	256	0	18000	18000	0.40166037315487274	1	NaN	-39.775297776947596	0	NaN	-43.09868137620723	1	NaN	10.009192257939764	1	NaN	-0.9811836502980198	1	NaN	NaN	NaN	NaN	NaN	NaN	NaN	NaN	NaN	NaN	NaN	NaN	NaN	2.9927023736522955e-10	1.77853535922577e-11	NaN	NaN	17.236516893948977	440.1374429217541	451.9593255618287	0.1	0	1024.3502673594735	26.156961415452226	26.859524973830077	0.1	1	NaN	NaN	NaN	NaN	0	NaN	NaN	NaN	NaN	9	302.0340665342543	299.54428461942865	96977.2732982107	1.1169044217583652	1020.1032311555526	0.0258938114442956	-0.06358070053931168	0.018203131423755802	2516.2195936879066	3426.389759579624	0.016297841667685622	73.43646725107584	910.1701658917173	294.35231219666963	1.0316691905289903	-0.4866426195725696	0.3066026243867109	1.181172098871279	-2.4407938467345626e-14	1.736257036189782e-14	1.181172098871279	6.423928090251294	186.25344546039992	334.7465545396	15.044839463289593	NaN	0.5996826562550884	1.1863782877778803	464.12153701735707	0.004315895385662934	0.922888972628886	-0.05821458658569743	0	15.083199149584217	-2.288933662304149	5.177574176426077	12.89289177406812	19.66247344804405	27.576898585077366	41.31521924930534	0.39736455117717945	1.0108107831082744	-41.7920315213993	1.0215637215632138	-38.92087505938357	1.107341017139244	9.038942929972896	1.107341017139244	-0.8860718018310701	1.107341017139244	NaN	1	NaN	NaN	800000009	800000019	800000009	800000019	800000019	800000019	899999999	899999999	89999	89999	89	89	21	18	0	11	0	0	0	NaN	0	0	0	0	0	0	0	0	0	NaN	NaN	NaN	NaN	0	17407	0	0	0	0	301	0	0	18000	0	16	18000	18000	18000	18000	93	NaN	0.699092072380457	1.0958800119570973	0.5777844912182063	0.04112727773579984	7.839365850183155	0.06515710511230144	NaN	NaN	-0.036680339724643574	0.2402872951453949	-0.023554944224792516	NaN	NaN	17.237742765445617	1024.4195226862907	92.17156103685166	92.2062352210151	92.13688471688164	0.06935079387572267	0.0002837593737543405	0.8422085051170335	051
DATA	2026-09-13T000000_AIU-1657.ghg	2026-09-13	00:30:00	256.02	0	18000	18000	0.24397437002261654	1	NaN	28.048916776071263	1	NaN	12.23119010480429	0	NaN	10.539860577957597	0	NaN	0.27830764249064566	0	NaN	NaN	NaN	NaN	NaN	NaN	NaN	NaN	NaN	NaN	NaN	NaN	NaN	-1.774378171772702e-10	-1.0469058067163454e-11	NaN	NaN	17.234705599067897	439.72955088383657	451.4420365153884	0.1	0	1016.8696648632025	25.944605695027157	26.635657321665636	0.1	1	NaN	NaN	NaN	NaN	0	NaN	NaN	NaN	NaN	9	301.4647226104736	298.99967260962586	97022.22440053157	1.1195454612741633	1019.9723127497097	0.025833026600550146	0.018034335233393838	0.018097833051620955	2497.118667945044	3317.954061942988	0.016165340022033292	75.26079690454591	820.8353939979443	294.2281821772426	0.881127541383404	-0.10467740818543297	0.08231240723581573	0.8911332315393569	-1.0261687761117354e-13	-1.0295378482523457e-14	0.8911332315393569	3.9153369730403496	167.77495003796548	353.2250499620346	5.299864861302648	NaN	0.4668219149674468	0.6594922464940258	-310.556345771331	-0.006450037254994375	2.293228748448111	0.05261804904935411	0	16.467957711250367	-2.4990761164697095	5.652916979923121	14.076562565106377	21.46764608951666	30.108678881894416	45.108287484711276	0.24061937369389172	1.0139431679054778	28.409192315178494	1.0215985705312758	11.183159169421133	1.093715104963261	9.63675140823043	1.093715104963261	0.2544608200322828	1.093715104963261	NaN	1	NaN	NaN	800000009	800000019	800000009	800000019	800000009	800000119	899999999	899999999	89999	89999	89	89	6	14	0	7	3	0	0	NaN	0	0	0	0	0	0	0	0	0	NaN	NaN	NaN	NaN	0	16036	0	0	0	0	301	151	0	18000	0	21	18000	18000	18000	18000	93	NaN	0.4928047671627652	0.5450804800395258	0.2810992457857607	0.043630408292621	3.8255834581983033	0.01017440341200594	NaN	NaN	0.024878762266859422	0.2555230029027745	0.006747148504860203	NaN	NaN	17.235969920497233	1016.9442416058165	91.99110093688962	91.9806182522244	92.00158406194049	-0.020964778286294596	0.0002838763465681243	2.0976042901404734	153
DATA	2026-09-13T003000_AIU-1657.ghg	2026-09-13	01:00:00	256.041	0	18000	18000	0.05367902407130427	1	NaN	-2.043944718804735	2	NaN	1.7662981732069847	2	NaN	1.3300588786149687	2	NaN	0.04017757690000621	2	NaN	NaN	NaN	NaN	NaN	NaN	NaN	NaN	NaN	NaN	NaN	NaN	NaN	-9.550356141308795e-12	-5.636664780372985e-13	NaN	NaN	17.083953891199535	435.81338328812814	447.31928949903397	0.1	1	1008.3029342908233	25.72190934084619	26.40099329693832	0.1	1	NaN	NaN	NaN	NaN	0	NaN	NaN	NaN	NaN	9	301.11693705579967	298.675723407658	96901.61324876484	1.1194587915394751	1019.8395201033894	0.025835340927245386	0.002603506983120402	0.017940882435769776	2472.7836949738967	3254.9120496318596	0.016026389333275545	75.97082984941409	782.128354657963	294.0688278196428	0.4500648869476645	0.3987194715440308	0.12684754289502997	0.6145127489239111	6.15503414793668e-14	-5.590249307701816e-16	0.6145127489239111	2.4356019146165186	119.461768516034	41.53823148396596	11.912620106408452	NaN	0.21897687314361147	0.1645519635468807	439.4626248194308	0.004558066799931044	-1.1571912091680652	-0.008175812946556756	0	16.20920896894164	-2.459809996565323	5.564096909785856	13.85538803189373	21.130340971092863	29.635603657275322	44.399534592639185	0.05302787320755113	1.0122794074958377	-1.9149421141138758	1.0208052375710917	1.6043891645801613	1.1009162940022672	1.2081380626856537	1.1009162940022672	0.03649467004793324	1.1009162940022672	NaN	1	NaN	NaN	800000009	800000019	800000009	800000019	800000019	800100019	899999999	899999999	89999	89999	89	89	6	3	0	3	0	0	0	NaN	0	0	0	0	0	0	0	0	0	NaN	NaN	NaN	NaN	0	17856	0	0	0	0	301	0	0	18000	0	21	18000	18000	18000	18000	93	NaN	0.20031434027230133	0.06443959242417592	0.06434999439728419	0.057539910733824855	4.2062994755093746	0.023286846886709414	NaN	NaN	-0.0016773191355466367	0.03203001667666683	0.0009675424741161379	NaN	NaN	17.085228544299447	1008.3771382108306	92.17581891292998	92.19611661911006	92.15552095201281	0.040595390892495614	0.0002836803584876987	0.3474780579370048	108
DATA	2026-09-13T010000_AIU-1657.ghg	2026-09-13	01:30:00	256.062	0	18000	18000	0.04342674057006517	1	NaN	-33.30257102893578	2	NaN	44.66208436149126	1	NaN	15.763032488912803	2	NaN	1.0125149077549294	1	NaN	0.0025718739337650762	1	NaN	NaN	NaN	NaN	NaN	NaN	NaN	NaN	NaN	NaN	9.42715610930497e-10	5.4764187695591254e-11	4.519693131985966e-12	NaN	17.028541393955862	434.1884471333675	445.4232935494024	0.1	1	989.2211673043969	25.22285335934901	25.87550749037754	0.1	1	0.08164050822287199	2.0005361641394077	2.0523010526393684	0	1	NaN	NaN	NaN	NaN	9	301.07328786468514	295.21580839318926	97279.4770876878	1.1370438952336408	1019.6109328595912	0.025230647865927113	0.06561096602251942	0.018014433388247663	2454.3241553833104	2646.6248387882033	0.015843217191317	92.73411627569622	192.30068340489288	293.94702927954836	0.17051687544637756	-0.010479164915394582	0.09662711218139443	0.1962717924660577	1.5337589002905816e-14	5.53609137224816e-14	0.1962717924660577	1.3332691661163765	164.5167062491488	356.4832937508512	29.49270770781861	NaN	0.19542944636957363	0.13217264596701753	19.222799263150353	0.10420438629039293	-0.7456564444997124	-0.14698602563367436	1	0.15229007351267534	1	1	3	NaN	NaN	NaN	0.042514014221785815	1.02146883480628	-30.027058098439916	1.0314309886226505	39.13977449665149	1.1410920204793777	13.813988886094116	1.1410920204793777	0.8873209956630558	1.1410920204793777	0.006714456197778833	1.5509502590907858	NaN	NaN	800000009	800000009	800000009	800000019	800000009	800000019	899999999	899999999	89999	89999	89	89	7	1	0	7	0	0	0	NaN	0	0	0	0	0	0	0	0	0	NaN	NaN	NaN	NaN	0	1508	0	0	0	0	301	0	0	15001	0	16	18000	18000	18000	18000	93	NaN	0.031132237890528547	0.17212020494382954	0.061092849099676945	0.1153558509971826	14.582691338511077	0.04748425299443675	8.90838633519012e-7	NaN	-0.02590007787376251	0.35755691396286265	0.022967135670936813	0.000006714456197778833	NaN	17.029744139405928	989.2906168228687	92.67339314185247	92.77930989074707	92.56747804811266	0.21183388940492945	0.0002834831576749113	40.36733558909158	162
DATA	2026-09-13T013000_AIU-1657.ghg	2026-09-13	02:00:00	256.083	0	18000	18000	0.05014651760165583	1	NaN	41.99832801232403	1	NaN	33.12927555212879	1	NaN	6.043968788925729	1	NaN	0.7511214260385851	1	NaN	0.07985684045195246	1	NaN	NaN	NaN	NaN	NaN	NaN	NaN	NaN	NaN	NaN	-9.192574031261505e-11	-5.328109547637493e-12	-4.395136304385562e-13	NaN	17.172459542153316	438.05562977286405	449.467681870354	0.1	1	995.3332475953906	25.390150522060615	26.051604686389258	0.1	1	0.08210464241314656	2.0128426201505634	2.0652804003866416	-0.1	0	NaN	NaN	NaN	NaN	9	301.46093366411	295.3008799480445	97265.54850402035	1.1364809836834928	1019.7088039760354	0.025241532625362845	0.048672668407300314	0.018126099038339064	2470.2493576756574	2660.376578823749	0.015949320136963364	92.85337186240928	190.1272211480914	294.05215317573453	0.044721704606896555	-0.3753437988611182	0.10568766732724423	0.39249570855168037	1.3358963755207335e-14	-5.353091098393012e-15	0.39249570855168037	1.2502842304465085	244.2053180864932	276.7946819135068	15.620884956749745	NaN	0.2100580371163158	0.10670163406500319	-18.926915415461313	-0.10583341004227644	1.2677104256698828	0.1725259216174482	0	21.042509212402415	-3.193281955502176	7.223212477993826	17.986820384706938	27.431035986850983	38.47241800437103	57.63869276299375	0.049049997931242144	1.022355142031826	43.21819318199064	1.0260924465611085	30.230205697757345	1.0958997726762578	5.5150744070016255	1.0958997726762578	0.685392446249257	1.0958997726762578	0.050221368215823486	1.3194232586459624	NaN	NaN	800000009	800000009	800000009	800000019	800000019	801011119	899999999	899999999	89999	89999	89	89	5	5	0	6	2	0	1	NaN	0	0	0	0	0	0	0	0	0	NaN	NaN	NaN	NaN	0	0	0	0	0	0	301	0	0	3005	0	16	18000	18000	18000	18000	93	NaN	0.1411057696421891	0.041459132572046004	0.030838365915771267	0.18782769336217617	6.9740240452946	0.030430157374102876	0.000002866948242314247	NaN	0.03729308098300961	0.14283654475517688	0.01775118186968702	0.000050221368215823486	NaN	17.17368839054521	995.4037044518151	92.70843790011936	92.82850520112781	92.58836913638643	0.2401348176217712	0.0002842334842070058	46.04746925852035	136
DATA	2026-09-13T020000_AIU-1657.ghg	2026-09-13	02:30:00	256.104	0	18000	18000	0.0644699646902522	1	NaN	28.712404378862566	1	NaN	-7.4039425804163255	2	NaN	11.693973466393444	1	NaN	-0.16788333933839197	2	NaN	0.0485070588725442	1	NaN	NaN	NaN	NaN	NaN	NaN	NaN	NaN	NaN	NaN	1.2273854485835291e-9	7.014065294402821e-11	5.7701750218008934e-12	NaN	17.371605331589606	443.3863678193517	454.91292058238	-0.1	0	992.724609901333	25.33793225365416	25.99663318409588	0.1	1	0.0816672572488136	2.003120138131048	2.0551945175857163	0.3	0	NaN	NaN	NaN	NaN	9	301.32216742282446	295.4110846213194	97230.19899826616	1.1356667738340744	1019.6803847901891	0.025260132992070153	-0.0108788403891278	0.018075500520021912	2464.2730331192715	2678.2838728031115	0.015916200893152852	92.0094041614844	214.01083968384	294.0127726123183	-0.13525847194793025	-0.7602757496706969	0.22909349050668643	0.8054799172937875	-2.7499076519210652e-14	7.06546934008209e-14	0.8054799172937875	1.6781761521116791	261.08778176290207	259.91221823709793	16.52410014711308	NaN	0.23826116241303413	0.10724615242538815	-40.38945368898289	-0.049594629712617015	-3.8779885266544114	0.10406419301483216	0	18.355723471629258	-2.785551853654121	6.300925877448584	15.690196344119853	23.9285394166859	33.56011676387618	50.27917036624741	0.06354210743100784	1.0146022424618477	27.892536019285604	1.0218032860422175	-6.772318798284237	1.0932655122927926	10.696370950062153	1.0932655122927926	-0.15356136039296403	1.0932655122927926	0.03144038865925786	1.308369566980949	NaN	NaN	800000009	800000009	800000009	800000019	800000019	800000119	899999999	899999999	89999	89999	89	89	15	12	0	3	16	0	4	NaN	0	0	0	0	0	0	0	0	0	NaN	NaN	NaN	NaN	0	0	0	0	0	0	301	0	0	6002	0	21	18000	18000	18000	18000	93	NaN	0.06210686606204242	0.09655972137812405	0.05582571741060983	0.04939697117717733	5.8820113615026965	0.012629571232340441	0.0000019242507695928557	NaN	0.024086462303501695	0.27721776174482476	-0.003979848568956045	0.000031440388659257864	NaN	17.372889445194826	992.7971457229112	92.90106824535795	93.06051557795206	92.74162172402276	0.31889438346193977	0.00028327580284288466	45.92345681974624	052
DATA	2026-09-13T023000_AIU-1657.ghg	2026-09-13	03:00:00	256.124	0	18000	18000	0.022773853347538904	1	NaN	4.494158695451196	2	NaN	15.7275391743	1	NaN	3.718649539507519	1	NaN	0.3566308990295761	1	NaN	0.042363703980773534	0	NaN	NaN	NaN	NaN	NaN	NaN	NaN	NaN	NaN	NaN	2.1711848300701354e-10	1.2462390284571765e-11	1.0349545697175339e-12	NaN	17.138727081275377	437.5638307618567	448.83669624814	0.1	0	983.7463071290606	25.11573937807228	25.762790920482896	0.1	1	0.08169642522481434	2.0039704083378522	2.0555982789786955	0.5	0	NaN	NaN	NaN	NaN	9	302.64747853597	295.4435065435591	97209.24700239068	1.1353937574060249	1019.5527471042124	0.025268350379699392	0.023109682257116532	0.01791116652043128	2442.137014582258	2683.5721614590298	0.01577529064573333	91.00321763863036	241.4351468767718	293.8661764030988	-0.6988603316920847	-0.09297814929208426	0.5107916853373544	0.8706083190897672	-6.296522532589671e-14	1.2668296891443158e-14	0.8706083190897672	1.9451312351589842	333.42172780920293	187.57827219079712	35.923648321509276	NaN	0.1416266585510878	0.20798430102099832	-54.18512021088377	-0.03696771350149468	0.2857509140905523	0.027412408428051604	1	8.08998768169977	4	7	12	21	38	111	0.022457501432923865	1.0140866923936271	5.36693384585121	1.0216367170061285	14.381573093902498	1.0935896283118127	3.4004067368927435	1.0935896283118127	0.32611035236326397	1.0935896283118127	0.031438822976599105	1.30764821443879	NaN	NaN	800000009	800000009	800000009	800000019	800000019	800001019	899999999	899999999	89999	89999	89	89	15	0	0	1	2	0	0	NaN	0	0	0	0	0	0	0	0	0	NaN	NaN	NaN	NaN	0	0	0	0	0	0	301	0	0	3001	0	21	18000	18000	18000	18000	93	NaN	0.06601708418040081	0.3126421687834052	0.03730934907819059	0.24793410146755185	13.223188323457393	0.03490310173607258	8.922098692940715e-7	NaN	0.004636284103013907	0.08813688569290427	0.008452621428393649	0.000031438822976599106	NaN	17.140015062408146	983.8186639776966	93.02620034366186	93.20368091032239	92.84871881315445	0.354965544662537	0.0002835257285187255	46.49606914583842	035
DATA	2026-09-13T030000_AIU-1657.ghg	2026-09-13	03:30:00	256.145	0	18000	18000	0.014161577315061971	1	NaN	5.810215345301199	2	NaN	-6.982720866887453	2	NaN	-1.283625114087309	1	NaN	-0.15840737301029797	2	NaN	0.024359364161395773	2	NaN	NaN	NaN	NaN	NaN	NaN	NaN	NaN	NaN	NaN	1.6267127230786275e-10	9.42675874880826e-12	7.812261395728085e-13	NaN	17.119824795599932	437.3676504812907	448.7411491919229	0.1	1	992.0894813225462	25.345343815946386	26.004435165967315	0.1	1	0.08221768014402456	2.0211411937531456	2.073699828887365	-0.4	0	NaN	NaN	NaN	NaN	9	303.9143822521634	295.9011510470417	97192.8355561225	1.1333470058086188	1019.6929082489927	0.025311764552692212	-0.010264797771067308	0.018043906122704626	2464.0466107894486	2759.197089001351	0.015920901568739477	89.30303024062962	295.1504782119023	294.01127897465005	0.1216279990934491	-0.11444893596233328	0.054151731570001846	0.17556861661016762	6.156662181541384e-14	9.501923895253406e-15	0.17556861661016762	1.3153133179990473	204.2581809832136	316.7418190167864	17.965018907093892	NaN	0.11178264020981135	0.08853550721163397	-20.605993326123066	-0.09720958210059145	-0.8320847211369486	0.04497649059544181	1	0.6009131475042017	1	1	1	2	4	NaN	0.013618680589989987	1.0398641205720784	5.2355533053884775	1.0375958453430134	-6.293933673547217	1.1094366780881628	-1.1570061991273954	1.1094366780881628	-0.14278180642384525	1.1094366780881628	0.017586925993582966	1.3451481022672849	NaN	NaN	800000009	800000009	800000009	800000019	800000019	800000019	899999999	899999999	89999	89999	89	89	10	2	0	3	11	0	3	NaN	0	0	0	0	0	0	0	0	0	NaN	NaN	NaN	NaN	0	0	0	0	0	0	301	0	17997	5998	0	16	18000	18000	18000	18000	93	NaN	0.04819283078164582	0.09512255034286897	0.03375563329875314	0.061425793455953365	2.3245764136168177	0.04303084067335824	0.0000020520944774434687	NaN	0.0045303346628272935	-0.030047640561707785	-0.0037080669069973157	0.000017586925993582967	NaN	17.12107954253633	992.1598507791983	93.05915985065037	93.25140146001178	92.86692122141521	0.38448169023957784	0.0002837115341632549	46.425677294457856	118
DATA	2026-09-13T033000_AIU-1657.ghg	2026-09-13	04:00:00	256.166	0	18000	18000	0.04336095927625942	1	NaN	13.28017309159813	1	NaN	15.538860011480441	1	NaN	-10.114417576292489	1	NaN	0.352466976041246	1	NaN	0.14209350128410092	1	NaN	NaN	NaN	NaN	NaN	NaN	NaN	NaN	NaN	NaN	2.958561247184359e-10	1.680999871888774e-11	1.396708658428612e-12	NaN	17.34735839474433	443.1367416087357	454.58231114763606	0.2	0	985.6448727206879	25.178211422272284	25.828527549643187	0.1	1	0.08189523098047212	2.011993983012126	2.063960825032071	0.3	0	NaN	NaN	NaN	NaN	9	304.1779903276232	295.7789091746803	97171.40011838592	1.1336376786304863	1019.5943873096869	0.02530688914518379	0.022839860047472738	0.017928374167218337	2447.258331481147	2738.8168375513824	0.015814906742405623	89.35458180069824	291.5585060702356	293.90019559635886	-0.11009850600016424	-0.8552643129361198	0.22631625265147523	0.8915255308850176	2.0578328131021845e-14	1.705482287194057e-14	0.8915255308850176	1.8960342446617005	258.3353660209216	262.6646339790784	14.705618825094467	NaN	0.19557453427632132	0.09287712405373845	-48.2739933131043	-0.04149439195982664	0.8546426881886093	0.058747545011200705	1	4.950495210617001	2	4	8	13	23	68	0.04276479614359807	1.0139405115052933	14.031113114350983	1.0215979030444147	14.207386907823853	1.093716959515149	-9.247746858361113	1.093716959515149	0.3222652560837098	1.093716959515149	0.10782489606816961	1.3074456173747526	NaN	NaN	800000009	800000009	800000009	800000019	800000019	800000019	899999999	899999999	89999	89999	89	89	2	0	0	17	0	0	3	NaN	0	0	0	0	0	0	0	0	0	NaN	NaN	NaN	NaN	0	0	0	0	0	0	301	0	18000	4	0	16	18000	18000	18000	18000	93	NaN	0.11381958193842744	0.03558143923551538	0.03635322693353408	0.030697676204517216	25.541985709145955	0.01436446867940109	0.000003995880980116601	NaN	0.012139209807787274	-0.24007806223250505	0.008366234434227406	0.0001078248960681696	NaN	17.348670197084264	985.7174574477232	93.0800141453213	93.27040032747058	92.8896299120585	0.38077446289194516	0.0002839403292697777	47.02277681212954	210
DATA	2026-09-13T040000_AIU-1657.ghg	2026-09-13	04:30:00	256.187	0	18000	18000	0.017157517899676504	0	NaN	8.113132149760814	0	NaN	7.270785045535512	1	NaN	1.9897314072857109	2	NaN	0.16496103188027542	1	NaN	0.09211357030773867	0	NaN	NaN	NaN	NaN	NaN	NaN	NaN	NaN	NaN	NaN	4.715177544710271e-11	2.6558132784753073e-12	2.2057258523790421e-13	NaN	17.446129485822336	445.7743801076241	457.2552092627578	0.1	1	982.6493680694174	25.1081429419785	25.754798093963533	0.1	1	0.08161172822431895	2.007146105535472	2.0588397482286234	0.7	0	NaN	NaN	NaN	NaN	9	304.1558204396566	296.0184288634857	97164.21477908356	1.132666948185143	1019.5582181066682	0.025329255458572574	0.010689474865841847	0.017862694160381023	2440.267393878415	2778.8741137822803	0.015770473561537376	87.81496728389062	338.60671990386527	293.8537415675751	-0.05573923598225991	-0.6583033010164643	0.11582991056630768	0.6707359143052714	-6.958006720689144e-15	2.702706952015963e-15	0.6707359143052714	1.627884203469572	255.8397505182836	265.1602494817164	9.94430389837012	NaN	0.12307677743884288	0.06782380195043461	-19.69214963044637	-0.1017207383445316	1.1158536662753533	0.057081867901899896	1	6.587569670452721	3	5	10	15	27	73	0.016886588775605105	1.0160440410832288	8.433106745319376	1.0224277509967596	6.651994814943	1.0930232581063453	1.8203925602945594	1.0930232581063453	0.15092179480797982	1.0930232581063453	0.07000387927828523	1.3104066963802075	NaN	NaN	800000009	800000009	800000009	800000019	800000019	800001119	899999999	899999999	89999	89999	89	89	10	0	0	17	9	0	2	NaN	0	0	0	0	0	0	0	0	0	NaN	NaN	NaN	NaN	0	0	0	0	0	0	301	0	18000	0	0	16	18000	18000	18000	18000	93	NaN	0.0762958280389688	0.03230144836303795	0.02705032749886245	0.023136637573187867	16.319671063369416	0.012285673390297852	0.0000021518148964026724	NaN	0.007302529839424562	0.04729704777619602	0.003921217596245967	0.00007000387927828523	NaN	17.447409706225933	982.7222537652104	93.17809131198459	93.38590065765382	92.97028003226386	0.41561878431505567	0.00028433206874372733	47.800274942398076	130
DATA	2026-09-13T043000_AIU-1657.ghg	2026-09-13	05:00:00	256.208	0	18000	18000	0.020726738281654764	0	NaN	6.442142389030103	1	NaN	11.963867150086195	1	NaN	6.707279145177569	0	NaN	0.27147856739490933	1	NaN	0.09134906070209525	0	NaN	NaN	NaN	NaN	NaN	NaN	NaN	NaN	NaN	NaN	-1.2281130085785473e-10	-7.066293179583075e-12	-5.869069901662016e-13	NaN	17.077264224689564	436.4071892065551	447.6475812623769	0	0	982.5883682848715	25.109913526447837	25.75666105835311	0.1	1	0.08161110318329855	2.008508136012225	2.0602405993044366	0.9	0	NaN	NaN	NaN	NaN	9	303.9380787913004	296.17028517539615	97163.06242086037	1.1320720007038132	1019.5619417441358	0.025342549829096252	0.017591811167190125	0.017854582611092514	2440.410534098294	2804.534791130274	0.015771596329555236	87.01658976798674	364.1242570319796	293.8546938872081	0.10212687413640963	-0.802396174124325	0.06115004641970628	0.811177444735318	-8.830767897620114e-16	-7.191509087286915e-15	0.811177444735318	1.6664973518766548	243.74654366142045	277.2534563385795	4.323303765806318	NaN	0.13530955232607325	0.08186989357047608	-32.95383740442749	-0.06078503014434595	0.5384665600356228	0.04124907343415481	1	7.792384162844674	3	6	12	19	34	96	0.02042942396914276	1.0145532401188146	7.068816224781927	1.021785746686601	10.942997485850409	1.0932897650352014	6.1349510072122655	1.0932897650352014	0.24831346279562794	1.0932897650352014	0.069673560910953	1.3082995662258148	NaN	NaN	800000009	800000009	800000009	800000019	800000019	800001019	899999999	899999999	89999	89999	89	89	6	5	0	15	13	0	2	NaN	0	0	0	0	0	0	0	0	0	NaN	NaN	NaN	NaN	0	0	0	0	0	0	301	0	18000	14997	0	16	18000	18000	18000	18000	93	NaN	0.1225642999142521	0.019807910418083174	0.02136757680861691	0.01796560991392501	16.24138706900198	0.00919267147633239	0.000002376903179973124	NaN	0.006124336234726595	0.15948092809160536	0.0064550248987696405	0.000069673560910953	NaN	17.078526523378148	982.6602313545417	93.2075215326945	93.42187606726752	92.99316293801202	0.4287125314209196	0.0002841219495813776	45.207886406552504	135
DATA	2026-09-13T050000_AIU-1657.ghg	2026-09-13	05:30:00	256.229	0	18000	18000	0.035499055422736216	0	NaN	8.390694526408197	1	NaN	25.475924833610623	1	NaN	2.52356372246492	2	NaN	0.5780405792048172	1	NaN	0.18872393183419328	1	NaN	NaN	NaN	NaN	NaN	NaN	NaN	NaN	NaN	NaN	-5.0430036498811276e-11	-2.903318489558671e-12	-2.42764238741517e-13	NaN	17.172725689803066	438.98762001352304	450.3698398512301	0.1	1	988.6546882134352	25.27305079191565	25.928339020941927	0.1	1	0.08266747297119648	2.0338879480320764	2.08662328427926	0.7	0	NaN	NaN	NaN	NaN	9	304.1808617570665	296.0857000377895	97150.15311692176	1.1321744416892006	1019.6543203493379	0.025338678644711336	0.03745702953247215	0.01797332802784021	2455.9393572373674	2790.2161832641145	0.015875051905450244	88.01968005089499	334.27682602674713	293.9577185725594	0.1164654779611528	-0.5239528685039393	0.07276126704911522	0.5416502727340616	-9.19734494908427e-15	-2.9366355353102716e-15	0.5416502727340616	1.7838288959481103	238.46790906664296	282.53209093335704	7.72002677312307	NaN	0.17707274723775931	0.13503904679130874	-56.699510138425346	-0.03532834754850017	0.3293577988320281	0.04104685381631455	1	2.402239747980198	1	2	4	6	12	35	0.03486583839813053	1.0181615315649382	9.783458562257056	1.0235588384950922	23.29607401446505	1.0935715957028662	2.307634664599131	1.0935715957028662	0.5285804619251251	1.0935715957028662	0.14453988820454794	1.3134217629090812	NaN	NaN	800000009	800000009	800000009	800000019	800000019	801000119	899999999	899999999	89999	89999	89	89	8	0	0	10	2	0	1	NaN	0	0	0	0	0	0	0	0	0	NaN	NaN	NaN	NaN	0	1	0	0	0	0	301	0	18000	9005	0	16	18000	18000	18000	18000	93	NaN	0.2062465183283169	0.029612391577213605	0.034219183677086956	0.02782607286989166	32.07236039365419	0.046233865340659444	0.000006271781578175714	NaN	0.00847473446469391	0.05998892297149097	0.013740898029094976	0.00014453988820454795	NaN	17.173945751632047	988.7245240770216	93.15921196534899	93.36922471788195	92.94920437367757	0.4200228475564057	0.0002843328800049171	45.913444058002455	066
DATA	2026-09-13T053000_AIU-1657.ghg	2026-09-13	06:00:00	256.249	0	18000	18000	0.055513168352904	0	NaN	-7.542237648278781	2	NaN	-0.2379530983100893	2	NaN	4.997212167562046	0	NaN	-0.005397196843150283	2	NaN	0.09074779327919673	0	NaN	NaN	NaN	NaN	NaN	NaN	NaN	NaN	NaN	NaN	1.2614333214917342e-10	7.006917688994037e-12	5.85983911617029e-13	NaN	17.574364184900567	448.84928097812616	460.3262983078732	-0.1	0	976.2079468011738	24.932352055347987	25.56986903206456	0.1	1	0.08163962766634222	2.005014559913636	2.0562825196180103	0.2	0	NaN	NaN	NaN	NaN	9	303.5558793869019	295.7257013625361	97179.80970455604	1.1340462049015203	1019.4518914936044	0.025300147104659915	-0.0003497383554361383	0.017758038713242694	2423.5711511964564	2729.9871504755674	0.015659008104334505	88.7759178930299	306.415999279111	293.7423234097536	-0.14006589661344468	-1.1038374867581677	0.17304150091803205	1.1260635033632558	-9.751038316131706e-15	7.17768966330813e-15	1.1260635033632558	2.3722558912162723	258.23161231816357	262.76838768183643	8.839633868970628	NaN	0.22124967054751882	0.18824712247773406	123.0650206286133	0.016276761583171328	31.696320417102076	-0.029486287398956892	0	15.801863842692415	-2.3979938021094482	5.424268509613924	13.507195544654035	20.599325458426488	28.89084685042708	43.2837531835217	0.05489356638203604	1.011287333137654	-7.449359778696043	1.022528325468801	-0.21394998749679803	1.1121902884600563	4.493126958050684	1.1121902884600563	-0.004852763865276387	1.1121902884600563	0.06836268575031232	1.403589758706265	NaN	NaN	800000009	800000009	800000009	800000019	800000019	800010019	899999999	899999999	89999	89999	89	89	2	4	0	54	9	0	8	NaN	0	0	0	0	0	0	0	0	0	NaN	NaN	NaN	NaN	0	0	0	0	0	0	301	0	18000	0	0	16	18000	18000	18000	18000	93	NaN	0.22249348451787745	0.0839922167813761	0.07000854365621455	0.0914764175120309	5.479391962714472	0.010487769255035539	5.216123448066258e-7	NaN	-0.0064434945300076854	0.1165842728298109	-0.0001259158603195757	0.00006836268575031232	NaN	17.575685837446454	976.2796465885747	93.2040572687785	93.41118164401583	92.9969353090922	0.41425130190948994	0.00028426672922958257	47.40855975737639	158
DATA	2026-09-13T060000_AIU-1657.ghg	2026-09-13	06:30:00	256.27	1	18000	18000	0.14371888321776202	1	NaN	36.68121077118762	1	NaN	76.85763927959273	1	NaN	31.79430934700767	1	NaN	1.7426621633614616	1	NaN	0.17081606048938486	1	NaN	NaN	NaN	NaN	NaN	NaN	NaN	NaN	NaN	NaN	-8.105746880283516e-10	-4.505021951017298e-11	-3.786099007690008e-12	NaN	17.628509457683215	449.92491053835425	461.4642779226665	0.1	1	979.7594625580161	25.0059819066776	25.647318283632927	0.1	1	0.08234069377016355	2.0190524105121184	2.0708356903158585	0.2	0	NaN	NaN	NaN	NaN	9	303.38084282514785	295.3673425777139	97161.45502990106	1.1351757453963358	1019.4879954537893	0.025274262159159577	0.11292450818582271	0.017828722312104184	2430.269305702139	2671.163607922948	0.015705693487909622	90.98167175135616	240.8943022208091	293.78710236895665	0.03735611173492579	-0.35197298826106077	0.17466556629429386	0.3947005492752746	1.7616370248697405e-14	-4.5980897589448234e-14	0.3947005492752746	2.079401585662629	244.94168024016403	276.058319759836	26.265211624617802	NaN	0.3558159116404628	0.20552613844684867	-105.23591408764088	-0.019034376404350045	0.47726174151340645	0.08907853738583206	0	20.58853416674689	-3.1243894908770145	7.067377535431743	17.598769343696468	26.83923366476055	37.64240683299805	56.39518478043896	0.14058787104232362	1.0222708556024425	40.59567882920111	1.026039442802775	70.13551774000297	1.0958447553564676	29.013516003610647	1.0958447553564676	1.5902454748661827	1.0958447553564676	0.12035479245168978	1.3193036904874882	NaN	NaN	800000009	800000009	800000009	800000019	800000019	800000019	899999999	899999999	89999	89999	89	89	7	0	1	1	0	0	3	NaN	0	0	0	0	0	0	0	0	0	NaN	NaN	NaN	NaN	0	0	0	0	0	0	301	0	18000	0	0	16	18000	18000	18000	18000	93	NaN	0.25769620603944093	0.059913725942657745	0.09344234491159864	0.04590944128765626	19.484486171602573	0.03645905721717887	0.0000022789082842350414	NaN	0.03507798099107909	0.7521074394861889	0.04122338885460349	0.00012035479245168978	NaN	17.629808100258433	979.8306246031142	92.87148459540472	93.00844211451215	92.73452569368153	0.2739154062097283	0.00028395105855856344	46.905061762385884	232
DATA	2026-09-13T063000_AIU-1657.ghg	2026-09-13	07:00:00	256.291	1	18000	18000	0.03869473474654811	1	NaN	24.05366024478676	1	NaN	27.810710090711982	1	NaN	5.806648135186809	2	NaN	0.6305003730849198	1	NaN	0.12084711222232561	1	NaN	NaN	NaN	NaN	NaN	NaN	NaN	NaN	NaN	NaN	1.4974107689439345e-10	8.258233644006025e-12	7.000667720707028e-13	NaN	17.73822611919065	452.62651323921506	464.21441557645994	0.1	0	978.2647404479255	24.96239226620106	25.601466105721943	0.1	1	0.08292943365353195	2.032291466200206	2.084321107289078	0.3	0	NaN	NaN	NaN	NaN	9	303.29466857231984	295.2415672701842	97165.3248237012	1.1357234690618414	1019.4607417860685	0.02526249353602284	0.0408564241759028	0.017805934940773475	2426.129561975389	2650.782165829871	0.015678054936631693	91.52504469245399	224.65260385448164	293.7594398523837	-0.14250693012927682	-0.5483568463860404	0.2393941141073533	0.6150715389144008	3.395881349098642e-15	8.441716544158348e-15	0.6150715389144008	1.7353759585882131	265.5677712588865	255.43222874111353	22.90556665902207	NaN	0.18458212300352092	0.15383693659019387	-22.404086918488364	-0.08940779453712064	0.8649063675946924	0.11255075922420477	1	2.8083660357088367	1	2	4	7	12	35	0.03805377534202316	1.0168435168065213	25.35839411286556	1.0228342868840155	25.441030420688488	1.0931440130701815	5.311878458610754	1.0931440130701815	0.5767770445122867	1.0931440130701815	0.08747396507109169	1.311544041650353	NaN	NaN	800000009	800000009	800000009	800000019	800000019	801001019	899999999	899999999	89999	89999	89	89	6	0	0	1	3	0	1	NaN	0	0	0	0	0	0	0	0	0	NaN	NaN	NaN	NaN	0	0	0	0	0	0	301	0	18000	3001	0	16	18000	18000	18000	18000	93	NaN	0.2017416151888933	0.06754216210297598	0.038390095888518494	0.09146105234498768	20.229735562938117	0.04705893941000402	0.0000022689613106023106	NaN	0.021901741088588934	0.1376277342551779	0.01494396350088642	0.00008747396507109169	NaN	17.739414154844127	978.3333882115089	92.87610681533813	93.01262578243681	92.7395889362759	0.2730350797176386	0.0002833484795054473	47.887418497163075	255
DATA	2026-09-13T070000_AIU-1657.ghg	2026-09-13	07:30:00	256.312	1	18000	18000	0.013177234812915576	0	NaN	17.25522918629968	0	NaN	3.0037163497382973	0	NaN	5.399325269611393	0	NaN	0.06808525900471459	0	NaN	0.14548205267718559	0	NaN	NaN	NaN	NaN	NaN	NaN	NaN	NaN	NaN	NaN	-1.1306299657443295e-10	-6.0384021874683755e-12	-5.200166713110495e-13	NaN	18.040144436567246	459.8714444605884	471.45052598995653	0	0	963.4774499922142	24.560544301131667	25.178953094054304	0.1	1	0.08297299863000113	2.0312670164704483	2.0824121933996573	1.4	0	NaN	NaN	NaN	NaN	9	302.3661453806559	295.0534512320308	97182.62324098466	1.1368242507450503	1019.2261300732674	0.02524190345696054	0.004411924783505505	0.017533583259445838	2387.4983728350267	2620.552269385077	0.01542330157713886	91.10668772866195	233.05389655005047	293.49928658197115	-0.1342321009822569	-0.753041809731845	0.21409670453322527	0.7943095259596933	4.40735267494737e-15	-6.267299963810436e-15	0.7943095259596933	2.0735230351086864	261.1070001400806	259.8929998599194	15.63678477174725	NaN	0.10766275225492059	0.10022147327739055	-6.197793041904284	-0.32319569021693945	5.7446267147705425	0.1383220368989582	1	9.172048987629276	4	7	12	19	32	76	0.012986324476841242	1.0147008752487887	17.19810464596493	1.0218395683731327	2.7475794165487564	1.0932227587842664	4.938906756401401	1.0932227587842664	0.06227940139156061	1.0932227587842664	0.11013186289652767	1.3085066562248433	NaN	NaN	800000009	800000009	800000009	800000019	800000019	800000019	899999999	899999999	89999	89999	89	89	9	0	0	5	1	0	3	NaN	0	0	0	0	0	0	0	0	0	NaN	NaN	NaN	NaN	0	0	0	0	0	0	301	0	18000	3001	0	16	18000	18000	18000	18000	93	NaN	0.1264629581681848	0.04389856056374031	0.030081427822855965	0.06198426947893553	15.44242348079536	0.00943392382883578	0.000006335393102594731	NaN	0.014842829836838342	0.12780726554320954	0.0016116441115650827	0.00011013186289652766	NaN	18.041516407171866	963.5480396426105	92.92446156989202	93.05529305352107	92.79362671322292	0.2616611452019849	0.0002830352250667702	46.85414143933189	147
DATA	2026-09-13T073000_AIU-1657.ghg	2026-09-13	08:00:00	256.333	1	18000	18000	0.031670053965092725	1	NaN	17.58128815622909	1	NaN	11.906648553026196	1	NaN	-2.4986364551769333	1	NaN	0.26995227987491555	1	NaN	0.1519750738848426	1	NaN	NaN	NaN	NaN	NaN	NaN	NaN	NaN	NaN	NaN	-2.971237118285675e-10	-1.599166720899015e-11	-1.3649800052665256e-12	NaN	18.00784550196561	459.2048802078741	470.8417971649331	0.1	1	969.2106720331307	24.71513155188869	25.34144879251105	0.1	1	0.08272765878171986	2.0275943914745476	2.0789765709180825	0.9	0	NaN	NaN	NaN	NaN	9	302.4589662670559	295.2991045195273	97215.04801383553	1.1361904918961596	1019.3195108844906	0.025254493055704097	0.017492907735894528	0.01763514623768262	2403.3271946850386	2660.0889457049357	0.015521293624145517	90.34762535160816	256.761751019897	293.60632506196595	-0.19137189504853488	-0.606071238295247	0.2600814449881119	0.6867225830932421	5.0548520823479736e-15	-1.6499681308135147e-14	0.6867225830932421	1.9584351249642227	268.52393312893696	252.4760668710631	22.254948049995374	NaN	0.1669547679901214	0.10996019299700774	-22.689491412288383	-0.08828315997048496	1.47659419675746	0.09092647981986138	1	4.113145789325919	2	3	6	10	18	49	0.031176222183678833	1.0158400135367402	18.03986424603116	1.0223294574490325	10.893387000524143	1.093016208131897	-2.2860012839584685	1.093016208131897	0.24697921025004577	1.093016208131897	0.11449126330528488	1.3101173040082785	NaN	NaN	800000009	800000009	800000009	800000019	800000019	800000019	899999999	899999999	89999	89999	89	89	6	3	0	15	0	0	0	NaN	0	0	0	0	0	0	0	0	0	NaN	NaN	NaN	NaN	0	0	0	0	0	0	301	0	18000	0	0	21	18000	18000	18000	18000	93	NaN	0.13799700757982317	0.05288693456445588	0.029036443849736412	0.038421971587637674	19.375228947300496	0.009925871931107484	0.000007974864937354612	NaN	0.01557656806924044	-0.05919521347837388	0.006395441322830533	0.00011449126330528488	NaN	18.009180020435604	969.2814393008814	93.04194610341389	93.20489780934649	92.87899105411104	0.3259047599360471	0.0002830886932497378	47.60890817705791	049
DATA	2026-09-13T080000_AIU-1657.ghg	2026-09-13	08:30:00	256.354	1	18000	18000	0.07458224313190726	1	NaN	27.73248469932942	1	NaN	32.23573726672076	1	NaN	0.42759398909206686	1	NaN	0.7311292638939167	1	NaN	0.08676791812610112	1	NaN	NaN	NaN	NaN	NaN	NaN	NaN	NaN	NaN	NaN	-6.454958905886748e-10	-3.4988260603907883e-11	-2.9635611802511253e-12	NaN	18.029491411709945	460.18785883290855	471.9603824875104	0.1	1	977.2650039546114	24.94388107864846	25.58199532786117	0.1	1	0.08277589621629748	2.0324086011819293	2.08440166852167	0.6	0	NaN	NaN	NaN	NaN	9	302.47011846076117	295.67736562136224	97236.04110008267	1.1348829013220776	1019.4579074558303	0.02528138321927131	0.047377176300325806	0.01777943638764539	2426.094845502523	2721.9875368460234	0.015666317967195826	89.1295354097634	295.89269134350025	293.7592076958659	-0.11679762805203456	-0.4806318549327055	0.18942593981623732	0.5296516332174779	-2.0326934141291618e-14	-3.580222402554476e-14	0.5296516332174779	1.7923921581613507	264.65860820171906	256.34139179828094	20.955484927613135	NaN	0.2563552371183096	0.17462244433586213	-52.08405264621941	-0.038458988850311696	0.8603024795080344	0.09350314878713524	0	18.71728364447924	-2.8404200047921804	6.42503778471753	15.999252541822893	24.399869618457387	34.22116407354868	51.26953969472808	0.0732338315552911	1.0184124133338306	29.218271524386857	1.0237023632978897	29.474637574399342	1.0936771380259351	0.39096912079909185	1.0936771380259351	0.6685055748843668	1.0936771380259351	0.059362378219866486	1.3137797651694092	NaN	NaN	800000009	800000009	800000009	800000019	800000019	800000019	899999999	899999999	89999	89999	89	89	10	11	0	19	1	0	1	NaN	0	0	0	0	0	0	0	0	0	NaN	NaN	NaN	NaN	0	8	0	0	0	0	301	0	18000	0	0	16	18000	18000	18000	18000	93	NaN	0.19862938759675175	0.08906467297221195	0.06155082810276057	0.02848647973278026	25.310369731406336	0.03393580000148045	0.0000011528414276361898	NaN	0.02525423218614001	0.010137168317924328	0.017333219360707457	0.00005936237821986649	NaN	18.0308463186004	977.3346655516239	93.19282257927789	93.39700739712185	92.98863790808784	0.40836872816913633	0.00028408035569656127	46.57575379259272	016
DATA	2026-09-13T083000_AIU-1657.ghg	2026-09-13	09:00:00	256.374	1	18000	18000	0.10011182371668569	1	NaN	39.11432240786231	0	NaN	27.366565535982428	0	NaN	-2.9890180880178385	2	NaN	0.6213099881146764	0	NaN	0.008173339330462014	2	NaN	NaN	NaN	NaN	NaN	NaN	NaN	NaN	NaN	NaN	-2.829141884423353e-10	-1.5794935643796668e-11	-1.320269324005616e-12	NaN	17.833503834378217	457.6001680028255	469.5972280425493	0.1	1	995.634213039188	25.547552931119125	26.217341860000737	0.1	1	0.08322321401305445	2.053328453322504	2.1071612673341265	0	1	NaN	NaN	NaN	NaN	9	302.3390369517008	296.7025431082826	97270.83521025264	1.1311055942751538	1019.823946656816	0.02535996466022176	0.04026088722983103	0.018153294686121244	2485.6983946652226	2896.1169131605557	0.01604916002360895	85.82866193590783	410.41851849533305	294.15356818473555	-0.09804604513977276	-0.17400933578758357	0.2264770859200137	0.30196712793882363	7.4536321414947e-15	-1.5864195340960006e-14	0.30196712793882363	1.5997139433115546	280.3992061140402	240.60079388595972	48.59087702434219	NaN	0.297502836823268	0.1355641171206969	-57.73926440512608	-0.0346921634807347	1.429274066430936	0.11397676968260499	0	18.443059794042394	-2.798805477526003	6.330905610733664	15.764850118935838	24.042391133650433	33.71979541573878	50.51839808399762	0.0974971656233111	1.0268177856931406	39.94262076043696	1.0289506382118758	24.900034340102724	1.0990573411341538	-2.719619783380339	1.0990573411341538	0.5653117129207527	1.0990573411341538	-0.004893131536957185	1.325863825579179	NaN	NaN	800000009	800000009	800000009	800000019	800000019	800001019	899999999	899999999	89999	89999	89	89	5	0	1	14	13	0	4	NaN	0	0	0	0	0	0	0	0	0	NaN	NaN	NaN	NaN	0	6	0	0	0	0	301	0	18000	0	0	16	18000	18000	18000	18000	93	NaN	0.10485111046564695	0.08026565711394686	0.08601146666180003	0.18152210027264248	5.360162140221222	0.045460883684916215	0.000001962469568142356	NaN	0.03462646852129957	-0.0707781552974273	0.014712247812386217	-0.000004893131536957184	NaN	17.83492710778591	995.7003050089422	93.61416389274598	93.95961148240835	93.26871410920883	0.6908960948967151	0.0002850215283413288	46.770648329001915	157
DATA	2026-09-13T090000_AIU-1657.ghg	2026-09-13	09:30:00	256.395	1	18000	18000	0.05955968554780716	1	NaN	-7.75181670710746	0	NaN	21.158802500250395	1	NaN	5.430174156320073	2	NaN	0.4808651433430891	1	NaN	0.09151076314815182	1	NaN	NaN	NaN	NaN	NaN	NaN	NaN	NaN	NaN	NaN	-3.559899315730634e-11	-2.0183058309752213e-12	-1.6597957677605712e-13	NaN	17.58993926648613	453.39119298099126	465.35322802832036	0.1	1	997.2719405622447	25.705280047184	26.383474651724356	0.1	1	0.08201273171032658	2.033172283421499	2.0868144328237386	0	1	NaN	NaN	NaN	NaN	9	303.9065455229016	297.7568238193255	97312.43954097037	1.1275148117779075	1019.9344775358693	0.02543919610803323	0.031160061288632173	0.018208482391491174	2502.1144962170342	3085.2558033392784	0.01614921790941208	81.09909374480098	583.1413071222441	294.26072834286254	0.07056202289271837	0.1427025511701708	0.10055300828917563	0.18829212586083005	-2.4146957535692635e-14	-2.023826951189798e-15	0.18829212586083005	2.0315593367900426	97.31097967085145	63.68902032914854	32.27792350222924	NaN	0.22983442055403122	0.15820259343129245	134.37824104484392	0.014906431163446596	-0.36636367804915826	-0.02932877315223189	0	14.963166448882896	-2.2707182368836	5.136370834527951	12.790289626861576	19.50599869974758	27.35744052572896	40.98643108590712	0.05826057594567164	1.022298262264811	-6.372637861814212	1.0258333640154538	19.098873921309938	1.1078560226863456	4.901516122242047	1.1078560226863456	0.43405021365238433	1.1078560226863456	0.0673508467491296	1.4103967601930116	NaN	NaN	800000009	800000009	800000009	800000019	800001019	810001019	899999999	899999999	89999	89999	89	89	3	1	0	17	38	5	0	NaN	0	0	0	0	0	0	0	0	0	NaN	NaN	NaN	NaN	0	1	0	0	0	0	301	0	18000	8997	0	16	18000	18000	18000	18000	93	NaN	0.08133143285527523	0.1484916890683653	0.08658206493894441	0.658383989453391	5.756485495512269	0.16084133266029124	4.3481425585592313e-7	NaN	-0.005541466485130801	0.12798130766758045	0.011333292098040688	0.00006735084674912959	NaN	17.591208833874287	997.331570017306	93.72824645233155	94.16389642800225	93.29259819030761	0.8712995815806909	0.00028635982950315044	45.28645583242839	020
DATA	2026-09-13T093000_AIU-1657.ghg	2026-09-13	10:00:00	256.416	1	18000	18000	0.3735523793631712	1	NaN	-19.902478325975842	2	NaN	275.89070306849203	1	NaN	46.05592074411707	1	NaN	6.272410443382302	1	NaN	0.11410323045631059	1	NaN	NaN	NaN	NaN	NaN	NaN	NaN	NaN	NaN	NaN	1.0869385462950433e-9	6.131607278293143e-11	5.20458154412842e-12	NaN	16.96741615843221	437.5789051920668	448.6537335501774	0	0	957.1611271446366	24.68457861807139	25.30932873295052	0.1	1	0.08124498049198067	2.016805408447719	2.067849399520515	0.9	0	NaN	NaN	NaN	NaN	9	304.36738372378875	298.14864105167703	97332.35437913159	1.126702465793148	1019.356088746932	0.025467459587467947	0.40645219673117317	0.017466057530840122	2403.252627957206	3158.245881939231	0.015501925362828422	76.09453848101141	754.9932539820247	293.60582227262074	-0.324308849239278	-0.5675682293272036	0.3225926738819397	0.7289553881267195	1.2283480189105664e-14	6.406034579135804e-14	0.7289553881267195	4.685771811296584	280.74367484408003	240.25632515592002	26.26612207290908	NaN	0.575799298080201	0.6242451939977768	822.9620384256401	0.002434012635421206	-0.07213899600319224	-0.03009545144960304	0	21.549885869334467	-3.270278320663285	7.39737846563347	18.420518319849148	28.092452702638283	39.40006435272787	59.028476032129	0.3692840139678462	1.0115584894928504	-3.270732061826579	1.0203822494976298	250.82769136635886	1.0999212310475168	41.87201723550279	1.0999212310475168	5.702599664713021	1.0999212310475168	0.07610482002364985	1.3760826822011991	NaN	NaN	800000009	800000009	800000009	800000019	800000019	800000119	899999999	899999999	89999	89999	89	89	4	0	0	2	2	0	2	NaN	0	0	0	0	0	0	0	0	0	NaN	NaN	NaN	NaN	0	0	0	0	0	0	301	0	17702	6005	0	21	18000	18000	18000	18000	93	NaN	0.6795282010433782	0.3506457712062029	0.21831641574597246	0.1314221279055709	67.16734418533099	1.0645077468389785	5.06277311613264e-7	NaN	-0.0028478020746316667	1.0933705373984504	0.14890742963032766	0.00007610482002364986	NaN	16.96858384275429	957.2141760255968	93.758438527849	94.19984950722589	93.31702545462716	0.8828238145808374	0.0002869377962876266	46.538843401852354	072
DATA	2026-09-13T100000_AIU-1657.ghg	2026-09-13	10:30:00	256.437	1	18000	18000	0.027662795926550552	1	NaN	95.09976864384952	1	NaN	7.3771659477966915	2	NaN	-7.615845714398111	1	NaN	0.16786218412957787	2	NaN	0.03900948431373092	2	NaN	NaN	NaN	NaN	NaN	NaN	NaN	NaN	NaN	NaN	-3.3136678339626415e-10	-1.8104672099609067e-11	-1.6075390805579284e-12	NaN	16.58333179908504	429.06995130242393	439.3700222132153	0.1	1	906.0527475453645	23.442816737717695	24.005575033921446	0.1	1	0.08044968683843275	2.003816135781551	2.0519188943832374	0.2	0	NaN	NaN	NaN	NaN	9	304.88484510040286	299.01602320135703	97351.75624072232	1.1241906629263438	1018.66430356316	0.025536459873912155	0.010877469531596646	0.01654260484567995	2282.8115564710097	3325.2057918763417	0.014715123858633052	68.65173764727712	1042.394235405332	292.7752901794798	-0.400974582302843	-0.09793511095152904	0.24887385410529303	0.48198557744732573	-4.215669684256751e-14	-1.9981918435386232e-14	0.48198557744732573	4.271298242274791	327.2746400525448	193.7253599474552	31.087817077909843	NaN	0.15686572082462577	0.6304453416262199	-3.4821784436143957	-0.5752433519520737	12.891097925247646	0.5293956266968884	1	1.941450586385357	1	2	3	4	7	17	0.027132820251842417	1.0195326423788234	93.9814718658222	1.0243592103762287	6.741971934043946	1.0942148706590278	-6.960100724834064	1.0942148706590278	0.15340879440660243	1.0942148706590278	0.006707563455130069	1.315381098564247	NaN	NaN	800000009	800000009	800000009	800000019	800001019	810011019	899999999	899999999	89999	89999	89	89	54	12	1	11	2	0	3	NaN	0	0	0	0	0	0	0	0	0	NaN	NaN	NaN	NaN	0	0	0	0	0	0	301	0	4	14997	0	21	18000	18000	18000	18000	93	NaN	0.19195829356165925	0.9397945206877713	0.12913786900300936	1.0759452881618679	9.55083518640001	0.47036231170306814	3.204452292221582e-7	NaN	0.08206749563380221	-0.1820041677220402	0.00401158561507469	0.000006707563455130069	NaN	16.584597129849367	906.1242996030131	93.79515280659993	94.2675317908393	93.32277576828002	0.9447571662813452	0.00028706825555774334	45.63725936301552	248
DATA	2026-09-13T103000_AIU-1657.ghg	2026-09-13	11:00:00	256.458	1	18000	18000	0.24138845240236628	1	NaN	199.37101701812404	1	NaN	54.02570489502327	0	NaN	-1.42125571178422	2	NaN	1.2299075317392327	0	NaN	0.09612009141606441	1	NaN	NaN	NaN	NaN	NaN	NaN	NaN	NaN	NaN	NaN	-6.202535155490787e-10	-3.353775216852797e-11	-3.0350868646559574e-12	NaN	16.364774705335247	424.5609042880419	434.53631518041976	0.1	1	884.8603749959738	22.95644930904354	23.495830142688053	0.1	1	0.08007776095754665	1.9985905070037502	2.045549050081099	1.3	0	NaN	NaN	NaN	NaN	9	305.76235067579483	299.51041615622967	97355.13912536376	1.1225822566977826	1018.3981726489885	0.025577793039937676	0.07969800805670228	0.016173218032959093	2235.527812168483	3423.771047214588	0.014407156300986492	65.29431382356009	1188.2432350461054	292.43870109638067	-0.3917835543641938	0.21871357154214702	0.22663048612960704	0.5026841524161535	-2.2097620996405262e-15	-3.7901744858538354e-14	0.5026841524161535	3.5010257891895957	10.172483850129083	150.82751614987092	26.79763659356737	NaN	0.46371287942342676	0.5952824124782328	-42.90517346697821	-0.04668667757611276	3.690299227109014	0.3760772659597591	0	19.05141617774599	-2.8911259058069727	6.5397346708746955	16.284864005735848	24.83544512192518	34.83206491046602	52.18478046913779	0.2368829099128938	1.0190201247153257	199.36990849369198	1.0240557843291929	49.385610829066124	1.0939563971784712	-1.2991886289525965	1.0939563971784712	1.1242747287838952	1.0939563971784712	0.023412483165599015	1.3146480779349483	NaN	NaN	800000009	800000009	800000009	800000019	800011019	800011019	899999999	899999999	89999	89999	89	89	81	31	2	19	20	2	4	NaN	0	0	0	0	0	0	0	0	0	NaN	NaN	NaN	NaN	0	2	0	0	0	0	301	0	0	6005	0	16	18000	18000	18000	18000	93	NaN	0.39034086732913853	0.6075439199621773	0.19268003766514985	1.286789473749924	1.2308633973321252	0.14005898688904236	3.3211270474557597e-7	NaN	0.17439090224620807	-0.03401136754213494	0.02943230887868118	0.000023412483165599014	NaN	16.36596541031446	884.9242850290449	93.7754746606615	94.27490650939941	93.27604705810546	0.9988595634367737	0.00028893815357554955	46.80974100589578	247
DATA	2026-09-13T110000_AIU-1657.ghg	2026-09-13	11:30:00	256.479	1	18000	18000	0.5306709243529981	1	NaN	-56.56729852314872	1	NaN	219.27639946691778	1	NaN	3.531178087299967	1	NaN	4.9934456861607215	1	NaN	0.0404844078622344	1	NaN	NaN	NaN	NaN	NaN	NaN	NaN	NaN	NaN	NaN	1.5011223942312228e-11	8.110450725840048e-13	7.387611001122912e-14	NaN	16.286193289538257	422.9535520242704	432.8448624045521	0.2	0	879.9307018129854	22.85186042253849	23.38628043893129	0.4	0	0.08015073332766115	2.003248595288067	2.0500971287263687	0.2	0	NaN	NaN	NaN	NaN	9	306.6167696473864	299.8334515166017	97347.93560326501	1.1213345664368601	1018.3460771815732	0.025607274570960892	0.3235752804632147	0.01608099802767298	2225.1781572493765	3489.540063669367	0.014340945609811865	63.767090122172945	1264.3619064199906	292.36419555742435	-1.1740773239987317	-1.1001438513075315	0.7173626842955364	1.7616422103019904	4.654444559709031e-15	9.217147110709395e-16	1.7616422103019904	6.230957632251327	297.8619932971617	223.13800670283834	24.029846699588127	NaN	0.6879312553716778	1.5181521158661875	493.70333557983867	0.004057294848225855	-0.2579725800891903	-0.07200949949737527	0	22.79462788315457	-3.459172723505909	7.824658119183971	19.484505071708785	29.715099632754384	41.6758497440948	62.43801725079129	0.5248451935612038	1.011099903101456	-42.73588955033206	1.0237820094573165	196.33599916915142	1.116842557630006	3.1617510124195998	1.116842557630006	4.471038153092102	1.116842557630006	0.03245913255149072	1.3826739176006875	NaN	NaN	800000009	800000009	800000009	800000019	800001019	810001019	899999999	899999999	89999	89999	89	89	9	0	0	9	20	6	6	NaN	0	0	0	0	0	0	0	0	0	NaN	NaN	NaN	NaN	0	0	0	0	0	0	301	0	0	0	0	16	18000	18000	18000	18000	93	NaN	1.451448924990823	1.3140448794188437	0.2708104273227084	0.19599151892333933	0.6665585629605656	0.37223289513738894	8.871498777996582e-8	NaN	-0.037425028824060985	0.08285778882433549	0.11716935763102654	0.00003245913255149072	NaN	16.28729739273919	879.974425041775	93.76464251073202	94.27119398540921	93.25809200625949	1.0131014462808807	0.0002888501404878399	47.18578593057173	180
DATA	2026-09-13T113000_AIU-1657.ghg	2026-09-13	12:00:00	256.499	1	18000	18000	0.5744808626343026	1	NaN	-43.03710079568591	2	NaN	302.19145169775743	1	NaN	1.3943071035190415	1	NaN	6.884698462375648	1	NaN	0.06905555694292903	1	NaN	NaN	NaN	NaN	NaN	NaN	NaN	NaN	NaN	NaN	1.4028727820186509e-9	7.392240082544687e-11	6.917825270364106e-12	NaN	16.25690714359993	422.4949462296536	432.1150257172694	0.1	0	856.6347722008107	22.262774759214665	22.769691267233952	0.4	0	0.08016581724119813	2.0073039118769036	2.0530096022298516	0	0	NaN	NaN	NaN	NaN	9	307.2585750478109	300.29339187512585	97337.81957821593	1.1197522861764582	1018.0220345698724	0.025649221144137285	0.446128460361942	0.015640833917735686	2167.591230303055	3585.080900586533	0.013968119655413587	60.461431426789524	1417.489670283478	291.9440017985479	-1.69810881548052	-0.7930405112157644	1.1072812466917972	2.17682304308761	2.940651926189274e-13	8.629395306418652e-14	2.17682304308761	9.426572448089138	315.9667690455708	205.03323095442914	30.5751778314675	NaN	0.7162700697955564	2.185848894815185	732.3368886368074	0.002735216580075089	-0.14241667179497283	-0.052709277986989954	0	23.6284324717445	-3.5857057866631217	8.110876252569009	20.197228693189825	30.802048125671337	43.20031046037133	64.72193719688704	0.5678506472652346	1.0116759845233938	-24.531154951887405	1.0257647159592367	268.73031068128483	1.1245156935652028	1.2399178699751916	1.1245156935652028	6.122367612805977	1.1245156935652028	0.04639791565044539	1.383004547842659	NaN	NaN	800000009	800000009	800000009	800000019	800001019	800001119	899999999	899999999	89999	89999	89	89	18	4	0	12	14	9	12	NaN	0	0	0	0	0	0	0	0	0	NaN	NaN	NaN	NaN	0	0	0	0	0	0	301	0	0	14997	0	16	18000	18000	18000	18000	93	NaN	0.9760041851242169	3.127330444824557	0.2683631596815958	0.08656485612917172	0.16264185439419016	0.4082403129265506	7.722574352703245e-8	NaN	-0.02151983116477672	0.0325272691592241	0.16061055659875345	0.00004639791565044539	NaN	16.25804277258228	856.6829230076851	93.80316070175171	94.30483857790628	93.30148287264505	1.0033545765810552	0.0002889197023614543	45.5513731753032	154
DATA	2026-09-13T120000_AIU-1657.ghg	2026-09-13	12:30:00	256.52	1	18000	18000	1.18527616404919	1	NaN	-1.6405846865190121	1	NaN	378.83308295871257	1	NaN	-2.729652760561992	2	NaN	8.636679641633107	1	NaN	0.1393343568054211	1	NaN	NaN	NaN	NaN	NaN	NaN	NaN	NaN	NaN	NaN	5.1017861840104335e-11	2.6340958290786764e-12	2.519476048624435e-13	NaN	16.216989679339413	422.3931992036452	431.8103446203825	0.1	1	837.297043306912	21.80852203764651	22.29473730754157	0.4	0	0.08008629841434717	2.0112947322637296	2.0561360199675915	0.3	0	NaN	NaN	NaN	NaN	9	307.455716094123	300.9940296675069	97323.75055440984	1.1171778057968813	1017.7815070028222	0.02571278180711525	0.5596568407778253	0.015283821750592076	2123.056493464221	3734.998971081602	0.013680742377163631	56.84222431925903	1611.942477617381	291.6122800504264	-1.4194930287308645	-2.3354762521926387	1.0497900051792575	2.9277070956887035	1.3582873883942898e-13	3.1459514280323887e-15	2.9277070956887035	10.55984182279532	282.29106512466217	238.7089348753378	21.0124442087756	NaN	1.03002703981639	2.9069311569005785	57121.35598282572	0.000035067444838008715	-0.004330626759695675	-0.001400790452083413	0	23.41629123435721	-3.5535125354434687	8.038055030654574	20.015893554183414	30.525500597126786	42.81244861944991	64.14084948150563	1.169611237346437	1.0133932765029627	20.62380937333834	1.029169821907045	336.6820835706875	1.125195255241954	-2.425936963247349	1.125195255241954	7.675716371356309	1.125195255241954	0.08965341385182879	1.3107667909913214	NaN	NaN	800000009	800000009	800000009	800000019	800001019	800001019	899999999	899999999	89999	89999	89	89	19	4	3	20	33	19	13	NaN	0	0	0	0	0	0	0	0	0	NaN	NaN	NaN	NaN	0	0	0	0	0	0	301	0	0	18000	0	16	18000	18000	18000	18000	93	NaN	3.558846675030711	1.6873945260208778	0.5676211127495675	0.047413193506979534	0.32673447111778553	0.38689815076350526	1.6411375521956483e-7	NaN	0.018138109985047463	-0.06376866110544473	0.2017654058790265	0.00008965341385182879	NaN	16.218116239995663	837.3471404120344	93.79041846296522	94.30998660172357	93.27085313966538	1.0391257144974364	0.0002897609043025619	45.53399515061907	194
DATA	2026-09-13T123000_AIU-1657.ghg	2026-09-13	13:00:00	256.541	1	18000	18000	1.183556603669993	1	NaN	21.822009143266566	1	NaN	42.26101916273629	2	NaN	-1.8481332207077332	1	NaN	0.9638282275362343	2	NaN	0.08851536272497794	1	NaN	NaN	NaN	NaN	NaN	NaN	NaN	NaN	NaN	NaN	8.303893123320975e-10	4.159864822569628e-11	4.102515922003425e-12	NaN	16.204776470665742	422.8369808814326	431.9874112718244	0.1	1	811.7840463120904	21.182169090186502	21.64056315821058	0.2	0	0.08005925954984498	2.0136042533292975	2.057179783349112	0	0	NaN	NaN	NaN	NaN	9	307.81908900027804	301.37414762864535	97283.1643096891	1.1155697754019807	1017.4364078555493	0.02575599468997746	0.06245606914434798	0.014819955437160137	2061.2211885302295	3818.5953554487087	0.013284651273220417	53.978518189655716	1757.3741669184792	291.1414262757866	-1.9623377457335487	-1.7910307618598431	1.3216021355073255	2.9673545158671164	1.8644366299738587e-13	5.124349069765246e-14	2.9673545158671164	9.99117071666565	298.61321540246513	222.3867845975349	26.44769203091158	NaN	1.030021160524889	3.0672953987562837	-4292.616324243539	-0.0004666384900712024	0.5163625860331393	0.018665712530377587	0	24.00367869014135	-3.6426508480140196	8.239686136394393	20.51798351678123	31.291219470061524	43.886380226243844	65.74979472444384	1.167820594564909	1.0134746802533883	23.824030003169256	1.0293991430430518	37.53393990005632	1.125941461921318	-1.6414114616172495	1.125941461921318	0.8560198377378767	1.125941461921318	0.061571877306848016	1.3110261355682178	NaN	NaN	800000009	800000009	800000009	800000019	800001019	800011019	899999999	899999999	89999	89999	89	89	23	0	0	24	26	11	11	NaN	0	0	0	0	0	0	0	0	0	NaN	NaN	NaN	NaN	0	0	0	0	0	0	301	0	0	18000	0	21	18000	18000	18000	18000	93	NaN	2.124706790329697	3.4763595307323594	0.5335244764505107	0.02730120729624769	0.27975554010464354	0.3164307135267349	1.3135791945868123e-7	NaN	0.020989940803999053	-0.04319131605786771	0.022524896546727464	0.00006157187730684802	NaN	16.205923117586718	811.8250032050402	93.78977700784472	94.31806231456332	93.26149739117093	1.05656361965007	0.00029019184054050127	44.78310336743462	005
DATA	2026-09-13T130000_AIU-1657.ghg	2026-09-13	13:30:00	256.562	1	18000	18000	0.933682180564121	1	NaN	-13.495129684030506	2	NaN	244.26268315506218	1	NaN	-0.5256625896655034	1	NaN	5.57345918636509	1	NaN	0.11251843341810724	1	NaN	NaN	NaN	NaN	NaN	NaN	NaN	NaN	NaN	NaN	1.1026584759771897e-9	5.5861662471679884e-11	5.472308200799204e-12	NaN	16.14016885232198	422.43310415624416	431.6712302505315	0.1	1	817.6753585150718	21.4008380612387	21.868849773834082	0.3	0	0.08010093813913835	2.0193761171334668	2.0635375500759268	0.1	0	NaN	NaN	NaN	NaN	9	308.0914397523668	301.86581126740646	97239.3655854056	1.113158566980558	1017.5727590332853	0.025809633164183186	0.36116015527645784	0.014941828348271255	2081.5621233421016	3929.1353735362045	0.013422910977365027	52.97761276849835	1847.573250194103	291.297666776153	-1.3402870013989778	-0.9686420911340682	0.9811936215534932	1.9228566430738208	1.2187095740398043e-13	6.831765429879982e-14	1.9228566430738208	8.507962216422765	305.1438922143129	215.85610778568713	30.68242446810912	NaN	0.9158429753153715	2.389463870620789	4878.0552818674705	0.000410634952712785	-0.0552484297221265	-0.013008689222072004	0	24.9292261093163	-3.7831062396586144	8.55739661472552	21.30912752998745	32.49776400838878	45.578576096704865	68.28501249685495	0.922641141396963	1.0119667752409576	1.3336984292655205	1.0239328157542704	220.62672542171174	1.1071309819251136	-0.47479710914734313	1.1071309819251136	5.034146164597242	1.1071309819251136	0.07884165679915073	1.305829523340066	NaN	NaN	800000009	800000009	800000009	800000019	800001019	800001119	899999999	899999999	89999	89999	89	89	24	0	4	20	56	12	3	NaN	0	0	0	0	0	0	0	0	0	NaN	NaN	NaN	NaN	0	0	0	0	0	0	301	0	0	12001	0	21	18000	18000	18000	18000	93	NaN	1.2899916015046111	3.105205381323309	0.383730758413657	0.044701033442077376	0.3031493715130318	0.36355910669116903	2.091079308388259e-7	NaN	0.0011774301013769421	-0.012522400975366459	0.13277165262210314	0.00007884165679915072	NaN	16.14134394364182	817.7158294235155	93.7330051205953	94.28912802844579	93.1768765366872	1.1122504530151676	0.0002908297519024927	46.08963930479687	230
DATA	2026-09-13T133000_AIU-1657.ghg	2026-09-13	14:00:00	256.583	1	18000	18000	0.35688110773695225	1	NaN	-5.557547898756011	2	NaN	87.20415120228648	1	NaN	0.860721264250327	1	NaN	1.9900453905806783	1	NaN	0.0555524066964936	1	NaN	NaN	NaN	NaN	NaN	NaN	NaN	NaN	NaN	NaN	-9.694866627931653e-10	-4.9183139765696763e-11	-4.818079764407543e-12	NaN	16.1291468347646	422.42390136429844	431.6747057126478	0.1	1	818.2496093243476	21.4300356864256	21.89933930933377	0.2	0	0.0801573853092981	2.0221355468630775	2.066418979333297	0.8	0	NaN	NaN	NaN	NaN	9	308.429936776903	302.0031364920746	97202.12091849078	1.112213849232522	1017.5927777976947	0.02583126842366531	0.12895494130962795	0.014949682042410591	2083.6036748284823	3960.5030878091306	0.013441373754450684	52.609570769987435	1876.8994129806483	291.3132740705825	-1.1176005648736331	-0.7344997777564423	0.6976986923979942	1.5084112209555187	-1.1356139801027153e-14	-6.010774610244997e-14	1.5084112209555187	8.049298770696215	307.6866284172529	213.31337158274712	27.5510523377576	NaN	0.566457889374067	1.461390335405254	2801.9818446346367	0.0007148868590407277	-0.0637303135473933	-0.008668685959139732	0	21.921887079775082	-3.3267309395375033	7.525074443235786	18.738499359446134	28.57739385142173	40.08020120911417	60.04744498015782	0.35310398142328275	1.0106969236043297	-0.26904210758019365	1.0223035545446935	78.52965868906736	1.110461355085792	0.7751024025359526	1.110461355085792	1.7920888299862823	1.110461355085792	0.038339509331817935	1.3757933385349457	NaN	NaN	800000009	800000009	800000009	800000019	800001019	800001019	899999999	899999999	89999	89999	89	89	3	0	1	2	19	6	7	NaN	0	0	0	0	0	0	0	0	0	NaN	NaN	NaN	NaN	0	2	0	0	0	0	301	0	0	3004	0	16	18000	18000	18000	18000	93	NaN	0.9023192243972912	1.8180211403606559	0.2024403060525609	0.1467718869131241	0.9239206001623455	0.39374653346561894	4.0273230286024226e-7	NaN	-0.00023771574164569383	0.020460464310599332	0.04730596812420184	0.00003833950933181793	NaN	16.130234817250965	818.2885818812089	93.74122687106663	94.29921633232965	93.18323996183608	1.115976293494305	0.00029109277554703627	46.88081205842357	146
DATA	2026-09-13T140000_AIU-1657.ghg	2026-09-13	14:30:00	256.604	1	18000	18000	0.24808050800246642	0	NaN	-78.92970798782032	1	NaN	215.62746083044516	1	NaN	1.3306477375149652	1	NaN	4.922741353281535	1	NaN	0.2216522970187158	0	NaN	NaN	NaN	NaN	NaN	NaN	NaN	NaN	NaN	NaN	-7.074084159963849e-10	-3.6046510108071886e-11	-3.532855495198123e-12	NaN	16.076976746519946	422.02071177193955	431.29544963547374	0.1	1	819.2140377414305	21.50437216848245	21.976973178857357	0.3	0	0.0802897369620857	2.0294623671573357	2.0740638071678528	0.3	0	NaN	NaN	NaN	NaN	9	308.77022330135776	302.4215262247227	97141.49835795809	1.109950983974107	1017.6457123191849	0.025883197310455772	0.31899363969264344	0.014971442224374458	2089.527276959988	4057.418294239305	0.013488381415519977	51.49893664961004	1967.891017279317	291.35848314586883	-0.6206934293157669	-1.3049808530529112	0.45635051496953266	1.515417814513127	-6.735463895129269e-15	-4.400133353116355e-14	1.515417814513127	4.9907263851664725	276.4373551459512	244.56264485404884	17.525991646345407	NaN	0.47276402449378024	0.8089024717895326	114.64503179632864	0.017472191935526564	-0.3660466421291549	-0.14780722635757584	0	18.43209811539744	-2.7971420005012044	6.327142821174265	15.75548024089936	24.028101478441027	33.69975397112771	50.48837234794087	0.2452919417681288	1.0113683564744806	-64.82182092599534	1.0238708781477868	192.8452018439845	1.1181375464290366	1.190057289252665	1.1181375464290366	4.4026259282707665	1.1181375464290366	0.1697573898873387	1.4017241488195047	NaN	NaN	800000009	800000009	800000009	800000019	800001019	800001119	899999999	899999999	89999	89999	89	89	17	0	0	14	43	4	2	NaN	0	0	0	0	0	0	0	0	0	NaN	NaN	NaN	NaN	0	0	0	0	0	0	301	0	0	0	0	16	18000	18000	18000	18000	93	NaN	0.9644835049169904	0.43579679062661125	0.21752464803546356	0.13491390843387868	0.5279212280446619	0.2589026255332504	0.000001133729169794052	NaN	-0.05738796425088444	0.031479618648123896	0.11645908690609351	0.0001697573898873387	NaN	16.078014490734525	819.2527115572725	93.7186263317532	94.29410469563803	93.14313928667704	1.1509599293702188	0.00029151444796298164	47.212400092813695	199
DATA	2026-09-13T143000_AIU-1657.ghg	2026-09-13	15:00:00	256.624	1	18000	18000	0.2908853779426513	0	NaN	-2.7328741633162865	2	NaN	105.93119717652417	0	NaN	1.39269724189412	1	NaN	2.419202930514473	0	NaN	0.1697118502344985	0	NaN	NaN	NaN	NaN	NaN	NaN	NaN	NaN	NaN	NaN	1.224627395484905e-9	6.099165965245402e-11	6.109107939804203e-12	NaN	16.075778839237575	422.7953063015822	431.8896087404026	0.1	0	800.6422485940428	21.057006824831404	21.50994181646238	0.2	0	0.08019473393083439	2.0298955511478547	2.073558486346541	0.1	0	NaN	NaN	NaN	NaN	9	308.7445543729994	302.7650137242372	97100.75300356836	1.1084157158651429	1017.4020361073956	0.025923468626559504	0.15676434989733784	0.01463721058902199	2045.1996747374094	4138.51857718987	0.013205524226618644	49.41864187851822	2093.31890245246	291.01740855263574	-0.7628731992391369	-2.28517830062841	0.5980805128974294	2.482280339463679	-1.3735840184063242e-14	7.617841771347642e-14	2.482280339463679	6.070335255994605	269.4608297921774	251.53917020782262	13.942023887084938	NaN	0.5122826035237323	1.24865494904375	4211.255856476833	0.00047565383540381886	-0.025798577153453805	-0.004730583901061357	0	16.64789542732438	-2.526382359088092	5.714683775075167	14.230370618451555	21.70221307557309	30.437662415068825	45.60116476605526	0.2872698189009126	1.0125859342118562	3.615030319416215	1.0266872863484509	94.83962770741981	1.1169507909006333	1.2468743056899967	1.1169507909006333	2.1658992949580096	1.1169507909006333	0.12801274902153198	1.308144694936415	NaN	NaN	800000009	800000009	800000009	800000019	800001019	800011019	899999999	899999999	89999	89999	89	89	11	0	0	52	68	11	3	NaN	0	0	0	0	0	0	0	0	0	NaN	NaN	NaN	NaN	0	0	0	0	0	0	301	0	0	0	0	16	18000	18000	18000	18000	93	NaN	1.6950130904851697	0.47285596926048684	0.32944083834184335	0.0369351464487603	0.8131371743211636	0.3507800847783499	3.108963278221609e-7	NaN	0.0032056541586806594	0.03301876990868366	0.05735568544419034	0.00012801274902153197	NaN	16.076903670249678	800.6920549291166	93.70546128781636	94.29071591525607	93.12020584445528	1.1705108705924594	0.00029199316665957063	47.2264900835885	065
DATA	2026-09-13T150000_AIU-1657.ghg	2026-09-13	15:30:00	256.645	1	18000	18000	0.7721949968359028	1	NaN	-2.333572729581925	2	NaN	120.1302714148978	1	NaN	-2.0699415798523657	1	NaN	2.7449601637612355	1	NaN	0.17402566923549115	1	NaN	NaN	NaN	NaN	NaN	NaN	NaN	NaN	NaN	NaN	3.0587400152856286e-10	1.5127724481203344e-11	1.5245671223107599e-12	NaN	16.008460146068053	422.37951035104646	431.3911775090613	0.1	1	791.7363791882375	20.8897808482083	21.335474229147795	0.2	0	0.07979093318017225	2.0246374358780015	2.0678340357145446	0.1	0	NaN	NaN	NaN	NaN	9	309.21556457180446	303.3200553050452	97075.01719553364	1.1061647034218798	1017.3227986383035	0.025977877858384478	0.17787341861172806	0.014490554593664804	2028.4197912766717	4272.548839117433	0.013099816463894397	47.47563732227988	2244.1290478407614	290.88660340511217	-1.4263013133333178	-2.074377146173618	1.0532746086937614	2.728875845893839	-1.202565632208297e-13	1.9107022083175853e-14	2.728875845893839	8.502574140112976	285.5116555488737	235.48834445112624	22.704208922844625	NaN	0.8355137346887213	1.9800082169084747	21392.105786322078	0.00009363734547726313	-0.019425351346476105	-0.0024819279717150367	0	21.933084227868182	-3.3284301499595057	7.528918061836954	18.748070513225308	28.591990464838485	40.10067316697558	60.07811570351336	0.7622800280066354	1.0130069901676357	4.838372767233275	1.028038531211283	107.11680981335317	1.1214885098260494	-1.8457091282847184	1.1214885098260494	2.447604357700462	1.1214885098260494	0.13037864767925184	1.3095269878990794	NaN	NaN	800000009	800000009	800000009	800000019	800001019	800001019	899999999	899999999	89999	89999	89	89	6	5	0	29	70	23	4	NaN	0	0	0	0	0	0	0	0	0	NaN	NaN	NaN	NaN	0	0	0	0	0	0	301	0	0	14997	0	16	18000	18000	18000	18000	93	NaN	2.0314430587569046	1.4887133573514435	0.43986001770860156	0.022092338156320303	0.391009463833574	0.511369334954955	8.134989500465753e-7	NaN	0.004299527700054131	-0.04897087147621525	0.06494052426178602	0.00013037864767925184	NaN	16.00949701053941	791.7554747022683	93.66266852124532	94.27484183862474	93.05049913830227	1.2243344022101827	0.00029344055434598373	45.716096336868574	199
DATA	2026-09-13T153000_AIU-1657.ghg	2026-09-13	16:00:00	256.666	1	18000	18000	0.6387180090467884	1	NaN	-29.492591148405523	1	NaN	254.11920845240275	0	NaN	1.9320442636584139	1	NaN	5.808402286221884	0	NaN	0.25048442497633217	0	NaN	NaN	NaN	NaN	NaN	NaN	NaN	NaN	NaN	NaN	2.833313784422754e-10	1.406591897388136e-11	1.4144555902658033e-12	NaN	15.96820878270724	421.657711599697	430.67303191869087	0.1	0	792.7379315713217	20.933096922344337	21.380660357879556	0.2	0	0.07971698123733721	2.0257205071950266	2.069031749339355	0.1	0	NaN	NaN	NaN	NaN	9	309.35005133226184	303.639974225018	97073.20454214398	1.1049603583206664	1017.3561196216531	0.026005762945744863	0.376384468147178	0.014505031588219666	2032.587873213212	4351.503532869994	0.013127196355048073	46.71001316808394	2318.915659656782	290.91918344764554	-1.535789736467621	-2.6672463947676994	1.2063674129923447	3.3057791487288393	7.876728251056792e-14	1.7743466552686164e-14	3.3057791487288393	8.731808206233499	280.9331641431197	240.0668358568803	21.40307804677469	NaN	0.7602934202362875	1.575689431473226	1275.3991640142558	0.001570567126369553	-0.1160580946557197	-0.034507380999941946	0	19.8687841095894	-3.0151646428898733	6.8203106318881055	16.983537820245648	25.900966772721443	36.32647417600712	54.42367786594056	0.6297834051156266	1.0141867884396247	-14.046737812295087	1.032582308455035	220.98430714670815	1.1499423272789089	1.6801227486166033	1.1499423272789089	5.0510379072368075	1.1499423272789089	0.17833516082888975	1.394004418948356	NaN	NaN	800000009	800000009	800000009	800000019	800001019	800001019	899999999	899999999	89999	89999	89	89	17	9	0	11	42	20	12	NaN	0	0	0	0	0	0	0	0	0	NaN	NaN	NaN	NaN	0	0	0	0	0	0	301	0	0	3004	0	16	18000	18000	18000	18000	93	NaN	1.432704898087957	1.2523467051617136	0.46632725969678096	0.019819521046286034	0.27494395694407	0.43413493335654574	5.78287406240714e-7	NaN	-0.012495561516596894	0.044627312361322904	0.13416534394331822	0.00017833516082888976	NaN	15.96917674689699	792.769691808951	93.65128965483771	94.26915381113687	93.0334264017741	1.2357212331295018	0.00029362546684246307	46.492826318660434	112
DATA	2026-09-13T160000_AIU-1657.ghg	2026-09-13	16:30:00	256.687	1	18000	18000	0.6386558934364975	1	NaN	-27.856072456576978	1	NaN	139.62670693959222	0	NaN	0.7115275886377741	1	NaN	3.191719238695018	0	NaN	0.06635684969126635	0	NaN	NaN	NaN	NaN	NaN	NaN	NaN	NaN	NaN	NaN	2.4160463401685773e-10	1.1983742623167326e-11	1.2024496303588995e-12	NaN	15.965041715569392	421.5152123889287	430.51619577349555	0.2	0	791.8761644040491	20.907421074821695	21.353875542365262	0.2	0	0.0794569135135519	2.0199050617780685	2.063037863074671	0.1	0	NaN	NaN	NaN	NaN	9	309.52019519721136	303.7272281570215	97062.51682497069	1.104532116745422	1017.3440559305018	0.02601610031863337	0.20682340666743715	0.014481483758488485	2029.8712553030014	4373.256286666408	0.013110966660851065	46.41555678984244	2343.385031363407	290.89795551348317	-1.377080323152475	-3.2042880522231685	1.0418608223339563	3.639956883144141	-4.8763928437746803e-14	1.513335438273491e-14	3.639956883144141	8.281571426298036	274.2561814712535	246.74381852874643	16.6323193185378	NaN	0.76040381631224	1.4865146833739784	1350.8069932220087	0.0014828913457296449	-0.19950389912603586	-0.032600885401144725	0	19.70287620364392	-2.9899874780858493	6.763359816549178	16.841722237582847	25.68468906113507	36.02314161032611	53.96923040811995	0.6291565164212609	1.0150985911570471	-19.070950928798403	1.0348675952164965	120.5433449468059	1.1583112033369203	0.6142801576881672	1.1583112033369203	2.7554937131749697	1.1583112033369203	0.048204082705163194	1.3991140719598354	NaN	NaN	800000009	800000009	800000009	800000019	800011019	800011119	899999999	899999999	89999	89999	89	89	13	5	0	25	41	50	15	NaN	0	0	0	0	0	0	0	0	0	NaN	NaN	NaN	NaN	0	0	0	0	0	0	301	0	0	0	0	16	18000	18000	18000	18000	93	NaN	1.3992998199777973	1.0973851394754464	0.4763444072947133	0.019944433140153837	0.3022825222389429	0.3072777304124695	1.0856559298552357e-7	NaN	-0.016971731336292633	0.016322527705820464	0.07321841982619347	0.000048204082705163195	NaN	15.96610699365441	791.9043956357693	93.66279264471267	94.27941735246446	93.046168015586	1.233245690067608	0.00029305822522372987	47.43333782817739	208
DATA	2026-09-13T163000_AIU-1657.ghg	2026-09-13	17:00:00	256.708	1	18000	18000	1.067026689232948	0	NaN	-39.30658528114963	1	NaN	391.1060106504236	1	NaN	0.8805001723481419	0	NaN	8.940951208157905	1	NaN	0.16648809300329864	0	NaN	NaN	NaN	NaN	NaN	NaN	NaN	NaN	NaN	NaN	-1.0045854944406946e-9	-4.882711949673111e-11	-4.989015963165778e-12	NaN	15.980859389097374	421.84684059823707	430.67725195896094	0.1	0	776.737605081933	20.50354719353811	20.93274267077861	0.1	0	0.07936483558495305	2.0179280905550074	2.0601688600027313	0	0	NaN	NaN	NaN	NaN	9	309.60725550757513	303.80517376904515	97068.41272260262	1.1044858000878766	1017.1186293683278	0.026021196225120658	0.5793736382886322	0.014198960092441176	1990.780643890297	4392.76828851379	0.012855719911755733	45.31950044111796	2401.987644623493	290.5897045787209	-1.306998077421962	-3.5193843560294122	1.0384717641877892	3.8952193551664887	7.253004442584093e-15	-6.286179422403612e-14	3.8952193551664887	9.94898892740456	271.37354776020004	249.62645223979996	15.462142664950191	NaN	0.9828960117863256	2.3676475572191453	2067.412613622664	0.0009688922215145185	-0.10050110254194596	-0.03559803274067441	0	21.126833971724793	-3.20607856305635	7.25215843912389	18.05889992068838	27.540961827168132	38.62659055841493	57.869671342869154	1.0504849333150859	1.0157467807421667	-15.798911789183972	1.036503243826583	335.9567232064261	1.1641559273398183	0.7563421288075639	1.1641559273398183	7.6802007344399605	1.1641559273398183	0.11169208462768183	1.4016074064630932	NaN	NaN	800000009	800000009	800000009	800000019	800001019	800001119	899999999	899999999	89999	89999	89	89	14	0	0	36	72	34	8	NaN	0	0	0	0	0	0	0	0	0	NaN	NaN	NaN	NaN	0	0	0	0	0	0	301	0	0	9002	0	21	18000	18000	18000	18000	93	NaN	2.660484679026924	1.4063346752522463	0.6684757601591205	0.015511030126312	0.1629158101366006	0.298530482808923	2.515583365031622e-7	NaN	-0.01406356512806183	0.020093015548345278	0.2040325229731824	0.00011169208462768183	NaN	15.981948454967242	776.7602117404826	93.68339186520046	94.29378717274136	93.0729950796763	1.2207843233777411	0.00029373000852097496	45.892410806437816	035
DATA	2026-09-13T170000_AIU-1657.ghg	2026-09-13	17:30:00	256.729	1	18000	18000	0.7174524566170366	1	NaN	-33.71861969751432	1	NaN	405.23852847846285	1	NaN	-0.04186151351408482	2	NaN	9.261652191792878	1	NaN	0.19080878491456063	1	NaN	NaN	NaN	NaN	NaN	NaN	NaN	NaN	NaN	NaN	-2.982617521280712e-10	-1.4808423089047992e-11	-1.484874457938368e-12	NaN	16.009281227296214	421.9194205068875	430.946857870549	0.1	1	794.8461647323754	20.947913179525333	21.396117184689153	0.2	0	0.07970104317685678	2.0243831522715996	2.0676970914243133	0.1	0	NaN	NaN	NaN	NaN	9	309.3501057069567	303.5421831141865	97102.98135355458	1.1056491469704965	1017.3618163692289	0.02598941531179841	0.6001550620281785	0.014524428404181635	2034.6504499532937	4327.2356249112845	0.013136561850546256	47.01963623704931	2292.5851749579906	290.93528401948674	-1.9366227969596332	-1.7293341562914684	1.3747165673427322	2.9378478725670254	2.8380829651075554e-14	-1.8630552358561086e-14	2.9378478725670254	8.112851949657735	299.2362984553881	221.7637015446119	27.90021975009604	NaN	0.805541456458293	1.7456761112674903	1327.1021241450305	0.0015093789419487764	-0.08320684566720896	-0.037212523621038975	0	22.021706026338855	-3.3418788497825167	7.55933905745464	18.82382309364106	28.707517929673127	40.26270207905292	60.320864539338714	0.7080774080590471	1.0132401464180139	-9.315374145147317	1.0301499802614889	355.1790685358817	1.140941469746334	-0.036690325160493906	1.140941469746334	8.117552422607643	1.140941469746334	0.12858786263671193	1.3887436391030292	NaN	NaN	800000009	800000009	800000009	800000019	800001019	800001019	899999999	899999999	89999	89999	89	89	12	3	4	15	41	10	10	NaN	0	0	0	0	0	0	0	0	0	NaN	NaN	NaN	NaN	0	0	0	0	0	0	301	0	0	3001	0	16	18000	18000	18000	18000	93	NaN	1.078284866432677	2.0083004882424698	0.40476686785983407	0.020087594828385735	0.19197487810202585	0.7150225706532548	3.7357269125558764e-7	NaN	-0.008281471924171698	-0.0009739681720095398	0.2154856262421946	0.00012858786263671192	NaN	16.01037260863182	794.8772361035626	93.70145156987508	94.30203786934747	93.10086120033264	1.2011756115953132	0.0002925896812424374	46.43589474118416	047
DATA	2026-09-13T173000_AIU-1657.ghg	2026-09-13	18:00:00	256.749	1	18000	18000	0.2697314007771168	1	NaN	-15.939086201064745	1	NaN	122.1640152711215	0	NaN	0.21301223897310675	2	NaN	2.792490254817563	0	NaN	0.08950122024671896	0	NaN	NaN	NaN	NaN	NaN	NaN	NaN	NaN	NaN	NaN	1.6225598086055132e-10	8.092574658523989e-12	8.056181792841782e-13	NaN	16.00545988772091	421.5756046979753	430.6301342264613	0.1	1	798.2779950448253	21.026232975429373	21.47783085070312	0.2	0	0.07946880839131279	2.020044849729512	2.063431031322837	0.1	0	NaN	NaN	NaN	NaN	9	309.3502225409614	303.70878738842146	97115.11466727464	1.1051477127491358	1017.4106677568906	0.026000431209892906	0.18095336851217808	0.01457255541842572	2042.5127619320183	4368.651070841673	0.013186070287541402	46.75385442350066	2326.1383089096544	290.9965265721599	-2.0000688107118623	-2.1412992026041224	1.3775120961540757	3.237742592873269	-6.101561791001704e-14	1.0137539439590303e-14	3.237742592873269	8.267361465558832	294.0468360519609	226.95316394803908	25.179433999710284	NaN	0.49403257883848184	0.9105474716709046	647.6799094812166	0.0030927314104963635	-0.1304728414966613	-0.028694007923519442	0	19.462940888696494	-2.9535763683662077	6.68099778722341	16.63662913911511	25.37190914537483	35.584463331158375	53.31201040827811	0.26598560611448346	1.014082696869774	-8.467556252662664	1.0322792573896613	106.32587611190715	1.1489584637190746	0.18539594397834488	1.1489584637190746	2.4304536177735483	1.1489584637190746	0.0633805212256572	1.394829165125993	NaN	NaN	800000009	800000009	800000009	800000019	800011019	800011119	899999999	899999999	89999	89999	89	89	17	10	2	36	35	35	12	NaN	0	0	0	0	0	0	0	0	0	NaN	NaN	NaN	NaN	0	0	0	0	0	0	301	0	0	14997	0	16	18000	18000	18000	18000	93	NaN	0.6735756775378515	0.9401966947827102	0.20732257102124735	0.009270802355581047	0.20748104741842105	0.3199392287383116	2.1756168462915505e-7	NaN	-0.007530806248946416	0.004923934043665044	0.06455045915946193	0.00006338052122565719	NaN	16.00653473868212	798.3174441443884	93.7213337006039	94.31852027002971	93.12414931085375	1.194357865472634	0.0002927012814648657	46.10116022064775	059
DATA	2026-09-13T180000_AIU-1657.ghg	2026-09-13	18:30:00	256.77	0	18000	18000	0.5579170316130331	1	NaN	-3.789001545310914	1	NaN	149.19295870774164	1	NaN	-2.0969187704529775	1	NaN	3.409726495927296	1	NaN	0.10789338296467374	1	NaN	NaN	NaN	NaN	NaN	NaN	NaN	NaN	NaN	NaN	2.2064758775321078e-10	1.1138921839628449e-11	1.0946630526255719e-12	NaN	16.05426916627399	422.38644674564796	431.5893458856981	0.1	1	810.4654633047567	21.32327692465195	21.787865616795994	0.2	0	0.07964743903242762	2.023158738255012	2.067239048965559	0.3	0	NaN	NaN	NaN	NaN	9	309.29980520884203	303.5268012702624	97123.91691863771	1.1057853432259739	1017.57327596295	0.025982496441890386	0.2209502769360888	0.014788627321673853	2071.555700336998	4323.429182114734	0.013373868094986776	47.91464397998375	2251.8734817777363	291.2209747388681	-1.3648731798401479	-0.9146156721105171	0.8647208422411521	1.8566482595589673	5.4389284464420835e-14	1.3743857504067284e-14	1.8566482595589673	6.330201102948336	307.17355048120953	213.8264495187904	27.75831526307314	NaN	0.7103123980587844	1.4966596166957915	8098.951828636451	0.0002473283015361809	-0.025396651277177884	-0.004740660616275524	0	23.51206073541137	-3.5680459267095372	8.070929601269846	20.09775588326244	30.650345814174905	42.98754581149267	64.4031769820716	0.5513361289723309	1.0119362804192948	5.251410223024451	1.0236465279503193	134.89022623568155	1.1060323855271041	-1.8958927404767125	1.1060323855271041	3.082845078087217	1.1060323855271041	0.07768650724189942	1.30565043237245	NaN	NaN	800000009	800000009	800000009	800000019	800011019	800111119	899999999	899999999	89999	89999	89	89	24	7	1	64	55	12	3	NaN	0	0	0	0	0	0	0	0	0	NaN	NaN	NaN	NaN	0	0	0	0	0	0	301	0	0	3004	0	21	18000	18000	18000	18000	93	NaN	0.7455403294343107	1.9805837241034485	0.26719517985382396	0.016240640984180852	1.2081335412281315	0.5304062737415288	4.848113412520162e-7	NaN	0.004667017434376729	-0.05033359138661362	0.08184569788988066	0.00007768650724189942	NaN	16.055247550592313	810.4962298820004	93.73359717856513	94.32529522471958	93.14189820459795	1.183393328795282	0.0002927074713564556	47.33466219339205	190
DATA	2026-09-13T183000_AIU-1657.ghg	2026-09-13	19:00:00	256.791	0	18000	18000	0.18271065136400497	1	NaN	-10.128946678822379	1	NaN	122.88687542060977	1	NaN	-2.902862391503847	1	NaN	2.805611762815925	1	NaN	0.09192541207696091	1	NaN	NaN	NaN	NaN	NaN	NaN	NaN	NaN	NaN	NaN	-2.617558239991298e-10	-1.3700411755731772e-11	-1.2846181102385366e-12	NaN	16.320020842799558	427.6411335745336	437.4321421261827	0.1	1	854.1968694046018	22.38291979199087	22.895385366250373	0.4	0	0.08009370723380885	2.025646933068168	2.0720249002167273	0.2	0	NaN	NaN	NaN	NaN	9	308.8419643385145	302.4666857054237	97147.01261017572	1.109476541429959	1018.1442768383483	0.02588559295225809	0.18180364223047193	0.01558164892364435	2175.017060131327	4068.001273442749	0.014044144550872432	53.46647933299712	1892.984213311422	291.9987315557771	-0.7925400695887349	-0.6912271910162243	0.5157455039653097	1.1712848570541385	-8.993816889554978e-14	-1.603893932002037e-14	1.1712848570541385	3.4816640384062016	299.9061411242668	221.0938588757332	26.124591970621594	NaN	0.40581011790415505	0.5844344972519506	565.1342609830597	0.003544467462502763	-0.08242496722415338	-0.02209601548555463	0	20.376116916431915	-3.0921543536307206	6.994461567210999	17.417198272990852	26.56232632548831	37.25404035241502	55.813341022887066	0.18078100504736644	1.010673943958509	-2.6029056152311134	1.021177517261967	111.16942468388388	1.1054017394624924	-2.6260700412099762	1.1054017394624924	2.538092408087008	1.1054017394624924	0.064657454111186	1.3763895581100887	NaN	NaN	800000009	800000009	800000009	800000019	800000019	800001019	899999999	899999999	89999	89999	89	89	4	2	0	9	5	0	4	NaN	0	0	0	0	0	0	0	0	0	NaN	NaN	NaN	NaN	0	0	0	0	0	0	301	0	0	0	0	16	18000	18000	18000	18000	93	NaN	0.41794025662458184	0.6261907459068243	0.12473799197249524	0.1853860698450713	41.91837482702786	1.6373352167438509	2.716663427775135e-7	NaN	-0.0023042572994400536	-0.06953417550592118	0.06720466712032254	0.00006465745411118599	NaN	16.32089115681997	854.2059988007875	93.7653522644043	94.3321837141249	93.19852065277101	1.133664878345196	0.00029103423796995144	46.168086453436345	076
DATA	2026-09-13T190000_AIU-1657.ghg	2026-09-13	19:30:00	256.812	0	18000	18000	0.18641598108584162	1	NaN	37.9761634109316	1	NaN	60.817011793909614	1	NaN	-16.520527692260696	1	NaN	1.386548547286187	1	NaN	0.16232823820533057	1	NaN	NaN	NaN	NaN	NaN	NaN	NaN	NaN	NaN	NaN	-6.21525987776704e-10	-3.3016163878225625e-11	-3.0465349856456683e-12	NaN	16.53130115628174	430.9315536732354	441.0273632399469	0.1	1	878.1614266018246	22.891571834781455	23.4278726648244	0.5	0	0.08103150684175577	2.036452843204283	2.084162601102792	0.1	0	NaN	NaN	NaN	NaN	9	308.54151816304534	301.02025662139863	97162.05298542643	1.1147639883905043	1018.3964687188516	0.025757817343831667	0.0898483458641449	0.016014793723559285	2224.7887315207136	3740.7152475412504	0.014366084561703	59.47495557121205	1515.9265160205368	292.36138621720266	-0.5552954255587113	-0.4175635299280263	0.446995241331243	0.8261459053612291	4.5996827230113765e-15	-3.759691883300608e-14	0.8261459053612291	3.3701512492117933	304.05806204333817	216.94193795666177	32.75588767026401	NaN	0.4089310664078005	0.5170420138047934	-154.26160637206817	-0.012985084539886504	0.6244332348919294	0.08180148107547452	0	20.698837783840894	-3.1411284903251078	7.105241197760173	17.69305521656585	26.983025569967467	37.84407702458021	56.69732347654945	0.18376459915632049	1.0144281430792104	41.13149039080675	1.0217423926569675	55.624183799268465	1.093355580971409	-15.109931279248395	1.093355580971409	1.268158841841998	1.093355580971409	0.11447779819075939	1.308126539282895	NaN	NaN	800000009	800000009	800000009	800000019	800000019	800010019	899999999	899999999	89999	89999	89	89	4	6	0	0	1	0	6	NaN	0	0	0	0	0	0	0	0	0	NaN	NaN	NaN	NaN	0	0	0	0	0	0	301	0	0	0	0	16	18000	18000	18000	18000	93	NaN	0.516822557399153	0.39547701040923167	0.1217844598012022	0.37608085795422685	68.75971599657505	1.3589963755888363	0.0000023293014838471162	NaN	0.03623052530626159	-0.3983194542176093	0.03343048544750673	0.00011447779819075939	NaN	16.532804559287605	878.2298761645983	93.80848692830403	94.32788386683993	93.28908817164103	1.0387951833142142	0.00028973970156382885	47.674446154640734	122
DATA	2026-09-13T193000_AIU-1657.ghg	2026-09-13	20:00:00	256.833	0	18000	18000	0.20631285531112084	1	NaN	-103.72008947597192	1	NaN	439.06409618668835	1	NaN	51.544284413474195	1	NaN	9.99819498566213	1	NaN	0.06459451652057192	1	NaN	NaN	NaN	NaN	NaN	NaN	NaN	NaN	NaN	NaN	-7.950040166140563e-12	-4.2010038171684174e-13	-3.7806743263111944e-14	NaN	17.03452781286975	441.732885195735	452.2903789904087	0.1	1	900.1478592562637	23.342291335579276	23.90017621168409	0.1	1	0.08100839821821343	2.02503884911085	2.0734376344401055	0	0	NaN	NaN	NaN	NaN	9	307.71826832580564	299.7985017374416	97182.82151489845	1.1193537169825911	1018.6240902892737	0.025647791498448903	0.6478830350709059	0.01640016829907391	2269.078225606409	3482.3716951159804	0.014651461866123393	65.15899002937529	1213.2934695095714	292.6781640614668	-0.2126872159811526	-0.9886294192480263	0.30593010960184674	1.056511813661185	6.460207251468016e-14	-4.667015284177253e-16	1.056511813661185	5.6957201325533005	263.1411859532234	257.8588140467766	16.831986749181624	NaN	0.4293183701365655	0.8021816846937337	65.37065216178871	0.0306421908571822	-0.23622994997038096	-0.21188593155627644	0	20.003717286584685	-3.0356412730744364	6.866628825119227	17.09887667047752	26.076865796769212	36.57317505828406	54.79328074237803	0.20395306782473524	1.0115702475650596	-76.11416493008757	1.0229338293817467	394.0604970487587	1.114204797169408	46.26105052178949	1.114204797169408	8.973390718710005	1.114204797169408	0.049539174815056056	1.4148993664383598	NaN	NaN	800000009	800000009	800000009	800000019	800000019	800000019	899999999	899999999	89999	89999	89	89	8	1	0	0	9	1	5	NaN	0	0	0	0	0	0	0	0	0	NaN	NaN	NaN	NaN	0	0	0	0	0	0	301	0	0	2997	0	16	18000	18000	18000	18000	93	NaN	1.178149209702901	0.2800170656341767	0.14619709405038991	0.45084890878559447	114.61617823981507	1.6725988254064226	2.9827934855581747e-7	NaN	-0.0667550611822885	1.2148589770806388	0.2356497344205845	0.000049539174815056055	NaN	17.035853398747598	900.1885563500584	93.84414598910014	94.3072111284468	93.38108019341362	0.9261309647560176	0.00028846280501359926	47.80451066597127	120
DATA	2026-09-13T200000_AIU-1657.ghg	2026-09-13	20:30:00	256.854	0	18000	18000	0.17126814729788697	1	NaN	-19.392342454432416	2	NaN	168.31550033765063	1	NaN	21.468364340254414	1	NaN	3.828712567623639	1	NaN	0.07266735056472073	1	NaN	NaN	NaN	NaN	NaN	NaN	NaN	NaN	NaN	NaN	-4.3750628250715217e-10	-2.3126606329219762e-11	-2.034399370653343e-12	NaN	17.47239840251584	451.0668737059663	462.0845496673987	0.1	0	923.5919474497292	23.843419931185196	24.42581489283649	0.1	1	0.08124645915982158	2.0212966664549383	2.0706684846732744	1	0	NaN	NaN	NaN	NaN	9	306.96257449679905	298.6968899047996	97218.24528133651	1.1236766118559813	1018.8856801373338	0.025544237457505815	0.2481005743820118	0.016820170703330712	2318.6372303213752	3262.9032778788983	0.014968871404690684	71.06055659206184	944.266047557523	293.02627016075206	-0.11755867672544408	-0.35380492427290516	0.21781529608925274	0.43178868688703886	2.560397087934424e-15	-2.5039852711013957e-14	0.43178868688703886	2.5399401700274318	269.3800868177527	251.61991318224725	30.29477102478735	NaN	0.39040702977206226	0.39078429988185287	263.0094708428216	0.007616075548842431	-0.11521424001669635	-0.04338562345607657	0	20.49233514978371	-3.1097909189146695	7.03435552590402	17.51653987087855	26.713828530345243	37.46652434888652	56.13168076925504	0.16888505567459644	1.0141107311938968	-9.053163336805056	1.0213848302825093	152.9798343176177	1.1002463238925526	19.51232544390756	1.1002463238925526	3.4798685389632276	1.1002463238925526	0.05014109636431653	1.3848118684599042	NaN	NaN	800000009	800000009	800000009	800000019	800000019	800010019	899999999	899999999	89999	89999	89	89	0	0	0	2	6	0	3	NaN	0	0	0	0	0	0	0	0	0	NaN	NaN	NaN	NaN	0	0	0	0	0	0	301	0	0	15001	0	21	18000	18000	18000	18000	93	NaN	0.4688787925061209	0.1988712177421977	0.11381858951538713	0.13777458646233445	38.01317563604561	0.5156378396077934	0.0000013256353044619512	NaN	-0.00790739722335893	0.510605317185457	0.09106240997306674	0.00005014109636431653	NaN	17.47364468984891	923.6458538807158	93.83907156414456	94.2603781551785	93.41776504135132	0.8426130827565977	0.00028704845159760846	45.70336524035412	042
DATA	2026-09-13T203000_AIU-1657.ghg	2026-09-13	21:00:00	256.874	0	18000	18000	0.45811396930431836	1	NaN	-24.989391774138667	1	NaN	161.92805307750106	1	NaN	12.553000371283735	1	NaN	3.6830635936046945	1	NaN	0.06514554499302265	1	NaN	NaN	NaN	NaN	NaN	NaN	NaN	NaN	NaN	NaN	-7.987467402198114e-10	-4.1707645780500305e-11	-3.718310925718506e-12	NaN	17.403448659936764	448.4469524962188	459.199694994786	0.1	1	908.7447065737167	23.41626663904754	23.97773569139792	0.1	1	0.0810162095680236	2.0142267846137143	2.062523382077716	0.2	0	NaN	NaN	NaN	NaN	9	306.9798151295979	298.59845581434035	97276.66110814876	1.12490576277638	1018.6397451897924	0.025520484907273048	0.23866252086558418	0.016534212950836336	2278.4672450864286	3243.893102344964	0.014698309403294585	70.23866610892193	965.4258572585354	292.74462144834257	-0.62912183872712	-0.6766887693009065	0.5488214853940963	1.0746659952244129	-1.1015066595194744e-13	-4.589588855791262e-14	1.0746659952244129	6.381970914157692	293.91380171179117	227.08619828820883	30.70982034882581	NaN	0.6381587034145482	0.9833103699710489	891.725900581214	0.002246318065556253	-0.15432404267948796	-0.034173560526200145	0	23.471186002950137	-3.561843028362818	8.056898628320354	20.06281677673137	30.597061472189864	42.91281376422625	64.2912147573045	0.45323795652505733	1.0107581739549023	-15.003794533113599	1.0209530253604235	146.64224974915697	1.1042387398890268	11.368013019127803	1.1042387398890268	3.3353870504261	1.1042387398890268	0.046450299552371524	1.377095349514501	NaN	NaN	800000009	800000009	800000009	800000019	800000019	801000019	899999999	899999999	89999	89999	89	89	7	12	0	10	1	0	3	NaN	0	0	0	0	0	0	0	0	0	NaN	NaN	NaN	NaN	0	0	0	0	0	0	301	0	0	18000	0	16	18000	18000	18000	18000	93	NaN	0.8343431526883979	0.9156686498231651	0.2166089374305348	0.43960469886784265	170.15025469544645	1.2758038959982925	5.637664588696588e-7	NaN	-0.01309375917872812	0.2970754690558976	0.08716225701194026	0.000046450299552371525	NaN	17.404684876063016	908.8008809598556	93.8575174615648	94.25310771221584	93.46192842822606	0.7911795708686103	0.0002862899402842029	45.14453498893313	208
DATA	2026-09-13T210000_AIU-1657.ghg	2026-09-13	21:30:00	256.895	0	18000	18000	0.6397475825983476	1	NaN	-122.62993919032563	1	NaN	508.76100374036236	1	NaN	55.388808880640724	1	NaN	11.580666009748072	1	NaN	0.07885573120389415	1	NaN	NaN	NaN	NaN	NaN	NaN	NaN	NaN	NaN	NaN	-9.010444825890275e-10	-4.6426659506160436e-11	-4.348287882441491e-12	NaN	16.811379745381824	434.3667497719819	444.3108313493894	0.1	0	866.2127323891442	22.380911910715668	22.893284494330224	0.1	1	0.0811288679377085	2.0232532274188286	2.0695721391581996	-0.1	0	NaN	NaN	NaN	NaN	9	307.4999050767686	299.3865504144942	97326.41910581989	1.1229618764912144	1018.0676560866488	0.025574759690272654	0.750427157431675	0.015769612087289542	2178.8383061729132	3398.840388728437	0.014042873954513022	64.10534349887648	1220.0020825555239	292.02683103926694	-0.540275256979192	-1.1037550486971044	0.5025740952129509	1.3276871928310536	9.985638921911684e-14	-5.359729517956723e-14	1.3276871928310536	7.871138074926227	277.0812105086525	243.91878949134747	22.242874526314367	NaN	0.7547824968042491	1.7437579324027095	300.71564993063976	0.006661109923816789	-0.24103643614341905	-0.14211274875174976	0	21.427713640078075	-3.2517382135301505	7.355440692817433	18.31608733581333	27.933188862784494	39.17669455281315	58.693827368550004	0.6328965276124857	1.010824921115789	-90.60736501135855	1.0221074705462079	458.38588387352354	1.1098967521450513	49.90446973882307	1.1098967521450513	10.434002971327377	1.1098967521450513	0.06218333862762386	1.384006188509893	NaN	NaN	800000009	800000009	800000009	800000019	800000019	800011019	899999999	899999999	89999	89999	89	89	16	4	1	2	3	0	2	NaN	0	0	0	0	0	0	0	0	0	NaN	NaN	NaN	NaN	0	0	0	0	0	0	301	0	0	12002	0	16	18000	18000	18000	18000	93	NaN	2.234601113847544	0.8724095277317447	0.3805052232261303	0.3527908446940341	92.1084000305581	0.9638252357855277	1.3884746055438833e-7	NaN	-0.07925411995865854	1.3055214185295745	0.2729578018033133	0.00006218333862762386	NaN	16.81258554992176	866.2539970041462	93.91163944413927	94.33591803571913	93.48735865105523	0.8485590068499255	0.0002870085127910392	45.94150676621331	058
DATA	2026-09-13T213000_AIU-1657.ghg	2026-09-13	22:00:00	256.916	0	18000	18000	0.7109202631757673	1	NaN	-60.52796367664984	1	NaN	484.55041551265543	1	NaN	20.776411869855316	1	NaN	11.033819210311373	1	NaN	0.10056280431046627	1	NaN	NaN	NaN	NaN	NaN	NaN	NaN	NaN	NaN	NaN	-6.978655986849997e-10	-3.513731264216384e-11	-3.4134070769361923e-12	NaN	16.5740013603832	428.7140210779511	438.17223861171277	0.1	0	834.4957376159471	21.58561565590893	22.06183392364932	0.5	0	0.08106691839128496	2.024604547590556	2.069271036880564	0.2	0	NaN	NaN	NaN	NaN	9	307.684481886122	299.7824395251575	97353.92417143095	1.122136074951823	1017.6253768036827	0.025601342970246344	0.714991484828177	0.015193452985499354	2102.0080799709463	3479.0815631908326	0.013539759860364224	60.41847659481411	1377.0734832198864	291.4533701802785	-1.4215483771615605	-1.316908438279742	1.0287132759512978	2.1939231134068424	9.107676669098637e-14	-4.2106042078233825e-14	2.1939231134068424	6.303134289489977	298.18828042432074	222.8117195756792	27.962406131684148	NaN	0.7959534770323816	1.605550943279876	714.5369266815483	0.002803354067791563	-0.12491571927063795	-0.06659397305007302	0	22.53751513703911	-3.4201548723355657	7.736399633599095	19.26472896343593	29.379927200599088	41.205765642291226	61.73374560575079	0.7026985399461217	1.0117002139071982	-30.98999472811728	1.025843779549357	430.78530660921336	1.1248072022851396	18.471087158444845	1.1248072022851396	9.809520411938374	1.1248072022851396	0.06487098078465399	1.3829232817140937	NaN	NaN	800000009	800000009	800000009	800000019	800000019	800100019	899999999	899999999	89999	89999	89	89	13	0	3	7	7	1	6	NaN	0	0	0	0	0	0	0	0	0	NaN	NaN	NaN	NaN	0	0	0	0	0	0	301	0	0	9003	0	16	18000	18000	18000	18000	93	NaN	1.287250314025568	1.5508876219876315	0.37296395054655274	0.05371994742066052	5.122950789418539	0.7220349997737548	1.2010073844887397e-7	NaN	-0.02713863807889253	0.48332019992959996	0.25667895592945283	0.000064870980784654	NaN	16.575136297702795	834.5302243244645	93.92653190146552	94.36496141518487	93.48810222223071	0.8768586276968311	0.00028809936484321954	46.07205613507165	126
DATA	2026-09-13T220000_AIU-1657.ghg	2026-09-13	22:30:00	256.937	0	18000	18000	0.09263978184219328	1	NaN	-25.768506286493846	2	NaN	95.03853550339217	1	NaN	16.392918601627937	1	NaN	2.1618802579314886	1	NaN	0.03241947795010639	1	NaN	NaN	NaN	NaN	NaN	NaN	NaN	NaN	NaN	NaN	-1.0566591639166201e-10	-5.444910386741879e-12	-5.076399426372024e-13	NaN	16.982366493536766	437.8540294091495	447.96110397161584	0.1	1	875.092620872894	22.562393191857915	23.08320555164255	0.1	1	0.0815866444641294	2.0285049512235958	2.0753293479752144	0.1	0	NaN	NaN	NaN	NaN	9	306.84701321580667	298.70459006100606	97375.97993839694	1.1260208722792595	1018.1555038595995	0.025503517020709823	0.14008984071396047	0.01594189271829886	2197.6244782331833	3264.394465707257	0.014157723991412107	67.32104533687385	1066.7699874740738	292.16434971835025	-0.9147208324422265	0.026515061849616297	0.6668998397330046	1.132330625764667	-1.0858035578472689e-13	-6.222096103736595e-15	1.132330625764667	3.1207758798141665	342.66037089730514	178.3396291026949	36.08339124601605	NaN	0.28683063965581174	0.6070307209941372	78.5669220075782	0.02549546232454913	-0.2711374512454909	-0.0783615737054158	0	19.545115680381304	-2.9660467100367534	6.709205734036351	16.706870915096573	25.479032285736317	35.7347050586638	53.5370998937085	0.09159346443890905	1.0114234941291265	-19.76258687605314	1.0228859435670683	85.31469505633885	1.1139761496027387	14.715681846037645	1.1139761496027387	1.9406881006406185	1.1139761496027387	0.02494166588770596	1.409775618358674	NaN	NaN	800000009	800000009	800000009	800000019	800000019	800000019	899999999	899999999	89999	89999	89	89	33	1	2	11	1	0	12	NaN	0	0	0	0	0	0	0	0	0	NaN	NaN	NaN	NaN	0	0	0	0	0	0	301	0	0	4	0	21	18000	18000	18000	18000	93	NaN	0.1278104337586344	1.017097847275158	0.0691531609544821	0.21608357723930796	42.13603662689988	0.48997935970722867	1.8198247112115637e-7	NaN	-0.017237855586761382	0.3839671848457124	0.05063717430580312	0.000024941665887705958	NaN	16.98388940211474	875.1518256446363	93.90755272886489	94.3250710635715	93.49003395038181	0.8350367935829751	0.0002863639229973262	46.6122220175001	199
DATA	2026-09-13T223000_AIU-1657.ghg	2026-09-13	23:00:00	256.958	0	18000	18000	0.10336373438023888	0	NaN	4.133169324283491	2	NaN	121.56795430645263	0	NaN	6.033227073223248	2	NaN	2.761545516636943	0	NaN	0.07752343718323054	0	NaN	NaN	NaN	NaN	NaN	NaN	NaN	NaN	NaN	NaN	6.759074570544207e-10	3.434091738605654e-11	3.14833912173685e-12	NaN	17.627700529881157	452.06586117182553	462.6930736705156	0.1	0	895.6128554061122	22.96816854072409	23.508106697423845	0.5	0	0.08210884289743503	2.0287789063288635	2.076471657324326	0.2	0	NaN	NaN	NaN	NaN	9	305.68701564704054	297.284342431249	97395.12265015855	1.1314476213485536	1018.3562711926495	0.02537726690741408	0.1789481494780739	0.016309337238928544	2237.5876403144493	2999.1999596496166	0.014414575567793157	74.60615065411834	761.6123193351673	292.4534933876221	-0.39658800012226797	-0.6433904214161329	0.41261249276455697	0.8610936914158861	1.0391546238723518e-13	3.834348421727911e-14	0.8610936914158861	3.5004244815167778	282.64981874062414	238.35018125937592	28.631376379004628	NaN	0.3022503892278205	0.5476934792509691	-573.2566945346151	-0.003494246153769158	0.033998839150196254	0.01186812557068119	0	17.111030063098905	-2.5966648268517365	5.873662908521188	14.626251139330842	22.30595584847397	31.28442023848077	46.869762285003965	0.10192091461664377	1.014156267818259	11.3537366846857	1.0216565724698239	111.16955274735743	1.0935364162409331	5.517170698313516	1.0935364162409331	2.525334753944313	1.0935364162409331	0.05347775071092163	1.3077461208710592	NaN	NaN	800000009	800000009	800000009	800000019	800000019	810011019	899999999	899999999	89999	89999	89	89	14	0	0	0	12	0	3	NaN	0	0	0	0	0	0	0	0	0	NaN	NaN	NaN	NaN	0	0	0	0	0	0	301	0	0	0	0	16	18000	18000	18000	18000	93	NaN	0.7885242419749492	0.19978479853762193	0.10707791798936703	0.23998277730549986	54.944961607604085	0.26745355102090246	4.416151253167343e-7	NaN	0.009853819936148485	0.14330300381409156	0.06559305043560851	0.00005347775071092163	NaN	17.629037686232508	895.665847572315	93.88526361974081	94.2494118499756	93.52111459816828	0.7282963140408211	0.0002856721443256698	46.20537916597792	186
DATA	2026-09-13T230000_AIU-1657.ghg	2026-09-13	23:30:00	256.979	0	18000	18000	0.15882490829442317	1	NaN	65.04504549921879	1	NaN	93.41651218473345	1	NaN	-15.980194330599945	1	NaN	2.1205599479022297	1	NaN	0.07001686793458382	1	NaN	NaN	NaN	NaN	NaN	NaN	NaN	NaN	NaN	NaN	4.5690981080207357e-10	2.2916580606250232e-11	2.096623407282453e-12	NaN	17.901597893435966	457.7141267471414	468.4687265493293	0.1	1	897.865183471221	22.956921546086217	23.496324831872883	0.1	1	0.08214511547749362	2.023018180288754	2.0705516725936035	0.2	0	NaN	NaN	NaN	NaN	9	305.1335627975464	296.5573579657544	97401.72994768116	1.134303078331632	1018.3349966203026	0.025313491613050968	0.13741228462406446	0.016342420858890365	2236.6436679604176	2870.880540768581	0.014407455265771916	77.90793229458555	634.2368728081633	292.4467158995617	-0.7301831286080537	-0.711885990455992	0.6588506760679936	1.2140977217945044	-8.699481254437751e-14	2.5523409335968277e-14	1.2140977217945044	4.366534008565497	296.72693640518105	224.27306359481898	32.865373120590746	NaN	0.3741922179585998	0.5369803666133257	-69.1218867254849	-0.02897924369390031	0.6962906661575056	0.15048724468231123	0	20.976538425171466	-3.1832706340229535	7.200566841549061	17.930429548016157	27.345036402849544	38.35180236500941	57.457988556182876	0.15686372706840007	1.012502452049784	69.7009068810867	1.0216402736956032	85.17727972529268	1.0967304014170598	-14.570758966791026	1.0967304014170598	1.9335289193791867	1.0967304014170598	0.033958359809456246	1.3055669268136845	NaN	NaN	800000009	800000009	800000009	800000019	800000019	801000019	899999999	899999999	89999	89999	89	89	26	0	0	1	0	0	2	NaN	0	0	0	0	0	0	0	0	0	NaN	NaN	NaN	NaN	0	7	0	0	0	0	301	0	0	3001	0	16	18000	18000	18000	18000	93	NaN	0.606087686795734	0.3692424829862875	0.09863056344462992	0.19314149689862697	45.609382449526116	0.4761636260976936	7.14502489155228e-7	NaN	0.06034185387973006	-0.37750547309089333	0.05009469658435481	0.000033958359809456246	NaN	17.902964429475414	897.9186905850778	93.8431600926717	94.16451649771797	93.52180235926309	0.6427184696909434	0.00028451751357351897	46.59473300176121	011
