DATAH	filename	date	time	DOY	daytime	file_records	used_records	Tau	qc_Tau	rand_err_Tau	H	qc_H	rand_err_H	LE	qc_LE	rand_err_LE	co2_flux	qc_co2_flux	rand_err_co2_flux	h2o_flux	qc_h2o_flux	rand_err_h2o_flux	ch4_flux	qc_ch4_flux	rand_err_ch4_flux	none_flux	qc_none_flux	rand_err_none_flux	H_strg	LE_strg	co2_strg	h2o_strg	ch4_strg	none_strg	co2_v-adv	h2o_v-adv	ch4_v-adv	none_v-adv	co2_molar_density	co2_mole_fraction	co2_mixing_ratio	co2_time_lag	co2_def_timelag	h2o_molar_density	h2o_mole_fraction	h2o_mixing_ratio	h2o_time_lag	h2o_def_timelag	ch4_molar_density	ch4_mole_fraction	ch4_mixing_ratio	ch4_time_lag	ch4_def_timelag	none_molar_density	none_mole_fraction	none_mixing_ratio	none_time_lag	none_def_timelag	sonic_temperature	air_temperature	air_pressure	air_density	air_heat_capacity	air_molar_volume	ET	water_vapor_density	e	es	specific_humidity	RH	VPD	Tdew	u_unrot	v_unrot	w_unrot	u_rot	v_rot	w_rot	wind_speed	max_wind_speed	wind_dir	yaw	pitch	roll	u*	TKE	L	(z-d)/L	bowen_ratio	T*	model	x_peak	x_offset	x_10%	x_30%	x_50%	x_70%	x_90%	un_Tau	Tau_scf	un_H	H_scf	un_LE	LE_scf	un_co2_flux	co2_scf	un_h2o_flux	h2o_scf	un_ch4_flux	ch4_scf	un_none_flux	un_none_scf	spikes_hf	amplitude_resolution_hf	drop_out_hf	absolute_limits_hf	skewness_kurtosis_hf	skewness_kurtosis_sf	discontinuities_hf	discontinuities_sf	timelag_hf	timelag_sf	attack_angle_hf	non_steady_wind_hf	u_spikes	v_spikes	w_spikes	ts_spikes	co2_spikes	h2o_spikes	ch4_spikes	none_spikes	head_detect_LI-7200	t_out_LI-7200	t_in_LI-7200	aux_in_LI-7200	delta_p_LI-7200	chopper_LI-7200	detector_LI-7200	pll_LI-7200	sync_LI-7200	chopper_LI-7500	detector_LI-7500	pll_LI-7500	sync_LI-7500	not_ready_LI-7700	no_signal_LI-7700	re_unlocked_LI-7700	bad_temp_LI-7700	laser_temp_unregulated_LI-7700	block_temp_unregulated_LI-7700	motor_spinning_LI-7700	pump_on_LI-7700	top_heater_on_LI-7700	bottom_heater_on_LI-7700	calibrating_LI-7700	motor_failure_LI-7700	bad_aux_tc1_LI-7700	bad_aux_tc2_LI-7700	bad_aux_tc3_LI-7700	box_connected_LI-7700	mean_value_RSSI_LI-7200	mean_value_LI-7500	u_var	v_var	w_var	ts_var	co2_var	h2o_var	ch4_var	none_var	w/ts_cov	w/co2_cov	w/h2o_cov	w/ch4_cov	w/none_cov	co2_mean	h2o_mean	avg_signal_strength_7200_mean	co2_signal_strength_7200_mean	h2o_signal_strength_7200_mean	delta_signal_strength_7200_mean	flowrate_mean	rssi_77_mean	CHK
DATAU		[yyyy-mm-dd]	[HH:MM]	[ddd.ddd]	[1=daytime]	[#]	[#]	[kg+1m-1s-2]	[#]	[kg+1m-1s-2]	[W+1m-2]	[#]	[W+1m-2]	[W+1m-2]	[#]	[W+1m-2]	[µmol+1s-1m-2]	[#]	[µmol+1s-1m-2]	[mmol+1s-1m-2]	[#]	[mmol+1s-1m-2]	[µmol+1s-1m-2]	[#]	[µmol+1s-1m-2]	[µmol+1s-1m-2]	[#]	[µmol+1s-1m-2]	[W+1m-2]	[W+1m-2]	[µmol+1s-1m-2]	[mmol+1s-1m-2]	[µmol+1s-1m-2]	[µmol+1s-1m-2]	[µmol+1s-1m-2]	[mmol+1s-1m-2]	[µmol+1s-1m-2]	[µmol+1s-1m-2]	[mmol+1m-3]	[µmol+1mol_a-1]	[µmol+1mol_d-1]	[s]	[1=default]	[mmol+1m-3]	[mmol+1mol_a-1]	[mmol+1mol_d-1]	[s]	[1=default]	[mmol+1m-3]	[µmol+1mol_a-1]	[µmol+1mol_d-1]	[s]	[1=default]	[mmol+1m-3]	[µmol+1mol_a-1]	[µmol+1mol_d-1]	[s]	[1=default]	[K]	[K]	[Pa]	[kg+1m-3]	[J+1kg-1K-1]	[m+3mol-1]	[mm]	[kg+1m-3]	[Pa]	[Pa]	[kg+1kg-1]	[%]	[Pa]	[K]	[m+1s-1]	[m+1s-1]	[m+1s-1]	[m+1s-1]	[m+1s-1]	[m+1s-1]	[m+1s-1]	[m+1s-1]	[deg_from_north]	[deg]	[deg]	[deg]	[m+1s-1]	[m+2s-2]	[m]	[#]	[#]	[K]	[0=KJ/1=KM/2=HS]	[m]	[m]	[m]	[m]	[m]	[m]	[m]	[kg+1m-1s-2]	[#]	[W+1m-2]	[#]	[W+1m-2]	[#]	[µmol+1s-1m-2]	[#]	[mmol+1s-1m-2]	[#]	[µmol+1s-1m-2]	[#]	[µmol+1s-1m-2]	[#]	8u/v/w/ts/co2/h2o/ch4/none	8u/v/w/ts/co2/h2o/ch4/none	8u/v/w/ts/co2/h2o/ch4/none	8u/v/w/ts/co2/h2o/ch4/none	8u/v/w/ts/co2/h2o/ch4/none	8u/v/w/ts/co2/h2o/ch4/none	8u/v/w/ts/co2/h2o/ch4/none	8u/v/w/ts/co2/h2o/ch4/none	8co2/h2o/ch4/none	8co2/h2o/ch4/none	8aa	8U	[#]	[#]	[#]	[#]	[#]	[#]	[#]	[#]	[#_flagged_recs]	[#_flagged_recs]	[#_flagged_recs]	[#_flagged_recs]	[#_flagged_recs]	[#_flagged_recs]	[#_flagged_recs]	[#_flagged_recs]	[#_flagged_recs]	[#_flagged_recs]	[#_flagged_recs]	[#_flagged_recs]	[#_flagged_recs]	[#_flagged_recs]	[#_flagged_recs]	[#_flagged_recs]	[#_flagged_recs]	[#_flagged_recs]	[#_flagged_recs]	[#_flagged_recs]	[#_flagged_recs]	[#_flagged_recs]	[#_flagged_recs]	[#_flagged_recs]	[#_flagged_recs]	[#_flagged_recs]	[#_flagged_recs]	[#_flagged_recs]	[#_flagged_recs]	[#]	[#]	[m+2s-2]	[m+2s-2]	[m+2s-2]	[K+2]	--	--	--	--	[m+1s-1K+1]	--	--	--	--	--	--	--	--	--	--	--	--	241
DATA	2026-10-08T233000_AIU-1657.ghg	2026-10-09	00:00:00	282	0	18000	18000	0.11439667137815292	1	NaN	7.9171316919269765	1	NaN	42.590022788268236	1	NaN	8.148970837862567	2	NaN	0.9578309873647656	1	NaN	0.023082907464985498	1	NaN	NaN	NaN	NaN	NaN	NaN	NaN	NaN	NaN	NaN	-2.117574704953087e-10	-5.355616727811132e-12	-1.0054054194493598e-12	NaN	18.80174006465233	462.79715423280487	468.2782247795435	0.1	1	475.5200058192969	11.704730770513757	11.843354040983343	0.1	1	0.08926897035492495	2.09421068535025	2.1190131639332628	0	1	NaN	NaN	NaN	NaN	9	297.0998444502089	286.90296847585904	97768.78014134048	1.1819424237587455	1011.7840150882522	0.024397474085898804	0.062067447981236805	0.008645126596134978	1144.6642110340542	1568.3517862192873	0.007314338179555517	72.98516959600076	423.6875751852331	282.1147734448524	-0.8326368778697288	-1.9475010545910383	0.6058609105945468	2.2029779778763876	-3.0344205611858523e-14	-1.1262652805918599e-14	2.2029779778763876	4.260260513672854	274.1487021542962	246.85129784570387	15.963149419903734	NaN	0.3111061048403797	0.3933185708601774	-326.532781321961	-0.006134453000064778	0.18589169889122045	0.021280175269633887	0	15.287387251221865	-2.3199199944903994	5.247665344200766	13.067428692254948	19.928653260896777	27.950219557325887	41.874522093721566	0.11301708715331787	1.0122068641086415	10.139679162230305	1.0252469765833216	38.3021549109274	1.1119484761970282	7.328550748801634	1.1119484761970282	0.8613987139409918	1.1119484761970282	0.013991334602599877	1.30682668499318	NaN	NaN	800000009	800000009	800000009	800000019	800000019	800000019	899999999	899999999	89999	89999	89	89	10	4	0	37	7	0	6	NaN	0	0	0	0	0	0	0	0	0	NaN	NaN	NaN	NaN	0	0	0	0	0	0	300	0	0	18000	0	15	18000	18000	18000	18000	93	NaN	0.3587465716179734	0.2775277489012856	0.15036282120109584	0.08621540418549493	6.78575016828769	0.10135092755274244	3.6622768128452886e-8	NaN	0.008478911033203303	0.18091627124542692	0.02126491972608548	0.000013991334602599878	NaN	18.803263694658924	475.5537629592973	91.45327546225653	91.26334396828545	91.64320560201008	-0.3798584124636306	0.0002736487204351255	33.401199953585795	206
DATA	2026-10-09T000000_AIU-1657.ghg	2026-10-09	00:30:00	282.02	0	18000	18000	0.17992057862618932	1	NaN	74.1090126670177	0	NaN	134.69015797984187	1	NaN	-0.10672362466070305	2	NaN	3.028290592884065	1	NaN	0.0371794399857684	1	NaN	NaN	NaN	NaN	NaN	NaN	NaN	NaN	NaN	NaN	2.873460913103912e-10	7.322170592335533e-12	1.3565983088172392e-12	NaN	18.87758830425066	464.4650476025702	470.02807742486067	0.1	0	481.03985443216226	11.835526619534281	11.977284084141868	0.1	1	0.08912355219904967	2.0882279503100287	2.1132392497033368	0.2	0	NaN	NaN	NaN	NaN	9	296.7837715699937	286.61686422574314	97756.85235081214	1.1829191438132975	1011.8513652824055	0.0243761184190075	0.1962332304188874	0.008749391091403089	1157.3141822689527	1539.4161548074817	0.007396440523566353	75.1787733716284	382.101972538529	282.2776686617523	-0.5738469123767599	-2.6639084593211044	0.6829110352435338	2.8092839017344033	-2.287230981275938e-14	1.5221546665772426e-14	2.8092839017344033	5.619450663715117	263.1566274420744	257.8433725579256	14.069033216200427	NaN	0.38999845758512236	0.5529709180502247	-68.71573520739535	-0.02915052853548486	0.5502184701432236	0.1587582692299313	0	14.546696794462301	-2.207517360075065	4.993410279104097	12.434297630178545	18.963088443060638	26.596001171264454	39.84565618050228	0.17758380163388038	1.013158728278194	79.7992443376917	1.0284920371823258	119.93886083286154	1.1229901388469639	-0.09503522868890203	1.1229901388469639	2.696631509154104	1.1229901388469639	0.0030064145793647504	1.310016671292169	NaN	NaN	800000009	800000009	800000009	800000019	800000019	800011019	899999999	899999999	89999	89999	89	89	16	5	0	36	45	0	14	NaN	0	0	0	0	0	0	0	0	0	NaN	NaN	NaN	NaN	0	0	0	0	0	0	300	150	0	18000	0	15	18000	18000	18000	18000	93	NaN	0.43412971171202425	0.40428280873468614	0.26752931565373894	0.05856765801266238	1.2218389972032948	0.09426687638856059	3.554033095648235e-8	NaN	0.06666946905990981	-0.0023443439767575134	0.06652093043006688	0.0000030064145793647504	NaN	18.879084079873202	481.0713065330898	91.41806199434069	91.22142353799607	91.61469959725274	-0.39327254490223246	0.0002737212586362148	29.321129465421038	233
DATA	2026-10-09T003000_AIU-1657.ghg	2026-10-09	01:00:00	282.041	0	18000	18000	0.029501611713346757	0	NaN	-32.28755138057331	1	NaN	-48.16015489528384	2	NaN	4.700490901275002	1	NaN	-1.081928748396725	2	NaN	0.0034426841714106766	1	NaN	NaN	NaN	NaN	NaN	NaN	NaN	NaN	NaN	NaN	7.284485603573495e-10	1.7697651931737294e-11	3.429971075581106e-12	NaN	19.011099975852485	466.5210093037521	471.86923379610363	0.1	0	461.8745214446521	11.334124179544451	11.464059250693465	0.1	1	0.08951561795958018	2.0890027154610418	2.1129511663659466	0	0	NaN	NaN	NaN	NaN	9	296.06779501257995	285.775064097259	97749.48610346045	1.18654016948416	1011.5557254020823	0.02430635676580299	-0.07010898289610779	0.008402778054429575	1108.20199772149	1456.9818248406534	0.007081747647938986	76.06148400943103	348.77982711916343	281.6362029920718	-0.8335550028720746	-2.4742591802113045	0.6349930326686841	2.687003644435827	2.534672394982481e-14	3.831701276005124e-14	2.687003644435827	3.9362872365255015	269.61819451411384	251.3818054858861	13.66945230252276	NaN	0.15768182891986393	0.22500913082708285	10.422713936039068	0.19218602873420468	0.6704204222510739	-0.17060085509396195	1	30.215240576673445	13	29	62	121	281	1394	0.028766187167261557	1.025565589968843	-33.115023180753184	1.0545225096510735	-38.446617910791005	1.2526499731922187	3.7524376337121534	1.2526499731922187	-0.8637119479111691	1.2526499731922187	0.01043014130575707	1.725504434784645	NaN	NaN	800000009	800000009	800000009	800000019	800000019	800000019	899999999	899999999	89999	89999	89	89	15	3	1	14	6	0	3	NaN	0	0	0	0	0	0	0	0	0	NaN	NaN	NaN	NaN	0	0	0	0	0	0	300	0	0	18000	0	15	18000	18000	18000	18000	93	NaN	0.2211557417066944	0.13873519295884343	0.09012732698862788	0.12945105500514187	4.794719120203151	0.0893744921316235	1.7287136894924145e-8	NaN	-0.027590070188956994	0.09225398648126683	-0.0212344289617094	0.00001043014130575707	NaN	19.01264538757801	461.89923025508693	91.45875977071127	91.24146641582914	91.676052476671	-0.4345848731324096	0.00027274756443350476	33.85373981140208	233
DATA	2026-10-09T010000_AIU-1657.ghg	2026-10-09	01:30:00	282.062	0	18000	18000	0.011969412638117214	1	NaN	8.100942019048153	1	NaN	8.449803967295376	1	NaN	1.6505122606739306	1	NaN	0.18971920402327813	1	NaN	0.014442372717827332	1	NaN	NaN	NaN	NaN	NaN	NaN	NaN	NaN	NaN	NaN	4.910135895274071e-10	1.1858299632556238e-11	2.2981886616624323e-12	NaN	19.138479460930032	468.3780761246656	473.73681508883476	0.1	1	462.2068081204583	11.311637165383384	11.44105421950389	0.1	1	0.08957763580617492	2.084833895928547	2.1086865935705252	-0.5	0	NaN	NaN	NaN	NaN	9	295.71899068027074	285.18420857833604	97766.28252361405	1.189212951119475	1011.5321260855513	0.024251934807356507	0.012293804420708421	0.008404925496949173	1106.1933600023817	1401.4644292597693	0.007067637035938039	78.93124769400355	295.2710692573876	281.6094379503435	-0.6724505946227097	-2.676616526717045	0.6774450950831931	2.841724421923417	1.568520475608916e-14	2.5655830732518725e-14	2.841724421923417	4.075025236957161	265.10263760170756	255.89736239829244	13.791669405389676	NaN	0.10032440772544597	0.1966770896052585	-10.700452093426994	-0.18719769805151049	0.9587136045288769	0.06712582070787915	1	57.767441121872075	26	46	78	120	197	471	0.01181322095318133	1.013221769537276	8.36945768332199	1.028676590732693	7.5203363454080225	1.12359388984708	1.4689580244144649	1.12359388984708	0.16885033439359368	1.12359388984708	0.008926703714233286	1.310218235569987	NaN	NaN	800000009	800000009	800000009	800000019	800000019	801000019	899999999	899999999	89999	89999	89	89	20	9	0	50	28	0	14	NaN	0	0	0	0	0	0	0	0	0	NaN	NaN	NaN	NaN	0	0	0	0	0	0	300	0	0	18000	0	15	18000	18000	18000	18000	93	NaN	0.20595393370860163	0.11002544717401608	0.07737479832789934	0.09455900091087953	4.965303929121306	0.06056256417317556	3.907488055474447e-8	NaN	0.006957576772379427	0.03603277323130867	0.004141810526995947	0.000008926703714233286	NaN	19.140009421746957	462.23848533746974	91.3749116153717	91.12148818545872	91.62833128272163	-0.5068402703156077	0.0002718843534239568	33.782649618756324	193
DATA	2026-10-09T013000_AIU-1657.ghg	2026-10-09	02:00:00	282.083	0	18000	18000	0.00867768439147808	2	NaN	6.9222771442233375	2	NaN	-19.867463651570088	2	NaN	-5.783134560647551	2	NaN	-0.4461470333029575	2	NaN	0.004036214073056987	2	NaN	NaN	NaN	NaN	NaN	NaN	NaN	NaN	NaN	NaN	-6.770412461024112e-10	-1.6597238382866458e-11	-3.169414189836654e-12	NaN	19.117931408307843	468.1417412315912	473.5766005444788	0.1	0	468.6640094641718	11.476199006959186	11.609431149184822	0.1	1	0.08949623591566133	2.0846859508085296	2.108887968822114	-1	0	NaN	NaN	NaN	NaN	9	295.8544210270776	285.35450029103765	97774.6126644156	1.1885302480891875	1011.6270525400736	0.024264348901717706	-0.028910327758031644	0.008522837785029744	1122.381899091832	1417.2710660569485	0.007170905240932656	79.19317101522856	294.8891669651164	281.8239422842337	-0.749394231336378	-2.30264950799201	0.6034514520109251	2.4955841251197755	-2.9193539386318937e-14	-3.5413938445672934e-14	2.4955841251197755	4.23334172166646	269.02740980643534	251.97259019356466	13.99325674157404	NaN	0.08544699732385529	0.2567944678847313	-7.737475813096616	-0.25888287710179464	-0.34842279143549776	0.06737852562644475	1	56.44013184652185	25	45	75	114	185	429	0.008569649685516174	1.01260666537449	5.664166713172725	1.0267584877919342	-17.783224068760436	1.1172025710720819	-5.176442223094762	1.1172025710720819	-0.39934300623281693	1.1172025710720819	0.002488695318200553	1.308214066216598	NaN	NaN	800000009	800000009	800000009	800000019	800000019	800000019	899999999	899999999	89999	89999	89	89	13	5	0	34	10	1	7	NaN	0	0	0	0	0	0	0	0	0	NaN	NaN	NaN	NaN	0	0	0	0	0	0	300	150	0	18000	0	20	18000	18000	18000	18000	93	NaN	0.22084636117862158	0.1732163111837784	0.11952626340706264	0.04996096969011068	1.3371211439892836	0.041914001967640585	2.121327389538152e-8	NaN	0.004710915928907575	-0.1270615752367101	-0.009802321603305603	0.000002488695318200553	NaN	19.11942130514327	468.6971782686648	91.35209655634564	91.10197864956326	91.60221542400782	-0.5002330132888428	0.00027247640852389544	34.16267923529059	227
DATA	2026-10-09T020000_AIU-1657.ghg	2026-10-09	02:30:00	282.104	0	18000	18000	0.1781634749999772	1	NaN	32.08015663576541	1	NaN	2.9163953866651937	2	NaN	-9.030683010502738	1	NaN	0.06548708716841636	2	NaN	0.036125463582202415	1	NaN	NaN	NaN	NaN	NaN	NaN	NaN	NaN	NaN	NaN	8.205442364151769e-10	1.9859102983015606e-11	3.844615920188323e-12	NaN	19.136348225044223	468.47304621296	473.84557894631433	0.1	1	463.1446950139982	11.338151018104117	11.468178963090281	0.1	1	0.08966233113975206	2.0878259760722955	2.1117695380096815	-0.1	0	NaN	NaN	NaN	NaN	9	295.78954742346866	285.2913273353362	97782.308116393	1.1889493237103033	1011.5489156498637	0.024257067982508984	0.0042435632485133806	0.008422843395345133	1108.9679654683075	1411.3890939875719	0.007084274516478403	78.57280251012573	302.42112851926436	281.6463982265058	-0.614233228976178	-2.602248311769004	0.8135226854777171	2.79478047357395	-1.0746626052697773e-14	4.287883073434616e-14	2.79478047357395	4.5836904160136225	264.28097670025613	256.71902329974387	16.923010512784522	NaN	0.38710400566301467	0.3263050674247354	-155.2451399024118	-0.012902819381393598	10.999933953553555	0.06890624464618085	0	16.94268507634813	-2.5711178256331912	5.8158755222056255	14.482352376650613	22.08650115592026	30.976631911820622	46.40863928529065	0.1758543577690715	1.0131308502115028	31.46802584029073	1.0284098249795388	2.5976111048904253	1.1227220969199758	-8.04356041025388	1.1227220969199758	0.05832884856196438	1.1227220969199758	0.02023206405850182	1.3099264650535722	NaN	NaN	800000009	800000009	800000009	800000019	800000019	800000019	899999999	899999999	89999	89999	89	89	21	14	0	23	6	0	9	NaN	0	0	0	0	0	0	0	0	0	NaN	NaN	NaN	NaN	0	0	0	0	0	0	300	0	0	18000	0	20	18000	18000	18000	18000	93	NaN	0.248791646088934	0.2237837549155588	0.180034733844978	0.07925494893188959	4.020937380282268	0.04100914457246784	4.7430570476408925e-7	NaN	0.02616491119521218	-0.1973513917891667	0.0014311174228875934	0.00002023206405850182	NaN	19.1378336812173	463.17917714314234	91.52072169537016	91.25062014982436	91.7908220876058	-0.5402014349102952	0.0002724033766086601	33.687748510466676	212
DATA	2026-10-09T023000_AIU-1657.ghg	2026-10-09	03:00:00	282.124	0	18000	18000	0.17167837016321474	1	NaN	44.4795911408027	1	NaN	80.34239796902986	1	NaN	3.2765938871101037	2	NaN	1.803694967005168	1	NaN	0.019064847916362346	2	NaN	NaN	NaN	NaN	NaN	NaN	NaN	NaN	NaN	NaN	-2.6869484525027627e-10	-6.440469319892333e-12	-1.2542978099748924e-12	NaN	19.170801178016603	468.8800446690291	474.2095912744936	0.1	0	459.5136788343162	11.238799685895813	11.366546019732098	0.1	1	0.08949145976601347	2.0816882754490424	2.1053498810306706	0	1	NaN	NaN	NaN	NaN	9	295.6143145319621	285.0728857059802	97794.75579427084	1.1900567426033057	1011.4894974848019	0.024235409685417587	0.11687943386193489	0.008356498876588129	1099.390491481691	1391.2153452831474	0.00702193313766526	79.02374676998242	291.82485380145636	281.5184704588371	-0.6148123806026281	-2.31662998057825	0.7585734163136297	2.5140012645568466	-2.6617220199696995e-14	-1.4015838083929011e-14	2.5140012645568466	4.2277355083306905	265.86314921502594	255.13685078497411	17.562109889877668	NaN	0.37981661257964616	0.31661549373563763	-105.77010242149093	-0.0189382439284941	0.5536253866600864	0.09728766573443452	0	17.813594992697283	-2.7032817654311363	6.114830713883716	15.226793074217207	23.221820191094935	32.568933001378326	48.794196472696164	0.1695361150836389	1.0126359807084113	47.923027538496264	1.026857380028655	71.89202346686577	1.1175425881017076	2.9319633291790943	1.1175425881017076	1.6139832040486082	1.1175425881017076	-0.0006982005224585876	1.3083125500876749	NaN	NaN	800000009	800000009	800000009	800000019	800000019	800001019	899999999	899999999	89999	89999	89	89	20	3	2	26	7	0	2	NaN	0	0	0	0	0	0	0	0	0	NaN	NaN	NaN	NaN	0	0	0	0	0	0	300	0	0	18000	0	15	18000	18000	18000	18000	93	NaN	0.294678536917716	0.18564609273013027	0.152906357823429	0.11970952053010964	3.44606495455011	0.04523933782369157	1.5356445636752304e-7	NaN	0.039812110404236135	0.07186522801867484	0.03956027342597763	-6.982005224585876e-7	NaN	19.172300969971545	459.54846801452635	91.55919817097981	91.27529120424057	91.8431057679918	-0.5678149579068013	0.0002720608976798961	30.044770080143582	252
DATA	2026-10-09T030000_AIU-1657.ghg	2026-10-09	03:30:00	282.145	0	18000	18000	0.050923096895414306	1	NaN	25.564707211084265	0	NaN	26.338064133477776	1	NaN	0.33691842396282373	2	NaN	0.5912794796149895	1	NaN	0.0045578011152805535	1	NaN	NaN	NaN	NaN	NaN	NaN	NaN	NaN	NaN	NaN	1.2876994153657896e-11	3.0667044763971353e-13	6.010495387966305e-14	NaN	19.210530080549418	469.5447593284964	474.85476798848026	0.1	0	457.50598228894614	11.182384631994848	11.30884448072169	0.1	1	0.08966751174359336	2.0855285382991506	2.1091134561988825	0	1	NaN	NaN	NaN	NaN	9	295.4813502298991	285.0504372944805	97786.76436793784	1.190078702548539	1011.4576338573565	0.02423548167264396	0.03831491027905132	0.008314527321674156	1093.7825279858673	1389.1566101552037	0.006986535683622182	78.73716469330728	295.37408216933636	281.4431071663273	-0.6312778094043974	-2.109802497179962	0.7440926076118851	2.324532653772761	6.179466541502123e-14	6.703091533479234e-16	2.324532653772761	3.7102766330828114	267.6578037332024	253.34219626679763	18.66922506804587	NaN	0.20685668573965896	0.18941564471326364	-29.72624060500239	-0.06738490839177674	0.9706372906347922	0.10267102111342347	0	12.591365898936145	-1.9107883529640959	4.322208457087222	10.762910189855225	16.414117138356815	23.021032673438864	34.489701926206656	0.050301509726825434	1.0123572268897008	26.472278305727567	1.0258602374734784	23.64033928766999	1.1141153184385484	0.3024089323491402	1.1141153184385484	0.5307165872592774	1.1141153184385484	-0.00444564135397358	1.3073638208758058	NaN	NaN	800000009	800000009	800000009	800000019	800000019	800000019	899999999	899999999	89999	89999	89	89	17	12	0	21	2	0	7	NaN	0	0	0	0	0	0	0	0	0	NaN	NaN	NaN	NaN	0	0	0	0	0	0	300	150	17996	18000	0	15	18000	18000	18000	18000	93	NaN	0.12477075937245448	0.14608792506728546	0.10797260498678736	0.10801567620149471	4.08610907720562	0.032794450442545	4.049487404160994e-8	NaN	0.02199216272167843	0.0074119314383061866	0.013007667886595716	-0.0000044456413539735795	NaN	19.212031093423413	457.5399920543409	91.55789394802517	91.26550613106622	91.85028283437093	-0.5847766479717358	0.0002713585188515329	33.725761504469205	070
DATA	2026-10-09T033000_AIU-1657.ghg	2026-10-09	04:00:00	282.166	0	18000	18000	0.21796910283985532	1	NaN	28.017170346391143	0	NaN	17.59711521952793	1	NaN	-2.5487841808897853	0	NaN	0.3949968043968552	1	NaN	-0.004664938300361057	1	NaN	NaN	NaN	NaN	NaN	NaN	NaN	NaN	NaN	NaN	4.477921565803833e-10	1.0625076921669185e-11	2.0850398185121644e-12	NaN	19.284009551428937	470.9890054286881	476.31202317449856	0.1	0	457.5651489897303	11.175484738625503	11.301787694524853	0.1	1	0.08979149631014251	2.0871251994108575	2.1107134453064917	-0.1	0	NaN	NaN	NaN	NaN	9	295.224550154792	284.9138923008491	97779.06343087924	1.19055840081915	1011.4512561000125	0.024225780217906914	0.025595792924916216	0.008312724569821295	1093.021543963055	1376.6917496645249	0.006982206470595495	79.39479147960353	283.67020570146997	281.4328543502778	-0.3639482846402876	-2.8458380774292373	0.5571470643512451	2.92261279819175	1.233132905920498e-14	2.3220905143515763e-14	2.92261279819175	5.211618909679994	258.2878774762155	262.71212252378456	10.989740009022373	NaN	0.4278801273605847	0.4274845946627654	-240.04252278844058	-0.008344771487697682	1.5921456441508002	0.054375904273069986	0	17.022391830331838	-2.5832136330608435	5.843236271541364	14.550484511125715	22.190406959874167	31.12236127926818	46.62696843309469	0.21509056540172417	1.0133829088819164	28.288022302478154	1.0291404415178262	15.640411653768398	1.1251056307899725	-2.2653732335338175	1.1251056307899725	0.35107530669766124	1.1251056307899725	-0.011940346142410758	1.3107336246390173	NaN	NaN	800000009	800000009	800000009	800000019	800000019	800001019	899999999	899999999	89999	89999	89	89	24	0	2	27	22	0	14	NaN	0	0	0	0	0	0	0	0	0	NaN	NaN	NaN	NaN	0	0	0	0	0	0	300	0	18000	18000	0	20	18000	18000	18000	18000	93	NaN	0.3598483472189409	0.27772594712952475	0.21739489497706513	0.09306762355109888	2.326795635293408	0.0280699001752218	1.9373160151308538e-8	NaN	0.023491293113041007	-0.05550084933706665	0.008601221827184837	-0.000011940346142410757	NaN	19.285505504566824	457.5988684704629	91.51762053341335	91.21131540044149	91.8239235780504	-0.612606279762255	0.00027147105523100533	33.328349422242894	118
DATA	2026-10-09T040000_AIU-1657.ghg	2026-10-09	04:30:00	282.187	0	18000	18000	0.030936791379209364	1	NaN	18.96121462554639	1	NaN	20.007974984225196	0	NaN	2.7529853091968297	0	NaN	0.44901702170610025	0	NaN	0.003415384329484927	0	NaN	NaN	NaN	NaN	NaN	NaN	NaN	NaN	NaN	NaN	7.303923520685241e-11	1.692994147650558e-12	3.4152999889037125e-13	NaN	19.224462167296885	469.08930844219327	474.2458474951849	0	0	445.6084712386158	10.87313485237005	10.992659521736076	0.1	1	0.08989319951215621	2.0870977841645493	2.11004053949444	0	0	NaN	NaN	NaN	NaN	9	295.09753273095026	284.6918455376059	97802.71335231286	1.1919119995040686	1011.2787806113143	0.0242010463991251	0.029096303006555295	0.008096091803860776	1063.7073429261088	1356.6316769396017	0.006792524789774247	78.40796886931794	292.92433401349285	281.0330277713637	-0.5465506079900355	-2.0191506400211816	0.6667772607039357	2.1955133316798823	4.156332602849256e-15	3.799286272419153e-15	2.1955133316798823	3.640433102803348	266.1460655210832	254.85393447891678	17.67996609927821	NaN	0.1611074183239625	0.14807331246714384	-18.935525089902946	-0.10578528931675202	0.947682843490953	0.09764174428365853	1	25.014494689364096	11	20	35	56	96	246	0.03056395930672823	1.0121984219629248	19.670714912739204	1.0252100909332025	17.995685657894114	1.1118206532713222	2.4761055671134464	1.1118206532713222	0.4038574210552327	1.1118206532713222	-0.0033016383262501814	1.3067946891338893	NaN	NaN	800000009	800000009	800000009	800000019	800000019	800100019	899999999	899999999	89999	89999	89	89	6	2	0	9	0	0	7	NaN	0	0	0	0	0	0	0	0	0	NaN	NaN	NaN	NaN	0	0	0	0	0	0	300	0	18000	18000	0	15	18000	18000	18000	18000	93	NaN	0.1328026511556016	0.10272732957188004	0.060616644206806035	0.15587929694159716	9.117685007090417	0.03816059080999124	2.5578281410260004e-8	NaN	0.016319432696043995	0.06058325228808288	0.009881241071933137	-0.0000033016383262501815	NaN	19.22598360368941	445.64193260167036	91.59076610946656	91.28486225382487	91.89667000876533	-0.611808612803618	0.00027113259778060544	34.257360230286906	072
DATA	2026-10-09T043000_AIU-1657.ghg	2026-10-09	05:00:00	282.208	0	18000	18000	0.024641699330696914	1	NaN	42.731249880820066	0	NaN	21.557415120657506	0	NaN	-1.243007283802143	2	NaN	0.48352193276204253	0	NaN	0.019912509951471462	0	NaN	NaN	NaN	NaN	NaN	NaN	NaN	NaN	NaN	NaN	1.8876026984571186e-10	4.389707356642795e-12	8.745160173455619e-13	NaN	19.37631321319095	471.93404579700666	477.1710189420041	0.1	1	450.60512323955845	10.975044453891897	11.09683268591724	0.1	1	0.08976940049879295	2.0788674642305405	2.1019363086573035	0	0	NaN	NaN	NaN	NaN	9	294.70130896843807	284.11467869990287	97816.17416468044	1.1944514766353054	1011.3250490586977	0.024148659042155754	0.03133222124298035	0.008189701304012639	1073.8248246653106	1305.687597895388	0.006856453748194537	82.24209423419411	231.86277323007744	281.17210975179034	-0.5931742173833338	-1.6616389187640508	0.6755089899318039	1.8892358095268182	1.123938979197544e-14	9.741805253086443e-15	1.8892358095268182	2.9448942490689065	270.6456202111972	250.35437978880282	20.950222436562047	NaN	0.14363195482402408	0.1030005682199978	-5.954567862609561	-0.33639720735706774	1.982206569834647	0.24628346146990576	1	20.202119174346777	9	16	27	41	66	155	0.024350711554858573	1.011949867468258	43.085949898080365	1.0237860860046395	19.48120753937387	1.1065748915762728	-1.123292506692907	1.1065748915762728	0.43695364538163745	1.1065748915762728	0.0036290199951992093	1.3057374064264062	NaN	NaN	800000009	800000009	800000009	800000019	800000019	800000019	899999999	899999999	89999	89999	89	89	16	6	0	28	12	0	6	NaN	0	0	0	0	0	0	0	0	0	NaN	NaN	NaN	NaN	0	0	0	0	0	0	300	150	18000	18000	0	15	18000	18000	18000	18000	93	NaN	0.08241132295801183	0.07313636514244842	0.050453448339535335	0.07473106408353239	6.573634105117796	0.04162851520108518	4.379397589885075e-8	NaN	0.035667806031723016	-0.027427102157888995	0.010668968410932823	0.000003629019995199209	NaN	19.377857250004016	450.6385282953817	91.47444604407417	91.1424362343682	91.80645381885104	-0.6640150581267169	0.000271210856404246	34.02968948576186	113
DATA	2026-10-09T050000_AIU-1657.ghg	2026-10-09	05:30:00	282.229	0	18000	18000	0.02880064588904663	1	NaN	22.77033441056034	0	NaN	1.3089008056136404	2	NaN	-4.653317522054912	2	NaN	0.029361393711056744	2	NaN	0.010458137208827064	2	NaN	NaN	NaN	NaN	NaN	NaN	NaN	NaN	NaN	NaN	4.434294556671731e-10	1.0206968629309706e-11	2.062230949016175e-12	NaN	19.275275130933792	469.26571735223695	474.3899226819973	0.1	1	443.68303924857986	10.801674076022334	10.919624298729826	0.1	1	0.08964237359019482	2.0768913787586762	2.099570252323992	0.1	0	NaN	NaN	NaN	NaN	9	294.7613254869249	284.2359124152405	97835.52408633474	1.194256810299842	1011.2306880629342	0.02415418528074694	0.001902618312476477	0.008058486259112705	1057.0709162823225	1316.2464222242388	0.0067476996485282435	80.30949968289734	259.1755059419163	280.9411637821742	-0.46791223593162357	-1.6363519370423554	0.5225313025414142	1.7803450464818384	-1.5814635074575372e-14	2.3005090856292806e-14	1.7803450464818384	2.958600110620429	266.95779710789463	254.04220289210537	17.06761364160648	NaN	0.15529313250785337	0.1043583133573381	-14.124704605246812	-0.14181535515128021	17.396531740909982	0.12141411848204943	1	19.3917759060302	9	16	27	42	72	180	0.02846149944312071	1.0119159725440219	22.40109807085611	1.0233302969445859	1.1847433252173343	1.1047969444128583	-4.211921064397862	1.1047969444128583	0.026576280699853662	1.1047969444128583	0.0023687062084285747	1.3054755420330018	NaN	NaN	800000009	800000009	800000009	800000019	800000019	800000019	899999999	899999999	89999	89999	89	89	15	3	0	39	0	0	19	NaN	0	0	0	0	0	0	0	0	0	NaN	NaN	NaN	NaN	0	0	0	0	0	0	300	0	18000	18000	0	20	18000	18000	18000	18000	93	NaN	0.10708154542184654	0.055184495173663375	0.04645058611916627	0.05008666651010897	8.374108162445884	0.03251206647923476	6.224863044700692e-8	NaN	0.0185490358269733	-0.10284673669865453	0.0006489399259333305	0.0000023687062084285745	NaN	19.276793503709627	443.71673592461946	91.51375207943387	91.18159053378635	91.84591419643826	-0.6643221333192452	0.000271171877433921	33.156893182467606	037
DATA	2026-10-09T053000_AIU-1657.ghg	2026-10-09	06:00:00	282.249	0	18000	18000	0.1085083849167586	1	NaN	33.971894015434074	0	NaN	-89.61362280147374	1	NaN	-22.37834380651451	1	NaN	-2.010517402226516	1	NaN	-0.007561337104062887	1	NaN	NaN	NaN	NaN	NaN	NaN	NaN	NaN	NaN	NaN	9.835692677025673e-10	2.3545369469912728e-11	4.552069076740477e-12	NaN	19.391573282995566	472.2089846883068	477.6078973847812	0.1	1	464.2090522180591	11.304069145499927	11.433312095995136	0.1	1	0.0897463798325635	2.0811661229571117	2.1049607447644925	0	1	NaN	NaN	NaN	NaN	9	294.88095366753475	284.3894123521363	97872.61545506709	1.1938369615686661	1011.513507288262	0.024158070807672995	-0.13028152766427825	0.00843193693377888	1106.6555815947002	1329.7232333440484	0.007062888154090627	83.22450520862394	223.06765174934822	281.6156008337648	-0.5576916403385602	-2.0968168853918248	0.5393003574691558	2.23573385986223	6.887908190999088e-15	5.072147851794249e-14	2.23573385986223	4.7644702164491495	265.89417667264854	255.10582332735146	13.958468091860645	NaN	0.3014804392292461	0.3060978961514423	-69.29562606635099	-0.028906586370718683	-0.37909296548242427	0.09331337855486452	0	15.235317932231833	-2.3120182744489437	5.2297916319522395	13.022920621531343	19.86077564475276	27.85502023555457	41.731896162120414	0.10719578516627157	1.0122448820954206	28.27810630591656	1.025409995520877	-80.54941946440944	1.1125297165061419	-20.11482792279281	1.1125297165061419	-1.807158381836731	1.1125297165061419	-0.01000842113112254	1.3069645851568967	NaN	NaN	800000009	800000009	800000009	800000019	800000019	800010019	899999999	899999999	89999	89999	89	89	19	12	0	48	10	0	4	NaN	0	0	0	0	0	0	0	0	0	NaN	NaN	NaN	NaN	0	0	0	0	0	0	300	0	18000	18000	0	15	18000	18000	18000	18000	93	NaN	0.2758708817964993	0.19391308902787385	0.14241182147851136	0.04077539499543008	7.897387587741461	0.0669849877447533	5.675064233190093e-8	NaN	0.023417127233197433	-0.49149279609751323	-0.04415674493906737	-0.00001000842113112254	NaN	19.393047480326494	464.2420740581656	91.29904489983457	90.94839798397484	91.64969258880615	-0.7012943602601727	0.00027092355195135404	34.02103672114476	140
DATA	2026-10-09T060000_AIU-1657.ghg	2026-10-09	06:30:00	282.27	0	18000	18000	0.09289853837612459	0	NaN	39.23582247507379	0	NaN	18.392482210962218	1	NaN	-1.6373564433103618	1	NaN	0.41261443432348466	1	NaN	0.011906509235734377	2	NaN	NaN	NaN	NaN	NaN	NaN	NaN	NaN	NaN	NaN	3.231401904079826e-11	7.890708419581589e-13	1.4812513940431824e-13	NaN	19.55726333771189	475.9109883974929	481.5066708333162	0.1	1	477.5656729298175	11.62119400368691	11.757834074530185	0.1	1	0.08964908866978166	2.0784783393157276	2.102916742756907	-0.1	0	NaN	NaN	NaN	NaN	9	294.73459949027165	284.31796535168667	97923.58889742232	1.1946150037047418	1011.6893275619824	0.024139429432167663	0.026737415344161804	0.00867518099891149	1138.2942776233408	1323.4353799176724	0.007261905276602089	86.01056726276663	185.14110229433163	282.03214546974374	-0.4338941078263965	-2.4489011935138434	0.49325505763710525	2.535484510756178	2.4824118522784286e-14	1.652277135241502e-15	2.535484510756178	4.517813820874358	261.0473437035994	259.9526562964007	11.21789672468021	NaN	0.2788627193163278	0.42747438566993445	-47.50304083271365	-0.04216782683563567	2.133253251248959	0.11641720525737319	0	13.169581844445359	-1.9985348534665137	4.520691280139308	11.25716048341422	17.167880021353955	24.078195834347056	36.07352498159714	0.09173617778942698	1.0126706890858883	39.362505487610285	1.0269732534577285	16.452247941169816	1.117931256368754	-1.4646307042427602	1.117931256368754	0.3690874836649009	1.117931256368754	-0.001674028655881938	1.3084273428169613	NaN	NaN	800000009	800000009	800000009	800000019	800000019	800011019	899999999	899999999	89999	89999	89	89	11	5	0	65	13	0	8	NaN	0	0	0	0	0	0	0	0	0	NaN	NaN	NaN	NaN	0	0	0	0	0	0	300	150	18000	18000	0	20	18000	18000	18000	18000	93	NaN	0.3866180655880557	0.29293961923692297	0.1753910865148902	0.044051748168309236	0.6151438237514605	0.014936794559920114	4.844180320751978e-8	NaN	0.032569238214486686	-0.035771164681861936	0.009014346839749766	-0.0000016740286558819382	NaN	19.558833471370598	477.60089530628943	91.04653635618422	90.66496652433608	91.42810276328194	-0.7631316123074959	0.0002709732975765494	33.373480072169826	209
DATA	2026-10-09T063000_AIU-1657.ghg	2026-10-09	07:00:00	282.291	1	18000	18000	0.020241024751623215	1	NaN	15.90777376335705	0	NaN	14.366456617744825	1	NaN	2.8431879290685855	0	NaN	0.32213733167011205	1	NaN	0.010037678909558237	1	NaN	NaN	NaN	NaN	NaN	NaN	NaN	NaN	NaN	NaN	-3.8416650295403754e-10	-9.114963958440238e-12	-1.76947446205987e-12	NaN	19.54521268322782	474.68165555713705	480.0886931321887	0	0	463.74139285377856	11.262580544805344	11.39087114859186	0.1	1	0.09002543020425205	2.082026700450041	2.105742798322795	0	1	NaN	NaN	NaN	NaN	9	294.4268083335029	283.8067039998372	97966.19877427613	1.1974508590773694	1011.4801027990944	0.024085541406902274	0.020874499092223258	0.008426287849048586	1103.6481669125728	1279.1991444980329	0.007036854819696738	86.27649351232583	175.55097758546003	281.5754617045434	-0.45765352301907614	-1.6155171668248427	0.5760140141473422	1.775143545725637	1.7050233972978102e-14	-1.965527360486076e-14	1.775143545725637	3.142643254649301	266.8166876169146	254.18331238308537	18.934600668726073	NaN	0.1300131851405271	0.14930176431097542	-11.876536517980385	-0.1686602821426451	1.1072858246555004	0.10101990691056854	1	23.985351635933277	11	19	33	51	85	210	0.020002688696537103	1.0119152009363308	16.402371622570914	1.0233093039954695	13.004649582814233	1.1047169342209908	2.5736800450818706	1.1047169342209908	0.2916016960464831	1.1047169342209908	0.003095655138958929	1.305465195886449	NaN	NaN	800000009	800000009	800000009	800000019	800000019	800000019	899999999	899999999	89999	89999	89	89	13	1	0	26	2	0	3	NaN	0	0	0	0	0	0	0	0	0	NaN	NaN	NaN	NaN	0	0	0	0	0	0	300	0	18000	18000	0	15	18000	18000	18000	18000	93	NaN	0.17007794196200315	0.0854119201340192	0.04311366652592846	0.05522149994828824	2.5655433965355856	0.013700532441399477	5.2459689244700054e-8	NaN	0.013542274211977514	0.06269477161414877	0.007103408899201815	0.000003095655138958929	NaN	19.546768808735738	463.7771974287337	91.12588751475016	90.74216597196792	91.50960719850326	-0.7674393844339551	0.00026977069269277213	33.209411173327766	073
DATA	2026-10-09T070000_AIU-1657.ghg	2026-10-09	07:30:00	282.312	1	18000	18000	0.05362539024382871	1	NaN	41.73856460375205	0	NaN	10.144711469178135	1	NaN	-10.195604018705088	1	NaN	0.22747653762639153	1	NaN	0.012993512948388738	2	NaN	NaN	NaN	NaN	NaN	NaN	NaN	NaN	NaN	NaN	1.614118047895799e-10	3.834421981271183e-12	7.393960493864436e-13	NaN	19.620915101953138	476.2673179701088	481.7174594989353	0	0	466.10511701831666	11.31397963963259	11.443450606805124	0.1	1	0.08987959171042931	2.0787992402681548	2.1025878766956274	-1.1	0	NaN	NaN	NaN	NaN	9	294.3992397579617	283.8199730718029	97995.67701098719	1.1977317962898102	1011.5090616167458	0.024079421950974473	0.01474047963819017	0.00846689413950583	1109.0184971711358	1280.3305696355612	0.007069106928390445	86.61969990194108	171.31207246442546	281.64707059857614	-0.3868861094725803	-1.9949088675694533	0.556212528315394	2.1068257232777894	-1.0219624105472304e-14	8.22651767009136e-15	2.1068257232777894	3.858295907736151	261.97550826813335	259.0244917318667	15.307838216362766	NaN	0.21159502059210195	0.17835029054951682	-19.517001217486243	-0.10263359507326997	4.114317566405214	0.16281811012439107	0	12.810209998303396	-1.9439987893490152	4.397330554615076	10.94997483446765	16.69940252446062	23.421149483827836	35.089149818998294	0.05298395105334071	1.0121062921457527	41.43944553749491	1.0247789713173376	9.137175461326194	1.110267774994189	-9.183013547122407	1.110267774994189	0.20488439163028227	1.110267774994189	-0.0010120076058904026	1.3064437912942046	NaN	NaN	800000009	800000009	800000009	800000019	800000019	800000019	899999999	899999999	89999	89999	89	89	15	10	0	62	12	0	12	NaN	0	0	0	0	0	0	0	0	0	NaN	NaN	NaN	NaN	0	26	0	0	0	0	300	0	18000	18000	0	15	18000	18000	18000	18000	93	NaN	0.13109134476142717	0.11739688594312224	0.10821235039448422	0.05071016486640172	7.162243897638421	0.013062999406447399	9.120363550008778e-8	NaN	0.03420460497466059	-0.2236527392748737	0.00498996927181249	-0.0000010120076058904027	NaN	19.62244747977787	466.14089317963953	90.99327922905816	90.59086885537039	91.39569456185237	-0.8048324366576102	0.0002696749497085371	33.82829605567984	200
DATA	2026-10-09T073000_AIU-1657.ghg	2026-10-09	08:00:00	282.333	1	18000	18000	0.21334117256165847	1	NaN	62.39407392487898	1	NaN	55.98537980781477	1	NaN	-1.4060750581517274	0	NaN	1.2553767460293186	1	NaN	0.05410190600690984	1	NaN	NaN	NaN	NaN	NaN	NaN	NaN	NaN	NaN	NaN	5.775612207079092e-10	1.3669316400017002e-11	2.657563651202665e-12	NaN	19.70190396855375	478.1816821037333	483.65534054226345	0	0	466.29093050745377	11.31727074985519	11.446817482529147	0.1	1	0.09065543524916402	2.0967875612291498	2.120789105742177	-0.1	0	NaN	NaN	NaN	NaN	9	294.25464866807727	283.82608309298587	98014.84243202684	1.197938755439343	1011.511029614274	0.024075231835133073	0.08134841314269985	0.008470831093265522	1109.5580566967767	1280.851854124831	0.007071172090228312	86.62657223968384	171.2937974280544	281.65424826452414	-0.3255658639269974	-2.1320907311149067	0.5265942507584984	2.2201588957532703	-4.568575586991368e-14	2.931499522227678e-14	2.2201588957532703	4.664996932342823	259.68188453207404	261.31811546792596	13.720611879772997	NaN	0.4220073657060171	0.376565956125599	-103.58859919154217	-0.01933707006015339	1.1144708518378157	0.1220163625132331	0	16.880530870381513	-2.5616856850852954	5.794539994604514	14.42922389622126	22.005476871059805	30.862994200246373	46.238389285850175	0.21076423261646565	1.0122266473452455	64.17132650579647	1.0253322726497123	50.334942316778985	1.112256759041765	-1.2641640940560288	1.112256759041765	1.1286753133429865	1.112256759041765	0.0237421824824431	1.306898047629556	NaN	NaN	800000009	800000009	800000009	800000019	800000019	800011019	899999999	899999999	89999	89999	89	89	16	5	0	61	1	0	9	NaN	0	0	0	0	0	0	0	0	0	NaN	NaN	NaN	NaN	0	0	0	0	0	0	300	150	18000	18000	0	20	18000	18000	18000	18000	93	NaN	0.30007757728567375	0.23711518990807898	0.21593914505744524	0.05759116693417809	0.9847302303565619	0.011913229854468927	2.1365114364922492e-7	NaN	0.05295851257748748	-0.030783522552117967	0.02748424996855885	0.0000237421824824431	NaN	19.70341040229797	466.32548582546565	90.98746650950113	90.58938947380912	91.3855395605299	-0.7961443269749477	0.00026957795455624976	33.65615085863185	192
DATA	2026-10-09T080000_AIU-1657.ghg	2026-10-09	08:30:00	282.354	1	18000	18000	0.14064904258479874	1	NaN	90.38499540972909	1	NaN	57.42260964668384	1	NaN	-17.4591012119064	1	NaN	1.2881876707768662	1	NaN	0.043055168867406304	2	NaN	NaN	NaN	NaN	NaN	NaN	NaN	NaN	NaN	NaN	-2.239223903890173e-10	-5.258838064535657e-12	-1.0503644709745865e-12	NaN	19.44331757381367	472.3250941749227	477.6231763305667	0	0	456.62811289389225	11.09259855509429	11.21702450490991	0.1	1	0.09120378690996388	2.1137477288398148	2.1374576889114083	0.2	0	NaN	NaN	NaN	NaN	9	294.4534184824626	284.29907650705115	98045.39894751942	1.1964206345937463	1011.3941527214622	0.024107837261642603	0.08347456106634092	0.008291437644043654	1087.869982051685	1321.7774045851688	0.006930202810200674	82.30356929070865	233.9074225334839	281.3632808193616	-0.125127910494733	-1.7379049915182612	0.4478785370490063	1.7990458408496577	2.1336057208721356e-14	-1.1516676078499935e-14	1.7990458408496577	3.7889895986518822	255.11814874239576	265.88185125760424	14.415587066303555	NaN	0.342867596284424	0.39839743257741633	-38.35850934682246	-0.052220485991485294	1.5740314828228785	0.21785401303947163	0	15.723100808024471	-2.3860412077288555	5.397231708580574	13.439870087256029	20.496649887913417	28.746842902872583	43.06800902913013	0.13899234671750113	1.0119193315777653	91.83272558740391	1.0234063483647142	51.96136788554351	1.1051019629269563	-15.798633789107107	1.1051019629269563	1.1656731360470955	1.1051019629269563	0.0073470432231714355	1.3055162251170314	NaN	NaN	800000009	800000009	800000009	800000019	800000019	800000019	899999999	899999999	89999	89999	89	89	17	10	1	32	4	0	9	NaN	0	0	0	0	0	0	0	0	0	NaN	NaN	NaN	NaN	0	0	0	0	0	0	300	0	18000	18000	0	15	18000	18000	18000	18000	93	NaN	0.454251980899255	0.17230196537380418	0.1702409188817735	0.09216709262198117	7.124600946490695	0.02172578532654739	2.8938198814429145e-7	NaN	0.07589150077196284	-0.3851442893173687	0.02841716299980016	0.000007347043223171435	NaN	19.444929270108528	456.6612767108754	91.26918338775634	90.9225711385939	91.61580106480916	-0.6932343861626227	0.00026996405639996134	34.01183858622442	147
DATA	2026-10-09T083000_AIU-1657.ghg	2026-10-09	09:00:00	282.374	1	18000	18000	0.08357072247175544	1	NaN	60.18082809291192	0	NaN	55.373380027761556	1	NaN	-4.432087207760761	1	NaN	1.2426459889753467	1	NaN	0.0022778374751895422	1	NaN	NaN	NaN	NaN	NaN	NaN	NaN	NaN	NaN	NaN	1.919374095824854e-10	4.616246724162699e-12	9.058064003069224e-13	NaN	19.234286190288618	468.08821416227187	473.41790191448587	0.1	1	462.59981736061695	11.25789229908901	11.386075510900017	0.1	1	0.0907719843380043	2.107289902024178	2.1312836639719825	-0.1	0	NaN	NaN	NaN	NaN	9	294.67023086886934	284.65993874415176	98082.97305349576	1.1952868343938654	1011.4928964940268	0.02412919038891764	0.08052346008560246	0.00840754370269534	1104.5037389961929	1353.7704008951025	0.007033913083263264	81.5872276617884	249.26666189890966	281.58689059350854	-0.646592860572893	-1.861379846798091	0.717334853659627	2.096994647986653	-1.5032200930865096e-14	9.978920334428346e-15	2.096994647986653	3.2810173216260012	270.15583993297287	250.84416006702713	20.003502096109404	NaN	0.26441799656871134	0.1687587454858575	-26.431849725271164	-0.07578357250135472	1.0868187577269104	0.18824878242282408	0	16.881398055417808	-2.5618172837601745	5.794837671165406	14.429965152947378	22.006607334337627	30.864579691067203	46.24076464001403	0.08257185347233265	1.0120969671554907	62.017092242766175	1.0247320668350115	49.881453283791096	1.1100995737378618	-3.9925132056733417	1.1100995737378618	1.1194004739513432	1.1100995737378618	-0.01698871851987666	1.3064058210224374	NaN	NaN	800000009	800000009	800000009	800000019	800000019	800000019	899999999	899999999	89999	89999	89	89	12	1	0	27	0	0	1	NaN	0	0	0	0	0	0	0	0	0	NaN	NaN	NaN	NaN	0	0	0	0	0	0	300	0	18000	18000	0	15	18000	18000	18000	18000	93	NaN	0.1304832949221853	0.12226900191144814	0.0847651941380816	0.12852400008562745	18.17536509985779	0.0768674663665619	4.527140727301415e-7	NaN	0.05129516448424666	-0.09743329908752552	0.02731785107742049	-0.000016988718519876658	NaN	19.235833430675665	462.6331418945205	91.32361977513631	91.01359520721437	91.63364536115859	-0.6200501312050504	0.00027081878298809497	33.58038622315726	051
DATA	2026-10-09T090000_AIU-1657.ghg	2026-10-09	09:30:00	282.395	1	18000	18000	0.20336316521852246	1	NaN	45.82174049806931	1	NaN	117.88302037584629	1	NaN	-2.2278536899554977	2	NaN	2.6485275282783336	1	NaN	0.07106404080569148	2	NaN	NaN	NaN	NaN	NaN	NaN	NaN	NaN	NaN	NaN	3.873379140259829e-10	9.537489164827382e-12	1.913175120126617e-12	NaN	18.867764957717824	460.9390706007017	466.2306878800802	0.1	1	464.584274692697	11.349783308857537	11.48007972611738	0.1	1	0.0931934034401836	2.175480052514541	2.200454736959986	-0.7	0	NaN	NaN	NaN	NaN	9	295.1907544021607	285.87693885760126	98111.43504259357	1.1905022371638103	1011.5668016631014	0.024225319593279355	0.171624583832436	0.008442534594533114	1113.842224118009	1466.7470422894285	0.007091573901319297	75.93962639797968	352.9048181714195	281.7111308216309	-0.32623254848830274	-0.4207631351279071	0.43327862572419834	0.6864398437483811	-2.5010309032296534e-14	2.0529083062779147e-14	0.6864398437483811	2.64235709045157	288.7876878528373	232.21231214716278	39.13847480856477	NaN	0.4133053608976035	0.2801525133364137	-132.6052635585876	-0.015105735219288569	0.38870517867608	0.09206101508782427	0	18.72047029634435	-2.840903591506892	6.426131659182913	16.00197644390832	24.40402374100556	34.226990289488576	51.2782684278816	0.20019142684759586	1.0158435274720392	51.65733599077213	1.022331133023204	107.85103907181923	1.0930170111513402	-2.038260765592995	1.0930170111513402	2.4231347739853386	1.0930170111513402	0.03732828719424537	1.3101222123816028	NaN	NaN	800000009	800000009	800000009	800000019	800000019	800000019	899999999	899999999	89999	89999	89	89	7	0	0	16	8	1	3	NaN	0	0	0	0	0	0	0	0	0	NaN	NaN	NaN	NaN	0	0	0	0	0	0	300	150	18000	18000	0	20	18000	18000	18000	18000	93	NaN	0.22193351501314612	0.17845004794392919	0.1599214637157521	0.07793977534684203	1.633550277690128	0.06156443777406713	7.495571982824857e-7	NaN	0.042895054281261016	-0.04994453010922036	0.05937529177862597	0.000037328287194245374	NaN	18.869318932796546	464.61141051177907	91.4649247004191	91.21940017615424	91.7104495347341	-0.49104601352496074	0.0002711971573363474	34.516418967776815	070
DATA	2026-10-09T093000_AIU-1657.ghg	2026-10-09	10:00:00	282.416	1	18000	18000	0.01944990323538997	1	NaN	30.41950177388535	0	NaN	24.30726938038793	1	NaN	-2.7141996777405812	1	NaN	0.5465028558034053	1	NaN	0.015589593575391941	1	NaN	NaN	NaN	NaN	NaN	NaN	NaN	NaN	NaN	NaN	7.462629607780961e-11	1.9234944711273586e-12	3.71037624508592e-13	NaN	18.63081451668802	456.78841658526915	462.2305956389669	0.1	0	480.2096660148295	11.77373178029198	11.91400406862528	0.1	1	0.09263133137043954	2.169844657399913	2.1956961954764607	1.2	0	NaN	NaN	NaN	NaN	9	295.7174431499906	286.60385876499333	98127.79087482345	1.187489485781712	1011.8170974063165	0.02428287094337832	0.03541338505606066	0.008737132063615398	1155.6401950728575	1538.112047853961	0.007357650040887591	75.13368071495542	382.4718527811035	282.256202890868	-0.7731603200136422	-0.10051228204287915	0.5830645589215041	0.9735727395297206	2.3135173353021838e-14	4.005530515639305e-15	0.9735727395297206	1.9137282569765937	333.59298290028823	187.40701709971188	36.790557226756675	NaN	0.12798050985787993	0.11962405085396743	-5.931818430770957	-0.33768734214942203	1.2514569735434378	0.197822858912037	1	9.508821202403585	4	8	13	20	33	78	0.01919190155390424	1.0134432578637964	31.269719763099285	1.0215044836720435	22.21234830904333	1.0943133540946544	-2.480276483499636	1.0943133540946544	0.4994025283146957	1.0943133540946544	0.0028196357269457493	1.306765319409042	NaN	NaN	800000009	800000009	800000009	800000019	800000019	800010019	899999999	899999999	89999	89999	89	89	39	2	0	33	0	3	3	NaN	0	0	0	0	0	0	0	0	0	NaN	NaN	NaN	NaN	0	0	0	0	0	0	300	0	18000	18000	0	15	18000	18000	18000	18000	93	NaN	0.046517559557044626	0.1454268634779246	0.04730367867296563	0.06542274501964988	3.7634030410123063	0.12955934656961665	3.273382126401255e-7	NaN	0.02602508774426001	-0.06094598794621559	0.012271446620350747	0.0000028196357269457494	NaN	18.632233387351373	480.2303888912361	91.45257563887702	91.25389673508536	91.65125607257418	-0.3973615933938196	0.000272702883085003	31.242526840945224	110
DATA	2026-10-09T100000_AIU-1657.ghg	2026-10-09	10:30:00	282.437	1	18000	18000	0.029505292502848838	1	NaN	35.25303207996976	1	NaN	34.821318959787256	0	NaN	-4.904153219139268	2	NaN	0.7836709108703372	0	NaN	0.023818883416912903	1	NaN	NaN	NaN	NaN	NaN	NaN	NaN	NaN	NaN	NaN	6.78017508901939e-11	1.7628863938522755e-12	3.441140146554346e-13	NaN	18.341999423912565	451.54445156987816	456.9087558892371	0.1	1	476.90304152806607	11.740427930558848	11.879903076449935	0.1	1	0.09309109242314687	2.1907886252984774	2.2168149818280125	0.7	0	NaN	NaN	NaN	NaN	9	296.1290421023899	287.6398894487801	98136.91404219632	1.1833373220384127	1011.8189549090196	0.024368384355849027	0.05078187502439785	0.008681844140511165	1152.4784238757406	1645.0932353793567	0.0073367449659712	70.0555080460215	492.614811503616	282.2155841822876	-0.2955173868777753	0.476541929171686	0.23477334915919218	0.6078990555027395	2.582901273315183e-14	3.696529986899923e-15	0.6078990555027395	1.607091129906516	39.19575581461794	121.80424418538206	22.718537304918865	NaN	0.15790492695471434	0.08344920291157686	-9.61466426644918	-0.20833800791046972	1.0123979542728139	0.18646160659186212	1	3.436127395612197	2	3	5	8	13	35	0.029013288774062146	1.016957875152249	36.57487253854498	1.0228947938742707	31.853491373505754	1.0931711865265106	-4.486171314780018	1.0931711865265106	0.7168784912456457	1.0931711865265106	0.0073132835898505714	1.3117056403771348	NaN	NaN	800000009	800000009	800000009	800000019	800000019	800010019	899999999	899999999	89999	89999	89	89	0	0	0	31	3	1	0	NaN	0	0	0	0	0	0	0	0	0	NaN	NaN	NaN	NaN	0	0	0	0	0	0	300	0	4	18000	0	15	18000	18000	18000	18000	93	NaN	0.07227559595109677	0.055810315235279885	0.03881249463677705	0.08959701878265437	12.78768126104477	0.05323703834272641	2.441114128803844e-7	NaN	0.030547202794361992	-0.11061981926953864	0.01767675899459079	0.0000073132835898505714	NaN	18.34365514906465	476.9435269817637	91.48175130250719	91.33063475608824	91.6328666797214	-0.3022322861701259	0.00027328565503315376	32.574969918884506	236
DATA	2026-10-09T103000_AIU-1657.ghg	2026-10-09	11:00:00	282.458	1	18000	18000	0.017593203369537545	1	NaN	18.26082058820976	1	NaN	33.63240424360342	1	NaN	0.885370293947924	1	NaN	0.7578645267066169	1	NaN	0.02280985205511173	1	NaN	NaN	NaN	NaN	NaN	NaN	NaN	NaN	NaN	NaN	2.9476606252289025e-10	7.923350982438808e-12	1.5298885650009277e-12	NaN	17.90310750088669	443.1148709882147	448.456429553195	0.1	1	481.23791182657766	11.910986693405626	12.054568498384631	0.1	1	0.0929203287826322	2.1998174003894415	2.226335249926375	0.8	0	NaN	NaN	NaN	NaN	9	296.8023169962564	288.94507509220796	98156.51906845869	1.1781511058483858	1011.9407462471647	0.024474068325927027	0.04910962133058877	0.008769934815673156	1169.454602190289	1789.1319020648684	0.0074438115553589635	65.36435915320726	619.6772998745794	282.4325331655418	-0.36837677283208164	-0.08363441171801228	0.26008453065642567	0.4586285257944417	-1.0025571758732878e-13	1.6464519497986108e-14	0.4586285257944417	1.753781137114062	328.2086876894954	192.7913123105046	34.54768434131192	NaN	0.12220021327359576	0.15572180621700982	-8.604492028271503	-0.23279700805329107	0.5429531726588593	0.12534073790457315	1	3.240291525929826	2	3	5	7	12	32	0.01724543709247556	1.0201656980450626	19.80632106147005	1.0247398872692983	30.72691101958287	1.0945585848889536	0.8088834222041642	1.0945585848889536	0.6923928396062095	1.0945585848889536	0.011090640204561249	1.3162852478347964	NaN	NaN	800000009	800000009	800000009	800000019	800000019	800000019	899999999	899999999	89999	89999	89	89	11	0	0	23	23	4	3	NaN	0	0	0	0	0	0	0	0	0	NaN	NaN	NaN	NaN	0	0	0	0	0	0	300	150	0	18000	0	15	18000	18000	18000	18000	93	NaN	0.09476751458701226	0.18639877290357712	0.0302773249434303	0.07847882304096195	1.1519112268391616	0.09998235967820711	3.1230932357911415e-7	NaN	0.016612987418082217	0.02003537321948828	0.01714999785532788	0.000011090640204561248	NaN	17.90454430169242	481.257271654386	91.46126031748456	91.3677262179057	91.55479484685264	-0.18707243073235527	0.000275370977510142	33.48122458672933	234
DATA	2026-10-09T110000_AIU-1657.ghg	2026-10-09	11:30:00	282.479	1	18000	18000	0.04395964407959994	1	NaN	27.079402313391324	0	NaN	61.74729574473141	1	NaN	-1.2876494994754062	0	NaN	1.3931540129327507	1	NaN	0.05200591512807026	1	NaN	NaN	NaN	NaN	NaN	NaN	NaN	NaN	NaN	NaN	1.0050643970237906e-10	2.7397642236881982e-12	5.17432543208223e-13	NaN	17.592494669236192	437.74182081852	443.0283281415416	0.1	1	479.5641716384244	11.932662060681098	12.076770076792004	0.1	1	0.09057060706792221	2.156906428090935	2.182954891100144	0	1	NaN	NaN	NaN	NaN	9	297.6512336781819	290.2542793713585	98153.0117134534	1.1727854411907808	1011.9808325263261	0.02458583834124686	0.09027638003804224	0.008745952488305609	1171.5408881836347	1944.6149401381151	0.00745741904795941	60.24539172266293	773.0740519544804	282.4590032677223	-0.4108255083465964	-0.24789610968579487	0.3311423530905312	0.5829968589245617	2.0226264720703938e-14	5.713029424879326e-15	0.5829968589245617	1.8032632757334064	309.89281010417596	211.107189895824	34.610893484081785	NaN	0.19360554904125613	0.1680128478361034	-23.075255035785638	-0.08680727458455155	0.4385520367618994	0.1178502263395608	1	2.3220492705130513	1	2	3	6	10	29	0.04320880002692028	1.017377109575176	30.109481133461454	1.0231209939262285	56.47848806810213	1.09328875217545	-1.1777762250944346	1.09328875217545	1.2742781906066647	1.09328875217545	0.03031786480390229	1.3123030421280206	NaN	NaN	800000009	800000009	800000009	800000019	800000019	800000019	899999999	899999999	89999	89999	89	89	14	2	0	23	1	3	5	NaN	0	0	0	0	0	0	0	0	0	NaN	NaN	NaN	NaN	0	0	0	0	0	0	300	0	0	18000	0	20	18000	18000	18000	18000	93	NaN	0.06499636901918042	0.21072267473159834	0.06030665192142802	0.13943307569570385	3.1843233768983237	0.15951831422697219	0.0000029640346661249866	NaN	0.025369529835312196	-0.029306413201549163	0.03170765582795411	0.00003031786480390229	NaN	17.593946840201575	479.61195277314437	91.38452309756809	91.34413461642795	91.42491021092732	-0.08077788057427113	0.0002771061982073459	33.75607328396902	063
DATA	2026-10-09T113000_AIU-1657.ghg	2026-10-09	12:00:00	282.499	1	18000	18000	0.024174234280430737	0	NaN	-7.852917773003725	2	NaN	84.35051963432326	0	NaN	3.2368387483321013	1	NaN	1.9053805059148619	0	NaN	0.028333959797728778	1	NaN	NaN	NaN	NaN	NaN	NaN	NaN	NaN	NaN	NaN	5.136841441167268e-10	1.3175408477739667e-11	2.5710333330152764e-12	NaN	17.44255578349353	436.16652382532703	441.10119814734696	0.1	1	447.38152807587204	11.187170524010982	11.31373925431318	0.1	1	0.08730149226126363	2.0899032507135256	2.1135478711588402	0	1	NaN	NaN	NaN	NaN	9	298.5157811957465	291.47888208421614	98148.99164437677	1.1681410242721968	1011.5944296765911	0.024690578935632028	0.12346865678328305	0.008164766683773975	1098.3040357120472	2100.6463201211886	0.006989538518143375	52.28410062140707	1002.3422844091415	281.5038965081947	-0.4040400153629463	0.4752592023570076	0.1967026210580676	0.6540730575177816	-3.255296516648702e-14	2.9450050238786865e-14	0.6540730575177816	1.6539848244793545	30.630585976749103	130.3694140232509	17.50175060169257	NaN	0.14385624672999547	0.10185867634679317	32.6386142397357	0.06137209090088564	-0.09309862946959578	-0.046195600753111486	1	4.123260811501074	2	4	7	13	28	108	0.023875143169133	1.0125273012680576	-2.9258940904866066	1.0223791924034171	76.01882432912068	1.1096004230364156	2.917121047479875	1.1096004230364156	1.7171771624787222	1.1096004230364156	0.018302420346164864	1.4167090456317586	NaN	NaN	800000009	800000009	800000009	800000019	800000019	800000019	899999999	899999999	89999	89999	89	89	5	0	0	55	21	3	4	NaN	0	0	0	0	0	0	0	0	0	NaN	NaN	NaN	NaN	0	0	0	0	0	0	300	0	0	18000	0	15	18000	18000	18000	18000	93	NaN	0.09770424808266426	0.060054752095971796	0.04595835251495029	0.04507326566054227	0.6987244347695549	0.1254959439113724	1.0226055395462864e-7	NaN	-0.002476035666264403	0.07284050522329008	0.04287790943091083	0.000018302420346164863	NaN	17.443957062494537	447.4181413653174	91.34647045199077	91.34783305401272	91.34510894139609	0.002721284462400962	0.0002774065907174696	34.10770408100552	053
DATA	2026-10-09T120000_AIU-1657.ghg	2026-10-09	12:30:00	282.52	1	18000	18000	0.007214174271941336	1	NaN	-1.3534478600819329	2	NaN	28.265965131110143	0	NaN	-0.31687876100735973	0	NaN	0.6391318820379467	0	NaN	0.048603224204849055	0	NaN	NaN	NaN	NaN	NaN	NaN	NaN	NaN	NaN	NaN	4.347926005695192e-10	1.113832590819089e-11	2.1920357932413193e-12	NaN	17.284990658635596	433.85628426469725	438.73250640830133	0.1	1	442.79930022667287	11.114339768264406	11.239256685813272	0	0	0.08714342921186151	2.0958076889320814	2.1193630095120897	-0.2	0	NaN	NaN	NaN	NaN	9	298.8104263161553	292.51116138522906	98129.83427281956	1.163823610460456	1011.578272814996	0.02478285848313517	0.041415745956058944	0.008081408615232641	1090.9408743778413	2240.583365304076	0.006943843158530962	48.690037214026475	1149.6424909262346	281.4047891073659	-0.19925604777352354	-0.3634206558323166	0.1227984831214658	0.43226960697794575	-2.6725500065330613e-14	2.5154343971386323e-14	0.43226960697794575	1.382794268198249	279.73504976530785	241.2649502346922	16.50377143372687	NaN	0.0787317188450847	0.07519608952956036	31.04050645773216	0.06453180790486199	-0.04788259851747635	-0.014601757803279342	1	5.665663851473095	3	5	10	19	39	154	0.007066064853848479	1.0209606649749599	0.3023154730433347	1.0252251410729363	25.81315608219229	1.0950216641896795	-0.2893812710471361	1.0950216641896795	0.5836705363367463	1.0950216641896795	0.03684978722888976	1.3174253903442072	NaN	NaN	800000009	800000009	800000009	800000019	800000019	800001019	899999999	899999999	89999	89999	89	89	12	0	0	31	10	2	4	NaN	0	0	0	0	0	0	0	0	0	NaN	NaN	NaN	NaN	0	0	0	0	0	0	300	150	0	18000	0	15	18000	18000	18000	18000	93	NaN	0.09390685364665473	0.035863775891318936	0.020621549521147066	0.025867011987177595	0.86255727571277	0.05444268074511158	0.0000025091868692656416	NaN	0.0002567874055766467	-0.0072523214743808375	0.014627644523507795	0.00003684978722888976	NaN	17.286327448743773	442.82795548502554	91.27615644158259	91.3123012890286	91.24001121266681	0.0722911736476786	0.0002791456776726085	31.246164483973597	010
DATA	2026-10-09T123000_AIU-1657.ghg	2026-10-09	13:00:00	282.541	1	18000	18000	0.006440113102369597	0	NaN	5.711404544770968	0	NaN	9.60937262811228	2	NaN	0.4928523728456834	2	NaN	0.21742074109349338	2	NaN	0.01281201971585215	1	NaN	NaN	NaN	NaN	NaN	NaN	NaN	NaN	NaN	NaN	2.2343030862754318e-10	6.296365965892982e-12	1.1359839036409742e-12	NaN	17.056372148609565	429.3934225138712	434.6529397931095	0.1	1	480.6561909966024	12.100498576500456	12.24871412432582	0.2	0	0.0867194980589225	2.0927884130973036	2.1184223800920337	0.9	0	NaN	NaN	NaN	NaN	9	299.46126709408225	293.17685830498823	98102.604759887	1.160424078595922	1012.1409445018853	0.024846153737849843	0.014088864022858371	0.008776045998315631	1187.40885368926	2335.094655399017	0.007562792051794015	50.85056620483582	1147.685801709757	282.6589821584779	-0.16663937698739	-0.5192927717288065	0.1507369038671149	0.5658226567751081	2.358042435108726e-14	1.3099521204206206e-14	0.5658226567751081	1.1797663294719247	268.79126830361497	252.208731696385	15.450341283603445	NaN	0.07449693093693269	0.05550176493164201	-6.231407254336928	-0.32145226884439054	0.5943576928281683	0.06527499026627873	1	9.582575785689441	4	8	13	20	33	79	0.006328175045958511	1.0176888369234627	6.1590542565242705	1.0232927815102006	8.788587999576999	1.0933920930842116	0.4507553840593985	1.0933920930842116	0.19884974701088123	1.0933920930842116	0.008069912491904788	1.3127478201812968	NaN	NaN	800000009	800000009	800000009	800000019	800000019	800000019	899999999	899999999	89999	89999	89	89	2	5	0	19	0	0	6	NaN	0	0	0	0	0	0	0	0	0	NaN	NaN	NaN	NaN	0	0	0	0	0	0	300	0	0	18000	0	20	18000	18000	18000	18000	93	NaN	0.07347394470177236	0.022545902982620894	0.014983682178890755	0.1049353326585147	3.2758669307522514	0.24472379632403182	2.443170268514502e-7	NaN	0.005243922978667153	0.011336754752433354	0.005001184443198387	0.000008069912491904789	NaN	17.05772318432838	480.6779658477252	91.16816060511272	91.23374980587428	91.10257677586874	0.1311755486838512	0.00027961803752178736	30.941171643786976	024
DATA	2026-10-09T130000_AIU-1657.ghg	2026-10-09	13:30:00	282.562	1	18000	18000	0.020240158512781443	1	NaN	-3.9656376589902074	2	NaN	36.78268838301031	1	NaN	0.4759093348274739	2	NaN	0.8326379440878047	1	NaN	0.03967121874623167	1	NaN	NaN	NaN	NaN	NaN	NaN	NaN	NaN	NaN	NaN	-2.199770064320118e-10	-6.505414900357865e-12	-1.118700931009443e-12	NaN	17.03786159927935	430.3699992511741	435.9181034280162	0.2	0	503.86338334158455	12.727400246083922	12.891475210854942	0.5	0	0.08664665431482173	2.09628298570728	2.1233071658524625	-0.1	0	NaN	NaN	NaN	NaN	9	299.9418158866034	293.6695093635516	98068.53463034074	1.157799274237505	1012.5010694699242	0.024896551274593923	0.05395493877688974	0.009212029161568448	1248.4922968216272	2407.26650767288	0.007956499340211833	51.86348469694587	1158.7742108512527	283.40744909780915	-0.2113785153043713	0.29810942920892103	0.1980729363415067	0.41567174143366104	-2.3960623974843157e-14	-1.2911068983053376e-14	0.41567174143366104	1.4590324893897366	35.660938078602044	125.33906192139793	28.45789891595101	NaN	0.13221791923074083	0.06515902609598827	50.16666045751445	0.039928908596505074	-0.10781261058726502	-0.025585502344229814	1	2.1814202647773997	1	2	4	7	14	49	0.019950183504350658	1.014534954446286	-1.7851191116060432	1.0226573286589145	33.237538273563096	1.1066610312794134	0.43004074542796	1.1066610312794134	0.7523875157374883	1.1066610312794134	0.028040890958464453	1.410985168818806	NaN	NaN	800000009	800000009	800000009	800000019	800000019	800010019	899999999	899999999	89999	89999	89	89	8	0	0	31	1	0	2	NaN	0	0	0	0	0	0	0	0	0	NaN	NaN	NaN	NaN	0	0	0	0	0	0	300	0	0	18000	0	15	18000	18000	18000	18000	93	NaN	0.06351045967377851	0.04381074993280748	0.022996842585390545	0.06327732144413385	0.08218417200440589	0.1839238070520984	3.1406880867483255e-7	NaN	-0.001522784459279691	0.010844591954352976	0.01897340121016331	0.000028040890958464452	NaN	17.03913712571731	503.8918677531142	91.07690903345744	91.16875054041546	90.98506465572783	0.18368358107656074	0.00028068154979943446	34.49296014542758	033
DATA	2026-10-09T133000_AIU-1657.ghg	2026-10-09	14:00:00	282.583	1	18000	18000	0.019633296536014797	1	NaN	0.8398556612790775	2	NaN	21.804137315356574	1	NaN	0.7176673528277117	1	NaN	0.4938336754973828	1	NaN	0.017006324641292987	1	NaN	NaN	NaN	NaN	NaN	NaN	NaN	NaN	NaN	NaN	1.9112162399268236e-10	5.592440992189172e-12	9.721971979232522e-13	NaN	16.94273471760089	429.2293003068005	434.68888336632654	0.2	0	495.76412221217663	12.559748520012237	12.719502269820913	0.3	0	0.08618427822818864	2.0901252446214724	2.116710597414645	0	1	NaN	NaN	NaN	NaN	9	300.2984492645263	294.214941568467	98032.23581347105	1.1552987192424307	1012.4210497032964	0.024952027299005097	0.032000422172230404	0.00907047229054182	1231.5905011941138	2489.43980749987	0.007851192197711118	49.47259610309651	1257.849306305756	283.2036349014828	-0.2653703494078938	0.20955475595097925	0.2142399051951794	0.4002915875516091	-6.704069697788045e-15	1.1280447175634313e-14	0.4002915875516091	0.8947121683066069	19.297058838094017	141.70294116190598	32.35812788723999	NaN	0.13036153544721	0.0377433028500822	-226.97580134251834	-0.00882516985578219	0.0385181788727578	0.005508073525189952	1	2.3678175881194883	1	2	4	7	13	41	0.01920952019480374	1.0220607457611404	2.0862870432425726	1.0259080078642084	19.899572833185747	1.0957088123517233	0.6549799953578724	1.0957088123517233	0.45069791346978944	1.0957088123517233	0.011889741440870528	1.319000269551759	NaN	NaN	800000009	800000009	800000009	800000019	800000019	800011019	899999999	899999999	89999	89999	89	89	16	0	0	42	12	4	0	NaN	0	0	0	0	0	0	0	0	0	NaN	NaN	NaN	NaN	0	0	0	0	0	0	300	150	0	18000	0	15	18000	18000	18000	18000	93	NaN	0.029736130999588297	0.03283550745282489	0.012914967247751208	0.05834178071176593	0.7607801172580799	0.1550877098595688	4.877813406601026e-7	NaN	0.0017836868182962225	0.01655101102133202	0.011388906815473126	0.000011889741440870528	NaN	16.94400277965114	495.80147632569617	91.02318061870997	91.13680952241685	90.90955195914373	0.2272579963869507	0.00028141584455119707	31.231422636880417	245
DATA	2026-10-09T140000_AIU-1657.ghg	2026-10-09	14:30:00	282.604	1	18000	18000	0.0014629133359316607	0	NaN	2.065000454733242	1	NaN	29.43521662100081	0	NaN	0.01787410350138805	2	NaN	0.6671510976387948	0	NaN	0.0309283097087851	0	NaN	NaN	NaN	NaN	NaN	NaN	NaN	NaN	NaN	NaN	7.873473193534559e-11	2.2915393366347846e-12	4.0574838988709264e-13	NaN	16.70778459728758	424.42873946660865	429.7372012898964	0.1	1	486.2726358698335	12.352809594687054	12.507310013829613	0.1	1	0.08610122283132464	2.095054083815078	2.121257574737093	0.7	0	NaN	NaN	NaN	NaN	9	300.9044804738363	294.9649480390819	97991.39226076976	1.1519715964936785	1012.3246797387211	0.02502606118168917	0.043231391126993896	0.008894633122414175	1210.7937060137824	2606.4344999685864	0.007721226069711507	46.454023917668955	1395.640793954804	282.9494431251742	-0.2623486791528135	-0.0017611850208542029	0.19429371286294178	0.3264658911494171	6.698667403109912e-14	4.712457925039789e-15	0.3264658911494171	0.9739160389118717	340.6153708372183	180.38462916278255	36.522788262181265	NaN	0.03563595599259401	0.05171741979157438	-1.8851438015870534	-1.0625714591712538	0.07015407704728593	0.04969013101815933	1	8.988416399678865	4	7	12	17	28	62	0.0014267028457769242	1.0253805410579508	3.72434765240691	1.0280202860559942	26.80805181575746	1.0979990945742328	0.016278796211866668	1.0979990945742328	0.607606236594843	1.0979990945742328	0.021938750562940576	1.3237806914540187	NaN	NaN	800000009	800000009	800000009	800000019	800000019	800000019	899999999	899999999	89999	89999	89	89	14	3	0	36	0	0	0	NaN	0	0	0	0	0	0	0	0	0	NaN	NaN	NaN	NaN	0	0	0	0	0	0	300	0	0	18000	0	20	18000	18000	18000	18000	93	NaN	0.014115146048898578	0.08378576798646213	0.0055339255477880635	0.01580670830648128	0.659974010980218	0.22725586083051036	0.0000013973315020139086	NaN	0.00319365955209142	0.00041249093878174885	0.015396228546675356	0.000021938750562940578	NaN	16.709040226224488	486.3053276044625	90.97709999423557	91.10608928977118	90.84811287011041	0.25797883848763253	0.00028229352772339344	34.57229754752367	197
DATA	2026-10-09T143000_AIU-1657.ghg	2026-10-09	15:00:00	282.624	1	18000	18000	0.07364385329361259	1	NaN	4.1724524482817085	1	NaN	57.44846009040276	1	NaN	0.37097275310366756	2	NaN	1.3031624805096793	1	NaN	0.044087366694592324	1	NaN	NaN	NaN	NaN	NaN	NaN	NaN	NaN	NaN	NaN	6.557905086447407e-10	1.7291991644216143e-11	3.35762822761301e-12	NaN	16.64048677026661	424.0073777848264	428.8015055639214	0.1	1	438.7790832499221	11.18029605047718	11.306708397720106	0.4	0	0.08519880566209244	2.08018122448151	2.103701227001135	0	1	NaN	NaN	NaN	NaN	9	301.336536471049	295.8285792822056	97969.46200334255	1.1488630410483167	1011.6974727950417	0.025104953705557174	0.08444492873702722	0.008025067110039781	1095.6213991341262	2747.081956668977	0.006985225238612475	39.883098371868066	1651.4605575348508	281.4678565264166	-0.19995005290905	-0.1247911223269632	0.12311736505564003	0.2659148988835202	1.5186798571452816e-13	3.940933445628008e-14	0.2659148988835202	1.2987632849120982	309.0312399634829	211.96876003651718	27.580562329108126	NaN	0.2531827559153541	0.1388978323409319	-334.4761943510634	-0.005988767014903198	0.07262949157759498	0.014178763202591168	0	25.717329600549586	-3.9027039849759944	8.827927040273416	21.982786540815805	33.525136505231565	47.01948063139603	70.44375005700601	0.07154222353293269	1.0293760755103238	7.390979625827829	1.0306227837652944	52.17825329731471	1.1010038945354899	0.3369404549292533	1.1010038945354899	1.1836129617502211	1.1010038945354899	0.030028754791420736	1.3295847392646492	NaN	NaN	800000009	800000009	800000009	800000019	800000019	800001019	899999999	899999999	89999	89999	89	89	17	1	2	20	11	12	2	NaN	0	0	0	0	0	0	0	0	0	NaN	NaN	NaN	NaN	0	2	0	0	0	0	300	0	0	18000	0	15	18000	18000	18000	18000	93	NaN	0.03565519916835535	0.21500981950688566	0.027130646006622794	0.0475588443819332	0.49977351664007397	0.3262791602521537	8.269460667919153e-7	NaN	0.006358915904536087	0.008554542495240715	0.03005061348699126	0.000030028754791420735	NaN	16.641716555520105	438.7927484938392	90.93944036992391	91.07989592319066	90.79898927773368	0.28090437654571226	0.0002832486153137223	34.69328855507462	011
DATA	2026-10-09T150000_AIU-1657.ghg	2026-10-09	15:30:00	282.645	1	18000	18000	0.006927729066342697	1	NaN	5.733702536994402	2	NaN	16.814809989810424	0	NaN	-0.0025179274272210377	2	NaN	0.38150226877995713	0	NaN	0.006796335422410573	1	NaN	NaN	NaN	NaN	NaN	NaN	NaN	NaN	NaN	NaN	9.10442676443071e-12	2.4169034971599347e-13	4.6443543296482625e-14	NaN	16.606823932714157	422.97398991132224	427.77727176605435	0.1	1	440.8524762536862	11.228464370961285	11.3559745263277	0.3	0	0.08471480591719616	2.0703098087515968	2.093820194201386	0	1	NaN	NaN	NaN	NaN	9	302.3239715499878	296.0305521772438	97954.51700337786	1.1478830725665266	1011.729367771506	0.025125926665706833	0.02472134701694122	0.008052914191924861	1100.173834993188	2780.915151714752	0.007015448162258833	39.561575056139525	1680.741316721564	281.52897051955335	-0.384080204763558	0.45857572720215467	0.2770846561579172	0.6592307698737669	3.878394441936958e-15	5.482340754209897e-16	0.6592307698737669	1.3280786495576469	31.05213464477265	129.94786535522732	24.854483545877027	NaN	0.0776866906689939	0.033519011539252117	-7.031004698716806	-0.2848952725583551	0.340991217888811	0.0635516057684001	1	11.519060381576203	5	9	16	24	40	96	0.006817305332533464	1.016197563175331	6.612298471983754	1.0225032514120023	15.383578950197212	1.0930362852653912	-0.002303608270982221	1.0930362852653912	0.34902982995420656	1.0930362852653912	0.002986781277946919	1.3106259396303765	NaN	NaN	800000009	800000009	800000009	800000019	800000019	810100119	899999999	899999999	89999	89999	89	89	18	0	0	6	10	9	0	NaN	0	0	0	0	0	0	0	0	0	NaN	NaN	NaN	NaN	0	2	0	0	0	0	300	150	0	18000	0	15	18000	18000	18000	18000	93	NaN	0.03022676146179755	0.028591404842750662	0.008219856773956025	0.07338527142967687	0.18030854504090807	0.18823644785032093	2.2829378380163243e-7	NaN	0.005693645727733226	-0.000058537757923263246	0.008869313394653446	0.000002986781277946919	NaN	16.60802944136087	440.8730355604174	90.93358032947117	91.06837838490804	90.79877805709839	0.26959602021343027	0.00028305134229109785	33.2365357427597	078
DATA	2026-10-09T153000_AIU-1657.ghg	2026-10-09	16:00:00	282.666	1	18000	18000	0.06161066957115058	1	NaN	-16.099057028014904	1	NaN	142.13117905223496	1	NaN	-0.3064199901079968	1	NaN	3.2252503234761374	1	NaN	0.07644865753451535	1	NaN	NaN	NaN	NaN	NaN	NaN	NaN	NaN	NaN	NaN	-2.2068114891313608e-10	-5.9475980799275665e-12	-1.1254577748344262e-12	NaN	16.615699400308035	423.17871404271966	428.0608025917551	0.1	1	447.81125318875485	11.405128709463943	11.536706330041351	0.3	0	0.08473885588546187	2.072600411274022	2.0965113935584134	0.1	0	NaN	NaN	NaN	NaN	9	302.56191065470375	296.194286999029	97940.37571746999	1.1470059504800718	1011.831309822737	0.025143453698949526	0.2089962209612537	0.008173913787924996	1117.322220396358	2808.6095002567195	0.007126304605921057	39.78204233426647	1691.2872798603614	281.75719427804603	-0.23798995065084377	0.16900571039323375	0.19150830959515155	0.3491096953685833	-6.56148049662492e-14	-1.3281484191333223e-14	0.3491096953685833	1.0474604786979012	16.380008795439778	144.61999120456022	33.26841537807492	NaN	0.23176354698958052	0.12323507078549689	66.48405209677948	0.03012902999781253	-0.11326900357379223	-0.05985239384258504	0	22.404416440215023	-3.3999566315944514	7.690711158047053	19.15095819926288	29.20641960673131	40.96241877484467	61.36916765471077	0.060658825655274126	1.0156917629972892	-7.556823313983144	1.0228786309200766	128.58823582006687	1.1053202351350297	-0.27722281775703084	1.1053202351350297	2.917932940114979	1.1053202351350297	0.05267393301487404	1.4057134564613774	NaN	NaN	800000009	800000009	800000009	800000019	800000019	800000119	899999999	899999999	89999	89999	89	89	8	0	0	10	8	14	0	NaN	0	0	0	0	0	0	0	0	0	NaN	NaN	NaN	NaN	0	0	0	0	0	0	300	0	0	18000	0	15	18000	18000	18000	18000	93	NaN	0.12079689353051799	0.0935800694470525	0.03209317859342332	0.015480567708453056	0.4639801412227669	0.4960098346416125	4.880243153428985e-7	NaN	-0.00651126668297336	-0.007050775656908348	0.07421355395314286	0.00005267393301487404	NaN	16.61691196140061	447.8142241287055	90.9115801056756	91.04147336514791	90.78169675106473	0.2597695458870794	0.0002832494645715795	33.64177968637676	103
DATA	2026-10-09T160000_AIU-1657.ghg	2026-10-09	16:30:00	282.687	1	18000	18000	0.006253864311015619	1	NaN	13.031063697112833	1	NaN	-4.5978153871476	2	NaN	1.4736349947780594	1	NaN	-0.10436667935199595	2	NaN	0.02027736734428236	2	NaN	NaN	NaN	NaN	NaN	NaN	NaN	NaN	NaN	NaN	-1.4805769530168673e-10	-3.919091422935932e-12	-7.537234050600876e-13	NaN	16.577650202525188	422.3222016534362	427.0966643278278	0.1	1	438.8108742930596	11.17888073863963	11.305260901982095	-0.4	0	0.08439252639372934	2.0669465338251083	2.090313903660449	0	1	NaN	NaN	NaN	NaN	9	302.77091265614825	296.5180021203233	97941.67609845621	1.1458673980357028	1011.7148400824459	0.025170599154849725	-0.0067629608220093375	0.00800312432463395	1095.172005965261	2864.0727954704334	0.0069843372264131644	38.23827410034022	1768.9007895051725	281.46181152925055	0.05914566169403266	-0.41342493784203527	0.01717923041709447	0.4179874573293242	-2.396137629216168e-14	-8.931162950894807e-15	0.4179874573293242	1.1651966182650773	242.85835952543084	278.14164047456916	2.3555125978005607	NaN	0.07387662478400761	0.0563583738242379	-2.6602058212284123	-0.7529868493690542	-2.8341859339413507	0.15215293653459655	1	5.020967620342672	2	4	7	10	17	39	0.006122645054760987	1.0214317921553522	12.483057745975941	1.0255163251102162	-4.19772997310272	1.095309945281964	1.3454045598012934	1.095309945281964	-0.09528506501886003	1.095309945281964	0.012776908570632689	1.3180980249986336	NaN	NaN	800000009	800000009	800000009	800000019	800000019	800010019	899999999	899999999	89999	89999	89	89	16	10	1	19	0	2	0	NaN	0	0	0	0	0	0	0	0	0	NaN	NaN	NaN	NaN	0	4	0	0	0	0	300	0	0	18000	0	15	18000	18000	18000	18000	93	NaN	0.07823048081215862	0.021921885715701778	0.012564381120615406	0.0568278900772983	1.2079849563760465	0.1512559300069066	4.258749025147673e-7	NaN	0.010767837577404193	0.03424759131009628	-0.002425503868668197	0.00001277690857063269	NaN	16.578885716950605	438.83684801456513	90.89451024776034	91.021177831014	90.76784211307101	0.25333124336890034	0.00028248827226181873	34.6542333442635	191
DATA	2026-10-09T163000_AIU-1657.ghg	2026-10-09	17:00:00	282.708	1	18000	18000	0.016220097283120634	1	NaN	1.46813900401656	2	NaN	-2.199989036884086	2	NaN	0.3270109381218862	2	NaN	-0.04992446925997212	2	NaN	0.004021985217709338	1	NaN	NaN	NaN	NaN	NaN	NaN	NaN	NaN	NaN	NaN	8.507344013329975e-11	2.3859828577145715e-12	4.329177651387231e-13	NaN	16.548924700055412	421.1191582838698	426.15234693181117	0.2	0	464.1337012594361	11.810773034993407	11.951934622144636	0.1	1	0.0842133982753181	2.0604859812784526	2.085112775016538	0	1	NaN	NaN	NaN	NaN	9	303.0748403099908	296.2391234265343	97962.58645016773	1.1469157149983027	1012.0569105692678	0.025141558235817586	-0.003235105608046193	0.008465272189612181	1157.324231207683	2816.2350820999895	0.007380901734025599	41.09473099613182	1658.9108508923066	282.2777974380368	0.0974278213929651	-0.8030782774310476	-0.009647364192100412	0.8090240859818127	6.020442247828821e-15	5.140723139130296e-15	0.8090240859818127	1.7738458975175175	244.08279643212563	276.9172035678744	-0.683250798271555	NaN	0.11892166350451083	0.10884784157101841	-98.51412596831884	-0.0203331246185362	-0.6673392364245286	0.010635790225675875	1	9.362331399542896	4	8	15	25	46	143	0.015987138006400142	1.0145716685892892	1.31304533929193	1.0217922438326144	-2.012282174279771	1.0932805870883884	0.2991098003420858	1.0932805870883884	-0.045664827355007154	1.0932805870883884	0.002904589353313913	1.308328173169516	NaN	NaN	800000009	800000009	800000009	800000019	800000019	801000019	899999999	899999999	89999	89999	89	89	11	7	1	8	4	2	1	NaN	0	0	0	0	0	0	0	0	0	NaN	NaN	NaN	NaN	0	0	0	0	0	0	300	150	0	18000	0	15	18000	18000	18000	18000	93	NaN	0.18702164152590606	0.016386627742376845	0.01428741387375393	0.055088428555555666	1.047373358689009	0.07255730701219983	3.1123597583428044e-8	NaN	0.001131210126729772	0.007609990443454076	-0.0011618104768755348	0.000002904589353313913	NaN	16.550168779773546	464.16695500315586	90.86935717773437	90.99406476974488	90.74465270996093	0.24941443100240354	0.0002830909193613076	34.13579861444897	211
DATA	2026-10-09T170000_AIU-1657.ghg	2026-10-09	17:30:00	282.729	1	18000	18000	0.009139652716015247	0	NaN	-8.23017214254397	1	NaN	13.43957968135671	1	NaN	-1.4621898126563302	1	NaN	0.3048745066037538	1	NaN	0.0060970214389302725	1	NaN	NaN	NaN	NaN	NaN	NaN	NaN	NaN	NaN	NaN	6.086048331507917e-11	1.9170170175693062e-12	3.146163599052374e-13	NaN	16.398826671687782	416.36568812243377	421.898856064208	0.1	1	516.5392728651881	13.114915725043181	13.289202495829013	0.1	1	0.08477322021011655	2.0717858346798064	2.0993182161648565	-1.4	0	NaN	NaN	NaN	NaN	9	303.09207619391543	295.8648205445715	97993.1813585805	1.1481563258174603	1012.770684395768	0.02510195182873487	0.019755868027923246	0.009414837022513974	1285.5170490155267	2753.1262527876747	0.008199960938081173	46.69299301889544	1467.609203772148	283.8455610206262	0.1854983097703265	-0.8931942114551146	-0.07268450940842588	0.9151440106412473	-1.7549342776304702e-15	3.711270600850576e-15	0.9151440106412473	1.735984916259953	239.26760810187693	281.7323918981231	-4.555465018849958	NaN	0.08922043482922166	0.06749139857020311	7.424285801116737	0.2698037297673401	-0.6123831501933655	-0.07932908385658038	1	14.95110590422731	7	14	30	59	136	668	0.008959974061988183	1.020053479260541	-7.219723301559992	1.041195488312165	11.172905289124948	1.2028724251728875	-1.2155817874419819	1.2028724251728875	0.25345539578724197	1.2028724251728875	0.0045708821471186455	1.7633447047523358	NaN	NaN	800000009	800000009	800000009	800000019	800000019	800000019	899999999	899999999	89999	89999	89	89	12	5	0	13	9	4	5	NaN	0	0	0	0	0	0	0	0	0	NaN	NaN	NaN	NaN	0	0	0	0	0	0	300	0	0	18000	0	20	18000	18000	18000	18000	93	NaN	0.09751868298119519	0.01823124487896998	0.01923286928024106	0.01645841175822168	2.2343146827943485	0.14350009666516353	9.862718378309238e-8	NaN	-0.006208810554380911	-0.030919085443547885	0.006446797014757028	0.000004570882147118646	NaN	16.400045453816613	516.5776287786509	90.84121425204808	90.9524088651869	90.73002036031087	0.22239001872721878	0.00028194571861402237	34.26150193200819	131
DATA	2026-10-09T173000_AIU-1657.ghg	2026-10-09	18:00:00	282.749	0	18000	18000	0.03135662284414706	1	NaN	-16.302183904234514	1	NaN	67.66872724789128	1	NaN	9.148756374693455	1	NaN	1.533563818089275	1	NaN	0.05682114567180067	1	NaN	NaN	NaN	NaN	NaN	NaN	NaN	NaN	NaN	NaN	-8.652206049931844e-11	-2.757316260823907e-12	-4.408797698538888e-13	NaN	16.76026886220367	423.98744342256407	429.79473747423003	0	0	534.1222990164321	13.511784918060307	13.696853861490874	0	0	0.08540323052888761	2.0781086393587773	2.106572189700376	-0.6	0	NaN	NaN	NaN	NaN	9	302.3922372283935	294.8623619781258	98006.03199614261	1.152037078460074	1012.9664881251728	0.02501362036147556	0.09937493541218502	0.009733991516487342	1324.591637407228	2590.153496640769	0.008449373460703844	51.1395034744127	1265.5618592335409	284.29603723713814	0.03523540768167748	-0.40930190218173285	0.09894587321423771	0.4225634472007771	1.593890127718455e-14	-5.162331297347837e-15	0.4225634472007771	1.6073370074729478	246.0797319644969	274.9202680355031	13.541891972838519	NaN	0.16498004305668584	0.11242209743440854	23.701626945360292	0.08451318572424482	-0.2409116377276407	-0.08467453892304243	1	1.3409308960332187	1	1	2	4	8	30	0.030881872617884495	1.0153731035723406	-12.102407630912548	1.0262603713254208	60.10851635915991	1.1257760355214503	8.126622068709986	1.1257760355214503	1.3622281605763091	1.1257760355214503	0.03971401193465107	1.4886085975879129	NaN	NaN	800000009	800000009	800000009	800000019	800000019	800000019	899999999	899999999	89999	89999	89	89	13	17	5	46	0	2	5	NaN	0	0	0	0	0	0	0	0	0	NaN	NaN	NaN	NaN	0	31	0	0	0	0	300	0	0	18000	0	15	18000	18000	18000	18000	93	NaN	0.18634021013275773	0.02491462337763798	0.013589361358421365	0.056071203303786836	11.814086567836862	0.388767408492349	5.665829943275764e-7	NaN	-0.010370751826349552	0.2060612412668227	0.03454109509260512	0.000039714011934651075	NaN	16.761589952203963	534.1600598712912	90.84057321675618	90.92523811594646	90.75590556462606	0.16932984089726932	0.0002813451746543352	33.97513378062513	031
DATA	2026-10-09T180000_AIU-1657.ghg	2026-10-09	18:30:00	282.77	0	18000	18000	0.015842396632090684	0	NaN	1.02670714716411	1	NaN	24.796496299318353	0	NaN	-6.160489757165945	1	NaN	0.5613693789823714	0	NaN	0.026529857725505247	0	NaN	NaN	NaN	NaN	NaN	NaN	NaN	NaN	NaN	NaN	-2.437105373817853e-10	-7.919056905057202e-12	-1.2180958124021805e-12	NaN	17.06623388086034	430.01989073163855	436.11367970285465	0.1	1	554.5450710070492	13.972936999747628	14.170946745854227	0.1	0	0.08529917601054	2.0658635279526143	2.0951387699914332	0	1	NaN	NaN	NaN	NaN	9	301.7685069622463	293.77827680152984	98008.81386586335	1.1561184168428658	1013.1976146900762	0.024920948402362378	0.036376735758057666	0.010103641522156384	1369.8383276614638	2423.461022296822	0.008739279104079546	56.524050317227996	1053.6226946353584	284.8032777361638	-0.001618952180597558	-0.9014085615914524	0.3357744308640287	0.9619170880790253	5.119374761814105e-15	-1.4280276426722648e-14	0.9619170880790253	1.7964106355081666	251.1029045334119	269.8970954665881	20.43031768187284	NaN	0.1170602052654159	0.13148973131794786	-134.44440199371996	-0.014899095613468286	0.041405331413387376	0.007487568796523731	1	12.34180143059421	5	11	20	33	62	196	0.015631261060059763	1.013507264143288	2.4576156782256726	1.0215124692532624	22.661378223312916	1.0942183681400688	-5.630036870645323	1.0942183681400688	0.5130323117647679	1.0942183681400688	0.019308433113407908	1.3068528778677455	NaN	NaN	800000009	800000009	800000009	800000019	800000019	800000019	899999999	899999999	89999	89999	89	89	26	7	3	11	14	3	3	NaN	0	0	0	0	0	0	0	0	0	NaN	NaN	NaN	NaN	0	0	0	0	0	0	300	150	0	18000	0	15	18000	18000	18000	18000	93	NaN	0.21589095327493446	0.028358862941827895	0.018729646419133352	0.03745954061514254	29.39523391436123	0.30110319033673855	5.701092222025194e-7	NaN	0.002098058003862386	-0.1422946660950577	0.012966480180470934	0.000019308433113407906	NaN	17.06758135494585	554.5764530778922	90.83247523625691	90.88210359276664	90.78284466722276	0.09925830754140588	0.0002796023370804808	34.09208369398117	186
DATA	2026-10-09T183000_AIU-1657.ghg	2026-10-09	19:00:00	282.791	0	18000	18000	0.002967010719678086	2	NaN	-5.537828064343656	2	NaN	21.067109154115343	1	NaN	11.453983136294445	1	NaN	0.4763416929943323	1	NaN	0.01119884870090042	1	NaN	NaN	NaN	NaN	NaN	NaN	NaN	NaN	NaN	NaN	-2.4259359071510824e-10	-8.45299600511532e-12	-1.2154061140866899e-12	NaN	17.12414430500587	429.36813032675366	435.8894807171361	-0.1	0	596.6782674453325	14.961018053597938	15.188249732041564	0.3	0	0.08579282587580218	2.066531460450056	2.0979184563504925	-0.4	0	NaN	NaN	NaN	NaN	9	300.9250415929158	292.4801326060791	98036.94353548728	1.1611467275206804	1013.7209791076211	0.02480370903859039	0.030866941706032734	0.010869243367015459	1467.125917615685	2236.261000341627	0.009360783705797314	65.60620237939831	769.1350827259421	285.84580770589133	-0.2782077923938779	-1.4735189851504789	0.6513542640015023	1.6349067718316284	4.3077686496107294e-14	-1.4166756971569744e-14	1.6349067718316284	3.087819905411863	261.69187128503427	259.3081287149658	23.478475766191252	NaN	0.05054940015946899	0.12134490975247682	2.0077984887609994	0.9976598803180199	-0.26286606405425456	-0.09307175956245163	1	110.85660572879772	49	111	251	521	1315	7938	0.0028389838150258443	1.0450960318881128	-4.161500416493186	1.0920889831409704	14.659031157535685	1.4371419862413959	7.969973214859876	1.4371419862413959	0.33145068306028985	1.4371419862413959	0.00474269895677106	2.5104890692509834	NaN	NaN	800000009	800000009	800000009	800000019	800000019	800000019	899999999	899999999	89999	89999	89	89	10	2	0	12	2	0	4	NaN	0	0	0	0	0	0	0	0	0	NaN	NaN	NaN	NaN	0	0	0	0	0	0	300	0	0	18000	0	20	18000	18000	18000	18000	93	NaN	0.20603273804924746	0.020664059062504618	0.015993022393201554	0.0921939558272454	11.891641473613838	0.41425026649152774	2.3328830048178222e-7	NaN	-0.003535447605799115	0.20068820186680691	0.008346106040466032	0.00000474269895677106	NaN	17.12548625330785	596.7185036888733	90.77416334576077	90.77709451675418	90.77123353449504	0.005862339879302198	0.00027888440001536054	34.13362203142378	192
DATA	2026-10-09T190000_AIU-1657.ghg	2026-10-09	19:30:00	282.812	0	18000	18000	0.1259765968081549	1	NaN	38.31018992959754	1	NaN	25.003024564146447	1	NaN	-0.365948809634749	2	NaN	0.5645262444877099	1	NaN	0.03627085693820466	0	NaN	NaN	NaN	NaN	NaN	NaN	NaN	NaN	NaN	NaN	3.907581995667605e-10	1.455659766444911e-11	1.9409323324583738e-12	NaN	17.343826385705096	432.4704523098105	439.5518391684063	0.1	1	646.0954701364673	16.110470319025755	16.37426746908219	0.1	1	0.08614839928601005	2.0622459499912567	2.0960137167634456	0.3	0	NaN	NaN	NaN	NaN	9	299.84799028947623	290.9957595813971	98058.4466771346	1.166815478006726	1014.3360975323367	0.02467241555564922	0.0365813006428036	0.011766609534773048	1580.1914506826402	2037.8269009077264	0.010084379026985465	77.54296746101262	457.6354502250863	286.9835889456274	-1.058042853916919	-1.3684982081820605	0.9850087147160501	1.9905989537294388	-2.0976136011965462e-14	2.2530103269992725e-14	1.9905989537294388	3.37437553910432	288.7091003040555	232.29089969594446	29.65856198524538	NaN	0.32858205787626443	0.25503256287022136	-79.7389250857532	-0.025120729905072296	1.5322222250076558	0.09851137870328161	0	18.32271509628443	-2.7805427053484166	6.289595170342203	15.661981281337871	23.88550966567989	33.49976692626448	50.18875531232482	0.12448164749259247	1.0120093953259366	39.02817279301179	1.0242362251755182	22.56027174442902	1.1082767462816856	-0.33019623560859	1.1082767462816856	0.5093729940483899	1.1082767462816856	0.0175385601155433	1.306035227420543	NaN	NaN	800000009	800000009	800000009	800000019	800000019	800100019	899999999	899999999	89999	89999	89	89	15	2	0	8	5	0	5	NaN	0	0	0	0	0	0	0	0	0	NaN	NaN	NaN	NaN	0	27	0	0	0	0	300	0	0	18000	0	20	18000	18000	18000	18000	93	NaN	0.1650343451353136	0.2383786133464891	0.10665216725863998	0.10000926974278718	9.753106718646862	0.24863807679621577	1.2440253583224808e-7	NaN	0.032975710104219	-0.008280171987342572	0.012773301272361837	0.0000175385601155433	NaN	17.345393981607188	646.1194807656947	90.58192818069458	90.51489586597019	90.6489604733785	-0.1340639418388455	0.0002771502687715433	33.370729980128786	229
DATA	2026-10-09T193000_AIU-1657.ghg	2026-10-09	20:00:00	282.833	0	18000	18000	0.04554623350461858	1	NaN	-78.47847996886657	1	NaN	-15.10705391880617	1	NaN	29.043194775148983	1	NaN	-0.34091214771895606	1	NaN	0.039101088138712936	1	NaN	NaN	NaN	NaN	NaN	NaN	NaN	NaN	NaN	NaN	1.2255965057281216e-9	4.2251382606365206e-11	6.049531843363195e-12	NaN	17.57215117816632	437.00354508377933	443.68784459990167	-0.1	0	605.7847580142302	15.065320354110623	15.29575581552983	0.1	1	0.0867359588672741	2.070269208399172	2.1019355406832556	-0.2	0	NaN	NaN	NaN	NaN	9	299.4209224565295	290.44903869611653	98067.91178357817	1.1695895210685185	1013.7366393273298	0.02462368438158055	-0.022091107172188353	0.01102503887012121	1477.820810962572	1968.7288767022758	0.009426417278472972	75.06471959907448	490.9080657397037	285.95667256074677	-0.49079562196087817	-2.0366981935765893	0.6780840761076101	2.2020031536138216	2.1421664955093252e-14	6.974652638152494e-14	2.2020031536138216	3.6885945543525187	264.54860296351376	256.45139703648636	17.93510789895624	NaN	0.1973374445229116	0.20419679568106966	8.430957633510477	0.23758866869859366	5.19482358311913	-0.3354149924065681	1	16.86397651276381	7	16	34	67	154	751	0.044444751017670925	1.02478318500445	-75.68816840864534	1.052520887083333	-12.103323519796392	1.248174015517046	23.268546223595333	1.248174015517046	-0.2731287011913447	1.248174015517046	0.03827535492909765	1.7662415135264062	NaN	NaN	800000009	800000009	800000009	800000019	800000019	810100019	899999999	899999999	89999	89999	89	89	15	4	0	17	10	1	3	NaN	0	0	0	0	0	0	0	0	0	NaN	NaN	NaN	NaN	0	9	0	0	0	0	300	150	0	18000	0	15	18000	18000	18000	18000	93	NaN	0.22887130207752499	0.09543365539043511	0.08408863389417925	0.2353293841591055	17.030130710474474	0.09998845787944319	7.353947145498852e-8	NaN	-0.06383654646635363	0.5817235405340938	-0.006828333560323197	0.00003827535492909765	NaN	17.573664552629335	605.830912725403	90.68786980828006	90.59386877775225	90.78187029222597	-0.18800165168783256	0.00027645737837398587	32.575576993829685	200
DATA	2026-10-09T200000_AIU-1657.ghg	2026-10-09	20:30:00	282.854	0	18000	18000	0.044700365304644434	1	NaN	8.810626927543831	0	NaN	29.740161420674177	1	NaN	2.653056083554922	0	NaN	0.6702536507846572	1	NaN	0.01628215872673372	0	NaN	NaN	NaN	NaN	NaN	NaN	NaN	NaN	NaN	NaN	4.945181163917085e-10	1.6564377537655157e-11	2.3690901514854977e-12	NaN	18.215482215509656	450.87386436489703	457.78758757442927	0	0	610.1457448105822	15.10246978552736	15.334051840132672	0.1	1	0.08726499210221193	2.070211215299431	2.1019559413948565	-0.1	0	NaN	NaN	NaN	NaN	9	298.28712155405685	289.0938909981075	98097.57270391949	1.1754108509250116	1013.7308091438324	0.024501387175120518	0.04343243657084578	0.011107391930627824	1481.9130286785417	1806.2376531545262	0.009449795296586426	82.04418870852548	324.3246244759846	285.9989064771479	-0.8463324807667089	-2.3912144299215967	0.88829321159004	2.6876104531018963	-9.818085355005902e-15	2.7148230858837695e-14	2.6876104531018963	3.7127160333752505	270.4906109558474	250.5093890441526	19.299983620006913	NaN	0.19501170902544812	0.1459973144100015	-72.48687578118799	-0.027633967920574255	0.2962535005414945	0.0379169837477672	1	25.631515433484207	11	22	39	66	120	356	0.0441296897842909	1.0129317818263177	10.283771436778505	1.0278080625242247	26.536444628997447	1.1207289385020287	2.367259372369744	1.1207289385020287	0.5980515250016842	1.1207289385020287	0.009004869102796203	1.3092838912409597	NaN	NaN	800000009	800000009	800000009	800000019	800000019	800001019	899999999	899999999	89999	89999	89	89	14	2	0	30	44	0	4	NaN	0	0	0	0	0	0	0	0	0	NaN	NaN	NaN	NaN	0	0	0	0	0	0	300	0	0	18000	0	15	18000	18000	18000	18000	93	NaN	0.10433146425472281	0.13728025235380342	0.050382912211476776	0.06647392144519929	7.772534686085063	0.1479197213431702	4.191332351597467e-8	NaN	0.008630581823010927	0.05889077311913661	0.014877844432049352	0.000009004869102796202	NaN	18.217178291479755	610.1739791852323	90.53710617383321	90.38399010001288	90.69022494210137	-0.30623499946047544	0.0002749588558314524	33.06508194541931	181
DATA	2026-10-09T203000_AIU-1657.ghg	2026-10-09	21:00:00	282.874	0	18000	18000	0.05601474579667913	1	NaN	-20.476869593779487	2	NaN	-24.710657965784634	2	NaN	19.770016368819874	1	NaN	-0.5568093461597406	2	NaN	0.01577802228607459	1	NaN	NaN	NaN	NaN	NaN	NaN	NaN	NaN	NaN	NaN	3.475266665595433e-11	1.1137365737256159e-12	1.6669126158078317e-13	NaN	18.254096906866327	451.093466209507	457.7103207702634	0	0	584.9984275098899	14.456424206517976	14.668477946171791	0.1	1	0.08755582622037678	2.0748563072486634	2.1052912912330157	0.4	0	NaN	NaN	NaN	NaN	9	298.2635280617608	288.9176592017567	98127.04983470163	1.1767702832774705	1013.3640252554437	0.02447909544462775	-0.03608124563115119	0.01064192789534124	1418.9467739266731	1785.9961165745895	0.009043335004774233	79.4484803610945	367.0493426479163	285.33738606050093	-0.7805089438899822	-1.9783223406407715	0.6472250159461066	2.2230280511583844	-3.8999875011192234e-14	1.9038283204731985e-15	2.2230280511583844	4.045676449724383	272.53075754527845	248.4692424547215	16.926558725705863	NaN	0.2181751776939699	0.18835000723266712	43.679662006035116	0.045858871337494236	0.8286654941415392	-0.07870476940075753	0	14.042512955547267	-2.1310055173660087	4.8203402825702515	12.003328867855672	18.30583388802328	25.6741923125398	38.46461853456592	0.0552132114392824	1.0145170754698478	-21.285552758440765	1.0318117333978905	-21.43807411793725	1.1526528842956654	17.151751961216362	1.1526528842956654	-0.4830676726237334	1.1526528842956654	0.016972767727621383	1.466583423973314	NaN	NaN	800000009	800000009	800000009	800000019	800000019	800000019	899999999	899999999	89999	89999	89	89	15	5	0	14	7	0	6	NaN	0	0	0	0	0	0	0	0	0	NaN	NaN	NaN	NaN	0	0	0	0	0	0	300	0	0	18000	0	20	18000	18000	18000	18000	93	NaN	0.12454209254574539	0.16071393348101423	0.09144398843857464	0.05806004858324204	10.664115602108671	0.07029528006176142	6.722748495733845e-8	NaN	-0.017849569961034647	0.42601974750349286	-0.011998562501580639	0.000016972767727621384	NaN	18.255509987513197	585.0391922882969	90.61674707497491	90.45027962875366	90.78321647516887	-0.33293543281488946	0.00027498800037493423	32.710920629640846	014
DATA	2026-10-09T210000_AIU-1657.ghg	2026-10-09	21:30:00	282.895	0	18000	18000	0.14413022451035704	1	NaN	-6.17250620041271	2	NaN	29.684760257569476	1	NaN	7.93456172291956	1	NaN	0.6688972301825733	1	NaN	0.019096413861538177	1	NaN	NaN	NaN	NaN	NaN	NaN	NaN	NaN	NaN	NaN	6.060268922289684e-10	1.989025718482481e-11	2.924620256748547e-12	NaN	18.17269100591469	449.15606320090683	455.8764289020068	0.1	1	596.4413501825752	14.741638907030707	14.962206350299299	0.1	1	0.0876994419175871	2.0785814190307996	2.109681583138236	0.3	0	NaN	NaN	NaN	NaN	9	298.3162061055501	288.926380237644	98139.5896623411	1.1767575178299166	1013.5245735085664	0.024476706429694177	0.04334454051583075	0.010852944550331145	1447.1264655454104	1786.993091186352	0.009222753528989804	80.9810889970867	339.8666256409417	285.6365687346332	-0.4927647805795846	-2.321352124293605	0.5894319045875915	2.4451835890353877	1.2983118818372856e-14	3.334821970129377e-14	2.4451835890353877	4.664601342982374	262.98455847006494	258.01544152993506	13.94901303844972	NaN	0.34997259745275533	0.3632245884927666	598.1756531671458	0.0033486819287850246	-0.20793518784908324	-0.014787890621293617	0	15.420287091880667	-2.3400880580412395	5.293285558866242	13.181029477168808	20.10190162566925	28.19320285228038	42.2385553469169	0.14238495846899193	1.012257376482258	-4.3849691187705115	1.0274093794298371	26.24855698112979	1.1309101783732336	7.016084809081028	1.1309101783732336	0.591468043151538	1.1309101783732336	0.01420971149287633	1.3870221158649811	NaN	NaN	800000009	800000009	800000009	800000019	800000019	800001119	899999999	899999999	89999	89999	89	89	28	14	1	32	44	0	9	NaN	0	0	0	0	0	0	0	0	0	NaN	NaN	NaN	NaN	0	0	0	0	0	0	300	150	0	18000	0	15	18000	18000	18000	18000	93	NaN	0.2621563135560682	0.27808693688761715	0.18620592654184787	0.04992488959532561	6.241543352599317	0.01158112675362512	8.376927099916374e-8	NaN	-0.0036765906193331047	0.17430081710033804	0.014693859326873546	0.00001420971149287633	NaN	18.174047109080494	596.4871555737201	90.55870366160075	90.38925098673502	90.72815464274089	-0.33890484602583615	0.0002745100747900627	32.42135762543237	239
DATA	2026-10-09T213000_AIU-1657.ghg	2026-10-09	22:00:00	282.916	0	18000	18000	0.11179042477293598	1	NaN	5.446350887062012	1	NaN	57.3464060231407	0	NaN	10.719859109236594	1	NaN	1.2912287047115665	0	NaN	0.012852775346269397	1	NaN	NaN	NaN	NaN	NaN	NaN	NaN	NaN	NaN	NaN	1.1724181100050555e-10	3.701136236153809e-12	5.581616801284506e-13	NaN	18.485694474395665	455.72299231592103	462.37492378489554	0.1	0	583.5637737578023	14.386445126659005	14.596435951520345	0.1	1	0.08800620016118146	2.0781299580512	2.10846324888283	0	1	NaN	NaN	NaN	NaN	9	297.62397865634495	288.1391619049946	98154.23905485455	1.1803080388518497	1013.3097820206309	0.024406373225911562	0.08367162006530951	0.010621969238305674	1412.469352459933	1698.9422023384332	0.008999319574776636	83.13816388313872	286.47284987850026	285.26787714750157	-0.673867218378175	-2.2920764872398482	0.8151178793549786	2.524307589935632	2.1142028095985815e-14	6.3422995096503364e-15	2.524307589935632	4.315052307877363	267.38326092285183	253.61673907714814	18.838850236976292	NaN	0.30775464791927565	0.2515316497749194	-461.0088658765526	-0.004345035742840536	0.09497283726663314	0.014796649857988588	0	17.527238676674283	-2.6598260897049086	6.016533857070151	14.982020002225571	22.848525812054856	32.045382327025514	48.00982215909177	0.11039366196719023	1.012652563388656	8.544700176153967	1.0269128821550133	51.306369749648546	1.1177248810033678	9.590785077284412	1.1177248810033678	1.1552294546332784	1.1177248810033678	0.005677901318307598	1.3083688732397205	NaN	NaN	800000009	800000009	800000009	800000019	800000019	800000019	899999999	899999999	89999	89999	89	89	6	9	0	1	4	0	0	NaN	0	0	0	0	0	0	0	0	0	NaN	NaN	NaN	NaN	0	22	0	0	0	0	300	0	0	18000	0	15	18000	18000	18000	18000	93	NaN	0.18796131848559722	0.21056208691532471	0.10453989414891685	0.32129447387567056	39.456599090583396	0.11719979930640129	8.674361234320023e-8	NaN	0.007144292519960756	0.2374938894255206	0.028606619181738985	0.000005677901318307598	NaN	18.487367490813668	583.58705439351	90.54143946372139	90.34672527652316	90.73615428712633	-0.38942614804208764	0.0002742908264513566	32.685099386649014	105
DATA	2026-10-09T220000_AIU-1657.ghg	2026-10-09	22:30:00	282.937	0	18000	18000	0.010492884402026573	1	NaN	-16.132158022952435	1	NaN	30.484373249918978	1	NaN	16.79439737644735	1	NaN	0.68615771959545	1	NaN	0.01718148763278214	1	NaN	NaN	NaN	NaN	NaN	NaN	NaN	NaN	NaN	NaN	-3.711373793221191e-11	-1.1410854533264888e-12	-1.7674753223709402e-13	NaN	18.525907396249483	455.7128756678028	462.18868541325423	0.2	0	569.5907935262508	14.011181904336981	14.210284789434175	0.1	1	0.08822631718531607	2.0795766022288897	2.1091279779880066	0.1	0	NaN	NaN	NaN	NaN	9	297.3966000459459	287.7792449968413	98193.77840218926	1.182428949613223	1013.0921311775386	0.02436607167822758	0.04446302022978516	0.010362010978886668	1376.1799377746029	1659.9704716908993	0.008763326525687756	82.90388059570613	283.79053391629645	284.8731883519578	-0.7392217044709083	-2.1477313789394255	0.6957344107857097	2.375551551701889	8.293906576617712e-17	-2.0033425158826757e-15	2.375551551701889	3.4360866868037383	269.99280864353966	251.00719135646037	17.03002429288938	NaN	0.09420195526244435	0.1337749038963918	4.4645929489031095	0.44866352272767324	-0.5291943478941399	-0.14295802976568925	1	60.03509680816347	26	59	133	272	670	3856	0.01014596808553784	1.0341925298368748	-13.693979517995269	1.0711876474757538	22.901065523553413	1.3311334015688587	12.616614801081292	1.3311334015688587	0.5154687868148694	1.3311334015688587	0.010501640399677055	2.003543021213728	NaN	NaN	800000009	800000009	800000009	800000019	800000019	800000019	899999999	899999999	89999	89999	89	89	14	5	1	2	2	0	2	NaN	0	0	0	0	0	0	0	0	0	NaN	NaN	NaN	NaN	0	0	0	0	0	0	300	0	0	18000	0	15	18000	18000	18000	18000	93	NaN	0.1285374843967458	0.08590786234992485	0.05310446104611292	0.08314835065967567	16.315760522422877	0.044070615788654115	4.898834467756781e-8	NaN	-0.011431564674523864	0.3117870169953841	0.01273847842144342	0.000010501640399677056	NaN	18.52731742274962	569.6323092914345	90.52713410864936	90.30739664544	90.74687506569757	-0.4394772881401894	0.00027377705167358116	31.828957912445798	199
DATA	2026-10-09T223000_AIU-1657.ghg	2026-10-09	23:00:00	282.958	0	18000	18000	0.055845891163236225	1	NaN	13.402154270659018	0	NaN	-7.636858452503138	1	NaN	-3.108257079303479	1	NaN	-0.17187612655201748	1	NaN	0.018092612597268652	1	NaN	NaN	NaN	NaN	NaN	NaN	NaN	NaN	NaN	NaN	3.341299164193671e-10	1.0371303106247519e-11	1.5765716426768197e-12	NaN	18.69024818452342	459.61774701985644	466.2697431648151	0.1	1	580.140297312956	14.266411755152927	14.472887933701294	0.1	1	0.08818879673536342	2.077872900710957	2.1079457223434215	0	0	NaN	NaN	NaN	NaN	9	297.2744445622762	287.66937336377504	98211.31957759534	1.1829770827545585	1013.2335582707469	0.02435241864617033	-0.011137573000570732	0.010556682191116502	1401.498960556822	1648.231058083444	0.00892382645869631	85.03049094260359	246.73209752662183	285.14951195617357	-0.49670978703963564	-2.4548588819537085	0.5189851075718548	2.557811229299269	-3.062655146209066e-14	1.7877232721609634e-14	2.557811229299269	4.521785373029279	262.4386471916939	258.561352808306	11.706713759782543	NaN	0.21727384359309898	0.25334237698264894	-65.950210512158	-0.030372912905724934	-1.7549302967984415	0.05146136115074394	0	12.174889953963781	-1.8475865215400606	4.179245742320508	10.406912816103155	15.871198681300315	22.259581817839457	33.348909790005955	0.05514514961303764	1.0127072200386762	12.680889566654093	1.0270942348903427	-6.828738522910553	1.1183410269526837	-2.779346375025717	1.1183410269526837	-0.1536884746331402	1.1183410269526837	0.011261727834740434	1.3085480944610843	NaN	NaN	800000009	800000009	800000009	800000019	800000019	800001019	899999999	899999999	89999	89999	89	89	33	12	1	33	4	6	6	NaN	0	0	0	0	0	0	0	0	0	NaN	NaN	NaN	NaN	0	0	0	0	0	0	300	150	0	18000	0	15	18000	18000	18000	18000	93	NaN	0.18139602087084955	0.19571742308193465	0.1295713100125137	0.024517252678448363	3.360868054685192	0.009306393860818862	1.9535466392346497e-8	NaN	0.01057946786987628	-0.06866365319952424	-0.003796868291695443	0.000011261727834740434	NaN	18.691686633057216	580.1846613057143	90.42659328418308	90.19522771157159	90.65795975134108	-0.46272884502179223	0.0002736566011379991	32.46268780089307	032
DATA	2026-10-09T230000_AIU-1657.ghg	2026-10-09	23:30:00	282.979	0	18000	18000	0.05362917118881232	1	NaN	1.9078975985035482	2	NaN	4.134195097766959	2	NaN	0.978548661913788	0	NaN	0.09302470030691658	2	NaN	0.007903499829312469	1	NaN	NaN	NaN	NaN	NaN	NaN	NaN	NaN	NaN	NaN	-1.825634517957207e-12	-5.57766545968545e-14	-8.562099152110213e-15	NaN	18.792901441657754	461.7831224924418	468.39135863671163	0.1	1	574.1593743291852	14.108364773217778	14.31025912900911	0.1	1	0.08813740314208955	2.0744272176550473	2.104112808683961	0	1	NaN	NaN	NaN	NaN	9	297.12964712863493	287.44535063490355	98209.13081898834	1.1839437949664484	1013.1405208962152	0.024333996495532837	0.006028000579888194	0.010447635990086638	1385.9419062048084	1624.5206441088885	0.008824435783611428	85.31389928658311	238.57873790408007	284.98025316248993	-0.5447805859456422	-2.3952014867626175	0.6235801074926453	2.5342904725926085	9.724233615354477e-15	-9.71448992921534e-17	2.5342904725926085	4.588804518472074	263.8137420264836	257.1862579735164	14.244312327346215	NaN	0.21283105593685692	0.22618674750086923	-435.409298303706	-0.0046004989048323	0.46149191157768016	0.007473418287612151	0	12.581859854313327	-1.9093457740180286	4.318945339583373	10.754784565887395	16.401725049109807	23.003652592070924	34.463663397252	0.052958256503719194	1.0126687457138248	2.0974525751481945	1.026966798225532	3.698149324670141	1.1179091850585865	0.8753382430277689	1.1179091850585865	0.08321311028680868	1.1179091850585865	0.00553485417574339	1.308421000251624	NaN	NaN	800000009	800000009	800000009	800000019	800000019	801000119	899999999	899999999	89999	89999	89	89	13	21	0	39	10	1	9	NaN	0	0	0	0	0	0	0	0	0	NaN	NaN	NaN	NaN	0	0	0	0	0	0	300	0	0	18000	0	15	18000	18000	18000	18000	93	NaN	0.16910732049217692	0.16875062605215507	0.11451554845740647	0.04570572160501598	2.9018720024892883	0.03887708737175046	3.2171088594896146e-8	NaN	0.0017486036424736264	0.02160537602811718	0.0020538923696478474	0.00000553485417574339	NaN	18.794319522083452	574.1990594563467	90.41976171133254	90.17848423258462	90.6610421426561	-0.4825538344879945	0.0002734120190466961	31.174334532187107	244
