DATAH	filename	date	time	DOY	daytime	file_records	used_records	Tau	qc_Tau	rand_err_Tau	H	qc_H	rand_err_H	LE	qc_LE	rand_err_LE	co2_flux	qc_co2_flux	rand_err_co2_flux	h2o_flux	qc_h2o_flux	rand_err_h2o_flux	ch4_flux	qc_ch4_flux	rand_err_ch4_flux	none_flux	qc_none_flux	rand_err_none_flux	H_strg	LE_strg	co2_strg	h2o_strg	ch4_strg	none_strg	co2_v-adv	h2o_v-adv	ch4_v-adv	none_v-adv	co2_molar_density	co2_mole_fraction	co2_mixing_ratio	co2_time_lag	co2_def_timelag	h2o_molar_density	h2o_mole_fraction	h2o_mixing_ratio	h2o_time_lag	h2o_def_timelag	ch4_molar_density	ch4_mole_fraction	ch4_mixing_ratio	ch4_time_lag	ch4_def_timelag	none_molar_density	none_mole_fraction	none_mixing_ratio	none_time_lag	none_def_timelag	sonic_temperature	air_temperature	air_pressure	air_density	air_heat_capacity	air_molar_volume	ET	water_vapor_density	e	es	specific_humidity	RH	VPD	Tdew	u_unrot	v_unrot	w_unrot	u_rot	v_rot	w_rot	wind_speed	max_wind_speed	wind_dir	yaw	pitch	roll	u*	TKE	L	(z-d)/L	bowen_ratio	T*	model	x_peak	x_offset	x_10%	x_30%	x_50%	x_70%	x_90%	un_Tau	Tau_scf	un_H	H_scf	un_LE	LE_scf	un_co2_flux	co2_scf	un_h2o_flux	h2o_scf	un_ch4_flux	ch4_scf	un_none_flux	un_none_scf	spikes_hf	amplitude_resolution_hf	drop_out_hf	absolute_limits_hf	skewness_kurtosis_hf	skewness_kurtosis_sf	discontinuities_hf	discontinuities_sf	timelag_hf	timelag_sf	attack_angle_hf	non_steady_wind_hf	u_spikes	v_spikes	w_spikes	ts_spikes	co2_spikes	h2o_spikes	ch4_spikes	none_spikes	head_detect_LI-7200	t_out_LI-7200	t_in_LI-7200	aux_in_LI-7200	delta_p_LI-7200	chopper_LI-7200	detector_LI-7200	pll_LI-7200	sync_LI-7200	chopper_LI-7500	detector_LI-7500	pll_LI-7500	sync_LI-7500	not_ready_LI-7700	no_signal_LI-7700	re_unlocked_LI-7700	bad_temp_LI-7700	laser_temp_unregulated_LI-7700	block_temp_unregulated_LI-7700	motor_spinning_LI-7700	pump_on_LI-7700	top_heater_on_LI-7700	bottom_heater_on_LI-7700	calibrating_LI-7700	motor_failure_LI-7700	bad_aux_tc1_LI-7700	bad_aux_tc2_LI-7700	bad_aux_tc3_LI-7700	box_connected_LI-7700	mean_value_RSSI_LI-7200	mean_value_LI-7500	u_var	v_var	w_var	ts_var	co2_var	h2o_var	ch4_var	none_var	w/ts_cov	w/co2_cov	w/h2o_cov	w/ch4_cov	w/none_cov	co2_mean	h2o_mean	avg_signal_strength_7200_mean	co2_signal_strength_7200_mean	h2o_signal_strength_7200_mean	delta_signal_strength_7200_mean	flowrate_mean	rssi_77_mean	CHK
DATAU		[yyyy-mm-dd]	[HH:MM]	[ddd.ddd]	[1=daytime]	[#]	[#]	[kg+1m-1s-2]	[#]	[kg+1m-1s-2]	[W+1m-2]	[#]	[W+1m-2]	[W+1m-2]	[#]	[W+1m-2]	[µmol+1s-1m-2]	[#]	[µmol+1s-1m-2]	[mmol+1s-1m-2]	[#]	[mmol+1s-1m-2]	[µmol+1s-1m-2]	[#]	[µmol+1s-1m-2]	[µmol+1s-1m-2]	[#]	[µmol+1s-1m-2]	[W+1m-2]	[W+1m-2]	[µmol+1s-1m-2]	[mmol+1s-1m-2]	[µmol+1s-1m-2]	[µmol+1s-1m-2]	[µmol+1s-1m-2]	[mmol+1s-1m-2]	[µmol+1s-1m-2]	[µmol+1s-1m-2]	[mmol+1m-3]	[µmol+1mol_a-1]	[µmol+1mol_d-1]	[s]	[1=default]	[mmol+1m-3]	[mmol+1mol_a-1]	[mmol+1mol_d-1]	[s]	[1=default]	[mmol+1m-3]	[µmol+1mol_a-1]	[µmol+1mol_d-1]	[s]	[1=default]	[mmol+1m-3]	[µmol+1mol_a-1]	[µmol+1mol_d-1]	[s]	[1=default]	[K]	[K]	[Pa]	[kg+1m-3]	[J+1kg-1K-1]	[m+3mol-1]	[mm]	[kg+1m-3]	[Pa]	[Pa]	[kg+1kg-1]	[%]	[Pa]	[K]	[m+1s-1]	[m+1s-1]	[m+1s-1]	[m+1s-1]	[m+1s-1]	[m+1s-1]	[m+1s-1]	[m+1s-1]	[deg_from_north]	[deg]	[deg]	[deg]	[m+1s-1]	[m+2s-2]	[m]	[#]	[#]	[K]	[0=KJ/1=KM/2=HS]	[m]	[m]	[m]	[m]	[m]	[m]	[m]	[kg+1m-1s-2]	[#]	[W+1m-2]	[#]	[W+1m-2]	[#]	[µmol+1s-1m-2]	[#]	[mmol+1s-1m-2]	[#]	[µmol+1s-1m-2]	[#]	[µmol+1s-1m-2]	[#]	8u/v/w/ts/co2/h2o/ch4/none	8u/v/w/ts/co2/h2o/ch4/none	8u/v/w/ts/co2/h2o/ch4/none	8u/v/w/ts/co2/h2o/ch4/none	8u/v/w/ts/co2/h2o/ch4/none	8u/v/w/ts/co2/h2o/ch4/none	8u/v/w/ts/co2/h2o/ch4/none	8u/v/w/ts/co2/h2o/ch4/none	8co2/h2o/ch4/none	8co2/h2o/ch4/none	8aa	8U	[#]	[#]	[#]	[#]	[#]	[#]	[#]	[#]	[#_flagged_recs]	[#_flagged_recs]	[#_flagged_recs]	[#_flagged_recs]	[#_flagged_recs]	[#_flagged_recs]	[#_flagged_recs]	[#_flagged_recs]	[#_flagged_recs]	[#_flagged_recs]	[#_flagged_recs]	[#_flagged_recs]	[#_flagged_recs]	[#_flagged_recs]	[#_flagged_recs]	[#_flagged_recs]	[#_flagged_recs]	[#_flagged_recs]	[#_flagged_recs]	[#_flagged_recs]	[#_flagged_recs]	[#_flagged_recs]	[#_flagged_recs]	[#_flagged_recs]	[#_flagged_recs]	[#_flagged_recs]	[#_flagged_recs]	[#_flagged_recs]	[#_flagged_recs]	[#]	[#]	[m+2s-2]	[m+2s-2]	[m+2s-2]	[K+2]	--	--	--	--	[m+1s-1K+1]	--	--	--	--	--	--	--	--	--	--	--	--	241
DATA	2026-08-06T233000_AIU-1657.ghg	2026-08-07	00:00:00	219	0	18000	18000	0.14088507807911896	1	NaN	13.64051790172139	2	NaN	4.1795765045352224	2	NaN	-10.970974319946745	1	NaN	0.09490388002601839	2	NaN	0.00587171394682127	2	NaN	NaN	NaN	NaN	NaN	NaN	NaN	NaN	NaN	NaN	-1.3454313500930233e-9	-7.724570607871454e-11	-6.295990902508361e-12	NaN	17.65529736293291	448.5545031026031	460.41148547711873	0.1	1	1013.6495709982723	25.753011704797796	26.43376065227773	0.1	1	0.0826185532025993	2.038885749977478	2.0927811678897226	0	1	NaN	NaN	NaN	NaN	9	305.4543492211236	296.85369052124025	98048.50366276041	1.1394787253109342	1019.9482541585002	0.025171639451862158	0.006149771425685992	0.01843619601175483	2525.721578858594	2922.595216922927	0.016179499978574916	86.42050613898616	396.87363806433314	294.413755116417	0.02267149090973987	-0.06643973902134058	0.24403738174953857	0.25393400542752564	-1.0405005630910544e-13	-7.620553324226307e-14	0.25393400542752564	2.8384719200253414	232.15861938184798	288.84138061815196	73.9512429673663	NaN	0.35162471078683855	0.3157398476019993	-274.9344331897722	-0.007285737100152055	3.2636124466007934	0.03337852274562552	0	14.520691114205908	-2.2035708977656006	4.9844833706146865	12.412068365834056	18.929187412352988	26.548454493669453	39.77442259332593	0.13673204087193433	1.0303735480045562	13.5855251513274	1.0312789418545703	3.793478211859721	1.1017794939400007	-9.957504546317312	1.1017794939400007	0.08613690901673883	1.1017794939400007	0.0009434762741720627	1.3310438114809673	NaN	NaN	800000009	800000009	800000009	800000009	800000019	800000019	899999999	899999999	89999	89999	89	89	16	5	1	5	13	0	6	NaN	0	18000	0	0	0	0	0	0	0	NaN	NaN	NaN	NaN	0	0	0	0	0	0	0	0	0	0	0	0	18000	18000	18000	18000	100	NaN	0.0761419825759129	0.3368901896778714	0.21844752295021427	0.032324654198499274	13.413525252271798	0.045240861570424645	2.2701983367425345e-7	NaN	0.011689395984264269	-0.25727407375523353	0.002225536868232339	9.434762741720627e-7	NaN	17.656582032477132	1013.7203135769914	99.77667996872796	100.45853875817193	99.0948167775472	1.363728224145041	0.0002823992292073348	63.97672985347286	238
DATA	2026-08-07T000000_AIU-1657.ghg	2026-08-07	00:30:00	219.02	0	18000	18000	0.04076645333568264	1	NaN	3.748535134935952	2	NaN	31.835071438209788	1	NaN	3.8506470287044823	0	NaN	0.7227952079639659	1	NaN	-0.0015853941043732383	2	NaN	NaN	NaN	NaN	NaN	NaN	NaN	NaN	NaN	NaN	-3.200774494176244e-10	-1.8039243013181377e-11	-1.4887954930253695e-12	NaN	17.89339224724674	454.17696660638757	466.10791069884493	0.2	0	1008.4535841733255	25.596956881871034	26.26937288697267	0.1	1	0.08322861164104609	2.05282803130019	2.1067545363272444	0	1	NaN	NaN	NaN	NaN	9	305.2897392866347	296.75335749816895	98090.10954557292	1.1404156278958908	1019.8566874791289	0.025152458547245335	0.04683712947606499	0.01833845268238979	2511.481802324648	2904.9952127994184	0.016080499279218854	86.45390502741797	393.51341047477035	294.32160015466525	0.2150623458662988	-0.10425119440070035	0.0963461704763082	0.25768723039555114	3.805382062444169e-15	-1.7888025087410397e-14	0.25768723039555114	2.284717519556882	186.86172794583138	334.1382720541687	21.955602859241846	NaN	0.18906880739398796	0.14986881954258283	-155.57447390644845	-0.012875505535725118	0.11774860132516628	0.017046663681629545	1	0.43382751533707936	1	1	1	2	8	NaN	0.03957709020752314	1.030051808304326	5.558744298046051	1.031067067484459	28.900813328642265	1.1015285651722304	3.495730524339522	1.1015285651722304	0.6561747292054587	1.1015285651722304	-0.0037930729839601965	1.330574649884701	NaN	NaN	800000009	800000009	800000009	800000009	800000019	800000119	899999999	899999999	89999	89999	89	89	10	14	0	4	1	0	2	NaN	0	18000	0	0	0	0	0	0	0	NaN	NaN	NaN	NaN	0	0	0	0	0	0	0	0	0	0	0	0	18000	18000	18000	18000	100	NaN	0.08400691848020825	0.14446919624573987	0.07126152435921752	0.04384241081384476	6.5319821718782025	0.05504921278041534	2.1178765900093512e-7	NaN	0.004779411110589236	0.09023661954012542	0.016938087469526856	-0.0000037930729839601966	NaN	17.894716764664775	1008.5241335666379	99.78482369444106	100.46192635599772	99.10773022291396	1.3541874268485443	0.00028186421545170666	64.4999641453549	243
DATA	2026-08-07T003000_AIU-1657.ghg	2026-08-07	01:00:00	219.041	0	18000	18000	0.06930295895183707	1	NaN	18.697623338649436	1	NaN	13.730180565825897	1	NaN	-10.868366445220106	1	NaN	0.31175436948840257	1	NaN	0.016284810720976036	1	NaN	NaN	NaN	NaN	NaN	NaN	NaN	NaN	NaN	NaN	-3.3840513922735735e-10	-1.8874734843488298e-11	-1.5689533094840112e-12	NaN	18.001856995879326	457.1536446926055	469.1151420100688	0.2	0	1004.0635856281598	25.49799877746547	26.16515794270064	0.1	1	0.08346230549284595	2.059111132010961	2.112988100001601	-0.3	0	NaN	NaN	NaN	NaN	9	305.3928614883423	296.8171502287123	98077.82418142361	1.1400708008950884	1019.8007774322701	0.0251610168516454	0.020201683142848485	0.01826134247878937	2501.4590510470603	2916.1747228922654	0.016017726674915356	85.77877832251801	414.7156718452052	294.2564615798256	-0.015358687433943693	-0.19800916592097492	0.1689299750620225	0.2607313858031716	4.645321345522174e-16	-1.8798346154222825e-14	0.2607313858031716	1.8209685259143245	255.4352973149836	265.5647026850164	40.38406613304208	NaN	0.24655282179540516	0.23231444830266348	-69.15722503228264	-0.028964435734154335	1.3617900543265533	0.06522727987021017	0	16.657989951789595	-2.5279142421206138	5.718148898665731	14.238999266137636	21.715372307729318	30.456118425274695	45.628815232469044	0.06729769689062012	1.0297968898471537	19.10345111855138	1.0308996303215794	12.466902786636243	1.101330522970293	-9.868396651631953	1.101330522970293	0.2830706704174508	1.101330522970293	0.007144199973902678	1.3302003193216134	NaN	NaN	800000009	800000009	800000009	800000009	800000019	800000019	899999999	899999999	89999	89999	89	89	4	4	0	2	0	0	3	NaN	0	18000	0	0	0	0	0	0	0	NaN	NaN	NaN	NaN	0	0	0	0	0	0	0	0	0	0	0	0	18000	18000	18000	18000	100	NaN	0.21366752763675304	0.1747674991135522	0.07619386985502175	0.05391861374399959	18.33503097319595	0.037281041571128125	3.2907237989859404e-7	NaN	0.016431025510680455	-0.25479746254350405	0.007308754510888804	0.000007144199973902678	NaN	18.00319604912337	1004.1365812098065	99.78116258536444	100.4592424973382	99.10308108562893	1.356164588984516	0.0002827362286075691	63.861272979630385	023
DATA	2026-08-07T010000_AIU-1657.ghg	2026-08-07	01:30:00	219.062	0	18000	18000	0.08233450122467972	1	NaN	25.686541871422296	1	NaN	49.10583197242474	1	NaN	11.55272738365242	1	NaN	1.1148642855160595	1	NaN	0.005199647922141224	2	NaN	NaN	NaN	NaN	NaN	NaN	NaN	NaN	NaN	NaN	5.645081236395597e-10	3.114056994359277e-11	2.586780043392902e-12	NaN	18.24945463025055	463.45436369004307	475.6139247412549	-0.1	0	1006.714331552473	25.56603248701536	26.236803456540716	0.1	1	0.08362559025010301	2.062211006179205	2.116316831034244	0	1	NaN	NaN	NaN	NaN	9	305.3311642049154	296.70466106160484	98035.59954036458	1.139982409753279	1019.8377692097367	0.025162314135188376	0.07224320570144066	0.01830912335146924	2507.0536329905844	2896.486488698104	0.016060882338905385	86.55499146199851	389.4328557075196	294.29284928845	-0.10131769742864287	-0.5253057486531321	0.24068615311431268	0.5866355168939844	-9.923365952003428e-15	3.093287635586782e-14	0.5866355168939844	2.3309507207251885	261.9168006456043	259.0831993543957	24.222567962484188	NaN	0.26874590436538287	0.2790556562908682	-65.17557938283153	-0.030733904001590723	0.5230853615482274	0.08221187318573125	0	23.61072548094475	-3.5830186824952523	8.104798015624858	20.182093023776357	30.778965274812446	43.16793643383432	64.67343500581458	0.08093325325069865	1.0173136247178964	28.25661580302296	1.0230862855263316	44.91651722884032	1.0932689131314595	10.567141574127305	1.0932689131314595	1.0197530288524754	1.0932689131314595	-0.005012698538602385	1.3122130317517193	NaN	NaN	800000009	800000009	800000009	800000009	800000019	800000019	899999999	899999999	89999	89999	89	89	8	2	0	11	5	0	2	NaN	0	18000	0	0	0	0	0	0	0	NaN	NaN	NaN	NaN	0	0	0	0	0	0	0	0	0	0	0	0	18000	18000	18000	18000	100	NaN	0.4440641323754901	0.07619708764443948	0.03785009256180687	0.04332716527117018	14.827759499274437	0.06854335221109586	3.4310218011276747e-7	NaN	0.02430473581329406	0.2728718578881848	0.026332750594671495	-0.000005012698538602385	NaN	18.250787634791003	1006.784942374321	99.78235567347208	100.45703316031562	99.10767323727077	1.349361577878395	0.0002821176324473021	62.82370137340937	165
DATA	2026-08-07T013000_AIU-1657.ghg	2026-08-07	02:00:00	219.083	0	18000	18000	0.038662805490369996	1	NaN	18.263475244136984	0	NaN	27.264048277768605	1	NaN	5.898685743801109	0	NaN	0.6187767582431749	1	NaN	0.03963112002652691	1	NaN	NaN	NaN	NaN	NaN	NaN	NaN	NaN	NaN	NaN	1.3552091427445402e-10	7.415400666381349e-12	6.203293254240826e-13	NaN	18.273622972925928	463.769247971957	475.84447422366674	0	0	999.8916897521232	25.376413735622886	26.037143050157276	0.1	1	0.08364512793126838	2.0593886216218915	2.1130092177589272	0.6	0	NaN	NaN	NaN	NaN	9	305.06137647840717	296.35959769015847	97990.8677296007	1.140871572271965	1019.7221634893082	0.02514452369168767	0.04009673393415773	0.01818618594481923	2487.3238211827065	2836.814445382806	0.015940607502913522	87.68017327432432	349.4906242000993	294.1642061576718	-0.35171398539648496	-1.293324434530403	0.4384970863173722	1.4102022958376046	1.361993955152201e-14	7.416203917265933e-15	1.4102022958376046	2.3250701493894224	266.21342845846493	254.78657154153504	18.11626390198412	NaN	0.18408919682924654	0.10323031792828723	-29.451482162731942	-0.06801355493526683	0.6698739328095019	0.08527790054451334	1	11.364620246927304	5	9	17	27	48	132	0.03820011980986389	1.012112152600805	19.63818950342412	1.0220623083216818	24.802690902180412	1.0992375135946162	5.3661612443627575	1.0992375135946162	0.5629145208297279	1.0992375135946162	0.024946169555198572	1.3052028299846556	NaN	NaN	800000009	800000009	800000009	800000009	800000019	800000019	899999999	899999999	89999	89999	89	89	11	10	0	43	18	0	11	NaN	0	18000	0	0	0	0	0	0	0	NaN	NaN	NaN	NaN	0	0	0	0	0	0	0	0	0	0	0	0	18000	18000	18000	18000	100	NaN	0.08816002402973373	0.0757402117175955	0.04256040010924522	0.035697244150610735	18.90191281303167	0.04225285608424886	2.1114211513091277e-7	NaN	0.016880403715901045	0.13844371593706647	0.014522854321694041	0.00002494616955519857	NaN	18.27503223996692	999.9647244094672	99.79942100334168	100.45767198753357	99.14115875752766	1.3165189875033183	0.00028227012953720994	64.20919105233162	125
DATA	2026-08-07T020000_AIU-1657.ghg	2026-08-07	02:30:00	219.104	0	18000	18000	0.018294978310398922	1	NaN	12.640505545029699	1	NaN	19.641743310968028	1	NaN	1.8347181192153952	2	NaN	0.4456421119106077	1	NaN	0.041413405702625285	0	NaN	NaN	NaN	NaN	NaN	NaN	NaN	NaN	NaN	NaN	2.8885852031999957e-10	1.5388747611391462e-11	1.3027537451761892e-12	NaN	18.513673953996907	469.4600449071576	481.50250686899784	0	0	986.3037985586628	25.0101750043776	25.65172924188198	0.1	1	0.08349678608690997	2.05244357311449	2.105092299936264	0.7	0	NaN	NaN	NaN	NaN	9	304.74066942681213	296.03300359090167	97958.29635546874	1.1419102353790247	1019.5052689874888	0.025125165334884406	0.028877608851807377	0.017937528183151395	2450.61130924277	2781.3280220997453	0.01570835222192184	88.10939557545238	330.7167128569754	293.9224345439399	-0.22340912149097342	-1.1963248688628403	0.35437815444420995	1.2675522489319	-6.7781765676913456e-15	1.5602441797222967e-14	1.2675522489319	2.3945623517983208	261.57792676236386	259.42207323763614	16.234946222049693	NaN	0.12657559180556766	0.07845462406531484	-13.827904588495457	-0.14485925811684724	0.6435531380746224	0.08578138155894817	1	16.06481134960787	7	13	22	35	60	151	0.01807144368382497	1.0123694946837054	13.64042676402198	1.0217327948769062	17.898848981140247	1.0973746597708178	1.6719158793028521	1.0973746597708178	0.40609841674645397	1.0973746597708178	0.02819981509977879	1.3054227079983334	NaN	NaN	800000009	800000009	800000009	800000009	800000019	800000019	899999999	899999999	89999	89999	89	89	7	4	0	18	15	0	7	NaN	0	18000	0	0	0	0	0	0	0	NaN	NaN	NaN	NaN	0	0	0	0	0	0	0	0	0	0	0	0	18000	18000	18000	18000	100	NaN	0.07313869349828613	0.05183634686424528	0.031934207768098265	0.045514951578554924	36.201592241223004	0.03182168878131002	5.339618334657846e-7	NaN	0.011716732580681535	0.043085015721850556	0.010465093900199875	0.00002819981509977879	NaN	18.51518429618414	986.3748581091156	99.82280732218425	100.46714987479317	99.17847591527303	1.2886641097797271	0.00028184748309366923	63.35230098391928	156
DATA	2026-08-07T023000_AIU-1657.ghg	2026-08-07	03:00:00	219.124	0	18000	18000	0.0259430776512995	1	NaN	12.750010089265675	1	NaN	28.42743172584759	1	NaN	16.566723778845642	1	NaN	0.644764784602916	1	NaN	0.02268522145747432	0	NaN	NaN	NaN	NaN	NaN	NaN	NaN	NaN	NaN	NaN	2.9163111728191556e-10	1.530112244058872e-11	1.316507319362184e-12	NaN	18.520475578261713	469.2122082975755	481.0549825083414	0	0	971.7209436432408	24.61833811389862	25.23969752137229	0.1	1	0.08360679026333143	2.0517329151246053	2.1035180332969934	0.3	0	NaN	NaN	NaN	NaN	9	304.4977139112684	295.69430154418944	97917.31723111978	1.1429109181695039	1019.2735242083952	0.02510692176375385	0.04178075804226895	0.01766932898376498	2411.208230439002	2724.788115295295	0.015459935418295184	88.49158644314222	313.5798848562931	293.6593885038219	-0.2505549889525944	-1.3459172325680395	0.426615288723114	1.4339705729145773	7.106740953609375e-16	1.574641623264878e-14	1.4339705729145773	2.514327179035102	261.5454288407317	259.4545711592683	17.307887506886757	NaN	0.15066228749731284	0.0749264262571439	-23.110563766893915	-0.08667464888370478	0.4485107980286785	0.07264451797535106	1	15.491887095803063	7	13	22	36	62	166	0.02563339723754161	1.0120811303662998	14.258972707249647	1.0221274854065687	25.85335676204522	1.0995644390588892	15.066623828818077	1.0995644390588892	0.5863819906314598	1.0995644390588892	0.013058987057218106	1.3051852044405505	NaN	NaN	800000009	800000009	800000009	800000009	800000019	800000019	899999999	899999999	89999	89999	89	89	9	8	0	13	10	0	7	NaN	0	18000	0	0	0	0	0	0	0	NaN	NaN	NaN	NaN	0	0	0	0	0	0	0	0	0	0	0	0	18000	18000	18000	18000	100	NaN	0.08948189395094375	0.03235776795652957	0.028013190606814467	0.030104172037455953	60.2647386747676	0.02964076314880839	3.545982977025012e-7	NaN	0.012240104136593627	0.38782675700368335	0.015093934007762584	0.000013058987057218107	NaN	18.521831726815982	971.7919264455942	99.8560038831499	100.48247313329908	99.22953588252598	1.2529374788271046	0.0002816033178177248	63.32585768212213	101
DATA	2026-08-07T030000_AIU-1657.ghg	2026-08-07	03:30:00	219.145	0	18000	18000	0.08865174981451869	1	NaN	17.936235261649163	1	NaN	33.5078523124579	1	NaN	10.69025097309854	2	NaN	0.7599649502160643	1	NaN	0.07339064407308227	1	NaN	NaN	NaN	NaN	NaN	NaN	NaN	NaN	NaN	NaN	-7.274933356269064e-11	-3.742923413756114e-12	-3.2365601803158443e-13	NaN	18.808009572895468	476.10903963058115	488.0644792461069	-0.1	0	967.6643887861334	24.49561507527205	25.110717546556373	0.1	1	0.08367534364033187	2.052953107022706	2.1045042326294783	0.2	0	NaN	NaN	NaN	NaN	9	304.2583082029554	295.6545701158312	97908.12377842882	1.1430107230916144	1019.2021677870923	0.025105905425230755	0.04924572877400096	0.01758195865646287	2398.9630366931456	2718.221969511732	0.015382146729916234	88.25486158233304	319.25893281858635	293.5768753379709	-0.2518618623625292	-0.9140656151237381	0.34526660019616606	1.0090388355634647	-2.1024409952194767e-14	-3.867997476326836e-15	1.0090388355634647	2.376180991786598	266.4050246664991	254.5949753335009	20.00936599756195	NaN	0.2784957062220568	0.2259342678022376	-103.75103528205847	-0.019306795296590098	0.5352845385133992	0.055284341954450616	0	23.754911905769912	-3.6048995287372576	8.154292549401305	20.30534141107965	30.96692684195593	43.43155520431631	65.06838396162607	0.08749149476389277	1.0132613467601281	19.69199842904582	1.0214897258325235	30.611676004102968	1.0946101842959122	9.766263028125255	1.0946101842959122	0.6942790786337308	1.0946101842959122	0.05118123194121595	1.3065230830053927	NaN	NaN	800000009	800000009	800000009	800000009	800000019	800000019	899999999	899999999	89999	89999	89	89	2	0	1	10	0	0	8	NaN	0	18000	0	0	0	0	0	0	0	NaN	NaN	NaN	NaN	0	0	0	0	0	0	0	0	17995	0	0	0	18000	18000	18000	18000	100	NaN	0.3658950298869266	0.04594125450011718	0.040032251217431425	0.05268207702044543	63.58573176471762	0.02742479912085629	7.133591184821107e-7	NaN	0.016903597735592933	0.25134948778357796	0.017868317727148215	0.00005118123194121595	NaN	18.809489435259227	967.7354420521463	99.87344329240587	100.48686502244738	99.26002216953701	1.2268380452493841	0.00028126204842960256	62.63905489319116	079
DATA	2026-08-07T033000_AIU-1657.ghg	2026-08-07	04:00:00	219.166	0	18000	18000	0.05960065170550975	1	NaN	20.065508734800012	1	NaN	1.8043411234953304	2	NaN	-9.753266240030975	2	NaN	0.04091072148672224	2	NaN	0.029430060701699345	1	NaN	NaN	NaN	NaN	NaN	NaN	NaN	NaN	NaN	NaN	-1.4313675617438115e-10	-7.362177374116211e-12	-6.456825825628006e-13	NaN	18.61973658740881	470.72915028136913	482.40911976968766	0.1	1	957.6981278576723	24.211751000674994	24.81250519823768	0.1	1	0.08399267894369807	2.057657267045625	2.1087128986803862	0.6	0	NaN	NaN	NaN	NaN	9	303.98076278856064	295.3491043701172	97912.90031423612	1.1443726749731242	1019.0334732393436	0.02507874290162489	0.0026510147523396014	0.017397034700623815	2371.27866198783	2668.199709129059	0.015202245807758724	88.87185819991906	296.9210471412289	293.3889579326803	-0.47815141627758473	-1.3624590082450312	0.44763158914108814	1.511720002392353	-5.5895178910598864e-15	-7.687367407290511e-15	1.511720002392353	2.5859544364519076	270.338388941668	250.66161105833203	17.223958154747727	NaN	0.22821372756132804	0.18060982526887312	-51.030946837268864	-0.03925265205028683	11.12068470507924	0.07539672489867848	0	19.489494534222956	-2.957605986519469	6.690112794457905	16.65932679593078	25.406524504154817	35.63301186403162	53.38474495722322	0.05889391253525037	1.0120002074889551	19.88668612563078	1.0223583293910836	1.639309645622123	1.1006713272955684	-8.861197705581628	1.1006713272955684	0.0371688809112916	1.1006713272955684	0.017908864189460295	1.3051706947748263	NaN	NaN	800000009	800000009	800000009	800000009	800000019	801000019	899999999	899999999	89999	89999	89	89	14	3	0	44	0	0	11	NaN	0	18000	0	0	0	0	0	0	0	NaN	NaN	NaN	NaN	0	0	0	0	0	0	0	0	18000	0	0	0	18000	18000	18000	18000	100	NaN	0.20483916375269454	0.11229063321650097	0.04408985356855074	0.0422900896856207	51.03541849593306	0.04153230364673787	1.4182749166949018e-7	NaN	0.017053223737312627	-0.2277432407856709	0.0009552841135439478	0.000017908864189460293	NaN	18.621190193447955	957.765964988098	99.89321678331163	100.48871933555603	99.29770283910963	1.1910332968831066	0.0002810358484599014	65.32872208386374	212
DATA	2026-08-07T040000_AIU-1657.ghg	2026-08-07	04:30:00	219.187	0	18000	18000	0.21010115140450866	1	NaN	32.9870939681951	1	NaN	22.700423233148843	1	NaN	-1.7346154889134886	2	NaN	0.51479267223417	1	NaN	0.05063303590570212	1	NaN	NaN	NaN	NaN	NaN	NaN	NaN	NaN	NaN	NaN	7.25433447833801e-10	3.7876456119555986e-11	3.262417677684114e-12	NaN	18.704554112577288	473.23387487762403	485.22304167960243	0.1	1	976.6054008074975	24.708568580086084	25.33454902204278	0.1	1	0.0841180788841316	2.0629122757025256	2.1151752278794853	0.8	0	NaN	NaN	NaN	NaN	9	304.20729496849907	295.53910691833494	97922.8716545139	1.143536570258762	1019.3227479407904	0.025092321062520354	0.03335856516077421	0.017744409229125756	2420.183004214425	2699.2185382853786	0.015517133155707045	89.66235856366765	279.0355340709534	293.7196314370192	-0.5660814384429442	-0.5543306700244673	0.4877870285410951	0.9304122053651029	7.740845692610841e-14	3.8783787278094276e-14	0.9304122053651029	2.803301858683683	296.6008902860867	224.3991097139133	31.619100104458845	NaN	0.4286365367180973	0.46413758349645107	-205.70957487214923	-0.009737514655041938	1.4531488523097178	0.06602267191455603	0	22.340159492860124	-3.3902053919284563	7.668653827371958	19.09603232712113	29.122654186100842	40.84493658137768	61.193157920838644	0.2072635533772517	1.0136907718748414	33.90073438002784	1.0215425653161698	20.750279154419083	1.0939815828123183	-1.5855984380050359	1.0939815828123183	0.47056795134592955	1.0939815828123183	0.030071726373464724	1.307101766211037	NaN	NaN	800000009	800000009	800000009	800000009	800000019	801010019	899999999	899999999	89999	89999	89	89	11	5	0	30	0	0	4	NaN	0	18000	0	0	0	0	0	0	0	NaN	NaN	NaN	NaN	0	0	0	0	0	0	0	0	18000	0	0	0	18000	18000	18000	18000	100	NaN	0.3044035479817216	0.5133062123412842	0.1105654066698965	0.04009423630413833	12.792493943118945	0.04222395006032099	0.0000016031584104101163	NaN	0.029083544355404355	-0.04079459142136546	0.012106865679874748	0.000030071726373464724	NaN	18.70591011579332	976.6748645697055	99.86400847095913	100.4652604575687	99.26275607787238	1.2025017142626984	0.0002812862846088441	63.876458613406705	179
DATA	2026-08-07T043000_AIU-1657.ghg	2026-08-07	05:00:00	219.208	0	18000	18000	0.1541882255857943	1	NaN	49.92677939957601	1	NaN	36.231447232599244	1	NaN	-29.383407805718022	1	NaN	0.8215898794007908	1	NaN	0.08926435947136609	1	NaN	NaN	NaN	NaN	NaN	NaN	NaN	NaN	NaN	NaN	-3.4399521309712367e-10	-1.7666637718015473e-11	-1.5390484816073024e-12	NaN	18.73342641579563	473.7755692409956	485.5908671477168	0.1	1	962.0966952569777	24.33179597491675	24.938596824757457	0.1	1	0.0838141066584902	2.054494480616281	2.1057306901470603	0.2	0	NaN	NaN	NaN	NaN	9	304.0400251108805	295.47015096876356	97920.96631380208	1.1439456798526417	1019.104698098343	0.0250869545882744	0.053239024185171235	0.017477568647787444	2383.232079357588	2687.9249191415793	0.015278320426926941	88.66438427598274	304.6928397839911	293.4703304795568	-0.35642419581051166	-1.0480036030606121	0.43005154352698904	1.1875580362563676	-4.2525459170853994e-14	-1.8362642554651625e-14	1.1875580362563676	3.375948666085506	269.7830792812258	251.21692071877425	21.231123985971152	NaN	0.3671325611834748	0.3207503483973022	-85.3944544992677	-0.023457026709119356	1.3779957250687573	0.11665045628800898	0	21.704520487525322	-3.2937447205579224	7.450459526089306	18.552697665695284	28.294034545069234	39.6827857529627	59.45204420826516	0.15227307433034673	1.0125770840568489	51.405421258447845	1.0216015297151226	33.04505838250217	1.0964255778644445	-26.799272471323913	1.0964255778644445	0.749334834928821	1.0964255778644445	0.05543808829839617	1.3056527903931798	NaN	NaN	800000009	800000009	800000009	800000009	800000019	800000019	899999999	899999999	89999	89999	89	89	14	0	0	24	13	0	5	NaN	0	18000	0	0	0	0	0	0	0	NaN	NaN	NaN	NaN	0	0	0	0	0	0	0	0	18000	0	0	0	18000	18000	18000	18000	100	NaN	0.40070231002240353	0.15361637514204754	0.08718201163015342	0.051043617383938415	30.475654219974032	0.04298786318333928	9.55654532457029e-7	NaN	0.044094529836972776	-0.6890832623069851	0.019267466800284735	0.00005543808829839617	NaN	18.734830397633385	962.1657953572296	99.88749043634203	100.49155496427748	99.28341445138719	1.208149604847034	0.0002806209527253587	63.96152991263072	186
DATA	2026-08-07T050000_AIU-1657.ghg	2026-08-07	05:30:00	219.229	1	18000	18000	0.0592802643633912	1	NaN	24.315323936385962	1	NaN	40.536615834910066	1	NaN	6.022172208920393	1	NaN	0.9191519816875168	1	NaN	0.02312903450476314	1	NaN	NaN	NaN	NaN	NaN	NaN	NaN	NaN	NaN	NaN	-2.3115424898836166e-10	-1.1740546208545128e-11	-1.0315802758502775e-12	NaN	18.851109580050473	476.46912086220715	488.28579533705533	0.2	0	957.4659521749635	24.200324047295652	24.800504287591714	0.1	1	0.08412751617493035	2.0614156663722976	2.1125398144446725	0.1	0	NaN	NaN	NaN	NaN	9	303.91706719292534	295.3998654106988	97917.0397265625	1.1442293892575952	1019.0278213627906	0.02508199275512114	0.05956104841335108	0.01738657095796858	2370.259717712648	2676.456046887421	0.015195004709020299	88.55963543541604	306.1963291747729	293.3820048870219	-0.21696832181323683	-0.8789723745643797	0.2441699100838012	0.9377028489389237	-6.727077806323723e-15	-1.226210308771346e-14	0.9377028489389237	2.387576427920348	264.86588364818283	256.13411635181717	15.093297345163476	NaN	0.22761376191826993	0.2658379508842611	-41.781746733904285	-0.04794198798717434	0.5998360602032705	0.09161833679731866	0	19.2672896430381	-2.92388553701021	6.613837045854135	16.46938939702069	25.116857986487165	35.2267504543305	52.77609133496938	0.05848217165860492	1.0136467692999709	26.39855257508551	1.021534469896442	37.05237922575007	1.094035435293682	5.504549500541366	1.094035435293682	0.840148273114006	1.094035435293682	0.009800965509278841	1.3070421596586062	NaN	NaN	800000009	800000009	800000009	800000009	800000019	800000019	899999999	899999999	89999	89999	89	89	3	1	0	26	0	0	2	NaN	0	18000	0	0	0	0	0	0	0	NaN	NaN	NaN	NaN	0	0	0	0	0	0	0	0	18000	0	0	0	18000	18000	18000	18000	100	NaN	0.4178080271482863	0.06873406065071087	0.045133813969525094	0.034725244414519955	11.831895991110656	0.030879191851348766	5.939206459044659e-7	NaN	0.02264023736329389	0.14149009532946946	0.0215953474924876	0.000009800965509278842	NaN	18.852505020067845	957.5347062568746	99.89677045059204	100.49330754301283	99.30019596926371	1.1931455126206083	0.000280682663268332	63.889585038503014	115
DATA	2026-08-07T053000_AIU-1657.ghg	2026-08-07	06:00:00	219.249	1	18000	18000	0.11114850828022338	1	NaN	33.90016519944401	1	NaN	59.10817299709005	1	NaN	17.474577477475272	1	NaN	1.340067209942113	1	NaN	0.015298032381106946	2	NaN	NaN	NaN	NaN	NaN	NaN	NaN	NaN	NaN	NaN	-2.3673401942313126e-10	-1.185301303729955e-11	-1.053197243931753e-12	NaN	19.01022508557243	480.24432615622817	492.07645577884756	0.1	1	951.8211464932875	24.045307357556368	24.637729127007482	0.1	1	0.08457388893846009	2.0708701624781725	2.1218917005985114	0	1	NaN	NaN	NaN	NaN	9	303.82607115512417	295.255300511678	97917.33318923612	1.144860788962576	1018.9361187639607	0.02506964281502652	0.08683635520424891	0.017283710390460363	2355.0839290923436	2653.00095941764	0.015096779064397974	88.77056454624532	297.9170303252963	293.27813755346256	-0.19768979994260996	-0.8889858360695799	0.2870981373671736	0.9548834558277288	-1.816424298987055e-14	-1.2452983505324066e-14	0.9548834558277288	2.5574832173745587	263.5372457356091	257.462754264391	17.49742959341961	NaN	0.311584236960719	0.3674265873685007	-76.87466911814087	-0.02605669751789941	0.5735275424789893	0.0932667186683996	0	23.03860137678039	-3.49619664241939	7.908406324574757	19.693049944574547	30.033143722265496	42.12191110179767	63.10629844765182	0.10966293276330048	1.0135467425454452	36.95509720459855	1.0215181269475802	54.021281997639356	1.0941645738742922	15.97070303199463	1.0941645738742922	1.2247400820126282	1.0941645738742922	0.0002003540878564769	1.3069054797490343	NaN	NaN	800000009	800000009	800000009	800000009	800000019	800000019	899999999	899999999	89999	89999	89	89	11	0	0	16	0	0	9	NaN	0	18000	0	0	0	0	0	0	0	NaN	NaN	NaN	NaN	0	0	0	0	0	0	0	0	18000	0	0	0	18000	18000	18000	18000	100	NaN	0.6100014232812276	0.07075549062202312	0.05409626083375058	0.059376455068710914	49.71505063301542	0.07665628204148722	6.1614482947482e-7	NaN	0.03167923682415754	0.4102469813271469	0.03146047613242051	2.003540878564769e-7	NaN	19.01155919332995	951.8853174711148	99.91250897683038	100.50088980462816	99.32413811598883	1.1767485398981319	0.0002805878088660797	63.830887494405104	123
DATA	2026-08-07T060000_AIU-1657.ghg	2026-08-07	06:30:00	219.27	1	18000	18000	0.22385049550706076	1	NaN	69.3000821356036	1	NaN	132.26032661985948	1	NaN	5.880084204762222	2	NaN	2.997872128601521	1	NaN	0.06363181442575101	1	NaN	NaN	NaN	NaN	NaN	NaN	NaN	NaN	NaN	NaN	8.723515868098833e-10	4.356211518893185e-11	3.866633676798852e-12	NaN	19.079685573276578	481.81513347311954	493.6934587389728	0.1	1	952.7711914311141	24.060122846662328	24.653283885521617	0.1	1	0.08456929051983539	2.0686500325775303	2.1196490490904574	0.3	0	NaN	NaN	NaN	NaN	9	303.72744491492375	295.0280909372965	97921.676921875	1.14578682771906	1018.9406346812821	0.025049239608198857	0.19426211393337856	0.017308446400247545	2356.6395501833886	2616.5000544050113	0.01510616633174585	90.06839293642918	259.8605042216227	293.2888115899808	-0.5346173966923053	-1.0281078646907857	0.5060867632348395	1.2644941099928668	4.8422835966092604e-14	4.572148652343191e-14	1.2644941099928668	2.7946196273759507	278.4744889634758	242.52551103652425	23.592472907395592	NaN	0.44200493413887937	0.45258926659961785	-107.35430537062206	-0.018658776591070528	0.5239672689965812	0.1342931697727856	0	21.021452399286765	-3.190086502874171	7.215984355448721	17.968821337560872	27.4035863042816	38.43391943426953	57.58101488962372	0.22111388036169918	1.0123764964048616	76.18351239991648	1.0217269536633695	120.52821481249993	1.097339131966823	5.358493134408699	1.097339131966823	2.7319467986421526	1.097339131966823	0.025208165418598515	1.3054323003772035	NaN	NaN	800000009	800000009	800000009	800000009	800000019	801001019	899999999	899999999	89999	89999	89	89	23	7	0	22	2	0	6	NaN	0	18000	0	0	0	0	0	0	0	NaN	NaN	NaN	NaN	0	0	0	0	0	0	0	0	18000	0	0	0	18000	18000	18000	18000	100	NaN	0.4113355081731549	0.35695860992901085	0.13688441509706997	0.07748647128610646	13.071566424716549	0.08266143892319727	5.59162306953383e-7	NaN	0.0652541721828718	0.13753620406970188	0.0701207565225477	0.000025208165418598514	NaN	19.081143832708754	952.8346433437671	99.90462525177001	100.48112367693582	99.32812484868367	1.153007400045793	0.00028127548257018324	64.97265716448686	057
DATA	2026-08-07T063000_AIU-1657.ghg	2026-08-07	07:00:00	219.291	1	18000	18000	0.12318541692120742	1	NaN	58.692699007651925	1	NaN	-112.67883957523568	1	NaN	-53.77349217595557	2	NaN	-2.555138665024386	1	NaN	0.05243890623433415	1	NaN	NaN	NaN	NaN	NaN	NaN	NaN	NaN	NaN	NaN	5.602578264448956e-10	2.8313202631573982e-11	2.532788940372592e-12	NaN	18.6888438268793	472.4351219279011	483.9903887720072	0.1	1	944.4598490982759	23.874992380374433	24.458949616090557	0.1	1	0.08448770319449721	2.070645797696501	2.1212916189351296	0.6	0	NaN	NaN	NaN	NaN	9	304.1463294618394	295.4765923115377	97936.59935921946	1.1443028257131351	1018.8423051811219	0.025083496920978887	-0.1655729854935802	0.01715180987009728	2338.8627703987886	2688.9781324223095	0.014988873124042307	86.97961289450403	350.1153620235209	293.16646497458123	-0.34809642427422777	0.3629674171128835	0.29695048665038204	0.5840342952258937	1.2139521660879962e-14	2.997819617065357e-14	0.5840342952258937	2.498198221527786	27.198093456925847	133.80190654307415	30.560440606408537	NaN	0.32810221604005296	0.38116329352033007	-51.85030219562255	-0.03863236886147042	-0.5208848371966308	0.1534358972650129	0	16.388675447217913	-2.4870447270298524	5.625701944251173	14.00879327825706	21.364293651086385	29.96372561746188	44.89112108064822	0.12108353640170996	1.0173589290663283	51.101787654807346	1.0231110421386034	-103.06466909816872	1.0932828927817106	-49.18534126070168	1.0932828927817106	-2.3371248941096856	1.0932828927817106	0.032034600837665	1.3122771476736992	NaN	NaN	800000009	800000009	800000009	800000019	800000019	800001119	899999999	899999999	89999	89999	89	89	7	0	0	3	3	0	6	NaN	0	18000	0	0	0	0	0	0	0	NaN	NaN	NaN	NaN	0	19	0	0	0	0	0	0	18000	0	0	0	18000	18000	18000	18000	100	NaN	0.3064846011143798	0.3152970322093484	0.1405449537169319	0.10583585443211331	228.71866678351216	0.2928326225667271	2.0881252258648552e-7	NaN	0.0438316836358179	-1.2639246417040024	-0.06005752260105286	0.000032034600837665	NaN	18.69007125065873	944.5222698834568	99.9231630836063	100.51872103966608	99.32760076416864	1.1911257525351333	0.0002812439160673723	63.32274467803289	016
DATA	2026-08-07T070000_AIU-1657.ghg	2026-08-07	07:30:00	219.312	1	18000	18000	0.05346838391817267	1	NaN	15.460070140143083	0	NaN	-16.140113264368622	2	NaN	-5.735495022356266	1	NaN	-0.3661190244538773	2	NaN	0.0013405306630727683	2	NaN	NaN	NaN	NaN	NaN	NaN	NaN	NaN	NaN	NaN	6.135538583059481e-10	3.159126933862889e-11	2.908146842915052e-12	NaN	18.044557515262415	456.2921180132536	467.2701732500497	0.1	1	929.0960668635872	23.494020943899244	24.059269935662627	0.1	1	0.08552830735136906	2.0989680547342977	2.1494676937494828	0	1	NaN	NaN	NaN	NaN	9	304.2904143659804	295.8179849504045	97985.99369017141	1.1437249290530416	1018.6301574964722	0.025099819211450818	-0.023724512784611247	0.01686714398603115	2302.7024978941154	2745.31723135889	0.01474755298024016	83.87746492795345	442.6147334647744	292.91506063106124	0.06492978666854192	-0.12053376842705878	0.14211326812360967	0.19733334108771147	-4.8270850464062464e-14	3.400215592912118e-14	0.19733334108771147	1.8172660019056872	222.68929982910993	298.3107001708901	46.068398830083495	NaN	0.21621595350845751	0.19214626978736682	-56.349318603718366	-0.03554790101521866	-0.9578662731117988	0.0613741665729161	0	15.026573246465185	-2.280340463041703	5.158136336296916	12.84448880376439	19.588655864286945	27.47336837427026	41.16011212784184	0.05158298542162781	1.0365507828043306	14.095468667148818	1.0353783228314029	-14.583740358025622	1.1067197350017624	-5.1824277104330605	1.1067197350017624	-0.3308145801279077	1.1067197350017624	-0.002005620254948995	1.3401783544038597	NaN	NaN	800000009	800000009	800000009	800000019	800000019	800000019	899999999	899999999	89999	89999	89	89	2	3	0	6	6	0	0	NaN	0	18000	0	0	0	0	0	0	0	NaN	NaN	NaN	NaN	0	32	0	0	0	0	0	0	18000	0	0	0	18000	18000	18000	18000	100	NaN	0.08504030068312436	0.22343252255191504	0.07581971633969424	0.05341675559468594	126.44477348650341	0.2397532083071753	8.801619195292324e-7	NaN	0.012098775091313558	-0.13320843996940246	-0.008503214439297807	-0.0000020056202549489953	NaN	18.045620266825217	929.1490661326064	99.93319394556681	100.54544107309977	99.32097290547689	1.2244419398506479	0.000281110414575475	63.38575265074106	250
DATA	2026-08-07T073000_AIU-1657.ghg	2026-08-07	08:00:00	219.333	1	18000	18000	0.1875974383226804	1	NaN	12.224310257766541	1	NaN	31.034210591565497	1	NaN	13.982546668077415	1	NaN	0.7039735408829795	1	NaN	0.1623951857952985	1	NaN	NaN	NaN	NaN	NaN	NaN	NaN	NaN	NaN	NaN	-3.072871639217526e-10	-1.6176160754724004e-11	-1.4865400037043006e-12	NaN	17.670880807571592	447.0855768137671	457.8615339062892	0.1	1	930.2276247817274	23.535406000556495	24.10267217591497	0.1	1	0.08548509116324401	2.097909698474279	2.148474928191277	0.5	0	NaN	NaN	NaN	NaN	9	304.26631991492377	295.8177831293163	98012.0079351695	1.144011293149519	1018.6539814152887	0.025093140123850298	0.045617485449217066	0.016901353170762825	2307.371161596213	2745.2836231116653	0.014773764273106582	84.0485530227621	437.9124615154524	292.9477132083712	-0.5221060257820161	0.23646686712850654	0.3057609975053529	0.6496160935528401	-1.5691936381428618e-13	-1.738946503391538e-14	0.6496160935528401	2.3501253473547967	5.366231871253547	155.63376812874648	28.07841533210353	NaN	0.404947102700747	0.43174791384420347	-468.26646937729214	-0.00427769257675817	0.39389789605567976	0.025904133481586922	0	22.892129228482407	-3.4739689288220066	7.858127175895998	19.567847755225138	29.842202483724172	41.85411329981325	62.70508854113045	0.1845831331902026	1.016330338966409	13.893700624714173	1.0225696586363564	28.392278302785186	1.0930510845450945	12.792217002279143	1.0930510845450945	0.6440445015211332	1.0930510845450945	0.12186696732389567	1.3108128957286895	NaN	NaN	800000009	800000009	800000009	800000019	800000019	800000019	899999999	899999999	89999	89999	89	89	4	1	0	7	0	0	3	NaN	0	18000	0	0	0	0	0	0	0	NaN	NaN	NaN	NaN	0	72	0	0	0	0	0	0	18000	0	0	0	18000	18000	18000	18000	100	NaN	0.31962250527715313	0.4510327763235377	0.09284054608771604	0.05112537340627499	16.292875351846213	0.10946363057770653	6.609803316782938e-7	NaN	0.011922324495587779	0.3287359020038646	0.016550731597224907	0.00012186696732389567	NaN	17.67216438979294	930.2901721977444	99.91646489312913	100.53533399878607	99.2975913581848	1.237743977685771	0.0002811988136446518	63.45265460776081	192
DATA	2026-08-07T080000_AIU-1657.ghg	2026-08-07	08:30:00	219.354	1	18000	18000	0.09944997872636678	1	NaN	42.64224382639605	1	NaN	46.70259323474047	1	NaN	13.702426440823649	1	NaN	1.0602925884393957	1	NaN	0.03713577784002688	1	NaN	NaN	NaN	NaN	NaN	NaN	NaN	NaN	NaN	NaN	-6.373159882394914e-10	-3.3933833479548223e-11	-3.186361882551172e-12	NaN	17.115881301300025	434.85154007191454	445.1585778889639	0.1	0	911.3335875009802	23.15363182694915	23.702429144771543	0.1	1	0.08557355028136941	2.1080198981710088	2.1579850904431757	0.9	0	NaN	NaN	NaN	NaN	9	304.29982895490855	296.69468657000823	98021.94336925077	1.14091186384865	1018.4523410195677	0.025164973671771253	0.06870695973087283	0.016579729353676225	2270.172774248092	2894.746333957633	0.014531998376936542	78.42389323089192	624.5735597095409	292.68592389644857	-0.39297171932739344	0.2966645711270961	0.26179558324957863	0.5576500402242917	-3.438399237040188e-14	-3.723535919772267e-14	0.5576500402242917	1.9769124223347274	18.05010419565292	142.9498958043471	27.99938877530529	NaN	0.2952407495155377	0.2153750104623187	-52.02595893349856	-0.03850193328604349	0.9130594443024619	0.12429994685155561	0	21.14632293394258	-3.209036088261797	7.258848369191342	18.07555879246823	27.566367657744053	38.66222259703475	57.923054629729194	0.09770652535426783	1.017843776204071	44.76162661964955	1.0233794571505932	42.7112971120841	1.0934482535658496	12.531389936504628	1.0934482535658496	0.969677883687381	1.0934482535658496	0.015415873523143058	1.3129682917172492	NaN	NaN	800000009	800000009	800000009	800000019	800000019	800100019	899999999	899999999	89999	89999	89	89	4	5	0	5	8	0	7	NaN	0	18000	0	0	0	0	0	0	0	NaN	NaN	NaN	NaN	0	3	0	0	0	0	0	0	18000	0	0	0	18000	18000	18000	18000	100	NaN	0.15542425387102607	0.21514994743075289	0.060175819622858395	0.08221867857637369	18.1647887934487	0.12140649791629259	6.966348828899165e-7	NaN	0.03852237487928147	0.32282876109841824	0.024980461979196008	0.000015415873523143058	NaN	17.11756104563031	911.4186471781965	99.8665720301734	100.52306044599746	99.21008047188656	1.3129836318956523	0.00028237284361643525	64.08156165260738	064
DATA	2026-08-07T083000_AIU-1657.ghg	2026-08-07	09:00:00	219.374	1	18000	18000	0.7993130442247672	1	NaN	-60.484407884944225	1	NaN	16.826253489793768	1	NaN	21.402890091201	1	NaN	0.38255984352856687	1	NaN	-0.5791779091260145	1	NaN	NaN	NaN	NaN	NaN	NaN	NaN	NaN	NaN	NaN	-8.603203746197399e-10	-4.559548087879385e-11	-4.631745850362183e-12	NaN	16.6070835091667	424.4201617049577	434.1865494834051	0	0	880.146490694734	22.493529083449157	23.01113061927691	0.1	1	0.08940830927571547	2.2166439304893104	2.2676514135102277	0.4	0	NaN	NaN	NaN	NaN	9	305.1500008646648	298.1831463385688	98022.02548980035	1.135503510614553	1018.1066306558546	0.025291200281479825	0.024789877860651132	0.01602665735581928	2205.4527118717183	3164.745301708267	0.014114141617356508	69.68815818073128	959.2925898365488	292.2213499858043	-0.11468883444550967	-0.9434780518010707	0.4558895837285672	1.0541061025956195	-4.31648000396808e-14	-5.18044227419501e-14	1.0541061025956195	6.109990293079671	257.930848284263	263.06915171573706	25.625639803002212	NaN	0.8390043442936453	1.5323000891776304	841.6714598969735	0.0023799072386809852	-3.5946449945991845	-0.062358760867590096	0	22.189583866760323	-3.3673549597433277	7.616966087552186	18.967322546665116	28.92636364980625	40.56963631323441	60.780707952882985	0.7907617256831995	1.0108140268602146	-58.67403264685243	1.0209945306257922	15.23525475590003	1.1044287581261223	19.379149568248437	1.1044287581261223	0.34638707179053707	1.1044287581261223	-0.41388857265308987	1.378828716308385	NaN	NaN	800000009	800000009	800000009	800000009	800000009	800000009	899999999	899999999	89999	89999	89	89	5	0	0	9	5	2	2	NaN	0	18000	0	0	0	0	0	0	0	NaN	NaN	NaN	NaN	0	0	0	0	0	0	0	0	18000	0	0	0	18000	18000	18000	18000	100	NaN	2.1892412094253166	0.4445228636946206	0.4308361052353237	0.11601207486151446	3.2622711335402927	0.042222260225391224	0.000001559238548899292	NaN	-0.05075328895592428	0.5014033082035421	0.008962190167481687	-0.0004138885726530899	NaN	16.608272498074804	880.2073867164572	99.72645374552411	100.45208573892381	99.0008214056227	1.4512607959806956	0.00028427468709479496	64.27058274481031	194
DATA	2026-08-07T090000_AIU-1657.ghg	2026-08-07	09:30:00	219.395	1	18000	18000	0.304939108103463	1	NaN	1.645843307090172	2	NaN	111.57638553238242	0	NaN	0.393207846552544	1	NaN	2.5397248693699144	0	NaN	0.15539485180682214	1	NaN	NaN	NaN	NaN	NaN	NaN	NaN	NaN	NaN	NaN	-8.656647775204284e-11	-4.690420300952544e-12	-4.564744298702782e-13	NaN	16.51060161486352	423.88464076362595	433.8489746037798	0.1	1	894.5917981913987	22.96728682891073	23.50718304443191	0.1	1	0.0870621937575861	2.170485757596631	2.2215077635957874	0.3	0	NaN	NaN	NaN	NaN	9	305.5833761656019	299.3739067618202	98024.08090702278	1.130806408897008	1018.4032519782596	0.025391665372293766	0.16457417153517045	0.01629946321676739	2251.9510823811356	3396.304501739416	0.014414017367186603	66.30592401911547	1144.3534193582805	292.5563113604547	0.5080492035261733	0.13209654828978387	0.149143147987241	0.5457171152393788	-2.9363058450742544e-15	-5.2430843994268594e-15	0.5457171152393788	4.389641656340536	146.42538710343445	14.57461289656557	15.860584634360494	NaN	0.519292956780745	0.6127354626506464	-7334.943208681934	-0.0002730900489630308	0.01475082114586428	0.0027521241089990094	0	19.23969823876793	-2.9196984349638924	6.60436580962475	16.44580467963932	25.080889804374323	35.17630456749757	52.700514204049526	0.29952406541653703	1.0180788234140568	8.31156321148429	1.0235119908867445	102.03238329371003	1.09353895234613	0.35957369941778233	1.09353895234613	2.3224823074853154	1.09353895234613	0.11388590318408257	1.3133035414406584	NaN	NaN	800000009	800000009	800000009	800000019	800000019	810000019	899999999	899999999	89999	89999	89	89	15	10	0	16	8	0	4	NaN	0	18000	0	0	0	0	0	0	0	NaN	NaN	NaN	NaN	0	5	0	0	0	0	0	0	18000	0	0	0	18000	18000	18000	18000	100	NaN	0.622555420062583	0.3671469997396102	0.23576850549909953	0.17847722191392873	0.49195375507845746	0.1937135418910118	0.0000015215712462924422	NaN	0.0072172985972855435	0.009344858672977763	0.060358332572941924	0.00011388590318408256	NaN	16.51177203129339	894.6305497230584	99.59171720123294	100.374343041314	98.80908932410344	1.565254846380822	0.0002855106739120351	64.36067513004937	053
DATA	2026-08-07T093000_AIU-1657.ghg	2026-08-07	10:00:00	219.416	1	18000	18000	0.5838363791353985	1	NaN	58.68917909999475	1	NaN	30.75860279437969	2	NaN	-26.052857384245595	1	NaN	0.7006223021808063	2	NaN	0.0714276918244647	1	NaN	NaN	NaN	NaN	NaN	NaN	NaN	NaN	NaN	NaN	4.569184303557671e-10	2.5400751015825514e-11	2.338120970576708e-12	NaN	16.388520180758984	422.2533575730878	432.40345350030617	0.1	1	911.061347000525	23.47366989105514	24.037928284469636	0.1	1	0.0838625456222386	2.0979275171418807	2.1483573483449523	-0.1	0	NaN	NaN	NaN	NaN	9	306.27394715287954	300.091283548991	98010.50672721353	1.1277290967783629	1018.7082810877098	0.025456035426593325	0.04540032518131625	0.01661670922418909	2301.2834101449116	3542.821080438952	0.014734663911447201	64.9562413086857	1241.5376702940403	292.90512405104334	0.46932834570921467	0.3578379588115275	0.3056873426286994	0.6646516774191208	5.565717970794856e-14	2.7880395869555947e-14	0.6646516774191208	6.257115960301391	123.67640215003064	37.32359784996935	27.382017515704675	NaN	0.7195205187722294	0.9933273581598672	-547.1705077240541	-0.0036608332717562907	1.9080573812903694	0.07100030742258373	0	18.472973416078382	-2.8033449850774566	6.341173989175195	15.79041983313609	24.081386561157842	33.774487057280986	50.600336129149774	0.5745716393714089	1.0161246033203544	59.68605776225575	1.0224671933026765	28.140698835319096	1.0930291025955223	-23.8354654257422	1.0930291025955223	0.6409914434273514	1.0930291025955223	0.03885005434664376	1.310520499559449	NaN	NaN	800000009	800000009	800000009	800000009	800000019	811010019	899999999	899999999	89999	89999	89	89	20	4	1	27	2	2	4	NaN	0	18000	0	0	0	0	0	0	0	NaN	NaN	NaN	NaN	0	0	0	0	0	0	0	0	18000	0	0	0	18000	18000	18000	18000	100	NaN	0.9744994924072227	0.511082318170065	0.5010729057424467	0.14981274821914	3.4400580870738686	0.11842499991424169	5.458513492188017e-7	NaN	0.05195391415404795	-0.6213456267600181	0.01670943793419862	0.00003885005434664376	NaN	16.389742239653216	911.1214593437704	99.45806894493103	100.28656433762444	98.62958409563699	1.656969673226276	0.0002863272378356973	63.58995845395892	152
DATA	2026-08-07T100000_AIU-1657.ghg	2026-08-07	10:30:00	219.437	1	18000	18000	0.6380172346353	0	NaN	92.87767325781519	0	NaN	141.2737423132184	0	NaN	-6.169854339860495	2	NaN	3.218429487257794	0	NaN	0.05633761533966307	2	NaN	NaN	NaN	NaN	NaN	NaN	NaN	NaN	NaN	NaN	-1.2612126755000895e-9	-7.024428071905934e-11	-6.384605187615161e-12	NaN	16.36994719649301	421.8633359678597	432.0139471707166	-0.1	0	911.7377176459814	23.496026619820537	24.061373287083285	0.5	0	0.08286917172813342	2.074557049042433	2.124473740604793	0.7	0	NaN	NaN	NaN	NaN	9	307.07255057525634	300.2455875837537	97994.16384114583	1.1269519670599613	1018.7245470305354	0.02547337226345316	0.20855423077430504	0.01662121538384086	2303.0910963365322	3575.0458266109663	0.014748823259258309	64.42130277585258	1271.954730274434	292.91778069631175	2.212742458084158	1.2621275532001897	0.2404122125405181	2.5587092797530615	7.799412677291893e-14	-7.704439485121146e-14	2.5587092797530615	8.179698190141927	131.29996994885323	29.700030051146783	5.391371978441486	NaN	0.752425494253691	2.1049564244663816	-395.3501115349498	-0.005066648374583604	0.6574305439711212	0.10751910680718722	0	15.230033136596571	-2.311216286322421	5.227977532626396	13.018403257708338	19.85388637989415	27.84535794363419	41.71742028812357	0.6300106127566418	1.0127087095305027	99.44875472939648	1.0270991121107043	126.32397271092907	1.1183446758478641	-5.516952396793832	1.1183446758478641	2.8778511283364114	1.1183446758478641	0.012845326407364117	1.308553035902809	NaN	NaN	800000009	800000009	800000009	800000009	800000019	800001019	899999999	899999999	89999	89999	89	89	5	9	0	11	5	1	0	NaN	0	18000	0	0	0	0	0	0	0	NaN	NaN	NaN	NaN	0	0	0	0	0	0	0	0	5	0	0	0	18000	18000	18000	18000	100	NaN	2.2220049280650596	1.100074579650151	0.8878333412175522	0.11309440820508268	1.5920922641044397	0.05353347438021952	8.16075558165125e-8	NaN	0.0866237882472159	-0.1439177853289714	0.07507296259024353	0.000012845326407364118	NaN	16.37118080771163	911.8014348332437	99.47662336858113	100.29221202235752	98.66102598105539	1.6311974943578276	0.00028603591953611204	63.351935686109634	086
DATA	2026-08-07T103000_AIU-1657.ghg	2026-08-07	11:00:00	219.458	1	18000	18000	0.4564740707122579	1	NaN	-22.437678570116436	1	NaN	92.45506264697421	1	NaN	-8.158295784306686	1	NaN	2.105995003849617	1	NaN	0.06344888421537327	1	NaN	NaN	NaN	NaN	NaN	NaN	NaN	NaN	NaN	NaN	-4.4855641129066096e-10	-2.5375439016631004e-11	-2.2776097192314854e-12	NaN	16.357211874800043	420.86628508506226	431.1310724427655	0.1	1	925.3494587599107	23.808971363496347	24.38966417951163	0.3	0	0.08305609686499851	2.0782414117462493	2.1289290218626946	0.7	0	NaN	NaN	NaN	NaN	9	307.0765576053196	300.1132619476318	98016.78357313368	1.1275744654195612	1018.9000537138153	0.02545626951705572	0.13646847624945518	0.016853909840710068	2334.304777867024	3547.395523487932	0.014947048161860304	65.80334113890542	1213.0907456209084	293.13496390639756	0.6376644399544462	-0.844153559377721	0.08262180625784776	1.0611491566512214	7.22309222488818e-14	-2.7422546991746676e-14	1.0611491566512214	6.634308712687539	213.93299664154983	307.0670033584502	4.465608707551947	NaN	0.6362612001824393	1.4781673758977656	989.7502307462858	0.0020238439333220806	-0.24268739783121823	-0.030694860524964514	0	20.78205427615922	-3.153756914085696	7.1338067266912155	17.764187422581134	27.09150667231329	37.99622331307708	56.925266341401475	0.4516070237466593	1.010777172873044	-16.619735280692232	1.0209337301735577	83.735979841125	1.104125882594223	-7.388918159529224	1.104125882594223	1.9073866821248957	1.104125882594223	0.04756973616675339	1.3773637419160951	NaN	NaN	800000009	800000009	800000009	800000009	800000019	800000119	899999999	899999999	89999	89999	89	89	17	0	0	35	4	8	11	NaN	0	18000	0	0	0	0	0	0	0	NaN	NaN	NaN	NaN	0	0	0	0	0	0	0	0	0	0	0	0	18000	18000	18000	18000	100	NaN	0.6300469918741101	2.034406467691038	0.29188129223038317	0.045719858753346394	1.3692514595749343	0.07218925147882789	1.8810572803186397e-7	NaN	-0.014465960818454767	-0.19268310931182842	0.04973951377412646	0.00004756973616675339	NaN	16.358353657671866	925.410647481774	99.5300468182034	100.32713487137688	98.73296637386747	1.5941638612548514	0.00028658584472982	63.536803480033484	012
DATA	2026-08-07T110000_AIU-1657.ghg	2026-08-07	11:30:00	219.479	1	18000	18000	0.4296788659003355	1	NaN	-16.514332464291176	2	NaN	71.21165356814959	1	NaN	-1.8925275993289765	1	NaN	1.6223349019963382	1	NaN	0.0703042829564223	1	NaN	NaN	NaN	NaN	NaN	NaN	NaN	NaN	NaN	NaN	1.6119194689729437e-10	9.287736428627323e-12	8.203247532563166e-13	NaN	16.24506230178693	418.1392715035412	428.4621292225314	0.1	1	936.0260225764383	24.092812444641527	24.6876063132539	0.1	0	0.0826730303892777	2.070269198442348	2.1213791893759484	-0.5	0	NaN	NaN	NaN	NaN	9	307.33363344997827	300.26189859008787	98027.31068967014	1.1270152594205767	1019.0654949966787	0.025466142111976273	0.10512730164936271	0.017048223707468106	2362.3871263037327	3578.467078774106	0.015126879219215694	66.01673493983988	1216.0799524703734	293.32819564325337	0.4966552239482157	-0.9488446951137988	0.06073524733188451	1.072688881824058	5.235994607024866e-14	9.922519464856932e-15	1.072688881824058	5.02310346007281	223.37102213395883	297.62897786604117	3.245801622721873	NaN	0.6174575401041351	1.524139452255158	1229.1765318789714	0.0016296275986802124	-0.2319049149516933	-0.02328745517507151	0	21.059430162281487	-3.1958497749277672	7.229020892526156	18.001284158163863	27.453094153982065	38.50335489741014	57.68504186620635	0.42510718123739966	1.0107541929770008	-12.039428577630295	1.0209324498668406	64.49562723199571	1.1041314988998527	-1.71404185209341	1.1041314988998527	1.4693312378215988	1.1041314988998527	0.052285314192533544	1.3768033549536989	NaN	NaN	800000009	800000009	800000009	800000009	800000019	800000119	899999999	899999999	89999	89999	89	89	4	9	0	19	3	6	4	NaN	0	18000	0	0	0	0	0	0	0	NaN	NaN	NaN	NaN	0	0	0	0	0	0	0	0	0	0	0	0	18000	18000	18000	18000	100	NaN	1.1548312328682389	1.6275256987606008	0.26592197288147573	0.058496573218063785	0.8148976398146031	0.07028270553383217	8.604489673769923e-8	NaN	-0.010482719899659801	-0.04472794442811423	0.038342217765284306	0.00005228531419253355	NaN	16.246200765897363	936.0858631160528	99.51758339903088	100.31933870018852	98.71580991744995	1.6035392539434972	0.0002862509248176745	63.967074612584206	246
DATA	2026-08-07T113000_AIU-1657.ghg	2026-08-07	12:00:00	219.499	1	18000	18000	0.40800771217028864	1	NaN	-13.692596862063708	2	NaN	179.94954631624208	1	NaN	-5.396945517363448	1	NaN	4.101056839530617	1	NaN	0.05099158600610318	1	NaN	NaN	NaN	NaN	NaN	NaN	NaN	NaN	NaN	NaN	-3.7911334919538015e-10	-2.2234021437321745e-11	-1.9450995114771964e-12	NaN	16.103858800866796	415.0639279246464	425.4196767459447	0	0	944.4498395057781	24.342430280869717	24.94976827564342	0.1	0	0.08262333139401218	2.072652072075615	2.1243642609899336	0.6	0	NaN	NaN	NaN	NaN	9	307.62486722056076	300.6300538347033	98036.22017426215	1.1256301763234196	1019.2164854241279	0.02549504931074353	0.265748483201584	0.017205324682082565	2387.079991820421	3656.4503764976307	0.015285059910422193	65.2840800784205	1269.3703846772096	293.49644896028565	0.5525806389753367	-0.36580643067743007	0.053480704148394495	0.6648457663334694	5.868859778541324e-14	-2.354177057085065e-14	0.6648457663334694	4.175514472102184	194.5044184252946	326.4955815747054	4.613901544485007	NaN	0.6020552147840965	1.1184614218503062	1374.4479162609186	0.001457385162654458	-0.07609131082776076	-0.01982381939820154	0	20.054886185351556	-3.043406350873184	6.884193452242698	17.142615075537144	26.143569624212674	36.66672812471314	54.93344028348951	0.4032183062100021	1.0118779477184554	-2.691191332000131	1.020401770049312	163.67964994330242	1.0994008502497128	-4.908987942057358	1.0994008502497128	3.73026529732001	1.0994008502497128	0.03183867446727783	1.376253136287262	NaN	NaN	800000009	800000009	800000009	800000009	800000019	800000119	899999999	899999999	89999	89999	89	89	10	1	1	30	2	2	4	NaN	0	18000	0	0	0	0	0	0	0	NaN	NaN	NaN	NaN	0	0	0	0	0	0	0	0	0	0	0	0	18000	18000	18000	18000	100	NaN	0.35473749567421414	1.5965060913051714	0.2856792567212266	0.08905387518774337	0.6889345858432143	0.14445903686281616	1.0951485410357691e-7	NaN	-0.0023457536912858635	-0.12827833364808183	0.09747675530140594	0.000031838674467277834	NaN	16.105015129619176	944.5094754197544	99.47679013273452	100.29483399878607	98.65874286905924	1.636090682910548	0.0002862219926610124	62.05046845327953	016
DATA	2026-08-07T120000_AIU-1657.ghg	2026-08-07	12:30:00	219.52	1	18000	18000	0.1349500158175524	1	NaN	27.287421880438696	1	NaN	-38.78881921683339	2	NaN	-12.65832117697087	2	NaN	-0.8843414761029185	2	NaN	0.06831478214709741	1	NaN	NaN	NaN	NaN	NaN	NaN	NaN	NaN	NaN	NaN	5.664937714751808e-10	3.3503811083558325e-11	2.969768004564384e-12	NaN	15.861772658480849	409.8419187019811	420.02287062907766	0.1	1	938.1035791730254	24.23904182133773	24.841167929676022	0.1	1	0.08315322658211145	2.0896052379263175	2.141513472548376	-0.1	0	NaN	NaN	NaN	NaN	9	307.495157848782	301.02837328722245	98022.30784736935	1.124025569812018	1019.1666650622551	0.025532452259816225	-0.05730532765146911	0.01710715197504902	2376.6041472840384	3742.4858520185703	0.0152195398703519	63.503356893177795	1365.881704734532	293.4252553059772	-0.2975318719876619	-1.3943270607635572	0.4844281305711245	1.5057701620482467	-1.5142693167384485e-13	3.571440492007634e-14	1.5057701620482467	5.414022601504167	263.0455398528537	257.9544601471463	18.766643747322405	NaN	0.3464961189169668	1.2581555810636176	-131.45879853194464	-0.015237473812095158	-0.7034867890125572	0.06874525539836719	0	15.860002417086948	-2.4068165550738745	5.444225600841992	13.556891523612716	20.675114961966337	28.997142706767562	43.4430037459608	0.13334911443736344	1.0120053394200899	24.56762070182301	1.0223397744286857	-35.24380115627156	1.1005855765909918	-11.50144200161098	1.1005855765909918	-0.8035190492338828	1.1005855765909918	0.048320419489813596	1.3051687570513715	NaN	NaN	800000009	800000009	800000009	800000019	800000019	800010019	899999999	899999999	89999	89999	89	89	23	0	0	9	8	2	4	NaN	0	18000	0	0	0	0	0	0	0	NaN	NaN	NaN	NaN	0	0	0	0	0	0	300	0	0	3000	0	15	18000	18000	18000	18000	100	NaN	1.8644712754372101	0.4817042884779637	0.1701355982120614	0.061832551864039915	10.349217931283299	0.12647918182818244	2.593529053046963e-7	NaN	0.02144577263115875	-0.3009568820572142	-0.02102558859116403	0.0000483204194898136	NaN	15.862778539995086	938.1579889407382	99.39619822141859	100.23750118997361	98.55487652503119	1.6826410599417154	0.0002869291605376121	63.60375582440881	016
DATA	2026-08-07T123000_AIU-1657.ghg	2026-08-07	13:00:00	219.541	1	18000	18000	0.44374774884688684	1	NaN	-11.57162938220194	2	NaN	60.96002104149017	1	NaN	-4.685428500320827	1	NaN	1.3903982947173086	1	NaN	0.018097733398103496	1	NaN	NaN	NaN	NaN	NaN	NaN	NaN	NaN	NaN	NaN	1.71922158493331e-10	1.0035701266917122e-11	9.185865855903894e-13	NaN	15.538435692751047	402.43566624991917	412.116946838572	0.1	1	907.0331604387163	23.491585732932823	24.056716142650732	0.5	0	0.08302244872625712	2.0897067575206916	2.139978239807746	0	0	NaN	NaN	NaN	NaN	9	307.70931141577825	301.4555690850152	97997.75399435763	1.122471634000412	1018.7508136190653	0.025575092277289546	0.09009780949768159	0.016551978681868838	2302.7401596214113	3836.712009080797	0.014746010661203722	60.01858242607852	1533.9718494593858	292.9153242687531	-1.0101148568913734	-1.5535173643850255	0.6756707151827218	1.9723790560930126	2.6812263163130034e-14	1.106431573247336e-14	1.9723790560930126	5.44422973530645	284.0323856067688	236.96761439323117	20.033307980780744	NaN	0.6287534688148865	1.3024120783203983	1851.7086117143042	0.0010817576736036985	-0.18982325111610673	-0.016094251296700977	0	21.01878673312353	-3.1896819777496943	7.215069318515716	17.966542766217515	27.400111339213765	38.429045746352514	57.57371321702181	0.43879852510401923	1.0112790345904066	-7.775379434146784	1.0245649977388918	54.44093431571173	1.119746047853867	-4.184367079750838	1.119746047853867	1.241708597571905	1.119746047853867	0.013015004634858848	1.3798274956329122	NaN	NaN	800000009	800000009	800000009	800000009	800010019	800010019	899999999	899999999	89999	89999	89	89	9	1	0	23	0	11	7	NaN	0	18000	0	0	0	0	0	0	0	NaN	NaN	NaN	NaN	0	0	0	0	0	0	0	0	0	0	0	0	18000	18000	18000	18000	100	NaN	1.4986283298935281	0.8291202503044521	0.2770755764428165	0.03694026699151825	1.138321966628274	0.1707867348097563	1.613181960172865e-7	NaN	-0.006799519884985666	-0.1095907246622337	0.03252098643203502	0.000013015004634858849	NaN	15.539553736056144	907.0948921951922	99.34400072691176	100.19447576904295	98.49352661175197	1.7009485952059422	0.0002880315288364526	64.11557080386645	099
DATA	2026-08-07T130000_AIU-1657.ghg	2026-08-07	13:30:00	219.562	1	18000	18000	0.4234472302384768	1	NaN	0.5654323716569096	2	NaN	73.74522117942806	1	NaN	1.4091595486114756	1	NaN	1.6831519215781203	1	NaN	0.041442965733382846	1	NaN	NaN	NaN	NaN	NaN	NaN	NaN	NaN	NaN	NaN	-2.559273590384617e-10	-1.5022654817990908e-11	-1.3692399678804047e-12	NaN	15.427158226974235	400.5999085508287	410.24676882531224	-0.1	0	905.5572399023321	23.51477453949503	24.081034639725956	0.3	0	0.08253702032698117	2.08406756535078	2.134254068583522	0.6	0	NaN	NaN	NaN	NaN	9	308.3448134579128	302.15341333346896	97968.55308029513	1.119535607008344	1018.7811513444645	0.02564193712645259	0.10906824451826219	0.016525126099962355	2304.32638304533	3995.0786417877716	0.014760697200262601	57.67912448437208	1690.7522587424414	292.92642463899887	-0.9542780688976338	-1.2804752800710448	0.6528853905918961	1.7252602438184594	4.626327935282526e-14	-1.6589403911795968e-14	1.7252602438184594	6.356571017095551	287.6954322095778	233.30456779042217	22.23629332544157	NaN	0.6150078975893206	1.39254739114309	-35457.169877283195	-0.00005649351053489895	0.007667376443026283	0.0008060856012319913	0	22.172751821711202	-3.364800631968678	7.611188191171021	18.952934767719658	28.90442137910012	40.53886196657919	60.73460237377328	0.41846244696632695	1.0119121400457494	4.992046023817268	1.0231119193793219	66.80346971893422	1.1039130375967032	1.2765131859293153	1.1039130375967032	1.524714234050955	1.1039130375967032	0.028149692080570908	1.3053734962235501	NaN	NaN	800000009	800000009	800000009	800000009	800000119	800000119	899999999	899999999	89999	89999	89	89	8	0	2	18	3	17	7	NaN	0	18000	0	0	0	0	0	0	0	NaN	NaN	NaN	NaN	0	0	0	0	0	0	0	0	0	0	0	0	18000	18000	18000	18000	100	NaN	1.705424539374527	0.8477338161929555	0.23193642671869677	0.12055671743692144	0.4903461368935938	0.16414578384911807	2.3745526670236027e-7	NaN	0.004376830904421517	0.03352071432944754	0.04003837237016569	0.00002814969208057091	NaN	15.428225886895266	905.6090487432314	99.27814577950372	100.15084164619446	98.40546680196127	1.7453588280048635	0.0002887253157128321	63.77885759406618	209
DATA	2026-08-07T133000_AIU-1657.ghg	2026-08-07	14:00:00	219.583	1	18000	18000	0.28696585877684655	0	NaN	-40.859105029664946	0	NaN	172.2072318174111	1	NaN	0.2142805555833055	2	NaN	3.9333959173740367	1	NaN	0.05233951944986977	0	NaN	NaN	NaN	NaN	NaN	NaN	NaN	NaN	NaN	NaN	-4.6443010838942e-10	-2.6113653854623282e-11	-2.4840966821631123e-12	NaN	15.341606393181467	399.55434953975146	408.73697921470625	-0.1	0	862.6171983438593	22.465864704967775	22.98217923427021	0.1	0	0.082057629020898	2.078310201605068	2.1260742991627684	-0.1	0	NaN	NaN	NaN	NaN	9	308.92676795959477	302.9252012651232	97933.1087845052	1.1167259795367415	1018.2053524604927	0.025716738236708666	0.2548840554458376	0.015742077599173548	2200.742139565575	4176.819690237962	0.014096634167769549	52.68942168389831	1976.0775506723871	292.1870718612791	-0.8321005116339373	-2.323599706990791	0.7400367041314766	2.57665697818914	-5.031428914227514e-14	-3.027258661751579e-14	2.57665697818914	7.985650042991102	270.70287113665677	250.2971288633432	16.69088146489431	NaN	0.5069227770448462	1.4390856215611547	274.6598977890462	0.007293019534793863	-0.23726706827845231	-0.07088674731804667	0	18.849330776227728	-2.860458666476108	6.470365292007714	16.11212444398539	24.572006391044294	34.46258834465755	51.63123724611133	0.28335618697660964	1.0127389905925537	-29.926713829365077	1.0286084574737688	151.618176634008	1.135795427965759	0.18866122393808885	1.135795427965759	3.4631200483161453	1.135795427965759	0.039191322190648054	1.393904552418252	NaN	NaN	800000009	800000009	800000009	800000009	800000019	800000019	899999999	899999999	89999	89999	89	89	14	0	0	7	4	13	10	NaN	0	18000	0	0	0	0	0	0	0	NaN	NaN	NaN	NaN	0	0	0	0	0	0	0	0	0	0	0	0	18000	18000	18000	18000	100	NaN	2.2224415729385103	0.41924644595657906	0.2364832242272203	0.08906497882514428	0.1518983148642461	0.4161761057201977	2.084103124906706e-7	NaN	-0.026319463686746	0.0049632857269703845	0.09110750978819623	0.000039191322190648054	NaN	15.342657683564465	862.6562611954869	99.21662226994832	100.1020664990743	98.33116010771857	1.7709212487969137	0.0002895618739162779	64.29842442490944	128
DATA	2026-08-07T140000_AIU-1657.ghg	2026-08-07	14:30:00	219.604	1	18000	18000	0.23407049921700973	1	NaN	1.0207684251310576	2	NaN	39.99945890639992	0	NaN	0.9032373383731914	2	NaN	0.9140913175751386	0	NaN	0.02996986866598306	1	NaN	NaN	NaN	NaN	NaN	NaN	NaN	NaN	NaN	NaN	2.0348814260378347e-10	1.1753103044760292e-11	1.0926665702602204e-12	NaN	15.325156718778405	400.4070443746944	409.8863963766081	-0.1	0	885.153030482053	23.126778750675914	23.674288789592424	0.1	0	0.08229121469359084	2.0897280474926703	2.139200872780723	0.3	0	NaN	NaN	NaN	NaN	9	309.05546137661406	303.44246037292476	97884.19475781251	1.1139847011544832	1018.5936802285455	0.025773523721398756	0.05923311737886898	0.016169483254694184	2264.353341283722	4302.60958092323	0.01451499579656423	52.627441525797224	2038.2562396395083	292.6446291600914	-0.28296055728913005	-0.8401430723283763	0.42484340770618073	0.9830559394226074	-1.3252613773702593e-14	1.3278046439449649e-14	0.9830559394226074	4.61288130375263	269.6135480513932	251.38645194860678	25.605102205392765	NaN	0.4583885146367569	0.6883640907979605	-8127.067176796723	-0.00024647267660331067	0.025519555839984984	0.0019625164084366995	0	18.616395821865584	-2.825109888482847	6.39040625993953	15.913015148456969	24.268352152321786	34.036708957290216	50.99319231844994	0.23097704213573383	1.0133929201477003	3.4412222570299105	1.0214991274821972	36.549579817512075	1.0943890218741967	0.8253347944100825	1.0943890218741967	0.835252638051605	1.0943890218741967	0.02087562328069815	1.3066982483203373	NaN	NaN	800000009	800000009	800000009	800000009	800000019	800000119	899999999	899999999	89999	89999	89	89	23	2	0	26	0	23	3	NaN	0	18000	0	0	0	0	0	0	0	NaN	NaN	NaN	NaN	0	0	0	0	0	0	0	0	0	0	0	0	18000	18000	18000	18000	100	NaN	0.7707642309789525	0.4064905413410416	0.19947340927592677	0.08443658224910597	0.15354630919355577	0.2413763704777003	7.545883550832473e-7	NaN	0.0030327214245045786	0.021775518587094315	0.022037189596268516	0.00002087562328069815	NaN	15.326220532021022	885.2050545217326	99.13250871955024	100.05551404147678	98.20949213324656	1.8460354727672155	0.00029055546945892276	63.95392885348287	050
DATA	2026-08-07T143000_AIU-1657.ghg	2026-08-07	15:00:00	219.624	1	18000	18000	0.29283839331690226	1	NaN	-41.51185627911313	1	NaN	56.0161818697083	1	NaN	-2.003724380017313	2	NaN	1.2799204974818759	1	NaN	0.09270366008789284	1	NaN	NaN	NaN	NaN	NaN	NaN	NaN	NaN	NaN	NaN	4.6164298549226783e-10	2.6825091115453465e-11	2.4719678720264444e-12	NaN	15.343567381954358	400.13943843365143	409.6646541025554	0.1	1	891.5820363178016	23.2512509280808	23.804740932786988	0.3	0	0.08216047205833557	2.0851664093716327	2.1348032555484737	0.1	0	NaN	NaN	NaN	NaN	9	309.4681843905979	303.2867919582791	97821.57708376736	1.113790595302443	1018.6600488882788	0.02577679141465771	0.08293884823682555	0.016254449289783778	2275.0841385378635	4264.41150308248	0.014593810863854513	53.35048310636405	1989.327364544616	292.7207028414396	-0.4626876831262603	-1.1658571346747295	0.41979078895651023	1.3226968878323522	4.687923950059599e-14	3.008706997534408e-14	1.3226968878323522	4.998778479292813	272.64638664749975	248.35361335250022	18.504243865076436	NaN	0.5127577515414505	0.7631212807613849	279.5977614329704	0.007164220449169135	-0.7410690070892064	-0.0713554417933448	0	23.112713375451314	-3.5074434241436236	7.93384657545764	19.756399766356253	30.12975619761617	42.25741147217777	63.3093026938815	0.2896836922547504	1.0108901575977485	-37.54902566722285	1.0222490166043878	50.437255957463265	1.1106112100339098	-1.8041636550347209	1.1106112100339098	1.152446946256554	1.1106112100339098	0.07498512655642073	1.3868081102032883	NaN	NaN	800000009	800000009	800000009	800000009	800000019	800001119	899999999	899999999	89999	89999	89	89	15	0	0	12	0	24	3	NaN	0	18000	0	0	0	0	0	0	0	NaN	NaN	NaN	NaN	0	0	0	0	0	0	0	0	0	0	0	0	18000	18000	18000	18000	100	NaN	1.0237821775725955	0.35713091002825903	0.1453294739219151	0.03976720745028887	0.21681339062418828	0.22673721582546308	0.0000015985063823879026	NaN	-0.03309526417339337	-0.0476129068145266	0.03041373154130137	0.00007498512655642073	NaN	15.344601027614127	891.6315451022843	99.16691411526998	100.07968973477682	98.25414244948493	1.825537481579515	0.0002899889701964437	64.07262072849274	161
DATA	2026-08-07T150000_AIU-1657.ghg	2026-08-07	15:30:00	219.645	1	18000	18000	0.4866839384436833	1	NaN	438.3018921404006	1	NaN	-387.58460315246725	1	NaN	8.318243765592033	1	NaN	-8.879789654976872	1	NaN	NaN	NaN	NaN	NaN	NaN	NaN	NaN	NaN	NaN	NaN	NaN	NaN	6.837008057209547e-10	4.138482132688143e-11	NaN	NaN	15.408164996381544	398.79271996650635	408.6573669189441	0.1	1	932.6655022410706	24.1391633945373	24.736276412634314	0.1	1	NaN	NaN	NaN	NaN	0	NaN	NaN	NaN	NaN	9	308.38325659857804	306.0360047096651	96890.97828948378	1.093056324317904	1019.1309757638153	0.026461683436618318	-0.5754103696425013	0.016438399804172398	2321.549680214288	4979.142718060412	0.015038932064576266	46.62548980155825	2657.5930378461244	293.0465239070439	-1.2496489899806504	-2.4043589922928814	0.8893627947338617	2.851934596486332	1.4485048111790567e-13	4.437263008810686e-14	2.851934596486332	10.194638039257029	278.4628439523393	242.5371560476607	18.17048042987856	NaN	0.6672709780185685	2.6228884019529586	-57.97603767453756	-0.03455048120475021	-1.1308547568077214	0.589655788164586	0	20.87228752029652	-3.1674501570056153	7.164780879459948	17.841317442515752	27.20913481932542	38.161198461777246	57.17242917656244	0.4803236553308084	1.0132416612054937	406.35316738239806	1.0287348573812578	-344.8927543197377	1.1237829681778453	7.402001988942426	1.1237829681778453	-7.901694460964274	1.1237829681778453	NaN	1	NaN	NaN	800000009	800000009	800000009	800000019	800000009	800010009	899999999	899999999	89999	89999	89	89	4	0	0	0	9	19	1	NaN	0	18000	0	0	0	0	0	0	0	NaN	NaN	NaN	NaN	0	6836	0	0	0	0	0	0	0	5995	0	0	18000	18000	18000	18000	100	NaN	4.126699484171902	0.8015099168280034	0.3175674029060119	4.614414010766301	2.583287140211691	2.229664269938803	NaN	NaN	0.364780073109234	0.20067775919759664	-0.2142250624438066	NaN	NaN	15.40994022250064	933.1662821498327	99.37510403124487	100.21408355585736	98.53610825538635	1.6779927174680822	0.00028783435940082783	39.71490882375462	178
DATA	2026-08-07T153000_AIU-1657.ghg	2026-08-07	16:00:00	219.666	1	18000	18000	0.19048599011079084	1	NaN	6.543511213656857	1	NaN	68.37340337324162	1	NaN	8.543998747421936	1	NaN	1.5587854142998276	1	NaN	NaN	NaN	NaN	NaN	NaN	NaN	NaN	NaN	NaN	NaN	NaN	NaN	-3.356344953438298e-10	-2.1338511164516143e-11	NaN	NaN	15.74827653037363	400.18313252491015	410.6305157296742	0.1	1	1001.2223988509141	25.442296187363038	26.106505636175683	0.1	1	NaN	NaN	NaN	NaN	0	NaN	NaN	NaN	NaN	9	303.42794284396706	300.9945570578902	96974.90802770684	1.1117899224649392	1019.7320333585923	0.026013944927733037	0.10100929484662882	0.017624016135394976	2447.9726729922613	3730.789057183727	0.015851930098737477	65.61541366909043	1282.8163841914657	293.90493577137556	-0.7949266012093249	-0.0018054083604252557	0.5617026418935287	0.9733557513672104	-6.053306188675614e-14	-2.1312458839320802e-14	0.9733557513672104	3.869784266941683	340.86987213494297	180.13012786505595	35.245318617151696	NaN	0.4139235663312856	0.7442731081270899	-927.6402848612483	-0.002159349947053683	0.09570258157161889	0.013943824318855793	0	18.804102279743557	-2.8535950676419786	6.454839812756751	16.07346380545034	24.513046477938627	34.37989622819538	51.50734938717449	0.1879589518307693	1.0134446284968475	10.541519034857291	1.0215046177856784	62.4808628607698	1.0943095252317903	7.807661863870002	1.0943095252317903	1.42444653761892	1.0943095252317903	NaN	1	NaN	NaN	800000009	800000019	800000009	800000019	800001009	800001009	899999999	899999999	89999	89999	89	89	9	33	1	18	9	0	0	NaN	0	17605	0	0	0	0	0	0	0	NaN	NaN	NaN	NaN	0	17998	0	0	0	0	300	0	0	18000	0	15	18000	18000	18000	18000	100	NaN	0.7899797624694682	0.5399437453578304	0.15862270842688128	0.3825718620707215	5.424776352617735	0.5127529525057951	NaN	NaN	0.009298104051641292	0.2083679943765578	0.03801510276895724	NaN	NaN	15.749503963781379	1001.2456273951517	99.74732159550985	100.39391627375285	99.10072911919488	1.2931825802591104	0.0002827343692802567	0.21560413961353317	183
DATA	2026-08-07T160000_AIU-1657.ghg	2026-08-07	16:30:00	219.687	1	18000	18000	0.07555849971792614	1	NaN	26.9810643580805	1	NaN	78.50264071676963	1	NaN	11.87352416701089	1	NaN	1.789109744031771	1	NaN	NaN	NaN	NaN	NaN	NaN	NaN	NaN	NaN	NaN	NaN	NaN	NaN	2.946596087326484e-10	1.9238254811037717e-11	NaN	NaN	15.834669430562593	402.04600089540605	412.8839936993156	0.1	1	1033.8417493458085	26.24948646423529	26.957096401337278	0.1	1	NaN	NaN	NaN	NaN	0	NaN	NaN	NaN	NaN	9	303.15603851572666	300.6482285094129	96974.90802770684	1.1127380343143682	1020.1789165617112	0.02599063361317789	0.11593431141325874	0.01819946990250643	2524.9836432417387	3655.8185334293785	0.016355574574855196	69.06753221345348	1130.8348901876398	294.40899064101677	0.3859536096594797	-0.11665752165321243	0.1646165510755688	0.4355086394728688	-1.0444384144584854e-13	1.8608510270755893e-14	0.4355086394728688	4.4405193859364305	177.8178559188126	343.1821440811874	22.209040886340134	NaN	0.26058247014883756	0.7050220758932089	-56.1392998815347	-0.03568088672689091	0.34369626437696177	0.09121045127350852	0	10.949476938449035	-1.6616253687620268	3.758601108402745	9.359448201276956	14.273749052644416	20.01913600004254	29.992313692264997	0.07401472451218394	1.0208576768462885	31.223421613454384	1.0251621074886728	71.69451083636535	1.0949602668458545	10.84379454353517	1.0949602668458545	1.633949466664654	1.0949602668458545	NaN	1	NaN	NaN	800000009	800000019	800000009	800000019	800000019	810001019	899999999	899999999	89999	89999	89	89	27	5	0	11	0	0	0	NaN	0	18000	0	0	0	0	0	0	0	NaN	NaN	NaN	NaN	0	17334	0	0	0	0	300	0	0	18000	0	20	18000	18000	18000	18000	100	NaN	0.21585577445540366	0.9512122943326222	0.24297608299839168	0.2535974638366724	8.056454345217434	0.30328003028017486	NaN	NaN	0.027504972596516034	0.2893716024923052	0.043602686648289764	NaN	NaN	15.835918782379677	1033.8988114153576	99.7311494731903	100.37910849316916	99.08319075775145	1.2959160982833953	0.00028217724337527115	1.5463083453639792	196
DATA	2026-08-07T163000_AIU-1657.ghg	2026-08-07	17:00:00	219.708	1	18000	18000	0.3289282732238199	1	NaN	-55.73832197081948	1	NaN	97.44844102828013	2	NaN	4.291803501034994	1	NaN	2.219135655320404	2	NaN	NaN	NaN	NaN	NaN	NaN	NaN	NaN	NaN	NaN	NaN	NaN	NaN	6.820089680151603e-10	4.30621328435544e-11	NaN	NaN	16.03509004948938	406.2925889442161	416.9897802526493	0.2	0	1012.457621897605	25.65336565791106	26.328787675479642	0.1	1	NaN	NaN	NaN	NaN	0	NaN	NaN	NaN	NaN	9	302.27882142723934	299.8346748783863	97012.75927938396	1.1164391368829178	1019.8253957855626	0.025905315342165853	0.14379999046476216	0.0178447415509221	2469.077257733404	3485.6625566723405	0.015983622359159108	70.8352348395583	1016.5852989389364	294.0444362897032	0.36693407485511065	-0.41091240165287785	0.21812885880302407	0.5925114481296516	-7.011190167875801e-14	4.253228175895889e-14	0.5925114481296516	4.133126435807827	209.23597627497895	311.76402372502105	21.60112812870436	NaN	0.5427915478958037	0.7756295894467066	245.64173323751302	0.00815455897334508	-0.5719775645732894	-0.09019032223677827	0	17.826693673958015	-2.705269540847488	6.119327067287807	15.237989629948045	23.238895645044682	32.59288156833307	48.83007578999463	0.32486833969907436	1.0124971658626576	-49.28426840721576	1.0210932361474425	88.41816831444702	1.1021314158162403	3.8940941519723196	1.1021314158162403	2.0134946009835937	1.1021314158162403	NaN	1	NaN	NaN	800000009	800000019	800000009	800000019	800000019	800000019	899999999	899999999	89999	89999	89	89	21	7	0	17	10	0	0	NaN	0	18000	0	0	0	0	0	0	0	NaN	NaN	NaN	NaN	0	17712	0	0	0	0	300	150	0	18000	0	20	18000	18000	18000	18000	100	NaN	0.3471050874434086	0.8924476948114188	0.3117063966385858	0.07765801148451251	0.7015173665857845	0.23890528318330936	NaN	NaN	-0.04328599841380149	0.10351223270471466	0.05352241459830575	NaN	NaN	16.036261808052235	1012.512589373318	99.79781087409124	100.42203127076891	99.17359261618721	1.2484401747385656	0.00028176764547889536	0.3799893235264383	193
DATA	2026-08-07T170000_AIU-1657.ghg	2026-08-07	17:30:00	219.729	1	18000	18000	0.10962840372863593	0	NaN	1.0993144693082244	1	NaN	174.77396701858675	1	NaN	5.5883740764250405	1	NaN	3.9644314237118197	1	NaN	0.05640424106678045	0	NaN	NaN	NaN	NaN	NaN	NaN	NaN	NaN	NaN	NaN	-3.530594750736668e-11	-2.1522029030782078e-12	-1.8479952048994898e-13	NaN	15.903927838713875	402.9818629517954	413.13050909681874	0.1	1	969.4819734744257	24.565230409175516	25.183878179245283	0.1	1	0.08324484813466164	2.0437786844283186	2.0952489578422995	-0.1	0	NaN	NaN	NaN	NaN	9	302.513688329061	295.79052637363765	97851.11895309409	1.14178982861729	1019.2444241471311	0.025132082929468252	0.2568951562565259	0.017613560356307255	2404.3800594224003	2740.7479938080064	0.015426271906483276	87.72714838629672	336.3679343856061	293.613422871445	0.04020649483782012	-1.195470048504688	0.1189031827612336	1.2020412496955943	-2.6950070424659793e-14	-2.2199514400099174e-15	1.2020412496955943	4.907122897961842	249.07373303117663	271.92626696882337	5.6768515431118	NaN	0.30986210032863154	0.5764909281056324	-2330.6525223408144	-0.0008594588772024095	0.006289921136774994	0.003048519446746141	0	15.28947974852022	-2.320237539028331	5.248383630810175	13.069217327473357	19.931381042460952	27.954045309755067	41.88025376800385	0.1082711653445297	1.0125355479437887	11.410168630099177	1.0216220407807033	159.3793270641738	1.0965911968508584	5.096132535509572	1.0965911968508584	3.6152318522132005	1.0965911968508584	0.03471498843825881	1.305605413320157	NaN	NaN	800000009	800000009	800000009	800000019	800000019	800000019	899999999	899999999	89999	89999	89	89	12	4	0	0	10	0	10	NaN	0	18000	0	0	0	0	0	0	0	NaN	NaN	NaN	NaN	0	28	0	0	0	0	300	0	0	3005	0	20	18000	18000	18000	18000	100	NaN	0.8558957274179824	0.14797443036263586	0.14911169843064656	0.6109106306434906	1.4504228853515446	0.44589769982731314	2.3410469278672993e-7	NaN	0.009804547360666986	0.1313027735902356	0.09314710048448392	0.000034714988438258814	NaN	15.90512103116196	969.5243686532136	99.88255804316202	100.51264611053467	99.2524710506863	1.2601719387703485	0.00028189556789907835	59.86113310145756	213
DATA	2026-08-07T173000_AIU-1657.ghg	2026-08-07	18:00:00	219.749	1	18000	18000	0.013857718343744913	1	NaN	11.16167348534887	1	NaN	6.03618026659871	1	NaN	-1.6782807024677515	2	NaN	0.13696622851071263	1	NaN	0.0498948286556637	0	NaN	NaN	NaN	NaN	NaN	NaN	NaN	NaN	NaN	NaN	-2.7724763146227362e-11	-1.7788182703631459e-12	-1.4550808636209572e-13	NaN	15.888009147795119	403.3889546495453	414.10661290909127	0.1	1	1019.3732152997844	25.881398474307357	26.569042449010997	0.1	1	0.08338515986614375	2.051550499334809	2.1060582316379253	1.4	0	NaN	NaN	NaN	NaN	9	302.62081803300657	296.1401786405687	97871.09209294774	1.1401014874510953	1020.0090594411013	0.02515665650158919	0.008875411607494178	0.018539141259431333	2533.720194935553	2799.4310058580863	0.01626095699680119	90.50839937235435	265.71081092253326	294.4653200577387	0.10248697333011482	-0.09446354702248332	0.08725848776802721	0.16444143366561426	-1.1254855049993409e-14	-1.7450117814210162e-15	0.16444143366561426	1.2995939228843718	203.6671582037261	317.33284179627384	32.048413502332814	NaN	0.11024886037099005	0.07061205098050603	-10.343269863933116	-0.19366216161339758	1.8491285866845546	0.0870577950911125	1	0.5183373457642031	1	1	1	2	5	NaN	0.013300983434208926	1.0418566726505436	11.185854447730145	1.0389339392353203	5.432682465754977	1.1110865221090858	-1.5104860594312735	1.1110865221090858	0.12327233368893781	1.1110865221090858	0.03480679069678633	1.3481634242969198	NaN	NaN	800000009	800000009	800000009	800000019	800000019	800000119	899999999	899999999	89999	89999	89	89	13	11	0	12	8	0	0	NaN	0	18000	0	0	0	0	0	0	0	NaN	NaN	NaN	NaN	0	4	0	0	0	0	0	0	0	9000	0	0	18000	18000	18000	18000	100	NaN	0.03981124496217845	0.07095445293690854	0.030458404061925067	0.1146775606635757	1.755659032297051	0.04652808807711009	0.0000031383753491535333	NaN	0.009618816120675368	-0.039008648127764535	0.003183536225796556	0.00003480679069678633	NaN	15.889182847276963	1019.4443396099865	99.80760658052233	100.4676957359314	99.14753249316746	1.3201463809079614	0.0002824505044975214	47.9450648623474	222
DATA	2026-08-07T180000_AIU-1657.ghg	2026-08-07	18:30:00	219.77	1	18000	18000	0.02687400191819078	1	NaN	47.0873071591038	1	NaN	154.8368008725462	1	NaN	2.4525556521703553	1	NaN	3.5162181692043006	1	NaN	0.05711595737783927	0	NaN	NaN	NaN	NaN	NaN	NaN	NaN	NaN	NaN	NaN	7.109006083985492e-10	4.6396447882533045e-11	3.726272607945232e-12	NaN	15.81733256953398	402.77616248332146	413.6497376057975	0.1	1	1032.3075230674867	26.286914106152313	26.996570639719287	0.1	1	0.08290848592377534	2.047857272915507	2.103142396443834	-1.3	0	NaN	NaN	NaN	NaN	9	303.51053923204216	296.97225081888854	97840.11159895835	1.1363712136397273	1020.2574079042471	0.025235327852329695	0.22785093736443868	0.0187709152455205	2572.6044986062825	2943.5124989184033	0.016518295272016273	87.39913622081065	370.90800031212075	294.71398418989395	0.11132815749797588	-0.37173849372290607	0.08129068910436425	0.3964740123921051	-8.325408426057762e-15	4.4944405466179956e-14	0.3964740123921051	1.4441501331933035	234.32810569216213	286.6718943078379	11.83149476453175	NaN	0.1537821966179634	0.09727516354325064	-6.653029787272049	-0.3010808705279123	0.3041092743698811	0.26409964294095034	1	1.5582704357952073	1	1	2	3	6	14	0.026290261172257405	1.0222036875978	55.49339402600322	1.02599737676335	141.30010340245911	1.0958010443313766	2.238139546277607	1.0958010443313766	3.2088107484418273	1.0958010443313766	0.02440778024516431	1.319205222684198	NaN	NaN	800000009	800000009	800000009	800000009	800000019	810000119	899999999	899999999	89999	89999	89	89	24	7	0	4	10	0	0	NaN	0	18000	0	0	0	0	0	0	0	NaN	NaN	NaN	NaN	0	0	0	0	0	0	0	0	0	0	0	0	18000	18000	18000	18000	100	NaN	0.10171593260399041	0.049018328962827665	0.0438160655196832	0.34231116285092705	0.8701068633463245	0.6069406565485868	5.030311464429131e-7	NaN	0.047864255373419935	0.05800537658837835	0.08316205134472791	0.00002440778024516431	NaN	15.81862431137361	1032.2970813509778	99.78129786258273	100.4771276541816	99.08546288341944	1.3916722229719127	0.00028316694020112556	58.880082354863454	238
DATA	2026-08-07T183000_AIU-1657.ghg	2026-08-07	19:00:00	219.791	1	18000	18000	0.020751068028234124	1	NaN	-5.432255574992655	2	NaN	-18.370272025323498	1	NaN	-0.8664561456586939	0	NaN	-0.41726704635427797	1	NaN	0.08626369491683636	1	NaN	NaN	NaN	NaN	NaN	NaN	NaN	NaN	NaN	NaN	3.819943006978793e-11	2.5848755383228565e-12	2.009747170552742e-13	NaN	15.80628248778805	403.5120392238322	414.8391456597646	0.1	1	1069.5780769467146	27.30481574470903	28.071297346469315	0.1	1	0.08315996193857808	2.057064568339912	2.114809039498668	-1.2	0	NaN	NaN	NaN	NaN	9	304.3361809243096	297.20222545030384	97848.01227083334	1.1351421104153234	1020.8495983212662	0.02525283084498965	-0.02703890460375721	0.01948426262268722	2672.4386071706567	2984.4591711237686	0.017164602073971476	89.54515555206528	312.02056395311183	295.3376662218023	0.2051425578338976	0.04211177754567518	0.1379079170181244	0.2507498044245876	-1.7710634823752552e-14	2.4167244954214153e-15	0.2507498044245876	1.4467968898418595	149.39944845644607	11.600551543553893	33.36578852158912	NaN	0.13520573380802264	0.07508566850094135	39.20292308210494	0.05109567967176305	0.29570904380208785	-0.034671536440487205	1	0.7237859308894706	1	1	1	3	6	33	0.02036789774291554	1.0188124611658491	-6.399709057734862	1.027732361329988	-16.31371880623984	1.126062809069447	-0.7694563204469153	1.126062809069447	-0.37055397176210636	1.126062809069447	0.06115917775060105	1.4900546898121017	NaN	NaN	800000009	800000009	800000009	800000009	800000019	800000019	899999999	899999999	89999	89999	89	89	9	8	0	9	10	0	1	NaN	0	18000	0	0	0	0	0	0	0	NaN	NaN	NaN	NaN	0	0	0	0	0	0	0	0	0	0	0	0	18000	18000	18000	18000	100	NaN	0.0328148207049276	0.06924213160760448	0.048114384689350635	0.05073534808345918	1.3407589955409638	0.07261479923562872	0.0000032693725944051595	NaN	-0.00552265906495891	-0.019976552706542975	-0.00962028740400118	0.00006115917775060105	NaN	15.807482627328596	1069.6586439453881	99.7059285475413	100.45602088843452	98.95583594957988	1.5001883665786861	0.0002833270002479871	59.34910345478412	103
DATA	2026-08-07T190000_AIU-1657.ghg	2026-08-07	19:30:00	219.812	0	18000	18000	0.009160220477904445	1	NaN	-1.6030875030023894	2	NaN	8.02096732204068	1	NaN	0.29618272599235856	1	NaN	0.1822598151981999	1	NaN	0.06586704927511791	0	NaN	NaN	NaN	NaN	NaN	NaN	NaN	NaN	NaN	NaN	-5.195205617078431e-12	-3.5460312666095354e-13	-2.7500080365239467e-14	NaN	15.870081071556413	405.50399326972166	417.04702754635053	0.1	1	1083.225724471217	27.67801594113012	28.465895449150246	0.1	1	0.08400601189604048	2.0820260104788377	2.1412927452155395	0.7	0	NaN	NaN	NaN	NaN	9	304.6223607949151	297.59541025256055	97825.67925906698	1.1332219999243738	1021.0721329524496	0.025292011868248455	0.011810436024843352	0.0197199755560351	2708.3470005772697	3055.6174438647095	0.017401687892885175	88.63501568284622	347.2704432874398	295.5570123461	0.11022955165539575	-0.0573382674450756	0.10930454395388337	0.16548629641368143	-9.811158877567312e-16	-3.273584800010682e-16	0.16548629641368143	1.1219079242189038	188.48216428518754	332.5178357148125	41.33840652126676	NaN	0.08990740542623829	0.055639936985745035	39.057498983516076	0.051285925933081206	-0.19986211620602076	-0.015409563716969504	1	0.7116452392632255	1	1	1	3	6	35	0.008948949242057906	1.023608496386773	-1.103050936624807	1.0282769922477106	7.170312867832471	1.118635611846789	0.26477140800423976	1.118635611846789	0.1629304603465124	1.118635611846789	0.0462150721703414	1.453808884586995	NaN	NaN	800000009	800000009	800000009	800000019	800000019	800001019	899999999	899999999	89999	89999	89	89	7	3	0	10	4	0	0	NaN	0	18000	0	0	0	0	0	0	0	NaN	NaN	NaN	NaN	0	2	0	0	0	0	0	0	0	0	0	0	18000	18000	18000	18000	100	NaN	0.03913866983548896	0.0439778869367967	0.02816331719920441	0.04469438208285224	0.9694688907188777	0.06925083131306616	0.00000546390617935439	NaN	-0.0009532880456863382	0.006887278943469033	0.004238174874140044	0.000046215072170341396	NaN	15.871242741173031	1083.305421047696	99.6861129375034	100.43379763793945	98.93838978725009	1.4954504379497635	0.00028378982597172987	59.50732084941863	094
DATA	2026-08-07T193000_AIU-1657.ghg	2026-08-07	20:00:00	219.833	0	18000	18000	0.020726212725049077	1	NaN	21.615464832637443	1	NaN	13.303684573915081	0	NaN	2.4796104138180834	1	NaN	0.30234426428070743	0	NaN	0.0796834184322637	0	NaN	NaN	NaN	NaN	NaN	NaN	NaN	NaN	NaN	NaN	3.0089860538947314e-10	2.0447079209567913e-11	1.5650889807303078e-12	NaN	15.975336305269092	408.5143387650987	420.1784646774808	0.1	1	1085.578201369593	27.759932726050646	28.55254958159289	0.1	1	0.0830938474522827	2.060923886441655	2.11976851789317	0	1	NaN	NaN	NaN	NaN	9	304.7977252892389	297.75108793690833	97830.72553439098	1.1326524701057177	1021.1222262099596	0.02530393730175525	0.01959190832538984	0.0197690181701355	2716.502837098486	3084.1983126682767	0.017453736862720417	88.07808583321346	367.6954755697907	295.6064773158342	0.21011453451368944	0.046547991233776176	0.0684541697451937	0.22583358133217216	-1.613373700515423e-14	1.8835196933552424e-14	0.22583358133217216	1.3007750721235767	148.5086501242314	12.49134987576859	17.644959736402463	NaN	0.13527316064868808	0.07317175259065956	-9.86664046715753	-0.20301743097537542	1.6247727997865726	0.13815879480719812	1	0.6624383312672143	1	1	1	2	4	27	0.020062363050796925	1.033089306208412	21.901775710464907	1.0330744930594378	12.051239360126562	1.1039266731297723	2.2461731147305946	1.1039266731297723	0.2738807491837506	1.1039266731297723	0.05485674779980428	1.3350402438611622	NaN	NaN	800000009	800000009	800000009	800000019	800000019	800000019	899999999	899999999	89999	89999	89	89	5	2	0	4	15	4	0	NaN	0	18000	0	0	0	0	0	0	0	NaN	NaN	NaN	NaN	0	2	0	0	0	0	0	0	0	0	0	0	18000	18000	18000	18000	100	NaN	0.04955473665886669	0.041080478019628684	0.05570829050282375	0.09022302400930943	2.8736499775852344	0.03022508591958819	0.000001960474726140807	NaN	0.018936727136859476	0.05846031334308333	0.007128192529292583	0.00005485674779980428	NaN	15.976535979175088	1085.6535015529023	99.66491111543442	100.43047085952759	98.89935640716553	1.5311068624125597	0.0002847471790834484	59.767134832806065	174
DATA	2026-08-07T200000_AIU-1657.ghg	2026-08-07	20:30:00	219.854	0	18000	18000	0.02295398443100214	1	NaN	0.3437559634353969	2	NaN	-9.478104370885918	0	NaN	-3.4389396336836784	1	NaN	-0.2152315132316822	0	NaN	0.08727402721602828	0	NaN	NaN	NaN	NaN	NaN	NaN	NaN	NaN	NaN	NaN	5.559468814196426e-11	3.6774965148641105e-12	2.8773824207688306e-13	NaN	16.14746671187922	411.5423392157011	423.05921417292353	0.1	1	1068.1281708997817	27.222843922068485	27.984666120066244	0.1	1	0.08357351827942017	2.0647096261265516	2.12248983564859	0	0	NaN	NaN	NaN	NaN	9	305.28439824083114	296.9312916065866	97847.8073156842	1.1362110709686875	1020.7976120452241	0.025229862846619468	-0.013947002057413005	0.019443453135795086	2664.410094815091	2936.2714463034595	0.0171125362466486	90.74127319425385	271.86135148836865	295.2882715182734	0.18004611987068592	0.060466343493348784	0.0941226257049175	0.2119713486430018	-3.756840077711948e-15	3.4429356092782576e-15	0.2119713486430018	0.9954469283412992	142.43598802378295	18.564011976217028	26.361593114445114	NaN	0.14213450882739995	0.049054251650847626	-719.701668507836	-0.00278323656544113	-0.03626842984461312	0.0020852207881421783	1	0.5265943644363384	1	1	1	2	6	NaN	0.022482869332416566	1.0209544027330313	-0.22551419346464427	1.0243549453200886	-8.597226037030618	1.1024607623506832	-3.1193306384447825	1.1024607623506832	-0.1952282753109166	1.1024607623506832	0.0645340844948473	1.3895531575012667	NaN	NaN	800000009	800000009	800000009	800000019	800000019	800000019	899999999	899999999	89999	89999	89	89	9	7	3	0	0	0	1	NaN	0	18000	0	0	0	0	0	0	0	NaN	NaN	NaN	NaN	0	1	0	0	0	0	0	0	0	0	0	0	18000	18000	18000	18000	100	NaN	0.03186467640611075	0.03734381919843227	0.02890000769715223	0.029611899832790736	11.4670575217582	0.08233615191679106	0.000002773502062603841	NaN	-0.00019443534666335497	-0.08090329266546924	-0.005063461403991682	0.00006453408449484729	NaN	16.148760286726763	1068.198428429673	99.69539950837029	100.42588640128241	98.9648957104153	1.4610072326858812	0.0002832689475488021	59.81304275260501	040
DATA	2026-08-07T203000_AIU-1657.ghg	2026-08-07	21:00:00	219.874	0	18000	18000	0.10731182037508671	1	NaN	20.00722654944117	1	NaN	88.66704681604965	2	NaN	12.457564277800365	2	NaN	2.0125776318345903	2	NaN	-0.08148048908863943	2	NaN	NaN	NaN	NaN	NaN	NaN	NaN	NaN	NaN	NaN	7.92342498784338e-10	5.06647406017355e-11	4.0664627730527954e-12	NaN	16.448944358855943	418.3422766482366	429.84053320058166	0	0	1051.7945211729063	26.75005185464796	27.485284644117872	0.1	1	0.08441932623067656	2.0808619076350245	2.1380549894714753	0	1	NaN	NaN	NaN	NaN	9	305.181197555542	296.4706424763998	97860.23446614583	1.1383266033903279	1020.5164721568611	0.025187523154785518	0.13041503054288145	0.019137885838064434	2618.4685345885164	2855.899249205056	0.016812297789637203	91.68630634702436	237.43071461653972	295.00308866478986	-0.03637509154566282	-0.5631112472351318	0.1804438279635064	0.5924334554171812	-5.269528784474501e-14	4.8169808438664264e-14	0.5924334554171812	2.6063817781860648	254.69597947921216	266.3040205207879	17.73294278920444	NaN	0.307036734298115	0.2943369888659252	-124.6483321415547	-0.01607001044927913	0.22564444478396292	0.05609312645781301	0	24.864779016290303	-3.773326144653443	8.53527401319464	21.254039124185923	32.4137507136719	45.460746256307246	68.10848192453118	0.10549580838192417	1.0172140677531762	25.040639647411975	1.023032196036934	81.10486049988164	1.0932396192972806	11.39509038815106	1.0932396192972806	1.8409300178201076	1.0932396192972806	-0.07329126867234154	1.312070957403582	NaN	NaN	800000009	800000009	800000009	800000009	800000019	800000019	899999999	899999999	89999	89999	89	89	5	7	0	24	2	0	1	NaN	0	18000	0	0	0	0	0	0	0	NaN	NaN	NaN	NaN	0	0	0	0	0	0	0	0	0	0	0	0	18000	18000	18000	18000	100	NaN	0.4939155743928827	0.051349807949442515	0.043408595389525156	0.036558603534905684	15.609080881972503	0.17192945756412326	0.000004135706204533883	NaN	0.02155552047541533	0.29490494154730695	0.047643269233076366	-0.00007329126867234154	NaN	16.450044947200347	1051.8521577818258	99.73495522138808	100.43105670462714	99.0388584359487	1.3922031820350251	0.0002826253910671867	59.48785843997533	115
DATA	2026-08-07T210000_AIU-1657.ghg	2026-08-07	21:30:00	219.895	0	18000	18000	0.05499730310713283	0	NaN	22.991912072178412	1	NaN	10.411804472323585	1	NaN	-1.726776407486669	2	NaN	0.236232393878028	1	NaN	0.06992854844716319	0	NaN	NaN	NaN	NaN	NaN	NaN	NaN	NaN	NaN	NaN	-4.9015435554293383e-11	-3.043902376555289e-12	-2.574566331342135e-13	NaN	16.46155445386423	417.8906276831587	429.02440372070515	0.1	1	1022.2772511815946	25.951381648663716	26.642799096197823	0.1	1	0.08646534174225395	2.126529845204798	2.183186552642658	0	0	NaN	NaN	NaN	NaN	9	305.0191174409655	296.0502429131402	97876.87677126736	1.1404847604303059	1020.0479569663116	0.025147530252031938	0.015307859123296214	0.018596017208635296	2540.721522561121	2784.233004350367	0.016305362293152433	91.25391152935983	243.51148178924586	294.5103388925738	-0.22702701406908724	-1.2109119228371312	0.25094238702135624	1.25730705541252	-8.946225809883897e-15	-2.9775702951787377e-15	1.25730705541252	2.573697057891829	261.6187881022091	259.3812118977909	11.512820298541184	NaN	0.21959677287608104	0.1911723486091276	-39.68175723835343	-0.05047911532667593	2.2082543072428007	0.08999928507383359	0	17.818598267173666	-2.704041031635684	6.116548176105729	15.231069797987825	23.228342464690183	32.57808058283371	48.80790121662391	0.05432405351630108	1.0123932134524851	23.31275891264	1.0217136178405826	9.489009778229644	1.0972487873509293	-1.57373280097725	1.0972487873509293	0.2152951970431065	1.0972487873509293	0.048190667445174314	1.305448046307383	NaN	NaN	800000009	800000009	800000009	800000009	800000019	800000019	899999999	899999999	89999	89999	89	89	12	5	0	32	4	0	3	NaN	0	18000	0	0	0	0	0	0	0	NaN	NaN	NaN	NaN	0	0	0	0	0	0	0	0	0	0	0	0	18000	18000	18000	18000	100	NaN	0.2630480040811444	0.06821978119295057	0.05107691194416021	0.04741604291607297	22.01971612259165	0.03371182119007959	0.0000011589243532019127	NaN	0.02003934839002016	-0.04063018550588277	0.005558430115299768	0.000048190667445174316	NaN	16.462764259841528	1022.3503832420482	99.78219443617927	100.44127178849115	99.12310725869072	1.3181703583465696	0.00028179003499422434	59.23615742662217	095
DATA	2026-08-07T213000_AIU-1657.ghg	2026-08-07	22:00:00	219.916	0	18000	18000	0.14817927033201506	1	NaN	18.751896158162563	0	NaN	-4.267649961982549	2	NaN	-4.2015984917286175	2	NaN	-0.09680748166585304	2	NaN	0.2616538620881133	1	NaN	NaN	NaN	NaN	NaN	NaN	NaN	NaN	NaN	NaN	2.17054380264859e-10	1.3322750859794956e-11	1.123334631211918e-12	NaN	16.629093641420535	421.7696479561298	432.97865553128486	0.1	1	1020.6901668536119	25.888129661729195	26.576136119498535	0.1	1	0.08606155171934061	2.1144181001716524	2.1706111634153453	0.6	0	NaN	NaN	NaN	NaN	9	304.7870146865845	295.8284746992323	97890.30844748263	1.1415239250375888	1020.0077578444358	0.025125244548278535	-0.0062731248119472765	0.018567146823227087	2534.876769233052	2747.06453117039	0.016265227925569493	92.27583627797286	212.1877619373381	294.47276438433306	-0.3225644174383306	-1.5464455171960467	0.4233162164686247	1.6354626746514962	-2.514216107409845e-14	1.305268855568951e-14	1.6354626746514962	4.297852477171404	262.7820751729605	258.2179248270395	15.00099119345994	NaN	0.3602891775044906	0.31279173718804254	-214.89806801022056	-0.009321163370834643	-4.393963030053973	0.044699789650895765	0	18.784352773917213	-2.85059800393875	6.448060446499661	16.05658222491261	24.487301002454856	34.343787832763006	51.453252431005666	0.14643266976110203	1.011927670059984	18.234708435903737	1.022775823009677	-3.8708313947848287	1.1025150740826257	-3.8109215832941414	1.1025150740826257	-0.08780603906609082	1.1025150740826257	0.20036336155362267	1.3052451616334524	NaN	NaN	800000009	800000009	800000009	800000009	800000019	800000019	899999999	899999999	89999	89999	89	89	15	1	0	31	7	2	1	NaN	0	18000	0	0	0	0	0	0	0	NaN	NaN	NaN	NaN	0	0	0	0	0	0	0	0	0	0	0	0	18000	18000	18000	18000	100	NaN	0.35825534775230106	0.1468332973638027	0.12049482925998128	0.029541660514504516	13.491038139553863	0.0607088329772403	0.0000012781168097907177	NaN	0.015660669718154295	-0.09829571144436604	-0.0022647952445278706	0.00020036336155362266	NaN	16.630339979562475	1020.7624076208708	99.77530631785922	100.41657748243543	99.13406182267931	1.2824958379103086	0.00028219038320174955	58.335034003999425	131
DATA	2026-08-07T220000_AIU-1657.ghg	2026-08-07	22:30:00	219.937	0	18000	18000	0.268452785591273	1	NaN	45.413523417545356	1	NaN	152.77879263775114	1	NaN	-4.472168482959109	1	NaN	3.465669022597523	1	NaN	0.1050036589911458	1	NaN	NaN	NaN	NaN	NaN	NaN	NaN	NaN	NaN	NaN	-9.652356111982805e-10	-5.860079411356461e-11	-4.882128672930107e-12	NaN	16.932987929580083	429.5318680444782	441.03289275670335	0.1	1	1028.0252073967047	26.07747608197044	26.775719260565385	0.1	1	0.08564647318259823	2.10446700632363	2.1608156240780736	0.1	0	NaN	NaN	NaN	NaN	9	304.7491981777615	295.8376944921642	97897.43207795658	1.1414888756462598	1020.1173227412135	0.02512419927469861	0.2245753526643195	0.01870372551621225	2553.602736712724	2748.60109380674	0.01638537695395677	92.90554174873195	194.99835709401623	294.592882634378	-0.6695544953175324	-1.225857353002269	0.575679297964639	1.5107733536883343	-8.801978759879711e-14	-5.700326576812348e-14	1.5107733536883343	3.3930879454197034	279.64305058416494	241.35694941583512	22.3987008025341	NaN	0.48495128636398754	0.5580526671489345	-216.40685233555536	-0.009256176402834233	0.29725017872882326	0.08042022364003608	0	23.005879523051902	-3.491230974874372	7.8971739710674385	19.665079796160782	29.990487481124177	42.06208511708201	63.016668220826	0.26526928531711014	1.0120010134997621	53.86670667309533	1.0223553681247175	138.8070878047775	1.1006555576803392	-4.063186209120974	1.1006555576803392	3.148731679419775	1.1006555576803392	0.062199423392177065	1.3051703370825896	NaN	NaN	800000009	800000009	800000009	800000019	800000019	800000019	899999999	899999999	89999	89999	89	89	4	2	0	41	8	0	9	NaN	0	18000	0	0	0	0	0	0	0	NaN	NaN	NaN	NaN	0	2	0	0	0	0	0	0	0	0	0	0	18000	18000	18000	18000	100	NaN	0.5126944055438456	0.4719018622899416	0.13150906646408184	0.04908541273235044	12.361376796408704	0.10773544519108112	3.913719643699333e-7	NaN	0.04625925331290802	-0.10481843340386708	0.08122815565405994	0.00006219942339217706	NaN	16.93427858342594	1028.0929193671016	99.75530119917127	100.3955329293145	99.11507807625665	1.2804545963737701	0.0002824663550288986	56.91064143869587	008
DATA	2026-08-07T223000_AIU-1657.ghg	2026-08-07	23:00:00	219.958	0	18000	18000	0.1284364030469078	1	NaN	35.60280716977073	1	NaN	28.540458894371685	1	NaN	-26.286220953498546	1	NaN	0.6473967110528975	1	NaN	0.031679771071399125	1	NaN	NaN	NaN	NaN	NaN	NaN	NaN	NaN	NaN	NaN	-5.750544635548637e-10	-3.456064641865367e-11	-2.9194752054053434e-12	NaN	16.999423112190488	431.09301264967263	442.5590970467337	0.1	1	1021.6615794435139	25.90859497313699	26.59770411630159	0.1	1	0.0863038154254753	2.120148342271208	2.1765394205616055	0.5	0	NaN	NaN	NaN	NaN	9	304.7930325639512	295.80329275851784	97890.57368967016	1.1416152752457984	1020.0191577880714	0.02512303772772592	0.04195130687622776	0.018583456924081167	2536.887536153941	2742.8715538618844	0.016278213271174045	92.49020547761619	205.98401770794362	294.4856996713111	-0.5233689769767533	-0.8053595797531662	0.4328982523472306	1.0535274251994626	-2.8067438200425125e-14	-3.382788108512255e-14	1.0535274251994626	2.251712961547786	284.01812822868294	236.9818717713171	24.261612611956288	NaN	0.33541631365812324	0.30832411713046737	-91.3260454762077	-0.02193350198790605	1.2474504107147264	0.09115320864213958	0	23.21499426767187	-3.5229649441403006	7.96895629595202	19.843827934669676	30.2630896706801	42.44441356397441	63.589465903635535	0.12678101633303981	1.0130570550840154	36.84892858065831	1.0214903842409622	26.063943907106147	1.0950168936862368	-24.00531088156027	1.0950168936862368	0.5912207517397452	1.0950168936862368	0.013965746131066475	1.3062532148909578	NaN	NaN	800000009	800000009	800000009	800000009	800000019	800000019	899999999	899999999	89999	89999	89	89	6	3	0	17	8	0	13	NaN	0	18000	0	0	0	0	0	0	0	NaN	NaN	NaN	NaN	0	0	0	0	0	0	0	0	0	0	0	0	18000	18000	18000	18000	100	NaN	0.3060396172205652	0.2491046006075976	0.0615040164327719	0.04670062466632917	28.932976404535175	0.030566246181369435	4.3483218082601033e-7	NaN	0.03164439267242535	-0.6191314599561905	0.015248432690042847	0.000013965746131066475	NaN	17.000738104235253	1021.7361930093937	99.77467400614421	100.41630546866523	99.13306063376533	1.2832249196834018	0.00028202806445834646	57.704635936525115	036
DATA	2026-08-07T230000_AIU-1657.ghg	2026-08-07	23:30:00	219.979	0	18000	18000	0.07030141876701346	1	NaN	10.902762725002164	0	NaN	6.574182295641615	1	NaN	29.774274183344712	0	NaN	0.1490841961472598	1	NaN	0.02137664796744636	0	NaN	NaN	NaN	NaN	NaN	NaN	NaN	NaN	NaN	NaN	1.7042110220388515e-10	9.896802582439111e-12	8.505970121925636e-13	NaN	17.357702815975713	439.8623407969458	451.3927003487572	0.1	0	1008.007552074398	25.54396547153468	26.213563841179642	0.1	1	0.08663487069888695	2.12526268003994	2.180973388982444	0.1	0	NaN	NaN	NaN	NaN	9	304.4612932349311	295.5188115488688	97867.07136675347	1.1425989744872778	1019.8037696471736	0.025104903670918943	0.009660655910342434	0.01833515363044442	2500.5836670156887	2695.890261231161	0.01604688437487178	92.75539523903768	195.30659421547216	294.25076154966285	-0.23616121970888537	-1.637125722866913	0.389413464368952	1.6992926764977063	-2.8116516428532153e-14	9.81818297102268e-15	1.6992926764977063	2.886612774037453	259.2084958183377	261.7915041816622	13.247745620257522	NaN	0.2480476574177255	0.14674494313053837	-120.58394105918858	-0.016611664724217125	1.6584211137908669	0.037721676644627306	0	17.47801171019319	-2.6523557076225504	5.999635832459547	14.939941531676178	22.78435348947507	31.95537973216237	47.874981871366685	0.0694737229346785	1.0119137970065772	11.134137602979276	1.0230121333586037	5.957550970237606	1.103504162781744	26.981569429053078	1.103504162781744	0.13510071024240108	1.103504162781744	0.013547279932275018	1.3053294852960158	NaN	NaN	800000009	800000009	800000009	800000009	800000019	800001019	899999999	899999999	89999	89999	89	89	7	2	0	24	6	0	6	NaN	0	18000	0	0	0	0	0	0	0	NaN	NaN	NaN	NaN	0	0	0	0	0	0	0	0	0	0	0	0	18000	18000	18000	18000	100	NaN	0.10501852504977091	0.12008070651237295	0.06839065469893288	0.03793729860488035	59.81857784900053	0.013886094631641085	5.776282485052801e-7	NaN	0.009555339924502953	0.6951308631388068	0.003480623081189017	0.000013547279932275018	NaN	17.358977982504978	1008.0806827592847	99.79148955302769	100.41912769826254	99.16384479353162	1.255287941416105	0.0002820050492494678	57.12774881797362	012
