DATAH	filename	date	time	DOY	daytime	file_records	used_records	Tau	qc_Tau	rand_err_Tau	H	qc_H	rand_err_H	LE	qc_LE	rand_err_LE	co2_flux	qc_co2_flux	rand_err_co2_flux	h2o_flux	qc_h2o_flux	rand_err_h2o_flux	ch4_flux	qc_ch4_flux	rand_err_ch4_flux	none_flux	qc_none_flux	rand_err_none_flux	H_strg	LE_strg	co2_strg	h2o_strg	ch4_strg	none_strg	co2_v-adv	h2o_v-adv	ch4_v-adv	none_v-adv	co2_molar_density	co2_mole_fraction	co2_mixing_ratio	co2_time_lag	co2_def_timelag	h2o_molar_density	h2o_mole_fraction	h2o_mixing_ratio	h2o_time_lag	h2o_def_timelag	ch4_molar_density	ch4_mole_fraction	ch4_mixing_ratio	ch4_time_lag	ch4_def_timelag	none_molar_density	none_mole_fraction	none_mixing_ratio	none_time_lag	none_def_timelag	sonic_temperature	air_temperature	air_pressure	air_density	air_heat_capacity	air_molar_volume	ET	water_vapor_density	e	es	specific_humidity	RH	VPD	Tdew	u_unrot	v_unrot	w_unrot	u_rot	v_rot	w_rot	wind_speed	max_wind_speed	wind_dir	yaw	pitch	roll	u*	TKE	L	(z-d)/L	bowen_ratio	T*	model	x_peak	x_offset	x_10%	x_30%	x_50%	x_70%	x_90%	un_Tau	Tau_scf	un_H	H_scf	un_LE	LE_scf	un_co2_flux	co2_scf	un_h2o_flux	h2o_scf	un_ch4_flux	ch4_scf	un_none_flux	un_none_scf	spikes_hf	amplitude_resolution_hf	drop_out_hf	absolute_limits_hf	skewness_kurtosis_hf	skewness_kurtosis_sf	discontinuities_hf	discontinuities_sf	timelag_hf	timelag_sf	attack_angle_hf	non_steady_wind_hf	u_spikes	v_spikes	w_spikes	ts_spikes	co2_spikes	h2o_spikes	ch4_spikes	none_spikes	head_detect_LI-7200	t_out_LI-7200	t_in_LI-7200	aux_in_LI-7200	delta_p_LI-7200	chopper_LI-7200	detector_LI-7200	pll_LI-7200	sync_LI-7200	chopper_LI-7500	detector_LI-7500	pll_LI-7500	sync_LI-7500	not_ready_LI-7700	no_signal_LI-7700	re_unlocked_LI-7700	bad_temp_LI-7700	laser_temp_unregulated_LI-7700	block_temp_unregulated_LI-7700	motor_spinning_LI-7700	pump_on_LI-7700	top_heater_on_LI-7700	bottom_heater_on_LI-7700	calibrating_LI-7700	motor_failure_LI-7700	bad_aux_tc1_LI-7700	bad_aux_tc2_LI-7700	bad_aux_tc3_LI-7700	box_connected_LI-7700	mean_value_RSSI_LI-7200	mean_value_LI-7500	u_var	v_var	w_var	ts_var	co2_var	h2o_var	ch4_var	none_var	w/ts_cov	w/co2_cov	w/h2o_cov	w/ch4_cov	w/none_cov	co2_mean	h2o_mean	avg_signal_strength_7200_mean	co2_signal_strength_7200_mean	h2o_signal_strength_7200_mean	delta_signal_strength_7200_mean	flowrate_mean	rssi_77_mean	CHK
DATAU		[yyyy-mm-dd]	[HH:MM]	[ddd.ddd]	[1=daytime]	[#]	[#]	[kg+1m-1s-2]	[#]	[kg+1m-1s-2]	[W+1m-2]	[#]	[W+1m-2]	[W+1m-2]	[#]	[W+1m-2]	[µmol+1s-1m-2]	[#]	[µmol+1s-1m-2]	[mmol+1s-1m-2]	[#]	[mmol+1s-1m-2]	[µmol+1s-1m-2]	[#]	[µmol+1s-1m-2]	[µmol+1s-1m-2]	[#]	[µmol+1s-1m-2]	[W+1m-2]	[W+1m-2]	[µmol+1s-1m-2]	[mmol+1s-1m-2]	[µmol+1s-1m-2]	[µmol+1s-1m-2]	[µmol+1s-1m-2]	[mmol+1s-1m-2]	[µmol+1s-1m-2]	[µmol+1s-1m-2]	[mmol+1m-3]	[µmol+1mol_a-1]	[µmol+1mol_d-1]	[s]	[1=default]	[mmol+1m-3]	[mmol+1mol_a-1]	[mmol+1mol_d-1]	[s]	[1=default]	[mmol+1m-3]	[µmol+1mol_a-1]	[µmol+1mol_d-1]	[s]	[1=default]	[mmol+1m-3]	[µmol+1mol_a-1]	[µmol+1mol_d-1]	[s]	[1=default]	[K]	[K]	[Pa]	[kg+1m-3]	[J+1kg-1K-1]	[m+3mol-1]	[mm]	[kg+1m-3]	[Pa]	[Pa]	[kg+1kg-1]	[%]	[Pa]	[K]	[m+1s-1]	[m+1s-1]	[m+1s-1]	[m+1s-1]	[m+1s-1]	[m+1s-1]	[m+1s-1]	[m+1s-1]	[deg_from_north]	[deg]	[deg]	[deg]	[m+1s-1]	[m+2s-2]	[m]	[#]	[#]	[K]	[0=KJ/1=KM/2=HS]	[m]	[m]	[m]	[m]	[m]	[m]	[m]	[kg+1m-1s-2]	[#]	[W+1m-2]	[#]	[W+1m-2]	[#]	[µmol+1s-1m-2]	[#]	[mmol+1s-1m-2]	[#]	[µmol+1s-1m-2]	[#]	[µmol+1s-1m-2]	[#]	8u/v/w/ts/co2/h2o/ch4/none	8u/v/w/ts/co2/h2o/ch4/none	8u/v/w/ts/co2/h2o/ch4/none	8u/v/w/ts/co2/h2o/ch4/none	8u/v/w/ts/co2/h2o/ch4/none	8u/v/w/ts/co2/h2o/ch4/none	8u/v/w/ts/co2/h2o/ch4/none	8u/v/w/ts/co2/h2o/ch4/none	8co2/h2o/ch4/none	8co2/h2o/ch4/none	8aa	8U	[#]	[#]	[#]	[#]	[#]	[#]	[#]	[#]	[#_flagged_recs]	[#_flagged_recs]	[#_flagged_recs]	[#_flagged_recs]	[#_flagged_recs]	[#_flagged_recs]	[#_flagged_recs]	[#_flagged_recs]	[#_flagged_recs]	[#_flagged_recs]	[#_flagged_recs]	[#_flagged_recs]	[#_flagged_recs]	[#_flagged_recs]	[#_flagged_recs]	[#_flagged_recs]	[#_flagged_recs]	[#_flagged_recs]	[#_flagged_recs]	[#_flagged_recs]	[#_flagged_recs]	[#_flagged_recs]	[#_flagged_recs]	[#_flagged_recs]	[#_flagged_recs]	[#_flagged_recs]	[#_flagged_recs]	[#_flagged_recs]	[#_flagged_recs]	[#]	[#]	[m+2s-2]	[m+2s-2]	[m+2s-2]	[K+2]	--	--	--	--	[m+1s-1K+1]	--	--	--	--	--	--	--	--	--	--	--	--	241
DATA	2026-10-04T233000_AIU-1657.ghg	2026-10-05	00:00:00	278	0	18000	18000	0.1435019517197068	1	NaN	13.052998440935692	2	NaN	-4.622248211290243	2	NaN	38.91360447641565	1	NaN	-0.10413085143505672	2	NaN	0.05826020747102256	0	NaN	NaN	NaN	NaN	NaN	NaN	NaN	NaN	NaN	NaN	7.375344729801103e-10	2.6509671583123676e-11	3.44747366597181e-12	NaN	18.940351640763676	471.1251222576586	479.24055815227837	0.1	1	680.7851294553161	16.933950511010664	17.225648795229127	0.1	1	0.08853330372740373	2.0985817026314435	2.134731134009067	0.9	0	NaN	NaN	NaN	NaN	9	299.0967426232232	288.68781249310337	97669.1113841808	1.1711068938490936	1014.757320998665	0.024574304394218205	-0.006747679172991675	0.01241743361446273	1654.367546211691	1759.8957496715948	0.010603159864980534	94.0037241706166	105.5282034599038	287.6917316172839	-0.5003777203148467	-1.581557697753961	0.6211596074853457	1.7713107780069526	1.5949351737126408e-14	3.893985111621575e-14	1.7713107780069526	3.212096650050669	268.55647774423164	252.44352225576836	20.528786302592295	NaN	0.350050445856206	0.30008170364916387	-282.1924343395742	-0.007098347638865413	-2.8239501308156947	0.03137768654897441	0	17.706395797528867	-2.687013873987187	6.0780326991433915	15.135160814517732	23.082075213405055	32.37293868318073	48.5005612691953	0.14181230313381704	1.0119146826371996	12.560850453953636	1.0232938803918439	-4.184362848978931	1.1046480379726547	35.227152123343515	1.1046480379726547	-0.09426609006264715	1.1046480379726547	0.04310655047584184	1.3054578487735995	NaN	NaN	800000009	800000009	800000009	800000019	800000019	800000019	899999999	899999999	89999	89999	89	89	3	3	0	34	8	0	10	NaN	0	0	0	0	0	0	0	0	0	NaN	NaN	NaN	NaN	0	0	0	0	0	0	300	0	0	18000	0	15	18000	18000	18000	18000	93	NaN	0.15888784958260757	0.30942182866937307	0.13185372904634707	0.0442979366144815	37.47074650669714	0.0042784215813156945	3.125124388617714e-7	NaN	0.010569642889918953	0.8805987752917783	-0.002356438101214092	0.00004310655047584184	NaN	18.94179536220835	680.8372397234957	90.40253005811901	90.10970116551717	90.69535343127782	-0.5856509634620645	0.00027615703823458815	32.94051323498659	117
DATA	2026-10-05T000000_AIU-1657.ghg	2026-10-05	00:30:00	278.02	0	18000	18000	0.09556355999222875	1	NaN	39.49649684291692	1	NaN	16.18070028116923	1	NaN	-3.532947073161431	0	NaN	0.3644469942363815	1	NaN	0.057715037097145705	0	NaN	NaN	NaN	NaN	NaN	NaN	NaN	NaN	NaN	NaN	8.106740286900064e-11	2.901669748416425e-12	3.7954107049184893e-13	NaN	18.908877689466642	471.27030060415905	479.3562342564629	0.1	1	676.8111031840189	16.868318537352703	17.157740774111744	0.1	1	0.08852751446418797	2.0963554551521555	2.132324178622051	0.1	0	NaN	NaN	NaN	NaN	9	298.39578436787923	288.4745598899712	97678.27931695798	1.1721119109867286	1014.7163875894087	0.02455384664529852	0.023616165226517518	0.01237961243475577	1648.1102992863962	1735.9797153049358	0.010561800727998864	94.93833855062617	87.8694160185396	287.6330846937002	-0.5604470541928379	-1.547636295009555	0.6214824352539121	1.7594088267123642	2.226688634488487e-14	4.287266764338952e-15	1.7594088267123642	2.8116299597082874	270.90689102671695	250.093108973283	20.6852288115324	NaN	0.28553649248206464	0.19866414322522868	-50.61887215529568	-0.0395721973783732	2.4409633796185037	0.11630093427541752	0	18.218618211984246	-2.7647456015475136	6.253862078532307	15.573000830308224	23.74980886353057	33.30944462176531	49.90361781892043	0.0944384815154141	1.011913347808658	39.731446175837974	1.023246264282437	14.650369783316133	1.1044567830360048	-3.1988097021323276	1.1044567830360048	0.32997850149877767	1.1044567830360048	0.03464502999020106	1.305434870078549	NaN	NaN	800000009	800000009	800000009	800000019	800000019	800010019	899999999	899999999	89999	89999	89	89	4	3	0	22	3	0	9	NaN	0	0	0	0	0	0	0	0	0	NaN	NaN	NaN	NaN	0	0	0	0	0	0	300	150	0	18000	0	25	18000	18000	18000	18000	93	NaN	0.11357157733022268	0.20206250993543937	0.08169419918479529	0.0975900659657304	8.93908758508335	0.004267526195612545	1.4113080952140565e-7	NaN	0.03340570330767935	-0.07989107241845615	0.008241295611364234	0.00003464502999020106	NaN	18.910398436914612	676.8628689617411	90.33049418852063	90.02097889709474	90.64001061460708	-0.6190299828979652	0.0002773978792457557	30.785131665971146	094
DATA	2026-10-05T003000_AIU-1657.ghg	2026-10-05	01:00:00	278.041	0	18000	18000	0.15871070918658003	1	NaN	18.05085544867569	0	NaN	16.387533144884216	1	NaN	13.950520307574838	1	NaN	0.36904588996049625	1	NaN	0.10980267780981354	1	NaN	NaN	NaN	NaN	NaN	NaN	NaN	NaN	NaN	NaN	2.3081915292852376e-12	8.229540283326226e-14	1.088384151473328e-14	NaN	18.787917786232708	468.3734333926485	476.32773130221705	-0.1	0	669.8574373050501	16.69921230036838	16.98281188143366	0.1	1	0.08859088034194319	2.096111057878703	2.1317089176572503	0.5	0	NaN	NaN	NaN	NaN	9	297.5266609208849	288.3063401009942	97677.39712371999	1.1728606918044333	1014.6175775028136	0.024539750056644202	0.023914173669440156	0.012262545874100278	1631.5731263718264	1717.3158052318647	0.010455244991828046	95.00716882714175	85.74267886003827	287.4771404088191	-0.6176221634008037	-1.689618315032826	0.679633747955644	1.923062458314414	4.4991009414589535e-14	1.2285510057834187e-16	1.923062458314414	3.553449468308787	271.0793523746828	249.9206476253172	20.696163568598955	NaN	0.3678577418294925	0.30815299326925144	-236.81594957407518	-0.008458467445299487	1.101499248793936	0.04123529204575819	0	19.301008135170576	-2.9290024482780885	6.62541151307437	16.498211456952237	25.160813446445484	35.28839861191016	52.86845150878885	0.15683389543372725	1.011966888584017	18.653157804293063	1.0239337214706339	14.801713225581327	1.1071375924620785	12.600529873212365	1.1071375924620785	0.3333333566425139	1.1071375924620785	0.08160496349455104	1.3058301414820865	NaN	NaN	800000009	800000009	800000009	800000019	800000019	800010019	899999999	899999999	89999	89999	89	89	8	6	0	54	6	0	13	NaN	0	0	0	0	0	0	0	0	0	NaN	NaN	NaN	NaN	0	0	0	0	0	0	300	0	0	18000	0	15	18000	18000	18000	18000	93	NaN	0.22125292262612728	0.27768055635024363	0.11737250756213201	0.07011568960773253	23.025442009613688	0.007396945852322803	0.000001464019996903835	NaN	0.015674855690892265	0.31446660691781425	0.008318873149829988	0.00008160496349455104	NaN	18.789384479502555	669.9092950198348	90.4438067203098	90.14656504482691	90.74104609044394	-0.5944817365507253	0.0002772058564894703	29.34523104927307	035
DATA	2026-10-05T010000_AIU-1657.ghg	2026-10-05	01:30:00	278.062	0	18000	18000	0.05257538267221432	1	NaN	37.721037039517704	0	NaN	10.798643042468367	1	NaN	-3.4457245612943557	1	NaN	0.2431694489329069	1	NaN	0.11772566917999588	0	NaN	NaN	NaN	NaN	NaN	NaN	NaN	NaN	NaN	NaN	4.344616970883761e-10	1.5407262671528907e-11	2.0514304703747357e-12	NaN	18.834878015846396	469.5582876971713	477.5097265764366	0.1	1	667.9390034176496	16.65188882386571	16.933869740136284	0.1	1	0.08893406007121245	2.1035929240139284	2.1392148925754526	0.3	0	NaN	NaN	NaN	NaN	9	297.00865210808644	288.2417812334481	97660.33243820621	1.1729395549929849	1014.5895892967347	0.0245385419990375	0.015757380290852368	0.012228397341583493	1626.6652169765107	1710.1999383221541	0.010425428394438134	95.11549968668588	83.53472134564345	287.43059186907163	-0.9580500713680746	-0.5361934960580843	0.6931750093654925	1.2984047897602002	2.842240554315307e-14	2.3066870766184378e-14	1.2984047897602002	2.865143692400659	311.7654959825172	209.23450401748283	32.26708269376051	NaN	0.21171586589910363	0.26711874260243285	-21.601668112071742	-0.09272894989441116	3.4931275060366644	0.14971461056878982	0	14.682367482827948	-2.2281059104554175	5.039981636122829	12.550266894037255	19.139948887666044	26.844050459543606	40.217279214842804	0.05193643353030316	1.0123025224968203	37.730534432312915	1.0217944126266838	9.836951450141095	1.097763173601256	-3.1388596777121958	1.097763173601256	0.2215135785027109	1.097763173601256	0.08307858787645737	1.3053553117304726	NaN	NaN	800000009	800000009	800000009	800000019	800000019	810010019	899999999	899999999	89999	89999	89	89	21	7	3	42	2	0	6	NaN	0	0	0	0	0	0	0	0	0	NaN	NaN	NaN	NaN	0	0	0	0	0	0	300	0	0	18000	0	15	18000	18000	18000	18000	93	NaN	0.1310758964564863	0.32612923781604086	0.07703235093233857	0.061273616886185385	14.950826065744309	0.010196227069789286	7.36808967244184e-7	NaN	0.03170493906618012	-0.07832769394782968	0.005527691443312674	0.00008307858787645737	NaN	18.836334279592993	667.9898382856944	90.42443981721664	90.12112870703805	90.72774830669827	-0.6066195583045513	0.0002773765587820282	32.36635819911951	166
DATA	2026-10-05T013000_AIU-1657.ghg	2026-10-05	02:00:00	278.083	0	18000	18000	0.23403347114970008	1	NaN	29.054234439709717	1	NaN	17.216154275648208	1	NaN	-11.425478587103196	1	NaN	0.38760687674457267	1	NaN	0.09613047108041628	1	NaN	NaN	NaN	NaN	NaN	NaN	NaN	NaN	NaN	NaN	1.8312690721749458e-10	6.298401433471752e-12	8.511815095898153e-13	NaN	19.13482757288515	477.09909530907674	485.05850563189705	0.1	1	658.1164245358977	16.40917586312894	16.682928978651724	0.1	1	0.08893947736410657	2.101597167543592	2.1366579638314573	0.5	0	NaN	NaN	NaN	NaN	9	296.47061347368026	288.03945218705866	97645.51905720339	1.1736938199967442	1014.4485074006644	0.024525037386306382	0.02511692561304831	0.012056795244073777	1602.7122897737424	1688.0660329373181	0.01027252170766923	94.94369642548544	85.3537431635757	287.20162594684047	-0.5569770263330064	-1.402690965251519	0.5029438760844956	1.5908230242085473	1.3506936166066372e-14	9.570345304652395e-15	1.5908230242085473	4.162874282796365	272.65691354739965	248.3430864526004	18.430448741316848	NaN	0.4465412441881276	0.5964305746164643	-263.0986818536935	-0.007613493104134605	1.687614665535738	0.054646585768850627	0	21.95372480644355	-3.3315624373901787	7.536003304533709	18.765713769346718	28.618897543646202	40.13841072758625	60.13465344599203	0.23127057101586515	1.0119466135345228	29.538671395116697	1.022618711768385	15.6248695750238	1.101843070944289	-10.36942454728282	1.101843070944289	0.3517804730689918	1.101843070944289	0.06788535450032544	1.3052036203975808	NaN	NaN	800000009	800000009	800000009	800000019	800000019	800000019	899999999	899999999	89999	89999	89	89	4	1	0	44	9	0	11	NaN	0	0	0	0	0	0	0	0	0	NaN	NaN	NaN	NaN	0	0	0	0	0	0	300	150	0	18000	0	15	18000	18000	18000	18000	93	NaN	0.6835207696529821	0.38399475382736065	0.1253456257525858	0.12785785243026793	5.3508026012367385	0.02063595861846962	9.83717959364018e-7	NaN	0.024808821375476027	-0.25855432615417795	0.008771399295478223	0.00006788535450032545	NaN	19.136312472662176	658.1651680369515	90.48442911105684	90.17956863149008	90.78929158062404	-0.6097247044112971	0.0002768769598979917	27.13432924328836	241
DATA	2026-10-05T020000_AIU-1657.ghg	2026-10-05	02:30:00	278.104	0	18000	18000	0.35751155195039586	1	NaN	122.64296770499125	1	NaN	43.44526716859061	2	NaN	-41.21136379983908	1	NaN	0.978257631687369	2	NaN	0.11485914280910342	1	NaN	NaN	NaN	NaN	NaN	NaN	NaN	NaN	NaN	NaN	8.661836553499259e-10	2.968086263330685e-11	4.011004443589655e-12	NaN	19.254255778715958	478.367546156864	486.33955619401297	0.1	1	659.7710743499911	16.391860245825143	16.665031106718807	0.1	1	0.08915996626055259	2.108054022084198	2.1431848079368754	0.1	0	NaN	NaN	NaN	NaN	9	295.80938772583	288.17221882793194	97645.81058042019	1.1731643077747838	1014.4410280756103	0.02453626851059027	0.0633910945333415	0.012038559431451367	1601.0258236867826	1702.5615498603088	0.010261614124866855	94.03629629825383	101.5357261735262	287.1853919163651	-0.30209207877409056	-0.7995540489914313	0.4488260602886119	0.9653968788591716	7.637097073193087e-14	4.498660791176477e-14	0.9653968788591716	3.791029718638327	271.69785417615105	249.30214582384895	27.70462529887448	NaN	0.5520337355439568	0.6237535788918191	-117.76009983670204	-0.01701000595938437	2.8229304524488636	0.18667724591560433	0	21.126749163000223	-3.206065693005203	7.252129327033153	18.058827427466188	27.540851270430238	38.626435501018065	57.869439038633494	0.3527536091139937	1.0134880061138214	123.17056190502115	1.0215098793465003	39.70328606825902	1.0942486496935866	-37.661790865704205	1.0942486496935866	0.8939993958057909	1.0942486496935866	0.056626565280428746	1.3068278398646838	NaN	NaN	800000009	800000009	800000009	800000019	800000019	800000119	899999999	899999999	89999	89999	89	89	9	1	0	2	0	0	8	NaN	0	0	0	0	0	0	0	0	0	NaN	NaN	NaN	NaN	0	0	0	0	0	0	300	0	0	18000	0	15	18000	18000	18000	18000	91	NaN	0.6789928308191893	0.3576485433129984	0.21086578365145073	0.11819234141628757	22.84224068100132	0.018808452433506474	4.6473226683560104e-7	NaN	0.10349545438330866	-0.9394838318015653	0.02230106319146765	0.000056626565280428745	NaN	19.25593545011785	659.8187932844689	90.1169800512526	89.75040430916684	90.48355500115291	-0.7331524085932245	0.0002758031014673179	36.503133131345066	226
DATA	2026-10-05T023000_AIU-1657.ghg	2026-10-05	03:00:00	278.124	0	18000	18000	0.0545715381618356	0	NaN	20.998882531859756	0	NaN	9.767496410865428	0	NaN	-1.9167957036914536	1	NaN	0.21994689897822206	0	NaN	0.13275397819326235	0	NaN	NaN	NaN	NaN	NaN	NaN	NaN	NaN	NaN	NaN	-2.9710666987400134e-10	-1.0122267011917585e-11	-1.3739151952973543e-12	NaN	19.37530610600363	480.65781145056957	488.65998881448263	0.1	0	660.1064254995636	16.375757269030434	16.648387217017135	0.1	1	0.08959754247141327	2.118939682046314	2.1542166103625244	0.2	0	NaN	NaN	NaN	NaN	9	295.1244195115831	288.2292299710922	97638.34597700389	1.172849778663256	1014.4328977191975	0.02454299890069885	0.014252559053788789	0.012023434961551283	1599.330742365563	1708.8195108348464	0.010251470546598794	93.59272481528535	109.48876846928329	287.16905980018544	-0.13004360868763207	-0.7124985674048482	0.2709930574754001	0.7733063984697995	7.648792374504847e-16	-1.5334295533113663e-14	0.7733063984697995	2.5255983164543276	261.3436392779113	259.65636072208866	20.513878846341285	NaN	0.21570583955289377	0.28777894785731517	-41.03070292267178	-0.04881953896269162	2.1498735856713966	0.08182171283715582	0	14.311447087577948	-2.171817309456187	4.912656667400323	12.233209719009196	18.656416690642565	26.16588967803407	39.20127078706738	0.05377061434206471	1.0148951956300103	21.213074251902704	1.0219143801804693	8.935176277268296	1.093150947196712	-1.7534593082564718	1.093150947196712	0.201204508437061	1.093150947196712	0.09919406761886967	1.3087828684102034	NaN	NaN	800000009	800000009	800000009	800000019	800000019	800000019	899999999	899999999	89999	89999	89	89	10	5	0	20	9	12	6	NaN	0	0	0	0	0	0	0	0	0	NaN	NaN	NaN	NaN	0	0	0	0	0	0	300	0	0	18000	0	25	18000	18000	18000	18000	93	NaN	0.31640604773482744	0.1739063409617542	0.08524550701804873	0.04986084402956255	5.927131842402907	0.004058605781132784	0.000002201197968990246	NaN	0.01782944797890016	-0.043751811098828815	0.005020396882847658	0.00009919406761886968	NaN	19.37679469276764	660.1564503451051	90.2432082057529	89.89739226108127	90.58902336586846	-0.6916323538919291	0.0002762893203503659	34.77172223834851	089
DATA	2026-10-05T030000_AIU-1657.ghg	2026-10-05	03:30:00	278.145	0	18000	18000	0.09414537225503923	0	NaN	27.91121653118965	0	NaN	9.336747501125195	0	NaN	4.467706242625426	2	NaN	0.2102050036948769	0	NaN	0.07910943091293333	0	NaN	NaN	NaN	NaN	NaN	NaN	NaN	NaN	NaN	NaN	6.156698265620653e-11	2.0148853423478784e-12	2.803526706938584e-13	NaN	19.69609823020577	488.118635276207	496.04267969089096	0	0	644.5886725859374	15.974521425498724	16.233849400566392	0.1	1	0.0896885555025671	2.1187363343938994	2.1531315809659577	0.2	0	NaN	NaN	NaN	NaN	9	294.4750198279487	288.0205524639438	97632.17295970162	1.1738045010055216	1014.2021458926087	0.024526780471982507	0.013621284239428023	0.011736594672443184	1560.0455922595374	1686.011388675659	0.009998764412974401	92.52876954081158	125.96579641612152	286.78621801511366	-0.4189162706114671	-1.2861057788092418	0.49788988597691575	1.4413373146587385	-7.052183658268139e-14	3.125846649250963e-15	1.4413373146587385	3.525449746519483	269.0417030828546	251.95829691714545	20.20841687785753	NaN	0.28320544777968526	0.3323288920920756	-69.8543360557978	-0.028675385281737936	2.989393954139383	0.08278599388987473	0	17.67924893070531	-2.6828942322134304	6.068714058234219	15.11195608105966	23.04668653075079	32.32330555257817	48.42620179521211	0.09302238836593459	1.01207218938184	27.973737340196426	1.0221481882156955	8.490491075201419	1.0996710812635417	4.062765965884955	1.0996710812635417	0.19115261579248552	1.0996710812635417	0.05503675887231477	1.3051824791110769	NaN	NaN	800000009	800000009	800000009	800000019	800000019	800000019	899999999	899999999	89999	89999	89	89	7	0	0	10	7	0	6	NaN	0	0	0	0	0	0	0	0	0	NaN	NaN	NaN	NaN	0	0	0	0	0	0	300	150	17996	18000	0	15	18000	18000	18000	18000	93	NaN	0.367376056046641	0.21064535847372126	0.08663636966378897	0.07183209621710789	20.49847772618083	0.02001686349119291	6.092335426939128e-7	NaN	0.02349796199962022	0.10126465731083872	0.004764489093104851	0.000055036758872314766	NaN	19.697628376430934	644.6356536917785	90.54079010772705	90.22883507241141	90.85274395794337	-0.6239088815318214	0.0002757577638921148	38.48817026966721	172
DATA	2026-10-05T033000_AIU-1657.ghg	2026-10-05	04:00:00	278.166	0	18000	18000	0.09745674844195729	1	NaN	27.15551030370786	1	NaN	11.49406231185428	1	NaN	-10.367525116891567	1	NaN	0.2588039687541985	1	NaN	0.08716811544308546	1	NaN	NaN	NaN	NaN	NaN	NaN	NaN	NaN	NaN	NaN	3.5076020281754405e-10	1.1574451484290268e-11	1.6209168145504783e-12	NaN	19.414793173491812	481.00242551926755	488.760128414388	0.1	1	640.6530155332412	15.872208971479825	16.128199118217815	0.1	1	0.08971874361214928	2.120521459170609	2.1547216514985665	0.2	0	NaN	NaN	NaN	NaN	9	294.3266066351997	288.1401626069667	97613.21521318855	1.1731350723114369	1014.1463970782333	0.02454173143136721	0.01677049717527206	0.011654320778732023	1549.7529435848808	1699.0516683084113	0.009934338384214723	91.21282021563397	149.29872472353054	286.6845134813893	-0.2395100232568287	-1.3096856861849084	0.33568723802522704	1.373072310408745	2.5007622593605e-14	1.80666463805784e-14	1.373072310408745	2.724033797483777	261.36350218942914	259.63649781057086	14.151041728224618	NaN	0.28822520008581604	0.2536870986305025	-75.6724889368436	-0.026470650406012028	2.362568565136567	0.0791912773639966	0	19.956892235897364	-3.0285353909804336	6.850555300474741	17.058851321422605	26.01582461401269	36.48756393154368	54.66501967413112	0.0962852604342987	1.0121668467465792	27.356583103668125	1.0219660588064905	10.461163207129253	1.0987365443281782	-9.435860826155357	1.0987365443281782	0.2355468834546174	1.0987365443281782	0.06152533342307177	1.3052382035234038	NaN	NaN	800000009	800000009	800000009	800000019	800000019	800000019	899999999	899999999	89999	89999	89	89	9	0	0	5	22	0	12	NaN	0	0	0	0	0	0	0	0	0	NaN	NaN	NaN	NaN	0	0	0	0	0	0	300	0	18000	18000	0	25	18000	18000	18000	18000	93	NaN	0.2788967456251997	0.16219658403444578	0.06628086760135947	0.06036217925427197	22.345878803973527	0.005420269511580082	4.607681448176546e-7	NaN	0.022993928748482696	-0.23530822538225266	0.005873986503318287	0.00006152533342307176	NaN	19.416313181082938	640.7020128437584	90.40716771825153	90.06705516094631	90.74727128855389	-0.6802148123549118	0.0002756222696108227	38.66249434736041	150
DATA	2026-10-05T040000_AIU-1657.ghg	2026-10-05	04:30:00	278.187	0	18000	18000	0.050074385278446175	0	NaN	20.147579701868253	0	NaN	4.80724209406641	0	NaN	-6.216955318977352	2	NaN	0.10823561649930075	0	NaN	0.09554889297783868	0	NaN	NaN	NaN	NaN	NaN	NaN	NaN	NaN	NaN	NaN	2.2768746554609453e-10	7.590044330852377e-12	1.0707215420116498e-12	NaN	19.17528840300055	475.1026021996494	482.7482324449002	0.1	1	639.2152009184244	15.837717740630868	16.092587600768212	0.1	1	0.09017358209919704	2.130722133927422	2.165010966520545	0.3	0	NaN	NaN	NaN	NaN	9	293.97435362243664	288.0846483840511	97598.88148878884	1.1732042312516953	1014.1258770011354	0.024540606717302692	0.007013667949154688	0.011629528229017827	1546.1581661614323	1692.9883605511734	0.009912620428082029	91.32715866150794	146.8301943897411	286.6488525093735	-0.5042167769185343	-1.5845818692830336	0.5766771460757301	1.7600257922521758	1.8643557502333678e-14	1.187400474823972e-14	1.7600257922521758	2.8351783308985903	268.6511629786089	252.34883702139115	19.126363752382428	NaN	0.20659556913508306	0.15080112306208315	-37.55706441582712	-0.05333483942786175	4.191089050151324	0.08196650064034333	0	17.718523375604853	-2.688854280748714	6.082195704249014	15.145527285852138	23.097884736275063	32.39511176379628	48.5337805844217	0.04948485210859494	1.011913406724092	20.05972590750953	1.0232487204836693	4.352527402259423	1.1044714139125102	-5.628896538801522	1.1044714139125102	0.09799766217206464	1.1044714139125102	0.07039245495951611	1.3054361556522853	NaN	NaN	800000009	800000009	800000009	800000019	800000019	800000019	899999999	899999999	89999	89999	89	89	6	0	0	21	7	0	5	NaN	0	0	0	0	0	0	0	0	0	NaN	NaN	NaN	NaN	0	0	0	0	0	0	300	0	18000	18000	0	20	18000	18000	18000	18000	93	NaN	0.18913621446344764	0.06661704329265439	0.045848988368064274	0.1674951716074763	21.873274526114272	0.011498703117800518	6.121011296847167e-7	NaN	0.016860075280227243	-0.1403601164087387	0.0024436340542837343	0.00007039245495951612	NaN	19.176786575431827	639.2630632121717	90.4203208033244	90.08190125147499	90.75874295510187	-0.6768408675690496	0.00027547593608485645	37.59534446442755	087
DATA	2026-10-05T043000_AIU-1657.ghg	2026-10-05	05:00:00	278.208	0	18000	18000	0.1067715682329103	1	NaN	22.024879372661168	1	NaN	8.194556173180475	1	NaN	24.505219537389635	1	NaN	0.18448820531372026	1	NaN	0.11538897328879551	1	NaN	NaN	NaN	NaN	NaN	NaN	NaN	NaN	NaN	NaN	5.812238164595564e-10	1.9164345948862415e-11	2.7162950618542042e-12	NaN	19.313285809214737	478.39210315344366	486.0590712308179	0.1	1	636.8054442634856	15.773737249589143	16.02653561134366	0.1	1	0.0902588321161806	2.131971255178287	2.166139368421763	1	0	NaN	NaN	NaN	NaN	9	293.4969559275309	288.0103359243964	97591.17231417725	1.1734428075094636	1014.0883711620664	0.024536214455613988	0.011954835704329073	0.0115846211982686	1539.7904316846077	1684.901633251456	0.009872335595848944	91.38755647789252	145.1112015668482	286.58550386188625	-0.45964713921698985	-1.410902105569849	0.4766624885800853	1.558565806153568	2.6064617973201956e-14	3.009450707669036e-14	1.558565806153568	2.9656420093746054	269.04470025624823	251.9552997437517	17.808349222385143	NaN	0.3016454974249121	0.1762897983784113	-106.92974455585312	-0.01873286061161131	2.6877452429632758	0.0613590972625272	0	19.009900632581104	-2.884825761660203	6.525483727660711	16.249377142143846	24.781325415860827	34.756161253200595	52.071062959096906	0.10550914435146917	1.011965066053761	22.10952833414659	1.0225096557448206	7.44040365830754	1.10135908608008	22.24998172449622	1.10135908608008	0.1675095866965101	1.10135908608008	0.08551806167732197	1.3051829753383075	NaN	NaN	800000009	800000009	800000009	800000019	800000019	800000019	899999999	899999999	89999	89999	89	89	4	0	0	14	26	0	7	NaN	0	0	0	0	0	0	0	0	0	NaN	NaN	NaN	NaN	0	0	0	0	0	0	300	150	18000	18000	0	15	18000	18000	18000	18000	92	NaN	0.11908003873453653	0.15152093037789127	0.08197862764439476	0.03988700526891063	12.410965107147229	0.006765875840532978	7.772276105520119e-7	NaN	0.01857983050842875	0.5546820795419273	0.004175938975704158	0.00008551806167732197	NaN	19.314828465915962	636.8550487708841	90.19358926857845	89.81334277174207	90.57383629608157	-0.7604927943084027	0.00027584059413735906	38.04024298275843	123
DATA	2026-10-05T050000_AIU-1657.ghg	2026-10-05	05:30:00	278.229	0	18000	18000	0.0813810021619617	0	NaN	8.707685718093758	2	NaN	-16.01574934192127	2	NaN	11.056086738554342	1	NaN	-0.3605489618540407	2	NaN	0.10926600586936001	1	NaN	NaN	NaN	NaN	NaN	NaN	NaN	NaN	NaN	NaN	4.0755169870394573e-10	1.3363718060446595e-11	1.91003031785808e-12	NaN	19.267436823596185	477.1143884281827	484.6973305055847	0.1	0	631.783879877896	15.644695359663597	15.893341851172178	0.1	1	0.09029869976622822	2.132192331522894	2.1660799931402352	0.2	0	NaN	NaN	NaN	NaN	9	293.2868436075846	287.9476304669568	97590.10838078213	1.1737431619952585	1014.0143363987198	0.02453113988111643	-0.023363572728141834	0.011492226475316959	1527.1770549578225	1678.1043893598385	0.009791091311476695	91.0060819005669	150.92733440201596	286.45933808765943	-0.3486181664473043	-1.5304693075229616	0.5015911568416975	1.6478666863155402	2.679064061130145e-15	2.1152356820230018e-14	1.6478666863155402	3.297262641224545	263.83218009466407	257.16781990533593	17.72135970428452	NaN	0.2633146237360308	0.26766064459599226	-179.89949667335313	-0.011134550329715852	-0.5436951798003834	0.02778501248546419	0	16.360017176051528	-2.4826957238160356	5.6158644871400805	13.984296619099029	21.326934700224065	29.911329157682932	44.8126216360143	0.0804220605563555	1.0119238626686793	7.657998592534084	1.0228206711769166	-14.524011936655741	1.1027083571516956	10.026301756805672	1.1027083571516956	-0.32696674466614317	1.1027083571516956	0.08553778912298718	1.305260772661577	NaN	NaN	800000009	800000009	800000009	800000019	800000019	800000019	899999999	899999999	89999	89999	89	89	6	2	0	3	1	0	5	NaN	0	0	0	0	0	0	0	0	0	NaN	NaN	NaN	NaN	0	0	0	0	0	0	300	0	18000	18000	0	15	18000	18000	18000	18000	93	NaN	0.2997263567016777	0.14467750545562208	0.09091742703468474	0.10159573508725335	17.23877370426485	0.02639530048627425	0.0000017168259095819575	NaN	0.0064342526756783775	0.24986674862095462	-0.00814838006859826	0.00008553778912298717	NaN	19.268955023436135	631.8294964039064	90.40271445973715	90.05297596020169	90.75245412868924	-0.6994778431521546	0.00027569454376741005	38.0077757288615	078
DATA	2026-10-05T053000_AIU-1657.ghg	2026-10-05	06:00:00	278.249	0	18000	18000	0.17386750173310248	1	NaN	6.664829782860183	2	NaN	31.43810430314224	1	NaN	-6.55285887724467	2	NaN	0.7075461819487388	1	NaN	0.06354562945919888	1	NaN	NaN	NaN	NaN	NaN	NaN	NaN	NaN	NaN	NaN	-9.714413127561066e-10	-3.1079213550881746e-11	-4.532587487807195e-12	NaN	19.40474140146426	479.99601792501016	487.48201553715194	0.1	1	620.8137269813194	15.356459056018746	15.595957742531327	0.1	1	0.0905393737382601	2.1348632955987075	2.1681585333429467	1	0	NaN	NaN	NaN	NaN	9	293.21211432647704	287.66368303891625	97596.95449152542	1.1751129876033044	1013.8464924501964	0.024505230447464638	0.04584899259027827	0.011292421735190275	1499.1456577559904	1647.6250568524708	0.009609647629051974	90.98827743126661	148.4793990964804	286.1756385692222	-0.417973402173844	-1.1967376462927066	0.44208915706862034	1.3425071998974325	9.138323466167187e-14	-5.006205919769705e-14	1.3425071998974325	3.1493156958205644	270.25230032140735	250.74769967859268	19.226363290111877	NaN	0.38465323903250115	0.3614624172228428	-732.6968914057142	-0.002733872660708245	0.21199846271246173	0.01454346329371506	0	19.843658244151346	-3.0113516958734396	6.811685735355065	16.962060608375012	25.86821266948808	36.280536080502586	54.354854227857764	0.17176882235989077	1.0122180460014714	8.322787126821384	1.0218921069344211	28.62349491022268	1.0983321359515166	-5.966190610973739	1.0983321359515166	0.644200564463837	1.0983321359515166	0.047072977709746056	1.3052789091796047	NaN	NaN	800000009	800000009	800000009	800000019	800000019	800000019	899999999	899999999	89999	89999	89	89	8	5	0	10	5	0	12	NaN	0	0	0	0	0	0	0	0	0	NaN	NaN	NaN	NaN	0	0	0	0	0	0	300	0	18000	18000	0	15	18000	18000	18000	18000	93	NaN	0.28137691916279745	0.32180743189755484	0.11974048338533322	0.07394453320905418	12.606723675983396	0.0204657270877797	2.6485530517577037e-7	NaN	0.006985813024503605	-0.1484836708625622	0.016032552565013278	0.000047072977709746056	NaN	19.406304935858227	620.8592243568659	90.44221055899729	90.08603004921805	90.79838858116996	-0.7123578184346424	0.0002748436809876391	38.213450595431866	219
DATA	2026-10-05T060000_AIU-1657.ghg	2026-10-05	06:30:00	278.27	0	18000	18000	0.22246298960898878	1	NaN	56.219937024232514	1	NaN	26.21489226560835	1	NaN	2.4313013080442105	1	NaN	0.5901255636946466	1	NaN	0.21326691201707884	1	NaN	NaN	NaN	NaN	NaN	NaN	NaN	NaN	NaN	NaN	-1.533229483979204e-11	-4.968905789427823e-13	-7.213377693673242e-14	NaN	19.37406171802219	479.51997847665996	487.0895114391936	0.1	1	627.8765732156905	15.540332494879799	15.785646693137862	0.1	1	0.09114905895882543	2.151692918231802	2.185658782431136	0.8	0	NaN	NaN	NaN	NaN	9	293.5823428768582	287.8982090854106	97591.94197651836	1.1740133104260246	1013.954508332589	0.024526468700787053	0.0382401365274131	0.011417738108660432	1517.0180420431418	1672.7641114049736	0.00972539068106236	90.6892987301707	155.74606936183181	286.3570541602607	-0.3602239835119159	-1.1062602773065893	0.4932773467583972	1.2636833702587278	-3.5045287229466217e-14	-7.913825744412486e-16	1.2636833702587278	4.177000619820994	269.0364498912868	251.96355010871326	22.976207429044813	NaN	0.43530371569034676	0.5116001733564127	-125.89021228752722	-0.01591148321701941	2.144580128524433	0.10849419185347499	0	19.930586316293475	-3.024543366191656	6.8415253295330665	17.03636541699963	25.981532190992333	36.439468320665036	54.59296368486712	0.21974293166991984	1.0123783637471206	56.77734978101066	1.021725434131231	23.88972881629456	1.0973290013961086	2.2156539241657853	1.0973290013961086	0.537783620904799	1.0973290013961086	0.1531673351217925	1.3054339993855446	NaN	NaN	800000009	800000009	800000009	800000019	800000019	800001119	899999999	899999999	89999	89999	89	89	5	0	0	14	9	0	0	NaN	0	0	0	0	0	0	0	0	0	NaN	NaN	NaN	NaN	0	0	0	0	0	0	300	150	18000	18000	0	20	18000	18000	18000	18000	92	NaN	0.6177103071702917	0.2538055663371439	0.15168447320538983	0.061143261346323405	18.99843843911772	0.03442208161840213	0.0000020965852273513085	NaN	0.04769618306721963	0.0552002266017959	0.013398201502906727	0.00015316733512179252	NaN	19.375513598047167	627.9221421826779	90.25953175777865	89.88109046936029	90.63797454664439	-0.7568851666417474	0.0002751424386951839	37.97061340914833	227
DATA	2026-10-05T063000_AIU-1657.ghg	2026-10-05	07:00:00	278.291	1	18000	18000	0.21221711021901035	1	NaN	72.92113743241285	1	NaN	40.21132240438255	1	NaN	14.719050080271616	1	NaN	0.9049063578517142	1	NaN	0.10596282430809868	1	NaN	NaN	NaN	NaN	NaN	NaN	NaN	NaN	NaN	NaN	1.226701929671263e-10	3.958879985011837e-12	5.864612041181711e-13	NaN	19.089291684455425	471.95626321740576	479.255921484325	0.2	0	616.0601279717205	15.231232290904385	15.46681088022051	0.1	1	0.09126201497073409	2.150759255190607	2.1840246418395237	0.4	0	NaN	NaN	NaN	NaN	9	293.59081380038793	287.5602900204415	97617.55701491878	1.1758396564385605	1013.774001267907	0.024491252642847548	0.05863793198879108	0.011206728156672173	1487.2345144983026	1636.648058926501	0.009530830241442655	90.87075907289434	149.41354442819852	286.05367393343266	-0.7716575754176321	-0.768574189810653	0.6049583558136278	1.245847627605899	-3.533986738757241e-14	6.426125966057593e-15	1.245847627605899	3.0204889783315116	296.11470010545145	224.8852998945485	29.050461785184556	NaN	0.4248309480097385	0.38608044820665044	-90.23090591116407	-0.02219971061769159	1.8134478816460242	0.1439952065418603	0	20.813775477199627	-3.1585707287247544	7.14469558851179	17.791302228127453	27.13285846161286	38.054219785537114	57.01215562548759	0.20961357550617726	1.0124206397727153	73.9886020259972	1.0216929893952371	36.652004228704804	1.0971111471413122	13.416188613728254	1.0971111471413122	0.824808279643848	1.0971111471413122	0.06252163875760874	1.3054764188358	NaN	NaN	800000009	800000009	800000009	800000019	800000019	800000019	899999999	899999999	89999	89999	89	89	27	0	0	17	3	0	8	NaN	0	0	0	0	0	0	0	0	0	NaN	NaN	NaN	NaN	0	0	0	0	0	0	300	0	18000	18000	0	15	18000	18000	18000	18000	93	NaN	0.26474736295284207	0.37778169027292835	0.1296318431875305	0.08731838602417143	7.311544385681047	0.030844592800881785	7.684103683614419e-7	NaN	0.06206911729211821	0.3336627224940693	0.020513111737263945	0.00006252163875760874	NaN	19.090749534319098	616.1040086672558	90.55797996054757	90.2172576124403	90.89870420286393	-0.6814456891649265	0.0002751142508673689	37.71016107877095	149
DATA	2026-10-05T070000_AIU-1657.ghg	2026-10-05	07:30:00	278.312	1	18000	18000	0.13914433888101477	1	NaN	52.95384851152073	1	NaN	50.621116092831286	1	NaN	-0.6224559895890381	2	NaN	1.138902618041243	1	NaN	0.10349401848434314	1	NaN	NaN	NaN	NaN	NaN	NaN	NaN	NaN	NaN	NaN	1.1725681928828772e-10	3.749113481107726e-12	5.666947019443179e-13	NaN	18.961670561770365	468.2298020703857	475.3461888714548	0.1	1	606.2713892372963	14.970955837396053	15.198491786730218	0.1	1	0.09164054007767311	2.1570589917595906	2.1898430351293414	0.6	0	NaN	NaN	NaN	NaN	9	293.55955598025855	287.3196990501275	97646.6505888065	1.177291524331533	1013.6229163017068	0.024463470723250717	0.07380088964907254	0.011027733221671922	1462.255823095384	1611.3533399521266	0.009367036960478822	90.74706253681316	149.0975168567427	285.79508783064045	-0.7089721118438023	-1.1676065671006937	0.6410636978593668	1.5089430789868528	-1.436560673093065e-14	6.1838865360679475e-15	1.5089430789868528	3.0252046148445357	282.2661742004376	238.7338257995624	25.14071756274809	NaN	0.343788038516331	0.2744321337551247	-65.85757454491687	-0.030415635769182856	1.0460822004479629	0.12907624671955575	0	19.20848895276463	-2.914962305406696	6.593652671670868	16.419127451367256	25.040205348027463	35.11924403899229	52.615027134558964	0.1374940550592564	1.0120025831011175	54.888146587823556	1.0223496524570486	45.99283106978158	1.1006305747090792	-0.5655448829899777	1.1006305747090792	1.0347728331481976	1.1006305747090792	0.06530995591013898	1.3051696983290386	NaN	NaN	800000009	800000009	800000009	800000019	800000019	800000019	899999999	899999999	89999	89999	89	89	2	0	0	16	7	0	8	NaN	0	0	0	0	0	0	0	0	0	NaN	NaN	NaN	NaN	0	0	0	0	0	0	300	0	18000	18000	0	15	18000	18000	18000	18000	93	NaN	0.21735198299911848	0.22775822805755075	0.10375405645358016	0.05558107027975452	3.06996211476809	0.02310364100301531	0.0000013133304096794158	NaN	0.045995794832811326	-0.014045521981013612	0.025698976350912017	0.00006530995591013898	NaN	18.963230238284552	606.3154872400679	90.59974518585206	90.25391313764786	90.94557866711085	-0.6916642870704307	0.0002743897042495923	35.97427656035953	047
DATA	2026-10-05T073000_AIU-1657.ghg	2026-10-05	08:00:00	278.333	1	18000	18000	0.13247741119499912	1	NaN	86.37513603460988	1	NaN	26.663481105418295	1	NaN	4.641078977811776	1	NaN	0.5998555114448841	1	NaN	0.11005958480763293	1	NaN	NaN	NaN	NaN	NaN	NaN	NaN	NaN	NaN	NaN	3.5329919631592306e-10	1.1136166244751489e-11	1.7170021954232387e-12	NaN	18.848051715260304	464.96628411971096	471.8821743301196	0.1	1	594.0999568624048	14.655968346815307	14.873960643193731	0.1	1	0.09159982958357535	2.1551956391579177	2.187251934273135	0.3	0	NaN	NaN	NaN	NaN	9	294.1561567035252	287.259618492342	97672.09224311441	1.1779856481370863	1013.4443433681661	0.024451984321178476	0.03887063714162849	0.010800782082373908	1431.8630713953623	1605.0905634331245	0.0091688571074314	89.20761881078869	173.2274920377622	285.4751607986144	-0.5159946747890352	-1.5647092809155372	0.5484219724369798	1.7364712200452719	8.888938638649422e-16	1.8744600325447683e-14	1.7364712200452719	3.7619166555458383	269.25102160881784	251.7489783911821	18.41065848222276	NaN	0.33535201232840717	0.3804529033503448	-37.48014505078392	-0.053444296901356415	3.239454581834686	0.21574856975276616	0	20.21873255120996	-3.0682706690155217	6.9404366075810735	17.282668484740125	26.357159910086356	36.966291537620485	55.38224086362562	0.13091789609915083	1.0119121613035027	86.312414900077	1.023155675125738	24.149649797108825	1.1040939032006345	4.203518346001051	1.1040939032006345	0.5433011718532053	1.1040939032006345	0.06289261187876498	1.3053913946610356	NaN	NaN	800000009	800000009	800000009	800000019	800000019	800000019	899999999	899999999	89999	89999	89	89	6	0	0	7	0	0	4	NaN	0	0	0	0	0	0	0	0	0	NaN	NaN	NaN	NaN	0	0	0	0	0	0	300	150	18000	18000	0	15	18000	18000	18000	18000	93	NaN	0.4674862476309339	0.20656880749717133	0.08685075157258433	0.3749494465375857	12.910233064044753	0.013861282509129309	5.443068557352095e-7	NaN	0.07229917896706657	0.10431359147388213	0.01348244299727924	0.00006289261187876497	NaN	18.849499335109645	594.1443594841371	90.8696494140625	90.55842005496555	91.1808780292935	-0.6224592128727174	0.0002738084408095649	38.433024917876295	105
DATA	2026-10-05T080000_AIU-1657.ghg	2026-10-05	08:30:00	278.354	1	18000	18000	0.1664792706348008	0	NaN	68.5135857408791	1	NaN	55.34112172063597	1	NaN	3.421749925198423	0	NaN	1.245403049725774	1	NaN	0.0814593836098565	0	NaN	NaN	NaN	NaN	NaN	NaN	NaN	NaN	NaN	NaN	5.037979085850908e-11	1.6154835545559708e-12	2.4481605500456423e-13	NaN	18.844283389305012	465.3487177840611	472.39779988624866	0.1	1	604.2627290437189	14.921919839349364	15.147956430941834	0.1	1	0.09157209746492025	2.157859947822828	2.1905471162965227	-0.1	0	NaN	NaN	NaN	NaN	9	296.10395183308924	287.5763020457815	97687.58746468926	1.1767560969591577	1013.5999743562381	0.024475058062753977	0.08070211762223015	0.010986409079104456	1458.077358379884	1638.3438040403225	0.009336181990043912	88.99703192847049	180.26644566043865	285.75145238498953	-0.48142680956217415	-1.1387746776200753	0.4948013400802103	1.3316936229850231	-5.4933311102288453e-14	2.673478731863155e-15	1.3316936229850231	3.5957673900414617	273.91662997120875	247.0833700287913	21.81173164242584	NaN	0.3761290297475489	0.5038889532637754	-66.67961421266865	-0.030040665706482523	1.2380230759820556	0.15271679309861425	0	18.85627049720521	-2.8615117959080556	6.472747473650235	16.118056413100003	24.58105301822884	34.47527636791487	51.65024621701136	0.16446661588085856	1.0122374668145433	70.51119187595407	1.0218671559804058	50.39298052364596	1.0981910802967527	3.115805606683492	1.0981910802967527	1.1340495038342888	1.0981910802967527	0.04327267082904095	1.305295081961105	NaN	NaN	800000009	800000009	800000009	800000019	800000019	800000019	899999999	899999999	89999	89999	89	89	5	0	0	18	0	0	8	NaN	0	0	0	0	0	0	0	0	0	NaN	NaN	NaN	NaN	0	0	0	0	0	0	300	0	18000	18000	0	15	18000	18000	18000	18000	93	NaN	0.549403034220243	0.3283007887333557	0.13007408357395212	0.14284780312890588	2.2347744144357145	0.025015401140188343	3.448382443542774e-7	NaN	0.05911599554764487	0.07741501362853478	0.028176487521059484	0.00004327267082904095	NaN	18.845768717701116	604.3074832824904	90.89407261064316	90.59965898768105	91.1884865913391	-0.5888270648949664	0.0002743753493592117	38.772221528053294	133
DATA	2026-10-05T083000_AIU-1657.ghg	2026-10-05	09:00:00	278.374	1	18000	18000	0.0888903962823985	0	NaN	-6.872360178163158	2	NaN	34.66577947630478	1	NaN	14.333686551114242	1	NaN	0.7803535528657534	1	NaN	0.07668247189706703	0	NaN	NaN	NaN	NaN	NaN	NaN	NaN	NaN	NaN	NaN	8.085521409717761e-11	2.6352576284080464e-12	3.963056011938635e-13	NaN	18.61668391714521	460.1924132848289	467.199817447238	0	0	606.7606011079849	14.998730523263633	15.227117962224993	0.1	1	0.09124824161807396	2.1532586338807786	2.186046557102061	0.4	0	NaN	NaN	NaN	NaN	9	296.8366407708061	287.88405662924555	97716.3212808969	1.1758095334380412	1013.6489385367058	0.024494045779059222	0.05056691022570081	0.011034401221343701	1466.0139078736709	1671.2376042811904	0.009384514164534247	87.7202561812994	205.22369640751958	285.83423968027245	-0.48136604145729617	-1.4488706841641954	0.5478878624283212	1.6220729438268608	4.84547768818828e-14	4.3431587739808615e-15	1.6220729438268608	4.375776590861521	269.37831073567656	251.62168926432346	19.74107919325911	NaN	0.27495329755593273	0.2635020484633662	259.73446943774087	0.007712106923413756	-0.19824623250894002	-0.020971158999146384	0	17.717534222251782	-2.6887041729112076	6.081856159911861	15.144681772443302	23.096595274977897	32.39330327599259	48.53107114014213	0.08791883247732024	1.0110506904800958	-4.803755699808531	1.0233848809821398	31.078598384615894	1.1154228722703454	12.850450629490213	1.1154228722703454	0.6996033273707326	1.1154228722703454	0.05733486970184841	1.3861002683307755	NaN	NaN	800000009	800000009	800000009	800000019	800011119	800011119	899999999	899999999	89999	89999	89	89	3	0	1	36	0	0	6	NaN	0	0	0	0	0	0	0	0	0	NaN	NaN	NaN	NaN	0	0	0	0	0	0	300	0	18000	18000	0	15	18000	18000	18000	18000	93	NaN	0.27637103411392183	0.16941245580214168	0.08122060701066885	0.18572322000799374	22.2474377910784	0.047430228964216455	4.815391135206654e-7	NaN	-0.004030476244015523	0.31955371165376756	0.017397120645216802	0.00005733486970184841	NaN	18.618088821623033	606.8045085654985	91.1888883255853	90.95377883105805	91.4239953163995	-0.47021444158752584	0.00027440064783958314	38.127964054613074	020
DATA	2026-10-05T090000_AIU-1657.ghg	2026-10-05	09:30:00	278.395	1	18000	18000	0.061490295328707575	1	NaN	24.798815697272875	1	NaN	33.401725418520094	1	NaN	0.42135366531639856	1	NaN	0.752295701846887	1	NaN	0.029591924150423568	1	NaN	NaN	NaN	NaN	NaN	NaN	NaN	NaN	NaN	NaN	-4.413898937484354e-10	-1.4967391356222394e-11	-2.1896877469804863e-12	NaN	18.379049861475718	455.3410682918192	462.4820084524416	0.1	1	623.2277538031128	15.440471261828032	15.682618278670056	0.1	1	0.09117648784626127	2.1572939634788155	2.1911259812229327	0.4	0	NaN	NaN	NaN	NaN	9	297.3374377399021	288.432955172264	97734.55025578213	1.1735936716021527	1013.9081761968272	0.024536170504967675	0.04874876147967827	0.011339882759988387	1509.4723058980671	1731.3471966196248	0.009662528892565978	87.18484131000656	221.87489072155768	286.28069084969627	-0.646878101081092	-0.3195226625537251	0.47181322585451546	0.8620636459305422	1.4319407286112192e-13	-2.4015925582400847e-14	0.8620636459305422	2.695631321743354	314.71312855281394	206.28687144718606	33.18243814209727	NaN	0.22889927122430154	0.3683200642773031	-41.53908507048553	-0.048222053918641754	0.7424411579505649	0.09104794474918804	0	18.9510474441748	-2.875894563262493	6.505281332567279	16.19907032187606	24.704604340782826	34.648558854532155	51.90985495816733	0.06063240058612536	1.0141491139108638	26.30885448389548	1.0216544702440102	30.54452633227147	1.0935420983506914	0.38531087733329616	1.0935420983506914	0.6879439785459736	1.0935420983506914	0.014949470272759675	1.3077364940882004	NaN	NaN	800000009	800000009	800000009	800000019	800000019	800000019	899999999	899999999	89999	89999	89	89	2	1	0	17	2	0	7	NaN	0	0	0	0	0	0	0	0	0	NaN	NaN	NaN	NaN	0	0	0	0	0	0	300	150	18000	18000	0	15	18000	18000	18000	18000	93	NaN	0.2549607456810445	0.43410618571735465	0.047573197156207066	0.08470367750786661	1.960476430893732	0.05509546047779453	5.953515883038635e-7	NaN	0.02210983770121272	0.009602358088275299	0.017144297800233365	0.000014949470272759675	NaN	18.380471418974064	623.2645720036749	91.35962782838607	91.18006131362912	91.53919523747761	-0.3591329783482663	0.00027522522593951887	38.6462122599284	112
DATA	2026-10-05T093000_AIU-1657.ghg	2026-10-05	10:00:00	278.416	1	18000	18000	0.009730041960420039	0	NaN	21.13302881658629	1	NaN	8.000897152076666	1	NaN	-1.791938031516659	2	NaN	0.1803335690948023	1	NaN	0.02057664020981076	0	NaN	NaN	NaN	NaN	NaN	NaN	NaN	NaN	NaN	NaN	-1.4250440955166195e-10	-4.942687221891556e-12	-7.07790040185342e-13	NaN	18.26184071788257	453.6037354151865	460.8543554085935	0.1	1	633.4019210245864	15.732996571071885	15.98448034553861	0.1	1	0.09070280011849412	2.1537174020902365	2.188143455573792	0.8	0	NaN	NaN	NaN	NaN	9	297.7726689317491	289.1944194039382	97758.05087438207	1.1706547250262669	1014.0874932262341	0.02459503213718857	0.011685615277343188	0.011527067803242887	1538.4396386839646	1817.8740111691357	0.009846684557638671	84.62850721401439	279.434372485171	286.5720360480193	-0.38795492487010574	0.022436326466211763	0.2419147569486041	0.4577501087992822	1.0355642297552207e-14	-7.803397902387635e-15	0.4577501087992822	1.8692956789058943	344.3098600972511	176.69013990274894	31.903251257888424	NaN	0.09116810870349298	0.15088679925662649	-3.08052515273677	-0.6502462731785927	2.641332392468153	0.1952605691591645	1	4.33674907272133	2	3	6	9	15	35	0.009537473589649037	1.020190710774811	21.186121157933435	1.0247550726100743	7.309608362140083	1.0945726167105059	-1.6371120601408151	1.0945726167105059	0.16475249457341137	1.0945726167105059	0.010136075649846225	1.3163207886406465	NaN	NaN	800000009	800000009	800000009	800000019	800000019	800001119	899999999	899999999	89999	89999	89	89	0	0	0	13	5	0	1	NaN	0	0	0	0	0	0	0	0	0	NaN	NaN	NaN	NaN	0	0	0	0	0	0	300	0	18000	18000	0	15	18000	18000	18000	18000	93	NaN	0.13413376510996775	0.13976370065542654	0.02787613274785865	0.11009076830153226	7.4103929897176934	0.02477563473108848	2.7973554827499977e-7	NaN	0.017846259454867397	-0.040908611417422046	0.004116881149830941	0.000010136075649846224	NaN	18.263335944480428	633.4525703630666	91.59704529953004	91.49102912818063	91.70306396230063	-0.21203526418323823	0.0002760286317384775	37.87854546082868	167
DATA	2026-10-05T100000_AIU-1657.ghg	2026-10-05	10:30:00	278.437	1	18000	18000	0.022131448712445025	1	NaN	31.885047843481782	0	NaN	43.61285653855548	1	NaN	2.8878208745592207	2	NaN	0.9839493639881908	1	NaN	0.126817614266174	1	NaN	NaN	NaN	NaN	NaN	NaN	NaN	NaN	NaN	NaN	-2.968644011492001e-11	-1.005604152911911e-12	-1.5323911159376475e-13	NaN	17.600064094452065	439.4473222022716	446.0877499565825	0.1	1	596.1879388833046	14.885922679914893	15.110861800301054	0.1	1	0.09085017184231756	2.1662353167273563	2.1989689992253543	1.1	0	NaN	NaN	NaN	NaN	9	297.72416915639246	290.19938423803296	97762.13481373587	1.1670253845062408	1013.6302168211171	0.02467947007450181	0.06375991878643476	0.010869128489321528	1455.6699432025855	1937.8651055667092	0.009313532193577924	75.11719670378653	482.1951623641237	285.72626192387554	-0.38705373917384917	-0.06467160280987089	0.3301137338498778	0.5128041443813881	-3.29501119513385e-14	-1.68672340939246e-15	0.5128041443813881	1.7303609856523714	331.5142534898223	189.48574651017768	40.07144493043897	NaN	0.13770977554373973	0.11831850441145365	-7.035936294368634	-0.2846955850926656	0.7310928559631069	0.19573227830052634	1	3.1075507902591304	1	3	4	7	12	30	0.021723385720523986	1.0187845024330395	33.79556410102524	1.0239179087064962	39.87116404706433	1.0938445761722535	2.6400650855395935	1.0938445761722535	0.8995330647717571	1.0938445761722535	0.0889205571586469	1.3143111173305033	NaN	NaN	800000009	800000009	800000009	800000019	800000019	800001019	899999999	899999999	89999	89999	89	89	1	0	0	12	0	0	1	NaN	0	0	0	0	0	0	0	0	0	NaN	NaN	NaN	NaN	0	0	0	0	0	0	300	0	4	18000	0	15	18000	18000	18000	18000	93	NaN	0.06534678119284272	0.12706706820342226	0.044223159426642324	0.21618265310390028	23.035735471540363	0.3988503363309293	0.000016447570334676568	NaN	0.028569316386677517	0.06614022971625322	0.022535551819249662	0.00008892055715864689	NaN	17.601677812730674	596.2569701612708	91.88689870113797	91.8806023373074	91.89319432237413	-0.012594027515052316	0.00027767874596368834	38.21655897691514	154
DATA	2026-10-05T103000_AIU-1657.ghg	2026-10-05	11:00:00	278.458	1	18000	18000	0.22019073936425926	0	NaN	12.622512505665968	2	NaN	69.01685691782764	0	NaN	0.3398794758860662	2	NaN	1.5598786963689497	0	NaN	0.02559231659125446	2	NaN	NaN	NaN	NaN	NaN	NaN	NaN	NaN	NaN	NaN	-6.583915022394414e-10	-2.0096438483364418e-11	-3.4108418918497635e-12	NaN	17.14103556436171	431.04887222213915	436.79585509504466	0.1	0	523.2050620165505	13.157136923048355	13.332555177046858	0.5	0	0.08880029887042665	2.1336147313147276	2.162061267446541	0.7	0	NaN	NaN	NaN	NaN	9	299.46586029137507	292.0556010014593	97750.9902092161	1.1602381790955951	1012.7023810857464	0.02484016030455723	0.10108013952470793	0.009544689265637596	1286.468151469836	2177.851920077042	0.00822649128222765	59.07050610788665	891.3837686072061	283.8566682295345	-0.46428932449607163	-0.5987142892005217	0.353405704366748	0.8360137372152576	3.849532838175031e-14	-3.84102523892032e-14	0.8360137372152576	6.322698903368932	288.79276477710334	232.20723522289666	25.00688397899671	NaN	0.43563819374375357	0.8498211510719448	-562.4695832020836	-0.0035612592392935275	0.18289028317668093	0.024659875376759212	0	19.32485460431023	-2.9326212419702973	6.6335972342593745	16.51859506010977	25.191899727388805	35.331997562938696	52.93377068219867	0.21707602653464447	1.0143484883123088	16.399193709212014	1.021716106903646	63.12109301219854	1.0934040211326774	0.3108452770586839	1.0934040211326774	1.4266260835158102	1.0934040211326774	0.013096924974692966	1.3080129122264548	NaN	NaN	800000009	800000009	800000009	800000019	800000019	800000019	899999999	899999999	89999	89999	89	89	3	3	0	6	7	1	1	NaN	0	0	0	0	0	0	0	0	0	NaN	NaN	NaN	NaN	0	0	0	0	0	0	300	150	0	18000	0	15	18000	18000	18000	18000	93	NaN	0.9844672219185573	0.5510715680038035	0.16410351222152883	0.605358597239096	1.7614763926878758	0.34507187022855085	4.364951341509246e-7	NaN	0.013957046080450506	0.007824421106329338	0.0359102230676444	0.000013096924974692966	NaN	17.142427623652754	523.2547154584784	91.97764741007487	92.03657656817965	91.91871817991469	0.11785784149252122	0.0002795838945571128	37.16776742649078	022
DATA	2026-10-05T110000_AIU-1657.ghg	2026-10-05	11:30:00	278.479	1	18000	18000	0.8317987489561529	0	NaN	-35.803760480007135	1	NaN	221.61433069116765	0	NaN	4.91694185840835	1	NaN	5.014860453888434	0	NaN	0.07643330748861842	0	NaN	NaN	NaN	NaN	NaN	NaN	NaN	NaN	NaN	NaN	2.2165781636726426e-10	6.361256058251503e-12	1.1441766831297316e-12	NaN	16.967818744759683	428.59275362057485	433.9300880442727	0.1	0	486.9516516691476	12.299986958160007	12.453160672013647	0.3	0	0.08758627550114592	2.115628235168705	2.1419744935035094	0.1	0	NaN	NaN	NaN	NaN	9	300.93884786987314	293.3080881202827	97734.29133629061	1.1554626117677926	1012.2544861116234	0.024950950288688954	0.3249629574119705	0.008883259604110894	1202.4529675847734	2354.1319435205232	0.007688054562423278	51.07840156939319	1151.6789759357498	282.8464152794256	-0.9757031613086424	-1.4948862739553173	0.769142559394724	1.9437751690252345	-1.200786593409304e-13	1.306342433883676e-14	1.9437751690252345	7.505594642099422	284.13223978870303	236.86776021129697	23.30934072780966	NaN	0.8484596291051585	2.191458745982728	1464.6311100277037	0.001367648130840339	-0.16155886836533934	-0.036078780784160644	0	21.040327984616404	-3.1929509457704177	7.2224637330793175	17.98495590400223	27.42819253613464	38.468430024311274	57.63271804215912	0.8225517619028218	1.0112418299754655	-22.494263232299144	1.0244333272551678	198.00383839003678	1.119242598997611	4.393097495406217	1.119242598997611	4.480583975609687	1.119242598997611	0.054622925311237476	1.3798608835602364	NaN	NaN	800000009	800000009	800000009	800000019	800000019	800001019	899999999	899999999	89999	89999	89	89	11	2	0	32	31	8	4	NaN	0	0	0	0	0	0	0	0	0	NaN	NaN	NaN	NaN	0	0	0	0	0	0	300	0	0	18000	0	15	18000	18000	18000	18000	93	NaN	2.4370682158441195	1.4425947745098762	0.5032545016114598	0.16161366982943232	0.7621170075306329	0.30760319402004915	2.9325986752030414e-7	NaN	-0.01923207596078261	0.11097734324797728	0.11318740509004892	0.000054622925311237476	NaN	16.969101042487598	486.98533996219004	91.96954731453789	92.05796211221482	91.88113461600409	0.17682571398466737	0.00028059894941786	36.227682300567636	233
DATA	2026-10-05T113000_AIU-1657.ghg	2026-10-05	12:00:00	278.499	1	18000	18000	0.7594598373664083	1	NaN	25.478379284857994	1	NaN	276.9173704953059	0	NaN	-0.3239840916899743	2	NaN	6.271417326473391	0	NaN	0.08331233285403278	0	NaN	NaN	NaN	NaN	NaN	NaN	NaN	NaN	NaN	NaN	-2.708118435199048e-10	-7.314609217325721e-12	-1.3925665122401572e-12	NaN	16.874963489647644	427.34895014917873	432.33929812430654	0.1	1	455.7916000979449	11.54266567202737	11.677454626683446	0.2	0	0.08677430331525139	2.1033719340319177	2.127933964354615	0.2	0	NaN	NaN	NaN	NaN	9	301.47973315175375	294.1523532449324	97711.46683637888	1.1522085774188708	1011.8550133771021	0.02502861479885035	0.40638784275547574	0.008310441494481312	1128.1533280519238	2479.887508571284	0.0072126190147777	45.49211704775581	1351.73418051936	281.8997566951724	-0.9114822473327473	-2.3895486405148225	0.7719516288534974	2.671451274097722	-9.02356458278688e-15	-1.6048143967010113e-14	2.671451274097722	6.820350097715729	271.87912009330466	249.1208799066954	16.79590615307579	NaN	0.8118706734231693	1.5564337694305737	-1802.7404181530483	-0.0011111416706639466	0.09200715447819799	0.0269175515055352	0	20.53991742239473	-3.1170117123569745	7.050688980331245	17.55721248184484	26.775856828356385	37.55351991880696	56.26201598566427	0.7497855469082365	1.0129027433218258	40.63290040351182	1.0277182715959579	247.15400166838697	1.120424385710951	-0.2891619424048811	1.120424385710951	5.597358828006892	1.120424385710951	0.0441097102175894	1.3091888075261977	NaN	NaN	800000009	800000009	800000009	800000019	800011019	800011019	899999999	899999999	89999	89999	89	89	6	0	1	44	53	16	4	NaN	0	0	0	0	0	0	0	0	0	NaN	NaN	NaN	NaN	0	0	0	0	0	0	300	0	0	18000	0	15	18000	18000	18000	18000	93	NaN	1.4873976930816375	1.1361041285928928	0.4893657171866171	0.07106650973823923	0.23496729794732013	0.36395032171780106	2.258519091326454e-7	NaN	0.034852058306925386	-0.007321859315035462	0.14173052488717286	0.000044109710217589404	NaN	16.876190032821583	455.81753194728384	91.97051068539089	92.07230878999498	91.8687115535736	0.2035917215086492	0.00028158641715385276	37.613832546387606	026
DATA	2026-10-05T120000_AIU-1657.ghg	2026-10-05	12:30:00	278.52	1	18000	18000	0.29642875241270583	1	NaN	-12.538091532964927	2	NaN	208.23743473348867	0	NaN	1.8723774134822642	1	NaN	4.719116146283967	0	NaN	0.057966080641635866	0	NaN	NaN	NaN	NaN	NaN	NaN	NaN	NaN	NaN	NaN	-5.869085867551459e-10	-1.4325578297422276e-11	-3.00496616761023e-12	NaN	16.82363192729132	427.17047777594007	431.67134446312014	0.1	0	410.64019484515046	10.426605205351184	10.536464763702401	0.2	0	0.08613682930989158	2.0933917240676	2.115448672204865	0	0	NaN	NaN	NaN	NaN	9	302.0275757861667	294.8338508114572	97693.07322718043	1.1498160555089707	1011.2553622917527	0.02509132484701548	0.305798726279201	0.007488143020156732	1018.880336410572	2585.644425103804	0.006512470394094537	39.40527655381957	1566.7640886932322	280.4024091624394	-2.254616371801473	-0.5525197262864114	1.3509256914962298	2.685809609014599	2.2740205197960647e-13	-3.4885962156783875e-14	2.685809609014599	10.171897918746225	327.23037385452915	193.76962614547088	30.19777573646927	NaN	0.5077453780665039	3.916614713258051	895.8166876081514	0.0022360601534989455	-0.06021055507628454	-0.021237150810463495	0	15.350487844396906	-2.3294957529483584	5.2693257359054835	13.121366130235916	20.010911257065597	28.065587566551855	42.04736439434583	0.29273152132794267	1.012630109214037	-0.5201155361774488	1.0285362644522438	183.48689722952986	1.134889945155035	1.649831705246523	1.134889945155035	4.158214782349929	1.134889945155035	0.035659946138112075	1.3852544545517853	NaN	NaN	800000009	800000009	800000009	800000019	800000019	800100119	899999999	899999999	89999	89999	89	89	19	3	3	10	8	29	13	NaN	0	0	0	0	0	0	0	0	0	NaN	NaN	NaN	NaN	0	0	0	0	0	0	300	150	0	18000	0	15	18000	18000	18000	18000	93	NaN	0.7166716326247046	6.720149193029049	0.39640860086234886	0.04145487447453018	0.10857615160889648	0.26937479975076756	8.306498125662414e-8	NaN	-0.0004473120734833016	0.0418327538674277	0.10543473917053371	0.000035659946138112076	NaN	16.824879047837392	410.64988308840964	91.96409556643167	92.0794045507643	91.84879278988308	0.23060855448246148	0.0002818499848379158	39.49043165139415	058
DATA	2026-10-05T123000_AIU-1657.ghg	2026-10-05	13:00:00	278.541	1	18000	18000	0.46898262809648744	1	NaN	5.194852187076551	0	NaN	311.3112990275087	0	NaN	1.0262413991758497	0	NaN	7.058103769111166	0	NaN	0.09632357548307643	0	NaN	NaN	NaN	NaN	NaN	NaN	NaN	NaN	NaN	NaN	-8.722001246802162e-10	-2.1235846154254e-11	-4.47544072504098e-12	NaN	16.773866850148725	426.8303075105741	431.31260654956634	0.1	0	408.4008311421641	10.392228214357049	10.501360751851582	0.2	0	0.08607020876670286	2.0960847934112294	2.118096535993311	0	0	NaN	NaN	NaN	NaN	9	302.3390038019816	295.28885667531506	97663.14285067972	1.1477075721486376	1011.2481408868067	0.02513774882457085	0.45736512423840353	0.00744967088891791	1015.2099149212298	2658.4292469242378	0.006490913774291206	38.18833681941366	1643.2193320030078	280.34969646189313	-2.5494367280840944	-0.9393433199410993	1.6065618692053922	3.156427496839836	4.0431817851214635e-14	-5.199755861138738e-14	3.156427496839836	7.47740404319952	320.7736138024127	200.22638619758737	30.59598365065981	NaN	0.6392382509290715	2.1229635114282797	-4313.554277167454	-0.0004643734311175422	0.01668700173525508	0.007001989530767815	0	19.326908815452175	-2.9329329764362853	6.6343023784702275	16.520350968897528	25.194577599081317	35.33575331606321	52.93939748476702	0.4625623419797516	1.0138798288015778	22.67418054411004	1.0305074504415375	275.6172857364023	1.1295057136773485	0.9085756599094132	1.1295057136773485	6.248842908578118	1.1295057136773485	0.05768485488163608	1.3123127619038764	NaN	NaN	800000009	800000009	800000009	800000019	800001019	800011119	899999999	899999999	89999	89999	89	89	26	4	1	27	21	27	2	NaN	0	0	0	0	0	0	0	0	0	NaN	NaN	NaN	NaN	0	0	0	0	0	0	300	0	0	18000	0	15	18000	18000	18000	18000	93	NaN	0.5684120585288837	3.3242699171498424	0.3532450471778332	0.029522348936615046	0.08773304134515957	0.3571592865348237	1.2231966544653084e-7	NaN	0.01953631356483778	0.023079458058547116	0.15873186371441786	0.000057684854881636074	NaN	16.775133993673457	408.41341576659386	91.92983075502184	92.06004081832037	91.79962292586433	0.26041122901687924	0.00028230516801057903	39.248030438529135	241
DATA	2026-10-05T130000_AIU-1657.ghg	2026-10-05	13:30:00	278.562	1	18000	18000	0.26102619906964214	1	NaN	-16.823827564616803	2	NaN	310.64334643621766	0	NaN	0.779057114468682	1	NaN	7.045359392744083	0	NaN	0.15088412484852487	0	NaN	NaN	NaN	NaN	NaN	NaN	NaN	NaN	NaN	NaN	-3.9366626300563403e-11	-9.789801165332093e-13	-2.023373713183953e-13	NaN	16.742237351356582	426.85811978444343	431.4379306693389	0.1	0	416.35057442103295	10.615225410965438	10.72911741074117	0.2	0	0.0860520855863552	2.099214451988208	2.1217371703139145	0	0	NaN	NaN	NaN	NaN	9	302.6781407809787	295.6406051980574	97634.70624006886	1.1459112522518697	1011.3802936110845	0.025175023168225757	0.4565392886498166	0.0075982597475619746	1036.692421867112	2715.917367056574	0.006630757602414997	38.17098540780151	1679.2249451894622	280.65586209340483	-2.3453854193543267	-0.5894816794609264	1.5622324122740632	2.879043508823611	-1.5888903698953373e-13	-2.351336053503842e-15	2.879043508823611	7.673741205658277	326.8916914021049	194.10830859789513	32.862310304081504	NaN	0.47727266076284286	2.744447761345588	554.2743056328444	0.003613914590020467	-0.054158016766250386	-0.030415347267424526	0	13.92163673378745	-2.1126620843705086	4.778847387189046	11.900005691535313	18.148259524834035	25.45319202766922	38.133519836305204	0.2576012909340803	1.013295384208452	1.2826778824683303	1.028889944062404	276.30273114382504	1.124286195616782	0.6929348750397956	1.124286195616782	6.266517742734543	1.124286195616782	0.1064117227255376	1.3104551887298657	NaN	NaN	800000009	800000009	800000009	800000019	800000019	800000019	899999999	899999999	89999	89999	89	89	28	10	6	11	16	17	0	NaN	0	0	0	0	0	0	0	0	0	NaN	NaN	NaN	NaN	0	0	0	0	0	0	300	0	0	18000	0	15	18000	18000	18000	18000	93	NaN	0.6321549137573877	4.409579588280157	0.4471610206536315	0.038623778423401166	0.06065000141991708	0.3796339807388331	2.2060523968811782e-7	NaN	0.0011067566365484767	0.01763186799171298	0.15945281091715457	0.0001064117227255376	NaN	16.743479578963544	416.3617153674291	91.89645583661397	92.04064412159389	91.75226817448933	0.2883702961189889	0.00028375120780159093	39.60058643150329	070
DATA	2026-10-05T133000_AIU-1657.ghg	2026-10-05	14:00:00	278.583	1	18000	18000	0.8857723398488085	1	NaN	-19.958068290023284	2	NaN	295.97722091090327	0	NaN	0.6218291488871659	0	NaN	6.714258693816013	0	NaN	0.2637897186626792	0	NaN	NaN	NaN	NaN	NaN	NaN	NaN	NaN	NaN	NaN	-4.703036974213034e-10	-1.2334204741399369e-11	-2.422748414209618e-12	NaN	16.717711279026886	427.0512371651636	431.88832764698225	0.1	0	438.4394059704854	11.199863881879049	11.326721622276482	0.2	0	0.08612054022231887	2.1036729734082633	2.127500691562366	0.2	0	NaN	NaN	NaN	NaN	9	302.83682830725775	295.875178604557	97604.56573600814	1.1443952234055672	1011.7092103805853	0.02520277833694394	0.4350839633592776	0.008007908807165034	1093.4510785145749	2754.8558970260838	0.006997502823661364	39.69177043688474	1661.404818511509	281.4386422869375	-1.6373201165039823	-1.8284877996969022	1.2665033954600053	2.761922455149805	-1.0474302589878079e-13	-2.8132062431974183e-14	2.761922455149805	7.3982734690222225	292.84286783195444	228.1571321680455	27.294138001516203	NaN	0.8797778810826897	1.7762119087596437	2926.1700681403786	0.0006845466782021311	-0.06743109563837406	-0.019593576874056173	0	21.295418695564795	-3.231661945303098	7.310028119424305	18.203003607026716	27.76072904123036	38.93481720093441	58.331451019611364	0.874575046598135	1.012803124550864	-2.7725939638429757	1.0290031043157033	260.3977435907432	1.1366351214474384	0.5470789500990457	1.1366351214474384	5.9071363950691556	1.1366351214474384	0.1861105367651428	1.3861000532660241	NaN	NaN	800000009	800000009	800000009	800000019	800011019	800011119	899999999	899999999	89999	89999	89	89	14	1	0	29	28	16	5	NaN	0	0	0	0	0	0	0	0	0	NaN	NaN	NaN	NaN	0	0	0	0	0	0	300	150	0	18000	0	20	18000	18000	18000	18000	93	NaN	1.0781155017251702	1.9492746084444887	0.5250337073496286	0.04299527344042074	0.14157177662507817	0.33512838978848625	6.07485383252354e-7	NaN	-0.002394718852673449	0.013944123691008491	0.15056298645303332	0.0001861105367651428	NaN	16.718953727331353	438.4590124873557	91.86591996341282	92.02791727129619	91.70392832756042	0.3239829356678672	0.00028382923351374397	39.01298238839042	185
DATA	2026-10-05T140000_AIU-1657.ghg	2026-10-05	14:30:00	278.604	1	18000	18000	0.559955676764646	1	NaN	7.882886595788272	1	NaN	259.7192107112068	0	NaN	1.3783186333746273	0	NaN	5.893290943325802	0	NaN	0.21599319262083372	0	NaN	NaN	NaN	NaN	NaN	NaN	NaN	NaN	NaN	NaN	5.3862282468056034e-11	1.4123698894786638e-12	2.783364974244013e-13	NaN	16.67179102683723	426.5341144590066	431.35865528431583	0.1	0	437.16557433209925	11.184523055713893	11.311031548855981	0.1	0	0.08615245599652203	2.1070798767388474	2.1309131237006	0	0	NaN	NaN	NaN	NaN	9	303.25489108615454	296.1461466936877	97558.76886078742	1.1428183125279219	1011.70781050436	0.025237701258046058	0.3818852531275119	0.00798587426233814	1091.440988591156	2800.4420899757665	0.006987877403428487	38.973881748813476	1709.0011013846106	281.41153923580714	-2.131563292068257	-2.319318660963688	1.4976226170661717	3.4879327147087467	2.4610259793704738e-14	3.2307436184481815e-15	3.4879327147087467	8.130861066404298	293.5844751283141	227.41552487168588	25.42774814711753	NaN	0.6999841890504709	1.5802072801253664	-3730.222724033681	-0.0005369920640647284	0.030351573047684946	0.009740130027690589	0	20.102121678086277	-3.0505745191313753	6.90040786836017	17.18299126428092	26.20514585963136	36.75308967041994	55.06282561609236	0.5518707504266341	1.014650035958169	22.344482652244075	1.032498919773726	228.66789007395516	1.1357922208807243	1.213530615930651	1.1357922208807243	5.188705147809503	1.1357922208807243	0.1534716496175204	1.3147380084387705	NaN	NaN	800000009	800000009	800000009	800000019	800000019	800011119	899999999	899999999	89999	89999	89	89	18	0	0	25	29	20	9	NaN	0	0	0	0	0	0	0	0	0	NaN	NaN	NaN	NaN	0	0	0	0	0	0	300	0	0	18000	0	20	18000	18000	18000	18000	93	NaN	1.0749541367473858	1.7015514320563534	0.3839089914469933	0.042817582290738405	0.12158911209191364	0.31775255411518805	4.89840784706694e-7	NaN	0.01932582355293095	0.03097323695896267	0.13243258302967878	0.00015347164961752042	NaN	16.673029304815728	437.18215367094433	91.86090981313917	92.0292864841885	91.69253706444634	0.33674229173610637	0.00028424169878740535	38.16167362196423	125
DATA	2026-10-05T143000_AIU-1657.ghg	2026-10-05	15:00:00	278.624	1	18000	18000	1.756794706894085	1	NaN	-7.342608379732997	1	NaN	488.6142201171758	1	NaN	-2.3380439213453177	2	NaN	11.08954596722422	1	NaN	0.28963495530249034	1	NaN	NaN	NaN	NaN	NaN	NaN	NaN	NaN	NaN	NaN	-3.0455169052366155e-10	-7.923615957093124e-12	-1.5778790280233437e-12	NaN	16.628080528770028	426.00413721145856	430.7786647877804	0.1	1	432.61793749050054	11.083481998055598	11.20770236546277	0.1	0	0.08614990610466206	2.1091129041292236	2.1327512138138607	0	0	NaN	NaN	NaN	NaN	9	303.4447022866143	296.36912990074376	97517.8196067267	1.141522947397719	1011.6578645971117	0.025267309666394733	0.7186025786761294	0.007904456456345297	1081.1269211839292	2838.4483253988633	0.006924483186575222	38.08865962116846	1757.321404214934	281.27177321843806	-1.7017654216742595	-2.4280020633408332	1.3379986439284426	3.252912532046965	9.301196922401536e-14	-1.831550490729967e-14	3.252912532046965	9.212270360445478	286.02627789544636	234.97372210455367	24.287988164902057	NaN	1.2405611714772706	2.9102633603093246	22285.61260377669	0.00008988310241292354	-0.015027414425171965	-0.0051252360619170375	0	23.574001545813488	-3.5774456836572344	8.092191877079136	20.15070195637284	30.73109191636474	43.10079336791599	64.5728424580004	1.732373826956114	1.0140967726237702	20.605539454274155	1.0310813956072231	431.8895954645668	1.1313405677013186	-2.0666137042144648	1.1313405677013186	9.802128805259933	1.1313405677013186	0.20313635410995612	1.312995625334288	NaN	NaN	800000009	800000009	800000009	800000019	800011019	800011119	899999999	899999999	89999	89999	89	89	10	0	1	33	36	23	11	NaN	0	0	0	0	0	0	0	0	0	NaN	NaN	NaN	NaN	0	0	0	0	0	0	300	0	0	18000	0	15	18000	18000	18000	18000	93	NaN	1.966915318774171	3.0439383868571475	0.8096730149873304	0.03198235640054898	0.10476153222399642	0.40726855725870886	6.844809557704546e-7	NaN	0.017842909819415116	-0.0528031683765744	0.25045002687125195	0.00020313635410995612	NaN	16.629322369858066	432.6291701518543	91.84553078799777	92.01691906971402	91.67414651849535	0.3427659055143599	0.0002846133486713775	39.51159957175783	090
DATA	2026-10-05T150000_AIU-1657.ghg	2026-10-05	15:30:00	278.645	1	18000	18000	0.3953168074381592	1	NaN	24.460598181558208	1	NaN	246.05610377964283	0	NaN	-0.03063128263209358	2	NaN	5.585260437518445	0	NaN	0.22819872354466542	0	NaN	NaN	NaN	NaN	NaN	NaN	NaN	NaN	NaN	NaN	-8.132602775486551e-10	-2.127221238630237e-11	-4.208347764612211e-12	NaN	16.617556637385263	425.1554514170943	429.9366337256773	0.1	1	434.66059254408805	11.12066740428941	11.245727398406391	0.2	0	0.08599025337749049	2.106655040165349	2.1303459084695273	0.1	0	NaN	NaN	NaN	NaN	9	303.6367867245144	296.5155074245647	97501.69818436618	1.1407546958476096	1011.6822776359543	0.025283969147556	0.36192487635119525	0.007925750458297593	1084.5748045550838	2863.6417402890816	0.006947813133838174	37.873969683288564	1779.0669357339978	281.3186258596953	-1.0763639688840443	-1.0495639749144596	0.742835307703542	1.6768864676301551	2.5961455761575526e-14	-4.893982282082475e-14	1.6768864676301551	6.177988659203372	296.72224706245447	224.27775293754553	26.29448224199276	NaN	0.5886762397301676	1.1116786853346003	-714.7199735630473	-0.0028026361009810246	0.09941065393551081	0.036004282361159254	0	20.363603414348177	-3.0902553814121134	6.990166086882001	17.406501919619117	26.546013711697068	37.23116167962915	55.77906460201381	0.390661310367868	1.011916964763947	38.34143027100498	1.0229276771693696	223.04759290294822	1.1031551633319172	-0.027766975716794286	1.1031551633319172	5.062987169138556	1.1031551633319172	0.1606868687790387	1.3052969394381946	NaN	NaN	800000009	800000009	800000009	800000019	800001019	800001119	899999999	899999999	89999	89999	89	89	1	1	2	32	32	14	1	NaN	0	0	0	0	0	0	0	0	0	NaN	NaN	NaN	NaN	0	0	0	0	0	0	300	150	0	18000	0	20	18000	18000	18000	18000	93	NaN	0.9352063111832698	1.0252617023302433	0.26288935715568745	0.22381804986014933	0.31175792916494643	0.3326735046141491	9.703312671876164e-7	NaN	0.033222468793743666	-0.0007099566671124462	0.12945239456022672	0.0001606868687790387	NaN	16.618793704680744	434.68005017898264	91.87379825782777	92.02854601775275	91.71905316967434	0.3094874600991627	0.00028431373274846316	39.668334081755745	220
DATA	2026-10-05T153000_AIU-1657.ghg	2026-10-05	16:00:00	278.666	1	18000	18000	0.6792853840370875	0	NaN	54.73629800040174	1	NaN	49.84258895283705	2	NaN	-4.083870635928699	2	NaN	1.1313401079157204	2	NaN	0.13385250252338202	0	NaN	NaN	NaN	NaN	NaN	NaN	NaN	NaN	NaN	NaN	-1.1996360526362984e-9	-2.852999523816425e-11	-6.163356755554873e-12	NaN	16.600380899053594	424.2129125073031	428.5362952487907	0.1	1	394.7937267814832	10.088720114074821	10.19153970569708	0.1	0	0.08528759162757946	2.0881862266093485	2.1094680594507276	0.7	0	NaN	NaN	NaN	NaN	9	303.67739227549237	296.475852981826	97488.94252714512	1.1412050303525778	1011.1121985217732	0.025283895565946537	0.07331083899293868	0.0071902978358839575	983.8024792061846	2856.797504032062	0.006300618771074379	34.43724932613016	1872.9950248258774	279.89163134591354	-0.9710502588602208	-2.02041555886784	0.7680309109780561	2.3695757248854443	-8.18332156592178e-14	-7.226557390045737e-14	2.3695757248854443	8.711827084399403	276.66982723967	244.33017276033007	18.912371914955227	NaN	0.7715148618685158	1.6377159389325229	-718.8126732704001	-0.0027866787474495206	1.0981832836210677	0.061484847132264875	0	19.810352728762176	-3.006297455419632	6.800253029686897	16.933591554752258	25.824795566424033	36.219642976121854	54.263625261319014	0.6709529042653444	1.01241887428875	56.389035029445566	1.0260930087262132	44.705530017317216	1.1149088028601815	-3.662963845519883	1.1149088028601815	1.0147378018842315	1.1149088028601815	0.0889280852311794	1.3075782225315402	NaN	NaN	800000009	800000009	800000009	800000019	800001019	800011119	899999999	899999999	89999	89999	89	89	21	4	2	23	33	7	9	NaN	0	0	0	0	0	0	0	0	0	NaN	NaN	NaN	NaN	0	0	0	0	0	0	300	0	0	18000	0	20	18000	18000	18000	18000	93	NaN	1.626685141789167	1.1650037976110552	0.4837429384648236	0.09009703652389633	0.8371187485067308	0.9863147584265387	4.261314991903052e-7	NaN	0.04886879556506014	-0.09355813030934845	0.02591807495305277	0.0000889280852311794	NaN	16.60161527222187	394.799666441969	91.94894972207811	92.08205957963732	91.8158379895952	0.2662223039790969	0.0002839107123468745	39.219112689696416	092
DATA	2026-10-05T160000_AIU-1657.ghg	2026-10-05	16:30:00	278.687	1	18000	18000	0.9081853112594194	1	NaN	46.539659568275134	1	NaN	233.06133748469446	1	NaN	-1.0909028893769415	2	NaN	5.292615557448355	1	NaN	0.21673047504674434	1	NaN	NaN	NaN	NaN	NaN	NaN	NaN	NaN	NaN	NaN	7.99869106347712e-10	1.6822224919004812e-11	4.128052382726383e-12	NaN	16.526804398206377	423.6691587141605	427.47810844956746	0.1	1	347.578895812696	8.910280222820539	8.990387091113995	0.1	0	0.08529334829092795	2.0919578164913895	2.1107653270399287	0.2	0	NaN	NaN	NaN	NaN	9	303.80082206810846	296.9686671559824	97484.51618798553	1.1397690938305447	1010.4780315030425	0.02532707341926706	0.34296148812265337	0.006339589644184797	868.847353227161	2942.878332602634	0.005562170161044336	29.52372660472057	2074.030979375473	278.0968673669613	-1.4604479239643244	-1.094004016553561	0.9726978727745961	2.067823512427262	-9.607348955139087e-14	4.839829207602411e-14	2.067823512427262	6.5002456904220285	304.16355934465014	216.83644065534992	28.06006648257066	NaN	0.8926450448750148	1.9040518080866824	-1309.1189768696534	-0.0015301130266935584	0.1996884600017859	0.04526897395920893	0	23.293241137375134	-3.5348392084961264	7.9958159142560685	19.91071218201926	30.36509236803064	42.5874737973511	63.80379620222151	0.8973537020074338	1.0120706129898998	59.04701846100704	1.0245938586328116	210.0421979225867	1.1095929284199915	-0.9831559497502712	1.1095929284199915	4.769871384260524	1.1095929284199915	0.14675072605390727	1.306301427492459	NaN	NaN	800000009	800000009	800000009	800000019	800001019	800011019	899999999	899999999	89999	89999	89	89	20	16	0	28	47	8	6	NaN	0	0	0	0	0	0	0	0	0	NaN	NaN	NaN	NaN	0	0	0	0	0	0	300	0	0	18000	0	20	18000	18000	18000	18000	93	NaN	0.7233672880092978	2.652780481283159	0.43195584688090805	0.07688696741137353	0.4132659541550072	0.7834149310063113	0.0000010284705295646043	NaN	0.05126892609873983	-0.025124388311706335	0.12189327734373971	0.00014675072605390728	NaN	16.528076775107515	347.58547570523865	91.92511072773405	92.07055860900877	91.77966493373447	0.29089033106465495	0.0002848843497001023	38.30079315104367	235
DATA	2026-10-05T163000_AIU-1657.ghg	2026-10-05	17:00:00	278.708	1	18000	18000	0.7266380837368109	1	NaN	-8.12434752411161	1	NaN	401.002581951417	1	NaN	1.4923726955135788	1	NaN	9.107956020184355	1	NaN	0.19351903962853073	1	NaN	NaN	NaN	NaN	NaN	NaN	NaN	NaN	NaN	NaN	-1.351602431778114e-10	-2.7353328486553414e-12	-6.970589518032355e-13	NaN	16.517230584436874	424.2425995742616	427.9165609507895	0.2	0	334.27080570569615	8.585695698163088	8.660048237057879	0.2	0	0.08518395030359062	2.0906508727051842	2.108756010109658	0.3	0	NaN	NaN	NaN	NaN	9	304.04251207054983	297.1434895606882	97478.26456561811	1.139165739445018	1010.3049122561737	0.025343608477401254	0.5901955501079462	0.006104664979720936	837.1432113316849	2973.954339563454	0.00535889095707445	28.149161545451598	2136.811128231769	277.5649979157603	-1.6293495001899732	-1.2148540670459624	1.2132602546267452	2.3669918976296653	-4.9946069440803204e-14	-8.18298458006418e-15	2.3669918976296653	6.016043609806538	304.29153791382805	216.708462086172	30.835484523826587	NaN	0.7986667796307805	1.5286504324628327	5370.73193278978	0.0003729659243967343	-0.020260087814337076	-0.00883860025241277	0	22.1192791655214	-3.3566859500930484	7.592832758673741	18.907227145464596	28.834714371183484	40.441096896835255	60.588132484168646	0.7177273193548336	1.012415250390618	15.186312403555368	1.0260795388342618	359.6863171390919	1.1148674910431693	1.3386099312279542	1.1148674910431693	8.169541307247322	1.1148674910431693	0.13335232336819186	1.3075683710811166	NaN	NaN	800000009	800000009	800000009	800000019	800000019	800011119	899999999	899999999	89999	89999	89	89	41	10	4	35	38	22	2	NaN	0	0	0	0	0	0	0	0	0	NaN	NaN	NaN	NaN	0	1	0	0	0	0	300	150	0	18000	0	15	18000	18000	18000	18000	93	NaN	0.544029814779536	2.119756873599245	0.3935141765468843	0.08556443421132362	0.32889350661156236	0.8980709146367984	5.98393997908147e-7	NaN	0.013195108025553997	0.0342190794111902	0.2088391668282707	0.00013335232336819186	NaN	16.518496571441325	334.2710499658061	91.88000067774455	92.05781919882033	91.70218785730998	0.3556278457442908	0.0002853541234960884	39.01616703150009	051
DATA	2026-10-05T170000_AIU-1657.ghg	2026-10-05	17:30:00	278.729	1	18000	18000	1.0989311893527673	1	NaN	32.84932738756256	1	NaN	376.76019723609284	1	NaN	-3.3472111252915457	1	NaN	8.551181410571933	1	NaN	0.15851733236584378	1	NaN	NaN	NaN	NaN	NaN	NaN	NaN	NaN	NaN	NaN	-5.801024147987512e-10	-1.1507912684619583e-11	-2.987028952220725e-12	NaN	16.622216181728955	424.523473680007	428.12899640139096	0.1	1	329.74696806006006	8.42158029867149	8.493105670056977	0.2	0	0.08559012980858066	2.0934156663867682	2.111195266852744	0	0	NaN	NaN	NaN	NaN	9	304.4425768179717	296.4010592116879	97494.34021120233	1.142278589912307	1010.1946031737227	0.025276117577159845	0.5541165554050612	0.006003963192486965	821.2766544462985	2843.927195152449	0.005256128623532978	28.878258762959433	2022.6505407061504	277.292104185767	-1.8475527542243877	-2.0497492742239123	1.3477247149195897	3.0710397545502737	-1.871183131335539e-13	-3.489922212877946e-14	3.0710397545502737	8.890721425949959	293.0300916836003	227.96990831639974	26.030507161172935	NaN	0.9808424001106975	2.0666767538764867	-2460.520971048697	-0.0008140958860213493	0.08718895368604415	0.029023525775164368	0	23.10681201980832	-3.5065478706572235	7.931820831032995	19.751355376312016	30.122063184516822	42.24662191192153	63.29313796650235	1.0840863733007569	1.0136933886612853	53.464237584137805	1.030004073252839	334.0374557755648	1.1278980567054515	-2.9676539518727654	1.1278980567054515	7.58151976566891	1.1278980567054515	0.09618911055053915	1.3117211736106258	NaN	NaN	800000009	800000009	800000009	800000019	800011019	800011119	899999999	899999999	89999	89999	89	89	14	5	4	70	45	26	6	NaN	0	0	0	0	0	0	0	0	0	NaN	NaN	NaN	NaN	0	0	0	0	0	0	300	0	0	18000	0	20	18000	18000	18000	18000	93	NaN	1.1947472970697444	2.4064918852410484	0.532114325442181	0.044660218507975594	0.5201804038887693	0.7812134227213009	7.329903509694945e-7	NaN	0.046332560047122835	-0.07564801695392437	0.19325937089393624	0.00009618911055053915	NaN	16.62348355600004	329.7468440817503	91.9722756652832	92.10120767127142	91.84334571986729	0.2578559287620872	0.00028402617204442823	38.33759381224025	059
DATA	2026-10-05T173000_AIU-1657.ghg	2026-10-05	18:00:00	278.749	0	18000	18000	0.6923196655312841	1	NaN	-10.669031236089381	1	NaN	465.34332560830313	0	NaN	5.434782738950452	0	NaN	10.554778486717106	0	NaN	0.1552523979927855	1	NaN	NaN	NaN	NaN	NaN	NaN	NaN	NaN	NaN	NaN	9.138540622549793e-10	1.9098106457107276e-11	4.713546864994397e-12	NaN	16.731950469421236	426.20020253696504	430.0304454610814	0.1	0	349.6713364840237	8.906911044425124	8.986957071622129	0.1	0	0.08630134278308535	2.1047394642606774	2.123654667472937	0	0	NaN	NaN	NaN	NaN	9	303.95360191769066	295.72270694193867	97518.09717580331	1.144966990980482	1010.4424211340386	0.025212126330591774	0.6839496459392684	0.006366085020596539	868.8180055025044	2729.4909747753686	0.005560059871372361	31.830770408537667	1860.672969272864	278.0963830123805	-1.529852094533091	-2.8992941256771503	1.2585489356587087	3.511452588570912	4.251268957991378e-14	5.4617306208568396e-14	3.511452588570912	8.250432326688513	278.81898131646835	242.18101868353162	21.002741778139207	NaN	0.7776010724280163	1.4136689777923572	3775.7526807785575	0.0005305167391384761	-0.022927225231269145	-0.01185942406443349	0	20.970244730972517	-3.1823155416470357	7.198406419994216	17.925049792875264	27.336831936817525	38.34029548474293	57.44074915271556	0.6822851142869757	1.0147072697823623	15.932929418386518	1.0326421120504767	409.5485825040264	1.1362347362140564	4.783151373332586	1.1362347362140564	9.289258768734458	1.1362347362140564	0.09973111481480237	1.314918455026114	NaN	NaN	800000009	800000009	800000009	800000019	800000019	800001119	899999999	899999999	89999	89999	89	89	10	5	0	20	23	37	3	NaN	0	0	0	0	0	0	0	0	0	NaN	NaN	NaN	NaN	0	0	0	0	0	0	300	0	0	18000	0	20	18000	18000	18000	18000	93	NaN	1.2192182627710417	1.1818725106453427	0.4262471821683303	0.07999803908453043	1.8704030504758025	0.9121440419655716	2.761545893745845e-7	NaN	0.013771812306829282	0.12167747786420752	0.2363072982614113	0.00009973111481480237	NaN	16.73319801134533	349.67703200359045	92.00097405878702	92.1101120753818	91.89183969751994	0.2182661848639464	0.00028352804584655026	39.505269546084925	028
DATA	2026-10-05T180000_AIU-1657.ghg	2026-10-05	18:30:00	278.77	0	18000	18000	0.3053463201504354	1	NaN	-48.19052141383021	2	NaN	268.27260970713286	1	NaN	6.706393651526654	2	NaN	6.074210362674744	1	NaN	0.09305241951310267	0	NaN	NaN	NaN	NaN	NaN	NaN	NaN	NaN	NaN	NaN	-1.3977100017156984e-11	-3.482404355697364e-13	-7.097677718334458e-14	NaN	17.042930645987965	431.42933317840277	436.1171972076721	0.1	1	424.6258225424702	10.749092352432616	10.865890816308566	0.1	1	0.08654529834705528	2.095047920983562	2.1178124829479037	0.1	0	NaN	NaN	NaN	NaN	9	302.71241365814205	293.90947829251917	97542.9232894156	1.151518567451052	1011.409873038425	0.02505116024946072	0.3936088315013234	0.007732122807118682	1048.7791392241136	2443.1225132134173	0.006714718308219858	42.92781608584433	1394.3433739893037	280.8256682371677	-0.8570926715001872	-2.6910289341813938	0.8585953463761158	2.9518520526881713	3.0678056261315938e-15	-8.201113005436831e-16	2.9518520526881713	5.679119864578257	268.6666763493639	252.3333236506361	16.909848791331992	NaN	0.5149450321616718	0.5945350928836465	242.8677587726955	0.008247698295246915	-0.17963265600032263	-0.0803530967449881	0	19.552583822926948	-2.9671800294803328	6.711769305703523	16.713254571019924	25.488767763803907	35.74835920507913	53.557556293149915	0.3012353819609569	1.0136469300608628	-31.920611552969984	1.0310034735046327	234.35065321491552	1.1447487174747006	5.858398047670115	1.1447487174747006	5.306151708188296	1.1447487174747006	0.06697909661917614	1.3984653028372063	NaN	NaN	800000009	800000009	800000009	800000019	800000019	800000019	899999999	899999999	89999	89999	89	89	12	2	1	16	12	4	12	NaN	0	0	0	0	0	0	0	0	0	NaN	NaN	NaN	NaN	0	0	0	0	0	0	300	150	0	18000	0	20	18000	18000	18000	18000	93	NaN	0.6107306264483944	0.3556663744318873	0.2226731848870113	0.5372138374101878	29.06335087083309	2.4583784647223754	3.054161197235812e-7	NaN	-0.027407730132492834	0.14835477523302498	0.13436999971923602	0.00006697909661917614	NaN	17.044075014538368	424.5761259333182	92.0270824347602	92.0980983742608	91.95606796773276	0.14202933535518203	0.0002812875864199466	38.947322333865685	041
DATA	2026-10-05T183000_AIU-1657.ghg	2026-10-05	19:00:00	278.791	0	18000	18000	0.21160764466238127	0	NaN	-270.78279880259504	1	NaN	841.4234223344712	1	NaN	67.99740136597711	1	NaN	19.031655398850635	1	NaN	0.07103691355580212	1	NaN	NaN	NaN	NaN	NaN	NaN	NaN	NaN	NaN	NaN	1.591759316776637e-9	4.0850728241408965e-11	8.067067814532534e-12	NaN	17.23309229828748	434.5310886314352	439.4315217134327	0.1	1	442.268100972734	11.151755938876809	11.277520090522092	0.1	1	0.0873376538520311	2.1042955508417873	2.1280267861928017	0	0	NaN	NaN	NaN	NaN	9	302.02440830654564	292.83373753951776	97573.32637182204	1.155932221974035	1011.6062190887613	0.024951693095159648	1.2332512698455211	0.008053747883772692	1088.405796883833	2285.9538924928765	0.0069673184384625615	47.61276246464034	1197.5480956090435	281.37053069546295	-0.9780248258317075	-2.6859557286076052	0.9734911701649787	3.0196979640970336	-4.124246934365e-15	9.236643599563476e-14	3.0196979640970336	6.5029625446565325	271.00785227120093	249.99214772879904	18.80693726974752	NaN	0.4278578373122761	0.7634359290828979	24.799379322603958	0.0807721828011328	-0.32181514278664464	-0.5412248398051434	0	16.36275395017275	-2.4831110398474734	5.616803933134013	13.986635972455371	21.33050236169682	29.916332853625864	44.820118084329586	0.20783028994678576	1.0181751885952846	-216.01704301559798	1.0402277430565428	709.5225876893361	1.1859008253348062	57.33818538053546	1.1859008253348062	16.04826895493354	1.1859008253348062	0.07036810314477862	1.5074089650571871	NaN	NaN	800000009	800000009	800000009	800000019	800000019	810001119	899999999	899999999	89999	89999	89	89	24	7	1	0	1	0	0	NaN	0	0	0	0	0	0	0	0	0	NaN	NaN	NaN	NaN	0	0	0	0	0	0	300	0	0	18000	0	15	18000	18000	18000	18000	93	NaN	0.8837357626387069	0.4031895233984474	0.23994657212864165	0.8997177755218395	50.60585442348557	2.862634856067363	1.225374975448977e-7	NaN	-0.18473286098381433	1.4468237576225385	0.40494858075149714	0.00007036810314477862	NaN	17.234332153589026	442.24153830927384	92.049351691352	92.08892027367486	92.00978409110175	0.0791352552197285	0.000280560880888111	38.6394595489502	195
DATA	2026-10-05T190000_AIU-1657.ghg	2026-10-05	19:30:00	278.812	0	18000	18000	0.8711245862923281	1	NaN	-31.672086930134373	2	NaN	445.7024267706366	0	NaN	8.442152711199501	0	NaN	10.085442895261835	0	NaN	0.12932635150814442	0	NaN	NaN	NaN	NaN	NaN	NaN	NaN	NaN	NaN	NaN	2.7905828121809046e-10	6.583776032767396e-12	1.4418171927790683e-12	NaN	17.003566488087536	428.7063146755621	433.0867259391539	0.1	0	401.1623415266	10.114397420269173	10.217743741206199	0.2	0	0.08785273955703457	2.120019461494897	2.141681277078822	0	0	NaN	NaN	NaN	NaN	9	302.3327633590698	293.28179328875353	97603.60511520127	1.1549792134216672	1011.0439644988643	0.024982118503970478	0.6535366996129669	0.0072956760895647906	987.4664581788658	2350.3065545409486	0.006316716357129138	42.01436856273131	1362.840096362083	279.9457285183448	-1.4082180391445376	-3.39157413878976	1.2559545697146814	3.8811435255432536	5.5433310369929134e-15	1.6411749935732297e-14	3.8811435255432536	9.434896619818371	273.54875022967894	247.4512497703211	18.881035794629113	NaN	0.8684664616493972	1.649996880163122	1773.2570141561594	0.0011296162846158068	-0.07106106008804207	-0.031230534713442278	0	20.561337385182323	-3.120262274348737	7.058041760407221	17.575521943868527	26.80377991320014	37.592682442329426	56.32068858224706	0.8576660869591665	1.0156920036104942	-6.233988389055407	1.0363754686207365	383.00716119700166	1.163692149717763	7.254627190917311	1.163692149717763	8.66676199346014	1.163692149717763	0.08056089598965256	1.4010690262996588	NaN	NaN	800000009	800000009	800000009	800000019	800001019	800011119	899999999	899999999	89999	89999	89	89	25	6	0	37	28	13	17	NaN	0	0	0	0	0	0	0	0	0	NaN	NaN	NaN	NaN	0	0	0	0	0	0	300	0	0	18000	0	15	18000	18000	18000	18000	93	NaN	1.4712159305833725	1.2702635631018202	0.5585142666410513	0.09185613491107993	3.7420954767513375	0.4439543327151632	1.561828566064705e-7	NaN	-0.005338531135128608	0.18308828055127122	0.21872695998994324	0.00008056089598965256	NaN	17.004853379203855	401.17495094313756	92.1034952322642	92.13447421942817	92.07251534356013	0.06195217670039597	0.0002802318505321941	39.475481049961495	238
DATA	2026-10-05T193000_AIU-1657.ghg	2026-10-05	20:00:00	278.833	0	18000	18000	1.2265289167133917	1	NaN	23.413499268093666	1	NaN	523.6910388772789	0	NaN	11.694884643494738	1	NaN	11.847176561717362	0	NaN	0.03356611773890805	2	NaN	NaN	NaN	NaN	NaN	NaN	NaN	NaN	NaN	NaN	8.619862696369382e-10	2.0767158594264583e-11	4.4730660578835484e-12	NaN	17.00061778451281	428.3372150072179	432.8035714127062	0.1	0	409.58253996337584	10.3195923058347	10.427196724928699	0.3	0	0.08822053094533067	2.126517270333303	2.1486908842500263	0	1	NaN	NaN	NaN	NaN	9	302.0687748446994	293.0190532740361	97631.18133165607	1.1562513899779623	1011.1507449592978	0.02495268802130567	0.767697041199285	0.007452465897804554	1007.7842426414933	2312.380651780672	0.006445368163359869	43.582108415646836	1304.5964091391788	280.24253654487075	-1.9276964217885235	-2.2360388705533896	1.5896551605505465	3.3530414334849543	1.0042116228693567e-13	5.070323211561105e-14	3.3530414334849543	9.423095480246552	291.76473272576516	229.23526727423484	28.30034452875368	NaN	1.0299419840924178	2.2462294890237433	-4001.850005110218	-0.0005005434979927067	0.044708611623924234	0.01944399005232172	0	22.091703705942326	-3.352501267715119	7.58336699574084	18.883656057365357	28.798766974585845	40.39068016198295	60.512599028227946	1.2092030498745276	1.0143283353781334	52.21159912000911	1.03168217621444	462.12008730574576	1.1332358260609365	10.319903743376605	1.1332358260609365	10.45429052741606	1.1332358260609365	-0.008284022378430768	1.3137259890466417	NaN	NaN	800000009	800000009	800000009	800000019	800000019	800001019	899999999	899999999	89999	89999	89	89	45	17	9	16	23	7	19	NaN	0	0	0	0	0	0	0	0	0	NaN	NaN	NaN	NaN	0	0	0	0	0	0	300	150	0	18000	0	15	18000	18000	18000	18000	93	NaN	1.5773006035610095	2.258697169440953	0.6564612050455235	0.10317964517055127	2.0243779064732763	0.6043371425964006	1.2804135819489405e-7	NaN	0.044657953879311124	0.2601951668116335	0.26358345342359607	-0.000008284022378430767	NaN	17.001843737549247	409.58958984466574	92.0987392247518	92.1327475159963	92.06472704823811	0.06801908662066786	0.0002794582147422868	38.92668787410523	001
DATA	2026-10-05T200000_AIU-1657.ghg	2026-10-05	20:30:00	278.854	0	18000	18000	0.9595158623132652	1	NaN	-15.989963941637996	1	NaN	554.4106312602937	0	NaN	15.453086866851848	0	NaN	12.532326751006604	0	NaN	0.11054620733940967	1	NaN	NaN	NaN	NaN	NaN	NaN	NaN	NaN	NaN	NaN	2.7777960413969845e-10	6.886098857974125e-12	1.4475648223740856e-12	NaN	17.103511573579507	429.60846498940623	434.2330051879883	0	0	423.9925097414351	10.649904874411844	10.76454626818421	0.2	0	0.08912980407492567	2.140855674932863	2.1639010148991824	0.1	0	NaN	NaN	NaN	NaN	9	301.4557891718547	292.2094782045872	97657.51559057203	1.1596221375135582	1011.3137043352159	0.02487703672473394	0.8120947734652278	0.007714395056316097	1040.3222319033853	2198.866833242379	0.006652507577043303	47.31174331141096	1158.5446013389937	280.7070399355553	-2.2552832901130064	-2.4667336473106074	1.865277898724478	3.8275761579500305	-4.72341686065919e-14	1.6241086103557585e-14	3.8275761579500305	10.10484718438369	293.4360267976564	227.56397320234365	29.164987235018586	NaN	0.9096363996204302	2.047335958596882	4037.79261943707	0.0004960878848402231	-0.02884137323501426	-0.014989158908841694	0	20.973675674464992	-3.182836200558683	7.19958415187001	17.927982511769493	27.34130451817467	38.34656834369047	57.45014703848354	0.9448675084828208	1.0155030770969842	15.33663088665467	1.0345856563624893	485.36623860709346	1.142252153448794	13.528612592407422	1.142252153448794	10.971593892966485	1.142252153448794	0.06069932869784598	1.3174175209506045	NaN	NaN	800000009	800000009	800000009	800000019	800101019	800111019	899999999	899999999	89999	89999	89	89	39	25	10	18	34	2	17	NaN	0	0	0	0	0	0	0	0	0	NaN	NaN	NaN	NaN	0	0	0	0	0	0	300	0	0	18000	0	15	18000	18000	18000	18000	93	NaN	1.249502148858976	2.262119690711869	0.5830500776229197	0.0673335384006579	1.9961489253203808	0.4841503142188477	1.2154121173456747e-7	NaN	0.013077585719262371	0.3401756018845731	0.27587962406933125	0.000060699328697845976	NaN	17.10479468404932	424.0088682932413	92.12050317849054	92.13342564794752	92.10758262337579	0.02584244839891541	0.0002790819591690604	36.022724027247556	020
DATA	2026-10-05T203000_AIU-1657.ghg	2026-10-05	21:00:00	278.874	0	18000	18000	0.15292845479136458	0	NaN	-12.352255405944158	2	NaN	259.9597376594498	0	NaN	3.7101165724878324	1	NaN	5.873237407573086	0	NaN	0.04841706748651654	0	NaN	NaN	NaN	NaN	NaN	NaN	NaN	NaN	NaN	NaN	1.0303407155613686e-9	2.5686339781934063e-11	5.3935026923076205e-12	NaN	17.16865704434459	430.0199708547429	434.6799025141397	0	0	428.01371602621515	10.720375228862256	10.836547079742324	0.2	0	0.08987240491755893	2.153362474269413	2.176697488101584	0	1	NaN	NaN	NaN	NaN	9	301.2056339704726	291.6638698185636	97721.16065104166	1.162517469542905	1011.3398551307274	0.024814414785050854	0.38058578401073595	0.007785038116249087	1047.888519603811	2125.145254085513	0.006696706346537844	49.3090304104759	1077.256734481702	280.8132150054209	-1.116903294848153	-0.16959183045027498	0.7415409033716055	1.3513390656571258	9.671408138234305e-14	6.001288935413653e-14	1.3513390656571258	5.741722480872561	332.3660960545782	188.6339039454218	33.28097489961546	NaN	0.36269736984651924	1.1696864698326024	331.4947016511176	0.006042630515730436	-0.047516032740907564	-0.028967115195652506	0	13.512635852739477	-2.050594622735981	4.6384506199748525	11.550397889997043	17.615085568561366	24.705407972972964	37.013203058274605	0.1510848107636355	1.0122027093154544	2.8911706576709966	1.0219129254562986	236.66111541909055	1.098447191880681	3.377601217347228	1.098447191880681	5.346854587991033	1.098447191880681	0.02723641471070353	1.305268024129642	NaN	NaN	800000009	800000009	800000009	800000019	800011019	800011019	899999999	899999999	89999	89999	89	89	10	6	2	6	12	0	5	NaN	0	0	0	0	0	0	0	0	0	NaN	NaN	NaN	NaN	0	0	0	0	0	0	300	0	0	18000	0	15	18000	18000	18000	18000	93	NaN	0.7079411894116372	1.3532073622879928	0.27822438796557447	0.13649638195169383	2.8567518388030506	0.3988166222037551	8.506568656982904e-8	NaN	0.0024591052520007007	0.08472168951536703	0.1341172403541986	0.00002723641471070353	NaN	17.169986480487385	428.0368767102575	92.1458140059577	92.14038449647691	92.15124625396729	-0.010862295777795947	0.00027813240040915033	38.34503030689743	123
DATA	2026-10-05T210000_AIU-1657.ghg	2026-10-05	21:30:00	278.895	0	18000	18000	0.4519132973157825	1	NaN	36.9815084656114	1	NaN	396.76109034640865	1	NaN	10.840130822262788	1	NaN	8.954943448772536	1	NaN	-0.01640480494395367	2	NaN	NaN	NaN	NaN	NaN	NaN	NaN	NaN	NaN	NaN	1.4186954163046673e-10	3.750955531479658e-12	7.385778664223685e-13	NaN	17.36546838205645	433.30488429690587	438.32650688252346	0.1	0	459.1337854186838	11.456351616361284	11.58912065753848	0.1	1	0.09040524442132969	2.1565580235194672	2.1815506346590174	0	1	NaN	NaN	NaN	NaN	9	300.382778980679	290.6188362664692	97758.85891507768	1.166821703869236	1011.7238197085712	0.02471596980094011	0.5802803354804603	0.008352634403046977	1120.2602787224412	1989.9656708981972	0.007158449637463244	56.29545750991759	869.7053921757561	281.7959859267108	-1.6800739064394559	-0.9653619275978229	1.271949672445685	2.317849855273041	-5.078743740375795e-14	8.169635192625095e-15	2.317849855273041	5.9546355008309	311.11854378478665	209.88145621521338	33.28217413963503	NaN	0.6223365540848285	1.1862592352778139	-559.5566071984509	-0.003579798673147622	0.09320850598863706	0.0503376384764108	0	23.172603250089313	-3.516531943676555	7.9544048313872935	19.8075927304226	30.207828697899295	42.366909263911865	63.47335033900926	0.44640098972642644	1.0123483319173066	58.716292588849576	1.0258259382980428	356.1630219640515	1.1139873200718038	9.730928374987311	1.1139873200718038	8.038640375363816	1.1139873200718038	-0.04499892924480669	1.307333178675922	NaN	NaN	800000009	800000009	800000009	800000019	800000019	800000019	899999999	899999999	89999	89999	89	89	42	9	1	19	8	2	18	NaN	0	0	0	0	0	0	0	0	0	NaN	NaN	NaN	NaN	0	0	0	0	0	0	300	150	0	18000	0	15	18000	18000	18000	18000	93	NaN	0.6720707646085551	1.4877464162231169	0.212701289723956	0.08771259479254274	2.565061468384048	0.5142825918926052	2.991520034814402e-7	NaN	0.049738439113871026	0.2432973798459601	0.20098597641281185	-0.00004499892924480669	NaN	17.366786726991812	459.140689921279	92.12949511951871	92.09777730136447	92.1612130525377	-0.06343573950805113	0.00027732559555766376	38.57453386147816	122
DATA	2026-10-05T213000_AIU-1657.ghg	2026-10-05	22:00:00	278.916	0	18000	18000	0.36103798159145817	1	NaN	-9.328947934477545	2	NaN	282.6005561079378	1	NaN	13.619553338868238	1	NaN	6.374028242094549	1	NaN	0.03890542657303888	1	NaN	NaN	NaN	NaN	NaN	NaN	NaN	NaN	NaN	NaN	-1.0279600971918216e-9	-2.704759544930529e-11	-5.359031163958354e-12	NaN	17.529589914667543	436.11224165800996	441.17469786919395	0.1	1	461.23702437418103	11.474946853559022	11.608149755066565	0.1	1	0.09138644476642903	2.1730594954841695	2.198284695534419	1.2	0	NaN	NaN	NaN	NaN	9	299.9028160883586	289.9191585251049	97793.3246299923	1.170041761204265	1011.7187086005166	0.0246477752249204	0.41303703008772674	0.008389339157677053	1122.4742138444672	1903.7279867477585	0.007170119422953185	58.96190115700566	781.2537729032913	281.82515764753435	-0.8778249329609277	-0.9037640572851846	0.7224915040297822	1.4523636106581035	-8.830308987172748e-14	-5.86414229993878e-14	1.4523636106581035	5.391815449414789	295.1658584812152	225.8341415187848	29.832037734638668	NaN	0.5554893856841482	1.1719875739504086	1577.7979455151387	0.0012695541946253475	-0.033011074227732244	-0.014187169600186282	0	22.704559310522068	-3.44550447012215	7.7937404928140745	19.407515810499724	29.597686151680076	41.51117566742469	62.19130547639386	0.3567359904687827	1.0120593134351885	7.0598430913114685	1.0221797070921759	256.95075852975464	1.0998237861796891	12.38339587669463	1.0998237861796891	5.79549953564394	1.0998237861796891	0.017513381600355597	1.305176096307226	NaN	NaN	800000009	800000009	800000009	800000019	800001019	800011019	899999999	899999999	89999	89999	89	89	0	2	0	12	12	0	10	NaN	0	0	0	0	0	0	0	0	0	NaN	NaN	NaN	NaN	0	4	0	0	0	0	300	0	0	18000	0	15	18000	18000	18000	18000	93	NaN	1.3926621265322794	0.7729826129689649	0.17833040839957304	0.18525691500234087	9.07458117062439	0.7337187915754988	1.9304756481303363e-7	NaN	0.005963948778521073	0.3087671956457569	0.14450479955621895	0.000017513381600355596	NaN	17.530980886025596	461.27486919303993	92.13869995117187	92.08402371427749	92.1933763309055	-0.10935185395077193	0.00027671698115429744	37.805500632984604	077
DATA	2026-10-05T220000_AIU-1657.ghg	2026-10-05	22:30:00	278.937	0	18000	18000	0.37111354656768114	1	NaN	54.27986666515204	1	NaN	135.72788997378365	1	NaN	-0.4131967044242482	2	NaN	3.0597225989817782	1	NaN	0.023268622465787873	2	NaN	NaN	NaN	NaN	NaN	NaN	NaN	NaN	NaN	NaN	-2.4530027249851417e-10	-6.695543542819205e-12	-1.2765739325517217e-12	NaN	17.642710805378083	437.8773739015349	443.17418848980117	0.1	1	481.56301339408975	11.951992525368318	12.09657064732777	0.1	1	0.09181491925913239	2.1782837014515772	2.204633464136109	0	1	NaN	NaN	NaN	NaN	9	299.514020149231	289.37396784076134	97826.74838610255	1.1724343607676715	1011.972245104459	0.024593019887900823	0.19827002441401922	0.008757562510787817	1169.5381976042188	1838.8207982095523	0.007469554632511497	63.60261961051291	669.2826006053335	282.4335945964087	-1.321327478038986	-0.9465711791841284	1.0476266082245727	1.9337592434796722	7.596366484606696e-14	-1.390377449386851e-14	1.9337592434796722	4.598819271402298	305.3829856803243	215.61701431967575	32.80329054096493	NaN	0.562612186218899	0.8557046924786751	-281.826279803836	-0.007107569959033804	0.3999168238424424	0.08131534295424839	0	25.448545674108686	-3.861914987163563	8.735662216161671	21.75303408314126	33.17474951076886	46.5280578896255	69.70750924088571	0.36672280524093065	1.0119729159572333	60.93781276934471	1.0239809184633264	122.5738707753643	1.1073150347232332	-0.3731518957723935	1.1073150347232332	2.763190693736528	1.1073150347232332	-0.003864001896204229	1.3058630361306331	NaN	NaN	800000009	800000009	800000009	800000019	800000019	800000019	899999999	899999999	89999	89999	89	89	21	0	0	5	6	1	4	NaN	0	0	0	0	0	0	0	0	0	NaN	NaN	NaN	NaN	0	7	0	0	0	0	300	0	0	18000	0	15	18000	18000	18000	18000	93	NaN	0.8495018822534525	0.724371177974462	0.13753632472943556	0.23053894270165948	8.272372615549541	0.37675522875948997	1.7477215359295657e-7	NaN	0.05136055673523427	-0.009287971537525405	0.06877745177485081	-0.000003864001896204229	NaN	17.644157075545493	481.59207818640243	92.10232401869033	92.02583162434897	92.17881565178766	-0.1529852183105204	0.00027584682236516127	38.17047321075862	194
DATA	2026-10-05T223000_AIU-1657.ghg	2026-10-05	23:00:00	278.958	0	18000	18000	0.6739487406618366	1	NaN	71.10879135087738	1	NaN	56.14899802670802	2	NaN	2.5398367595767275	2	NaN	1.26488007012508	2	NaN	-0.03160094102411608	1	NaN	NaN	NaN	NaN	NaN	NaN	NaN	NaN	NaN	NaN	-8.373581363427262e-10	-2.2765146067851356e-11	-4.339306731324316e-12	NaN	17.776642119208393	440.03340955047685	445.3613253019668	0.1	0	483.2912428691816	11.963130718361091	12.107980066633537	0.1	1	0.0921210405205307	2.17833030402084	2.204705483920468	0.1	0	NaN	NaN	NaN	NaN	9	298.96652636888285	288.64277700133243	97845.94021605756	1.1756299944736432	1011.9631323571454	0.024526066617480868	0.08196422854410518	0.008789653171897418	1170.8577590415414	1754.821125860795	0.007476547224224871	66.72234233943352	583.9633668192537	282.4503405301902	-1.5704881078307926	0.4746863809419723	0.9787859108787876	1.9104402415213773	3.797635988230015e-13	-4.710440423604671e-14	1.9104402415213773	5.179462957061829	357.8176542597647	163.18234574023532	30.81950626341533	NaN	0.7571433357261054	1.506678668102206	-524.395492688452	-0.0038198268824367245	1.2664302810364227	0.07894231249307318	0	25.46980200664144	-3.8651407176328645	8.742958827266229	21.77120367648419	33.20245928704929	46.566921244854925	69.76573362884993	0.6659834951524058	1.0119601244886827	72.90560806300815	1.023878345740064	50.725121554168574	1.106926830461064	2.294493809061272	1.106926830461064	1.1426952851059038	1.106926830461064	-0.047515325513771786	1.3057932844176636	NaN	NaN	800000009	800000009	800000009	800000019	800000019	800000019	899999999	899999999	89999	89999	89	89	19	3	0	22	11	0	7	NaN	0	0	0	0	0	0	0	0	0	NaN	NaN	NaN	NaN	0	0	0	0	0	0	300	150	0	18000	0	15	18000	18000	18000	18000	93	NaN	0.1441346924798022	2.620652563589643	0.2485700801349667	0.20158930792192845	16.352115344772738	0.5404482754156804	4.616036998862059e-8	NaN	0.061280963919960664	0.05695646846427756	0.02836524888992414	-0.00004751532551377179	NaN	17.778069095536328	483.32401948966117	92.08588921610513	91.98304122924803	92.18873749118382	-0.20569611816191008	0.0002750222097610176	37.62977284452649	231
DATA	2026-10-05T230000_AIU-1657.ghg	2026-10-05	23:30:00	278.979	0	18000	18000	0.16688692863246626	1	NaN	23.40337192105078	1	NaN	165.9026844748344	1	NaN	11.54036701671126	1	NaN	3.7345087604970035	1	NaN	0.03707529816847927	2	NaN	NaN	NaN	NaN	NaN	NaN	NaN	NaN	NaN	NaN	3.5771817879582075e-10	1.0122397509123855e-11	1.8430182387082663e-12	NaN	17.996109773491067	444.2547666471576	449.9106539973116	0.1	0	509.23824268120666	12.571134512826514	12.731179887701806	0.1	1	0.09271868332213376	2.1852774142617815	2.2130985741272804	0	1	NaN	NaN	NaN	NaN	9	298.4228493915134	287.85921227177494	97854.9931461824	1.1786669014450044	1012.2864339732985	0.02445722404019099	0.24199616768020582	0.009262369573514707	1230.478255846723	1668.5608093200956	0.007858343661096587	73.74488535111391	438.0825534733726	283.1901363967736	-1.326300601422841	1.034884259829915	0.8280992136557983	1.8750485391679352	-3.6370765202730647e-14	1.9877528160155636e-14	1.8750485391679352	3.4528581055887013	18.964161667176654	142.03583833282332	26.208661060491284	NaN	0.37628388295102055	0.34754948980917105	-195.60657754847335	-0.010240453184676833	0.14106686697164816	0.05212766991268293	0	17.444582198936118	-2.64728265031741	5.988160563022431	14.911366488250506	22.740774745274017	31.89425992378867	47.78341326093558	0.16491723319360813	1.0119435391966938	32.3621352948098	1.0237250290028521	149.95669997316762	1.1063372593856764	10.431147390913472	1.1063372593856764	3.3755608688174257	1.1063372593856764	0.013706501177920419	1.3056977023331255	NaN	NaN	800000009	800000009	800000009	800000019	800000019	800000019	899999999	899999999	89999	89999	89	89	33	4	1	29	4	0	6	NaN	0	0	0	0	0	0	0	0	0	NaN	NaN	NaN	NaN	0	4	0	0	0	0	300	0	0	18000	0	15	18000	18000	18000	18000	93	NaN	0.1939082722002628	0.3430526610811403	0.15813804633693895	0.11174044548210979	4.153995930073363	0.2670498085631205	4.898931136703777e-8	NaN	0.027123308541523377	0.25836573031339766	0.08360818004058206	0.000013706501177920419	NaN	17.99753949467342	509.27322693396763	91.97795041910805	91.84356446499297	92.112336306466	-0.2687669694763137	0.0002747538357329582	38.173266177548314	199
