DATAH	filename	date	time	DOY	daytime	file_records	used_records	Tau	qc_Tau	rand_err_Tau	H	qc_H	rand_err_H	LE	qc_LE	rand_err_LE	co2_flux	qc_co2_flux	rand_err_co2_flux	h2o_flux	qc_h2o_flux	rand_err_h2o_flux	ch4_flux	qc_ch4_flux	rand_err_ch4_flux	none_flux	qc_none_flux	rand_err_none_flux	H_strg	LE_strg	co2_strg	h2o_strg	ch4_strg	none_strg	co2_v-adv	h2o_v-adv	ch4_v-adv	none_v-adv	co2_molar_density	co2_mole_fraction	co2_mixing_ratio	co2_time_lag	co2_def_timelag	h2o_molar_density	h2o_mole_fraction	h2o_mixing_ratio	h2o_time_lag	h2o_def_timelag	ch4_molar_density	ch4_mole_fraction	ch4_mixing_ratio	ch4_time_lag	ch4_def_timelag	none_molar_density	none_mole_fraction	none_mixing_ratio	none_time_lag	none_def_timelag	sonic_temperature	air_temperature	air_pressure	air_density	air_heat_capacity	air_molar_volume	ET	water_vapor_density	e	es	specific_humidity	RH	VPD	Tdew	u_unrot	v_unrot	w_unrot	u_rot	v_rot	w_rot	wind_speed	max_wind_speed	wind_dir	yaw	pitch	roll	u*	TKE	L	(z-d)/L	bowen_ratio	T*	model	x_peak	x_offset	x_10%	x_30%	x_50%	x_70%	x_90%	un_Tau	Tau_scf	un_H	H_scf	un_LE	LE_scf	un_co2_flux	co2_scf	un_h2o_flux	h2o_scf	un_ch4_flux	ch4_scf	un_none_flux	un_none_scf	spikes_hf	amplitude_resolution_hf	drop_out_hf	absolute_limits_hf	skewness_kurtosis_hf	skewness_kurtosis_sf	discontinuities_hf	discontinuities_sf	timelag_hf	timelag_sf	attack_angle_hf	non_steady_wind_hf	u_spikes	v_spikes	w_spikes	ts_spikes	co2_spikes	h2o_spikes	ch4_spikes	none_spikes	head_detect_LI-7200	t_out_LI-7200	t_in_LI-7200	aux_in_LI-7200	delta_p_LI-7200	chopper_LI-7200	detector_LI-7200	pll_LI-7200	sync_LI-7200	chopper_LI-7500	detector_LI-7500	pll_LI-7500	sync_LI-7500	not_ready_LI-7700	no_signal_LI-7700	re_unlocked_LI-7700	bad_temp_LI-7700	laser_temp_unregulated_LI-7700	block_temp_unregulated_LI-7700	motor_spinning_LI-7700	pump_on_LI-7700	top_heater_on_LI-7700	bottom_heater_on_LI-7700	calibrating_LI-7700	motor_failure_LI-7700	bad_aux_tc1_LI-7700	bad_aux_tc2_LI-7700	bad_aux_tc3_LI-7700	box_connected_LI-7700	mean_value_RSSI_LI-7200	mean_value_LI-7500	u_var	v_var	w_var	ts_var	co2_var	h2o_var	ch4_var	none_var	w/ts_cov	w/co2_cov	w/h2o_cov	w/ch4_cov	w/none_cov	co2_mean	h2o_mean	avg_signal_strength_7200_mean	co2_signal_strength_7200_mean	h2o_signal_strength_7200_mean	delta_signal_strength_7200_mean	flowrate_mean	rssi_77_mean	CHK
DATAU		[yyyy-mm-dd]	[HH:MM]	[ddd.ddd]	[1=daytime]	[#]	[#]	[kg+1m-1s-2]	[#]	[kg+1m-1s-2]	[W+1m-2]	[#]	[W+1m-2]	[W+1m-2]	[#]	[W+1m-2]	[µmol+1s-1m-2]	[#]	[µmol+1s-1m-2]	[mmol+1s-1m-2]	[#]	[mmol+1s-1m-2]	[µmol+1s-1m-2]	[#]	[µmol+1s-1m-2]	[µmol+1s-1m-2]	[#]	[µmol+1s-1m-2]	[W+1m-2]	[W+1m-2]	[µmol+1s-1m-2]	[mmol+1s-1m-2]	[µmol+1s-1m-2]	[µmol+1s-1m-2]	[µmol+1s-1m-2]	[mmol+1s-1m-2]	[µmol+1s-1m-2]	[µmol+1s-1m-2]	[mmol+1m-3]	[µmol+1mol_a-1]	[µmol+1mol_d-1]	[s]	[1=default]	[mmol+1m-3]	[mmol+1mol_a-1]	[mmol+1mol_d-1]	[s]	[1=default]	[mmol+1m-3]	[µmol+1mol_a-1]	[µmol+1mol_d-1]	[s]	[1=default]	[mmol+1m-3]	[µmol+1mol_a-1]	[µmol+1mol_d-1]	[s]	[1=default]	[K]	[K]	[Pa]	[kg+1m-3]	[J+1kg-1K-1]	[m+3mol-1]	[mm]	[kg+1m-3]	[Pa]	[Pa]	[kg+1kg-1]	[%]	[Pa]	[K]	[m+1s-1]	[m+1s-1]	[m+1s-1]	[m+1s-1]	[m+1s-1]	[m+1s-1]	[m+1s-1]	[m+1s-1]	[deg_from_north]	[deg]	[deg]	[deg]	[m+1s-1]	[m+2s-2]	[m]	[#]	[#]	[K]	[0=KJ/1=KM/2=HS]	[m]	[m]	[m]	[m]	[m]	[m]	[m]	[kg+1m-1s-2]	[#]	[W+1m-2]	[#]	[W+1m-2]	[#]	[µmol+1s-1m-2]	[#]	[mmol+1s-1m-2]	[#]	[µmol+1s-1m-2]	[#]	[µmol+1s-1m-2]	[#]	8u/v/w/ts/co2/h2o/ch4/none	8u/v/w/ts/co2/h2o/ch4/none	8u/v/w/ts/co2/h2o/ch4/none	8u/v/w/ts/co2/h2o/ch4/none	8u/v/w/ts/co2/h2o/ch4/none	8u/v/w/ts/co2/h2o/ch4/none	8u/v/w/ts/co2/h2o/ch4/none	8u/v/w/ts/co2/h2o/ch4/none	8co2/h2o/ch4/none	8co2/h2o/ch4/none	8aa	8U	[#]	[#]	[#]	[#]	[#]	[#]	[#]	[#]	[#_flagged_recs]	[#_flagged_recs]	[#_flagged_recs]	[#_flagged_recs]	[#_flagged_recs]	[#_flagged_recs]	[#_flagged_recs]	[#_flagged_recs]	[#_flagged_recs]	[#_flagged_recs]	[#_flagged_recs]	[#_flagged_recs]	[#_flagged_recs]	[#_flagged_recs]	[#_flagged_recs]	[#_flagged_recs]	[#_flagged_recs]	[#_flagged_recs]	[#_flagged_recs]	[#_flagged_recs]	[#_flagged_recs]	[#_flagged_recs]	[#_flagged_recs]	[#_flagged_recs]	[#_flagged_recs]	[#_flagged_recs]	[#_flagged_recs]	[#_flagged_recs]	[#_flagged_recs]	[#]	[#]	[m+2s-2]	[m+2s-2]	[m+2s-2]	[K+2]	--	--	--	--	[m+1s-1K+1]	--	--	--	--	--	--	--	--	--	--	--	--	241
DATA	2026-08-23T233000_AIU-1657.ghg	2026-08-24	00:00:00	236	0	18000	18000	0.07339143856416966	1	NaN	25.724183513122238	1	NaN	131.86236141581392	1	NaN	10.429718104360532	1	NaN	2.976210038332469	1	NaN	0.06586072971188153	0	NaN	NaN	NaN	NaN	NaN	NaN	NaN	NaN	NaN	NaN	3.585512798527001e-10	1.276756312039014e-11	1.7659212383938116e-12	NaN	17.543876131287007	439.08328760054235	446.05748890905863	0.1	1	624.7155106363958	15.635207303823892	15.88354989921881	0.1	1	0.08640633907852073	2.065515177701001	2.0983228910936087	0	0	NaN	NaN	NaN	NaN	9	299.77763485887317	290.64022951253247	97364.13760980903	1.160180722515342	1014.059846499972	0.02481799692871469	0.192858410483944	0.011352505250587945	1522.7168186209904	1992.6555418652972	0.0097851179822873	76.41645967549395	469.93872324430686	286.41450503017336	-0.3154815373016839	-1.74153573251555	0.4172392150583941	1.8183959608922478	6.736795019623165e-14	2.0437403751003174e-14	1.8183959608922478	4.402878694183724	261.2678577235672	259.7321422764328	13.26496057797684	NaN	0.2515126758753562	0.37461743111209594	-52.984398582062454	-0.03780546828133928	0.1950835950222654	0.08693456592695929	0	12.319948722771983	-1.869599749347017	4.22903972355732	10.530906869922651	16.060297436929744	22.524795511342287	33.74624823113569	0.07252663030797518	1.011924009877781	32.81958204593867	1.0234860756611446	119.28826419622845	1.1054093401753347	9.43516372198033	1.1054093401753347	2.69240536529246	1.1054093401753347	0.03866754257030658	1.305558415729128	NaN	NaN	800000009	800000009	800000009	800000009	800000019	800011119	899999999	899999999	89999	89999	89	89	12	6	0	51	23	0	11	NaN	0	18000	0	0	0	0	0	0	0	NaN	NaN	NaN	NaN	0	0	0	0	0	0	0	0	0	0	0	0	18000	18000	18000	18000	100	NaN	0.34372286238272365	0.2369521749850871	0.16855982485638113	0.07547960661006825	4.172238783731008	0.11752316549044492	7.549757177705096e-7	NaN	0.02789612077797748	0.2378821994492188	0.06788173782428224	0.00003866754257030658	NaN	17.54526157957745	624.7626393604986	98.65520883030362	99.03265486335755	98.27776270484924	0.7548917469647219	0.00027795180475449234	58.193042138099685	059
DATA	2026-08-24T000000_AIU-1657.ghg	2026-08-24	00:30:00	236.02	0	18000	18000	0.13912427729700313	0	NaN	60.971006225104304	0	NaN	101.60070954186918	0	NaN	1.5464837698394283	1	NaN	2.2926001489361507	0	NaN	0.05533445758515042	0	NaN	NaN	NaN	NaN	NaN	NaN	NaN	NaN	NaN	NaN	-5.030573904562277e-10	-1.7829114946931046e-11	-2.474555845836447e-12	NaN	17.58968748769287	439.67676049769864	446.63661378319705	0.1	1	623.405134380903	15.582809538487114	15.829477267845766	0.1	1	0.08652425115876311	2.065782381636766	2.098482636887202	0	0	NaN	NaN	NaN	NaN	9	299.59074410925973	290.3746796095106	97383.05655338541	1.161490508276955	1014.0250536632435	0.024790504341481827	0.14856048965106255	0.011327007664983136	1517.9086762932975	1959.4914215831445	0.009752131062858617	77.46442059271297	441.582745289847	286.3660453793599	-0.2269968704964425	-1.6289364172178096	0.4546842265666485	1.7063701756775609	-2.092511382617499e-15	-2.8599563852865844e-14	1.7063701756775609	4.58818112227905	258.9332388517055	262.0667611482946	15.453892546436148	NaN	0.3460936476365898	0.4911364779994343	-58.25342960476233	-0.03438595827903397	0.6001041380520914	0.14957719471410755	0	16.14275905167989	-2.449725965255431	5.541286803506144	13.798587642058983	21.043716792705624	29.514112015406724	44.2175179744443	0.13748640220740102	1.0119129969459186	65.72459246235756	1.023039139484478	92.06153332667635	1.1036173944805316	1.4012861500496303	1.1036173944805316	2.077350502449509	1.1036173944805316	0.022839890413018323	1.305340356445868	NaN	NaN	800000009	800000009	800000009	800000009	800000019	800010019	899999999	899999999	89999	89999	89	89	22	0	0	40	13	3	14	NaN	0	18000	0	0	0	0	0	0	0	NaN	NaN	NaN	NaN	0	0	0	0	0	0	0	0	0	0	0	0	18000	18000	18000	18000	100	NaN	0.5667882852937126	0.2530796648676833	0.16240500583747258	0.08462568880102925	2.320537182642525	0.10953158199640285	2.491220776385221e-7	NaN	0.05580377146530715	0.03528863395200869	0.052313984169732715	0.000022839890413018324	NaN	17.591052060339464	623.4472596143988	98.65874775399102	99.02329797787135	98.29420071199205	0.7291026845872408	0.00027764691438480636	58.16016345289019	101
DATA	2026-08-24T003000_AIU-1657.ghg	2026-08-24	01:00:00	236.041	0	18000	18000	0.08416099322092853	0	NaN	29.49311326369193	0	NaN	71.42315624646871	1	NaN	8.484562894510852	1	NaN	1.6110613589983942	1	NaN	0.13844280199592857	0	NaN	NaN	NaN	NaN	NaN	NaN	NaN	NaN	NaN	NaN	-1.2688994799447018e-10	-4.515332865205476e-12	-6.189327330967884e-13	NaN	17.803172449299307	444.427235817278	451.5686964468133	0.1	0	633.5194468575643	15.814782303840435	16.06890859513277	0.1	1	0.08683876347966087	2.0699380562707916	2.103199701694594	0	0	NaN	NaN	NaN	NaN	9	299.2363627293904	289.99582057359487	97391.02093793402	1.1630004018662314	1014.1482861048712	0.024756134898569156	0.10439677606309594	0.01151158624582073	1540.6309416010167	1913.0141561247344	0.009898179078311958	80.53421542483153	372.3832145237177	286.5938787567704	-0.23453612002088936	-1.6001742678272761	0.4518538872869638	1.6792071981942065	-1.1041559750360989e-14	-7.127378468968562e-15	1.6792071981942065	3.2739635008776116	259.3384196893504	261.6615803106496	15.609982814498887	NaN	0.2690081846107038	0.3081170521505784	-56.55612585862677	-0.0354179139675717	0.4129348913385514	0.09295522344403702	0	17.276570907385352	-2.6217862886328693	5.9304877234706685	14.767752963208295	22.521755058115698	31.587081698380757	47.32320430407312	0.08316989425529175	1.0119165591649615	33.071639567383635	1.022936345600646	64.74216537483602	1.103193812455174	7.690908704091019	1.103193812455174	1.4603611267660699	1.103193812455174	0.09868704552732811	1.3053004311663334	NaN	NaN	800000009	800000009	800000009	800000009	800000019	800000019	899999999	899999999	89999	89999	89	89	13	2	0	26	0	0	12	NaN	0	18000	0	0	0	0	0	0	0	NaN	NaN	NaN	NaN	0	0	0	0	0	0	0	0	0	0	0	0	18000	18000	18000	18000	100	NaN	0.4202472078873228	0.11318435121701127	0.08280254519682273	0.11508637741457663	6.862908043100734	0.08263682605457727	0.000011065706590303246	NaN	0.02803976698780938	0.19345748200934257	0.036733992988138155	0.00009868704552732811	NaN	17.80459127569737	633.5616611506363	98.6361045167711	98.98940142525566	98.28280600441826	0.7065956313080292	0.00027705980966048733	58.10014172204335	099
DATA	2026-08-24T010000_AIU-1657.ghg	2026-08-24	01:30:00	236.062	0	18000	18000	0.10495937382164246	1	NaN	40.53409480008678	1	NaN	30.060808963885368	1	NaN	4.138044800457665	1	NaN	0.6774900339095837	1	NaN	0.04811693994799023	1	NaN	NaN	NaN	NaN	NaN	NaN	NaN	NaN	NaN	NaN	-7.778166772098054e-10	-2.6903122942345623e-11	-3.765958042089616e-12	NaN	17.96516924704298	447.1894666947393	454.21498663160565	0	0	621.3792672420101	15.46738910789052	15.710387788856618	0.1	1	0.08698203006664673	2.0647586242375153	2.0971967829146725	0.6	0	NaN	NaN	NaN	NaN	9	298.5089359800551	289.1091550428603	97382.3781061198	1.1666178170378705	1013.9353529127808	0.024682633159841556	0.04390135419734102	0.011292245632579204	1506.6551703409027	1808.0002768278587	0.009679472975349422	83.33268471531062	301.34510648695596	286.2520951760601	-0.7045581032401202	-1.7385694289978182	0.7701190394738355	2.0278336014691565	-1.0409159270418503e-13	-4.329581683945628e-14	2.0278336014691565	4.094493623246471	273.06033237553834	247.9396676244616	22.319701547093157	NaN	0.2999482366359602	0.28493522877780514	-57.03755807753632	-0.035118964898129136	1.3484033263637005	0.11424449835595131	0	19.582148713635203	-2.971666615707389	6.721917975965172	16.738526194926326	25.527308584804832	35.80241325453209	53.638539109167894	0.10371097436375487	1.0120372936957371	41.47249222472285	1.0244071715703666	27.10850246817354	1.1089070301532868	3.7316426787245214	1.1089070301532868	0.6109529613279958	1.1089070301532868	0.026232769348839842	1.3061591103599774	NaN	NaN	800000009	800000009	800000009	800000009	800001019	800001019	899999999	899999999	89999	89999	89	89	14	2	0	16	0	0	4	NaN	0	17977	0	0	0	0	0	0	0	NaN	NaN	NaN	NaN	0	0	0	0	0	0	0	0	0	0	0	0	18000	18000	18000	18000	100	NaN	0.32898944402054753	0.16561510097677865	0.07526591255828406	0.1803092640992556	10.925594732891607	0.07908004632803625	0.0000013362080160360454	NaN	0.035060754974669796	0.09355419460614299	0.015316903883952538	0.000026232769348839842	NaN	17.966582907570736	621.420368466922	98.6341737522549	98.95578388086955	98.31256342188517	0.6432196113169248	0.0002768617397911536	57.985228799548665	247
DATA	2026-08-24T013000_AIU-1657.ghg	2026-08-24	02:00:00	236.083	0	18000	18000	0.054905903465719	1	NaN	20.885451715398585	1	NaN	7.444694497831927	2	NaN	6.634242209495521	1	NaN	0.16772840409669162	2	NaN	0.012044506789402207	1	NaN	NaN	NaN	NaN	NaN	NaN	NaN	NaN	NaN	NaN	-5.500443236099625e-10	-1.8683713129770484e-11	-2.659056244790776e-12	NaN	18.009477856289745	447.75217157052816	454.66724622938364	0	0	611.7396424991978	15.209089100222474	15.443977936723979	0.1	1	0.08706246479355738	2.0632721743513183	2.0951373042894565	-0.8	0	NaN	NaN	NaN	NaN	9	298.27708055397324	288.76816897922095	97368.95979947917	1.1679491906421489	1013.7832981532075	0.02465691902057359	0.010868800585465617	0.01111524882947322	1481.2904191066423	1768.982359766238	0.00951689415817991	83.73686774934191	287.69194065959573	285.99248742916933	-0.4085998380323332	-2.2625883577300545	0.39664371953806055	2.3331494046512664	2.568719390555131e-14	-3.0541936195993685e-14	2.3331494046512664	4.671453162944725	261.2366896033068	259.76331039669316	9.78802640983468	NaN	0.21681910434061966	0.1725667763981787	-41.80478852529721	-0.04791556351942481	2.8054142075918533	0.08135368781557718	0	13.646938545455916	-2.070975574498805	4.684552388355487	11.665197811750163	17.790162692674695	24.95095612890553	37.38107894059396	0.05423508841193927	1.0123686541945796	20.877736766516023	1.025904551115027	6.681261515748258	1.1142647956952736	5.953918884564525	1.1142647956952736	0.15052831673824288	1.1142647956952736	0.0038025455072555514	1.3074039673453433	NaN	NaN	800000009	800000009	800000009	800000009	800000019	800011019	899999999	899999999	89999	89999	89	89	15	10	0	65	4	0	10	NaN	0	18000	0	0	0	0	0	0	0	NaN	NaN	NaN	NaN	0	0	0	0	0	0	0	0	0	0	0	0	18000	18000	18000	18000	100	NaN	0.1353552921189747	0.1127800843953934	0.09699817628198924	0.10003554570440398	8.44514878764042	0.11258421560747535	3.851780668185481e-8	NaN	0.017632517983609954	0.14907317110395385	0.003768901449981965	0.0000038025455072555516	NaN	18.01092240561234	611.7781027982445	98.6336556714376	98.93020594618056	98.33710604180229	0.593100132844514	0.00027596983643888965	57.880939805136784	145
DATA	2026-08-24T020000_AIU-1657.ghg	2026-08-24	02:30:00	236.104	0	18000	18000	0.11027349078260835	0	NaN	64.31695577325269	0	NaN	55.561506436595565	0	NaN	4.997670966145568	1	NaN	1.2520616708172716	0	NaN	0.050530647614176576	0	NaN	NaN	NaN	NaN	NaN	NaN	NaN	NaN	NaN	NaN	-1.040220687024464e-10	-3.669195203074934e-12	-5.039918107056408e-13	NaN	18.033095474562536	448.9140726792548	456.1368412806704	0.2	0	636.0856714081197	15.834652998290316	16.089423435331348	0.1	1	0.08737119492258978	2.073233449454617	2.1065905803031852	-0.5	0	NaN	NaN	NaN	NaN	9	298.47133228330256	288.98824554443365	97343.38999500868	1.1664756851796638	1014.1401595050012	0.024682192325330136	0.08113359626895919	0.011560579715009438	1541.812266159863	1794.0794622323078	0.0099106906915328	85.93890619769104	252.2671960724449	286.6056427614427	-0.1576469592680982	-2.491581380943231	0.41833606621641317	2.531370262511361	-2.920180223111689e-14	-5.768397824387932e-15	2.531370262511361	4.946580024906902	254.62038382560024	266.37961617439976	9.51238041682816	NaN	0.3074664376583503	0.41888224786784123	-38.7090937856035	-0.05174753020813376	1.1575812086133495	0.17682924508183015	0	13.218193570661159	-2.005911870465001	4.537378112675982	11.298713055838366	17.23125031611056	24.16707357378442	36.20668003091891	0.10889445146233423	1.0126639998802063	66.07880298464544	1.0269509824099312	49.703618106051465	1.1178563765326954	4.4707630345564295	1.1178563765326954	1.12005593661401	1.1178563765326954	0.02053420698449184	1.308407961600926	NaN	NaN	800000009	800000009	800000009	800000009	800001019	800011019	899999999	899999999	89999	89999	89	89	23	20	0	81	49	0	13	NaN	0	18000	0	0	0	0	0	0	0	NaN	NaN	NaN	NaN	0	0	0	0	0	0	0	0	0	0	0	0	18000	18000	18000	18000	100	NaN	0.37425560592685314	0.2522467229754029	0.21126216683342652	0.07380222252551907	1.6166558547796328	0.021999209651243804	7.856716484435848e-7	NaN	0.055858400522180454	0.11212415641433791	0.028090356402031284	0.000020534206984491843	NaN	18.03447775594644	636.1334397422847	98.54840581088595	98.84405181588068	98.25275911034478	0.591294676952892	0.00027686464507294453	57.73704219627379	144
DATA	2026-08-24T023000_AIU-1657.ghg	2026-08-24	03:00:00	236.124	0	18000	18000	0.1099741290516662	0	NaN	44.6274243100839	1	NaN	51.6997145442652	1	NaN	8.28854662912072	0	NaN	1.1646265477697801	1	NaN	0.010142235433419567	1	NaN	NaN	NaN	NaN	NaN	NaN	NaN	NaN	NaN	NaN	-2.6067884843570765e-10	-8.991005055692329e-12	-1.2577178889826896e-12	NaN	18.139345746604445	451.05158273601575	458.179527726516	0.1	0	625.639365423603	15.557100566821582	15.802948627877793	0.1	1	0.08751833828041952	2.0730561567709596	2.105816556719117	0	0	NaN	NaN	NaN	NaN	9	298.1810362209744	288.6217188839383	97328.43622547743	1.16790089398645	1013.9766726841301	0.024654675076069138	0.07546780029548175	0.011370620628844566	1514.554424616183	1752.4526951900505	0.009735946506584735	86.42483924234728	237.89827057386742	286.3321590019153	-0.5464690530334553	-2.4456938444607483	0.7476849317041	2.6151633914258423	2.2629989949681563e-14	-1.4370906871572524e-14	2.6151633914258423	4.061939446469648	263.59535246214057	257.40464753785943	16.612875604321513	NaN	0.30686140570930875	0.323301012387159	-55.449613152333285	-0.03612468845358772	0.8632044626063454	0.122807699836695	0	17.044027595777262	-2.586496943938504	5.85066312968641	14.568978438015533	22.21861136527781	31.161918358875884	46.6862321465907	0.10858381686476737	1.012804046008351	46.5590502338704	1.0274074913081694	46.18573688115769	1.1193870236886276	7.404540568826791	1.1193870236886276	1.040414551110373	1.1193870236886276	-0.006270648866695231	1.3088666147760413	NaN	NaN	800000009	800000009	800000009	800000009	800000019	800000019	899999999	899999999	89999	89999	89	89	11	12	0	17	3	0	11	NaN	0	18000	0	0	0	0	0	0	0	NaN	NaN	NaN	NaN	0	0	0	0	0	0	0	0	0	0	0	0	18000	18000	18000	18000	100	NaN	0.35028488287212767	0.18485932431035784	0.11145781759183256	0.19478270939697181	14.672865701186838	0.03922323107864644	5.750909885754412e-8	NaN	0.03931607526366539	0.18544225954879234	0.026056555897285043	-0.000006270648866695232	NaN	18.140785255858123	625.6828446781658	98.57044049305387	98.85693436516655	98.28394725312127	0.5729870708121172	0.0002763083272616819	56.95293208257529	231
DATA	2026-08-24T030000_AIU-1657.ghg	2026-08-24	03:30:00	236.145	0	18000	18000	0.11427135487758491	1	NaN	34.215654670350254	0	NaN	66.90641228218819	1	NaN	16.34843226883516	0	NaN	1.5071602338915395	1	NaN	0.029119900070557366	1	NaN	NaN	NaN	NaN	NaN	NaN	NaN	NaN	NaN	NaN	-1.0994658448248598e-10	-3.729664843019678e-12	-5.296414920596945e-13	NaN	18.12746429963607	450.415283410236	457.4040606600608	0.1	0	614.9292095764636	15.279219952135048	15.516296864774562	0.1	1	0.0873247430478161	2.068089550432888	2.1001786418403423	-0.1	0	NaN	NaN	NaN	NaN	9	297.9633029833039	288.6053096059163	97312.93152387152	1.1679046675054912	1013.8196420632113	0.024657201324522662	0.09766398315617175	0.011166374668042111	1487.264520920508	1750.6090701085693	0.009561032658506444	84.95697562153444	263.34454918806136	286.05398226329226	-0.34031637885547883	-2.5316866409910936	0.5904954198571502	2.621819468758741	1.0986169481686096e-14	-6.065193822210053e-15	2.621819468758741	4.666908326520663	258.6559654712139	262.34403452878604	13.016022517471718	NaN	0.31279873734606256	0.2644122744037509	-76.59014448044931	-0.026153495512876577	0.5113957467341159	0.0923829375294913	0	16.729149654263406	-2.5387130015069035	5.742575721800312	14.299825509534084	21.80813616681425	30.58622105661989	45.823732682027604	0.11282543416472193	1.012815556382012	37.22069478987911	1.0274440688920448	59.763905928341416	1.119512040635544	14.603176808669424	1.119512040635544	1.3462653184470696	1.119512040635544	0.010731840723620465	1.3089045387120533	NaN	NaN	800000009	800000009	800000009	800000009	800000019	800000019	899999999	899999999	89999	89999	89	89	11	3	0	30	6	1	9	NaN	0	18000	0	0	0	0	0	0	0	NaN	NaN	NaN	NaN	0	0	0	0	0	0	0	0	17997	0	0	0	18000	18000	18000	18000	100	NaN	0.22699012163085414	0.18049501591978276	0.12133941125686495	0.12420080945138273	14.099301378730948	0.04959177419896848	5.995256174026633e-8	NaN	0.03143521105425028	0.36566199932649435	0.0337103408674081	0.000010731840723620464	NaN	18.128890569610487	614.9719252727047	98.5961842098236	98.87217932637533	98.32018905682034	0.5519954139341903	0.0002760728609589731	56.76370090537708	016
DATA	2026-08-24T033000_AIU-1657.ghg	2026-08-24	04:00:00	236.166	0	18000	18000	0.09229144998148171	1	NaN	9.603226831756642	1	NaN	41.18337759502478	1	NaN	25.988049265532446	0	NaN	0.9277530239218651	1	NaN	-0.014322978265644564	1	NaN	NaN	NaN	NaN	NaN	NaN	NaN	NaN	NaN	NaN	2.4811330215276014e-10	8.42868733326507e-12	1.1944107348104376e-12	NaN	18.183566827156184	451.70072876405266	458.7399933617529	0.1	0	617.7161726511054	15.344780702713397	15.58391242130867	0.1	1	0.08753519955220468	2.0735460901866727	2.1058600508576886	-0.6	0	NaN	NaN	NaN	NaN	9	297.9450216869779	288.6501431494819	97317.61937868924	1.1677504016213678	1013.857445954188	0.024659843772034486	0.060118395950136856	0.011213086163757768	1493.7180944949052	1755.6502679586695	0.009602296987600187	85.08061780616944	261.93217346376423	286.1201689192031	-0.1720441883497191	-2.5664880294435903	0.5271775708077888	2.6257144169129827	1.7918813833106012e-14	1.3644919311552022e-14	2.6257144169129827	4.329704168934229	254.8350774017315	266.16492259826845	11.582277199641876	NaN	0.281129048003361	0.17817758254781269	-198.11759614096462	-0.010110661743416039	0.23318210871846445	0.028852572758227484	0	15.518234692489948	-2.3549519843179594	5.3269078005755865	13.264753612987827	20.2295862154688	28.37228230497913	42.50684899960843	0.09112304172244587	1.0128223140596506	11.704282309000433	1.0274654930057379	36.784369994284376	1.1195890428848976	23.21213255050069	1.1195890428848976	0.8286549692655801	1.1195890428848976	-0.0160951461835611	1.308926887077703	NaN	NaN	800000009	800000009	800000009	800000009	800000019	800010019	899999999	899999999	89999	89999	89	89	13	5	0	55	16	0	7	NaN	0	18000	0	0	0	0	0	0	0	NaN	NaN	NaN	NaN	0	0	0	0	0	0	0	0	18000	0	0	0	18000	18000	18000	18000	100	NaN	0.11913622306234356	0.1189523122373168	0.11826662979596503	0.08314926672000329	10.76521838559568	0.024789073505012568	1.0508694473059534e-7	NaN	0.009885937673916614	0.5813303417199068	0.02075303832610019	-0.0000160951461835611	NaN	18.184948940966965	617.7617880185774	98.56745569737753	98.83461349232991	98.30029753579034	0.5343197689942184	0.0002758081886147718	57.56617856076597	022
DATA	2026-08-24T040000_AIU-1657.ghg	2026-08-24	04:30:00	236.187	0	18000	18000	0.22513278336579542	1	NaN	102.04279914220682	0	NaN	101.3942021920813	1	NaN	11.789499847917126	1	NaN	2.283645217694919	1	NaN	0.04619523611335145	1	NaN	NaN	NaN	NaN	NaN	NaN	NaN	NaN	NaN	NaN	1.6110874683575725e-10	5.480069616390938e-12	7.772132667002965e-13	NaN	18.275357118652817	453.61255863462577	460.7212601517615	0.1	0	621.6312350608845	15.429506150408766	15.671306673106404	0.1	1	0.08816312140260657	2.0863425769993404	2.1190382913486565	1.1	0	NaN	NaN	NaN	NaN	9	297.7723204159207	288.42297856818305	97323.85677061632	1.1687073744388716	1013.9010021812888	0.02463885755645325	0.14798021010663073	0.011284602175941206	1502.0618507666156	1730.237955995253	0.009655626740063355	86.81244366198244	228.17610522863743	286.20536912760855	-0.39696450644466424	-2.2629708042769554	0.587376459100975	2.3714191500223945	7.838329712318556e-15	8.815627830950617e-15	2.3714191500223945	4.425319327301593	260.94944974733585	260.0505502526642	14.34085155020193	NaN	0.4389009067977986	0.4460730296856521	-70.95200595944131	-0.028231759946928676	1.0063967853792746	0.19620702300557596	0	17.707053769720414	-2.6871137238057274	6.078258559704801	15.135723239250831	23.082932946609898	32.374141666196344	48.5023635569649	0.22237061446850576	1.0124214654166046	105.65021625659173	1.0261025976464826	90.94018370147869	1.1149548864440288	10.573970293558567	1.1149548864440288	2.048195174047124	1.1149548864440288	0.004662730248801758	1.3075869783121683	NaN	NaN	800000009	800000009	800000009	800000009	800000019	800000019	899999999	899999999	89999	89999	89	89	6	22	0	18	21	0	7	NaN	0	18000	0	0	0	0	0	0	0	NaN	NaN	NaN	NaN	0	0	0	0	0	0	0	0	18000	0	0	0	18000	18000	18000	18000	100	NaN	0.34831331292470435	0.33656880270822215	0.20726394373837767	0.13887983448937055	2.881925880827947	0.05396569395150531	1.6985831944648468e-7	NaN	0.08915979343010082	0.2646145143325382	0.0512562600605084	0.000004662730248801758	NaN	18.276766499662887	621.6754083858605	98.4895925763448	98.73395589235093	98.24522986221314	0.4887249386393359	0.0002759615906527162	57.59933938789368	006
DATA	2026-08-24T043000_AIU-1657.ghg	2026-08-24	05:00:00	236.208	0	18000	18000	1.6326860686730829	1	NaN	283.2016095948881	1	NaN	268.22813839414937	1	NaN	2.1402680262727154	1	NaN	6.040358505864394	1	NaN	0.3428573311609379	1	NaN	NaN	NaN	NaN	NaN	NaN	NaN	NaN	NaN	NaN	-1.2424650089036805e-9	-4.21056211746657e-11	-6.052919389714946e-12	NaN	18.268681933954117	453.3134662976088	460.3860267203837	0.1	1	619.1033110463742	15.36223953875661	15.601919970609625	0.1	1	0.0889995760928012	2.104781969505357	2.1376206093491614	0	0	NaN	NaN	NaN	NaN	9	297.7759033957588	288.28620582241484	97315.65157530383	1.1691931832764566	1013.8605197691362	0.024629250037470903	0.3914152311800127	0.011239788495806905	1495.38736463275	1715.0937625519764	0.009613286030550906	87.18983167472348	219.70639791922645	286.1372476969125	-0.232856876471056	-0.7851542657413263	0.6394928409198372	1.0390575727642661	3.460590543976943e-14	-6.801065415641391e-14	1.0390575727642661	6.34209394689908	267.519023291469	253.48097670853105	37.98496522766049	NaN	1.1817026411635836	2.2042583716033595	-498.9351891621908	-0.004014749898405831	1.0558236406157204	0.20217293913428452	0	20.822852299014595	-3.1599481714537787	7.1478113677153345	17.799060958894867	27.14469101557966	38.07081511071872	57.03701844667381	1.6115414008010456	1.0131207723621167	293.99250980251395	1.0214879954148783	244.9837862300995	1.0948811859010854	1.954794779409127	1.0948811859010854	5.516907755514301	1.0948811859010854	0.18401019165712745	1.3063351399629466	NaN	NaN	800000009	800000009	800000009	800000009	800000019	800100019	899999999	899999999	89999	89999	89	89	15	31	0	17	7	0	6	NaN	0	18000	0	0	0	0	0	0	0	NaN	NaN	NaN	NaN	0	0	0	0	0	0	0	0	18000	0	0	0	18000	18000	18000	18000	100	NaN	2.5698297006794775	0.8367915278137559	1.0018955147134854	0.21240390464320769	4.480907441639243	0.0682088297794962	3.1308629363274833e-7	NaN	0.24801147739699997	0.04889649048404141	0.1379978248409168	0.00018401019165712745	NaN	18.27001266771174	619.1452700198838	98.45648855548436	98.6882526936001	98.22472197850546	0.46353027360472415	0.000276407374145088	56.82945878698917	163
DATA	2026-08-24T050000_AIU-1657.ghg	2026-08-24	05:30:00	236.229	0	18000	18000	0.17994544262911563	1	NaN	-42.85115314011078	2	NaN	48.92817645193593	1	NaN	27.023207200951777	1	NaN	1.102923425083408	1	NaN	0.06022795778650469	1	NaN	NaN	NaN	NaN	NaN	NaN	NaN	NaN	NaN	NaN	1.7658434250592044e-9	6.03598336194291e-11	8.737704174191514e-12	NaN	18.076079130522064	449.5349683975762	456.5502958969049	0.1	1	617.8742199486716	15.365946670885211	15.60574369628178	0.1	1	0.08944362214134773	2.1250824990810484	2.158245991895161	0.5	0	NaN	NaN	NaN	NaN	9	298.55413698154024	289.31028622436526	97339.46017795139	1.1653379461150912	1013.8819592014418	0.02471069507959126	0.07146943794540483	0.011205446178740162	1496.1141632336612	1831.3673615705893	0.00961561941417592	81.69383132123674	335.2531983369281	286.1446785406972	-0.007912097837209737	-0.4342722776421993	0.2575550312464763	0.5049649557552622	5.752830803224728e-14	9.76895162003091e-14	0.5049649557552622	3.1225875109741867	252.04376836173105	268.9562316382689	30.666851011588832	NaN	0.39295650442667684	0.33470148366836294	121.2748068734355	0.016517033105568825	-0.8757970610698143	-0.0922951219312843	0	18.82781179249981	-2.8571930776746255	6.462978521247237	16.09373034035124	24.54395422240401	34.42324477927506	51.572293415832085	0.1775654639927294	1.0134033870262276	-39.34608627555253	1.022000052407157	44.262169484556956	1.1054174935778271	24.44615483104728	1.1054174935778271	0.9977437768907139	1.1054174935778271	0.05267162441986515	1.4045348942814007	NaN	NaN	800000009	800000009	800000009	800000009	800000019	800001019	899999999	899999999	89999	89999	89	89	2	1	0	0	12	0	4	NaN	0	18000	0	0	0	0	0	0	0	NaN	NaN	NaN	NaN	0	0	0	0	0	0	0	0	18000	0	0	0	18000	18000	18000	18000	100	NaN	0.36929594123973053	0.1575968393226047	0.1425101867743906	0.16543248964748206	13.000858806663917	0.09546767345543536	9.75727228748788e-7	NaN	-0.03330138193879862	0.6135111868184174	0.025039805766242398	0.00005267162441986515	NaN	18.07748396543147	617.9151364155923	98.61102752600776	98.89740715959337	98.32464495213827	0.5727598692377392	0.00027657986005781115	57.814340943548416	166
DATA	2026-08-24T053000_AIU-1657.ghg	2026-08-24	06:00:00	236.249	1	18000	18000	0.1278402321414127	1	NaN	40.060557508702246	1	NaN	-34.335592242262535	2	NaN	-1.1843223148256132	1	NaN	-0.7737363121382166	2	NaN	0.06800413251360511	1	NaN	NaN	NaN	NaN	NaN	NaN	NaN	NaN	NaN	NaN	1.0241604150394747e-9	3.5498769939894906e-11	5.0462209292407975e-12	NaN	18.1696047981787	451.47866500475243	458.65610767336744	0.1	1	629.782806636298	15.648854443526654	15.897634207232059	0.1	1	0.08952488171012682	2.124093038473396	2.157861092621174	0.6	0	NaN	NaN	NaN	NaN	9	298.2719036314223	288.9804167514377	97344.45879036459	1.1666025427180293	1014.0351701837806	0.024681252684814012	-0.05013811302655643	0.011425366674256037	1523.7378834442654	1793.181351420957	0.009793709730510657	84.97399787460546	269.44346797669164	286.42477867341074	-0.07207194037520169	-0.6202145384806789	0.22856083036233302	0.6649063780021974	-2.4908566503457067e-14	5.6366686365249693e-14	0.6649063780021974	2.1782926765742636	257.62831910006753	263.37168089993247	20.105442151530127	NaN	0.3310337821252114	0.2832535202191561	-77.5593983478263	-0.02582665728035704	-1.1667355910463382	0.10229837527797707	0	19.93734074815556	-3.025568377285493	6.8438439074182185	17.042139003765246	25.990337275101332	36.45181757632448	54.61146512017398	0.12581199117422948	1.0161212055246343	37.39948627451064	1.0224655204791615	-31.413245893146975	1.0930291113199826	-1.083523121717574	1.0930291113199826	-0.7078826209887712	1.0930291113199826	0.045264075375709305	1.3105156418589796	NaN	NaN	800000009	800000009	800000009	800000009	800000019	800001019	899999999	899999999	89999	89999	89	89	3	2	0	9	1	0	4	NaN	0	18000	0	0	0	0	0	0	0	NaN	NaN	NaN	NaN	0	0	0	0	0	0	0	0	18000	0	0	0	18000	18000	18000	18000	100	NaN	0.38650993207656253	0.09235090266192912	0.08764620569982054	0.07933630420459521	3.7899349384930234	0.08793231143578065	0.0000012898150610434405	NaN	0.03161474621922105	-0.027167969600091546	-0.01774925992993153	0.00004526407537570931	NaN	18.171040311006184	629.8253826499757	98.53752344512938	98.81382431242203	98.26122456402248	0.5525999187297319	0.00027660504999706364	57.65906391074479	123
DATA	2026-08-24T060000_AIU-1657.ghg	2026-08-24	06:30:00	236.27	1	18000	18000	0.02241736351699026	0	NaN	36.60582826950278	0	NaN	16.167707424580268	0	NaN	1.233711430028918	0	NaN	0.3641312601572936	0	NaN	0.018670616073087155	0	NaN	NaN	NaN	NaN	NaN	NaN	NaN	NaN	NaN	NaN	-2.474902511662829e-10	-8.439821993389878e-12	-1.214099105453784e-12	NaN	18.234459756931265	452.56165681660457	459.65556343248164	0	0	621.8248749957118	15.433092037227288	15.675005845119088	0.1	1	0.08945177102935249	2.1166735607966607	2.149852431234357	0.2	0	NaN	NaN	NaN	NaN	9	297.81883160654706	288.4086423645019	97350.91133506944	1.1690887731586947	1013.902812622772	0.02463078588309713	0.023595705658192623	0.011290923667469487	1502.828584297969	1728.6450890655062	0.009657883923530614	86.9367919305164	225.81650476753725	286.213177539153	-0.4915620272569801	-1.7377814126495454	0.6518795427931475	1.9200167715681993	3.6141244071548805e-15	-1.3572667052677945e-14	1.9200167715681993	3.2749108753561167	266.79448843999376	254.2055115600062	19.847488183103536	NaN	0.13847409075726783	0.1301995089289309	-6.212827654233052	-0.3224135790464438	2.2641322797473316	0.22301696331013593	1	21.833055127544597	10	17	29	44	72	168	0.02215230626085358	1.0119652217252466	36.844886355114966	1.0239203279609417	14.603826284885342	1.1070870817816776	1.1143761410741593	1.1070870817816776	0.3289093208198972	1.1070870817816776	0.004293877024208469	1.3058210518193427	NaN	NaN	800000009	800000009	800000009	800000009	800000019	800000019	899999999	899999999	89999	89999	89	89	15	1	0	23	2	0	16	NaN	0	18000	0	0	0	0	0	0	0	NaN	NaN	NaN	NaN	0	0	0	0	0	0	0	0	18000	0	0	0	18000	18000	18000	18000	100	NaN	0.16198558378551214	0.0612110258360155	0.03720240823633412	0.13637701748338696	5.924382044789943	0.040946136664721064	1.2359418743077465e-7	NaN	0.0310837497256971	0.027878324278128825	0.008228317500657972	0.000004293877024208469	NaN	18.235878350151907	621.8663241334851	98.53327507951525	98.79545193862914	98.27109642706976	0.5243544671634878	0.0002763210364274628	57.37295658122167	094
DATA	2026-08-24T063000_AIU-1657.ghg	2026-08-24	07:00:00	236.291	1	18000	18000	0.0552968513148546	0	NaN	22.167196014544476	2	NaN	-39.27441585649303	2	NaN	9.699096458200593	1	NaN	-0.8843413661408416	2	NaN	0.013290498865753106	1	NaN	NaN	NaN	NaN	NaN	NaN	NaN	NaN	NaN	NaN	-5.634425483036686e-10	-1.9176239560893818e-11	-2.771116352024075e-12	NaN	18.25303870272572	452.59869329387186	459.67949171871606	0	0	621.225081299839	15.403772742546153	15.644761086940818	0.1	1	0.08977187501287294	2.1219345285602094	2.1551316873016644	0	1	NaN	NaN	NaN	NaN	9	297.6602418509589	288.1708622419569	97351.5464796007	1.1700741120434963	1013.8818984778567	0.024610318328961142	-0.05730532052592653	0.01127884596478299	1499.983344862385	1702.4128864330835	0.009639428689764662	88.10925697379844	202.42954157069858	286.1841839843223	-0.43699037640662636	-2.117053605545086	0.5871825366716875	2.240013368084144	4.2111254988584114e-14	-3.086842456645478e-14	2.240013368084144	3.907405707393869	262.6628760659212	258.3371239340789	15.19669402617944	NaN	0.2173919789397624	0.24146612180622204	-39.69645015215729	-0.05046043140689098	-0.5644182231899368	0.08595408183878601	0	13.459198667208382	-2.042485323669656	4.620107363406878	11.50472058752755	17.545424800230776	24.607707754905928	36.86683032829949	0.05462766176775743	1.0122500126390572	19.508825813496788	1.0254314145838979	-35.299604222723445	1.1126021586160129	8.71748844192922	1.1126021586160129	-0.7948405989440922	1.1126021586160129	0.006870144229242068	1.3069833053689905	NaN	NaN	800000009	800000009	800000009	800000009	800000019	800000019	899999999	899999999	89999	89999	89	89	10	9	0	35	19	0	13	NaN	0	18000	0	0	0	0	0	0	0	NaN	NaN	NaN	NaN	0	0	0	0	0	0	0	0	18000	0	0	0	18000	18000	18000	18000	100	NaN	0.22246816035148287	0.15951657831377078	0.10094750494719044	0.12221511846097259	7.552909625144683	0.06507215463887106	1.5975213018635096e-7	NaN	0.016444867971302467	0.21789750963499877	-0.019867395089815564	0.000006870144229242068	NaN	18.254509122106768	621.2654938892007	98.4168054559496	98.63963807296756	98.1939703364902	0.4456672972606304	0.0002755293737896459	56.77819941258431	009
DATA	2026-08-24T070000_AIU-1657.ghg	2026-08-24	07:30:00	236.312	1	18000	18000	0.0469668155566705	0	NaN	44.65931263824178	0	NaN	22.90194745146887	1	NaN	8.829500138313081	0	NaN	0.5157689341116254	1	NaN	0.06824812420668337	0	NaN	NaN	NaN	NaN	NaN	NaN	NaN	NaN	NaN	NaN	-1.5738298549753357e-10	-5.438058287728911e-12	-7.757976065213704e-13	NaN	18.24239454667231	452.53483731936564	459.72327628835035	0	0	630.3299212360329	15.63644770615434	15.884830020084541	0.1	1	0.08992335468657549	2.1273962618881193	2.1611895898935756	0.2	0	NaN	NaN	NaN	NaN	9	297.6670882788764	288.34458867723856	97355.12726110192	1.1693086697070538	1014.0163961183896	0.02462424915570315	0.03342182693043332	0.011442736414459446	1522.6966940810635	1721.5439242025382	0.00978589889128778	88.44948262278085	198.8472301214747	286.41430248230864	-0.3899559629725091	-1.8568728713242162	0.502526472282461	1.9627978420261278	1.6795916966909299e-15	-8.627320557883813e-15	1.9627978420261278	3.7291781520542977	262.8601532584861	258.1398467415139	14.834364569004274	NaN	0.20041534595043556	0.25216640552135844	-15.439859610334723	-0.12973563559212792	1.950022491881032	0.18793467387292884	0	12.971598251938632	-1.9684900794780298	4.452729919571636	11.087927086313526	16.909788412789652	23.71621868361655	35.53121724892983	0.04641033091022971	1.011990533907573	45.12460418158477	1.0241104812635187	20.67320474859816	1.107808282749284	7.97024203177162	1.107808282749284	0.4655759865160285	1.107808282749284	0.04123509827581847	1.305948119124306	NaN	NaN	800000009	800000009	800000009	800000019	800000019	800001019	899999999	899999999	89999	89999	89	89	14	6	0	36	23	0	11	NaN	0	18000	0	0	0	0	0	0	0	NaN	NaN	NaN	NaN	0	2	0	0	0	0	0	0	18000	0	0	0	18000	18000	18000	18000	100	NaN	0.286092184167145	0.12415250748084122	0.09408811939473069	0.10848146175298204	5.583380750586711	0.02419899534502807	0.0000011119548402037902	NaN	0.03805741257080129	0.19937965137436758	0.01164661970236425	0.000041235098275818473	NaN	18.243842939694716	630.377428581373	98.38060668690999	98.60394949891833	98.15726108084785	0.44668577934966835	0.00027556785514914534	57.112726937145645	020
DATA	2026-08-24T073000_AIU-1657.ghg	2026-08-24	08:00:00	236.333	1	18000	18000	0.566930683179612	1	NaN	79.63208753189957	1	NaN	-60.585004715211134	2	NaN	-42.61091104688157	1	NaN	-1.3647403102402151	2	NaN	-0.014957463473164437	2	NaN	NaN	NaN	NaN	NaN	NaN	NaN	NaN	NaN	NaN	-8.875775407739918e-10	-3.096093947441636e-11	-4.411993937992459e-12	NaN	18.038337889454674	447.716600822775	454.81974008728605	0.1	1	629.2226447364411	15.617482352784144	15.86525773549054	0.1	1	0.0896654475397534	2.1235893324640047	2.1572806245478846	0	1	NaN	NaN	NaN	NaN	9	297.83774186791317	288.5890077497694	97387.10891536459	1.1687105588965854	1014.0102529218224	0.02463702883424487	-0.08843517210356594	0.011422929230326808	1521.3494313191552	1748.7791999305098	0.009773959123901077	86.99494089245847	227.42976861135458	286.40073730217176	-0.6110333582192854	-0.6479114543371226	0.44380155449146014	0.9950431333800943	-2.5989509323004133e-13	-4.920506236291733e-14	0.9950431333800943	4.433365055964689	294.3221224655414	226.6778775344586	26.488128649191353	NaN	0.6964845665167493	1.1089198937552531	-363.5056827047587	-0.005510505324415873	-1.314386091182498	0.09647777730418017	0	24.144294342649793	-3.6639898157808357	8.287954939584537	20.638179661614423	31.474526174853185	44.14347048609145	66.13496278167464	0.5594723058931632	1.0133310929028774	74.86883275066435	1.0214938873205772	-55.354502060111784	1.0944910072430845	-38.93217099536914	1.0944910072430845	-1.2469177921140369	1.0944910072430845	-0.029701939474311743	1.3066141880808086	NaN	NaN	800000009	800000009	800000009	800000009	800000019	800110019	899999999	899999999	89999	89999	89	89	11	3	0	35	15	0	6	NaN	0	18000	0	0	0	0	0	0	0	NaN	NaN	NaN	NaN	0	0	0	0	0	0	0	0	18000	0	0	0	18000	18000	18000	18000	100	NaN	0.7026551979463991	1.2747797154047769	0.24040487415933018	0.08307298017688984	9.452636607843022	0.07092781389243004	2.0510823022607354e-7	NaN	0.06317594519135197	-0.9743946932775124	-0.031207868673281774	-0.000029701939474311743	NaN	18.039778408139757	629.2678201292765	98.46665218056573	98.7164393319024	98.21686524920992	0.49957422839436927	0.0002756129710259201	57.54181449084814	149
DATA	2026-08-24T080000_AIU-1657.ghg	2026-08-24	08:30:00	236.354	1	18000	18000	0.020960536435424823	1	NaN	13.408365262642679	1	NaN	43.98727648370498	1	NaN	-0.5344337489554609	1	NaN	0.9916745379234884	1	NaN	-0.008300792183513707	1	NaN	NaN	NaN	NaN	NaN	NaN	NaN	NaN	NaN	NaN	2.566376385382186e-10	9.097162657109556e-12	1.2959108236443297e-12	NaN	17.646120932829024	439.56393391937075	446.52138113912014	0	0	625.5108693616867	15.5814424877042	15.828066597078124	0.1	1	0.0891053987343498	2.1184463600795955	2.151977270149273	-0.1	0	NaN	NaN	NaN	NaN	9	298.11199628957115	289.44364146079783	97402.83168481886	1.1654638370069388	1014.0060776473632	0.024706000775130837	0.06426051005744204	0.0113647530814402	1518.0837207239347	1847.0060232065962	0.00975127045608412	82.19159556872383	328.9223024826615	286.36781195966347	-0.5928520064918338	0.5752022877384653	0.2995676801992525	0.8786762591767786	2.5514249668602123e-14	1.4543572466443168e-14	0.8786762591767786	1.9369622713120818	25.134306131563562	135.86569386843647	19.93358526707618	NaN	0.13410710746770457	0.10942077840520724	-15.41340503392224	-0.12995830548743273	0.30482372027760773	0.08460278826971866	1	8.692934016573371	4	7	12	20	34	88	0.02067054119848699	1.0140293973995735	15.721857080729945	1.0216209378245118	40.2210412931357	1.0936384307686244	-0.48867498975859264	1.0936384307686244	0.9067663589935528	1.0936384307686244	-0.012558716927352862	1.3075694174720833	NaN	NaN	800000009	800000009	800000009	800000019	800000019	800000019	899999999	899999999	89999	89999	89	89	17	2	0	37	22	1	0	NaN	0	18000	0	0	0	0	0	0	0	NaN	NaN	NaN	NaN	0	4	0	0	0	0	0	0	18000	0	0	0	18000	18000	18000	18000	100	NaN	0.08016755390693373	0.08938611136067279	0.049287891542807966	0.10524815626204655	8.39642651504469	0.05154579081781369	7.907201332183045e-8	NaN	0.013303456183775778	-0.012264352234309973	0.022757256364630957	-0.000012558716927352863	NaN	17.647853442911142	625.5540910991365	98.63413384162055	98.95448481411404	98.31378216595121	0.640700304465153	0.0002768748623202555	57.02019775205251	023
DATA	2026-08-24T083000_AIU-1657.ghg	2026-08-24	09:00:00	236.374	1	18000	18000	0.019350854780902076	0	NaN	23.419589720250684	0	NaN	67.24101914266843	1	NaN	3.9005492508329214	1	NaN	1.5182509923882839	1	NaN	0.02300860509510418	1	NaN	NaN	NaN	NaN	NaN	NaN	NaN	NaN	NaN	NaN	-1.9011988935201976e-10	-6.925761439877775e-12	-9.77023323826805e-13	NaN	17.25961961523038	433.34019967757064	440.2905763975487	0.1	1	628.7401513094283	15.785885714034423	16.039076746513512	0.1	1	0.08869693214072745	2.1241572009577707	2.158226721325592	1.2	0	NaN	NaN	NaN	NaN	9	298.1461309958564	291.03801826572857	97416.39897358387	1.159150444917199	1014.1528376306167	0.024838631989644862	0.09838266430676079	0.011452388584017674	1538.2166405515686	2043.2552263357857	0.009879984633776978	75.2826480375673	505.03858578421705	286.56981168938444	-0.4466863032913509	0.21759432044996493	0.19364980149764596	0.5332693385713252	1.3008394555980018e-14	-1.1015300081367526e-14	0.5332693385713252	1.7369705542656018	6.97210462278008	154.02789537721986	21.2929723567946	NaN	0.12920525388138407	0.16364739047895943	-7.893189746897175	-0.2537757312609166	0.34829319987789353	0.15418988778682555	1	3.782731833253242	2	3	5	8	14	36	0.019002438448654718	1.018335348549545	26.871396682357073	1.0236582620242483	61.4834350718303	1.0936444761765771	3.566560555830164	1.0936444761765771	1.388249129823384	1.0936444761765771	0.008318790681055873	1.3136695558136813	NaN	NaN	800000009	800000009	800000009	800000019	800000019	810011019	899999999	899999999	89999	89999	89	89	6	7	0	35	5	0	1	NaN	0	18000	0	0	0	0	0	0	0	NaN	NaN	NaN	NaN	0	2	0	0	0	0	0	0	18000	0	0	0	18000	18000	18000	18000	100	NaN	0.1377605224693645	0.15194636975304376	0.037587888735510604	0.12730427084083934	15.822223991039687	0.17140071488965036	3.289029540246099e-7	NaN	0.02285846292630659	0.0900097498767428	0.03503542277944682	0.000008318790681055872	NaN	17.261226377471832	628.7992057230191	98.62643462753297	99.06679485151503	98.18607498635185	0.8807188889119413	0.00027940774442362866	57.41674397980848	206
DATA	2026-08-24T090000_AIU-1657.ghg	2026-08-24	09:30:00	236.395	1	18000	18000	0.06110882605686159	0	NaN	45.64960157592724	1	NaN	66.99471393649856	1	NaN	1.0357671053585684	1	NaN	1.5164280263867111	1	NaN	0.031080821935593	0	NaN	NaN	NaN	NaN	NaN	NaN	NaN	NaN	NaN	NaN	2.0604395118730472e-10	7.45743343343689e-12	1.0797290554227216e-12	NaN	16.849204272236488	426.58534601761386	433.2749284190785	0.1	1	609.8301772147632	15.439578804786615	15.681697610842045	0.1	1	0.08829463475464217	2.1387946863541756	2.172334617877257	0	1	NaN	NaN	NaN	NaN	9	299.8633059446546	293.5945643313194	97404.90413826705	1.1490726287636037	1014.0131797580729	0.025059777322768553	0.09826453610985887	0.011102301957666368	1504.2940961739773	2396.1630131437073	0.00966196712005262	62.77928871793995	891.86891696973	286.22809256285655	0.10486166372812052	0.3153058275913185	0.09636121146123916	0.34597574554748023	3.612791986355672e-15	1.2228705157715757e-14	0.34597574554748023	2.6882068639592496	89.39564382006125	71.60435617993876	16.171901601802187	NaN	0.23061005027726564	0.3005979609401251	-23.022358412124902	-0.08700672468660083	0.6813910963064423	0.16988994719628886	0	14.282399336541708	-2.1674092011694963	4.90268551445346	12.208380138316386	18.618550013433627	26.112781124834793	39.12170449672939	0.05965483867843956	1.0243733351834128	48.5343581198237	1.027372864979538	61.05539643329148	1.0972775192721305	0.9439427010640257	1.0972775192721305	1.3819913374263062	1.0972775192721305	0.008677535398117144	1.322326919502845	NaN	NaN	800000009	800000009	800000009	800000019	800000019	800000019	899999999	899999999	89999	89999	89	89	4	8	1	38	14	0	0	NaN	0	18000	0	0	0	0	0	0	0	NaN	NaN	NaN	NaN	0	9	0	0	0	0	0	0	18000	0	0	0	18000	18000	18000	18000	100	NaN	0.26721333112215023	0.2360538662761239	0.0979287244819761	0.716812695387378	5.15659667482049	0.30191609882478315	9.730202007218038e-7	NaN	0.041654143681819016	0.024026045419694882	0.03517563789115751	0.000008677535398117144	NaN	16.850451249269337	609.8231440409103	98.50215121629503	99.02343400107489	97.98086592271595	1.0425662892725587	0.0002815523764891419	57.60666372733564	141
DATA	2026-08-24T093000_AIU-1657.ghg	2026-08-24	10:00:00	236.416	1	18000	18000	0.2960071410585126	1	NaN	-53.23474437324309	2	NaN	218.54909759718782	1	NaN	25.412648096894205	2	NaN	4.95690387843749	1	NaN	0.12407790476957217	1	NaN	NaN	NaN	NaN	NaN	NaN	NaN	NaN	NaN	NaN	-7.367439730536467e-11	-2.808232983581162e-12	-3.84437573531251e-13	NaN	16.628682385358417	424.31386522465107	431.2893190865543	0.1	1	633.8323224350053	16.173490863805295	16.439372911394422	0.1	1	0.08676949579584216	2.122521371075704	2.1574142914072216	0.3	0	NaN	NaN	NaN	NaN	9	302.0572383753458	295.6890613192766	97379.90260939412	1.1403219839363485	1014.473484903551	0.02524503300921674	0.32120737132274935	0.01154469911974231	1575.395434996733	2723.9213060993484	0.010124069589442135	57.835570780592676	1148.5258711026154	286.9368034260443	0.5387951727110404	0.4658381172845685	0.1258039148971182	0.723278656297381	-4.356267403629017e-14	-4.430561339618532e-15	0.723278656297381	3.8663278926630023	120.15356154981203	40.84643845018801	10.016723195163989	NaN	0.509491972460397	0.6800776194683585	212.89488436843976	0.009408868634595271	-0.24358254030113224	-0.09032118562274435	0	17.27693815558146	-2.621842019963482	5.930613787892258	14.76806688144273	22.52223380323026	31.587753145211053	47.32421025377853	0.29256592379901203	1.0117621943622683	-39.68977779682958	1.0209708644566495	198.15061910164977	1.1029443086679118	23.040735508746128	1.1029443086679118	4.49424675342332	1.1029443086679118	0.09413021450770816	1.3880548392655552	NaN	NaN	800000009	800000009	800000009	800000019	800000019	800011019	899999999	899999999	89999	89999	89	89	2	7	1	21	10	2	2	NaN	0	18000	0	0	0	0	0	0	0	NaN	NaN	NaN	NaN	0	16	0	0	0	0	0	0	18000	0	0	0	18000	18000	18000	18000	100	NaN	0.6509250528738708	0.41222480957509056	0.2970053764877559	0.3026796022735834	19.48401950757939	0.2233272876835153	4.188214811039373e-7	NaN	-0.03430919039804211	0.59122892912708	0.11532308481431484	0.00009413021450770815	NaN	16.630113101507597	633.881202532017	98.32430600187513	98.91791901736788	97.73069380611844	1.187221327496899	0.0002836319534091875	57.26233740592618	126
DATA	2026-08-24T100000_AIU-1657.ghg	2026-08-24	10:30:00	236.437	1	18000	18000	0.4448011834648578	0	NaN	42.61857000922725	0	NaN	76.06082528261022	0	NaN	-0.18317960339516248	1	NaN	1.727336262704822	0	NaN	0.020831961269315465	1	NaN	NaN	NaN	NaN	NaN	NaN	NaN	NaN	NaN	NaN	1.0607768265282184e-10	4.006455923181779e-12	5.712054861055238e-13	NaN	15.888148505694828	407.4339857637594	413.8017342982473	0.1	1	600.0806682152707	15.388404655400441	15.628908625654287	0.3	0	0.08555425951578086	2.1046010768558947	2.137493694779529	0	1	NaN	NaN	NaN	NaN	9	303.31825036197245	297.0060419141038	97364.95187696212	1.1354303262849907	1014.0662026237628	0.025361366537666116	0.11193138982327247	0.010933916207933016	1498.6931795110881	2949.49805137307	0.009629755304940327	50.811804361538954	1450.804871861982	286.1710210002992	-0.3510443564831258	-0.7684975128394287	0.46454992190166916	0.9641717675797729	-7.645511575998182e-14	6.676528899185463e-15	0.9641717675797729	5.851906310386613	275.5505931976179	245.4494068023821	28.8038403408212	NaN	0.6258967871203966	1.0975011821988143	-492.9074159943829	-0.004063846343149414	0.5603222138449651	0.05913837042313684	0	16.293705415042503	-2.4726326582505047	5.593101805431199	13.927614323151168	21.240490622465607	29.79009010950699	44.630983449199604	0.43887861931683253	1.0134947657218856	46.41131749124727	1.021510775496333	69.51041299254535	1.0942364173662351	-0.16740404586064261	1.0942364173662351	1.5785768370444317	1.0942364173662351	0.0012203342337319223	1.3068365815843237	NaN	NaN	800000009	800000009	800000009	800000019	800000019	800011119	899999999	899999999	89999	89999	89	89	8	3	1	68	8	21	8	NaN	0	18000	0	0	0	0	0	0	0	NaN	NaN	NaN	NaN	0	3	0	0	0	0	0	0	4	0	0	0	18000	18000	18000	18000	100	NaN	1.081570133295591	0.5944979510385852	0.5189342800634528	0.05316890943716384	0.6354029243096719	0.08866627134046855	1.215315279820712e-7	NaN	0.04030854286059128	-0.004311967466026786	0.040660737492721234	0.0000012203342337319222	NaN	15.889354400617805	600.1178008122607	98.2172940750122	98.8499021610684	97.5846903105842	1.2652060955795954	0.00028565788823470945	57.18873414243597	097
DATA	2026-08-24T103000_AIU-1657.ghg	2026-08-24	11:00:00	236.458	1	18000	18000	0.4712385534231451	0	NaN	37.06077215469904	1	NaN	55.33521801447131	1	NaN	-3.7784936049634585	2	NaN	1.2574165245245552	1	NaN	0.018615854925458863	2	NaN	NaN	NaN	NaN	NaN	NaN	NaN	NaN	NaN	NaN	6.448032907677919e-10	2.4097388610791406e-11	3.4806005596596797e-12	NaN	15.746460001532304	405.00316321312084	411.2273576432212	0.1	1	588.4718197535609	15.135652612636823	15.368261276579366	0.3	0	0.08499822857406814	2.0965873242573148	2.1288082260456656	0	1	NaN	NaN	NaN	NaN	9	303.86056694030765	297.627108142429	97355.37366796876	1.133058443361358	1013.9408806980347	0.025416899795745837	0.08148059078919118	0.010730831334454497	1473.9323765444697	3061.418049903025	0.009470677701866957	48.14541341686931	1587.4856733585552	285.9164463727107	-0.8141862127348385	-1.0185681873751278	0.5929194656634361	1.4324572713009176	-6.284847029222916e-14	4.094909526998738e-14	1.4324572713009176	6.631236182780535	289.636877238235	231.36312276176503	24.45117941898902	NaN	0.6449027834072082	1.6227566190941798	-619.9860483970151	-0.003230879154747192	0.6697501787199406	0.05002133372238737	0	17.738200693871846	-2.69184038971131	6.0889502908529645	15.162347161549874	23.1235361079845	32.43108817734712	48.58767980768174	0.46561255642060534	1.012083001038008	39.68832502794758	1.0221232615819396	50.325651165854794	1.0995430110205	-3.4364218289711013	1.0995430110205	1.1435810258641275	1.0995430110205	0.002095445950693226	1.3051859211701329	NaN	NaN	800000009	800000009	800000009	800000009	800000019	800000019	899999999	899999999	89999	89999	89	89	10	6	0	28	8	12	9	NaN	0	18000	0	0	0	0	0	0	0	NaN	NaN	NaN	NaN	0	0	0	0	0	0	0	0	0	0	0	0	18000	18000	18000	18000	100	NaN	1.7572600974982642	1.0427290849389677	0.4455240557511281	0.05595002755938487	1.5024109384967013	0.17312553809201556	2.2581202429961455e-7	NaN	0.03454600453598054	-0.08868586783276362	0.029513104258858766	0.000002095445950693226	NaN	15.747656447628202	588.509732524866	98.15631314108109	98.80516557947794	97.50746229256522	1.2977013357414169	0.00028575160199478784	56.39545197031233	229
DATA	2026-08-24T110000_AIU-1657.ghg	2026-08-24	11:30:00	236.479	1	18000	18000	1.0573328969589992	1	NaN	34.19488237090645	1	NaN	171.44674686276008	0	NaN	-0.8630205169186684	2	NaN	3.897262995716133	0	NaN	-0.00039777492650766333	2	NaN	NaN	NaN	NaN	NaN	NaN	NaN	NaN	NaN	NaN	-6.558318494132292e-10	-2.422815416262397e-11	-3.539858749945106e-12	NaN	15.671663640886118	403.4575555027885	409.56198834692066	0.1	1	578.9524906664569	14.904783690427157	15.130297501864256	0.2	0	0.08458795606681964	2.0896873130186564	2.1213049037505	0	1	NaN	NaN	NaN	NaN	9	304.47182488928894	297.9898874244898	97352.88855814708	1.1317495061416198	1013.8215018155931	0.02544853019504861	0.2525426421224054	0.01055401646558107	1451.4129673568507	3128.4928001142384	0.009325399665127318	46.39336127939472	1677.0798327573877	285.6816283788372	-1.486661615093	-2.1389130619147667	1.0496187773158179	2.808346741752909	-4.763434214150453e-14	-4.1848259664163306e-14	2.808346741752909	8.220748147913778	285.80141445305367	235.19858554694633	21.947058279233648	NaN	0.9665642222375411	2.2590511286603827	-2262.162178672394	-0.0008854802802757355	0.1994490009091792	0.030833199088481835	0	21.68863303097382	-3.291333737732032	7.445005876372533	18.539117306790498	28.273323640870274	39.653738415342175	59.40852600339168	1.0436023037785283	1.013156921109466	43.298991388014066	1.0284867198274166	152.67395023579917	1.1229600504733583	-0.7685229020879966	1.1229600504733583	3.4705268402676746	1.1229600504733583	-0.018326536128898105	1.310010799763435	NaN	NaN	800000009	800000009	800000009	800000019	800000019	800001119	899999999	899999999	89999	89999	89	89	22	0	0	7	29	24	8	NaN	0	18000	0	0	0	0	0	0	0	NaN	NaN	NaN	NaN	0	2	0	0	0	0	0	0	0	0	0	0	18000	18000	18000	18000	100	NaN	1.8423528909233937	2.0703561560071155	0.6053932103902558	0.1544273373510206	0.4108739238066947	0.3179825650585574	2.765881776972413e-7	NaN	0.03773687806083007	-0.019853773860592977	0.08965647591840176	-0.000018326536128898106	NaN	15.672805281319654	578.974112391883	98.13642912504409	98.79005867703756	97.48280262480841	1.3072425593535097	0.00028672183631796435	56.09988562276626	195
DATA	2026-08-24T113000_AIU-1657.ghg	2026-08-24	12:00:00	236.499	1	18000	18000	0.6833802352746816	0	NaN	56.19202841789711	0	NaN	319.678150331852	0	NaN	1.1007140990852669	1	NaN	7.266736496986804	0	NaN	0.08688175782056566	0	NaN	NaN	NaN	NaN	NaN	NaN	NaN	NaN	NaN	NaN	2.937508808793524e-10	1.0844745058520137e-11	1.579814004571428e-12	NaN	15.614969341977401	401.6618541879014	407.7075954996565	0.1	0	576.4760980577394	14.828620752934242	15.05181846052742	0.2	0	0.08397846220430977	2.074458164343989	2.1056825320376533	-0.8	0	NaN	NaN	NaN	NaN	9	304.71979826015894	297.9803849809435	97363.87501779514	1.131946104484742	1013.778788632141	0.025444847180525317	0.47088452500474487	0.010501605635531493	1444.1592542244016	3126.719665290767	0.009277478489412521	46.18767938346987	1682.5604110663653	285.6053086253262	-1.5724021662516288	-2.4184206602695184	1.1280533285900907	3.097371688156694	-6.226866591076799e-14	1.881213305297167e-14	3.097371688156694	7.774720108895243	284.03100749269674	236.96899250730328	21.358170128072413	NaN	0.7769951937161598	1.7744911466432791	-715.1584339538207	-0.0028009178175046794	0.17577688171545414	0.0630213101848572	0	20.199660622537845	-3.065376430259557	6.933889831634667	17.266366086962723	26.332297724856325	36.93142196932819	55.32999989625649	0.6741109757996546	1.013750346467852	73.17624415766187	1.030158827779108	283.30447245878435	1.1283907647393718	0.975472445788319	1.1283907647393718	6.4399113534620485	1.1283907647393718	0.036854254716134016	1.311901626344861	NaN	NaN	800000009	800000009	800000009	800000009	800001019	800001119	899999999	899999999	89999	89999	89	89	8	2	0	13	7	13	7	NaN	0	18000	0	0	0	0	0	0	0	NaN	NaN	NaN	NaN	0	0	0	0	0	0	0	0	0	0	0	0	18000	18000	18000	18000	100	NaN	1.7596520578535877	1.3219901334058002	0.4673401020271706	0.0861547377168177	0.35149085802244395	0.45930292744951784	2.3128334949113505e-7	NaN	0.06376776060478706	0.02519444641684013	0.16632966130876115	0.00003685425471613402	NaN	15.616094738332762	576.5002440880614	98.17711383077832	98.81302541732788	97.541205593533	1.2718137712445523	0.00028604395197665634	55.913323795000736	090
DATA	2026-08-24T120000_AIU-1657.ghg	2026-08-24	12:30:00	236.52	1	18000	18000	1.0404535725172994	0	NaN	93.19146600112784	1	NaN	370.3451556115387	0	NaN	-1.8577409375315685	1	NaN	8.420223574909434	0	NaN	0.0676590638498306	1	NaN	NaN	NaN	NaN	NaN	NaN	NaN	NaN	NaN	NaN	-9.546950854449261e-10	-3.402570822897247e-11	-5.130226370146022e-12	NaN	15.58075064993502	401.2608903716323	407.08261793301807	0.1	1	555.3040794757972	14.301095907621583	14.508584566998062	0.2	0	0.08372597604156991	2.069761108643233	2.0997904127214673	0	0	NaN	NaN	NaN	NaN	9	304.53202713945177	298.1950059068468	97367.59502777777	1.1314015332824754	1013.4905386697958	0.02546220103723668	0.5456304876541312	0.010121110594247418	1392.836828330464	3166.9818635881707	0.008945639807366687	43.9799433127283	1774.1450352577067	285.05547429078575	-2.115272095981113	-3.1656556949615013	1.4805454334435697	4.085066315198247	9.202729773495057e-14	-6.127401091865286e-14	4.085066315198247	10.368012696790474	284.75060793368993	236.24939206631007	21.249428323127198	NaN	0.958965474013571	2.7566787992529687	-810.644056848513	-0.0024709981934454917	0.2516340894138168	0.08474941529890964	0	21.8367655239144	-3.313813415034581	7.495854967638421	18.665738733767977	28.466429306342913	39.92457185687303	59.81428385111956	1.0238828259468256	1.0161842216223818	111.26470482205607	1.0361891077466134	322.8445072238146	1.147131660365508	-1.6194661883359063	1.147131660365508	7.340241635582194	1.147131660365508	0.009682256838871105	1.3195550655299289	NaN	NaN	800000009	800000009	800000009	800000009	800000019	800000119	899999999	899999999	89999	89999	89	89	12	0	1	4	2	27	13	NaN	0	18000	0	0	0	0	0	0	0	NaN	NaN	NaN	NaN	0	0	0	0	0	0	0	0	0	0	0	0	18000	18000	18000	18000	100	NaN	2.677098780118203	2.2504016716101622	0.5858571467775721	0.1109170031108028	0.11721823205865964	0.3928336201178359	8.190958346257552e-8	NaN	0.09703333505150606	-0.04183360047153126	0.1896110818238047	0.000009682256838871106	NaN	15.581914742505075	555.3049339381755	98.14979941982693	98.79476542536418	97.50483590571085	1.289919265998735	0.00028624431760464273	55.743154255867	143
DATA	2026-08-24T123000_AIU-1657.ghg	2026-08-24	13:00:00	236.541	1	18000	18000	1.5592956700361107	1	NaN	8.728399848202	1	NaN	445.0905515389292	1	NaN	1.358159840111239	1	NaN	10.119609928427842	1	NaN	0.0828521001835073	1	NaN	NaN	NaN	NaN	NaN	NaN	NaN	NaN	NaN	NaN	-1.2962364121265885e-9	-4.5121698102315514e-11	-6.945386504160778e-12	NaN	15.621268973223394	402.19981946643134	407.9107681792394	0.1	0	543.7728611777486	14.00048529804594	14.199282138874052	0.2	0	0.08370058863451811	2.068851129364272	2.0982273302534438	0.2	0	NaN	NaN	NaN	NaN	9	304.6638862262302	298.19131228129066	97361.16325651042	1.1314701086765784	1013.3231416068759	0.025463567683296676	0.6557507233621241	0.009907831947640245	1363.4691728669904	3166.285145595348	0.008756600701744494	43.06210938593849	1802.8159727283573	284.732776140265	-2.5485118280169554	-2.850685269047299	1.6884510305374791	4.179974392652129	1.940179181374814e-14	-8.297894456260134e-14	4.179974392652129	10.755326461451645	292.79670513238216	228.20329486761784	23.824601868865976	NaN	1.1739313315889914	3.227893606698895	-15876.26323448958	-0.00012616948777017424	0.019610391229431846	0.006484864307557156	0	22.639594902473398	-3.4356458705664745	7.771440313776203	19.351985211597505	29.51299848458393	41.392400010176466	62.01335789807749	1.534072898653754	1.0164417032622708	33.558354839857415	1.0367835066256068	387.39387409183155	1.1489354409187706	1.182102833406512	1.1489354409187706	8.807814232221334	1.1489354409187706	0.03894448015198527	1.320362990224625	NaN	NaN	800000009	800000009	800000009	800000009	800000019	800000119	899999999	899999999	89999	89999	89	89	10	5	2	7	4	32	13	NaN	0	18000	0	0	0	0	0	0	0	NaN	NaN	NaN	NaN	0	0	0	0	0	0	0	0	0	0	0	0	18000	18000	18000	18000	100	NaN	1.97793276603297	3.6756772268822817	0.8021772204825383	0.08587055276172381	0.11824235762013593	0.4944887569000458	7.188852179702396e-8	NaN	0.029269116669588705	0.03052807806280627	0.22746383211779528	0.00003894448015198527	NaN	15.622431235785534	543.7707745945971	98.1767439066569	98.81077661980524	97.5427148967319	1.2680482761131395	0.00028622198419018076	56.062659610006556	226
DATA	2026-08-24T130000_AIU-1657.ghg	2026-08-24	13:30:00	236.562	1	18000	18000	0.7633616454945035	0	NaN	16.46745435616004	0	NaN	420.9026020301479	0	NaN	-1.237948771995261	2	NaN	9.576500619091506	0	NaN	0.13389770098764542	0	NaN	NaN	NaN	NaN	NaN	NaN	NaN	NaN	NaN	NaN	8.28480447133211e-11	2.8264570429157045e-12	4.4438364372676635e-13	NaN	15.629327862365514	403.95776335098185	409.60269767370835	0.1	1	533.2126300081369	13.781487169850777	13.974070645157607	0.2	0	0.08383321161665883	2.0788818839101055	2.1079323262188034	0.1	0	NaN	NaN	NaN	NaN	9	304.57809731123183	298.92577559577086	97327.70005425348	1.1283960753055657	1013.2212603834315	0.025535062442838707	0.6205572401171295	0.009725545164093423	1341.680244580332	3307.482997169791	0.00861891083896209	40.564992948668404	1965.8027525894588	284.4893770894992	-1.448758699543144	-2.1384265718130337	1.027700647592537	2.779917011998749	-1.0533982242627239e-13	5.300806627315959e-15	2.779917011998749	9.628544741209577	285.11717536441233	235.8828246355876	21.696347607195356	NaN	0.8224971167431964	2.0598178745054296	-2893.459568125694	-0.0006922854641088193	0.039124144818141394	0.017511615913899128	0	20.484286161779675	-3.1085694539318625	7.031592568787113	17.50965971699358	26.70333586155904	37.45180823172209	56.10963334411507	0.7534889407100772	1.0131026538692425	40.38903622646869	1.0283257487315507	374.99029876012884	1.1224359761354463	-1.102912592179668	1.1224359761354463	8.531890301719883	1.1224359761354463	0.07855880175628363	1.3098355079439372	NaN	NaN	800000009	800000009	800000009	800000009	800000019	800000119	899999999	899999999	89999	89999	89	89	20	0	0	8	13	16	6	NaN	0	18000	0	0	0	0	0	0	0	NaN	NaN	NaN	NaN	0	0	0	0	0	0	0	0	0	0	0	0	18000	18000	18000	18000	100	NaN	1.989828773717273	1.6241299188387264	0.5056770564548603	0.06404785793278317	0.37966812584356585	0.621449124147613	1.8767080797958063e-7	NaN	0.03532625740414756	-0.028556599891590678	0.22090760355147668	0.00007855880175628363	NaN	15.630488942842879	533.2157339805469	98.08651746792262	98.75117958556282	97.42185410351222	1.329321268482337	0.0002871488633859876	55.94338094329837	022
DATA	2026-08-24T133000_AIU-1657.ghg	2026-08-24	14:00:00	236.583	1	18000	18000	1.5513101852845894	1	NaN	74.98609244320681	1	NaN	884.2475619728425	1	NaN	0.0312892888266785	2	NaN	20.11549739027549	1	NaN	0.1802148165607618	1	NaN	NaN	NaN	NaN	NaN	NaN	NaN	NaN	NaN	NaN	3.1102665599622696e-9	1.0823147551879968e-10	1.6672451952158176e-11	NaN	15.657037913154692	404.44805318603244	410.2215265138089	0.1	1	544.8357183942065	14.074037939552449	14.274944043607164	0.2	0	0.08392888753668663	2.0799967574469753	2.1096885947704154	0.1	0	NaN	NaN	NaN	NaN	9	304.7165784411961	298.7638533596463	97322.05970486111	1.1288166680360439	1013.3794592938973	0.025522709695672736	1.3034842308898518	0.00993680416539481	1370.0817720192276	3275.891106557053	0.008802850318186053	41.82317810493944	1905.8093345378252	284.8059667467318	-2.1028953924304283	-2.142351596022497	1.4495258960961652	3.3336113624624795	2.160198031208052e-13	1.986497431515506e-13	3.3336113624624795	9.905242085335962	295.46749650682284	225.53250349317716	25.773936249826512	NaN	1.1722968962913756	3.0763032917124575	-1839.8160023200796	-0.0010887501779928061	0.08480214780112656	0.05591748077206324	0	24.655536317885737	-3.7415727579070537	8.463447765916387	21.075181612706448	32.14098172343483	45.078183869087844	67.53533375648227	1.5294650991606251	1.0142828274642899	123.63702772419485	1.0315652100126986	780.5446052068071	1.1328597444326185	0.02761973755396298	1.1328597444326185	17.756388192918035	1.1328597444326185	0.07499518510601012	1.313582428654488	NaN	NaN	800000009	800000009	800000009	800000009	800000019	800000119	899999999	899999999	89999	89999	89	89	8	2	2	1	2	14	20	NaN	0	18000	0	0	0	0	0	0	0	NaN	NaN	NaN	NaN	0	0	0	0	0	0	0	0	0	0	0	0	18000	18000	18000	18000	100	NaN	1.6076225256083394	3.8986669347697194	0.6463171230468558	0.12404775884261005	0.06579139581291425	0.903008983165031	1.390221717695315e-7	NaN	0.1080819185675032	0.0007149961253165368	0.45966217936531645	0.00007499518510601012	NaN	15.658200996321352	544.8396915046243	98.07343115488689	98.74104495832655	97.40581625027126	1.335225368095772	0.00028747602546193063	55.90000304204451	129
DATA	2026-08-24T140000_AIU-1657.ghg	2026-08-24	14:30:00	236.604	1	18000	18000	0.8106576318041335	1	NaN	32.66226465211383	1	NaN	143.49961225077635	1	NaN	-2.4101674508194666	2	NaN	3.2654053584402662	1	NaN	0.07012276681370296	1	NaN	NaN	NaN	NaN	NaN	NaN	NaN	NaN	NaN	NaN	-1.412883408282934e-9	-4.543486682353908e-11	-7.573578431581674e-12	NaN	15.633696661889532	404.2764432099858	409.6014834160846	0.1	1	502.7413597104934	13.000539357640664	13.1717795966977	0.1	0	0.0838024051738786	2.07882592416028	2.106207761053221	0.2	0	NaN	NaN	NaN	NaN	9	304.81492531500925	299.07065397135415	97314.29982725694	1.1280289158771648	1012.7918219779808	0.025550956247248232	0.21159826722692923	0.009168726249290896	1265.4777449446742	3335.974339594942	0.008128095051678013	37.93427694945429	2070.496594650268	283.60983803161434	-1.272308843282114	-2.5732446021835855	0.9717222031725021	3.0306107660830532	-1.3211729399147333e-13	-9.03742370623794e-14	3.0306107660830532	8.76470195960818	277.3095219395616	243.69047806043838	18.70137764197515	NaN	0.847732086790016	2.2261942683670726	-1596.8804372154502	-0.0012543832044764054	0.22761221539075704	0.03372463464823373	0	21.970815693936427	-3.3341560455042893	7.541870053149687	18.78032280291998	28.641177241620056	40.169658320782226	60.181468034656596	0.7997749977265582	1.013607119638036	40.10384666723604	1.0297673335215172	127.31445975710726	1.1271273704852331	-2.138327498676462	1.1271273704852331	2.8971041285551387	1.1271273704852331	0.039077049525157385	1.3114473719592552	NaN	NaN	800000009	800000009	800000009	800000009	800000119	800001119	899999999	899999999	89999	89999	89	89	20	0	0	4	1	47	15	NaN	0	18000	0	0	0	0	0	0	0	NaN	NaN	NaN	NaN	0	0	0	0	0	0	0	0	0	0	0	0	18000	18000	18000	18000	100	NaN	2.741248488419302	1.2602627623360356	0.45087728597880755	0.03909467450647433	0.1953152045822504	0.3932177875632759	1.5399298506276431e-7	NaN	0.03510311143716311	-0.0553561654092396	0.07499907074447357	0.000039077049525157384	NaN	15.634834719681788	502.7703771154075	98.09160545158386	98.75531116400825	97.42790200530158	1.327386277003419	0.00028762993139227745	55.738777411354896	083
DATA	2026-08-24T143000_AIU-1657.ghg	2026-08-24	15:00:00	236.624	1	18000	18000	0.9757732406251982	1	NaN	-27.013934790298364	2	NaN	304.22347443230717	1	NaN	0.10297446022549851	2	NaN	6.9247443655618905	1	NaN	0.060170609479695034	1	NaN	NaN	NaN	NaN	NaN	NaN	NaN	NaN	NaN	NaN	-2.841163430902295e-9	-9.061229706566537e-11	-1.528202305473272e-11	NaN	15.551276741342123	402.69213638567425	407.9311672990418	0.1	0	495.97178835620593	12.842928742257548	13.010015443534535	0.1	0	0.08364706060441048	2.077602999361695	2.1046326464689242	0.2	0	NaN	NaN	NaN	NaN	9	305.11968994649243	299.3659492666909	97316.10321403394	1.1270046030860603	1012.7127255855959	0.025575710699484114	0.4487234348884105	0.00904880347686408	1250.1590310502772	3394.7093442793844	0.00802907410678348	36.82668836308447	2144.550313229107	283.4274159127385	-1.4134447702570503	-1.5450868063234589	0.9634455066774114	2.3050697607620885	7.567613682478452e-14	-1.8269647426112834e-13	2.3050697607620885	7.979878988749732	293.4522627064032	227.54773729359675	24.70636813230979	NaN	0.9304897791609427	2.2852495840435894	2553.216490664887	0.0007845398176471787	-0.08879635222333654	-0.025436905876471273	0	23.36397194260272	-3.5455728810706058	8.020095510845117	19.97117181050047	30.45729711623782	42.71679226774044	63.99753883577536	0.9643550609929825	1.011840223683234	-8.901274531342398	1.0263156016032804	270.0619599284025	1.1264950995429401	0.09141136989169237	1.1264950995429401	6.147158889880222	1.1264950995429401	0.0359863275488703	1.3817329793568902	NaN	NaN	800000009	800000009	800000009	800000019	800000019	800000019	899999999	899999999	89999	89999	89	89	4	3	0	7	19	32	7	NaN	0	18000	0	0	0	0	0	0	0	NaN	NaN	NaN	NaN	0	3	0	0	0	0	0	0	0	0	0	0	18000	18000	18000	18000	100	NaN	1.714867056738926	2.3898175178224017	0.4658145935258519	0.14078411207176045	0.07493689278322069	0.5251561298016435	1.3586146805527147e-7	NaN	-0.007799023671644543	0.0023683352709833586	0.15926392124406116	0.0000359863275488703	NaN	15.552417851161996	495.9729505821131	98.07745599852669	98.75213927586873	97.40277328279282	1.3493548696140434	0.00028774636691701334	54.74156168075846	239
DATA	2026-08-24T150000_AIU-1657.ghg	2026-08-24	15:30:00	236.645	1	18000	18000	1.26779833607203	1	NaN	38.25834803739397	1	NaN	565.7587198695999	1	NaN	5.433954248228162	1	NaN	12.879801052502321	1	NaN	0.04721746676116787	2	NaN	NaN	NaN	NaN	NaN	NaN	NaN	NaN	NaN	NaN	2.798508694353178e-10	8.963311576441114e-12	1.514582319627175e-12	NaN	15.507492293158387	401.84409950654907	407.08351627546745	0.1	0	496.68770182243367	12.870618827446975	13.038431509513702	0.1	0	0.08392817823423283	2.0861328667193164	2.113332767221782	0	1	NaN	NaN	NaN	NaN	9	305.24244568973126	299.5243403049045	97298.4258422309	1.1261921730072755	1012.7325032507282	0.025593891614782146	0.8346111082021503	0.009061871431481357	1252.626865317128	3426.5835218234643	0.008046469908668788	36.55614571596783	2173.956656506336	283.45693656866905	-2.1052472588837627	-2.843811938247238	1.4285374988185882	3.815763586319999	4.1650201154926804e-14	1.8046171756524598e-14	3.815763586319999	9.921580510123105	287.51219848578944	233.4878015142106	21.98586751864377	NaN	1.0610084345855053	2.834209217607086	-2672.505097875225	-0.0007495214888804381	0.06762308152530469	0.03161550504285187	0	23.013775431213656	-3.492429209400527	7.899884380828146	19.671829099698968	30.00078059487538	42.076521355472444	63.03829633656193	1.248481264052934	1.0154724564759483	69.30699702832611	1.0345124783457398	495.4019984952208	1.1420194540758557	4.75819761986929	1.1420194540758557	11.278092511064013	1.1420194540758557	-0.003000122714954264	1.3173213290901573	NaN	NaN	800000009	800000009	800000009	800000009	800000019	800100019	899999999	899999999	89999	89999	89	89	23	2	5	4	5	17	10	NaN	0	18000	0	0	0	0	0	0	0	NaN	NaN	NaN	NaN	0	0	0	0	0	0	0	0	0	0	0	0	18000	18000	18000	18000	100	NaN	1.967135651557834	3.0723205600334738	0.6289622236228649	0.07672821155645103	0.12599025096137476	0.8615600843510606	8.569841425118275e-8	NaN	0.06076728435837958	0.12336905618209508	0.2924148469189776	-0.000003000122714954264	NaN	15.508608339759956	496.6855354150099	98.0587468363444	98.73991921785142	97.3775762922499	1.362330187860461	0.00028833995304820647	54.84948260667594	120
DATA	2026-08-24T153000_AIU-1657.ghg	2026-08-24	16:00:00	236.666	1	18000	18000	0.5074329404629565	1	NaN	10.868164865502193	1	NaN	333.35008819793234	1	NaN	0.4646050591770864	1	NaN	7.589834114938592	1	NaN	0.14640452249428162	1	NaN	NaN	NaN	NaN	NaN	NaN	NaN	NaN	NaN	NaN	-2.852701788415073e-10	-9.121403216226221e-12	-1.5574980919356747e-12	NaN	15.459261401885112	400.85355737205066	406.05805909305155	0	0	494.3038814792495	12.817136871080267	12.98354879303292	0.1	0	0.08440338991601434	2.099125748203145	2.1263798497776523	0.2	0	NaN	NaN	NaN	NaN	9	305.17853742218017	299.6517727949355	97287.41000368923	1.1256086630989461	1012.7064632929249	0.025607679749338797	0.49182125064802074	0.009019357186398251	1247.2805299280521	3452.416691782231	0.008012871153253916	36.12775169628126	2205.1361618541787	283.3929178650156	-1.2584758571899088	-3.0154859283363837	1.0002309548080235	3.417217995691908	-4.392724619955784e-14	-1.845302769812284e-14	3.417217995691908	9.344450834787274	273.6526153462752	247.3473846537248	17.01986764695154	NaN	0.6714220732556866	1.6764922694513125	-2383.863712609676	-0.0008402745464870371	0.0326028558272018	0.014200040873028563	0	20.961835795279725	-3.181039453213773	7.19551990448365	17.91786196111974	27.32587003986542	38.32492126840402	57.417715775090855	0.5001901610293057	1.0144800517841983	29.654093653033613	1.0320697625640218	293.84307197027437	1.13444937109715	0.4095423480448114	1.13444937109715	6.690324229805252	1.13444937109715	0.09399223679766502	1.3142033027160074	NaN	NaN	800000009	800000009	800000009	800000009	800000019	800000119	899999999	899999999	89999	89999	89	89	8	0	0	10	5	53	9	NaN	0	18000	0	0	0	0	0	0	0	NaN	NaN	NaN	NaN	0	0	0	0	0	0	0	0	0	0	0	0	18000	18000	18000	18000	100	NaN	2.076834987472702	0.9580416113415787	0.3181079400883442	0.031879106297484396	0.07848997469041062	0.4908425107111823	5.420288614988862e-7	NaN	0.026014389961920962	0.010623630341369051	0.17354867407650512	0.00009399223679766503	NaN	15.460387120081842	494.2842417670937	98.05776694573296	98.74235009511312	97.37321084446378	1.3691147237386974	0.0002886318686634897	54.5759624127282	226
DATA	2026-08-24T160000_AIU-1657.ghg	2026-08-24	16:30:00	236.687	1	18000	18000	0.7754690449344164	1	NaN	8.970731785900444	0	NaN	377.5142648574444	1	NaN	0.010426382393104634	2	NaN	8.597951069389522	1	NaN	0.08078587294821599	0	NaN	NaN	NaN	NaN	NaN	NaN	NaN	NaN	NaN	NaN	2.0430615375377501e-10	6.3184002232925194e-12	1.1160255241653989e-12	NaN	15.453601847147096	401.33499370836296	406.3788630007982	0.1	1	477.92021712358115	12.411741238680962	12.567728634449713	0.2	0	0.08441553905660096	2.1019710278172705	2.128388029292353	0.4	0	NaN	NaN	NaN	NaN	9	305.35764353603787	299.9593127979902	97298.40769973332	1.1247549487681334	1012.4908249000802	0.025631064120788548	0.557147229296441	0.008726113746162351	1207.966596664183	3515.4614426217395	0.007758235476731587	34.361537350934874	2307.494845957556	282.9145918895144	-1.3880376019102953	-1.726771642062146	0.9880144545467111	2.425811462282223	-7.993805493470655e-14	1.3220617159325362e-14	2.425811462282223	8.543757328873058	289.79350121110565	231.2064987888944	24.03485765988065	NaN	0.8303348705864937	1.7986879650646626	-5462.509607782654	-0.00036669958385905703	0.023762629974493653	0.009486927596379941	0	21.173858698919453	-3.213214746830699	7.268300506251822	18.099095950218533	27.602263308418678	38.71256675749428	57.99847935600473	0.7658953299438445	1.0125000305084428	30.753727342028633	1.026387499941068	338.29674480564256	1.1159263890473818	0.009343252830507204	1.1159263890473818	7.704765434151281	1.1159263890473818	0.040853740179579115	1.3078553200307932	NaN	NaN	800000009	800000009	800000009	800000019	800000019	800000119	899999999	899999999	89999	89999	89	89	10	11	0	14	5	33	10	NaN	0	18000	0	0	0	0	0	0	0	NaN	NaN	NaN	NaN	0	1	0	0	0	0	0	0	0	0	0	0	18000	18000	18000	18000	100	NaN	1.346665172190674	1.776290643671592	0.47442011426705905	0.03532060269322412	0.07921115912209432	0.6885460955041792	2.0094280059738043e-7	NaN	0.027005284107437022	0.00024248801825125637	0.1999639028409662	0.00004085374017957912	NaN	15.454731958073264	477.9191460997842	98.02686033270093	98.72428448952569	97.32944552845424	1.3948285006946977	0.0002886711885851886	54.70204096412659	236
DATA	2026-08-24T163000_AIU-1657.ghg	2026-08-24	17:00:00	236.708	1	18000	18000	0.9533025505823464	0	NaN	9.322909431169764	1	NaN	511.28152320997896	0	NaN	0.5278782504539731	1	NaN	11.644228433729545	0	NaN	0.08935067789349428	0	NaN	NaN	NaN	NaN	NaN	NaN	NaN	NaN	NaN	NaN	6.348705222722056e-10	1.9772168715746428e-11	3.447878719908119e-12	NaN	15.464956924090682	401.3170601586214	406.3963922805485	0.1	0	481.6348007314918	12.498467551406439	12.656656360234127	0.1	0	0.08398766994572489	2.0911555721274415	2.117622609599647	0.1	0	NaN	NaN	NaN	NaN	9	305.48877509307863	299.9333096076117	97293.53316579861	1.1247590471520783	1012.5380576729574	0.025630126226665488	0.7545460025056745	0.008787408502926182	1216.3462517448254	3510.092329031981	0.007812703107546589	34.65282783829995	2293.7460772871555	283.01768403650425	-1.625160126522615	-3.920505806164031	1.3527960726204757	4.4543875479241	2.0061661968150963e-15	4.105220114019394e-14	4.4543875479241	9.60642008411297	273.5153845409965	247.48461545900355	17.679950635301015	NaN	0.9206310748408102	2.3671958254629257	-7164.008530186908	-0.00027960603223175384	0.01823439535353779	0.008891908486355852	0	20.984960449347568	-3.184548708684054	7.203457849912405	17.937628567610357	27.35601536196154	38.36720051127018	57.48105778519112	0.9371800311711873	1.0172032255008794	37.80904916045669	1.0385094740952514	443.01158346975285	1.154104186634405	0.45739219783386276	1.154104186634405	10.089408364149866	1.154104186634405	0.03997173232731365	1.3227518353035703	NaN	NaN	800000009	800000009	800000009	800000009	800000019	800000119	899999999	899999999	89999	89999	89	89	10	0	0	5	8	22	20	NaN	0	18000	0	0	0	0	0	0	0	NaN	NaN	NaN	NaN	0	0	0	0	0	0	0	0	0	0	0	0	18000	18000	18000	18000	100	NaN	2.590190506506151	1.547773947843119	0.5964271965765823	0.036556984308790286	0.07436713863641913	0.7638890256029198	7.741099263697235e-8	NaN	0.03319899253828658	0.011871434301937642	0.26186661929885185	0.00003997173232731365	NaN	15.466110000332712	481.625949101937	98.03629438739353	98.72961848280165	97.34298005400764	1.3866290887130621	0.0002881392473177079	54.614818285412255	194
DATA	2026-08-24T170000_AIU-1657.ghg	2026-08-24	17:30:00	236.729	1	18000	18000	1.1145240056299672	1	NaN	-4.396660369592094	1	NaN	581.2401278461076	0	NaN	2.383524722495209	1	NaN	13.235987118283502	0	NaN	0.14734338927106552	0	NaN	NaN	NaN	NaN	NaN	NaN	NaN	NaN	NaN	NaN	-2.576638272898859e-10	-7.991923764994201e-12	-1.3962868213304682e-12	NaN	15.459945429339498	401.0799346931464	406.1323188592265	0.1	0	479.51901740264844	12.44024159483678	12.59695070496479	0.2	0	0.0837778367593249	2.0847876050762326	2.1110495717677	0.2	0	NaN	NaN	NaN	NaN	9	305.3429249954224	299.8152381354438	97283.47396961806	1.1251105468850375	1012.5024628262222	0.02562268582880322	0.8576919652647709	0.008749010891274688	1210.5545507315971	3485.802808716939	0.007776134456740321	34.72814204246913	2275.248257985342	282.9464977122375	-1.7306266295074533	-2.7834411701734316	1.3412404610426387	3.5414035710315037	1.3222389487108867e-15	-1.6666541836615926e-14	3.5414035710315037	9.841323923253926	282.87161065122154	238.12838934877846	22.25512002698155	NaN	0.9952842135312244	2.1069375357369884	19192.49234504686	0.00010436893572694085	-0.00756427534672241	-0.003877792077799428	0	21.065102980804394	-3.1967106470244926	7.230968187552926	18.006133198115165	27.460489245863837	38.51372661892269	57.70058059500726	1.0982906519247748	1.014780562573981	28.938814834970984	1.0328247593093962	511.29159157424664	1.1368075231913988	2.096682748724127	1.1368075231913988	11.643120623556097	1.1368075231913988	0.08547969200216697	1.3151517691914936	NaN	NaN	800000009	800000009	800000009	800000009	800000019	810000119	899999999	899999999	89999	89999	89	89	33	4	0	18	20	39	18	NaN	0	18000	0	0	0	0	0	0	0	NaN	NaN	NaN	NaN	0	0	0	0	0	0	0	0	0	0	0	0	18000	18000	18000	18000	100	NaN	1.5196300457045124	2.003779767608283	0.690465258161181	0.029894031819411786	0.10297974378152401	0.6768831210720379	1.742630907776898e-7	NaN	0.025403260215602498	0.054399568659361436	0.3020870659406111	0.00008547969200216697	NaN	15.461036561740634	479.5060715983222	98.05153804800246	98.73864200252957	97.36445579083761	1.3741694452961282	0.00028819083932224497	54.71541388363308	048
DATA	2026-08-24T173000_AIU-1657.ghg	2026-08-24	18:00:00	236.749	1	18000	18000	0.746725163762498	1	NaN	7.549229321969567	1	NaN	517.8845534419795	1	NaN	0.5234386846910944	1	NaN	11.790867347755446	1	NaN	0.07280650300144839	1	NaN	NaN	NaN	NaN	NaN	NaN	NaN	NaN	NaN	NaN	8.201795933514727e-10	2.6391150907477652e-11	4.446072966699334e-12	NaN	15.44168029033795	400.2765132518134	405.49926703216914	0.1	0	496.8713171002969	12.879810655592212	13.047864682158199	0.1	0	0.08370707812753973	2.081429380541438	2.108587589444211	0.1	0	NaN	NaN	NaN	NaN	9	305.23433605109324	299.60698348151317	97294.18190256077	1.1258284850848508	1012.7399218824959	0.02560207005142349	0.7640482041345529	0.00906544633009217	1253.4667798246444	3443.3177081712765	0.008052244591598631	36.40287902710994	2189.850928346632	283.46697208551456	-2.8355723214724518	-1.033475090542265	1.7102253359792912	3.4689208484624316	-3.030381797212389e-14	5.311465966982034e-14	3.4689208484624316	8.455730496173674	320.9748253814646	200.0251746185354	29.538853384441968	NaN	0.8144122116189038	2.8442603422049837	-6125.007131896923	-0.00032703635389558103	0.014577050564253477	0.008129955683377686	0	22.339008059405394	-3.3900306574594423	7.668258577527283	19.09504809912217	29.121153176301373	40.84283139379156	61.19000396621924	0.7359768276409656	1.0146041773570291	36.9655850653427	1.0323833300397154	456.1134064422326	1.1354293606091805	0.4610050636793989	1.1354293606091805	10.384501015042812	1.1354293606091805	0.027504481342983587	1.3145939823613333	NaN	NaN	800000009	800000009	800000009	800000009	800000019	800000119	899999999	899999999	89999	89999	89	89	17	6	4	12	4	25	10	NaN	0	18000	0	0	0	0	0	0	0	NaN	NaN	NaN	NaN	0	0	0	0	0	0	0	0	0	0	0	0	18000	18000	18000	18000	100	NaN	0.7184276508078968	4.570897743658445	0.39919528994362585	0.04263362915543342	0.04864712838242137	0.8999229167225504	1.0417557154475113e-7	NaN	0.032421075794584336	0.011956725605203652	0.2693346320164819	0.00002750448134298359	NaN	15.442809946000946	496.8685326183347	98.06028752390543	98.74546599790786	97.37511256514655	1.370343226333458	0.00028845573389036055	55.615361816141295	174
DATA	2026-08-24T180000_AIU-1657.ghg	2026-08-24	18:30:00	236.77	1	18000	18000	0.2655787374142567	0	NaN	21.59990836974972	0	NaN	478.34386092026404	0	NaN	0.4004425252310971	1	NaN	10.888562251808882	0	NaN	0.07859664473395389	0	NaN	NaN	NaN	NaN	NaN	NaN	NaN	NaN	NaN	NaN	4.766617083701049e-10	1.5273534014810963e-11	2.584207079118678e-12	NaN	15.473357031471865	400.2078317714601	405.4066632140099	0.1	0	495.80832861866645	12.823744438076425	12.990329098603421	0.2	0	0.08388833857703727	2.084004152230551	2.111076052010882	0.1	0	NaN	NaN	NaN	NaN	9	305.0474010620118	299.41168740336104	97319.30668098958	1.126877749459946	1012.7033850313436	0.02557877623636839	0.7055788339172155	0.009034203849241827	1248.3326799980912	3403.886916248011	0.008017022124690501	36.673741246788715	2155.55423624992	283.40553571982525	-2.5304756255016647	-0.24809203623606094	1.5146423790601635	2.959560454889647	3.744752649722694e-14	3.0805319582596334e-14	2.959560454889647	7.158256671756665	335.40052182858017	185.59947817141983	30.78243440899481	NaN	0.4854653627843108	1.4762176600309047	-453.49538598698996	-0.004417023991634317	0.045155609038641444	0.03898832650438414	0	17.480613454722665	-2.652750532392493	6.000528927164184	14.942165463768411	22.78774512623741	31.960136550946114	47.882108452710604	0.2620518914819082	1.0134585784227852	48.64178151287385	1.0293539398730929	424.8925275110635	1.1257996550852705	0.3556960809343708	1.1257996550852705	9.67184720889274	1.1257996550852705	0.030612068456357888	1.3109777931777604	NaN	NaN	800000009	800000009	800000009	800000009	800000019	800000119	899999999	899999999	89999	89999	89	89	21	3	2	34	5	20	13	NaN	0	18000	0	0	0	0	0	0	0	NaN	NaN	NaN	NaN	0	0	0	0	0	0	0	0	0	0	0	0	18000	18000	18000	18000	100	NaN	0.9120039238474736	1.7785640235015139	0.26186737271282207	0.03305642375274388	0.059295139890388114	1.2163114954753693	9.605534963758093e-8	NaN	0.04262362745789525	0.009216492104942879	0.2506086184779219	0.00003061206845635789	NaN	15.474488698796359	495.7859384108813	98.09482450803121	98.7614245101081	97.42822615242004	1.3331893344223507	0.0002876934240662699	56.02101282698135	103
DATA	2026-08-24T183000_AIU-1657.ghg	2026-08-24	19:00:00	236.791	0	18000	18000	0.2976783723664538	1	NaN	10.175182539337623	0	NaN	498.0146468199809	0	NaN	1.0282684434466898	0	NaN	11.333044420457519	0	NaN	0.06867033199405656	0	NaN	NaN	NaN	NaN	NaN	NaN	NaN	NaN	NaN	NaN	-7.569586593134194e-11	-2.3424899436118146e-12	-4.101991851634945e-13	NaN	15.51519233514177	400.4398264019	405.4643572999064	0.1	0	480.13430550141	12.392040897172974	12.547530407136733	0.2	0	0.08407750113199905	2.0854905867073503	2.111658343257858	0.1	0	NaN	NaN	NaN	NaN	9	304.66299735599097	299.11354220013504	97334.72506572276	1.1283647505810013	1012.4559971880116	0.025549257864269457	0.7343812784456472	0.008740159185031194	1206.4994376445957	3344.449543004249	0.007745863366017804	36.07467902059669	2137.950105359653	282.8964771284251	-2.793627257918909	-0.03880986909545501	1.6376894429721658	3.238500605797253	9.826573627179523e-14	-4.878822272792035e-15	3.238500605797253	8.24619634246731	340.2040818395319	180.79591816046772	30.3774143763839	NaN	0.5136282306136126	2.086787345132694	-1140.167705208899	-0.0017568468137176333	0.020431492536033147	0.01734074114532113	0	17.59179360903188	-2.6696225497446964	6.03869347635389	15.037200587465785	22.932679686231904	32.16340933211488	48.186648120051885	0.29354990067438214	1.0140639519297645	38.425145946349154	1.0309953146241133	440.3066752191494	1.1310631313325175	0.9091167548139207	1.1310631313325175	10.019815964742781	1.1310631313325175	0.024649838320052582	1.3128957121530356	NaN	NaN	800000009	800000009	800000009	800000019	800000019	800010119	899999999	899999999	89999	89999	89	89	21	6	2	44	9	15	11	NaN	0	18000	0	0	0	0	0	0	0	NaN	NaN	NaN	NaN	0	3	0	0	0	0	0	0	0	0	0	0	18000	18000	18000	18000	100	NaN	0.651258033612828	3.233794589303866	0.28852206734869457	0.05177083252696605	0.029964609603385445	1.2898288408330572	6.45549683301169e-8	NaN	0.03363487808734465	0.02351878228664351	0.25921188777920423	0.00002464983832005258	NaN	15.51634644524152	480.11793892117873	98.13696772236294	98.7800766474406	97.49386492390103	1.2862132912642437	0.0002868512187544386	56.43987210379707	010
DATA	2026-08-24T190000_AIU-1657.ghg	2026-08-24	19:30:00	236.812	0	18000	18000	0.29113753466023173	1	NaN	35.029435403072995	0	NaN	499.27601826148083	0	NaN	1.0294022899014188	0	NaN	11.35610157919617	0	NaN	0.08289105287523085	0	NaN	NaN	NaN	NaN	NaN	NaN	NaN	NaN	NaN	NaN	4.1459566207056893e-10	1.2782297203445558e-11	2.2473633005414714e-12	NaN	15.571842054837637	400.785014012379	405.79927457449895	0.1	0	480.0916443649801	12.356504499367713	12.511097937322264	0.2	0	0.08440895445238342	2.0888040097122067	2.1149372412495873	0.2	0	NaN	NaN	NaN	NaN	9	304.42632263692224	298.6018670162624	97361.93445355902	1.1306295151762333	1012.4220981623217	0.025498424371974422	0.7358753823319119	0.008732469569313266	1203.375887423023	3244.5502749147404	0.007723546442135928	37.0891428845141	2041.1743874917174	282.8578464503102	-2.4371236577225175	-0.6917814875708902	1.5145932131480777	2.9516310661887446	8.650825242913407e-14	2.6624702498942204e-14	2.9516310661887446	8.287275259195905	325.1533211346285	195.84667886537147	30.87305813684333	NaN	0.5074449569177567	1.52263041616607	-319.43019345894766	-0.0062708536669919815	0.07016046059061339	0.060306241458050934	0	17.34320102142967	-2.63189766549972	5.953359685474678	14.824707382542533	22.60861414120834	31.70890279743871	47.50571450917263	0.2872759011830464	1.0134422464999067	62.85512817327493	1.0293080413334896	443.5440511972768	1.1256514813213352	0.9144946788441701	1.1256514813213352	10.088470337076195	1.1256514813213352	0.029382048427523736	1.3109246920966031	NaN	NaN	800000009	800000009	800000009	800000009	800000019	800000019	899999999	899999999	89999	89999	89	89	24	20	2	17	7	6	14	NaN	0	18000	0	0	0	0	0	0	0	NaN	NaN	NaN	NaN	0	0	0	0	0	0	0	0	0	0	0	0	18000	18000	18000	18000	100	NaN	0.567808249215064	2.1856351028898304	0.2918174802272455	0.05532381683271485	0.08517413368016834	1.0123929063973123	1.3435406787756408e-7	NaN	0.054910927801791194	0.023609988592700085	0.2604593280708958	0.000029382048427523735	NaN	15.573003121807467	480.08784848401916	98.1808395652771	98.80279324552748	97.55889279916552	1.243895095917918	0.0002861470951029332	56.51496733145949	091
DATA	2026-08-24T193000_AIU-1657.ghg	2026-08-24	20:00:00	236.833	0	18000	18000	0.36091519811055517	1	NaN	16.93315975174719	1	NaN	252.81077176112098	1	NaN	2.7937240833175028	1	NaN	5.742504936807251	1	NaN	0.05690952384691046	1	NaN	NaN	NaN	NaN	NaN	NaN	NaN	NaN	NaN	NaN	-3.831544508315915e-11	-1.2270601285095239e-12	-2.070526924832171e-13	NaN	15.69025692844782	401.6922508652436	406.9270739523305	0.1	0	502.4837540365903	12.864278201602596	13.03192450392335	0.1	0	0.08478852159325387	2.0855211723680465	2.1126995268376803	0.5	0	NaN	NaN	NaN	NaN	9	304.4097619043985	297.2195587129273	97395.46003365332	1.136059782064607	1012.6660523016066	0.025371648845700177	0.37211431990510985	0.009136745450583421	1253.2583765879276	2987.565382853389	0.00804248649131725	41.94915310576249	1734.3070062654615	283.4644825821145	-0.8057077080112535	-0.6865893599127688	0.6097903300000512	1.2216440178938914	2.758184864180715e-14	-2.441989653699671e-15	1.2216440178938914	4.511769646033503	300.5637953947563	220.43620460524372	29.944144008868307	NaN	0.5636402417491214	1.1025933035438618	-905.8115575509199	-0.0022113871072873743	0.06697958173929079	0.02611370996514305	0	23.134665608430886	-3.5107747601905306	7.941382066666284	19.775164204934427	30.15837315041282	42.29754715537004	63.36943326098257	0.3564657279508665	1.012482182186956	31.536170990808518	1.021652193481351	230.49400684337104	1.0968214541600425	2.547109260783895	1.0968214541600425	5.23558772034134	1.0968214541600425	0.02699023892254821	1.3055440494295594	NaN	NaN	800000009	800000009	800000009	800000019	800001019	810101019	899999999	899999999	89999	89999	89	89	5	1	0	16	27	7	8	NaN	0	18000	0	0	0	0	0	0	0	NaN	NaN	NaN	NaN	0	4	0	0	0	0	0	0	0	0	0	0	18000	18000	18000	18000	100	NaN	1.05589863600028	0.9741007252162244	0.17518724587121914	0.08986039030822059	1.765263084717137	0.9711141675066038	1.65041110650969e-7	NaN	0.027412050601475595	0.06546677039010541	0.1345670656622541	0.00002699023892254821	NaN	15.691472471445843	502.50975176076685	98.23821091418796	98.82001461834378	97.65640867445202	1.1636049308909346	0.000284934601457078	56.23004466425927	229
DATA	2026-08-24T200000_AIU-1657.ghg	2026-08-24	20:30:00	236.854	0	18000	18000	0.24834534867654012	1	NaN	57.05113325939132	1	NaN	376.66667404764763	0	NaN	-0.16688977172443742	2	NaN	8.544183933103858	0	NaN	0.051105419765159754	2	NaN	NaN	NaN	NaN	NaN	NaN	NaN	NaN	NaN	NaN	1.0440226781911632e-9	3.546671404968549e-11	5.580480725719344e-12	NaN	15.923625894710456	405.386145061907	411.0468596343934	0.1	1	540.9448453939182	13.771458021894025	13.963759347577012	0.5	0	0.08511451833877347	2.0810101246139356	2.110068849193916	0.4	0	NaN	NaN	NaN	NaN	9	303.407779665629	295.81245476728714	97435.36028843415	1.1415377201836854	1013.1340001765033	0.025241193152617313	0.55366311886513	0.009831614389463358	1342.1869049416766	2744.396447868736	0.008612605799728938	48.90645103348689	1402.2095429270591	284.4950762626279	-1.0918965963880325	-1.586166758940785	0.9174123290629789	2.1330280227621885	1.0793614924304917e-13	6.556438119649425e-14	2.1330280227621885	6.191336736359321	285.5430191746989	235.45698082530106	25.473816598410885	NaN	0.46642614024649187	0.648826293391738	-152.41656577611653	-0.013142272231368456	0.15146318267640121	0.10576068057957654	0	19.017310874786467	-2.8859502945037643	6.5280274240147165	16.25571130572717	24.790985414987105	34.769709539327536	52.09136076053602	0.24536856604504645	1.0121318825776044	77.73751184544177	1.0249049238119459	339.1194819650241	1.1107196551052059	-0.15025373050468782	1.1107196551052059	7.692475679017821	1.1107196551052059	0.005457271137191607	1.3065426258396637	NaN	NaN	800000009	800000009	800000009	800000019	800000019	800000019	899999999	899999999	89999	89999	89	89	9	6	0	6	5	3	10	NaN	0	18000	0	0	0	0	0	0	0	NaN	NaN	NaN	NaN	0	9	0	0	0	0	0	0	0	0	0	0	18000	18000	18000	18000	100	NaN	0.5328245494409592	0.569011410361356	0.19581662698116084	0.18628662969130214	6.130955122038313	1.207904895541553	1.268232299961852e-7	NaN	0.06721612613025943	-0.003845556559976541	0.19687930682682145	0.0000054572711371916065	NaN	15.924805695218861	540.9266038967264	98.30797275839912	98.84349471410115	97.77245179536608	1.071043046891681	0.000282888455347145	55.52556393335928	053
DATA	2026-08-24T203000_AIU-1657.ghg	2026-08-24	21:00:00	236.874	0	18000	18000	0.2761722057565527	1	NaN	4.5712586601356024	0	NaN	280.3238839235278	0	NaN	5.059278762280358	0	NaN	6.3591293746603705	0	NaN	0.044498341132079296	1	NaN	NaN	NaN	NaN	NaN	NaN	NaN	NaN	NaN	NaN	-5.254202263918195e-10	-1.7022107827097886e-11	-2.8176810913164623e-12	NaN	15.849369428367144	403.4310031626508	408.77367799526735	0.1	0	513.4740953044034	13.070006999517044	13.243094335173021	0.2	0	0.084995716389297	2.0779722167089365	2.1054909988006814	-0.1	0	NaN	NaN	NaN	NaN	9	303.40854846021864	295.8698947296142	97475.21142317708	1.1420873331051953	1012.7452831960347	0.02523577296080756	0.412071583477992	0.009332843916945426	1274.3434330487512	2753.9734487722467	0.008171742778698516	46.27290192709985	1479.6300157234955	283.7145279437499	-1.7203925769966195	-2.077342796604512	1.4030389925625693	3.0403325686905784	4.535700643054846e-14	-3.3150859961117714e-14	3.0403325686905784	6.400511411226251	290.630528050541	230.369471949459	27.48235988041825	NaN	0.49174542363927465	0.7969673399702126	-2229.507329983558	-0.0008984496139847956	0.01630706094733847	0.0080370362144722	0	19.077689786388486	-2.895113027282703	6.5487535505089065	16.307322291235	24.86969542434406	34.880101446602204	52.25674795367274	0.2724591938696076	1.013627772416893	20.45368250560624	1.029824168441353	248.66427741246642	1.1273186757684004	4.487886940072082	1.1273186757684004	5.64093322620232	1.1273186757684004	0.018875662180421117	1.3115123372275554	NaN	NaN	800000009	800000009	800000009	800000009	800001019	800001019	899999999	899999999	89999	89999	89	89	38	14	0	20	15	10	16	NaN	0	18000	0	0	0	0	0	0	0	NaN	NaN	NaN	NaN	0	0	0	0	0	0	0	0	0	0	0	0	18000	18000	18000	18000	100	NaN	0.5868512726527071	0.7911485452008675	0.21593486208685053	0.06327589299830752	1.3492188523145987	0.5984464123290478	5.5790332399399446e-8	NaN	0.017683652267666387	0.11475555410934166	0.14423902088234122	0.000018875662180421117	NaN	15.850574484771675	513.4881343407053	98.33651194296942	98.85598876274956	97.81703350660536	1.0389551525877585	0.0002830311655270634	55.57036444028218	154
DATA	2026-08-24T210000_AIU-1657.ghg	2026-08-24	21:30:00	236.895	0	18000	18000	0.5670871382274426	1	NaN	-75.64667934097567	2	NaN	415.6759648224338	1	NaN	26.41790135690301	1	NaN	9.4258613708251	1	NaN	0.09253472253828775	1	NaN	NaN	NaN	NaN	NaN	NaN	NaN	NaN	NaN	NaN	-6.089548911175086e-11	-1.9375006409485282e-12	-3.2470966326702937e-13	NaN	15.962155634958052	405.5682619337463	410.8700848148169	0.1	0	507.864986795607	12.903891222599313	13.072578351647884	0.2	0	0.08511412350644837	2.0768335447675703	2.103983114004875	0.7	0	NaN	NaN	NaN	NaN	9	302.96521971893316	295.46238966539175	97518.9019889323	1.1442473542756506	1012.6426979751461	0.02518972483874828	0.6107958168294665	0.009231070418746873	1258.71084873017	2686.656360102672	0.008067373181378663	46.85045945667825	1427.9455113725019	283.5294959779161	-1.1279899477289579	-1.0922907300386002	0.8838469720290958	1.801845118502138	2.447165185270198e-13	-3.814991565323808e-15	1.801845118502138	7.47153346972365	296.9211620360278	224.07883796397223	29.374980851184084	NaN	0.7039874876265022	1.7882568419373979	395.41309591325785	0.00506584132064109	-0.18198473268304075	-0.09273608894171934	0	21.048849838766984	-3.194244170015292	7.225389009842406	17.992240256757118	27.43930163370089	38.48401069160452	57.6560607209337	0.5608233248659685	1.011168960140827	-50.30433991121422	1.0240136126527186	371.86641754689197	1.1178099048699859	23.63362611281899	1.1178099048699859	8.432436794269984	1.1178099048699859	0.06634439394800676	1.3834849560234124	NaN	NaN	800000009	800000009	800000009	800000009	800000009	800111019	899999999	899999999	89999	89999	89	89	25	3	7	29	19	3	3	NaN	0	18000	0	0	0	0	0	0	0	NaN	NaN	NaN	NaN	0	0	0	0	0	0	0	0	0	0	0	0	18000	18000	18000	18000	100	NaN	1.675635200237694	1.5547673879625845	0.3461110956745174	0.6207612155495892	27.060241825385283	0.7465465382431778	2.2981789994434298e-7	NaN	-0.04341395005193382	0.6031090802515875	0.21518827347925754	0.00006634439394800676	NaN	15.963504564272684	507.8987726236338	98.35399770439996	98.86389677937825	97.84409968927172	1.0197927453418578	0.0002824856388663951	56.120667018715494	091
DATA	2026-08-24T213000_AIU-1657.ghg	2026-08-24	22:00:00	236.916	0	18000	18000	0.07605157160968118	0	NaN	-16.223867364184137	2	NaN	190.18343679431138	1	NaN	11.664558293683434	1	NaN	4.304544523830854	1	NaN	0.07197011606723028	1	NaN	NaN	NaN	NaN	NaN	NaN	NaN	NaN	NaN	NaN	4.394254253873342e-11	1.4809542266514292e-12	2.301343588606987e-13	NaN	16.441141213174017	414.40034702316086	420.26989758810214	0.1	0	554.100335663574	13.966145561759712	14.163961509938677	0.4	0	0.08610497421028546	2.083650501445547	2.113163246948186	0.2	0	NaN	NaN	NaN	NaN	9	301.4507774361506	293.530839904463	97555.65991377813	1.1517460204300642	1013.1874182783312	0.025015620878610208	0.27893448514423935	0.010060511732098503	1362.8420166400128	2386.757179575705	0.008735008894011102	57.10015364371024	1023.915162935692	284.7258183395194	-0.021890758865470556	-0.4413399669075493	0.2231336166058887	0.49502402221829567	6.109325827945927e-14	2.6727185156419056e-15	0.49502402221829567	3.2476332378838455	253.83958201106532	267.1604179889347	26.792012857155985	NaN	0.25696604272260665	0.5405991423978193	89.70032096100856	0.022331023774939653	-0.08530641594057792	-0.054104344820339885	0	16.61582072245657	-2.5215148988793987	5.7036735668300125	14.20295364315045	21.660400458331708	30.379019624868032	45.51330718021899	0.07504950569524343	1.0133520654820416	-4.939421995422595	1.021338147855623	172.6321867402082	1.1016684685835314	10.5880840074157	1.1016684685835314	3.9072957487522686	1.1016684685835314	0.047842178327975826	1.389677538720059	NaN	NaN	800000009	800000009	800000009	800000019	800000019	800000019	899999999	899999999	89999	89999	89	89	8	7	0	19	5	0	2	NaN	0	18000	0	0	0	0	0	0	0	NaN	NaN	NaN	NaN	0	5	0	0	0	0	0	0	0	0	0	0	18000	18000	18000	18000	100	NaN	0.5343455058941232	0.46356073007340326	0.08329204882811199	0.6681471835289594	34.47767877735356	0.92462436769077	7.7384423663175e-7	NaN	-0.004232818268462606	0.26862008894700323	0.09912823990034238	0.00004784217832797583	NaN	16.44262866893342	554.1427769979989	98.41754335954454	98.88405431408353	97.9510324796041	0.9330221988360131	0.0002799652621696522	56.55174515167874	188
DATA	2026-08-24T220000_AIU-1657.ghg	2026-08-24	22:30:00	236.937	0	18000	18000	0.117590966872029	1	NaN	44.324550520718915	0	NaN	267.37981816835475	1	NaN	1.144383632754176	2	NaN	6.051182182137602	1	NaN	0.021857227615669803	2	NaN	NaN	NaN	NaN	NaN	NaN	NaN	NaN	NaN	NaN	7.014453822649266e-10	2.4012198807156042e-11	3.67689572813759e-12	NaN	16.402186049940674	413.29724561963883	419.22856690500925	0.1	1	561.4871268115129	14.14818014230015	14.351223842486117	0.5	0	0.08597836601961817	2.079769647391239	2.109616887141759	0	1	NaN	NaN	NaN	NaN	9	301.4622733968099	293.42862352498366	97568.46650130209	1.1522187440862006	1013.2867265409591	0.025003627334392483	0.3921166054025166	0.010196528972492104	1380.7865223119447	2371.7373218760913	0.008849473266101696	58.218357892168065	990.9507995641466	284.92379427393354	-0.1622048641829219	-0.4267614472943651	0.27177051508101674	0.5313143737270106	-2.3134737777149486e-14	4.2765359454477326e-14	0.5313143737270106	2.6761157796810195	271.81095730537595	249.18904269462405	30.76419894971066	NaN	0.3194622253968568	0.4803059173595053	-63.094076581540534	-0.03174782972552526	0.16577373275349497	0.11883860303060276	0	18.95381364212067	-2.8763143444728385	6.506230878808059	16.201434826275168	24.708210359182726	34.6536163466108	51.91743200289685	0.11546899496648295	1.0183769842819017	59.09857770441384	1.0236820068350851	244.48115897674703	1.093662265376391	1.046377541754473	1.093662265376391	5.532953246818887	1.093662265376391	-0.00845595235234268	1.3137287565188507	NaN	NaN	800000009	800000009	800000009	800000009	800000019	800000019	899999999	899999999	89999	89999	89	89	4	5	0	4	3	0	4	NaN	0	18000	0	0	0	0	0	0	0	NaN	NaN	NaN	NaN	0	0	0	0	0	0	0	0	0	0	0	0	18000	18000	18000	18000	100	NaN	0.5927956368558414	0.27518568338516625	0.09263051447800293	0.7523333177625612	27.949652397884297	0.5264846667610439	4.70463663385785e-7	NaN	0.05061855455011061	0.026538810697039263	0.140329845541878	-0.00000845595235234268	NaN	16.403792409421563	561.5104205615664	98.44175620820786	98.89116254446242	97.99235071775648	0.898810234927465	0.0002801012894552615	56.731294961805695	118
DATA	2026-08-24T223000_AIU-1657.ghg	2026-08-24	23:00:00	236.958	0	18000	18000	0.15219642310677878	0	NaN	128.55163720520804	0	NaN	189.3055506447989	0	NaN	-13.573191388696443	0	NaN	4.279955841865217	0	NaN	0.0363352444962707	0	NaN	NaN	NaN	NaN	NaN	NaN	NaN	NaN	NaN	NaN	9.102152215802574e-10	3.1240957410359407e-11	4.709234229818774e-12	NaN	16.689210760626036	418.93940204390714	425.0512529304601	0.1	1	572.8171867748281	14.37909156699497	14.58886621008847	0.1	1	0.08634595502166083	2.079066464427347	2.109397686918759	0	1	NaN	NaN	NaN	NaN	9	300.4654302885267	292.39020809042324	97589.38080606551	1.1564571496646836	1013.392294995908	0.02490980237793135	0.277341138552866	0.01040197872891923	1403.6230486340423	2223.7755590037227	0.00899469447003315	63.11891696763146	820.1525103696804	285.1724933309434	0.10730624844725982	-0.3152270415624804	0.1907426161704701	0.3837518264602624	-9.82223159887369e-14	5.453914116344433e-14	0.3837518264602624	4.269906043247026	232.20094308533794	288.79905691466206	29.804809239579164	NaN	0.362775083047384	0.6525522037714971	-31.862709887906988	-0.06286659254805714	0.6790695611795045	0.30236604443547865	0	17.674628291500447	-2.682193032387552	6.0671279423188595	15.108006428164108	23.04066306087695	32.31485755043438	48.41354514857318	0.1488184117152628	1.0226988808211392	136.81025831251205	1.026308693762918	172.70406757515704	1.0961267635599679	-12.382866507714708	1.0961267635599679	3.9046175899992654	1.0961267635599679	-0.014406910334886723	1.3199169767270174	NaN	NaN	800000009	800000009	800000009	800000019	800000019	800000019	899999999	899999999	89999	89999	89	89	7	2	0	1	11	0	3	NaN	0	18000	0	0	0	0	0	0	0	NaN	NaN	NaN	NaN	0	11	0	0	0	0	0	0	0	0	0	0	18000	18000	18000	18000	100	NaN	0.6233821387223838	0.5394711325490732	0.14225113627153732	0.6067316250085213	35.21524110277144	0.5872365103922498	7.37195148936977e-7	NaN	0.11673780403534405	-0.3129559874631294	0.09868259928206585	-0.000014406910334886722	NaN	16.690677799922366	572.8465742078033	98.46715420193142	98.8921945529514	98.04211537467108	0.8500776362485364	0.0002790450693282764	56.65962472503274	057
DATA	2026-08-24T230000_AIU-1657.ghg	2026-08-24	23:30:00	236.979	0	18000	18000	0.16542625634696637	1	NaN	19.98089074561273	2	NaN	131.66230209620073	1	NaN	9.555081503829184	2	NaN	2.974606492628842	1	NaN	0.013356520521727235	2	NaN	NaN	NaN	NaN	NaN	NaN	NaN	NaN	NaN	NaN	7.699435319784733e-10	2.606278175128259e-11	3.955082168283478e-12	NaN	16.811173146480705	420.97911000614647	427.06489082845036	0	0	569.0624292587722	14.25024850555682	14.456253713432613	0.1	1	0.08635642534552893	2.072303148551377	2.102260888637981	-1.4	0	NaN	NaN	NaN	NaN	9	299.9174132029215	291.6557821740045	97603.19294878472	1.159590143991287	1013.3040374457644	0.024843717707750106	0.19275450072234893	0.010336193861590242	1391.2428405440596	2124.0689547664138	0.008913661361430049	65.49894895935975	732.8261142223541	285.0381136272356	-0.185247109611001	-0.9364297589648372	0.4212998275531799	1.0434130197532445	-1.3347518106551804e-14	4.579951234037794e-14	1.0434130197532445	3.3044108743114498	262.18993311131214	258.81006688868786	23.8141291267061	NaN	0.37770259018813457	0.7520031866138401	-231.37175897962274	-0.008657495663402966	0.15175863119128388	0.04502156562697098	0	20.772899090875462	-3.152367579397955	7.1306640478446734	17.756361707899227	27.079571963650455	37.979484714481785	56.900188870533704	0.16328700413476147	1.0131011786488493	27.27228553242961	1.0214885100458515	120.24807259082027	1.0949223489362756	8.726720678513878	1.0949223489362756	2.7167282643547206	1.0949223489362756	-0.0016180457271147966	1.306309477892517	NaN	NaN	800000009	800000009	800000009	800000009	800000019	801001019	899999999	899999999	89999	89999	89	89	4	0	0	6	10	0	4	NaN	0	18000	0	0	0	0	0	0	0	NaN	NaN	NaN	NaN	0	0	0	0	0	0	0	0	0	0	0	0	18000	18000	18000	18000	100	NaN	1.2100919408937334	0.1909437207174647	0.10297071161648223	0.24472900675765444	12.89860321741536	0.25841870592525945	1.4114947272282105e-7	NaN	0.02321011256506333	0.21993921422305568	0.06846960063599712	-0.0000016180457271147967	NaN	16.812567872948122	569.0997487938241	98.50291121122572	98.90281954108345	98.10300256941053	0.7998170268303813	0.000278514948182015	56.77996441789027	046
