DATAH	filename	date	time	DOY	daytime	file_records	used_records	Tau	qc_Tau	rand_err_Tau	H	qc_H	rand_err_H	LE	qc_LE	rand_err_LE	co2_flux	qc_co2_flux	rand_err_co2_flux	h2o_flux	qc_h2o_flux	rand_err_h2o_flux	ch4_flux	qc_ch4_flux	rand_err_ch4_flux	none_flux	qc_none_flux	rand_err_none_flux	H_strg	LE_strg	co2_strg	h2o_strg	ch4_strg	none_strg	co2_v-adv	h2o_v-adv	ch4_v-adv	none_v-adv	co2_molar_density	co2_mole_fraction	co2_mixing_ratio	co2_time_lag	co2_def_timelag	h2o_molar_density	h2o_mole_fraction	h2o_mixing_ratio	h2o_time_lag	h2o_def_timelag	ch4_molar_density	ch4_mole_fraction	ch4_mixing_ratio	ch4_time_lag	ch4_def_timelag	none_molar_density	none_mole_fraction	none_mixing_ratio	none_time_lag	none_def_timelag	sonic_temperature	air_temperature	air_pressure	air_density	air_heat_capacity	air_molar_volume	ET	water_vapor_density	e	es	specific_humidity	RH	VPD	Tdew	u_unrot	v_unrot	w_unrot	u_rot	v_rot	w_rot	wind_speed	max_wind_speed	wind_dir	yaw	pitch	roll	u*	TKE	L	(z-d)/L	bowen_ratio	T*	model	x_peak	x_offset	x_10%	x_30%	x_50%	x_70%	x_90%	un_Tau	Tau_scf	un_H	H_scf	un_LE	LE_scf	un_co2_flux	co2_scf	un_h2o_flux	h2o_scf	un_ch4_flux	ch4_scf	un_none_flux	un_none_scf	spikes_hf	amplitude_resolution_hf	drop_out_hf	absolute_limits_hf	skewness_kurtosis_hf	skewness_kurtosis_sf	discontinuities_hf	discontinuities_sf	timelag_hf	timelag_sf	attack_angle_hf	non_steady_wind_hf	u_spikes	v_spikes	w_spikes	ts_spikes	co2_spikes	h2o_spikes	ch4_spikes	none_spikes	head_detect_LI-7200	t_out_LI-7200	t_in_LI-7200	aux_in_LI-7200	delta_p_LI-7200	chopper_LI-7200	detector_LI-7200	pll_LI-7200	sync_LI-7200	chopper_LI-7500	detector_LI-7500	pll_LI-7500	sync_LI-7500	not_ready_LI-7700	no_signal_LI-7700	re_unlocked_LI-7700	bad_temp_LI-7700	laser_temp_unregulated_LI-7700	block_temp_unregulated_LI-7700	motor_spinning_LI-7700	pump_on_LI-7700	top_heater_on_LI-7700	bottom_heater_on_LI-7700	calibrating_LI-7700	motor_failure_LI-7700	bad_aux_tc1_LI-7700	bad_aux_tc2_LI-7700	bad_aux_tc3_LI-7700	box_connected_LI-7700	mean_value_RSSI_LI-7200	mean_value_LI-7500	u_var	v_var	w_var	ts_var	co2_var	h2o_var	ch4_var	none_var	w/ts_cov	w/co2_cov	w/h2o_cov	w/ch4_cov	w/none_cov	co2_mean	h2o_mean	avg_signal_strength_7200_mean	co2_signal_strength_7200_mean	h2o_signal_strength_7200_mean	delta_signal_strength_7200_mean	flowrate_mean	rssi_77_mean	CHK
DATAU		[yyyy-mm-dd]	[HH:MM]	[ddd.ddd]	[1=daytime]	[#]	[#]	[kg+1m-1s-2]	[#]	[kg+1m-1s-2]	[W+1m-2]	[#]	[W+1m-2]	[W+1m-2]	[#]	[W+1m-2]	[µmol+1s-1m-2]	[#]	[µmol+1s-1m-2]	[mmol+1s-1m-2]	[#]	[mmol+1s-1m-2]	[µmol+1s-1m-2]	[#]	[µmol+1s-1m-2]	[µmol+1s-1m-2]	[#]	[µmol+1s-1m-2]	[W+1m-2]	[W+1m-2]	[µmol+1s-1m-2]	[mmol+1s-1m-2]	[µmol+1s-1m-2]	[µmol+1s-1m-2]	[µmol+1s-1m-2]	[mmol+1s-1m-2]	[µmol+1s-1m-2]	[µmol+1s-1m-2]	[mmol+1m-3]	[µmol+1mol_a-1]	[µmol+1mol_d-1]	[s]	[1=default]	[mmol+1m-3]	[mmol+1mol_a-1]	[mmol+1mol_d-1]	[s]	[1=default]	[mmol+1m-3]	[µmol+1mol_a-1]	[µmol+1mol_d-1]	[s]	[1=default]	[mmol+1m-3]	[µmol+1mol_a-1]	[µmol+1mol_d-1]	[s]	[1=default]	[K]	[K]	[Pa]	[kg+1m-3]	[J+1kg-1K-1]	[m+3mol-1]	[mm]	[kg+1m-3]	[Pa]	[Pa]	[kg+1kg-1]	[%]	[Pa]	[K]	[m+1s-1]	[m+1s-1]	[m+1s-1]	[m+1s-1]	[m+1s-1]	[m+1s-1]	[m+1s-1]	[m+1s-1]	[deg_from_north]	[deg]	[deg]	[deg]	[m+1s-1]	[m+2s-2]	[m]	[#]	[#]	[K]	[0=KJ/1=KM/2=HS]	[m]	[m]	[m]	[m]	[m]	[m]	[m]	[kg+1m-1s-2]	[#]	[W+1m-2]	[#]	[W+1m-2]	[#]	[µmol+1s-1m-2]	[#]	[mmol+1s-1m-2]	[#]	[µmol+1s-1m-2]	[#]	[µmol+1s-1m-2]	[#]	8u/v/w/ts/co2/h2o/ch4/none	8u/v/w/ts/co2/h2o/ch4/none	8u/v/w/ts/co2/h2o/ch4/none	8u/v/w/ts/co2/h2o/ch4/none	8u/v/w/ts/co2/h2o/ch4/none	8u/v/w/ts/co2/h2o/ch4/none	8u/v/w/ts/co2/h2o/ch4/none	8u/v/w/ts/co2/h2o/ch4/none	8co2/h2o/ch4/none	8co2/h2o/ch4/none	8aa	8U	[#]	[#]	[#]	[#]	[#]	[#]	[#]	[#]	[#_flagged_recs]	[#_flagged_recs]	[#_flagged_recs]	[#_flagged_recs]	[#_flagged_recs]	[#_flagged_recs]	[#_flagged_recs]	[#_flagged_recs]	[#_flagged_recs]	[#_flagged_recs]	[#_flagged_recs]	[#_flagged_recs]	[#_flagged_recs]	[#_flagged_recs]	[#_flagged_recs]	[#_flagged_recs]	[#_flagged_recs]	[#_flagged_recs]	[#_flagged_recs]	[#_flagged_recs]	[#_flagged_recs]	[#_flagged_recs]	[#_flagged_recs]	[#_flagged_recs]	[#_flagged_recs]	[#_flagged_recs]	[#_flagged_recs]	[#_flagged_recs]	[#_flagged_recs]	[#]	[#]	[m+2s-2]	[m+2s-2]	[m+2s-2]	[K+2]	--	--	--	--	[m+1s-1K+1]	--	--	--	--	--	--	--	--	--	--	--	--	241
DATA	2026-09-26T233000_AIU-1657.ghg	2026-09-27	00:00:00	270	0	18000	18000	0.16809063456208165	1	NaN	35.264065996833814	1	NaN	228.8595395387015	1	NaN	1.4814996621055516	1	NaN	5.169914403840154	1	NaN	0.10446665218661942	1	NaN	NaN	NaN	NaN	NaN	NaN	NaN	NaN	NaN	NaN	-2.8611970168817714e-10	-7.906476214271053e-12	-1.5532979488112509e-12	NaN	16.64569689521478	419.46409531306915	424.3832242465281	0.2	0	459.9781343104182	11.591242660905332	11.727175194309524	0.3	0	0.09036681742402122	2.1655026303834806	2.1908978591137256	0	0	NaN	NaN	NaN	NaN	9	299.9993957841661	291.52751864675747	97133.70688824152	1.1556871717838624	1011.8186525279746	0.024952818827534615	0.33501045336884194	0.008370765554465065	1126.2023779496972	2107.063430671851	0.007243106749678946	53.44890721161631	980.861052722154	281.8741670380715	-2.3042175614613765	-0.20555769388768272	1.4670141266301764	2.739307026201319	4.478109379026902e-15	-1.7188808824845862e-14	2.739307026201319	9.29875745570981	335.9021769309643	185.09782306903583	32.380680028251604	NaN	0.381374465559611	2.934300145827771	-134.43250985101204	-0.014900413614385256	0.15408606548765014	0.07907474494059148	0	11.306423897116682	-1.7157934468500224	3.8811294485262917	9.664561092882026	14.739065463808833	20.67174888288052	30.97004671239376	0.1659291848440342	1.013026338435153	47.3327488326297	1.0280970355518975	204.0312387623709	1.1216887224080787	1.3207761052683304	1.1216887224080787	4.609045540496483	1.1216887224080787	0.06071010212334702	1.3095896929937203	NaN	NaN	800000009	800000009	800000009	800000019	800000019	800100119	899999999	899999999	89999	89999	89	89	29	11	5	49	16	7	19	NaN	0	0	0	0	0	0	0	0	0	NaN	NaN	NaN	NaN	0	0	0	0	0	0	300	0	0	18000	0	20	18000	18000	18000	18000	93	NaN	0.9041852144757442	4.484077425125103	0.4803376520546955	0.03201469945104757	0.10013791532792987	0.22550187359147614	1.9953492728278996e-7	NaN	0.040477972674178006	0.03334368528699242	0.11635777128517046	0.000060710102123347024	NaN	16.647000543978073	460.00447339672996	93.15945109833612	93.25155410745408	93.06734335666232	0.18420786300425737	0.0002798682476875708	40.39793644576453	122
DATA	2026-09-27T000000_AIU-1657.ghg	2026-09-27	00:30:00	270.02	0	18000	18000	1.0573162553882063	1	NaN	37.67477881169404	1	NaN	318.359463499556	1	NaN	3.2379437408884284	1	NaN	7.191954627923362	1	NaN	0.15030604303936973	1	NaN	NaN	NaN	NaN	NaN	NaN	NaN	NaN	NaN	NaN	3.2908767441680136e-10	9.267142565503123e-12	1.783712024998421e-12	NaN	16.6168828424832	418.93834526144076	423.9397089646799	0.1	0	467.93312015848835	11.797346645005584	11.938185558349836	0.3	0	0.09006637455095763	2.1588779599033545	2.1846510455865125	0	0	NaN	NaN	NaN	NaN	9	300.0415824805366	291.56294106176347	97106.27861206743	1.1551300390739376	1011.9338284559984	0.02496289968717083	0.4660386598894338	0.008516165703886998	1145.9037243083153	2111.74786729746	0.0073724735880943484	54.26328313402311	965.8441429891445	282.1308047399742	-1.927021215129415	-1.1148143627130418	1.330491132839025	2.5935359032474987	3.6057377154451195e-14	1.98044168413733e-14	2.5935359032474987	9.172577436841255	310.9498925441899	210.05010745581018	30.864051333978693	NaN	0.9567247645422817	2.688520850007537	-1986.1866357821445	-0.001008515495932332	0.11834037662193315	0.033688424691366056	0	23.041992348541676	-3.496711235466618	7.909570335448717	19.695948496234156	30.037564196434015	42.12811087967228	63.115586844655425	1.0439874844786479	1.012767174997519	54.814248727698875	1.0272889412504704	284.50732097956075	1.1189851368444304	2.893643207826264	1.1189851368444304	6.427211936170017	1.1189851368444304	0.0916430211240066	1.3087457586382527	NaN	NaN	800000009	800000009	800000009	800000019	800000019	800100019	899999999	899999999	89999	89999	89	89	30	6	5	39	1	2	11	NaN	0	0	0	0	0	0	0	0	0	NaN	NaN	NaN	NaN	0	0	0	0	0	0	300	150	0	18000	0	15	18000	18000	18000	18000	93	NaN	0.8571901150238638	4.010015550387043	0.509836034604167	0.03773227401133543	0.10422171124112595	0.2544574680572329	3.9404103889476686e-7	NaN	0.04689326520171168	0.07309629881725797	0.1623577512865014	0.0000916430211240066	NaN	16.618136149657104	467.9580741246856	93.14358554712932	93.23688190714518	93.05028871684604	0.18659273707411367	0.00028011550526167007	38.55842430580181	234
DATA	2026-09-27T003000_AIU-1657.ghg	2026-09-27	01:00:00	270.041	0	18000	18000	0.9489021121703143	1	NaN	21.90984065977137	0	NaN	341.18227826491386	0	NaN	4.786393905867981	0	NaN	7.707817198585558	0	NaN	0.22814494422775508	0	NaN	NaN	NaN	NaN	NaN	NaN	NaN	NaN	NaN	NaN	5.991796588774252e-10	1.6904014319805148e-11	3.2267304757906463e-12	NaN	16.59170586707222	418.5856240473982	423.5878183988217	0.2	0	468.08403691881534	11.809108133307461	11.95022968790985	0.3	0	0.0893504346708614	2.1421425249905215	2.1677416201883974	0.1	0	NaN	NaN	NaN	NaN	9	300.0117695863512	291.6005692373157	97072.47881223517	1.1545738086607502	1011.9411861026296	0.024974814306827728	0.49946655446834415	0.00852058916610686	1146.6468924706812	2116.733994853843	0.007379856620851577	54.17057104286055	970.0871023831617	282.14040920728866	-2.2964489987945984	-1.761259652873562	1.6040057602170643	3.30885902505891	9.034667654609596e-15	3.611320401156296e-14	3.30885902505891	9.645552914933202	303.5136275617284	217.4863724382716	28.99681398517896	NaN	0.9065668951141884	2.2345190645490165	-2905.115044061302	-0.0006895079780385219	0.06421740534471515	0.020685326950176525	0	21.333100585007053	-3.2373803174036206	7.322963092685634	18.23521351936715	27.809851189872877	39.0037117128571	58.434667552695316	0.9355929342378774	1.0142253938068466	40.38576535458642	1.0314164408940152	301.2942995641205	1.132388759954964	4.226811564306184	1.132388759954964	6.806688189745105	1.132388759954964	0.15623596948846116	1.313404407770244	NaN	NaN	800000009	800000009	800000009	800000019	800001019	800001019	899999999	899999999	89999	89999	89	89	30	6	0	30	4	3	8	NaN	0	0	0	0	0	0	0	0	0	NaN	NaN	NaN	NaN	0	0	0	0	0	0	300	0	0	18000	0	25	18000	18000	18000	18000	93	NaN	1.0763919492777252	2.8376099585818846	0.5550362212384237	0.033064574280001646	0.30312616558223526	0.2432243449177403	4.6500615389170385e-7	NaN	0.03456617657979214	0.1068256884228405	0.17202781356270244	0.00015623596948846117	NaN	16.59296676899183	468.1103878870149	93.13170018174914	93.22946447881063	93.03393638483684	0.19552538390581858	0.0002804972917349207	40.309582551526695	044
DATA	2026-09-27T010000_AIU-1657.ghg	2026-09-27	01:30:00	270.062	0	18000	18000	0.5244529649899081	1	NaN	31.56679731886369	0	NaN	303.7828664770423	0	NaN	3.4811661688305033	0	NaN	6.8633181345259615	0	NaN	0.21259929863980015	0	NaN	NaN	NaN	NaN	NaN	NaN	NaN	NaN	NaN	NaN	-5.04846065539965e-10	-1.4268561697241108e-11	-2.711000725320257e-12	NaN	16.56165082596965	418.01849659844027	423.016237749021	0.1	0	468.0851307928141	11.814537373730706	11.955789495558438	0.4	0	0.08893532200490181	2.132826081488901	2.158325701149819	0	0	NaN	NaN	NaN	NaN	9	300.0485876744588	291.66240981107376	97049.78563581393	1.1540567729693747	1011.9455965254447	0.024985951893482825	0.44474301511728226	0.008520706676695437	1146.905882368344	2124.9509217594286	0.0073832647372899666	53.9732880709886	978.0450393910846	282.1437550205158	-2.8102873158044437	-0.9824269641633725	1.7852377039517011	3.4713039620432298	-1.8410049167786008e-13	-3.048283476356937e-14	3.4713039620432298	9.579297513366736	321.7312724872929	199.2687275127071	30.94963967400298	NaN	0.6741238391662405	2.112035028712034	-828.9341259542177	-0.002416476698548458	0.1039123690053444	0.040096502985040056	0	18.839421343230693	-2.858954871787971	6.466963704328625	16.103654009702446	24.55908844431051	34.444470740687414	51.604093773904374	0.5169010749032676	1.0146099330283918	47.62207300336922	1.0323978112053822	267.53579330644317	1.1354849484722247	3.0657968417056978	1.1354849484722247	6.044393757715976	1.1354849484722247	0.1434001995644177	1.3146119444294637	NaN	NaN	800000009	800000009	800000009	800000019	800000019	800010119	899999999	899999999	89999	89999	89	89	30	9	0	78	2	12	3	NaN	0	0	0	0	0	0	0	0	0	NaN	NaN	NaN	NaN	0	0	0	0	0	0	300	0	0	18000	0	15	18000	18000	18000	18000	93	NaN	0.642188852496001	3.163119422878277	0.4187617820497907	0.029625324177644307	0.1451740724134069	0.2262767463373088	6.359197849917152e-7	NaN	0.04077781557840565	0.07751793662544455	0.15283104407830758	0.00014340019956441771	NaN	16.562932093041866	468.10963401785983	93.12668834559123	93.22582107374403	93.02755607880486	0.19825290372305446	0.0002811692831730599	40.141189894043954	058
DATA	2026-09-27T013000_AIU-1657.ghg	2026-09-27	02:00:00	270.083	0	18000	18000	1.0927196427066996	1	NaN	43.42407873292035	0	NaN	333.52627103576475	0	NaN	3.69039740940156	0	NaN	7.535376542450565	0	NaN	0.22642718530672729	0	NaN	NaN	NaN	NaN	NaN	NaN	NaN	NaN	NaN	NaN	3.70975070383787e-10	1.0498301721651938e-11	1.993051545965e-12	NaN	16.542596513923367	417.7479016040641	422.7455726800293	0.1	0	468.1424260747442	11.821935932485504	11.963366079817982	0.4	0	0.08887456378737603	2.1315290038639523	2.1570292656469263	0.1	0	NaN	NaN	NaN	NaN	9	300.0299545474582	291.6720903644454	97009.04502604165	1.1535307820040643	1011.9498845187057	0.024997274827713526	0.4882923999507966	0.00852218054254683	1147.142341441567	2126.2397293538215	0.007387909083571211	53.95169348049908	979.0973879122546	282.14680918320016	-2.490150606366377	-3.1005959245646757	1.9296068787654972	4.420172828792319	7.963467539099748e-14	2.2425443918162988e-14	4.420172828792319	11.771517282896935	289.7686442903189	231.23135570968105	25.88368191049852	NaN	0.9732844413484202	2.6704989578037375	-1812.9700729963815	-0.0011048720714343517	0.13019687654009088	0.038221052236648456	0	21.43372237940278	-3.2526500629045394	7.357503298585079	18.32122351581359	27.94102186135838	39.187680444687835	58.710286236469884	1.074340912229128	1.0171069818419536	60.277825084959275	1.0382938089466156	289.14764234889816	1.1534808595579602	3.1993573008361866	1.1534808595579602	6.5327278558729525	1.1534808595579602	0.1487647361553644	1.3224530047622618	NaN	NaN	800000009	800000009	800000009	800000019	800000019	800010119	899999999	899999999	89999	89999	89	89	15	0	3	48	14	12	12	NaN	0	0	0	0	0	0	0	0	0	NaN	NaN	NaN	NaN	0	0	0	0	0	0	300	150	0	18000	0	15	18000	18000	18000	18000	93	NaN	1.6583025444294153	3.050440585564875	0.6322547856131845	0.028712653902150387	0.06450000221494907	0.2145139976978316	3.76937227083309e-7	NaN	0.05163799612227089	0.08093224619543642	0.1652545462868782	0.0001487647361553644	NaN	16.543869036003393	468.16890608699975	93.12530884763929	93.22641469701131	93.0242057923211	0.20220647105409048	0.00028083117435421124	39.489627568757086	068
DATA	2026-09-27T020000_AIU-1657.ghg	2026-09-27	02:30:00	270.104	0	18000	18000	0.7734981871586504	1	NaN	31.942923007932404	0	NaN	262.52545037384147	0	NaN	2.267673055490148	0	NaN	5.93123090645908	0	NaN	0.16610825170324595	0	NaN	NaN	NaN	NaN	NaN	NaN	NaN	NaN	NaN	NaN	-5.068576376543314e-10	-1.4475794661966481e-11	-2.7130365692862515e-12	NaN	16.53133803517457	417.5191606983887	422.5578667257977	0.1	0	472.1330746680887	11.924298242159105	12.068203095112171	0.3	0	0.08848663075537669	2.122310573543827	2.1479230485762577	0	0	NaN	NaN	NaN	NaN	9	300.0601975970798	291.6685311768957	96989.86021605755	1.1532718887788147	1012.0066219324481	0.025001914249622163	0.3843437627385483	0.008594376248954858	1156.846248225932	2125.7658020872977	0.007452168333050532	54.42021162867613	968.9195538613658	282.2716710355547	-2.5796186281566005	-1.5997311867944561	1.7622093271110741	3.509836726870919	-1.692531959674167e-13	-3.0660412156346e-14	3.509836726870919	9.905283526169955	309.19518927536683	211.8048107246331	30.137528108701446	NaN	0.8189620870100887	2.482524571531521	-1468.130887982215	-0.0013643878869363216	0.12167552883899464	0.03341918059900425	0	21.082568148258815	-3.1993610535667485	7.236963414368018	18.021062160570192	27.483256855568683	38.545658515258836	57.748420394472156	0.7622899869736793	1.0147033286236227	45.675071720368436	1.0326322677273585	231.0518096487941	1.1362189751852119	1.9958063586471093	1.1362189751852119	5.220147732079766	1.1362189751852119	0.10886972328077009	1.3149059790413025	NaN	NaN	800000009	800000009	800000009	800000019	800000019	810110119	899999999	899999999	89999	89999	89	89	35	8	3	62	10	12	7	NaN	0	0	0	0	0	0	0	0	0	NaN	NaN	NaN	NaN	0	0	0	0	0	0	300	0	0	18000	0	15	18000	18000	18000	18000	93	NaN	1.0330536646414834	3.4654699876818613	0.4665254907396975	0.03083212648286905	0.06776294319272935	0.25116076737353277	3.927227148288466e-7	NaN	0.03913489541678783	0.05050133393712766	0.13208917923159744	0.00010886972328077009	NaN	16.53262006460915	472.15742502680376	93.11661200014751	93.2171958240933	93.01602868525187	0.20116454646488008	0.00028109725511361226	41.14951526122624	184
DATA	2026-09-27T023000_AIU-1657.ghg	2026-09-27	03:00:00	270.124	0	18000	18000	0.5685206951608445	1	NaN	18.266063303823415	0	NaN	215.7765896924437	0	NaN	3.5189304801075156	1	NaN	4.874778514929271	0	NaN	0.16402201017016782	1	NaN	NaN	NaN	NaN	NaN	NaN	NaN	NaN	NaN	NaN	4.785840281308106e-10	1.3572091183147643e-11	2.5563884753456174e-12	NaN	16.5267269636925	417.31549502359223	422.3133993656928	0.1	1	468.67891974220083	11.834586232895552	11.9763210369603	0.4	0	0.08827861328798753	2.1167473072010594	2.1420981525062204	0.4	0	NaN	NaN	NaN	NaN	9	300.05955729760063	291.6139866336456	96969.62065236582	1.1532861930150453	1011.955533258167	0.025002456115238793	0.31588564776741673	0.008529531922295863	1147.9031678826034	2118.5144330154753	0.007395850200891627	54.18434493498767	970.611265132872	282.15663243801026	-2.6725963411888	-1.9237617454888323	1.7233066285830723	3.716640444334125	-1.8704295490360964e-14	2.8958185682029476e-14	3.716640444334125	7.97265245616781	305.25328046585525	215.74671953414477	27.624388633259077	NaN	0.7021090852690256	1.7193045851721385	-1617.5027176300896	-0.0012383905004715384	0.08465266473002875	0.022291630897430182	0	20.082990179616672	-3.047671240428819	6.893840644029958	17.16663794713658	26.180206019153932	36.718111189539016	55.010421477818994	0.559998423953771	1.0152183842713405	29.710521048505022	1.0338999674177156	189.25338689093618	1.1401465159341768	3.086384452286193	1.1401465159341768	4.275571996056253	1.1401465159341768	0.11332683812487411	1.3165235381315585	NaN	NaN	800000009	800000009	800000009	800000019	800000019	800110119	899999999	899999999	89999	89999	89	89	11	12	8	81	13	15	12	NaN	0	0	0	0	0	0	0	0	0	NaN	NaN	NaN	NaN	0	0	0	0	0	0	300	0	0	18000	0	20	18000	18000	18000	18000	93	NaN	0.9008869266684995	2.150558382557952	0.38716386111782536	0.02457987749401719	0.10513797521413895	0.18854864063170043	4.0800983197296036e-7	NaN	0.025457265160310032	0.07809162175683554	0.10818041506877794	0.00011332683812487411	NaN	16.52799282278496	468.7042783189014	93.12208526844448	93.21806811057196	93.02610736550226	0.1919577455810368	0.000280884294140075	41.114288490669814	040
DATA	2026-09-27T030000_AIU-1657.ghg	2026-09-27	03:30:00	270.145	0	18000	18000	0.4690928764232301	1	NaN	35.7188410021033	0	NaN	292.27586578083185	0	NaN	2.6367123555212433	0	NaN	6.602640183700731	0	NaN	0.2500800752993994	0	NaN	NaN	NaN	NaN	NaN	NaN	NaN	NaN	NaN	NaN	-2.448942764651105e-10	-6.98773104428378e-12	-1.3017659681484072e-12	NaN	16.541905210647947	417.4233801348016	422.45508146450277	0.2	0	472.001168179658	11.910618549688229	12.054191425684479	0.4	0	0.08793055338974473	2.1079108969399893	2.13332005839999	0	0	NaN	NaN	NaN	NaN	9	299.9782510977851	291.5522019191246	96947.4114702507	1.153233091982533	1011.9963163424768	0.0250028852755849	0.4278510839038073	0.00858418328833407	1155.0133744290158	2110.326706893734	0.007443580441814175	54.731495870093106	955.3133324647181	282.24815802950525	-2.464235205057325	-1.0357583988463013	1.6005032646434771	3.1155836221740207	6.701465055377513e-15	-1.4804478283884325e-14	3.1155836221740207	7.741573718512293	318.2021873677147	202.79781263228531	30.91119996561146	NaN	0.6377799629558512	1.6665109128172673	-619.9053511816326	-0.003231299739842205	0.12220934118757411	0.047987757988186504	0	19.513389198393842	-2.9612320939936048	6.698315059437543	16.679751595476137	25.4376736121889	35.67669893094827	53.45019614429024	0.46271213395521554	1.0137898749563203	51.18382268501247	1.0302661240959878	258.94140783177903	1.128733593549891	2.335991743834546	1.128733593549891	5.849600137208009	1.128733593549891	0.17346006786664814	1.3120263425912955	NaN	NaN	800000009	800000009	800000009	800000019	800000019	800000119	899999999	899999999	89999	89999	89	89	30	3	1	44	4	2	12	NaN	0	0	0	0	0	0	0	0	0	NaN	NaN	NaN	NaN	0	0	0	0	0	0	300	0	17996	18000	0	15	18000	18000	18000	18000	93	NaN	0.6550202696266227	2.334707296330583	0.3432942596773288	0.034962930419331344	0.0925216230808179	0.24237498852241804	6.249864639570549e-7	NaN	0.0438567747816626	0.059110768241346694	0.1480203681916536	0.00017346006786664813	NaN	16.543197960289024	472.02795658421064	93.12990030988057	93.21679646703932	93.04300489764744	0.17379184001435719	0.0002807300098437634	41.0793057169031	167
DATA	2026-09-27T033000_AIU-1657.ghg	2026-09-27	04:00:00	270.166	0	18000	18000	0.3643600204402622	1	NaN	31.76174328434104	0	NaN	212.2055594339718	0	NaN	1.5052953524377295	0	NaN	4.792920153917263	0	NaN	0.2890724569920803	0	NaN	NaN	NaN	NaN	NaN	NaN	NaN	NaN	NaN	NaN	-2.1148595039823428e-10	-6.010141566698771e-12	-1.1212122174350856e-12	NaN	16.56898623803151	417.84258219822004	422.8638857147338	0.1	0	470.86793576470365	11.874514911640377	12.017213492452873	0.4	0	0.08784200447175346	2.1039502959055927	2.1292339157889995	0.1	0	NaN	NaN	NaN	NaN	9	299.8296639946832	291.3582963674082	96915.80149320269	1.1536401499616704	1011.9718107012133	0.024994405852058362	0.3105812259738386	0.0085610661697893	1151.1368274679705	2084.8100236211635	0.007420915586262961	55.21543039535706	933.673196153193	282.1983192459688	-2.0134538827972874	-1.668341585711866	1.494059812729456	3.0115734938367917	3.656102684113642e-14	-1.276396439468345e-14	3.0115734938367917	6.487244008978171	301.3549607338865	219.6450392661135	29.742710616792124	NaN	0.5619920573576809	1.0643452175988024	-476.85973272367397	-0.004200606305252318	0.14967441649059987	0.048410032715007136	0	19.26792935636965	-2.9239826159763025	6.614056638739762	16.469936214354885	25.11769191742391	35.22792005432667	52.777843608892674	0.3594829575281077	1.013566882128962	42.87042456204365	1.0296562275185197	188.32955715349357	1.1267777753070307	1.3359292181881721	1.1267777753070307	4.253651659584127	1.1267777753070307	0.21012826684872127	1.3113204221571528	NaN	NaN	800000009	800000009	800000009	800000019	800000019	800001119	899999999	899999999	89999	89999	89	89	37	2	5	29	0	2	7	NaN	0	0	0	0	0	0	0	0	0	NaN	NaN	NaN	NaN	0	0	0	0	0	0	300	0	18000	18000	0	15	18000	18000	18000	18000	93	NaN	0.53985135023256	1.3137145582341252	0.27512452673091975	0.042016449685456383	0.2333736412596325	0.28673743991394773	0.0000014325545093482242	NaN	0.03672138113292161	0.03379212985399425	0.10759548281253213	0.00021012826684872128	NaN	16.570248811627383	470.8919002874663	93.13961498514811	93.21686656655206	93.06236383734809	0.15450125133246154	0.0002801652983988687	41.23782805315649	069
DATA	2026-09-27T040000_AIU-1657.ghg	2026-09-27	04:30:00	270.187	0	18000	18000	0.39719758640665037	1	NaN	13.252975809023065	0	NaN	205.63834447650464	0	NaN	7.003512395305466	1	NaN	4.643697599015406	0	NaN	0.3155396128368074	1	NaN	NaN	NaN	NaN	NaN	NaN	NaN	NaN	NaN	NaN	3.834098409597895e-10	1.1029790796056825e-11	2.0347086210311785e-12	NaN	16.60867419606972	418.6302397476914	423.73325855226733	0.2	0	477.7921227163509	12.04299804554157	12.189799780473354	0.5	0	0.08814018045558018	2.109368654218565	2.135081435776696	0.1	0	NaN	NaN	NaN	NaN	9	299.69375141482885	291.1587043598412	96889.26070533192	1.1540409769023314	1012.0608742200739	0.024984125695929747	0.3009116044161983	0.008686108577107991	1167.1501690291059	2058.8277462977567	0.0075266899104598365	56.6900349544982	891.6775772686508	282.4032468677732	-1.4583505682179143	0.4758800779178193	0.9124606806259548	1.7848901148442495	5.2227780843697685e-14	2.3084915534710148e-14	1.7848901148442495	6.124868442530585	359.0722248918762	161.92777510812377	30.744722528207785	NaN	0.5866683855588526	1.280253862016533	-1299.8540661860782	-0.0015410191436930503	0.06444797949896593	0.01934162034908205	0	20.31946197456686	-3.083556747626534	6.975013759020022	17.36877048080378	26.488470886792943	37.15045704951875	55.658154359799354	0.3925200920499847	1.0119165730656916	24.761209798297088	1.0233486980610833	186.1204560503639	1.104866970779715	6.338783383453867	1.104866970779715	4.202947252317901	1.104866970779715	0.2375285135078439	1.3054849321671993	NaN	NaN	800000009	800000009	800000009	800000019	800001019	800101019	899999999	899999999	89999	89999	89	89	27	5	1	22	9	1	3	NaN	0	0	0	0	0	0	0	0	0	NaN	NaN	NaN	NaN	0	0	0	0	0	0	300	0	18000	18000	0	15	18000	18000	18000	18000	93	NaN	0.8456545347069002	1.4523337750557304	0.26251941427043524	0.05183583570841761	0.9901745239254093	0.29301279109493794	0.0000016609125091419032	NaN	0.021200397047033775	0.16029997088161632	0.10628732382970728	0.0002375285135078439	NaN	16.60991486740112	477.8181462301949	93.13159034029643	93.20218299674988	93.0610011660258	0.14118164695385488	0.0002801287313357332	36.530704808194905	071
DATA	2026-09-27T043000_AIU-1657.ghg	2026-09-27	05:00:00	270.208	0	18000	18000	0.289402045470719	1	NaN	134.1891843563778	1	NaN	-49.13048784420816	1	NaN	-22.848049919409466	1	NaN	-1.108567529828773	1	NaN	0.17401361837066187	0	NaN	NaN	NaN	NaN	NaN	NaN	NaN	NaN	NaN	NaN	-2.1574669215396714e-10	-6.127226613973732e-12	-1.1368286940190376e-12	NaN	16.835378585181488	423.1138878932259	428.2600641323198	0.1	1	478.1263559296274	12.01647473135361	12.16262662688243	0.1	1	0.08871024282796179	2.1150187038662724	2.1407428866702705	0.1	0	NaN	NaN	NaN	NaN	9	298.9597073813544	290.32570138187725	96864.31243467514	1.1570658009832073	1012.0275852355505	0.02491906276542005	-0.07183517593290448	0.008689607647266315	1164.2797847183108	1953.4277473386433	0.007510037579437912	59.60188628960194	789.1479626203325	282.3666967229757	-0.07346624865318976	0.20449335808260186	0.15468151566593763	0.2667230670185567	4.651876227022587e-14	-1.2815078144061907e-14	0.2667230670185567	3.368099677202874	51.238675638619156	109.76132436138082	35.44583226361361	NaN	0.5001171751323693	0.638843344872765	-79.51297006294702	-0.025192116436025862	-2.731281333535485	0.2291370596510971	0	18.874556207818728	-2.8642867230403803	6.4790243663791065	16.13368676350604	24.6048902888139	34.50870847884467	51.70033361131243	0.28116083912942164	1.0293113591736858	127.89746058936582	1.0305805473916152	-44.625372434775635	1.1009541246074124	-20.752953650595405	1.1009541246074124	-1.0069152792575036	1.1009541246074124	0.10440545136557265	1.3294907815843888	NaN	NaN	800000009	800000009	800000009	800000019	800000019	800010019	899999999	899999999	89999	89999	89	89	12	0	0	3	0	0	2	NaN	0	0	0	0	0	0	0	0	0	NaN	NaN	NaN	NaN	0	0	0	0	0	0	300	150	13800	18000	0	15	18000	18000	18000	18000	93	NaN	0.3348966303730641	0.7133822314891954	0.22940782788327038	0.5639937761955475	16.12849542978705	0.2105729522253303	0.0000022897682401707505	NaN	0.1092223493160259	-0.5234356935583301	-0.025396645047559757	0.00010440545136557266	NaN	16.83676046270471	478.15940049953196	93.14638080575732	93.19487450281778	93.09789037577312	0.09698330842123831	0.00027920126303797587	40.61926600015581	127
DATA	2026-09-27T050000_AIU-1657.ghg	2026-09-27	05:30:00	270.229	0	18000	18000	0.14910920935190586	0	NaN	1.2706184080977034	2	NaN	113.33737114897376	0	NaN	1.1826598653607525	2	NaN	2.5569522749558233	0	NaN	0.145312807723355	0	NaN	NaN	NaN	NaN	NaN	NaN	NaN	NaN	NaN	NaN	7.424273015099799e-10	2.069469265865719e-11	3.890474156548311e-12	NaN	16.893273776436867	424.2758514388583	429.3535677892203	0.1	1	470.8893491536216	11.8264216983395	11.967959838255501	0.1	1	0.0885242836747154	2.1090179050693325	2.134258546655364	0.4	0	NaN	NaN	NaN	NaN	9	298.87707378302673	290.1785228572764	96855.07736794058	1.1576258598902716	1011.9186838651895	0.02490880503734911	0.16569050741713734	0.008555694355307784	1145.7562431441754	1935.3054086754312	0.007390724975786872	59.20286472657347	789.5491655312558	282.1288980877529	-0.3724243977070003	-0.9981284939728964	0.4308432074852265	1.1491676517914913	-3.302909438064588e-14	4.3948100962261967e-14	1.1491676517914913	5.80839815981895	271.46168664491813	249.53831335508184	22.019221692084926	NaN	0.35889559156895795	0.8755726010742544	-3103.0191819869397	-0.000645532586981098	0.011210939474037805	0.0030222694736436392	0	16.61419599100501	-2.5212683396133704	5.703115849098926	14.201564847142443	21.658282456791735	30.37604909759306	45.50885678906013	0.14723984890625127	1.0126960225750083	7.757564171102955	1.0215546070433092	103.41054791767152	1.0959943006897643	1.079074831517322	1.0959943006897643	2.332997784155086	1.0959943006897643	0.10978622964861938	1.305795611045059	NaN	NaN	800000009	800000009	800000009	800000019	800000019	800010019	899999999	899999999	89999	89999	89	89	9	8	0	1	0	0	0	NaN	0	0	0	0	0	0	0	0	0	NaN	NaN	NaN	NaN	0	2	0	0	0	0	300	0	15800	18000	0	20	18000	18000	18000	18000	93	NaN	1.1461730397798482	0.4424567737847566	0.16251538858390385	0.5843520180751862	26.51868354377325	0.427566602868626	0.000001912990831199584	NaN	0.006622341037010801	0.02720023230413174	0.05880786006732497	0.00010978622964861938	NaN	16.89463320546195	470.90822659432183	93.15303912438287	93.18836674923367	93.1177128185696	0.07065363954897409	0.00027917107048172824	37.36289542966358	021
DATA	2026-09-27T053000_AIU-1657.ghg	2026-09-27	06:00:00	270.249	0	18000	18000	0.3114871252030042	1	NaN	-174.36072508107947	1	NaN	249.27045838885127	1	NaN	50.20457544854837	1	NaN	5.622493497514864	1	NaN	0.15315592687639681	0	NaN	NaN	NaN	NaN	NaN	NaN	NaN	NaN	NaN	NaN	3.6779958786120427e-10	1.0226457213464704e-11	1.917512557755159e-12	NaN	17.02184266239196	427.03570039733654	432.16702845658597	0.2	0	473.2826012490507	11.873483448228559	12.016157090554573	0.1	1	0.08874288644822036	2.1121776140431896	2.1375578720566852	0.3	0	NaN	NaN	NaN	NaN	9	298.5084202796089	289.960220645538	96854.40561815855	1.15846865778551	1011.9400806730114	0.024890238694470216	0.3643375786389632	0.008596147993171956	1150.3076571020488	1908.6969645161569	0.007420268071476415	60.266646748382335	758.3893074141081	282.1876398242235	-0.05737508238950126	-0.1484557771181151	0.19572950280812984	0.2522717901558458	5.5006964915532354e-14	2.1607507198607834e-14	0.2522717901558458	3.70997750945332	272.130484373037	248.86951562696305	50.88375652280452	NaN	0.5185347974471561	0.600697043405133	68.19924275982491	0.02937129385811882	-0.6994841113866939	-0.28683469006702633	0	16.90507369317477	-2.565410153130989	5.80296475146483	14.450202732008384	22.03747091932017	30.90786630784431	46.305615879800456	0.3058073745018679	1.0185729683935454	-156.63749834614126	1.0251542098719861	224.1824721416767	1.111908776843712	45.1517035336839	1.111908776843712	5.056614008817338	1.111908776843712	0.14167600727185953	1.4311985518297603	NaN	NaN	800000009	800000009	800000009	800000019	800000019	800000019	899999999	899999999	89999	89999	89	89	1	10	0	5	2	1	1	NaN	0	0	0	0	0	0	0	0	0	NaN	NaN	NaN	NaN	0	0	0	0	0	0	300	0	13254	18000	0	15	18000	18000	18000	18000	93	NaN	0.49061870625055526	0.3859352265532864	0.32484015400642435	0.8705515748786102	39.03257653382501	0.4094956193085098	0.0000015861020282202467	NaN	-0.13361544186584656	1.1373445423841324	0.12737309770784452	0.00014167600727185952	NaN	17.023338487538005	473.3258652427689	93.15126442570156	93.17826968638101	93.1242614517212	0.05400857610524411	0.00027915565058517846	41.52229956065282	135
DATA	2026-09-27T060000_AIU-1657.ghg	2026-09-27	06:30:00	270.27	1	18000	18000	0.13513928497290906	0	NaN	136.69496165570314	1	NaN	89.19983835101745	1	NaN	-10.416134274037748	2	NaN	2.009634465053691	1	NaN	0.18660251695527913	1	NaN	NaN	NaN	NaN	NaN	NaN	NaN	NaN	NaN	NaN	4.312664411471849e-10	1.2504863708019227e-11	2.234626008240867e-12	NaN	17.24600523272038	431.0189829988171	436.4738978079618	0.1	1	500.0596484375038	12.49768849074392	12.655857454797236	0.1	1	0.0893609336464519	2.1158259416922065	2.1426035332094253	0.6	0	NaN	NaN	NaN	NaN	9	297.72342758433024	288.7520606382553	96851.28674633651	1.1630025084339146	1012.2621541165174	0.024787328210043248	0.13022431333547915	0.009085624257423732	1210.7418932871435	1767.157556658277	0.0078122138099756345	68.51352267517537	556.4156633711334	282.9488050482275	-0.14386122441064525	0.3569700411632909	0.13427243847897918	0.407618387603097	-4.9634458909871743e-14	2.5006744189602518e-14	0.407618387603097	3.18719984309737	49.05024794945774	111.94975205054226	19.232799908489106	NaN	0.34087918483754	0.5361460522135403	-24.715458809595862	-0.0810464420438875	1.53245750421412	0.340626453975161	0	16.963856948337888	-2.5743307388892416	5.823143140738912	14.500449774391722	22.114100829352633	31.015340846240143	46.46663232274247	0.1322568949958087	1.021793873031661	138.89861052920773	1.0257414490741374	81.42106476277475	1.0955376057891972	-9.507783410624441	1.0955376057891972	1.8343820006123854	1.0955376057891972	0.10717334096050375	1.3186172075018798	NaN	NaN	800000009	800000009	800000009	800000019	800000019	800011019	899999999	899999999	89999	89999	89	89	3	1	0	1	4	0	0	NaN	0	0	0	0	0	0	0	0	0	NaN	NaN	NaN	NaN	0	0	0	0	0	0	300	0	9546	18000	0	15	18000	18000	18000	18000	93	NaN	0.5161879413533745	0.4169340346711846	0.13917012840252146	0.8911691946231032	35.16558213184699	0.14406208970548134	6.717512347778105e-7	NaN	0.11798430805444579	-0.23865599631133166	0.04604503963379307	0.00010717334096050375	NaN	17.24756187266445	500.0879517415415	93.09437530983818	93.08794708251953	93.10080394660102	-0.012856931868605478	0.0002778070282753711	41.37527431233723	041
DATA	2026-09-27T063000_AIU-1657.ghg	2026-09-27	07:00:00	270.291	1	18000	18000	1.2790839146147022	1	NaN	-13.341799246276675	2	NaN	439.0046717471645	1	NaN	14.057845522805717	1	NaN	9.909074005476679	1	NaN	0.28919179940721895	1	NaN	NaN	NaN	NaN	NaN	NaN	NaN	NaN	NaN	NaN	-8.481348629569886e-11	-2.1832098916486592e-12	-4.480407599283391e-13	NaN	16.694041990897475	419.611422334375	424.1932807149632	0.1	0	429.7264408994559	10.801345963957019	10.919288981931281	0.5	0	0.08818893770974041	2.105036053976628	2.128021550967383	0.1	0	NaN	NaN	NaN	NaN	9	299.2834123629835	290.69087392690534	96834.50693193857	1.1557899180279234	1011.3614623827428	0.02495808573205184	0.6421079955548887	0.007798685351716741	1046.2235737614449	1999.036002177466	0.006747493839558071	52.33640477819497	952.812428416021	280.789909571265	-1.9195530799971623	-1.9433731272269135	1.3956471716519445	3.067444240128008	-9.230247112725333e-14	-5.080464416103895e-15	3.067444240128008	10.922557248481983	295.6467002465931	225.35329975340684	27.064096093696612	NaN	1.0519862606743444	2.992685508349496	7440.0356487805475	0.0002692325809390868	-0.030391018831709846	-0.010849732505025213	0	22.996503702322784	-3.4898081579065807	7.893955555212257	19.65706548561865	29.978265151874815	42.04494312652453	62.99098639529124	1.2618151541968317	1.0136856498833717	11.52632656968687	1.0299829782245782	389.24644944411307	1.1278321802912052	12.464483429774095	1.1278321802912052	8.785947216826324	1.1278321802912052	0.21009217654146642	1.3116964401502123	NaN	NaN	800000009	800000009	800000009	800000019	800001019	800011019	899999999	899999999	89999	89999	89	89	29	13	2	44	7	6	15	NaN	0	0	0	0	0	0	0	0	0	NaN	NaN	NaN	NaN	0	0	0	0	0	0	300	0	18000	18000	0	15	18000	18000	18000	18000	93	NaN	2.369152351164836	2.9967459675029864	0.6194726980311697	0.07188268904532724	1.5926275679483708	0.4238937176175695	5.999450096836216e-7	NaN	0.009860651665798774	0.31448744491909836	0.22167545947500625	0.00021009217654146642	NaN	16.695449605081624	429.7731003303691	93.19710113298557	93.22748916723074	93.16671362831019	0.06077426565452859	0.00027963966559683403	39.01520174666996	195
DATA	2026-09-27T070000_AIU-1657.ghg	2026-09-27	07:30:00	270.312	1	18000	18000	1.0708624020757547	1	NaN	59.96013155936998	0	NaN	310.9221489560032	0	NaN	2.4991493854393205	1	NaN	7.018859495559181	0	NaN	0.17183920658651908	0	NaN	NaN	NaN	NaN	NaN	NaN	NaN	NaN	NaN	NaN	-1.252631450133119e-9	-3.055797585700854e-11	-6.596599770906428e-12	NaN	16.68452940594592	420.2276969713616	424.5802668349942	0.1	0	407.0195161699496	10.25146527905914	10.357646330792027	0.2	0	0.0878639625767404	2.097953707337287	2.1196835698562606	0	0	NaN	NaN	NaN	NaN	9	299.1376967430115	290.8125865164719	96831.1619176843	1.1555074767783928	1011.0601041511032	0.02496939824344276	0.45482209531223494	0.007398312353895803	992.9275652141147	2014.443300545354	0.006402652083673775	49.29042008505811	1021.5157353312394	280.02603169477055	-2.268331308179551	-2.9811003305068944	1.6858887179421709	4.107859159404082	-1.6541309709135798e-13	-7.507742170340835e-14	4.107859159404082	9.341751546151539	288.2676531782007	232.73234682179927	24.230321320858955	NaN	0.9626766885869864	2.5637273846492086	-1268.49431991941	-0.0015791162550316039	0.19284612486019642	0.05331290994415696	0	21.225189461478106	-3.2210043880843235	7.285920695977107	18.142972714012856	27.66917814166247	38.806415762558544	58.139082267118795	1.05374348347663	1.0162458120667508	75.10373663886796	1.0363317150615272	270.9395249048022	1.14757028921952	2.1777745632810257	1.14757028921952	6.116278507291099	1.14757028921952	0.10371456336892906	1.3197489540224427	NaN	NaN	800000009	800000009	800000009	800000019	800001019	800001119	899999999	899999999	89999	89999	89	89	12	5	1	33	19	13	13	NaN	0	0	0	0	0	0	0	0	0	NaN	NaN	NaN	NaN	0	0	0	0	0	0	300	0	18000	18000	0	20	18000	18000	18000	18000	93	NaN	1.997013578679981	2.496588207843214	0.6338529827752218	0.04842345455478733	0.8373526839892657	0.3056076460901124	5.294891833135316e-7	NaN	0.06428532018672992	0.0549410981951609	0.15430204013025273	0.00010371456336892907	NaN	16.685810057214447	407.03855384515714	93.20614499176872	93.25999279933505	93.15229486062792	0.10769748574433254	0.0002802202527770231	40.825838873280404	123
DATA	2026-09-27T073000_AIU-1657.ghg	2026-09-27	08:00:00	270.333	1	18000	18000	1.4001679090881431	1	NaN	53.87359747601313	1	NaN	385.4951648772467	1	NaN	3.1674292246690805	1	NaN	8.70371172753163	1	NaN	0.14718749574241674	1	NaN	NaN	NaN	NaN	NaN	NaN	NaN	NaN	NaN	NaN	1.249607225773446e-9	2.9103660166499878e-11	6.590403584959566e-12	NaN	16.68151227513221	420.3539492107583	424.5099641817095	0.2	0	388.5165308789307	9.790147043927268	9.886941656559717	0.4	0	0.08797796302156632	2.1018550795260835	2.1226359980679015	0.1	0	NaN	NaN	NaN	NaN	9	299.13377271525064	290.98136981166687	96844.41891353283	1.1551975925074975	1010.8093319983407	0.024980470075143812	0.5640005199440495	0.0070622551226463175	948.3754249959806	2035.9813542489176	0.0061134607347274935	46.580751980699766	1087.6059292529371	279.3591869719298	-1.7832579799551787	-1.6231654943448068	1.2674489456722449	2.7241699790929688	7.771391166185901e-14	7.490970873403877e-14	2.7241699790929688	10.514353635103312	298.69076333228213	222.30923666771787	27.727088619716447	NaN	1.1009356175524307	3.203131842103801	-2111.6906289306467	-0.0009485764498630007	0.13975168143332775	0.04190718959463297	0	22.42550756475143	-3.4031572911129304	7.697951058592588	19.16898657529535	29.233914017702997	41.00098007716639	61.42693951237799	1.3822016428661046	1.0129982960986676	74.2046940431875	1.028012168711085	343.7630804766778	1.1213978078818154	2.8245366652285244	1.1213978078818154	7.7614845207980965	1.1213978078818154	0.08231469675591814	1.3094989532823533	NaN	NaN	800000009	800000009	800000009	800000019	800001019	800001119	899999999	899999999	89999	89999	89	89	6	14	0	53	21	11	12	NaN	0	0	0	0	0	0	0	0	0	NaN	NaN	NaN	NaN	0	0	0	0	0	0	300	0	18000	18000	0	15	18000	18000	18000	18000	93	NaN	2.263604604464256	3.420180945794307	0.7224781339490391	0.03604414317507753	0.07429570111318706	0.3248529120706524	2.7747903318166364e-7	NaN	0.06354858149655232	0.07125604795487823	0.19580298603427354	0.00008231469675591814	NaN	16.6827923961067	388.53109857966507	93.22021659957038	93.27746439234416	93.16296750386556	0.11449256504699587	0.00028019730412375395	40.9784618666967	065
DATA	2026-09-27T080000_AIU-1657.ghg	2026-09-27	08:30:00	270.354	1	18000	18000	0.3021055940095909	1	NaN	51.11119639235791	1	NaN	336.10384764057045	1	NaN	12.70333890218003	1	NaN	7.587507240623646	1	NaN	0.16109241420423717	2	NaN	NaN	NaN	NaN	NaN	NaN	NaN	NaN	NaN	NaN	-2.779958834136109e-10	-6.697571485312251e-12	-1.4722198666910068e-12	NaN	16.729317697202582	421.33666522402956	425.6575088115248	0.1	1	403.0484185652793	10.150986410552187	10.255085645579513	0.1	1	0.08859567835169324	2.115548325750489	2.1372434550184223	0	1	NaN	NaN	NaN	NaN	9	298.31831756337476	290.83825205657445	96854.36558748235	1.1557264569060148	1011.0052033784173	0.024965619390840046	0.49167046919241225	0.007326907271501644	983.4310731148421	2017.7054924825145	0.006339655225265365	48.74007018263418	1034.2744193676724	279.8861377639283	-0.008121223212851707	-0.28718114559985136	0.22571322797261967	0.36535657368697544	9.672607598963947e-15	-1.6617287593270848e-14	0.36535657368697544	4.260766905441258	252.61984114710208	268.380158852898	38.154845860137314	NaN	0.5112718196680797	0.8079391428432317	-222.95465137647082	-0.00898433823933845	0.15206965570657863	0.08555703881038107	0	17.526672402321655	-2.659740155387196	6.016339473409504	14.981535959425997	22.84778761624424	32.04434699690496	48.00827104590933	0.2951768880786903	1.0234730638160718	69.17827199154655	1.0267987740349453	306.48219807467495	1.0966504735086706	11.5837627476113	1.0966504735086706	6.918801773137297	1.0966504735086706	0.09577301752833746	1.32102978025819	NaN	NaN	800000009	800000009	800000009	800000019	800000019	810000019	899999999	899999999	89999	89999	89	89	11	11	3	14	13	9	1	NaN	0	0	0	0	0	0	0	0	0	NaN	NaN	NaN	NaN	0	0	0	0	0	0	300	0	17900	18000	0	15	18000	18000	18000	18000	93	NaN	0.6754575384732235	0.6518770413428212	0.2885437058704185	0.12320089694305211	2.165795361992702	0.47346251716544385	0.0000072469731600134164	NaN	0.05920539234752483	0.29216234337521313	0.17450403495230513	0.00009577301752833746	NaN	16.730665823122983	403.0899772158708	93.20165006679959	93.2617255973816	93.14157424079048	0.12015489130136303	0.0002796045924899065	41.047315938702326	195
DATA	2026-09-27T083000_AIU-1657.ghg	2026-09-27	09:00:00	270.374	1	18000	18000	0.5024367633524471	1	NaN	93.47281502191511	0	NaN	351.0672220707363	0	NaN	1.071545194382842	0	NaN	7.929105476284842	0	NaN	0.2468759190978371	0	NaN	NaN	NaN	NaN	NaN	NaN	NaN	NaN	NaN	NaN	-4.478464385590999e-10	-1.0255612714350038e-11	-2.3692104035661032e-12	NaN	16.61976820254522	420.0791635169488	424.15947009534386	0.1	0	380.5900670684477	9.619746501186977	9.713184877426988	0.2	0	0.08792238664890276	2.1037397398259525	2.124173752852872	0.2	0	NaN	NaN	NaN	NaN	9	298.52423703087703	291.3355607721569	96854.89234176377	1.1539925684428565	1010.7236811532997	0.025008172470140432	0.5138060348632577	0.006931647449588005	931.9694356234827	2081.8359484117436	0.006006665587925965	44.76670874736757	1149.866512788261	279.1066440906191	-1.318864731523811	-1.5686603753642072	1.0377855679062806	2.2971936005155658	6.259984637345138e-14	-2.6946611595371998e-14	2.2971936005155658	5.904895986210653	291.0557338582503	229.9442661417497	26.856810515280923	NaN	0.6598408498426523	1.1653792408364152	-262.0460359844574	-0.00764407670764693	0.2662533245643802	0.12145367771611584	0	19.343228841216753	-2.935409603309122	6.639904515199929	16.53430108145959	25.215852400937674	35.365591528166114	52.9841005637313	0.4963214601050012	1.0123212549506768	111.21319266190145	1.0257203515473488	315.2495312804798	1.1136169517676118	0.9622206205482141	1.1136169517676118	7.120137192325606	1.1136169517676118	0.15352729964471096	1.3072382788155523	NaN	NaN	800000009	800000009	800000009	800000019	800001019	800001119	899999999	899999999	89999	89999	89	89	32	3	1	15	27	9	7	NaN	0	0	0	0	0	0	0	0	0	NaN	NaN	NaN	NaN	0	0	0	0	0	0	300	0	18000	18000	0	15	18000	18000	18000	18000	93	NaN	0.8632005463551254	1.091969216616658	0.37558871870104726	0.09378095684355077	0.097998781892044	0.3821314591832421	6.546548984214018e-7	NaN	0.09535003463745897	0.02429717458955373	0.17979163278058397	0.00015352729964471096	NaN	16.621058130722602	380.60149231703156	93.16178816435072	93.25513821093242	93.06843813027277	0.18670223411669262	0.00028102524900330334	40.75089786805048	034
DATA	2026-09-27T090000_AIU-1657.ghg	2026-09-27	09:30:00	270.395	1	18000	18000	0.6461986295157651	1	NaN	49.962336662515774	1	NaN	305.1116631653037	1	NaN	2.605531189569336	1	NaN	6.889328224114889	1	NaN	0.14124246719754513	1	NaN	NaN	NaN	NaN	NaN	NaN	NaN	NaN	NaN	NaN	2.641465007768418e-10	5.963828960246115e-12	1.395098099876354e-12	NaN	16.64277600483899	419.89246962818027	423.91124134581906	0.1	0	375.75613996265264	9.4802197386419	9.570954490318663	0.3	0	0.08789934794795602	2.1004055710071303	2.1205084571384516	0	0	NaN	NaN	NaN	NaN	9	298.6761742036607	291.058984111204	96868.89346089336	1.1553172913148275	1010.640291714801	0.024980820028438395	0.4464284689226448	0.006838589062444144	918.5847304016359	2045.953086630258	0.005919230252895616	44.89764386115865	1127.3683562286221	278.8976845735293	-2.161427868755721	-1.364199441209479	1.4893792694513739	2.9582192541293444	1.8839371869797906e-14	1.5871540943652643e-14	2.9582192541293444	9.881237107504461	308.7416579232015	212.25834207679856	30.22994372608283	NaN	0.7478807926026939	1.8696848093093248	-713.8906656429675	-0.0028058918492734493	0.16375098920898062	0.05721533959613581	0	21.273407498331423	-3.228321661203191	7.302472387695412	18.184188766691246	27.732035222573675	38.89457371228051	58.27115894028404	0.6376189485078912	1.0134558124847943	65.71288400124506	1.0293461734533498	271.0253176840943	1.1257681229653247	2.3144474749438166	1.1257681229653247	6.11966894742772	1.1257681229653247	0.08289849987038009	1.310968785098476	NaN	NaN	800000009	800000009	800000009	800000019	810000019	810110119	899999999	899999999	89999	89999	89	89	21	2	2	54	9	13	13	NaN	0	0	0	0	0	0	0	0	0	NaN	NaN	NaN	NaN	0	0	0	0	0	0	300	150	18000	18000	0	15	18000	18000	18000	18000	93	NaN	0.6198336187046072	2.73914636223968	0.38038963767436235	0.0734833337362185	0.1036113794744551	0.32640013232521276	2.699205668906768e-7	NaN	0.056279813038848894	0.05837030761308813	0.15433789827539313	0.00008289849987038009	NaN	16.644081290943554	375.7709512262795	93.18807574886746	93.26276879119872	93.11338802655538	0.1493785221266249	0.0002807342421470417	41.87159293619793	057
DATA	2026-09-27T093000_AIU-1657.ghg	2026-09-27	10:00:00	270.416	1	18000	17994	1.5426611074748147	1	NaN	42.66917122244946	0	NaN	408.0404014587912	0	NaN	1.8075771231481652	0	NaN	9.214729750749369	0	NaN	0.12414545216519138	0	NaN	NaN	NaN	NaN	NaN	NaN	NaN	NaN	NaN	NaN	1.255136794946684e-9	2.9211699012270313e-11	6.631654950802026e-12	NaN	16.612157876172205	419.36368025380756	423.4970759873894	0.1	0	386.6266671304712	9.760151764790361	9.856351248825982	0.3	0	0.0877721850451384	2.099037805441586	2.119726659336583	0.6	0	NaN	NaN	NaN	NaN	9	298.6339752468533	291.20551131253865	96849.6081726695	1.1543834279418037	1010.7980302350624	0.02499837290757016	0.597114487848559	0.007035575413859389	945.5204319582468	2064.895328750584	0.006094660789096217	45.79023540773649	1119.3748967923375	279.31551772606485	-2.7364682153308233	-2.765957184899632	2.0118231187404834	4.380590478441185	1.299012559561039e-13	7.555531342180419e-14	4.380590478441185	12.548771645160617	295.69293953123577	225.28705669574958	27.33926588596706	NaN	1.156006360165891	3.466096447966442	-3086.765724756062	-0.0006489316581219649	0.10457094706774692	0.031632936792135045	0	22.287686810278164	-3.3822424599057386	7.65064165345515	19.051179467265936	29.054250744776265	40.74899978231409	61.04942711386771	1.5168801473119808	1.0169960429691953	63.47863863002182	1.0380444231877595	353.97692655014947	1.152731635464331	1.5680814749393568	1.152731635464331	7.993820475862615	1.152731635464331	0.06503821818716622	1.3221023766933138	NaN	NaN	800000009	800000009	800000009	800100019	800100019	800100119	899999999	899999999	89999	89999	89	89	36	12	3	36	17	12	20	NaN	0	0	0	0	0	0	0	0	0	NaN	NaN	NaN	NaN	0	0	0	0	0	0	300	0	18000	18000	0	15	18000	18000	18000	18000	93	NaN	1.533531475378192	4.589724751203775	0.8089366693509168	0.055620460029658675	0.08191202697391813	0.2784449352018028	1.0574992126556073e-7	NaN	0.05440178300491771	0.03958595401724853	0.2018026581124397	0.00006503821818716622	NaN	16.61344921849186	386.64483165152785	93.17022516208225	93.2489971086714	93.09145332484775	0.1575449539439545	0.00028069328064803925	41.339308282322364	175
DATA	2026-09-27T100000_AIU-1657.ghg	2026-09-27	10:30:00	270.437	1	18000	17999	1.6839475531727166	1	NaN	39.06574693533952	1	NaN	384.50489510839446	1	NaN	0.6031456095139855	2	NaN	8.686971003539067	1	NaN	0.1795405134267336	1	NaN	NaN	NaN	NaN	NaN	NaN	NaN	NaN	NaN	NaN	1.1564599979633553e-9	2.7051394771581225e-11	6.13461722661997e-12	NaN	16.572325867885038	419.26998488874136	423.4226499682858	0.1	0	387.6524308017189	9.807375868663314	9.904513151940513	0.2	0	0.08791041275386055	2.1066565124232524	2.1275219195571693	0.1	0	NaN	NaN	NaN	NaN	9	298.6579163631863	291.6520154377566	96846.43237707451	1.1525576736508214	1010.8346066905491	0.025037523807882735	0.5629157210293315	0.007058562082154452	950.0641401683511	2123.567842557079	0.0061242593264733336	44.739052886784066	1173.503702388728	279.38496253529246	-2.570807105840779	-2.44497430062742	1.7754810875816587	3.967241279464801	-1.4864372640743882e-13	6.978260065501252e-14	3.967241279464801	11.64364156054779	297.4370994494143	223.55807745624324	26.585670208151388	NaN	1.208740147952718	4.073578234580255	-3854.2304532803123	-0.0005197146419449759	0.10160012897710087	0.027740891684134916	0	23.61520294953659	-3.5836981556282486	8.10633498570176	20.185920296585255	30.784802107332418	43.176122674435575	64.68569948596361	1.6576418745631902	1.0158693376495802	58.96348312467617	1.0354535423705482	335.8385859297139	1.1449098204244637	0.5268062154365795	1.1449098204244637	7.587471824041531	1.1449098204244637	0.1111731977571052	1.3185671948602726	NaN	NaN	800000009	800000009	800000009	800100019	800100019	800100119	899999999	899999999	89999	89999	89	89	32	1	2	27	2	9	6	NaN	0	0	0	0	0	0	0	0	0	NaN	NaN	NaN	NaN	0	0	0	0	0	0	300	0	4	18000	0	15	18000	18000	18000	18000	93	NaN	3.41916981829724	3.9626663115273546	0.7653203393359159	0.07875950342128615	0.10428427129800519	0.288674913150917	2.3330286471190215e-7	NaN	0.05061046901748278	0.01332059831846642	0.19185359143300848	0.0001111731977571052	NaN	16.573614358756274	387.66536080099337	93.12890814420913	93.22909405284457	93.02872129122417	0.20037157568045352	0.0002814582822288179	40.42092767347642	009
DATA	2026-09-27T103000_AIU-1657.ghg	2026-09-27	11:00:00	270.458	1	18000	18000	1.266891770104782	1	NaN	34.01249813053438	1	NaN	376.9898339575828	1	NaN	1.3295734997158826	1	NaN	8.522565398944149	1	NaN	0.14789656725532124	1	NaN	NaN	NaN	NaN	NaN	NaN	NaN	NaN	NaN	NaN	1.932443685422554e-10	4.513132896801471e-12	1.022199460640507e-12	NaN	16.51547060973225	419.4358139872931	423.5851394523613	0.1	0	385.71118153252723	9.795729544319592	9.892635122459845	0.2	0	0.08736143400629529	2.0997332146451475	2.1205051091921416	0	0	NaN	NaN	NaN	NaN	9	298.91947145165335	292.3061754198667	96832.08355976341	1.149813034332518	1010.8438523009098	0.02509740008786308	0.5522622378515808	0.007033359981317509	948.7953378201656	2212.163368703517	0.006116959689364167	42.88993079097166	1263.3680308833514	279.36560005886446	-2.255033888606483	-1.337867200730664	1.5782047394622285	3.06035891444374	-2.9385923434825604e-15	1.1700809084324863e-14	3.06035891444374	9.500643994819022	310.32017846344775	210.67982153655223	31.043767000344708	NaN	1.0496781176990195	3.554786322279328	-2898.843803677064	-0.0006909996314596702	0.09022126080556675	0.02787860801394225	0	23.090136765982898	-3.5040173365556746	7.926096756005169	19.737101620146355	30.100325307006216	42.216134229629226	63.24746186284538	1.249806382888379	1.0136704272360313	54.17943348464363	1.0299414313439172	334.30281603956416	1.1276896749591445	1.1790242734678333	1.1276896749591445	7.557544941832439	1.1276896749591445	0.0883375570278309	1.3116479162397254	NaN	NaN	800000009	800000009	800000009	800000019	800000019	800000119	899999999	899999999	89999	89999	89	89	30	3	1	26	11	22	14	NaN	0	0	0	0	0	0	0	0	0	NaN	NaN	NaN	NaN	0	0	0	0	0	0	300	150	0	18000	0	20	18000	18000	18000	18000	93	NaN	1.6578919931237608	4.841156862847905	0.6105237885869909	0.04368317951282474	0.10542530733863265	0.3516013508025618	2.783335684823636e-7	NaN	0.04661472837605896	0.02988325066721746	0.1915516202743401	0.0000883375570278309	NaN	16.516693019008542	385.7236852831328	93.05787626775106	93.19132115745546	92.92443499946594	0.266881059367624	0.0002825666350771725	40.43752145300971	114
DATA	2026-09-27T110000_AIU-1657.ghg	2026-09-27	11:30:00	270.479	1	18000	17994	1.9240790037199156	1	NaN	52.20809432447754	0	NaN	482.8383559866635	0	NaN	6.569955477953732	1	NaN	10.915884806989904	0	NaN	0.19811039532152513	0	NaN	NaN	NaN	NaN	NaN	NaN	NaN	NaN	NaN	NaN	-8.272753166701821e-10	-2.0503374339691492e-11	-4.375797555239763e-12	NaN	16.506183608200978	419.2997776012597	423.7029059903013	0.1	0	409.09290367906675	10.392018385501393	10.501146492924711	0.2	0	0.0873079571258382	2.0993669600208027	2.121412720010387	0	0	NaN	NaN	NaN	NaN	9	299.0984969889323	292.3454731517727	96820.97260769774	1.1492664043914647	1011.1737821736979	0.02510365469712909	0.7073493354929458	0.007459637920239085	1006.4352206392723	2217.5871638588155	0.006490782199614506	45.38424631246413	1211.1519432195432	280.2229940595963	-3.332226365038621	-1.8770998007858297	2.1111711153282218	4.36894821839845	-5.765710111913332e-14	-5.011911513326172e-14	4.36894821839845	12.29471783569722	311.60669890260795	209.38991196922115	28.896036530128434	NaN	1.2939011369153302	5.770736248552347	-3537.2699413185055	-0.0005662841776936456	0.10812747926330771	0.03472084087702119	0	22.667859996010392	-3.439935207558142	7.781142805730335	19.376145788431526	29.54984488869661	41.44407761585131	62.090780368271105	1.891984333602136	1.01696349676251	76.87860506088721	1.0379711071743039	418.9488663507129	1.1524994928198875	5.700614637043041	1.1524994928198875	9.471487731661707	1.1524994928198875	0.11683820662232046	1.3220000998158006	NaN	NaN	800000009	800000009	800000009	800100019	800100019	800100119	899999999	899999999	89999	89999	89	89	25	0	1	11	6	11	11	NaN	0	0	0	0	0	0	0	0	0	NaN	NaN	NaN	NaN	0	0	0	0	0	0	300	0	0	18000	0	15	18000	18000	18000	18000	93	NaN	2.043469849075299	8.526525808480487	0.9714768395489071	0.062450989014533394	0.14629921840701643	0.38157071621407335	3.036187195200613e-7	NaN	0.06615443771126585	0.14460944856383362	0.2402664809254977	0.00011683820662232046	NaN	16.507430432551345	409.1124822788464	93.02803270742628	93.16312620332506	92.89294025527106	0.27018499304105986	0.0002819931414705934	36.724152365197774	081
DATA	2026-09-27T113000_AIU-1657.ghg	2026-09-27	12:00:00	270.499	1	18000	17995	2.105651903343843	1	NaN	87.48879479546794	0	NaN	552.0019518141386	0	NaN	0.9972352056902948	1	NaN	12.483579405677538	0	NaN	0.08062348302287603	2	NaN	NaN	NaN	NaN	NaN	NaN	NaN	NaN	NaN	NaN	9.108958109472578e-11	2.3361630200834563e-12	4.841402949116784e-13	NaN	16.464904982632614	418.51737519528416	423.05834061551457	0.1	0	422.27334550604627	10.733662439141767	10.850124007662847	0.2	0	0.08751082020780168	2.107761307739606	2.130630779307134	0	0	NaN	NaN	NaN	NaN	9	299.25859854719374	292.6824724910758	96826.06513064972	1.1478546084337191	1011.3706612571017	0.025131270934199496	0.8089359454879045	0.0076964114140427985	1039.5770791894242	2264.579223026956	0.006705040305187061	45.90597090261522	1225.0021438375315	280.6965466548482	-2.525988024324433	-2.5093536782209402	1.7466867142319757	3.9653384598307766	9.360827807800702e-14	5.532347814385093e-15	3.9653384598307766	14.022327441435287	296.18927699766164	224.78948057782105	26.135065163200334	NaN	1.35440905158345	4.3146709429861	-2421.2765726340754	-0.0008272908690562571	0.15849363305317765	0.05564233583601214	0	22.97244082487136	-3.4861565234181517	7.885695548056783	19.636496899891103	29.94689676084053	42.00094851208218	62.925074445988216	2.0727688901768713	1.0158642930829427	115.21782569803487	1.0354416872155636	482.1553041263783	1.1448633813420679	0.871051709699444	1.1448633813420679	10.903990475303388	1.1448633813420679	0.010950396815399882	1.3185514755075218	NaN	NaN	800000009	800000009	800000009	800100019	800100019	800100119	899999999	899999999	89999	89999	89	89	19	5	0	5	10	19	10	NaN	0	0	0	0	0	0	0	0	0	NaN	NaN	NaN	NaN	0	0	0	0	0	0	300	0	0	18000	0	25	18000	18000	18000	18000	93	NaN	2.192820128236166	5.406993176578471	1.029528581157564	0.055794481100879166	0.07898675485361493	0.30036875639010735	2.3509307392809908e-7	NaN	0.09924815499171925	0.022128217037586446	0.2770052169423378	0.000010950396815399882	NaN	16.466164828949598	422.2817738449617	93.00637545988295	93.14775033166674	92.86500945663451	0.28273529421289706	0.00028255959595197856	40.191176511694024	168
DATA	2026-09-27T120000_AIU-1657.ghg	2026-09-27	12:30:00	270.52	1	18000	18000	1.3314809854630685	1	NaN	72.09603596402518	1	NaN	286.384338078046	1	NaN	1.8309523947118844	1	NaN	6.480702859552343	1	NaN	0.10440318015472166	1	NaN	NaN	NaN	NaN	NaN	NaN	NaN	NaN	NaN	NaN	1.2599567130849003e-9	3.298059566797442e-11	6.707675454441192e-12	NaN	16.392319066425408	417.76808649906565	422.3870951159423	0.2	0	429.0849372646462	10.935487069293165	11.05639412427215	0.2	0	0.08726836017565705	2.108357060314371	2.1316678869278984	0	0	NaN	NaN	NaN	NaN	9	299.626246480306	293.3362837044141	96815.9710974137	1.1450890314486972	1011.4981246856677	0.025190036675505165	0.4199495452989918	0.00782283419843672	1059.0137930981118	2358.239906929844	0.006831638399801755	44.906957514633255	1299.2261138317322	280.9681103761656	-2.1358214240748064	-1.4994958164453818	1.3640278165947899	2.944620984697278	1.0545541956821335e-14	7.686262742808195e-14	2.944620984697278	8.822617919696665	305.9284642945688	215.07153570543116	27.59553394211578	NaN	1.0783204884945068	3.6883779952855265	-1482.7522742921183	-0.001350933689146625	0.2517457359849665	0.057724368840875034	0	22.87271257651348	-3.4710223769757986	7.851462067597023	19.55125069315843	29.816890916860753	41.81861346739052	62.65190332324477	1.3138389532839234	1.013427849840385	86.38453227223414	1.029267499933081	254.44644445297376	1.125519119332693	1.6267625873805098	1.125519119332693	5.7579678107953205	1.125519119332693	0.04844187913979108	1.310878062419748	NaN	NaN	800000009	800000009	800000009	800000019	800000019	800000119	899999999	899999999	89999	89999	89	89	9	1	3	7	4	19	10	NaN	0	0	0	0	0	0	0	0	0	NaN	NaN	NaN	NaN	0	1	0	0	0	0	300	150	0	18000	0	20	18000	18000	18000	18000	93	NaN	1.4058106916087443	5.31122765533874	0.6597176436235686	0.09560544501628072	0.09400842519898084	0.223739546879205	3.0063962184529915e-7	NaN	0.07458159200674286	0.04143140334592902	0.14664751247204336	0.00004844187913979108	NaN	16.393523014799168	429.0940418152266	92.95723421753777	93.12020380804273	92.79425871298048	0.3259458316680442	0.0002834198343205369	41.09811968904073	184
DATA	2026-09-27T123000_AIU-1657.ghg	2026-09-27	13:00:00	270.541	1	18000	17998	1.9576423475376599	1	NaN	34.02896780534349	1	NaN	385.4178609494152	1	NaN	2.018171453432107	1	NaN	8.72532288481125	1	NaN	0.11786959983258696	1	NaN	NaN	NaN	NaN	NaN	NaN	NaN	NaN	NaN	NaN	1.5576960888363166e-9	4.001105220209094e-11	8.252746167695562e-12	NaN	16.330910842827222	417.0734343480227	421.5899132186489	0.1	0	419.47651465709896	10.712967101477789	10.828977582057005	0.2	0	0.08652192352476432	2.0941319851139393	2.1168092934346068	0	0	NaN	NaN	NaN	NaN	9	299.857340069241	293.7574885136663	96811.65523393362	1.1434927768703675	1011.3855526455075	0.025227331911649487	0.5654009229357689	0.007652322138241451	1037.4182794075161	2420.358483530178	0.006692059882691292	42.86217461036619	1382.940204122662	280.6661088197563	-2.735077364967979	-2.286041388391059	1.8534598529882604	4.017719525620104	5.112336883070668e-15	9.53832951406063e-14	4.017719525620104	12.703111623312697	301.11033646190526	219.8997932761948	27.472405644029998	NaN	1.308428401843811	4.7366886528561505	-5611.927596344886	-0.00035693618023593926	0.0882911023415432	0.022487886569993024	0	23.616993253577316	-3.5839698411734657	8.106949539144786	20.187450621552184	30.787135949464687	43.17939592121021	64.69060340609566	1.926806553382612	1.016003575502125	54.26205455489414	1.0357683259526136	336.35749663365766	1.145857799534022	1.7612756611272558	1.145857799534022	7.614664654165216	1.145857799534022	0.06355759643542812	1.3189888714446731	NaN	NaN	800000009	800000009	800000009	800100019	800100019	800100119	899999999	899999999	89999	89999	89	89	14	8	0	22	8	43	15	NaN	0	0	0	0	0	0	0	0	0	NaN	NaN	NaN	NaN	0	0	0	0	0	0	300	0	0	18000	0	15	18000	18000	18000	18000	93	NaN	2.335726196971563	6.2410588639968765	0.8965922447438601	0.07263306819862322	0.12478461384014328	0.2806028501065219	2.3477616105286524e-7	NaN	0.046918709947757244	0.0449135723799221	0.19417845805851602	0.00006355759643542812	NaN	16.33212859662773	419.4946259253683	92.92056288337707	93.10022902679444	92.7408953675164	0.3593222925663003	0.00028417490745293137	40.392967825359776	076
DATA	2026-09-27T130000_AIU-1657.ghg	2026-09-27	13:30:00	270.562	1	18000	17998	0.4405627387214868	0	NaN	26.673439325922757	0	NaN	291.52685154653227	0	NaN	0.9566526781333954	1	NaN	6.600691047593132	0	NaN	0.12319449151178702	0	NaN	NaN	NaN	NaN	NaN	NaN	NaN	NaN	NaN	NaN	5.820528405697555e-10	1.506932831282847e-11	3.0937809068059903e-12	NaN	16.288666560603414	416.4667437510063	421.0061626577385	0.1	0	421.71302512612095	10.782309878971192	10.899835280596324	0.2	0	0.08657902185168476	2.0969936659660937	2.119850551509578	0	0	NaN	NaN	NaN	NaN	9	300.07823677995464	293.9031655021711	96789.53073225636	1.1426347119339626	1011.4274681917842	0.02524561178775009	0.42772477988403496	0.007696277237472217	1043.894651994692	2442.173310957458	0.006735553503749162	42.74449513107779	1398.278658962766	280.75725504486576	-2.97180715082445	-0.1962858075584521	1.8602235310101307	3.5114239801705853	1.4154446668442772e-13	3.5733608911704146e-14	3.5114239801705853	11.728593508891262	337.22114210351833	183.7968465613004	31.989462888385205	NaN	0.620940768702927	3.4455120525004657	-765.0999010115493	-0.002618089477402459	0.09149565189080107	0.03716949715937191	0	15.958797166919373	-2.421809039513529	5.478138641465932	13.641339789846123	20.80390389633771	29.177771018430604	43.7136178716199	0.4341772076819054	1.0147072000247874	42.178846135733515	1.0326419377713485	256.5714141899711	1.1362405763982713	0.8419455333709828	1.1362405763982713	5.809237220269345	1.1362405763982713	0.07493103949431082	1.3149182340588779	NaN	NaN	800000009	800000009	800000009	800100019	800100019	800100119	899999999	899999999	89999	89999	89	89	12	8	5	25	27	17	8	NaN	0	0	0	0	0	0	0	0	0	NaN	NaN	NaN	NaN	0	0	0	0	0	0	300	0	0	18000	0	15	18000	18000	18000	18000	93	NaN	1.372675853652197	4.980380145193379	0.5379681061553547	0.07628849539399082	0.0800837756028551	0.32967902214210676	1.7433525793600244e-7	NaN	0.03649661090841516	0.021487173592080445	0.14825672640572296	0.00007493103949431082	NaN	16.28990392220259	421.72647359665643	92.89180975935196	93.0720609457228	92.71156003867256	0.3604972891310864	0.0002843270373786152	41.748594240453514	101
DATA	2026-09-27T133000_AIU-1657.ghg	2026-09-27	14:00:00	270.583	1	18000	17998	2.1614091465146235	1	NaN	1.3833125070143328	1	NaN	514.6265537741388	1	NaN	2.85080855564309	1	NaN	11.65760348888498	1	NaN	0.19508342602895531	1	NaN	NaN	NaN	NaN	NaN	NaN	NaN	NaN	NaN	NaN	-9.528773793304496e-10	-2.439477740276738e-11	-5.06855511653651e-12	NaN	16.243675984748588	416.1679855305835	420.64975121569796	0.1	0	415.85713801817536	10.654388056006065	10.769126508855635	0.2	0	0.08640352768339427	2.0973654212077992	2.1199522147640852	0	0	NaN	NaN	NaN	NaN	9	300.6151919335259	294.39416612183305	96745.23256024894	1.1402622821786796	1011.3691378916337	0.025299366515168172	0.7554127060797466	0.007588809622710718	1031.0377410593246	2516.971470168569	0.006655319343029491	40.96342581865948	1485.9337291092443	280.5758191333032	-2.911897612655975	-2.769919496537506	1.9753273948218393	4.477614636269518	-2.1457149919102762e-14	-5.866143724026011e-14	4.477614636269518	13.296830405217518	297.4314178336658	223.56658490025242	26.177673635192917	NaN	1.3767849597618955	4.704065567793776	-160760.2855465511	-0.00001246016696965847	0.002687992869527378	0.0008712438685251502	0	23.491733460167218	-3.5649611842681073	8.063951905468215	20.080380434116314	30.623847157902095	42.950381069294444	64.34749742595592	2.1247181572568032	1.0172686382579756	29.645152622380095	1.0386559586259785	445.7403923541202	1.1545432332398802	2.4692090114660745	1.1545432332398802	10.097156306716556	1.1545432332398802	0.125665946097539	1.3229575052830893	NaN	NaN	800000009	800000009	800000009	800100019	800100019	800100119	899999999	899999999	89999	89999	89	89	15	23	1	12	6	54	10	NaN	0	0	0	0	0	0	0	0	0	NaN	NaN	NaN	NaN	0	0	0	0	0	0	300	0	0	18000	0	15	18000	18000	18000	18000	93	NaN	2.692166161281668	5.709957677215198	1.0060072970906868	0.04984448080062597	0.08181657039578803	0.2979018195624141	3.588927829395681e-7	NaN	0.025706280063514362	0.06314234731086056	0.2582033952614637	0.000125665946097539	NaN	16.244867760205615	415.86709975645124	92.88244495179919	93.07419279352824	92.6906989555359	0.3834893639518146	0.0002846173472789815	37.72786030522498	160
DATA	2026-09-27T140000_AIU-1657.ghg	2026-09-27	14:30:00	270.604	1	18000	17997	1.354374739359667	1	NaN	9.584090494115582	1	NaN	420.83355181922036	1	NaN	3.3731869438592104	1	NaN	9.537216150468645	1	NaN	0.1804595711614778	1	NaN	NaN	NaN	NaN	NaN	NaN	NaN	NaN	NaN	NaN	4.5096844076894387e-10	1.1503284930553306e-11	2.4064635744014717e-12	NaN	16.184549791915508	415.6402287408114	420.0941230574279	0.1	0	412.83484806982165	10.602134312666001	10.715744070562257	0.2	0	0.08636420206239347	2.100815122350813	2.123326919541491	0	0	NaN	NaN	NaN	NaN	9	301.0940975028144	294.8562302131303	96712.786845481	1.1381161614755935	1011.3520574266347	0.025347575826851595	0.6180116065503681	0.007537228210410778	1025.6369983783457	2589.1831717248215	0.006622547386233924	39.612376968103916	1563.5461733464758	280.49900830375907	-2.8204547435942513	-1.2819117070150639	1.8417464739802145	3.60476621360808	-1.4966068871890966e-13	2.7864132556483666e-14	3.60476621360808	12.750666915926416	316.5579506741291	204.4505851206036	30.72511735808863	NaN	1.0908778593274873	4.830118394740685	-11539.194103117636	-0.00017359097889330127	0.022774064597949808	0.007632834145356725	0	22.4088567514171	-3.400630465950197	7.692235373194461	19.15475371049388	29.212208000840942	40.9705370798867	61.38133035501259	1.334442115984289	1.0149370460783724	32.84024774934644	1.033212314986159	369.7970436964709	1.1380122123546237	2.964104345488402	1.1380122123546237	8.380592094645015	1.1380122123546237	0.11764707945486447	1.3156415904109877	NaN	NaN	800000009	800000009	800000009	800100019	800100019	800100119	899999999	899999999	89999	89999	89	89	19	15	1	15	2	26	9	NaN	0	0	0	0	0	0	0	0	0	NaN	NaN	NaN	NaN	0	26	0	0	0	0	300	0	0	18000	0	25	18000	18000	18000	18000	93	NaN	1.2861078567272926	7.663472698762617	0.7106562339914618	0.053762922094155494	0.1557785564102948	0.4422280193084713	3.223974455148757e-7	NaN	0.02853103142113632	0.07593818242689619	0.21470463153472252	0.00011764707945486446	NaN	16.185769915256213	412.8415675896079	92.85488345252142	93.06029949824016	92.64946500269572	0.4108350348058659	0.00028572831041755214	40.22549348490285	144
DATA	2026-09-27T143000_AIU-1657.ghg	2026-09-27	15:00:00	270.624	1	18000	17995	2.1983660598419825	0	NaN	48.667683428533834	0	NaN	395.86124367146346	0	NaN	0.8514079931200437	1	NaN	8.972540410607754	0	NaN	0.27160831374422395	0	NaN	NaN	NaN	NaN	NaN	NaN	NaN	NaN	NaN	NaN	9.511959706719352e-11	2.365506310831586e-12	5.06539566516498e-13	NaN	16.15834525455178	415.17205623825333	419.5033501761179	0.1	0	401.83798975974355	10.324813701836373	10.43252760580558	0.2	0	0.086047896051144	2.094296342234244	2.1161451466393406	0.1	0	NaN	NaN	NaN	NaN	9	301.2483193935818	295.00174625720007	96689.2201339601	1.137397303087165	1011.2028405330296	0.025366266425401855	0.5814206186073825	0.007334668136599905	998.5659677792182	2612.296349149904	0.0064486421030645	38.22560055654377	1613.7303813706858	280.10853401465107	-1.871982872281631	-3.4729471045337954	1.3686094740622254	4.174999018396137	-1.2972298605813673e-13	5.886716465623142e-15	4.174999018396137	13.948124124307599	279.32549048668307	241.67222839077198	19.13594943751447	NaN	1.3902532152460982	4.776684041039896	-4702.676705378878	-0.00042594890644063896	0.12294126845345975	0.03043661082123348	0	22.99942226932545	-3.490251061709139	7.894957404819579	19.659560232795794	29.98206979872905	42.050279197834605	62.998980802473234	2.162834764079623	1.0164281138589335	69.03406585392256	1.0367523083039416	344.57275144293874	1.1488466282192893	0.7410980475607305	1.1488466282192893	7.810041993608128	1.1488466282192893	0.1804886464547486	1.320320341031226	NaN	NaN	800000009	800000009	800000009	800100019	800100019	800100119	899999999	899999999	89999	89999	89	89	10	1	0	8	11	33	24	NaN	0	0	0	0	0	0	0	0	0	NaN	NaN	NaN	NaN	0	0	0	0	0	0	300	0	0	18000	0	20	18000	18000	18000	18000	93	NaN	4.340696552488167	4.131107922970414	1.081563606621212	0.10345950859044818	0.11570099865250322	0.2660572558521139	0.000001283892084098933	NaN	0.06002234758022028	0.018995063622170245	0.2001789709859555	0.0001804886464547486	NaN	16.159555121192447	401.8499465274313	92.85994103431702	93.0699972743988	92.6498845553928	0.4201016995153492	0.0002860142054285259	39.51835850351993	008
DATA	2026-09-27T150000_AIU-1657.ghg	2026-09-27	15:30:00	270.645	1	18000	18000	2.275310721485904	1	NaN	-31.455100310857375	1	NaN	391.214584008721	1	NaN	2.857823084555218	1	NaN	8.870170231912844	1	NaN	0.16548817463758847	1	NaN	NaN	NaN	NaN	NaN	NaN	NaN	NaN	NaN	NaN	-2.738711351914924e-10	-6.854367129696572e-12	-1.4584947774587719e-12	NaN	16.10619727209589	414.76002512514435	419.1105998978296	0.1	0	403.1012216350286	10.380493296389663	10.489378216650902	0.1	0	0.08577320347997848	2.090932481116934	2.11286506273685	0	0	NaN	NaN	NaN	NaN	9	301.3857108366225	295.3453641109143	96679.31601827331	1.1359336236078488	1011.2424483923013	0.025398414659388243	0.5747870310279523	0.00736488851428359	1003.8481912680247	2667.5922332580644	0.006483555342689745	37.6312458385731	1663.7440419900397	280.18545254044847	-2.1206401980356837	-1.7905876929215383	1.361028448508122	3.091232371274464	1.6309958632156868e-13	-1.7004084239423557e-14	3.091232371274464	11.83856136902212	300.8235284478775	220.17647155212254	26.122174096588875	NaN	1.4152849198925506	5.258815404790579	7675.747907724162	0.0002609647977084116	-0.08040370067123105	-0.019348127871524366	0	25.457271183721424	-3.8632391169105276	8.738657401254637	21.76049251752212	33.186124093798604	46.544010904056144	69.73140976352266	2.2448056718599942	1.0135891716634136	-8.82492084647979	1.0310756783137178	341.87444021283375	1.1443224119509212	2.4973932649654222	1.1443224119509212	7.751460724071947	1.1443224119509212	0.11183532658013676	1.389957318807411	NaN	NaN	800000009	800000009	800000009	800000019	800000019	800000119	899999999	899999999	89999	89999	89	89	19	0	2	6	4	37	15	NaN	0	0	0	0	0	0	0	0	0	NaN	NaN	NaN	NaN	0	0	0	0	0	0	300	150	0	18000	0	15	18000	18000	18000	18000	93	NaN	2.565836263995664	7.0822042137732915	0.8695903318122028	0.06428724742322278	0.10482437094586645	0.3119145049242724	2.5702233932368726e-7	NaN	-0.007682500062109692	0.06409534952803363	0.19894046781979088	0.00011183532658013676	NaN	16.107384489419637	403.11221019813325	92.81945376459757	93.04333570098876	92.59557080162895	0.4477619073672415	0.0002860501756610272	39.21402306062175	253
DATA	2026-09-27T153000_AIU-1657.ghg	2026-09-27	16:00:00	270.666	1	17990	17977	1.8045101869229412	1	NaN	24.889477853131243	0	NaN	660.8629900091479	0	NaN	0.28459479464200427	2	NaN	14.98209650740691	0	NaN	0.27480147387442755	0	NaN	NaN	NaN	NaN	NaN	NaN	NaN	NaN	NaN	NaN	-3.982866797844208e-10	-1.0114962519536432e-11	-2.113859333295618e-12	NaN	16.13151617997041	414.32900723760895	418.7350955449744	0.1	0	409.6789820639106	10.522376448124147	10.634274285407814	0.1	0	0.08561610962158409	2.085999454068274	2.108182544422047	0	0	NaN	NaN	NaN	NaN	9	301.66167376159365	295.2127656676781	96661.48712713068	1.1361730680821833	1011.3172204865526	0.025391694321162395	0.9708398536799677	0.007467529517554554	1017.3813841902324	2646.134137762097	0.006572528189001574	38.44783866666177	1628.7527535718646	280.3809022556967	-2.3899172433165563	-4.001112275909717	1.8559251640007677	5.014772076003722	-5.771220710936955e-14	-2.468997181299987e-14	5.014772076003722	11.114222451654372	281.85043017824444	239.1796085292238	21.721268357687563	NaN	1.2602520825982448	3.728575282326289	-6848.38480008619	-0.0002924923260700523	0.0376620846217863	0.017188044488643337	0	21.010411378891806	-3.1884109854327067	7.21219433043404	17.95938363938983	27.389193219087787	38.41373292763469	57.55077182422161	1.7711717406115886	1.0188228196887563	60.15577468889519	1.0420520603368995	567.467891159593	1.1645821733784911	0.24437502234504022	1.1645821733784911	12.864782623233323	1.1645821733784911	0.17408798536534742	1.327831077529729	NaN	NaN	800000009	800000009	800000009	800100019	800100019	800100119	899999999	899999999	89999	89999	89	89	15	8	0	11	5	46	7	NaN	0	0	0	0	0	0	0	0	0	NaN	NaN	NaN	NaN	0	0	0	0	0	0	300	0	0	17900	0	20	17900	17900	17900	17900	93	NaN	2.504356933915333	3.838537520408311	1.114256110328934	0.07116198565082309	0.09553525375495592	0.33326377851734107	3.017107787962669e-7	NaN	0.05235346506115871	0.006271100447042206	0.3301333470396578	0.0001740879853653474	NaN	16.13269205961228	409.67616171287875	92.87502612463298	93.07179072105997	92.67826584651114	0.39351893834036883	0.0002858272257062704	39.322053201185255	217
DATA	2026-09-27T160000_AIU-1657.ghg	2026-09-27	16:30:00	270.687	1	18000	18000	1.8340392246248816	0	NaN	21.71188909766814	0	NaN	411.55512319342677	0	NaN	1.3140988884053537	1	NaN	9.326888189854776	0	NaN	0.22662217059695225	0	NaN	NaN	NaN	NaN	NaN	NaN	NaN	NaN	NaN	NaN	-2.0437671916826908e-10	-5.241063987771948e-12	-1.0833928934775885e-12	NaN	16.16459223276618	414.57542619727496	419.03031676130445	0.1	0	414.5269704540902	10.631427812816606	10.745669623721577	0.2	0	0.08568786318819065	2.0843740222304312	2.106772016845587	0	0	NaN	NaN	NaN	NaN	9	301.59786016252303	294.85025922699845	96686.60007680085	1.137818383018679	1011.3680489447502	0.025353927568722675	0.6043823547025894	0.00755615996575485	1028.1923369321985	2588.238594723515	0.0066409192174484355	39.72556235844377	1560.0462577913163	280.5353953851135	-1.9771625101317323	-3.8053413590777363	1.5357062567719122	4.555017909697685	5.578209082574894e-14	-1.2643481272233426e-14	4.555017909697685	11.701753691688952	278.4552874991407	242.54471250085925	19.703090567735106	NaN	1.2696026983978643	3.744226990860874	-8028.269910771231	-0.0002495058116210711	0.05275572547656945	0.014860985134799937	0	21.951660303085042	-3.3312491410406206	7.535294627337967	18.763949062927047	28.616206255009924	40.13463615700732	60.12899845144799	1.8025165267375078	1.0174881602580526	43.659269848490965	1.039144437050338	356.01754402266073	1.1559967482030356	1.1367669419901774	1.1559967482030356	8.06826507458015	1.1559967482030356	0.15088376967856754	1.3236456633722098	NaN	NaN	800000009	800000009	800000009	800000019	800000019	800000119	899999999	899999999	89999	89999	89	89	25	7	1	24	1	25	5	NaN	0	0	0	0	0	0	0	0	0	NaN	NaN	NaN	NaN	0	0	0	0	0	0	300	0	0	18000	0	15	18000	18000	18000	18000	93	NaN	3.4571962244133916	3.0177576329013953	1.013500124406961	0.015247645965927752	0.07557774271747815	0.264506146889948	3.2897597788345726e-7	NaN	0.03793973498284111	0.029131297067301904	0.20676096218442114	0.00015088376967856753	NaN	16.165801059882497	414.5522416902518	92.88309589534336	93.07378579966228	92.69240683407254	0.38137072761025514	0.0002851924446359691	40.79703330601586	084
DATA	2026-09-27T163000_AIU-1657.ghg	2026-09-27	17:00:00	270.708	1	18000	18000	1.3102910151161882	0	NaN	21.97801941594113	0	NaN	388.84633293760675	0	NaN	-0.931654497985435	2	NaN	8.808023778479845	0	NaN	0.11075059665753603	1	NaN	NaN	NaN	NaN	NaN	NaN	NaN	NaN	NaN	NaN	2.033604101568367e-10	5.295569964707383e-12	1.0790799201996436e-12	NaN	16.22502622538183	415.1761816761836	419.71384243467355	0.1	1	422.5048596698706	10.811320237064244	10.9294823710025	0.2	0	0.08609394518342807	2.089704239566114	2.112543625213061	0	0	NaN	NaN	NaN	NaN	9	301.39242968947804	294.35461394229185	96687.31910465218	1.1396649186790155	1011.4547445194415	0.025311119213754913	0.5707599408454939	0.007697012224731782	1045.5979650760914	2510.8728576328426	0.006753750245864706	41.64280807359725	1465.2748925567512	280.78114402373774	-1.7172399688335738	-5.151229972576802	1.5165814908806818	5.637739153190273	3.3603095717505274e-15	1.253374924218657e-14	5.637739153190273	12.816109254030518	269.43658362932206	251.56341637067794	15.605082650918057	NaN	1.0722481152213441	2.8130705807709235	-4777.748215992533	-0.0004192560824563825	0.05652109214944728	0.017781550409779225	0	20.088097145364642	-3.048446242183873	6.895593700110061	17.17100330464658	26.18686346479419	36.72744835170949	55.02441024820408	1.2837180339803376	1.0207000138912574	42.14021589721757	1.0459884333543303	330.65148136445333	1.1760005772029476	-0.7922228237347669	1.1760005772029476	7.489812462022121	1.1760005772029476	0.06028855980931374	1.3337068700771122	NaN	NaN	800000009	800000009	800000009	800000019	800000019	800000119	899999999	899999999	89999	89999	89	89	19	4	1	63	17	28	17	NaN	0	0	0	0	0	0	0	0	0	NaN	NaN	NaN	NaN	0	0	0	0	0	0	300	150	0	18000	0	20	18000	18000	18000	18000	93	NaN	2.962917061201029	1.7608218916477116	0.9024022086931055	0.012628130371425066	0.1287753692781488	0.21053395029661745	2.5955701824498195e-7	NaN	0.036557216472427614	-0.020271264251962837	0.19164806045290886	0.00006028855980931374	NaN	16.2262678651336	422.51943642304394	92.91088789727952	93.08419237815009	92.73758984078302	0.34660145186632824	0.0002849955662370323	40.70324223783279	017
DATA	2026-09-27T170000_AIU-1657.ghg	2026-09-27	17:30:00	270.729	1	18000	18000	1.2397441985906683	0	NaN	15.283863738339395	0	NaN	326.44568409576476	0	NaN	0.4970924583090932	0	NaN	7.393237188218218	0	NaN	0.138275383721664	0	NaN	NaN	NaN	NaN	NaN	NaN	NaN	NaN	NaN	NaN	-3.5529734793563423e-10	-9.503632112201643e-12	-1.9017970839200243e-12	NaN	16.26673423511946	415.7080631041735	420.38251552203474	0.1	0	435.1089551772767	11.119521495932153	11.244555573342133	0.2	0	0.08707080959933482	2.11188128273568	2.1356284491837028	0	0	NaN	NaN	NaN	NaN	9	301.26063881005183	294.17188799669515	96721.45566428319	1.1406419556296628	1011.6204905795157	0.025286479199544094	0.4790817697965405	0.007924147098876668	1075.7847958756988	2482.8654770742723	0.006947094186538441	43.328356119533645	1407.0806811985735	281.19891917575865	-1.3071111870382226	-3.9703218271909697	1.196917877602468	4.347942901243525	3.282366204146767e-14	-2.1841959350916076e-14	4.347942901243525	10.340334176369009	269.2226026464556	251.77739735354442	15.978922475726295	NaN	1.0425367459616794	2.6431686764833673	-6316.793684063991	-0.0003171070799816402	0.04681900996998871	0.012705004590996697	0	20.669292119634534	-3.1366448217938907	7.095099127334455	17.66780002718409	26.944509812653582	37.7900581273047	56.61639332489885	1.2191346718739762	1.0169050451866917	32.81630817476944	1.0378388708611588	283.3491421317555	1.1520969558608003	0.4314675564242645	1.1520969558608003	6.417200523452724	1.1520969558608003	0.08737033996657756	1.3218165729546807	NaN	NaN	800000009	800000009	800000009	800000019	800000019	800000119	899999999	899999999	89999	89999	89	89	10	5	0	62	18	41	10	NaN	0	0	0	0	0	0	0	0	0	NaN	NaN	NaN	NaN	0	0	0	0	0	0	300	0	0	18000	0	15	18000	18000	18000	18000	93	NaN	2.7686132510914163	1.7233495897882152	0.7943745120871024	0.010527386749833272	0.06394194536671237	0.17325335359681215	3.3488457947410793e-7	NaN	0.028439552734219102	0.011033010091772833	0.1640935386264935	0.00008737033996657757	NaN	16.26795674657965	435.1204135552684	92.91711252848307	93.08243572404649	92.75180367999607	0.3306269677786365	0.00028388226568090935	39.11124868832155	234
DATA	2026-09-27T173000_AIU-1657.ghg	2026-09-27	18:00:00	270.749	1	18000	17999	1.536504137343311	1	NaN	12.255806190889569	0	NaN	396.01275677349565	0	NaN	0.2826626205902968	2	NaN	8.967876755458832	0	NaN	0.15796347009335363	0	NaN	NaN	NaN	NaN	NaN	NaN	NaN	NaN	NaN	NaN	3.5935331395948903e-10	9.875485168344542e-12	1.935977038815744e-12	NaN	16.291802226975726	416.0369065379155	420.84856167150804	0.1	0	447.7194031839063	11.433222236715757	11.565452626866934	0.1	0	0.0877703190902196	2.1280788782408684	2.1526910736933993	0	0	NaN	NaN	NaN	NaN	9	301.27621951039634	294.06891403112036	96756.53239911229	1.1413192099786538	1011.7914910423126	0.025268463954141934	0.5811184137537323	0.00815350979028852	1106.5356746575947	2467.20278163643	0.007143934596913528	44.849806545842945	1360.6671069788351	281.6140023111069	-1.818444288975538	-3.625468470480282	1.437354452698312	4.302896584957755	-4.5366963357942996e-14	2.2057308881670386e-14	4.302896584957755	10.727216932695693	277.63719762205017	243.35899596177083	19.514381594116145	NaN	1.160281328282493	3.054309240869788	-10862.701980978445	-0.00018440163446512716	0.030948008571096176	0.009147036903457372	0	22.14548945737402	-3.360663463001636	7.601829903702914	18.929631308724076	28.86888213377195	40.48901766968567	60.6599265342067	1.5111473008405505	1.0167798575881095	33.7575923601047	1.0375554711495438	343.98644637721765	1.1512452334800005	0.2455277228257095	1.1512452334800005	7.789718901463423	1.1512452334800005	0.09971898356909406	1.321425013423955	NaN	NaN	800000009	800000009	800000009	800100019	800100019	800101119	899999999	899999999	89999	89999	89	89	10	0	2	61	28	46	19	NaN	0	0	0	0	0	0	0	0	0	NaN	NaN	NaN	NaN	0	0	0	0	0	0	300	0	0	18000	0	20	18000	18000	18000	18000	93	NaN	2.5252001678799343	2.7553427581930507	0.8280755556665915	0.013472882488412287	0.08397966743829825	0.26991691470354073	4.597412730142614e-7	NaN	0.0292329951614401	0.006275881205648148	0.19911132595678266	0.00009971898356909406	NaN	16.293041925560644	447.73282204965085	92.91007710753547	93.07337864685059	92.74677681859335	0.3265985652307662	0.0002838650382667159	40.739870092338975	150
DATA	2026-09-27T180000_AIU-1657.ghg	2026-09-27	18:30:00	270.77	0	18000	18000	2.4926422299449666	1	NaN	6.677193998325803	1	NaN	658.0189471979766	1	NaN	2.6108380692058026	1	NaN	14.894901683714096	1	NaN	0.04203660180938159	2	NaN	NaN	NaN	NaN	NaN	NaN	NaN	NaN	NaN	NaN	2.6925270654995224e-9	7.309758468010948e-11	1.4430640027040602e-11	NaN	16.35091967892096	416.50182966188214	421.26521219630473	0.1	0	443.89998939745306	11.307324688853853	11.436642519168444	0.2	0	0.0876330043329715	2.1203911433102562	2.1446412988171066	0	1	NaN	NaN	NaN	NaN	9	301.1234462014658	293.6373826297393	96816.71024585099	1.1437620714661838	1011.7112020546481	0.02521570081222908	0.9651896291046733	0.008080600095218767	1095.0316299303806	2402.501266273427	0.007064930982420391	45.578815932484744	1307.4696363430464	281.45992281738796	-2.039311359533987	-2.392345939467349	1.4987703645730746	3.482588479986223	-3.4598909297797776e-13	1.6467129179104434e-13	3.482588479986223	12.518234144643532	291.44532340963167	229.55467659036833	25.490474178767226	NaN	1.4762575403316243	4.4083808020283985	-41082.922469406054	-0.000048757485582767	0.010147419047368027	0.0039087654966092995	0	23.713185595052213	-3.5985674001047094	8.139969257193401	20.26967438826312	30.91253238170681	43.35526620040011	64.95408913208297	2.456683197724344	1.0146372280536342	43.34352422736171	1.0324664131370505	579.4004417761994	1.135689412284129	2.2989014786664383	1.135689412284129	13.115295011650298	1.135689412284129	-0.004436789778760228	1.3146973550296888	NaN	NaN	800000009	800000009	800000009	800000019	800000019	800000119	899999999	899999999	89999	89999	89	89	16	3	0	59	28	14	19	NaN	0	0	0	0	0	0	0	0	0	NaN	NaN	NaN	NaN	0	0	0	0	0	0	300	150	0	18000	0	15	18000	18000	18000	18000	93	NaN	2.554205440903051	5.132744449148263	1.1298117140054822	0.024507817032161563	0.034085228186076844	0.4005493421979857	1.4733436146447025e-7	NaN	0.03745691204048131	0.05863155575439311	0.3344946087715588	-0.000004436789778760229	NaN	16.352185037392747	443.91722897257114	92.93578571785821	93.08124680836995	92.79032588428922	0.2909134499000182	0.00028292623307303686	38.00554458854768	019
DATA	2026-09-27T183000_AIU-1657.ghg	2026-09-27	19:00:00	270.791	0	18000	17999	1.3130811063176542	1	NaN	-2.538265498035094	1	NaN	334.69012536268616	1	NaN	0.5167772683175597	2	NaN	7.573046594130334	1	NaN	0.0513514696061854	1	NaN	NaN	NaN	NaN	NaN	NaN	NaN	NaN	NaN	NaN	-3.6486020614932305e-10	-9.808005895786872e-12	-1.9438116710177333e-12	NaN	16.366572713259483	416.0571343087298	420.7630570650802	0.1	0	439.9587539556933	11.18425840228283	11.310760874631137	0.2	0	0.08719376495000421	2.105681077210747	2.1294979323533134	0.1	0	NaN	NaN	NaN	NaN	9	300.84229362572563	293.2287865569527	96859.4682867673	1.1459152182770307	1011.6331397935423	0.02516949736102944	0.4907334192996456	0.008007324777742655	1083.591906138871	2342.6116313774846	0.006987711350742219	46.25572124824232	1259.0197252386135	281.3052828377315	-2.5092353076590523	-2.2168173351077116	1.6944237423443371	3.752732412824692	2.1064302052701314e-13	-2.229301225990517e-14	3.752732412824692	9.937960997986181	299.540583546569	221.46359575734795	26.841076411008178	NaN	1.0704577546646286	3.1394523097100064	41215.843313311234	0.00004860024298843039	-0.007583927058751759	-0.0020454646529379904	0	22.71080807985719	-3.4464527449766615	7.795885493116935	19.412857164542714	29.605832053614826	41.52260041071206	62.20842182369914	1.293280532877315	1.0153103467785807	16.169949548107347	1.034122659423359	293.3750957478064	1.1408266421168731	0.45298492272116647	1.1408266421168731	6.638209798535285	1.1408266421168731	0.023154455641178715	1.3168128228335514	NaN	NaN	800000009	800000009	800000009	800100019	800100019	800110119	899999999	899999999	89999	89999	89	89	32	2	0	58	13	18	15	NaN	0	0	0	0	0	0	0	0	0	NaN	NaN	NaN	NaN	0	0	0	0	0	0	300	0	0	18000	0	15	18000	18000	18000	18000	93	NaN	1.450860642214677	4.166263176262007	0.6617808009433296	0.01592714737163319	0.08934674960947254	0.30219155227465083	1.9760200374451942e-7	NaN	0.013948680604054652	0.011530396341043905	0.16897072315854483	0.000023154455641178717	NaN	16.36782641585413	439.9777556359071	92.95923827256097	93.08911269993253	92.82936149787903	0.25974463098827305	0.00028271978180984865	40.087217644145156	126
DATA	2026-09-27T190000_AIU-1657.ghg	2026-09-27	19:30:00	270.812	0	18000	17999	1.0249581784720654	1	NaN	26.366524565161775	0	NaN	502.791079376289	0	NaN	4.694789475610562	0	NaN	11.373648585628334	0	NaN	0.15931900116015862	0	NaN	NaN	NaN	NaN	NaN	NaN	NaN	NaN	NaN	NaN	-5.44892415534233e-10	-1.475345098928028e-11	-2.8867256147136444e-12	NaN	16.36009790565122	415.34584196527544	420.06988967665774	0.1	0	442.96432791087045	11.245861289935801	11.373769119800837	0.2	0	0.08667236382279829	2.0905138148721534	2.1142908363442627	0	0	NaN	NaN	NaN	NaN	9	300.70138213602706	292.9535673876402	96873.17546345339	1.1471272464222302	1011.6605790278403	0.025142315688616062	0.737012428348716	0.008060133618025569	1089.7145199754857	2303.0117190576807	0.007026364026453283	47.31693334245656	1213.297199082195	281.3882252322251	-2.9690420800154205	-1.8614897251755564	1.993754221919988	4.031843446952111	-1.0753358726975933e-13	-3.3306183048330805e-14	4.031843446952111	10.012021690518322	308.91366843832066	212.0915625501468	29.636910045500073	NaN	0.9452512818676116	3.330553621976984	-2732.291775572421	-0.0007331208247627017	0.05244031894493709	0.024035833705765248	0	20.6213901930691	-3.129375519630771	7.078655946048668	17.62685418082533	26.882064813428805	37.702478128007186	56.485182526785806	1.0087760441209912	1.0160413547143408	53.38843516579822	1.0358564987568888	438.6825570281075	1.1461387541426087	4.096178982380358	1.1461387541426087	9.923448225199062	1.1461387541426087	0.09203139600862696	1.3191084310560222	NaN	NaN	800000009	800000009	800000009	800100019	800100019	800100119	899999999	899999999	89999	89999	89	89	20	12	11	68	8	10	17	NaN	0	0	0	0	0	0	0	0	0	NaN	NaN	NaN	NaN	0	0	0	0	0	0	300	0	0	18000	0	15	18000	18000	18000	18000	93	NaN	1.2614435145888976	4.742828759483622	0.6568349698814482	0.023176972501496	0.08777330981620322	0.3344688632549428	1.3686888779193297e-7	NaN	0.0460045481179661	0.10415909806560154	0.25233697582149506	0.00009203139600862696	NaN	16.361354469279394	442.98343964504807	92.97151641379462	93.09014483896891	92.8528886066013	0.23724858493523499	0.00028184815519327665	40.56342673799727	208
DATA	2026-09-27T193000_AIU-1657.ghg	2026-09-27	20:00:00	270.833	0	18000	17998	1.0450060226182203	1	NaN	13.219723534775207	0	NaN	425.94965948246124	0	NaN	3.313376836448762	0	NaN	9.634705714222704	0	NaN	0.12721554695404366	0	NaN	NaN	NaN	NaN	NaN	NaN	NaN	NaN	NaN	NaN	-3.112629864531774e-10	-8.409858273145178e-12	-1.638563667701578e-12	NaN	16.35155078540629	415.013828352484	419.72017168780155	0.1	0	441.7943367387454	11.213050152896397	11.340208479319305	0.2	0	0.08607851943094547	2.075454913902521	2.0989910053156033	0	0	NaN	NaN	NaN	NaN	9	300.63564590284557	292.8771442546952	96865.16221663136	1.1473459585684367	1011.6405663926411	0.025137836159174465	0.6243289302816312	0.008038049334787339	1086.4452712952257	2292.1200385422676	0.007005776483334243	47.39914371963601	1205.674767247042	281.3439883524141	-3.1802923009361463	-1.385894859968415	2.103960231338577	4.05752822174722	-2.5805925935985554e-14	-1.9035686005450853e-14	4.05752822174722	11.768957634906245	317.4535864099979	203.544106604224	31.233865531100175	NaN	0.9543599408673289	3.967808876617608	-5608.200591655939	-0.00035717338694701405	0.031035882387692195	0.011934096491203009	0	20.273166893180488	-3.076531290418585	6.959122155686771	17.32919814153631	26.428120572545474	37.06581487568555	55.53134495957373	1.0284376466401137	1.0161102387025942	36.37640395766187	1.0360169425884778	371.4861068152021	1.1466099314835272	2.889715800875534	1.1466099314835272	8.402775390020352	1.1466099314835272	0.07439379103680706	1.319323129720159	NaN	NaN	800000009	800000009	800000009	800100019	800100019	800100119	899999999	899999999	89999	89999	89	89	29	5	8	50	3	13	14	NaN	0	0	0	0	0	0	0	0	0	NaN	NaN	NaN	NaN	0	0	0	0	0	0	300	150	0	18000	0	15	18000	18000	18000	18000	93	NaN	1.32911773781608	5.9078221566255	0.6986778587936365	0.019747461318265772	0.056773335644277695	0.30840390029345083	1.5148210938236614e-7	NaN	0.031340010509009746	0.07346519220091077	0.21362360577531306	0.00007439379103680705	NaN	16.352792154385572	441.81424860568006	92.9747457669576	93.09008405367533	92.8594079691569	0.2306772360383635	0.00028214738110869393	38.699183658351124	207
DATA	2026-09-27T200000_AIU-1657.ghg	2026-09-27	20:30:00	270.854	0	18000	17997	0.651826928009323	1	NaN	22.45957072284104	0	NaN	377.64556033861845	0	NaN	2.5661923986533597	0	NaN	8.541459139819358	0	NaN	0.08674171384306095	0	NaN	NaN	NaN	NaN	NaN	NaN	NaN	NaN	NaN	NaN	-6.577902358166504e-10	-1.7946711784024724e-11	-3.470928818912948e-12	NaN	16.351142498623165	414.8834166082408	419.6334165752643	0.2	0	446.11370887557933	11.31940350649255	11.448999349879406	0.2	0	0.0862792553467496	2.0796381657927463	2.1034479418008916	0.7	0	NaN	NaN	NaN	NaN	9	300.5634281361898	292.79968808276504	96878.41683659957	1.1477601568473512	1011.6976013737678	0.025127749670248986	0.5534865522602943	0.00811754563614545	1096.9000441654505	2281.127158941818	0.007072510391406677	48.08587894215799	1184.2271147763674	281.48504422475065	-3.1982784821761268	-1.038765854948465	2.043661912412396	3.93512271386741	-1.7694818801311903e-14	-4.022900759821762e-14	3.93512271386741	11.555940671688061	323.00677053164134	197.9932735911424	31.287910027325704	NaN	0.7535994565963194	4.013000546939568	-1625.4699976101447	-0.0012323204998831523	0.05947261951842493	0.02566604844041231	0	16.302394437570317	-2.473951250941564	5.596084465688631	13.93504156892062	21.25181764089507	29.805976413909434	44.654784028058145	0.6416981282277735	1.0157843685932557	42.708283802824155	1.0352535431498548	330.0228503215578	1.144301250566921	2.2425846317846734	1.144301250566921	7.464344844146298	1.144301250566921	0.0425849467764671	1.3183013543077977	NaN	NaN	800000009	800000009	800000009	800100019	800100019	800100119	899999999	899999999	89999	89999	89	89	21	7	1	53	4	16	11	NaN	0	0	0	0	0	0	0	0	0	NaN	NaN	NaN	NaN	0	0	0	0	0	0	300	0	0	18000	0	15	18000	18000	18000	18000	93	NaN	1.2269772578749283	6.04773103411782	0.7512928018863884	0.02245429046895609	0.039271530627109905	0.27425876758989115	9.44288552781399e-8	NaN	0.03677987551851225	0.05699644404934495	0.1897101706863256	0.0000425849467764671	NaN	16.352404087515325	446.13711471973033	92.96653852250842	93.08012631289164	92.85294866455925	0.22717587679790155	0.00028215847221468306	40.78944563394123	080
DATA	2026-09-27T203000_AIU-1657.ghg	2026-09-27	21:00:00	270.874	0	18000	17969	0.5831100451665779	0	NaN	29.23460995961656	0	NaN	415.7983136110976	0	NaN	2.4517153817206054	0	NaN	9.404831608327067	0	NaN	0.14371530706336114	0	NaN	NaN	NaN	NaN	NaN	NaN	NaN	NaN	NaN	NaN	2.792003452981809e-10	7.735993050960511e-12	1.4670990102896412e-12	NaN	16.351590817263506	415.01080721662163	419.83852431787255	0.1	0	453.06460061646766	11.498985494708181	11.632750321923542	0.2	0	0.08592182319491126	2.0716130146051626	2.0957115715677115	-0.1	0	NaN	NaN	NaN	NaN	9	300.55901349329065	292.84883115779206	96897.0879184322	1.1477104420399935	1011.7982734153926	0.025127124401255977	0.6094330882195939	0.008246535451331607	1114.5170856929635	2288.0963697021434	0.007185205561669226	48.70935946802133	1173.57928400918	281.7200736288135	-3.011109414917857	-0.2613102628237899	1.979088614998838	3.6077698358021952	1.1615205802814253e-13	1.707481237870812e-14	3.6077698358021952	13.066654877227029	336.0401806111664	185.00010933576	33.268476359442566	NaN	0.7127858917001856	4.026182715934456	-1056.8467386103446	-0.0018953552363078592	0.07030959242167617	0.03531928815861061	0	15.660530320506126	-2.376545894849461	5.375753284993606	13.386385775617345	20.415082938007135	28.632444095855583	42.89661877002667	0.5745240575824527	1.0149445222890305	51.57876861590715	1.0332307205606035	365.34939469015444	1.138084035868536	2.154248108620172	1.138084035868536	8.26374091184726	1.138084035868536	0.08410132224508389	1.315665368548598	NaN	NaN	800000009	800000009	800000009	800100019	800100019	800100119	899999999	899999999	89999	89999	89	89	17	8	2	56	4	10	10	NaN	0	0	0	0	0	0	0	0	0	NaN	NaN	NaN	NaN	0	0	0	0	0	0	300	0	0	18000	0	15	18000	18000	18000	18000	93	NaN	1.6410441999324545	5.668201839569817	0.7431193923666399	0.026185361492967626	0.06026083791447344	0.4349352547073298	1.008355906759541e-7	NaN	0.044416537777873	0.0547599125626358	0.21006017271746805	0.00008410132224508389	NaN	16.352845188670507	453.0800622100098	92.8736142715878	92.968432565901	92.7788018690745	0.18963180672791255	0.0002817501362814155	39.685536566540016	081
DATA	2026-09-27T210000_AIU-1657.ghg	2026-09-27	21:30:00	270.895	0	18000	18000	1.3438991003206335	1	NaN	28.67568549557927	1	NaN	454.4922919805121	1	NaN	3.55215561660994	1	NaN	10.279614095352036	1	NaN	0.09129084225516658	1	NaN	NaN	NaN	NaN	NaN	NaN	NaN	NaN	NaN	NaN	-5.713536876735981e-10	-1.5899172910722903e-11	-3.0014222878142774e-12	NaN	16.367870450924556	415.2989191155563	420.15447879015096	0.2	0	455.47199238211357	11.556605771706604	11.691722398255475	0.3	0	0.0859833273772914	2.072703421244637	2.0969368942597435	0.1	0	NaN	NaN	NaN	NaN	9	300.51718781393544	292.80589736852266	96923.7128460452	1.148169012203269	1011.8292016702267	0.02511653917538951	0.6661189933788119	0.00829135089512384	1120.4095967111245	2282.0067002558053	0.00722136794060765	49.0975594675305	1161.5971035446807	281.7979549996831	-2.554002032473	-1.7436897966041531	1.8598408739355343	3.608654675224352	1.3758050486796017e-13	-3.490702650578008e-14	3.608654675224352	10.960950767695396	306.6775355348864	214.32246446511357	31.02308834593974	NaN	1.08188330936484	3.5375148553474665	-3768.3258362221086	-0.0005315623136263037	0.06309388740262473	0.02281499390368465	0	22.568058352108903	-3.4247899230588845	7.74688413095553	19.29083684429208	29.419743366213016	41.26160838069762	61.81740820376283	1.324108021091602	1.0149467255796212	53.19006602666419	1.0332361432852883	399.34939434754756	1.1380818361401457	3.1211776726507043	1.1380818361401457	9.032403267427409	1.1380818361401457	0.04062368111594136	1.3156723805349342	NaN	NaN	800000009	800000009	800000009	800000019	800001019	800001119	899999999	899999999	89999	89999	89	89	15	5	2	74	13	15	14	NaN	0	0	0	0	0	0	0	0	0	NaN	NaN	NaN	NaN	0	0	0	0	0	0	300	150	0	18000	0	15	18000	18000	18000	18000	93	NaN	1.3669083115474234	5.0213978857145625	0.6867235134329465	0.024347142871932535	0.053927231542589646	0.388187734918648	9.351939823879356e-8	NaN	0.04578439700301029	0.07930998133246155	0.22951584615128742	0.000040623681115941365	NaN	16.36914997783275	455.4889682660192	92.85709053738913	92.95075677956476	92.76342645030552	0.18732202210028975	0.0002820453845844087	37.19044856625472	245
DATA	2026-09-27T213000_AIU-1657.ghg	2026-09-27	22:00:00	270.916	0	18000	18000	0.6692679916645484	1	NaN	3.8813522277700825	0	NaN	259.5809599875893	0	NaN	2.0841018778909106	0	NaN	5.8709886762566725	0	NaN	0.03391867199417377	0	NaN	NaN	NaN	NaN	NaN	NaN	NaN	NaN	NaN	NaN	-6.294508271242657e-11	-1.7230866122703816e-12	-3.30798268327813e-13	NaN	16.3819723345423	415.50261011810346	420.28297284428635	0.2	0	448.44737659961714	11.374152737693716	11.50501250719968	0.2	0	0.08609295351661986	2.0748782281279188	2.098749728093447	-0.1	0	NaN	NaN	NaN	NaN	9	300.49449317126806	292.7775766053287	96952.04631355932	1.148695341796081	1011.7274611773413	0.02510677045458371	0.38044006622143234	0.008163624079640008	1103.0431833143286	2277.997491590942	0.007106866183400291	48.421615361128815	1174.9543082766133	281.56737550659716	-2.0516149384578375	-0.6521469537568491	1.3095985607447902	2.5198150518048434	-1.8569020696936451e-13	-3.842338482021689e-15	2.5198150518048434	9.617127185885012	323.36609778124057	197.6339022187595	31.313479031951868	NaN	0.7633041041879578	3.1337304263637016	-9779.300373803175	-0.00020483060376853864	0.014952376429903224	0.004375392928911541	0	18.732596410556642	-2.8427437761214556	6.430294161791499	16.012341663954054	24.419831355581394	34.249160693694414	51.31148373335854	0.6609105664550067	1.0126453194028495	18.523821104065668	1.0268886745874062	232.2590812314279	1.117635351915206	1.8647422652831667	1.117635351915206	5.253044891785151	1.117635351915206	0.012040894901879633	1.3083442165574146	NaN	NaN	800000009	800000009	800000009	800000019	800000019	800000119	899999999	899999999	89999	89999	89	89	15	11	1	72	2	17	12	NaN	0	0	0	0	0	0	0	0	0	NaN	NaN	NaN	NaN	0	0	0	0	0	0	300	0	0	18000	0	20	18000	18000	18000	18000	93	NaN	0.8634868173237151	4.859400138571655	0.5445738968320323	0.013698532605057965	0.050425510339882865	0.22220440621879947	3.505834668955225e-8	NaN	0.01593904071606472	0.04735643987599973	0.13340476548161212	0.000012040894901879634	NaN	16.383237898300088	448.46743796711365	92.88804927614	92.98393504481845	92.792165951199	0.1917603702743854	0.00028210809517380156	39.69852068395008	232
DATA	2026-09-27T220000_AIU-1657.ghg	2026-09-27	22:30:00	270.937	0	18000	18000	0.35123082688387064	1	NaN	11.173210521625125	1	NaN	210.74089856971716	1	NaN	1.937443013660875	1	NaN	4.765828889651022	1	NaN	0.059251685560549834	1	NaN	NaN	NaN	NaN	NaN	NaN	NaN	NaN	NaN	NaN	-2.7889557869618597e-10	-7.682882884284773e-12	-1.4657751890496087e-12	NaN	16.404500133778576	415.86870523608184	420.6881735239156	0.1	0	451.90337506335766	11.456153491226562	11.588917913642476	0.2	0	0.08621617236552648	2.0768083359269034	2.1008762972543287	0.1	0	NaN	NaN	NaN	NaN	9	300.42455286661783	292.6612622622043	96963.0979828743	1.1492470789835465	1011.7701207521219	0.02509393558029383	0.3088257120493862	0.008226684442879103	1111.1221002914137	2261.596118462232	0.007158325301253067	49.12999678505458	1150.4740181708182	281.6750370867859	-1.4838391550298964	-0.4438436927189726	0.9338120817025218	1.8085300289184967	1.2861544101344042e-13	-1.7001162877368684e-14	1.8085300289184967	6.811870747934346	324.3471047479509	196.65289525204915	31.0869050106106	NaN	0.5528274620780373	1.963217698570946	-1290.7110444919326	-0.0015519352751711267	0.05301870969259823	0.017381734601538572	0	20.42405549659869	-3.0994292181192544	7.010917330492018	17.45817545029675	26.624819106384336	37.34168736618584	55.94465222089278	0.34709295988002214	1.0119214950521578	23.04678665637207	1.0234452572233228	190.6730087735978	1.105247669427337	1.7529491961423669	1.105247669427337	4.312000849656028	1.105247669427337	0.03300523927172852	1.3055388834460226	NaN	NaN	800000009	800000009	800000009	800000019	800000019	800011119	899999999	899999999	89999	89999	89	89	34	33	2	62	20	20	6	NaN	0	0	0	0	0	0	0	0	0	NaN	NaN	NaN	NaN	0	0	0	0	0	0	300	0	0	18000	0	15	18000	18000	18000	18000	93	NaN	0.3346187410641986	3.3616826331732255	0.23013402290446755	0.015290404357536593	0.0723345874023955	0.25214073510797336	1.7725032168784912e-7	NaN	0.019820523603865676	0.04449831042075231	0.10945939150135998	0.00003300523927172852	NaN	16.405721144435393	451.92024729805263	92.88752160496182	92.98080462667677	92.7942441183726	0.1865503821443357	0.00028146662909421137	39.1567067363474	063
DATA	2026-09-27T223000_AIU-1657.ghg	2026-09-27	23:00:00	270.958	0	18000	18000	0.11635764215187694	1	NaN	12.651549063343165	0	NaN	111.91509953326195	0	NaN	0.5082157387911781	2	NaN	2.5305811987803173	0	NaN	0.06504466171668499	0	NaN	NaN	NaN	NaN	NaN	NaN	NaN	NaN	NaN	NaN	3.142430056654157e-10	8.98195324601911e-12	1.6498195531565809e-12	NaN	16.452563948648258	416.8200529663349	421.8458805657525	0.1	0	470.2607774864529	11.913895171092628	12.057547528366047	0.3	0	0.0863782525391822	2.079785579557573	2.1048626930318988	0.1	0	NaN	NaN	NaN	NaN	9	300.34284212409125	292.52291304766123	96979.20459872093	1.149781698651641	1012.020694012461	0.02507790726003059	0.16398166168096456	0.008560857667884484	1155.7100012049434	2242.22230161272	0.007445637443980781	51.543060666808024	1086.5123004077766	282.2570985720516	-1.4152271481167389	-0.6168473743623037	1.0379531648572915	1.8602997974685767	-5.437206231855778e-14	1.909994130071343e-14	1.8602997974685767	4.363676678438835	317.44931868732874	203.55068131267134	33.91410371890145	NaN	0.31811911113247643	0.6030710677025344	-217.24375579822524	-0.00922051818078706	0.11304595283483651	0.03417819781238614	0	17.088043715841945	-2.5931765599735974	5.865772439345007	14.606602755421962	22.275990823274395	31.2423938645756	46.806799118686016	0.11498498932425898	1.0119376697400655	18.821454631600968	1.023662043939542	101.1805934828065	1.1060925389045038	0.4594694574963186	1.1060925389045038	2.2878566754339156	1.1060925389045038	0.042546942949896145	1.3056594246395516	NaN	NaN	800000009	800000009	800000009	800000019	800001019	800001019	899999999	899999999	89999	89999	89	89	17	3	8	32	31	4	14	NaN	0	0	0	0	0	0	0	0	0	NaN	NaN	NaN	NaN	0	0	0	0	0	0	300	150	0	18000	0	15	18000	18000	18000	18000	93	NaN	0.2015534297748809	0.8855727409659081	0.11901596466427969	0.025361864103675108	1.0198374287397929	0.30590357152138176	3.181194224469393e-7	NaN	0.016175153116478443	0.011661503643410665	0.05806664299636888	0.000042546942949896146	NaN	16.453799315915536	470.28470563032647	92.87079338667128	92.9615672562917	92.78002217292786	0.18154287649691053	0.00028139562029132827	39.54800072813033	158
DATA	2026-09-27T230000_AIU-1657.ghg	2026-09-27	23:30:00	270.979	0	18000	18000	0.16934419586457786	1	NaN	4.0593260722484725	1	NaN	132.90206099669095	1	NaN	2.4457392611394284	1	NaN	3.0039160557709437	1	NaN	0.0786146260795922	1	NaN	NaN	NaN	NaN	NaN	NaN	NaN	NaN	NaN	NaN	2.378298350907951e-10	6.9410637194540844e-12	1.240268705602178e-12	NaN	16.621173094315537	420.5021175333779	425.7267874912604	0.2	0	485.0889355226449	12.272354268968302	12.424836261300909	0.5	0	0.08667844735041969	2.0833754004252256	2.1092609986463313	0.9	0	NaN	NaN	NaN	NaN	9	300.0764768803914	292.1043275563731	96976.1937246204	1.151236817099033	1012.2100148243154	0.025042799536966382	0.19465376041395713	0.008830794951238617	1190.4454438006242	2184.4873643374394	0.007670702343841878	54.49541449564252	994.0419205368153	282.6969826286594	-0.6707662695874788	-1.1482134977988996	0.6040001950309036	1.4605265696115515	-4.0777285363493544e-14	1.4308847741446913e-14	1.4605265696115515	3.9669554604286037	281.29272633854043	239.7072736614595	24.428011751573376	NaN	0.38353307551140303	0.3758474712973238	-1186.5573382741502	-0.0016881611493916615	0.03054374056960293	0.00908271767991917	0	19.779713678261782	-3.001647861299984	6.789735635128368	16.907401755211446	25.784854469647236	36.16362501998317	54.17970015521517	0.16732788987106526	1.0120500294067312	11.640051217932218	1.0222033770434829	120.82669363835377	1.099939566288886	2.2235214879951726	1.099939566288886	2.730982817452355	1.099939566288886	0.054498424483905974	1.3051729407341013	NaN	NaN	800000009	800000009	800000009	800000019	800000019	800100019	899999999	899999999	89999	89999	89	89	17	5	2	5	4	2	7	NaN	0	0	0	0	0	0	0	0	0	NaN	NaN	NaN	NaN	0	0	0	0	0	0	300	0	0	18000	0	15	18000	18000	18000	18000	93	NaN	0.2967557282567496	0.3349306581510095	0.12000855618688855	0.0668186925217051	8.8620626545276	0.35871052792085	4.1819254373246404e-7	NaN	0.009988944296179683	0.056375245457567745	0.06924143863934212	0.00005449842448390598	NaN	16.62241857609119	485.11391335646704	92.85791720496283	92.93817123730977	92.77766377258301	0.1605100255674806	0.0002816777486845644	37.126403188800566	175
