DATAH	filename	date	time	DOY	daytime	file_records	used_records	Tau	qc_Tau	rand_err_Tau	H	qc_H	rand_err_H	LE	qc_LE	rand_err_LE	co2_flux	qc_co2_flux	rand_err_co2_flux	h2o_flux	qc_h2o_flux	rand_err_h2o_flux	ch4_flux	qc_ch4_flux	rand_err_ch4_flux	none_flux	qc_none_flux	rand_err_none_flux	H_strg	LE_strg	co2_strg	h2o_strg	ch4_strg	none_strg	co2_v-adv	h2o_v-adv	ch4_v-adv	none_v-adv	co2_molar_density	co2_mole_fraction	co2_mixing_ratio	co2_time_lag	co2_def_timelag	h2o_molar_density	h2o_mole_fraction	h2o_mixing_ratio	h2o_time_lag	h2o_def_timelag	ch4_molar_density	ch4_mole_fraction	ch4_mixing_ratio	ch4_time_lag	ch4_def_timelag	none_molar_density	none_mole_fraction	none_mixing_ratio	none_time_lag	none_def_timelag	sonic_temperature	air_temperature	air_pressure	air_density	air_heat_capacity	air_molar_volume	ET	water_vapor_density	e	es	specific_humidity	RH	VPD	Tdew	u_unrot	v_unrot	w_unrot	u_rot	v_rot	w_rot	wind_speed	max_wind_speed	wind_dir	yaw	pitch	roll	u*	TKE	L	(z-d)/L	bowen_ratio	T*	model	x_peak	x_offset	x_10%	x_30%	x_50%	x_70%	x_90%	un_Tau	Tau_scf	un_H	H_scf	un_LE	LE_scf	un_co2_flux	co2_scf	un_h2o_flux	h2o_scf	un_ch4_flux	ch4_scf	un_none_flux	un_none_scf	spikes_hf	amplitude_resolution_hf	drop_out_hf	absolute_limits_hf	skewness_kurtosis_hf	skewness_kurtosis_sf	discontinuities_hf	discontinuities_sf	timelag_hf	timelag_sf	attack_angle_hf	non_steady_wind_hf	u_spikes	v_spikes	w_spikes	ts_spikes	co2_spikes	h2o_spikes	ch4_spikes	none_spikes	head_detect_LI-7200	t_out_LI-7200	t_in_LI-7200	aux_in_LI-7200	delta_p_LI-7200	chopper_LI-7200	detector_LI-7200	pll_LI-7200	sync_LI-7200	chopper_LI-7500	detector_LI-7500	pll_LI-7500	sync_LI-7500	not_ready_LI-7700	no_signal_LI-7700	re_unlocked_LI-7700	bad_temp_LI-7700	laser_temp_unregulated_LI-7700	block_temp_unregulated_LI-7700	motor_spinning_LI-7700	pump_on_LI-7700	top_heater_on_LI-7700	bottom_heater_on_LI-7700	calibrating_LI-7700	motor_failure_LI-7700	bad_aux_tc1_LI-7700	bad_aux_tc2_LI-7700	bad_aux_tc3_LI-7700	box_connected_LI-7700	mean_value_RSSI_LI-7200	mean_value_LI-7500	u_var	v_var	w_var	ts_var	co2_var	h2o_var	ch4_var	none_var	w/ts_cov	w/co2_cov	w/h2o_cov	w/ch4_cov	w/none_cov	co2_mean	h2o_mean	avg_signal_strength_7200_mean	co2_signal_strength_7200_mean	h2o_signal_strength_7200_mean	delta_signal_strength_7200_mean	flowrate_mean	rssi_77_mean	CHK
DATAU		[yyyy-mm-dd]	[HH:MM]	[ddd.ddd]	[1=daytime]	[#]	[#]	[kg+1m-1s-2]	[#]	[kg+1m-1s-2]	[W+1m-2]	[#]	[W+1m-2]	[W+1m-2]	[#]	[W+1m-2]	[µmol+1s-1m-2]	[#]	[µmol+1s-1m-2]	[mmol+1s-1m-2]	[#]	[mmol+1s-1m-2]	[µmol+1s-1m-2]	[#]	[µmol+1s-1m-2]	[µmol+1s-1m-2]	[#]	[µmol+1s-1m-2]	[W+1m-2]	[W+1m-2]	[µmol+1s-1m-2]	[mmol+1s-1m-2]	[µmol+1s-1m-2]	[µmol+1s-1m-2]	[µmol+1s-1m-2]	[mmol+1s-1m-2]	[µmol+1s-1m-2]	[µmol+1s-1m-2]	[mmol+1m-3]	[µmol+1mol_a-1]	[µmol+1mol_d-1]	[s]	[1=default]	[mmol+1m-3]	[mmol+1mol_a-1]	[mmol+1mol_d-1]	[s]	[1=default]	[mmol+1m-3]	[µmol+1mol_a-1]	[µmol+1mol_d-1]	[s]	[1=default]	[mmol+1m-3]	[µmol+1mol_a-1]	[µmol+1mol_d-1]	[s]	[1=default]	[K]	[K]	[Pa]	[kg+1m-3]	[J+1kg-1K-1]	[m+3mol-1]	[mm]	[kg+1m-3]	[Pa]	[Pa]	[kg+1kg-1]	[%]	[Pa]	[K]	[m+1s-1]	[m+1s-1]	[m+1s-1]	[m+1s-1]	[m+1s-1]	[m+1s-1]	[m+1s-1]	[m+1s-1]	[deg_from_north]	[deg]	[deg]	[deg]	[m+1s-1]	[m+2s-2]	[m]	[#]	[#]	[K]	[0=KJ/1=KM/2=HS]	[m]	[m]	[m]	[m]	[m]	[m]	[m]	[kg+1m-1s-2]	[#]	[W+1m-2]	[#]	[W+1m-2]	[#]	[µmol+1s-1m-2]	[#]	[mmol+1s-1m-2]	[#]	[µmol+1s-1m-2]	[#]	[µmol+1s-1m-2]	[#]	8u/v/w/ts/co2/h2o/ch4/none	8u/v/w/ts/co2/h2o/ch4/none	8u/v/w/ts/co2/h2o/ch4/none	8u/v/w/ts/co2/h2o/ch4/none	8u/v/w/ts/co2/h2o/ch4/none	8u/v/w/ts/co2/h2o/ch4/none	8u/v/w/ts/co2/h2o/ch4/none	8u/v/w/ts/co2/h2o/ch4/none	8co2/h2o/ch4/none	8co2/h2o/ch4/none	8aa	8U	[#]	[#]	[#]	[#]	[#]	[#]	[#]	[#]	[#_flagged_recs]	[#_flagged_recs]	[#_flagged_recs]	[#_flagged_recs]	[#_flagged_recs]	[#_flagged_recs]	[#_flagged_recs]	[#_flagged_recs]	[#_flagged_recs]	[#_flagged_recs]	[#_flagged_recs]	[#_flagged_recs]	[#_flagged_recs]	[#_flagged_recs]	[#_flagged_recs]	[#_flagged_recs]	[#_flagged_recs]	[#_flagged_recs]	[#_flagged_recs]	[#_flagged_recs]	[#_flagged_recs]	[#_flagged_recs]	[#_flagged_recs]	[#_flagged_recs]	[#_flagged_recs]	[#_flagged_recs]	[#_flagged_recs]	[#_flagged_recs]	[#_flagged_recs]	[#]	[#]	[m+2s-2]	[m+2s-2]	[m+2s-2]	[K+2]	--	--	--	--	[m+1s-1K+1]	--	--	--	--	--	--	--	--	--	--	--	--	241
DATA	2026-09-13T233000_AIU-1657.ghg	2026-09-14	00:00:00	257	0	18000	18000	0.318737745311166	1	NaN	52.46516690424474	1	NaN	-94.77893194095456	1	NaN	-29.305322388031854	1	NaN	-2.1507689862468324	1	NaN	0.027387775917523897	1	NaN	NaN	NaN	NaN	NaN	NaN	NaN	NaN	NaN	NaN	-3.6749319371042197e-10	-1.797746856757727e-11	-1.6882420358955063e-12	NaN	17.856474437308652	455.8476984490753	466.2448176264175	0.1	1	873.5242268933468	22.299699180083856	22.808317805960527	0.1	1	0.0820315893570333	2.0164970527343664	2.0624899583679146	1.2	0	NaN	NaN	NaN	NaN	9	304.8421909790039	296.2130244090742	97425.63300894403	1.1361851016010078	1017.9526007453325	0.02527789667746841	-0.13936983030879474	0.015896915445040644	2173.1450753695003	2811.7940801949617	0.013991483801926437	77.28677895284639	638.6490048254614	291.9849501403438	-0.2928881382193399	-0.6153154395804948	0.3825705185164426	0.7815092791091257	5.402498818540687e-14	-2.0580389202842605e-14	0.7815092791091257	3.7499561471865133	276.4542955339489	244.54570446605118	29.309550001367796	NaN	0.5296539347771743	0.6274053635179654	-243.03730315173624	-0.008241944648099547	-0.5535530505548376	0.08564503857379117	0	22.509513458785822	-3.4159055096294626	7.726787563587752	19.24079355002452	29.343424184912845	41.15456964376698	61.6570446708291	0.3140837389784925	1.0148177245590935	46.059381125908615	1.021884136064149	-86.70051317509937	1.0931761355269038	-26.807502867693756	1.0931761355269038	-1.9674496326341548	1.0931761355269038	0.013404637590037205	1.3086711340421646	NaN	NaN	800000009	800000009	800000009	800000019	800000019	800000019	899999999	899999999	89999	89999	89	89	0	4	2	1	2	0	3	NaN	0	0	0	0	0	0	0	0	0	NaN	NaN	NaN	NaN	0	957	0	0	0	0	301	0	0	14997	0	21	18000	18000	18000	18000	93	NaN	0.7885151419609563	0.30063251603568325	0.16566306903929137	0.11653863955324677	27.57193158449054	0.3708507861303681	6.193116348902444e-7	NaN	0.0398236857083189	-0.6930972947163517	-0.05086762555242528	0.000013404637590037205	NaN	17.857738638991844	873.5721385427435	93.89319929122925	94.19895285797118	93.58744704988268	0.6115095263206283	0.0002839127046415039	41.88326529822758	235
DATA	2026-09-14T000000_AIU-1657.ghg	2026-09-14	00:30:00	257.02	0	18000	18000	0.22513949397182917	1	NaN	52.281562264337275	1	NaN	22.02177583075051	2	NaN	-31.901794967044435	1	NaN	0.4993041599287841	2	NaN	0.05632802348985144	1	NaN	NaN	NaN	NaN	NaN	NaN	NaN	NaN	NaN	NaN	1.3246317408826082e-9	6.263829481609436e-11	5.89215466710205e-12	NaN	18.521820079494155	471.7290666332814	482.4919206996608	0.1	1	875.8473701505758	22.306806818179016	22.815753422178762	0.1	1	0.08238774993561596	2.0172576163929623	2.063282868757596	0.5	0	NaN	NaN	NaN	NaN	9	303.97841195000535	295.3356827310712	97430.70320467434	1.1396165361448711	1017.9392575067989	0.025201715531786538	0.03235490956338521	0.01595005170357794	2173.9508574713627	2666.0203888548726	0.013995981277644716	81.54291942250047	492.0695313835099	291.9908835249013	-0.7165946124514575	-1.7250702674183267	0.7363716459516887	2.007889057464815	4.7290073603958566e-14	7.151736358507942e-14	2.007889057464815	3.6248781246672777	273.55801038411266	247.44198961588734	21.514655895885085	NaN	0.4444741127104324	0.5866333232464305	-144.1343562428003	-0.013897449936403053	2.374084754388107	0.10139615323394292	0	23.015124384132662	-3.49263391821028	7.900347432713186	19.672982164365195	30.00253909124538	42.07898767163485	63.041991327594864	0.22246504187961963	1.0120218982255051	52.6974854695284	1.024315241354506	19.86507318151777	1.1085675662770433	-28.777492628782017	1.1085675662770433	0.45040480627231555	1.1085675662770433	0.03018503466884618	1.306092312340648	NaN	NaN	800000009	800000009	800000009	800000019	800000019	800000019	899999999	899999999	89999	89999	89	89	5	0	0	13	11	0	9	NaN	0	0	0	0	0	0	0	0	0	NaN	NaN	NaN	NaN	0	0	0	0	0	0	301	0	0	3004	0	21	18000	18000	18000	18000	93	NaN	0.7518481727358574	0.31105732973142025	0.1103611440255833	0.16216975239320763	73.62725692770357	0.2074358202444468	2.6689018403053343e-7	NaN	0.04542650105626212	-0.7417936696059816	0.011610025875525799	0.00003018503466884618	NaN	18.523380589184534	875.9116546649503	93.83161801105075	94.1068852481842	93.55635250473023	0.5505341024018012	0.00028318690744021693	46.52849838125732	057
DATA	2026-09-14T003000_AIU-1657.ghg	2026-09-14	01:00:00	257.041	0	18000	18000	0.21519882016357642	1	NaN	5.821523847685436	2	NaN	9.462861736940935	2	NaN	16.501837935535846	2	NaN	0.2144877222169678	2	NaN	0.01389360989764861	1	NaN	NaN	NaN	NaN	NaN	NaN	NaN	NaN	NaN	NaN	-4.840429557931103e-11	-2.315717777232855e-12	-2.168085904768189e-13	NaN	18.41019737862541	468.2230458962606	478.95172493086477	-0.1	0	880.7652470056953	22.400334890020083	22.913607368615505	0.1	1	0.08246146124613461	2.0163008822094692	2.0625016089614103	0.6	0	NaN	NaN	NaN	NaN	9	303.8059800016615	295.0195966957989	97404.85010253933	1.1404941305540985	1017.9865781043031	0.025181424994204966	0.013898804399659513	0.016029833169775135	2182.486534125352	2615.1440201307273	0.014055164985362256	83.45569182137253	432.6574860053752	292.0536179474329	-0.9228269023407407	-1.3773079160761605	0.7214384624808273	1.8080542144848442	3.489767040638005e-14	-2.6292111151132656e-15	1.8080542144848442	3.9832759946870926	284.8229637338293	236.17703626617077	23.516536664253888	NaN	0.4343835954445207	0.5402925100747221	-1208.0436506884812	-0.001658135448051405	0.6151969678431932	0.011543251516699818	0	19.273270982694303	-2.924793228379195	6.615890246202235	16.47450215619642	25.12465526682587	35.23768625087247	52.792475150952306	0.21266357673962244	1.0119213805336211	6.284804955144152	1.0234432998197092	8.561808484380151	1.105240996012073	14.93053369815065	1.105240996012073	0.19406421132665336	1.105240996012073	0.009010427613787213	1.3055377149708038	NaN	NaN	800000009	800000009	800000009	800000019	800000019	800001019	899999999	899999999	89999	89999	89	89	12	4	1	13	8	0	8	NaN	0	0	0	0	0	0	0	0	0	NaN	NaN	NaN	NaN	0	0	0	0	0	0	301	0	0	14997	0	21	18000	18000	18000	18000	93	NaN	0.3385693769211142	0.577762069012067	0.16425357421626302	0.06533994985939623	62.04588865395027	0.1485728180692007	6.183012174606795e-8	NaN	0.00541323271278624	0.3845893556694358	0.004998818629092904	0.000009010427613787214	NaN	18.411499075733555	880.8245002258695	93.73527570724488	93.97573866865369	93.49481244023642	0.48092422821372655	0.00028271140568702114	45.15640259906951	002
DATA	2026-09-14T010000_AIU-1657.ghg	2026-09-14	01:30:00	257.062	0	18000	18000	0.12278649578125657	1	NaN	41.388500389576876	1	NaN	196.29774591988715	1	NaN	20.115634842327346	1	NaN	4.449967558202163	1	NaN	0.10955525246228516	0	NaN	NaN	NaN	NaN	NaN	NaN	NaN	NaN	NaN	NaN	4.0678192618811866e-10	1.9849477700362134e-11	1.882021140819475e-12	NaN	17.8638713337594	454.62305680859185	464.937200785981	0.2	0	871.6919136609183	22.183950778627754	22.68724347109323	0.1	1	0.08264915755245805	2.022091933142977	2.067967625151126	0	1	NaN	NaN	NaN	NaN	9	303.97662164645726	295.1660871298288	97367.1426963123	1.139580846461493	1017.8655325992844	0.02520368556003996	0.2883578977715001	0.015860966005464595	2160.5672949197174	2638.6162388118146	0.013918245515194824	81.88258918214777	478.0489438920972	291.8920825749623	-0.6156370433787226	0.3549836084367407	0.25233053882194145	0.7541173862608898	-2.4618300336045043e-14	2.2771207796340112e-14	0.7541173862608898	3.5235144615669283	10.968258202529	150.03174179747097	19.54844669069392	NaN	0.3282484862492005	0.40097769811188594	-73.29792742463748	-0.027328194266604898	0.2108455203885444	0.10870296986238219	0	15.731225051030087	-2.3872740929484877	5.400020498304275	13.446814567984479	20.507240659194707	28.761696610181257	43.09026258937838	0.12096194837018755	1.0150836476731115	52.446056547722016	1.021990948376248	179.57934341147111	1.0930975812185095	18.402414558363425	1.0930975812185095	4.070970089643458	1.0930975812185095	0.06560260680577246	1.3090476579278785	NaN	NaN	800000009	800000009	800000009	800000019	800000019	800010019	899999999	899999999	89999	89999	89	89	0	0	0	34	28	0	1	NaN	0	0	0	0	0	0	0	0	0	NaN	NaN	NaN	NaN	0	0	0	0	0	0	301	0	0	6005	0	16	18000	18000	18000	18000	93	NaN	0.32993240872660395	0.31619133716755476	0.15583165032961324	0.04665943306025632	9.315991914146016	0.29939993393406766	2.0866823217242448e-7	NaN	0.0452144538499219	0.4743340969101749	0.10493187809106135	0.00006560260680577246	NaN	17.86515237702465	871.7441357249597	93.79051360490587	94.03779910638599	93.54323496839736	0.4945704587689673	0.00028254165592241196	45.99089709312099	140
DATA	2026-09-14T013000_AIU-1657.ghg	2026-09-14	02:00:00	257.083	0	18000	18000	0.20575422291713957	1	NaN	36.81399542015	1	NaN	93.92426450722617	1	NaN	5.189888747940781	1	NaN	2.128734405969273	1	NaN	0.1230587994280102	1	NaN	NaN	NaN	NaN	NaN	NaN	NaN	NaN	NaN	NaN	-1.4800944613514773e-10	-7.266320883901377e-12	-6.827981923383671e-13	NaN	18.003722998424877	458.09180756145236	468.63103335232233	0	0	883.8681032018553	22.489389393353463	23.00679823761347	0.1	1	0.08305489845195765	2.0301691924845278	2.076876885484238	0.2	0	NaN	NaN	NaN	NaN	9	303.7722450620863	294.933328697618	97352.633224114	1.14017742534791	1018.0357228020724	0.025187564152960404	0.1379419895068089	0.016089638575242808	2189.988560761269	2601.4068176755986	0.01411152178384278	84.18477824695105	411.4182569143295	292.10857801343127	-0.8849404514241548	0.5437736214441748	0.4742365339064329	1.1418010527395364	-5.313913714645029e-14	-8.22104662175134e-15	1.1418010527395364	3.43270561545752	12.569677573176193	148.43032242682378	24.540778526248015	NaN	0.4248035718211262	0.4411559228205744	-178.60373065201208	-0.011215331240212444	0.3919540452437365	0.07466023259064976	0	22.150677101582772	-3.361450708024374	7.603610654087852	18.934065628968906	28.875644751934114	40.498502337813534	60.67413629539505	0.20316982836521513	1.0127203658767618	41.85928813766576	1.0215469233182635	85.70404486193252	1.0959140220107024	4.735671452053104	1.0959140220107024	1.9424282956646794	1.0959140220107024	0.08289305615933514	1.3058245688898775	NaN	NaN	800000009	800000009	800000009	800000019	800000019	800000019	899999999	899999999	89999	89999	89	89	8	0	0	63	0	0	7	NaN	0	0	0	0	0	0	0	0	0	NaN	NaN	NaN	NaN	0	0	0	0	0	0	301	0	0	9003	0	16	18000	18000	18000	18000	93	NaN	0.4055814873765759	0.3657961801376872	0.11093417812688569	0.07545955507266507	17.486160359078426	0.1767227064128548	0.0000013689559123731446	NaN	0.03606254585622136	0.12202503311230084	0.050050954652690854	0.00008289305615933514	NaN	18.005061237865036	883.9288146148648	93.72902505196467	93.96852169503104	93.48952737002904	0.4789969304319921	0.000283192422219953	45.92875975301531	198
DATA	2026-09-14T020000_AIU-1657.ghg	2026-09-14	02:30:00	257.104	0	18000	18000	0.06029396781405991	1	NaN	29.13492175100664	0	NaN	32.59054551084541	0	NaN	-0.47931469350224165	2	NaN	0.7385011712417479	0	NaN	0.08054567202567656	0	NaN	NaN	NaN	NaN	NaN	NaN	NaN	NaN	NaN	NaN	1.5005610485692558e-10	7.333502756027109e-12	6.876965786166315e-13	NaN	18.16877698769246	461.9498120625646	472.6198143032074	0.1	1	887.9397225452843	22.57629053571071	23.097752097792288	0.1	1	0.08326622754867562	2.0335860792296394	2.080557346357207	0.2	0	NaN	NaN	NaN	NaN	9	303.5800519765218	294.7332041416204	97343.46604526562	1.1408063616884119	1018.081683851234	0.025172843733486612	0.04785487589646526	0.016161255626546377	2198.2438687119957	2569.781861466267	0.01416651955080918	85.5420415901652	371.5379927542713	292.16886620930717	-0.8576017276532516	-0.5936685067394479	0.6429125599710236	1.2252589844341524	1.7249181873313096e-14	8.259009671293431e-15	1.2252589844341524	2.548887970798767	306.3073651218283	214.69263487817167	31.649102679124088	NaN	0.22989576191814792	0.22869861358906415	-35.7679502729966	-0.056002649990046026	0.8939685204505455	0.10911597365236805	0	15.39033775384331	-2.3355431304487846	5.283004920277209	13.15542923346777	20.062859638746847	28.138445910496635	42.156519470103646	0.05955120160679344	1.0124727324928022	30.651147627846353	1.0216580320632813	29.71247471752787	1.0968640552723707	-0.4369864170480264	1.0968640552723707	0.6732841391710707	1.0968640552723707	0.05451900802015822	1.305533756241375	NaN	NaN	800000009	800000009	800000009	800000019	800000019	800000019	899999999	899999999	89999	89999	89	89	9	4	0	15	2	0	3	NaN	0	0	0	0	0	0	0	0	0	NaN	NaN	NaN	NaN	0	0	0	0	0	0	301	0	0	9002	0	16	18000	18000	18000	18000	93	NaN	0.1570132244612972	0.21964225986820235	0.08074174284862873	0.039488387069390445	1.4174372544243492	0.04552800645581898	4.96005935676709e-7	NaN	0.026390777263880876	-0.011254340198727116	0.017340055564714688	0.000054519008020158225	NaN	18.17012094415444	888.0031895285953	93.64937449645997	93.86754328664145	93.43120365142822	0.4363382264524695	0.0002828336668284867	46.02259570429061	081
DATA	2026-09-14T023000_AIU-1657.ghg	2026-09-14	03:00:00	257.124	0	18000	18000	0.04512836668293502	0	NaN	9.977772731743077	0	NaN	-1.3400732241963547	2	NaN	0.3261017643248962	2	NaN	-0.030376926658752627	2	NaN	0.033488913786728323	0	NaN	NaN	NaN	NaN	NaN	NaN	NaN	NaN	NaN	NaN	8.671358960305265e-11	4.316138502948793e-12	4.0342771686805654e-13	NaN	17.984944543649785	457.76764831972	468.4411857177285	0.1	0	895.1943054553577	22.78522410802736	23.316495687685116	0.1	1	0.0836734489767659	2.0471515356365804	2.094883935589289	0.4	0	NaN	NaN	NaN	NaN	9	303.99144424608016	295.1037035635537	97325.84780345994	1.1390771024063582	1018.2082026214889	0.02520905028622996	-0.00196842484748717	0.016287394439683276	2218.186099084271	2628.598083665627	0.014298763802094985	84.38665891405394	410.41198458135614	292.3136887026856	-0.6719974422778624	-0.3639095882616552	0.4663067762987572	0.8952389404393	-1.3078577509393232e-14	4.821454377721166e-15	0.8952389404393	2.653249191687893	312.56294036967824	208.4370596303218	31.390902596753293	NaN	0.19904361324960038	0.28296590251712705	-67.77809809951114	-0.02955379475327071	-7.445692184266104	0.043221083265741075	1	4.814526375718513	2	4	8	13	23	71	0.04450900139776995	1.0139155062058098	9.759051134963062	1.021591689717301	-1.225219674804519	1.0937411892362572	0.2981525863103026	1.0937411892362572	-0.027773413818276672	1.0937411892362572	0.023933446153442558	1.307411237570551	NaN	NaN	800000009	800000009	800000009	800000019	800000019	800001019	899999999	899999999	89999	89999	89	89	7	2	0	17	5	0	1	NaN	0	0	0	0	0	0	0	0	0	NaN	NaN	NaN	NaN	0	0	0	0	0	0	301	0	0	14997	0	16	18000	18000	18000	18000	93	NaN	0.16085724686580952	0.3540513760886971	0.05102318207974755	0.038448000608773875	16.08568996731057	0.14159762386378297	3.828328904746226e-7	NaN	0.008414297836071847	0.007691441775111498	-0.0007164707102591738	0.00002393344615344256	NaN	17.98626297588805	895.2521010112275	93.64980592134263	93.87772967529295	93.42188060421412	0.45584857293632364	0.0002831217035095	45.46917818344965	066
DATA	2026-09-14T030000_AIU-1657.ghg	2026-09-14	03:30:00	257.145	0	18000	18000	0.09703637542024873	1	NaN	21.8978928637062	1	NaN	33.33233171814137	1	NaN	9.201896897370116	1	NaN	0.7554942135419283	1	NaN	0.03157199760100014	1	NaN	NaN	NaN	NaN	NaN	NaN	NaN	NaN	NaN	NaN	4.5533433772126405e-10	2.274909904214837e-11	2.0903332988012476e-12	NaN	18.304938864506394	465.83798604575804	476.9381857884246	0.1	1	914.538686612389	23.2738750501113	23.828455547152867	0.1	1	0.08403368705397751	2.0552890137545843	2.104263376655387	0.5	0	NaN	NaN	NaN	NaN	9	303.7125788404677	294.9851163819121	97326.09036218502	1.1393254774878006	1018.4860624897632	0.025198857248581227	0.04895602503751695	0.016643422812852984	2265.7628701268563	2609.6458329296684	0.014608137131762856	86.8226194350381	343.882962802812	292.6546397155851	-0.9785638688364692	-0.009119218993230009	0.7016694250172312	1.2041637710673978	-1.6385098864618927e-13	2.4874944466717973e-14	1.2041637710673978	3.117332673281988	340.46607712263403	180.533922877366	35.640858293848005	NaN	0.2918390335548775	0.4724340242195407	-97.35188712204963	-0.02057587232478321	0.6569565264403063	0.06466302966152403	0	19.13404721536551	-2.903665484558318	6.568099232152925	16.355495773880126	24.94316302494199	34.98314080105227	52.41111968286767	0.09583559029331154	1.0125296366752905	23.56844135292492	1.0216251640520757	30.395638162775814	1.096615624243152	8.391177997049752	1.096615624243152	0.688932563826405	1.096615624243152	0.017553321599806892	1.3055990683549556	NaN	NaN	800000009	800000009	800000009	800000019	800000019	800000019	899999999	899999999	89999	89999	89	89	13	0	0	11	0	0	8	NaN	0	0	0	0	0	0	0	0	0	NaN	NaN	NaN	NaN	0	0	0	0	0	0	301	0	17997	15001	0	16	18000	18000	18000	18000	93	NaN	0.1748842504101279	0.6944874020195642	0.07549639600938943	0.06552749974009964	16.97721626313868	0.08560864179396448	2.777232038855208e-7	NaN	0.02031084364662384	0.21648796179576277	0.017774096391465613	0.00001755332159980689	NaN	18.30628698944369	914.6014488970904	93.51748309156629	93.73211110390557	93.30285552003649	0.42925525698728023	0.0002830758284754767	45.837666332880666	138
DATA	2026-09-14T033000_AIU-1657.ghg	2026-09-14	04:00:00	257.166	0	18000	18000	0.11669763682450723	1	NaN	34.37452103420547	1	NaN	11.919713446537726	1	NaN	-13.919052058117389	1	NaN	0.270078541673586	1	NaN	-0.0011893493877442119	2	NaN	NaN	NaN	NaN	NaN	NaN	NaN	NaN	NaN	NaN	1.405302483357995e-10	6.882151772563655e-12	6.427015956084396e-13	NaN	18.42343245268142	468.22907448735407	479.217759226539	0.1	1	902.2460275452902	22.930462253570823	23.468608290111053	0.1	1	0.08425779911545399	2.0573298242829074	2.105612492052566	0	1	NaN	NaN	NaN	NaN	9	303.3410084287856	294.6492259703408	97343.96612741527	1.1409832258267094	1018.2830612021587	0.025165541966010906	0.017501089500448375	0.01641955247565339	2232.7408893977017	2556.6115300586125	0.01439070452920678	87.33203551446529	323.8706406609108	292.41866827434535	-0.8760964086021444	-0.3314656438352046	0.651916143443992	1.141231373688748	-2.8497996052142443e-14	7.627799472043883e-15	1.141231373688748	2.882776661913659	320.2761742574314	200.7238257425686	34.83668706494469	NaN	0.3198095298278159	0.5239185629331575	-81.61714186940429	-0.02454263839825662	2.8838378697929277	0.09251187335540134	0	22.303402288071613	-3.384627344291596	7.656036268429508	19.064612821314988	29.07473745729478	40.77773268791509	61.092474242278925	0.11523162899724047	1.0127222693979434	34.603042745338456	1.0215463459425078	10.876556819732045	1.0959087185489809	-12.70092282553119	1.0959087185489809	0.24644255228772965	1.0959087185489809	-0.010349355960215101	1.305826893031786	NaN	NaN	800000009	800000009	800000009	800000019	800000019	800000019	899999999	899999999	89999	89999	89	89	29	4	0	10	9	0	4	NaN	0	0	0	0	0	0	0	0	0	NaN	NaN	NaN	NaN	0	0	0	0	0	0	301	0	17975	4	0	16	17975	17975	17975	17975	93	NaN	0.11754192356310598	0.8684919153031748	0.06180328700003434	0.08190865245811797	13.476137413762688	0.03928515229033269	4.2729445662504464e-7	NaN	0.02978286754730298	-0.3271288338717396	0.0063474493825127635	-0.0000103493559602151	NaN	18.42481095136899	902.3073980116405	93.51123099433052	93.70899113040498	93.31346973037721	0.3955197897569976	0.00028273150151815365	46.22387163610563	161
DATA	2026-09-14T040000_AIU-1657.ghg	2026-09-14	04:30:00	257.187	0	18000	18000	0.17848848760475863	1	NaN	48.006843582653325	1	NaN	28.76488453159024	1	NaN	-5.742009218833857	1	NaN	0.6515782929391558	1	NaN	0.05804363310936917	1	NaN	NaN	NaN	NaN	NaN	NaN	NaN	NaN	NaN	NaN	4.883933637726464e-10	2.359392417261636e-11	2.230696612693142e-12	NaN	18.46645848038083	468.7137292862328	479.5727995368026	0.1	0	892.1010264293765	22.643215505671016	23.16780920223141	0.1	1	0.08434403379772372	2.056516922164481	2.1041619138383476	0	0	NaN	NaN	NaN	NaN	9	303.08551150767005	294.3629487792721	97351.90994878771	1.1423112143765808	1018.1132307640215	0.025139039978140088	0.04222227338245729	0.01623095992361437	2204.9515731682745	2512.156943599792	0.014208877335124872	87.77125086813612	307.2053704315176	292.2177063276696	-0.8529497744673882	-0.7590308048788035	0.6760290193298226	1.3269010194791504	-3.469166627321794e-14	2.6447592227363258e-14	1.3269010194791504	2.8087604438890197	299.3344595299501	221.66554047004996	30.629173313270464	NaN	0.3952873211989748	0.3815102688195769	-110.35189201962108	-0.018151931637418954	1.66893920710619	0.10442626526258887	0	21.430668119008295	-3.252186567106264	7.356454869827377	18.318612779966013	27.937040324463293	39.182096282580325	58.70192014406526	0.17632907034074188	1.012246518738197	49.01792032733369	1.0218562902839214	26.19451607851058	1.098126204942123	-5.22891557727328	1.098126204942123	0.593354652686298	1.098126204942123	0.03205379300079653	1.305303281233552	NaN	NaN	800000009	800000009	800000009	800000019	800000019	800000019	899999999	899999999	89999	89999	89	89	19	2	0	15	3	0	7	NaN	0	0	0	0	0	0	0	0	0	NaN	NaN	NaN	NaN	0	0	0	0	0	0	301	0	18000	9002	0	16	18000	18000	18000	18000	93	NaN	0.2239464670910692	0.4347479498301302	0.1043261207179543	0.07421778115105715	6.087126338824027	0.07820279646141567	9.746897540809235e-7	NaN	0.04214774655697506	-0.13449616018224683	0.015262040710588998	0.000032053793000796525	NaN	18.4678394678156	892.1615937484801	93.44533688227335	93.61588812637328	93.27478716744318	0.341100732952357	0.00028217982339912045	45.383591439777	097
DATA	2026-09-14T043000_AIU-1657.ghg	2026-09-14	05:00:00	257.208	0	18000	18000	0.14576127092929309	1	NaN	37.48820849141098	1	NaN	34.32466794332529	1	NaN	-7.521305486689605	1	NaN	0.7772405775790803	1	NaN	0.040811227987186255	1	NaN	NaN	NaN	NaN	NaN	NaN	NaN	NaN	NaN	NaN	-3.9055849025321016e-10	-1.829307139802501e-11	-1.7555930370815853e-12	NaN	18.837141501632967	477.42379111830434	488.3439874950535	0.1	1	882.2985110390636	22.3616890068904	22.8731717603976	0.1	1	0.08467452451833	2.060888399088372	2.108027453419731	0.1	0	NaN	NaN	NaN	NaN	9	302.6366815634834	293.9943102381783	97360.00286121391	1.1439614519723262	1017.9452697081485	0.02510547066031319	0.050365189427124396	0.016050591054856393	2177.718098869418	2455.909332524941	0.014030709712449888	88.67257720098681	278.19123365552286	292.0185980889273	-0.505780030017998	-1.806663819627253	0.5905501536954876	1.9668749527980056	-5.05062037209827e-14	-2.0733426577453546e-14	1.9668749527980056	3.2247642871638735	266.639722059198	254.360277940802	17.472495605327513	NaN	0.3569565685339777	0.2970895526911325	-104.06303368225855	-0.01924891029139297	1.0921652192909521	0.09018690633899118	0	18.647514719401396	-2.8298323012413817	6.40108837045749	15.939615114026514	24.30891877817232	34.093604226849	51.07843179992454	0.14403384522909796	1.0119931929710515	38.86938429922751	1.0241288076034984	30.982686596688666	1.1078660927678816	-6.789002331408528	1.1078660927678816	0.7015654533096416	1.1078660927678816	0.02080683146648364	1.3059611925072285	NaN	NaN	800000009	800000009	800000009	800000019	800000019	800000019	899999999	899999999	89999	89999	89	89	8	0	0	54	5	0	7	NaN	0	0	0	0	0	0	0	0	0	NaN	NaN	NaN	NaN	0	0	0	0	0	0	301	0	18000	11999	0	16	18000	18000	18000	18000	93	NaN	0.2682777443244724	0.20544356138612757	0.12045779967166505	0.07076974619224767	13.511083064115116	0.031599749431946524	4.048404600894424e-7	NaN	0.03337888632247684	-0.17434069703780322	0.018016109610359952	0.00002080683146648364	NaN	18.838629219874946	882.3614068816804	93.35504912016128	93.49284356307984	93.21725322341918	0.2755887510768326	0.00028169406791372855	45.61092833761639	247
DATA	2026-09-14T050000_AIU-1657.ghg	2026-09-14	05:30:00	257.229	0	18000	18000	0.34044372452825905	1	NaN	70.3409343069779	1	NaN	107.30487136238573	1	NaN	-31.40917528620875	1	NaN	2.4297569739530505	1	NaN	-0.04857595884393829	2	NaN	NaN	NaN	NaN	NaN	NaN	NaN	NaN	NaN	NaN	-7.624915662857539e-10	-3.5841226303668297e-11	-3.4110266355616423e-12	NaN	18.90286640177652	478.9311854555629	489.96136986400666	0.1	1	888.5369261122785	22.512355232220322	23.030833538124718	0.1	1	0.08456248388294818	2.0581325640460952	2.1055330725280346	0	1	NaN	NaN	NaN	NaN	9	302.6896544816759	293.9806854689581	97384.93022087289	1.1442416263830077	1018.0314431740733	0.02509788129893892	0.15744825191215767	0.016163621279557856	2192.9522218706634	2453.851718075977	0.01412605598928584	89.36775623875593	260.8994962053134	292.13024440580523	-0.8486488410539054	-0.929808002763599	0.699825869562712	1.4403138634112893	1.0110648360583404e-13	-4.033735149363875e-14	1.4403138634112893	3.498856889130668	293.387142946965	227.61285705303504	29.07042451448587	NaN	0.5454611139983032	0.5933911404928073	-197.93357970651962	-0.010120061502298092	0.6555241473560441	0.11070453258225127	0	24.067212897062504	-3.652292409030844	8.261495373666431	20.572291601270603	31.37404272554205	44.00254101969171	65.92382476029672	0.336382439667956	1.012073415200603	75.61909652640615	1.022145298047581	97.58060060580678	1.099653729288486	-28.562787038908667	1.099653729288486	2.209565528891706	1.099653729288486	-0.062090005593558636	1.3051827826044222	NaN	NaN	800000009	800000009	800000009	800000019	800000019	800001019	899999999	899999999	89999	89999	89	89	7	3	0	10	6	0	7	NaN	0	0	0	0	0	0	0	0	0	NaN	NaN	NaN	NaN	0	5	0	0	0	0	301	0	18000	6005	0	21	18000	18000	18000	18000	93	NaN	0.345270553484175	0.6928772169540377	0.14863451054740176	0.08510462169582837	11.275882871526997	0.05568322384048825	4.785393788342531e-7	NaN	0.06491611925113196	-0.7333799779148069	0.05673294824389912	-0.00006209000559355864	NaN	18.90430199921782	888.5990467793193	93.1991562919617	93.31045441182452	93.0878580195109	0.22259495277723618	0.0002819387659352894	45.786934157901484	231
DATA	2026-09-14T053000_AIU-1657.ghg	2026-09-14	06:00:00	257.249	0	18000	18000	0.45171666958464335	1	NaN	92.37647617395827	1	NaN	43.82181862601001	1	NaN	-38.29015513943084	1	NaN	0.9921485232367188	1	NaN	0.012809781549095737	1	NaN	NaN	NaN	NaN	NaN	NaN	NaN	NaN	NaN	NaN	-9.911129825782104e-10	-4.577532781686849e-11	-4.447203575323242e-12	NaN	18.934591539152837	479.3032698292702	490.1538026823362	0.1	1	874.5089107081997	22.13699617076752	22.638136512048042	0.1	1	0.08496103337397347	2.0662001471295905	2.112975068121524	0	1	NaN	NaN	NaN	NaN	9	302.6371372587416	293.8447045696355	97413.38984966488	1.1452696122997965	1017.8140542317253	0.025078943229079654	0.06429122430573937	0.015906119894618584	2157.0182802422887	2433.398335741238	0.013888537444626488	88.6422189314615	276.38005549894933	291.8657928148789	-0.7903859815050248	-1.248766413501751	0.7305989723228227	1.6486062033150042	-6.113562092440128e-14	-5.234403818687046e-14	1.6486062033150042	5.319237378591177	283.331086342763	237.668913657237	26.30577869673526	NaN	0.6280282649021007	0.8361157918265132	-230.0765879734137	-0.008706231336460302	2.108001882859538	0.12618450269847514	0	23.950591433705828	-3.634594652037983	8.22146299916124	20.472605328439517	31.22201486964877	43.78931979016767	65.60438050447459	0.44639402221605873	1.0119236528799402	93.5246253231764	1.022823360193135	39.739855704839364	1.1027171047496673	-34.723461687957816	1.1027171047496673	0.8997307822317229	1.1027171047496673	-0.015925743116133134	1.3052617902520216	NaN	NaN	800000009	800000009	800000009	800000019	800000019	800001019	899999999	899999999	89999	89999	89	89	0	0	0	3	2	0	5	NaN	0	0	0	0	0	0	0	0	0	NaN	NaN	NaN	NaN	0	0	0	0	0	0	301	0	18000	9002	0	21	18000	18000	18000	18000	93	NaN	0.8088114575061346	0.6639745808798098	0.19944554526708194	0.1788085554169288	49.24918761094283	0.03951593158868199	2.4657639534069955e-7	NaN	0.08023240230101154	-0.8905470490865659	0.023075250972649567	-0.000015925743116133133	NaN	18.935997438136738	874.570983927412	93.31413868162367	93.43476323064166	93.19351395585804	0.2412493849020024	0.00028165610392332185	45.46513217034158	228
DATA	2026-09-14T060000_AIU-1657.ghg	2026-09-14	06:30:00	257.27	1	18000	18000	0.13479861903415935	1	NaN	31.866904332972698	1	NaN	53.32419305060954	1	NaN	2.2603188367286537	1	NaN	1.2077397955418203	1	NaN	0.04074731961540331	1	NaN	NaN	NaN	NaN	NaN	NaN	NaN	NaN	NaN	NaN	3.6698389871608893e-10	1.733371430570219e-11	1.656379032828525e-12	NaN	18.76789785557575	475.3224815593035	486.2389644313776	0.2	0	886.4622690131354	22.450859907617946	22.966477066816566	0.1	1	0.08470876408202549	2.063894020864467	2.111294395562991	0.4	0	NaN	NaN	NaN	NaN	9	302.97365093570284	294.2322979610539	97448.45477490517	1.1440357142337276	1018.0009753410178	0.025102987326979735	0.07826153875110996	0.016116189567295606	2188.3884609863626	2492.0944510787435	0.01408713851043557	87.81322313201585	303.70599009238094	292.0968694998354	-0.4666086847523464	-0.40739219620634565	0.40522665767749916	0.740203154754569	-2.5126039776900022e-14	1.955380946444472e-14	0.740203154754569	3.1555638279700466	299.87605727361324	221.1239427263868	33.19247333912168	NaN	0.3432597883169578	0.3197576919935996	-108.93427132730672	-0.018388152558357268	0.597606874289276	0.0797130028755899	0	19.979377833476676	-3.031947667163085	6.858273878490822	17.07807167203856	26.045136861433278	36.52867477533219	54.72661120950288	0.1327767869333701	1.0152273010025754	34.55951761455896	1.0220516364894454	48.784038123769136	1.0930664024843875	2.067869647801144	1.0930664024843875	1.1049098140760674	1.0930664024843875	0.021087801348961814	1.3092493258734277	NaN	NaN	800000009	800000009	800000009	800000019	800001019	800001019	899999999	899999999	89999	89999	89	89	3	2	0	14	8	0	8	NaN	0	0	0	0	0	0	0	0	0	NaN	NaN	NaN	NaN	0	37	0	0	0	0	301	0	18000	3001	0	16	18000	18000	18000	18000	93	NaN	0.21585444408842047	0.3299160664500647	0.09374487344871404	0.05009775601549267	3.4394736456646284	0.0590422703602795	3.062665019084645e-7	NaN	0.029674259855421384	0.05310221576190914	0.028373722399237293	0.000021087801348961814	NaN	18.769293403106204	886.5245467433454	93.3070859459771	93.43830379698012	93.17586823018391	0.2624370746074444	0.00028200980280720006	46.80668371270675	031
DATA	2026-09-14T063000_AIU-1657.ghg	2026-09-14	07:00:00	257.291	1	18000	18000	0.1452392720721901	1	NaN	30.823282134025263	1	NaN	27.221734959544346	1	NaN	-6.953094829261314	2	NaN	0.6165107843306699	1	NaN	0.042493820699948934	1	NaN	NaN	NaN	NaN	NaN	NaN	NaN	NaN	NaN	NaN	-1.9212052071721279e-10	-9.024318669239418e-12	-8.588834538817232e-13	NaN	18.946172855498506	479.79399669383736	490.8564116658482	0.1	1	889.9429419212158	22.5369674493354	23.056593138387818	0.1	1	0.08469972035898603	2.063180376462117	2.11075028697331	0.2	0	NaN	NaN	NaN	NaN	9	302.8947642288208	294.1746698232201	97471.77211283124	1.1444960403051399	1018.0493443654373	0.02509206667627919	0.039949898824627406	0.016185042293837094	2197.3074017269114	2483.28980593208	0.014141632407502186	88.48372817695244	285.9824042051687	292.16203721801935	-0.5132358419674673	-0.9888168203438146	0.46991333616283026	1.2091270723867393	1.3764022928952761e-15	-1.0140333996871358e-14	1.2091270723867393	3.1700696833101407	278.4311344673222	242.56886553267788	22.869809617273063	NaN	0.35623360393701964	0.42719301243307395	-125.90470252866588	-0.015909651980980898	1.1323041011101374	0.07426101381475506	0	19.836110002746775	-3.010206221118994	6.809094668341617	16.955608485151778	25.858372774468133	36.26673548782691	54.33417842523235	0.14344393414467868	1.0125159557161938	31.994485092599387	1.0216325828785562	24.822066691094822	1.096674797401557	-6.340161044765377	1.096674797401557	0.5621637205408753	1.096674797401557	0.024188280869471685	1.3055848109613042	NaN	NaN	800000009	800000009	800000009	800000019	800000019	800000019	899999999	899999999	89999	89999	89	89	9	0	0	6	5	0	2	NaN	0	0	0	0	0	0	0	0	0	NaN	NaN	NaN	NaN	0	0	0	0	0	0	301	0	18000	14997	0	21	18000	18000	18000	18000	93	NaN	0.44222852895222253	0.3093594011848143	0.10279809472911107	0.07203774041120238	18.86007876927296	0.02025686933340477	3.628141156737218e-7	NaN	0.02745946061623337	-0.16275677165248265	0.014431171645225487	0.000024188280869471686	NaN	18.947636472164877	890.0082810997095	93.29893287743464	93.43342351786296	93.1644348564148	0.26898563849429286	0.00028175071966769695	44.4500220698655	140
DATA	2026-09-14T070000_AIU-1657.ghg	2026-09-14	07:30:00	257.312	1	18000	18000	0.0884975641261395	1	NaN	30.65486277367893	0	NaN	10.288253260954503	2	NaN	-1.2220670582244901	2	NaN	0.2329789526075236	2	NaN	0.030339918760481276	1	NaN	NaN	NaN	NaN	NaN	NaN	NaN	NaN	NaN	NaN	4.798698929374636e-11	2.2314584944867283e-12	2.129768357248028e-13	NaN	19.068694590103696	482.56709173358007	493.64447789383246	0.1	1	886.7195285244795	22.440008257592133	22.95512137070478	0.1	1	0.08463106969147163	2.0602728823111884	2.1075666963814133	0	0	NaN	NaN	NaN	NaN	9	302.7869465815226	294.0560261607237	97508.53900817905	1.1454320525236832	1017.9917669588342	0.025072489305733397	0.015097036128967529	0.016127993945848084	2188.6793531582275	2465.2485893404933	0.014080271204489118	88.78128407098069	276.56923618226574	292.09899862204827	-0.7068157958367534	-1.3312899969552576	0.607753842557691	1.6252034821465375	-3.963113427964383e-15	2.516532480343501e-15	1.6252034821465375	3.4708563833625266	278.96497190258276	242.03502809741724	21.959773415608204	NaN	0.2779591613189456	0.3326480039994808	-60.15451381254192	-0.03329924677377017	2.9795983823628087	0.09458119270086737	0	17.582191550411764	-2.668165400304115	6.035397400351777	15.028992892177163	22.9201624330423	32.145853706537785	48.160346593883574	0.08745411221553541	1.0119314219099549	30.793107737011855	1.0227390981937323	9.33294313460221	1.102358935715621	-1.108592690302962	1.102358935715621	0.21134581945968453	1.102358935715621	0.01556249406068891	1.3052343753052766	NaN	NaN	800000009	800000009	800000009	800000019	800000019	800000019	899999999	899999999	89999	89999	89	89	1	4	0	27	0	0	3	NaN	0	0	0	0	0	0	0	0	0	NaN	NaN	NaN	NaN	0	9	0	0	0	0	301	0	18000	18000	0	16	18000	18000	18000	18000	93	NaN	0.26870138097931123	0.31198183349611674	0.08461279352353365	0.0683223421976029	20.275418646025486	0.031050600632097632	2.104116148709946e-7	NaN	0.026408268325274955	-0.02843339514281516	0.005420637578655725	0.00001556249406068891	NaN	19.070129874150123	886.7841382253708	93.26759427346124	93.39275889587402	93.14242964087593	0.2503312970871734	0.00028135335233754534	43.92587802303707	000
DATA	2026-09-14T073000_AIU-1657.ghg	2026-09-14	08:00:00	257.333	1	18000	18000	0.17881103853634178	1	NaN	52.867898925325136	1	NaN	37.139077190024565	1	NaN	-20.016816389768877	1	NaN	0.8415902841832432	1	NaN	0.07303258467938455	1	NaN	NaN	NaN	NaN	NaN	NaN	NaN	NaN	NaN	NaN	3.67284980114528e-10	1.7296085158784207e-11	1.6235479498722962e-12	NaN	19.077506662417065	483.4465119068598	494.7092267344861	0.1	1	898.3927950104234	22.766332663673985	23.296713390696862	0.1	1	0.0843302844041815	2.0596759160368165	2.1076595955304476	0	1	NaN	NaN	NaN	NaN	9	303.3365872802735	294.7571067575129	97550.85932291372	1.1430613227629238	1018.1916961261422	0.025121363385123333	0.05453505041507416	0.01633069492842509	2221.4710412660606	2573.541344809977	0.01428680561857498	86.319617353188	352.07030354391645	292.33743470775823	-0.5506901775181748	-0.9969378700291557	0.5119413100491909	1.248690791688674	-2.0053090491289344e-14	1.9252252750517142e-14	1.248690791688674	3.467446271140102	279.915454611893	241.084545388107	24.203732341804297	NaN	0.3955144890314153	0.46831711625890415	-100.5276544633199	-0.019925860308726118	1.4235113773781456	0.11484988705211596	0	21.27006225040879	-3.227814006924883	7.30132407233564	18.181329299081213	27.72767435404681	38.88845753216584	58.26199578795832	0.1766185408950196	1.0124137456362827	54.31819660976334	1.0216980338960493	33.85064885160329	1.0971452084371351	-18.244455005443168	1.0971452084371351	0.7670728338522066	1.0971452084371351	0.0420869456862545	1.3054689972593156	NaN	NaN	800000009	800000009	800000009	800000019	800000019	800000019	899999999	899999999	89999	89999	89	89	9	0	0	4	2	0	7	NaN	0	0	0	0	0	0	0	0	0	NaN	NaN	NaN	NaN	0	0	0	0	0	0	301	0	18000	18000	0	16	18000	18000	18000	18000	93	NaN	0.5221151752026949	0.3080901852099837	0.10642887210512969	0.1566677674930347	47.12181832011732	0.054251255909392025	0.0000013871008765276852	NaN	0.04667090924622733	-0.4690059945881369	0.01971896432395822	0.0000420869456862545	NaN	19.078953499833492	898.4563432302772	93.38239162656996	93.54706519699093	93.21771890725032	0.3293464090178499	0.00028150833185969123	44.16905184035831	198
DATA	2026-09-14T080000_AIU-1657.ghg	2026-09-14	08:30:00	257.354	1	18000	18000	0.36021590019950706	1	NaN	112.2609024535485	1	NaN	-46.42393773315511	2	NaN	-72.0001811557519	2	NaN	-1.0541701486542157	2	NaN	-0.03685547017654755	2	NaN	NaN	NaN	NaN	NaN	NaN	NaN	NaN	NaN	NaN	1.0371309034297476e-10	5.1052144319112216e-12	4.80273335233168e-13	NaN	17.92950305075055	457.1380420573768	467.66152294376826	0.1	1	882.5689932581229	22.50234490139309	23.02035691238883	0.1	1	0.08302772775144211	2.0471960877218414	2.0943232723308443	0	1	NaN	NaN	NaN	NaN	9	304.8888977593317	296.89417311029746	97590.17197387564	1.1354051267504275	1018.0827891805972	0.025293306747115732	-0.06831022563279317	0.01603160338523109	2196.5967645636333	2929.722817445205	0.014119720800551733	74.97626572329199	733.1260528815715	292.15685334084634	-0.5665847604060991	-0.6884532417180802	0.47803480660174436	1.0116834648640907	3.1163464374197564e-15	5.784493304103775e-15	1.0116834648640907	5.799525468309994	290.4537722146828	230.5462277853172	28.19762307929208	NaN	0.5632562430154914	0.7127720741851507	-136.7735533093269	-0.01464537515867407	-2.4181684694397187	0.17242036832650723	0	21.902899282124075	-3.323849467988571	7.5185565467464475	18.7222688756002	28.552641339474683	40.04548545916067	59.99543446068958	0.355505980317582	1.0132484969105655	107.92925621269633	1.021489164315674	-42.41047091239412	1.0946338659868096	-65.77558341011488	1.0946338659868096	-0.9630344733614504	1.0946338659868096	-0.054789740007050475	1.3065069407804952	NaN	NaN	800000009	800000009	800000009	800000019	800000019	810000019	899999999	899999999	89999	89999	89	89	6	0	2	4	6	0	6	NaN	0	0	0	0	0	0	0	0	0	NaN	NaN	NaN	NaN	0	0	0	0	0	0	301	0	18000	18000	0	16	18000	18000	18000	18000	93	NaN	0.4546501990962755	0.7703015009105264	0.20059244836349943	0.690551991644832	247.35191456001513	0.793869619676109	7.937501044141637e-7	NaN	0.09336954395136128	-1.701991071006428	-0.024919217584324943	-0.000054789740007050476	NaN	17.932278164572644	882.6678706847935	93.77441726557414	94.05822194883558	93.49061481687757	0.5676062639008174	0.000283403790130655	45.58432725895778	107
DATA	2026-09-14T083000_AIU-1657.ghg	2026-09-14	09:00:00	257.374	1	18000	18000	0.04885955934837718	0	NaN	8.889218936550884	1	NaN	111.79036749949371	0	NaN	6.008068139522194	0	NaN	2.542595357411319	0	NaN	0.017457718373731543	0	NaN	NaN	NaN	NaN	NaN	NaN	NaN	NaN	NaN	NaN	-5.748093222046681e-10	-2.8448616375230163e-11	-2.7776189559691375e-12	NaN	17.039716707189587	438.5531876870511	448.28317003871575	0.1	1	843.3342067003448	21.704991402698425	22.18655028590963	0.5	0	0.08234007052756431	2.044820799577186	2.090188319072679	0.1	0	NaN	NaN	NaN	NaN	9	305.35859674241806	298.5646586785364	97633.88958172954	1.129901744107935	1017.6652741602112	0.025424231103437098	0.16476017916025348	0.01538390483420403	2119.711171588868	3237.3883082891384	0.013615258950104308	65.47596302122533	1117.6771367002702	291.5871163800803	-1.3034703031219264	-0.10337378896783359	0.7983232652838056	1.5320055506621013	4.854657649677467e-14	-3.373350226897482e-14	1.5320055506621013	5.112067011850706	336.465557547402	184.53444245259803	31.405854763260653	NaN	0.20794784948668557	0.8422698056367048	-86.93708962519584	-0.0230407989114403	0.07951685941627433	0.037176074946469656	0	12.946945975952078	-1.9647490014879807	4.444267590971962	11.066854691583005	16.877651681237392	23.67114646067297	35.46369084572598	0.048280971093556335	1.0119837741809228	15.396603448945847	1.0224228189405784	101.53827225571693	1.1009677928924926	5.457078924840875	1.1009677928924926	2.309418471480753	1.1009677928924926	0.005559014707489116	1.3051725644152201	NaN	NaN	800000009	800000009	800000009	800000019	800000019	800000019	899999999	899999999	89999	89999	89	89	17	3	2	12	0	0	2	NaN	0	0	0	0	0	0	0	0	0	NaN	NaN	NaN	NaN	0	0	0	0	0	0	301	0	18000	3004	0	16	18000	18000	18000	18000	93	NaN	0.342306466800519	1.2404567424448547	0.10177640202803592	0.09043084221746779	32.85942021598243	0.882878876640313	7.122396596849155e-8	NaN	0.013389960319455508	0.14182108690831396	0.06001823361224116	0.000005559014707489116	NaN	17.040952928464467	843.3857024934472	93.91138296042547	94.33935025193956	93.4834147783915	0.855935558385311	0.00028603006907764616	47.01556072934471	003
DATA	2026-09-14T090000_AIU-1657.ghg	2026-09-14	09:30:00	257.395	1	18000	18000	0.7685735275945921	1	NaN	19.157262928062142	1	NaN	181.90607589752284	1	NaN	-0.35896784391622466	2	NaN	4.139696437467075	1	NaN	0.022940083243436864	1	NaN	NaN	NaN	NaN	NaN	NaN	NaN	NaN	NaN	NaN	2.8150999260513544e-10	1.3315619933948104e-11	1.37600754280277e-12	NaN	16.76980036999616	432.4406474454819	441.47082081071	0.1	1	793.2233098676072	20.45474568091562	20.88187920948524	0.1	1	0.08196999185310785	2.039923788827835	2.0825212309826937	0.3	0	NaN	NaN	NaN	NaN	9	306.01614668528237	299.153380204411	97659.86766160018	1.1285158626545906	1016.9701510720943	0.02546758727584703	0.26825232914786645	0.014473083747321144	1998.143593384105	3352.338794567498	0.012824882862768389	59.60446469855967	1354.195201183393	290.64816901295444	-1.8169919431276418	-1.978322178555398	1.3582527718953186	3.0099948431710195	-1.6967317272723288e-14	1.6786722942081145e-14	3.0099948431710195	8.14487568075027	293.5659510861308	227.43404891386916	26.823753106660167	NaN	0.8252563540782294	1.9009577050159663	-2521.3392331127607	-0.0007944587438664649	0.10531403546330374	0.020226871190505345	0	21.962051282147602	-3.332826012202018	7.538861514198543	18.772831115544108	28.629751945674784	40.15363418076648	60.1574609529324	0.7582884385492998	1.0135635577735682	29.305380679734412	1.0296470273743261	161.444415282773	1.1267412104587877	-0.3185894334778611	1.1267412104587877	3.674043692589773	1.1267412104587877	0.003603578255919702	1.3113097151672208	NaN	NaN	800000009	800000009	800000009	800000019	800000019	800000019	899999999	899999999	89999	89999	89	89	17	4	3	18	9	4	15	NaN	0	0	0	0	0	0	0	0	0	NaN	NaN	NaN	NaN	0	1	0	0	0	0	301	0	18000	14997	0	16	18000	18000	18000	18000	93	NaN	1.3386057923064878	2.0355969954832385	0.4277126222422062	0.06233745836632032	0.9237646919670407	0.3455002384883576	3.9338545973185994e-8	NaN	0.02553474311330848	-0.008283179990285806	0.09552346060469756	0.000003603578255919702	NaN	16.771008223306797	793.2665324363444	93.89997857538859	94.3475456682841	93.45241390016344	0.8951257236036998	0.0002868976565918677	45.12228573073194	106
DATA	2026-09-14T093000_AIU-1657.ghg	2026-09-14	10:00:00	257.416	1	18000	18000	0.3937543649993726	1	NaN	23.217097830036256	1	NaN	256.6713362682697	1	NaN	-2.1885778933489557	1	NaN	5.8413628876695745	1	NaN	0.024016722513519665	1	NaN	NaN	NaN	NaN	NaN	NaN	NaN	NaN	NaN	NaN	5.199257000172722e-10	2.4610819651190768e-11	2.5404219205565656e-12	NaN	16.77390882225638	432.57284283265045	441.6153360185931	0.1	1	793.9973824266727	20.475949199286717	20.903977990687032	0.5	0	0.08195941393945647	2.0400020131689756	2.0826461703532173	0	1	NaN	NaN	NaN	NaN	9	305.97774836391875	299.1901608969345	97669.37126523744	1.128477817227031	1016.9830675241732	0.025468240098955718	0.3785203151209884	0.014487715266523947	2000.4095291377564	3359.636993239022	0.012838280952765293	59.54243071984881	1359.2274641012657	290.66612331001164	-1.5970692300083325	1.0408981563799324	0.7239552890978662	2.0391690361535666	-5.3745999232753573e-14	3.099609670748962e-14	2.0391690361535666	5.695867430058417	14.094506731876322	146.9054932681237	20.794955602507972	NaN	0.5906989207715047	0.8119357669935371	-762.9935953426707	-0.002625316925629475	0.09045457964877711	0.03424798348644161	0	20.80742775381355	-3.1576074372112437	7.1425166204853845	17.785876289650027	27.124583563078637	38.04261412268483	56.994768227706196	0.3890675536819251	1.0120462661897505	37.97308517191808	1.0244597884736872	231.4238889474556	1.1090961155118542	-1.9732986733425844	1.1090961155118542	5.26677787972754	1.1090961155118542	-0.00048552890423304667	1.3061974955180484	NaN	NaN	800000009	800000009	800000009	800000019	800000019	800001019	899999999	899999999	89999	89999	89	89	19	2	2	13	2	0	3	NaN	0	0	0	0	0	0	0	0	0	NaN	NaN	NaN	NaN	0	0	0	0	0	0	301	0	18000	18000	0	16	18000	18000	18000	18000	93	NaN	0.6467045821608401	0.7263580580015744	0.25080889382465954	0.03488988042300231	0.20274495122768818	0.6882206912630556	1.5455790288331076e-8	NaN	0.03308789468866333	-0.05130729170113904	0.13694029831913532	-4.855289042330467e-7	NaN	16.775133380214864	794.0277686896811	93.8812672360738	94.33507630242242	93.42745956251358	0.907616912239133	0.00028677867010022353	44.76276499440936	190
DATA	2026-09-14T100000_AIU-1657.ghg	2026-09-14	10:30:00	257.437	1	18000	18000	0.19296061838454212	0	NaN	12.22343828312305	0	NaN	284.0042362395408	0	NaN	-1.857698070369784	1	NaN	6.464022846728361	0	NaN	0.014713901622912192	0	NaN	NaN	NaN	NaN	NaN	NaN	NaN	NaN	NaN	NaN	-1.2329207723204117e-10	-5.694703255539639e-12	-6.005256328889035e-13	NaN	16.766608311190936	432.799438441636	441.62777739632446	0.1	1	774.4281796339418	19.99045215574319	20.398221833365316	0.3	0	0.08166605911366387	2.033163018942468	2.0746359292262513	0	1	NaN	NaN	NaN	NaN	9	305.9601291495429	299.28787797894876	97682.54038614003	1.1284702212461852	1016.7108970269137	0.02547312352525628	0.4188686804679978	0.014141491272612253	1953.2419460131114	3379.0937888618664	0.012531559102193772	57.80372099914383	1425.851842848755	290.28865110397373	-1.2669499175631613	1.1696693192542293	0.438991590440302	1.779326284438941	4.747428427742262e-16	-7.353429801884822e-15	1.779326284438941	5.539550094800416	23.713713737382648	137.28628626261735	14.283377244153996	NaN	0.41351311628286164	0.6667475463911767	-497.17660283509485	-0.0040289506557177925	0.043039633651144917	0.025764191176973917	0	16.079778178273944	-2.4401683747343146	5.51966750772403	13.744752538735991	20.961614863347148	29.398962892101324	44.045003604815285	0.19068841050880406	1.0119158152804109	28.85616867409468	1.0233261797539897	257.06977207281824	1.1047749175235313	-1.6815172402121592	1.1047749175235313	5.850986245431916	1.1047749175235313	-0.006396806620294896	1.3054734818611085	NaN	NaN	800000009	800000009	800000009	800000019	800000019	800000119	899999999	899999999	89999	89999	89	89	10	2	0	14	6	1	6	NaN	0	0	0	0	0	0	0	0	0	NaN	NaN	NaN	NaN	0	1	0	0	0	0	301	0	4	18000	0	21	18000	18000	18000	18000	93	NaN	0.6378709647854081	0.4615060165088886	0.2341181114880568	0.03794702115028034	0.2854656662464933	0.5249530035614935	3.612646318126524e-8	NaN	0.025150758462877065	-0.043707462680683616	0.15208393756054658	-0.0000063968066202948956	NaN	16.76780824111802	774.4636346539669	93.85814379564921	94.32598673693339	93.39030888790555	0.9356735154920155	0.00028658006522164214	44.00379584920849	036
DATA	2026-09-14T103000_AIU-1657.ghg	2026-09-14	11:00:00	257.458	1	18000	18000	0.23846975732370193	1	NaN	22.575740765641786	0	NaN	210.72418606933152	0	NaN	-1.2605384288275434	1	NaN	4.796882624371946	0	NaN	0.0052431040446695	0	NaN	NaN	NaN	NaN	NaN	NaN	NaN	NaN	NaN	NaN	7.772418045589246e-10	3.561539837950804e-11	3.809733488280156e-12	NaN	16.694079232696676	431.1323852513438	439.8213617144788	0.1	1	764.9695100856976	19.755694514846507	20.153847774783856	0.3	0	0.08182780742847337	2.0384002601929385	2.079481868740947	-0.1	0	NaN	NaN	NaN	NaN	9	306.16400202178954	299.4457298178371	97707.51077104462	1.1282645767939938	1016.5822390952596	0.02548004527041213	0.3108379940593021	0.01397162436247851	1930.7975117039477	3410.7317154439897	0.012383287262442826	56.60948068595326	1479.934203740042	290.1062164858241	-1.8612038350982831	1.3519777785133438	0.7724288893518151	2.4266375952094577	3.303346506321689e-14	4.655793193053948e-14	2.4266375952094577	6.439746631221536	16.994640905620713	144.00535909437926	18.56089795795314	NaN	0.459738821581169	0.8113665914523258	-369.9907470189856	-0.005413919175382009	0.10713407505208737	0.04281316752663121	0	17.53811472654228	-2.6614765722324454	6.020267253041363	14.991316686071404	22.862703841505255	32.0652672149224	48.0396133446623	0.23552539378971404	1.0125012572386005	34.50849202099561	1.0263918578186553	188.83092886161265	1.115941055523609	-1.1295743826147593	1.115941055523609	4.298508958541013	1.115941055523609	-0.012576378817957886	1.3078594176922262	NaN	NaN	800000009	800000009	800000009	800000019	800000019	800000019	899999999	899999999	89999	89999	89	89	15	4	2	11	1	0	0	NaN	0	0	0	0	0	0	0	0	0	NaN	NaN	NaN	NaN	0	0	0	0	0	0	301	0	0	18000	0	16	18000	18000	18000	18000	93	NaN	0.6416446455606187	0.7481605595823937	0.23292797776163923	0.036114928842044244	0.8656772313091358	0.9409466891220435	1.2389271560989249e-8	NaN	0.03008655832766325	-0.029361825251209454	0.11173418131994245	-0.000012576378817957886	NaN	16.695281892559574	764.9909388550687	93.83871717453003	94.30938728756375	93.36805088657803	0.9413348230537443	0.00028707864281993044	44.2489299478531	002
DATA	2026-09-14T110000_AIU-1657.ghg	2026-09-14	11:30:00	257.479	1	18000	18000	0.3135685498430276	1	NaN	34.12199991190311	1	NaN	269.98415794093233	0	NaN	-0.2790627107033543	1	NaN	6.147634369150336	0	NaN	0.004912065524859861	1	NaN	NaN	NaN	NaN	NaN	NaN	NaN	NaN	NaN	NaN	-6.870814517225608e-10	-3.0940294332227464e-11	-3.3854409091285983e-12	NaN	16.650381944796433	430.3779511791522	438.8837624717351	0.1	1	749.7913337995756	19.38055590090492	19.763585168056736	0.3	0	0.08204105066031012	2.046093585295971	2.0865317301307824	-0.2	0	NaN	NaN	NaN	NaN	9	306.3035689900716	299.74184460615436	97722.8889502938	1.1274884830505587	1016.3780119237285	0.02550122824677376	0.39836670712094174	0.01369493343373672	1894.4319371396803	3470.778300088283	0.012146406495154072	54.58233783158935	1576.3463629486025	289.8066372985989	-1.9682059285890494	1.0378486135698037	0.9459738095006868	2.417815288702365	-1.4131254175050908e-14	-4.126520664814462e-14	2.417815288702365	6.493959587022031	8.802991849227055	152.19700815077292	23.032392562818547	NaN	0.52736365003562	0.9280899823557476	-369.50391404085923	-0.005421052183437764	0.1263851930133189	0.0564620848715354	0	19.72583047334969	-2.9934708770718386	6.771239274540062	16.861343202083432	25.71461227000693	36.065109336237086	54.03210570905553	0.3097009415412291	1.0124882032406854	49.315390388454915	1.02634533835469	241.96819335098414	1.115783666447887	-0.2501046744946127	1.115783666447887	5.50970098775636	1.115783666447887	-0.01889713706530886	1.3078175632572016	NaN	NaN	800000009	800000009	800000009	800000019	800000019	800000019	899999999	899999999	89999	89999	89	89	32	10	1	29	10	4	4	NaN	0	0	0	0	0	0	0	0	0	NaN	NaN	NaN	NaN	0	0	0	0	0	0	301	0	0	18000	0	16	18000	18000	18000	18000	93	NaN	0.5912076054701473	1.0365236500291235	0.2284487092122243	0.03560626658583254	0.1518833484798512	1.187103995201955	2.1626766700926187e-8	NaN	0.043034335364060095	-0.0065040625499116515	0.14328176763625133	-0.00001889713706530886	NaN	16.651537694813932	749.7974821093779	93.8290219783783	94.30592436599731	93.3521178817749	0.9538072031670144	0.00028721221925580824	45.01472215378364	103
DATA	2026-09-14T113000_AIU-1657.ghg	2026-09-14	12:00:00	257.499	1	18000	18000	0.2663945873949842	1	NaN	34.56195022434326	1	NaN	121.35584971664207	0	NaN	0.4050295568123196	1	NaN	2.763686870256339	0	NaN	-0.0012766208575025685	0	NaN	NaN	NaN	NaN	NaN	NaN	NaN	NaN	NaN	NaN	-2.812363775578871e-10	-1.220069461786065e-11	-1.3818913004539402e-12	NaN	16.65132380860937	430.50905495907216	438.702479166115	0.2	0	722.3735369374083	18.676493970621916	19.031943957187544	0.2	0	0.08181843228094712	2.0411953983831	2.080043314810796	0	0	NaN	NaN	NaN	NaN	9	306.33082542419436	299.88004641492756	97732.76672190166	1.1273850601080015	1015.9849048310597	0.02551040750732157	0.17908690919261075	0.013192671540837671	1825.7950472725204	3499.116895480398	0.011702010260428532	52.17873828767458	1673.3218482078776	289.22718139651516	-1.8174929098159485	1.6197129844431113	0.7053225237308398	2.5346065753261997	-1.610689234251602e-14	-1.6889730858064097e-14	2.5346065753261997	5.337182112830203	22.706780565735812	138.2932194342642	16.157393090203083	NaN	0.4861010516320804	0.7710811025574624	-285.68285817289905	-0.007011621253059913	0.28479838676951413	0.06207434548703218	0	18.182549499946994	-2.7592720353418785	6.241480856871768	15.542169837750578	23.702789654561418	33.243499512635516	49.80482002867178	0.26306178919417333	1.0126692599902862	40.96992966471334	1.026968506973303	108.55617565002595	1.1179082994585308	0.3623101796529281	1.1179082994585308	2.4721946080863306	1.1179082994585308	-0.015981078807075874	1.3084226781717159	NaN	NaN	800000009	800000009	800000009	800000019	800000019	800000019	899999999	899999999	89999	89999	89	89	11	2	2	12	3	1	0	NaN	0	0	0	0	0	0	0	0	0	NaN	NaN	NaN	NaN	0	0	0	0	0	0	301	0	0	18000	0	16	18000	18000	18000	18000	93	NaN	0.5734110496591643	0.7308082604370947	0.23794289501866575	0.019898452224538857	0.15659231018035086	0.8271870630415722	1.0808336571064942e-8	NaN	0.03576890849494504	0.009418634584230905	0.06426730172742166	-0.000015981078807075874	NaN	16.652486628840727	722.3936828891364	93.83885488171049	94.31450606748794	93.36320550409951	0.9513002371009848	0.00028703979670859146	44.581855624198916	194
DATA	2026-09-14T120000_AIU-1657.ghg	2026-09-14	12:30:00	257.52	1	18000	18000	0.6299556931968582	1	NaN	50.43311408425134	1	NaN	32.024828830267346	2	NaN	3.8816897441332903	1	NaN	0.7296874245540752	2	NaN	0.03336833871156927	1	NaN	NaN	NaN	NaN	NaN	NaN	NaN	NaN	NaN	NaN	9.606302131198913e-10	3.9876103806454815e-11	4.7427218631101605e-12	NaN	16.6134497131128	430.1867151634706	438.0083192684792	0.2	0	689.6302409559154	17.857204443220482	18.181882027752575	0.3	0	0.08202216638612797	2.0504049963274324	2.0876852180797725	0	1	NaN	NaN	NaN	NaN	9	306.48402075195315	300.40531219528975	97742.39060072249	1.1258757865436577	1015.538257872554	0.025552574990663036	0.04728374511110407	0.012593127295306376	1745.8740383692991	3608.6712196956314	0.011185183521857415	48.379969581062376	1862.7971813263323	288.52784826525584	-1.7444823041048905	0.5254079515633223	0.9123500168441254	2.037560938508838	-1.4915718856193483e-14	5.782244083609421e-14	2.037560938508838	8.042418397571517	357.7613943687021	163.23860563129793	26.60042737303768	NaN	0.7480140632647081	1.7489266271802384	-713.3313159595241	-0.0028080920536981725	1.574812916301552	0.058968387773056734	0	23.713618938032212	-3.5986331615737726	8.140118009815476	20.270044803324726	30.913097288047545	43.356058489575204	64.95527612564125	0.6224582158441164	1.0120449488204994	51.40452543406465	1.0244523093168016	28.875435170182204	1.109068266556804	3.4999556485231733	1.109068266556804	0.6579283228610007	1.109068266556804	0.011776593149055943	1.3061919537369167	NaN	NaN	800000009	800000009	800000009	800000019	800000019	800000019	899999999	899999999	89999	89999	89	89	25	0	1	28	13	15	2	NaN	0	0	0	0	0	0	0	0	0	NaN	NaN	NaN	NaN	0	0	0	0	0	0	301	0	0	3004	0	16	18000	18000	18000	18000	93	NaN	0.850422752451275	2.357374737666137	0.2900557642430645	0.032802623722228814	0.881882275168789	1.0814268718003535	2.2440140755450143e-8	NaN	0.04495878706214509	0.09105938133687708	0.017117515780238943	0.000011776593149055943	NaN	16.614638673483615	689.651725601598	93.82250813526578	94.3044343547821	93.34057651413812	0.9638567135267777	0.00028788240527824704	46.60853813574049	242
DATA	2026-09-14T123000_AIU-1657.ghg	2026-09-14	13:00:00	257.541	1	18000	18000	0.35596671689385706	0	NaN	-10.076923634811582	2	NaN	130.42997396940967	0	NaN	2.58237600517757	2	NaN	2.97290993883023	0	NaN	0.07303496925984425	0	NaN	NaN	NaN	NaN	NaN	NaN	NaN	NaN	NaN	NaN	8.82291185878333e-11	3.6109668122148122e-12	4.378834182590973e-13	NaN	16.563435146280813	429.6644233150538	437.3552909373761	0.2	0	677.8942776125631	17.584942452253248	17.899707783538933	0.2	0	0.08220476092307324	2.058150527753052	2.094990820774368	0	1	NaN	NaN	NaN	NaN	9	306.67774345482724	300.7703631579037	97720.72249910835	1.124376530747802	1015.3953214956277	0.025589299130669325	0.1926445640361989	0.012383327374496256	1718.8742277113024	3686.558064296518	0.011013505739274312	46.62544839204382	1967.6838365852154	288.2852289993189	-1.3155195912390802	0.7477705774972382	0.6205822819310822	1.6355045093645229	3.213582953378152e-14	5.3267403656689195e-15	1.6355045093645229	6.449430011358159	10.614862559995458	150.38513744000454	22.299243544517353	NaN	0.5626635870524366	1.491741917368516	1519.1875161629453	0.001318533741680083	-0.07725926279165683	-0.015686722967997113	0	19.604776228170046	-2.975100428335561	6.729685269479661	16.757867854021367	25.556805835310126	35.84378356777741	53.700519377067465	0.3521574226135573	1.0108170211265997	-2.21919251065766	1.022880064618284	117.19767026458172	1.1129058596041639	2.320390339301533	1.1129058596041639	2.6713040579080323	1.1129058596041639	0.05007585696556032	1.3768735835022385	NaN	NaN	800000009	800000009	800000009	800000019	800000019	800000119	899999999	899999999	89999	89999	89	89	16	11	1	6	7	14	8	NaN	0	0	0	0	0	0	0	0	0	NaN	NaN	NaN	NaN	0	0	0	0	0	0	301	0	0	14997	0	21	18000	18000	18000	18000	93	NaN	1.5273140613536358	1.1920812893018542	0.2640884840815422	0.07685319112915699	0.5221364938817843	0.6329236947623096	2.5722488554770856e-7	NaN	-0.0019437842019784522	0.06044028654835284	0.06958069941212522	0.00005007585696556032	NaN	16.564563999560697	677.9167242947784	93.79585831451416	94.2913619647556	93.3003606783549	0.9909989066090855	0.00028871090850669947	45.624048281669594	231
DATA	2026-09-14T130000_AIU-1657.ghg	2026-09-14	13:30:00	257.562	1	18000	18000	0.13390377138931742	0	NaN	5.107099486913768	0	NaN	149.82957548165726	0	NaN	-2.4440810006879183	1	NaN	3.415144816930554	0	NaN	0.008453424460447195	2	NaN	NaN	NaN	NaN	NaN	NaN	NaN	NaN	NaN	NaN	-7.245221768097083e-10	-2.8970319110446068e-11	-3.6099986569229716e-12	NaN	16.505667886422934	428.1894414837799	435.64832104099503	0.1	1	659.985961929091	17.12133204000852	17.419578426241166	0.2	0	0.08224101457318567	2.0588483297898725	2.0947125997383824	0.2	0	NaN	NaN	NaN	NaN	9	307.10761247507736	300.78746512488624	97702.76705538624	1.1243043980770862	1015.1359669776834	0.02559545712385677	0.22130138413709988	0.01205395188506447	1673.2502272814763	3690.2425353122617	0.01072125298600674	45.34255435164477	2016.9923080307854	287.8675379963683	-1.2939070537908273	1.3665956309358318	0.46751808738115536	1.9391627689214863	5.969893314948121e-15	-4.3895356540263266e-14	1.9391627689214863	5.632708477761114	27.565009841208393	133.43499015879158	13.951044400450247	NaN	0.34510754141267164	0.9073517994385725	-691.4975771597069	-0.0028967563534027653	0.034086057245346725	0.012966170954847414	0	14.544344602256537	-2.2071604058330245	4.9926028476366895	12.432287011659227	18.96002212295627	26.59170061371909	39.83921316163514	0.13231910947758077	1.0119760623994007	13.899136538442338	1.0240049195233494	135.298377524266	1.1074011250045113	-2.2070421868841446	1.1074011250045113	3.0839275307008935	1.1074011250045113	-0.0025971306008578544	1.30587660847514	NaN	NaN	800000009	800000009	800000009	800000019	800000019	800100019	899999999	899999999	89999	89999	89	89	5	0	2	10	2	5	0	NaN	0	0	0	0	0	0	0	0	0	NaN	NaN	NaN	NaN	0	0	0	0	0	0	301	0	0	15001	0	16	18000	18000	18000	18000	93	NaN	1.2236005317703071	0.3815326024245466	0.20957046468229124	0.11566665592452981	1.1043170388422408	1.1353111973587955	1.8101289919519916e-8	NaN	0.012178104496781883	-0.057474558625599914	0.08030991646362871	-0.0000025971306008578543	NaN	16.506807709683418	659.9711006419789	93.81614235920377	94.30528461816576	93.32699906052484	0.9782885396662705	0.0002882662165049824	45.85632125939262	143
DATA	2026-09-14T133000_AIU-1657.ghg	2026-09-14	14:00:00	257.583	1	18000	18000	0.2091244942342083	0	NaN	3.4967399202802194	0	NaN	150.39245261939885	0	NaN	-2.594133639837751	1	NaN	3.4292436562021376	0	NaN	0.03408495373140587	1	NaN	NaN	NaN	NaN	NaN	NaN	NaN	NaN	NaN	NaN	1.1186416823031043e-9	4.394555088022057e-11	5.623219279993768e-12	NaN	16.36009301138169	425.3233449465435	432.5507129392687	0.1	1	642.7020476803664	16.708718253205095	16.992643546602416	0.2	0	0.08223937289256643	2.0620133154605704	2.0970523727185393	0	1	NaN	NaN	NaN	NaN	9	307.05074140930174	301.16757437018424	97680.18395817661	1.1228021428489472	1014.9155376041844	0.025633727454749688	0.2222149889218985	0.011745896441050662	1632.5484690890514	3772.9655340030995	0.010461234435523215	43.26963642726216	2140.417064914048	287.48637628027643	-1.6074015958410015	1.374734162999723	0.7374266757674958	2.2399625022228	7.266624343401681e-14	6.837624220870059e-14	2.2399625022228	6.599189792709826	21.53879761385798	139.46120238614202	19.221066248685556	NaN	0.4315695903286476	0.8808705468709628	-1974.6630768650516	-0.001014400898800465	0.023250767304988956	0.007110159809708791	0	17.485384493507635	-2.653474555934897	6.002166670388469	14.946243675962947	22.793964657153808	31.96885953148981	47.89517706710023	0.20659373105629827	1.0122499514625658	12.302897808286158	1.0254311598252517	135.17226878430074	1.1125984195721794	-2.3315992492918127	1.1125984195721794	3.0821935353105783	1.1125984195721794	0.017818695262291417	1.3069830817563945	NaN	NaN	800000009	800000009	800000009	800000019	800000019	800010019	899999999	899999999	89999	89999	89	89	11	16	4	16	11	7	7	NaN	0	0	0	0	0	0	0	0	0	NaN	NaN	NaN	NaN	0	2	0	0	0	0	301	0	0	15001	0	16	18000	18000	18000	18000	93	NaN	0.9067191319834148	0.6482125636440536	0.20680939811445712	0.0441248150927903	0.6713670456184307	1.1298461660797305	3.5461053738950176e-8	NaN	0.01079628355856442	-0.06078346592427984	0.08035103192904601	0.00001781869526229142	NaN	16.361265994972026	642.7014404103569	93.78849801360238	94.28645049116346	93.29054535971747	0.9959022550913984	0.00028892718684801364	45.62612446626027	045
DATA	2026-09-14T140000_AIU-1657.ghg	2026-09-14	14:30:00	257.604	1	18000	18000	0.4473591834422637	1	NaN	17.24222566154035	1	NaN	133.9760558617944	1	NaN	-0.5106757901308372	2	NaN	3.055807377441584	1	NaN	0.0782228145317318	1	NaN	NaN	NaN	NaN	NaN	NaN	NaN	NaN	NaN	NaN	4.4795275940531083e-10	1.701262753301435e-11	2.2697234890503244e-12	NaN	16.278254623646912	423.9321086655961	430.86925725694766	0.1	1	618.22564318462	16.100356371479574	16.36381970025227	0.2	0	0.0824799850079803	2.070297925896538	2.1041759078817157	0.9	0	NaN	NaN	NaN	NaN	9	307.2858667958577	301.4666044775244	97687.4914662375	1.1220320223142308	1014.5840652783194	0.025657259819107867	0.19801631805821462	0.01130784927270414	1573.225313511729	3839.173182456031	0.010078009404206932	40.97823251894281	2265.947868944302	286.91559255409123	-1.666858389351903	0.7987724989559134	0.9050220968091667	2.05803775255794	3.68013523235591e-14	2.7518476013674332e-14	2.05803775255794	5.874001283890619	6.604130973196334	154.39586902680364	26.087931093291573	NaN	0.6314304954548784	1.3139028129410113	-1254.2064374974673	-0.001597105500428469	0.12869632226915906	0.023986919808195853	0	21.809417569538518	-3.3096632574489573	7.486467299879718	18.64236211369463	28.43077848575496	39.87457107409122	59.739373567176855	0.442027398524992	1.01206211410212	24.848778144918263	1.0245479036582426	120.76196940240119	1.1094225816685834	-0.46030772995694336	1.1094225816685834	2.754412455572715	1.1094225816685834	0.04972631022930989	1.3062648465680462	NaN	NaN	800000009	800000009	800000009	800000019	800000019	800010119	899999999	899999999	89999	89999	89	89	6	0	1	26	8	7	3	NaN	0	0	0	0	0	0	0	0	0	NaN	NaN	NaN	NaN	0	0	0	0	0	0	301	0	0	18000	0	16	18000	18000	18000	18000	93	NaN	1.10019429000891	1.2728124630008584	0.2547988728722543	0.0359282135007471	0.7263091271888114	1.5977350496046794	1.363058089101246e-7	NaN	0.02182788966206063	-0.012003548269435216	0.07182743350300312	0.00004972631022930989	NaN	16.279397525632632	618.2109713324944	93.78265789371066	94.29348696623909	93.27182711897956	1.0216618426773298	0.0002894444575940723	45.45995164150662	129
DATA	2026-09-14T143000_AIU-1657.ghg	2026-09-14	15:00:00	257.624	1	18000	18000	0.5708636748348991	1	NaN	19.43448065898018	1	NaN	136.0118690552789	1	NaN	7.007683431586856	1	NaN	3.1036317627762995	1	NaN	0.05137285963806619	1	NaN	NaN	NaN	NaN	NaN	NaN	NaN	NaN	NaN	NaN	1.5389812533925342e-9	5.629725940151141e-11	7.847514777251707e-12	NaN	16.185873045246762	422.1542253638972	428.775707885566	0.1	0	592.0931729736747	15.442765063164556	15.684984595288958	0.2	0	0.08253438930805253	2.0754222157551654	2.1079751812380056	0.7	0	NaN	NaN	NaN	NaN	9	307.44850209893127	301.9264823904522	97667.6557357584	1.1203757426569723	1014.2305445696635	0.025701617958207742	0.2011153382279042	0.01082728066609298	1508.66323621715	3942.9670655700024	0.009663972767221888	38.262131311996	2434.3038293528525	286.2724830981973	-1.2331357761563713	-0.031953414326689335	0.8015002650447142	1.4710702015847439	4.5098976411386516e-13	9.50817573504001e-14	1.4710702015847439	8.07199858180077	339.51566533011555	181.48433466988467	33.01384084995979	NaN	0.7138128400788507	3.029320173271969	-1607.1637766284484	-0.0012463571100402456	0.14288812288199262	0.0239600765308709	0	22.723964587243103	-3.4484492957306037	7.8004016963585485	19.42410314917562	29.622982889758998	41.546654702266316	62.24445953571323	0.5640729305671195	1.0120387699883988	27.2309385643288	1.0222343588854816	123.63758825831277	1.1000851033353458	6.370128465825303	1.1000851033353458	2.8212651488202183	1.1000851033353458	0.02804810602887378	1.3051711191471556	NaN	NaN	800000009	800000009	800000009	800000019	800000019	800010119	899999999	899999999	89999	89999	89	89	10	2	1	29	22	21	8	NaN	0	0	0	0	0	0	0	0	0	NaN	NaN	NaN	NaN	0	0	0	0	0	0	301	0	0	18000	0	16	18000	18000	18000	18000	93	NaN	0.9457197301704954	4.819077840200982	0.2938427761724608	0.0597661790301557	0.8324020146250819	1.0969839782206663	8.435674529369509e-7	NaN	0.02396416093079775	0.1662912944029764	0.07364872403566786	0.00002804810602887378	NaN	16.187022949206874	592.1020411824068	93.78699487919278	94.30311163520813	93.27088200971815	1.032223604394334	0.0002896732875928542	44.03754409673479	131
DATA	2026-09-14T150000_AIU-1657.ghg	2026-09-14	15:30:00	257.645	1	18000	18000	0.5478794535927961	1	NaN	33.50143239201044	1	NaN	-201.80921443151095	2	NaN	-14.141532048901366	1	NaN	-4.6058429798823575	2	NaN	-0.03977703654755458	2	NaN	NaN	NaN	NaN	NaN	NaN	NaN	NaN	NaN	NaN	-8.19574836345889e-10	-2.7448416492146644e-11	-4.209694436561298e-12	NaN	16.087617397286603	419.7031054614046	425.68668303888893	0.1	1	538.791093996772	14.056294960342175	14.256691217250365	0.1	1	0.08263303172756552	2.0783976887387063	2.108028762813701	-1.4	0	NaN	NaN	NaN	NaN	9	307.7086819500393	302.1031001396501	97643.11950383539	1.1200297726454909	1013.4648002897554	0.025723114821852786	-0.2984586250963768	0.009846958320541048	1372.8686473208036	3983.4735052058313	0.008791693364795744	34.46410891215067	2610.6048578850277	284.8367197765284	-1.7762535068988352	-0.1580816843008567	1.0237437591083354	2.0562387079311883	5.440054269032245e-13	-5.0944451008893424e-14	2.0562387079311883	8.010972992831082	335.9142320155504	185.0857679844496	29.859314841902748	NaN	0.6994033744750108	3.716349600166106	-876.6431379343227	-0.0022849662688514314	-0.16600546454919182	0.04219853911445773	0	22.100469518430568	-3.3538315135789314	7.586376015506768	18.891148942038026	28.81019409648428	40.40670686292396	60.53660994668486	0.5413504572531723	1.0120605723189966	20.894016715561317	1.024539474084636	-181.9103307334073	1.109388420206139	-12.747142291492175	1.109388420206139	-4.1516955612593565	1.109388420206139	-0.02888842426007759	1.3062582426128913	NaN	NaN	800000009	800000009	800000009	800000019	800000019	800000119	899999999	899999999	89999	89999	89	89	4	3	0	12	1	20	5	NaN	0	0	0	0	0	0	0	0	0	NaN	NaN	NaN	NaN	0	2	0	0	0	0	301	0	0	15004	0	16	18000	18000	18000	18000	93	NaN	1.1389693611541298	5.991311403545002	0.3024184356330795	0.02223042078127977	2.753925600782666	2.5492460801365047	7.75957714276956e-8	NaN	0.018407029198051282	-0.3325721915826348	-0.10831749265978363	-0.000028888424260077592	NaN	16.08866899145195	538.7264786788153	93.80834851858351	94.31401771566603	93.30267891142104	1.011333382076689	0.0002898277332213991	45.601606800182765	204
DATA	2026-09-14T153000_AIU-1657.ghg	2026-09-14	16:00:00	257.666	1	18000	18000	1.9290227176080987	1	NaN	10.232731449311835	1	NaN	510.2036975083442	1	NaN	-0.3572699758441991	2	NaN	11.64633731104342	1	NaN	0.027044666134000615	2	NaN	NaN	NaN	NaN	NaN	NaN	NaN	NaN	NaN	NaN	-3.2592416257555083e-10	-9.509525195623199e-12	-1.6830945363538949e-12	NaN	16.004970427751285	417.58990371195523	422.74060338777633	0.1	1	466.97878529525843	12.18406662275672	12.33434915460477	0.1	0	0.08265075552724482	2.0789557584200233	2.104598324621352	0	1	NaN	NaN	NaN	NaN	9	307.6211799138388	302.2864645900777	97635.45264651251	1.1200590916766424	1012.4338341724481	0.025740748862003424	0.7546826577556135	0.008529545332227119	1189.9159565528378	4025.909806342533	0.007615263690649611	29.556448449943172	2835.9938497896956	282.6903626769813	-2.028904598229986	-1.9097469417234891	1.414607678681434	3.124852338067332	-1.8259715071379918e-13	-2.036393406953289e-14	3.124852338067332	8.730594163770087	297.73286440057757	223.26713559942243	26.91677875199541	NaN	1.312345551088789	3.9198380889024165	-18953.90497262829	-0.00010568270775297841	0.02005616874061263	0.006875998722505239	0	24.924963817334163	-3.7824594204062976	8.555933507815622	21.30548418690816	32.49220768031173	45.57078326757322	68.27333741877634	1.9027454457830315	1.0138101877386196	39.61387827767549	1.0303208052251869	451.94618677953974	1.1289036447988057	-0.3164751726068456	1.1289036447988057	10.316502532967764	1.1289036447988057	-0.008568659535448728	1.3120905349470082	NaN	NaN	800000009	800000009	800000009	800000019	800000019	800001119	899999999	899999999	89999	89999	89	89	10	6	3	11	16	46	8	NaN	0	0	0	0	0	0	0	0	0	NaN	NaN	NaN	NaN	0	0	0	0	0	0	301	0	0	11998	0	16	18000	18000	18000	18000	93	NaN	1.5826281058134821	5.46879325802254	0.7882548139688108	0.026640484252037893	0.11639825656119318	1.4299623610669725	6.655219281434402e-8	NaN	0.03493331314058786	-0.008246814630643575	0.26883083221078474	-0.000008568659535448728	NaN	16.006084228503756	466.94635377183545	93.85146823094018	94.33983961058856	93.36310835312705	0.9767298521526978	0.00029021200604297014	46.00983315993238	214
DATA	2026-09-14T160000_AIU-1657.ghg	2026-09-14	16:30:00	257.687	1	18000	18000	1.2190088053578205	1	NaN	-11.082332646539996	1	NaN	403.4183017696525	1	NaN	2.391347194990093	1	NaN	9.207553284642715	1	NaN	0.07717821321776926	1	NaN	NaN	NaN	NaN	NaN	NaN	NaN	NaN	NaN	NaN	-1.5714100615159502e-10	-4.7337324594774425e-12	-8.141007118685256e-13	NaN	15.989692403534715	417.2444442659172	422.55559464471656	0.1	0	481.67520242712845	12.569116220706793	12.729109882202343	0.1	0	0.08283783009330209	2.0827290400145713	2.10924032681977	0.2	0	NaN	NaN	NaN	NaN	9	307.43732033877905	302.15154539608636	97634.52000488198	1.120384620298105	1012.6425040981978	0.025729505796694155	0.5966494528448479	0.008802947089911774	1227.508807039024	3994.6472621273633	0.007857075981255028	30.728841033771527	2767.1384550883395	283.1540456497993	-1.6287973936906333	-1.9944650819732248	1.1674660798054455	2.8273395552002603	1.024443767203729e-13	-9.827644096321522e-15	2.8273395552002603	8.787319388283322	290.23709557021164	230.7629044297884	24.388420039587558	NaN	1.0430853649743415	2.4864151643086103	8788.141680481463	0.0002279321468438432	-0.027471070593291746	-0.009364574280805218	0	24.548045111025523	-3.7252605525622857	8.426549513011752	20.98329974580483	32.00085607901241	44.88165566038529	67.2408986877174	1.2031350032082473	1.0131936998817628	12.72865889984514	1.0285946185367811	359.1300107348531	1.1233210528526327	2.128818995172711	1.1233210528526327	8.196724579549604	1.1233210528526327	0.04161293511832423	1.3101309271341042	NaN	NaN	800000009	800000009	800000009	800000019	800001019	800001119	899999999	899999999	89999	89999	89	89	8	0	0	26	24	39	6	NaN	0	0	0	0	0	0	0	0	0	NaN	NaN	NaN	NaN	0	0	0	0	0	0	301	0	0	15001	0	16	18000	18000	18000	18000	93	NaN	1.1309354721013587	3.3245811459649235	0.5173137105509384	0.017339147004623575	0.2153794947047681	0.6678691019470742	7.066564302080438e-8	NaN	0.011219134580094674	0.055470867478434105	0.2135829414996983	0.000041612935118324226	NaN	15.990804713330963	481.64868797422173	93.85504840109084	94.3478293738895	93.36227215491401	0.9855531089090642	0.00028983175649449953	45.349973019382695	182
DATA	2026-09-14T163000_AIU-1657.ghg	2026-09-14	17:00:00	257.708	1	18000	18000	0.41978269920908545	1	NaN	-3.9944218868754793	1	NaN	362.111969867106	1	NaN	0.9350592853278951	1	NaN	8.264173222413627	1	NaN	0.04240885687943321	1	NaN	NaN	NaN	NaN	NaN	NaN	NaN	NaN	NaN	NaN	-4.4271374835954934e-10	-1.3753542788224038e-11	-2.288733858351381e-12	NaN	15.996725487334126	417.5499878255053	423.03754377317426	0.2	0	496.96140966203245	12.971794178654044	13.142273039562928	0.2	0	0.08269959399562068	2.078847223650317	2.1061680014710666	0	1	NaN	NaN	NaN	NaN	9	307.46839503902856	302.07568342649733	97660.7487079955	1.1207955479037652	1012.8629757712448	0.025716137396377396	0.535518424812403	0.009089690706713302	1267.174946686864	3977.1619763794156	0.00811003463005705	31.861285866974637	2709.987029692552	283.6299292173067	-2.3301509880286306	0.9468439527820934	1.2245020760083407	2.797413525397991	-1.0494333742060861e-13	-2.767527321201335e-14	2.797413525397991	7.826963767596453	3.1140938306105	157.8859061693895	25.958913641322564	NaN	0.6119966844153021	1.1747886433506092	4925.76101306267	0.0004066579752220948	-0.011030902646884113	-0.0057494694417845145	0	21.627361835702192	-3.282035597463779	7.423973457768826	18.48674361062229	28.193450449632095	39.54171512894019	59.24069470704603	0.4143399719502334	1.013135897155261	17.253704433204412	1.0284247377953533	322.52013916814434	1.122757700654224	0.8328237559920915	1.122757700654224	7.360602574890509	1.122757700654224	0.014880613142485902	1.309942736112906	NaN	NaN	800000009	800000009	800000009	800000019	800000019	800100119	899999999	899999999	89999	89999	89	89	34	16	12	14	4	11	12	NaN	0	0	0	0	0	0	0	0	0	NaN	NaN	NaN	NaN	0	0	0	0	0	0	301	0	0	18000	0	16	18000	18000	18000	18000	93	NaN	0.5772896995120099	1.527862465880386	0.24442512130882238	0.011993693609482051	0.26762699681902374	2.108914579532782	2.6954997602432508e-8	NaN	0.01519865863172226	0.021698554824345212	0.19177459499965907	0.000014880613142485902	NaN	15.99785930289866	496.9024291290194	93.84345166418288	94.34232175657485	93.34458514722188	0.9977313674456539	0.00029022357870417176	45.107872346666134	230
DATA	2026-09-14T170000_AIU-1657.ghg	2026-09-14	17:30:00	257.729	1	18000	18000	0.5319161233346542	1	NaN	-4.138698836821251	1	NaN	603.6924949093225	1	NaN	4.7331772060417885	1	NaN	13.78041033535159	1	NaN	0.05123468681351471	1	NaN	NaN	NaN	NaN	NaN	NaN	NaN	NaN	NaN	NaN	-1.4666276897316663e-10	-4.333129419811862e-12	-7.581702998514143e-13	NaN	15.990412877980624	417.13001930138194	422.3348929333891	0.2	0	472.43434009617886	12.324043594541731	12.477820802071337	0.2	0	0.08266212489595497	2.079313811592926	2.1052591167252546	0.1	0	NaN	NaN	NaN	NaN	9	307.4097355194092	302.2879058184398	97671.85062097435	1.1204117211736042	1012.511218592052	0.025731279104430238	0.892970589730783	0.008630712390060693	1204.035028053015	4026.244903330896	0.0077031614601641525	29.904664444453484	2822.209875277881	282.86600575690454	-1.8672961587597505	-1.547314909300861	1.309775310485424	2.7561730237814492	-7.80009351930018e-14	-9.171918829883782e-15	2.7561730237814492	8.79242652303833	301.35352067338215	219.64647932661782	28.37336250152081	NaN	0.6890214713022816	1.3454493452782517	6784.311558429798	0.00029525471858836763	-0.006855640697409869	-0.005294849032423901	0	23.20879758089782	-3.522024573015368	7.966829173906985	19.838531100016546	30.255011663623886	42.43308404421956	63.572492218533974	0.5250599722202445	1.0130578438219506	31.23030223845242	1.0281918270324633	538.0521144446719	1.1219963247099187	4.218531827424217	1.1219963247099187	12.282045878282517	1.1219963247099187	0.008971613132069208	1.3096926928348087	NaN	NaN	800000009	800000009	800000009	800000019	800000019	800011119	899999999	899999999	89999	89999	89	89	19	6	2	6	27	16	7	NaN	0	0	0	0	0	0	0	0	0	NaN	NaN	NaN	NaN	0	0	0	0	0	0	301	0	0	18000	0	16	18000	18000	18000	18000	93	NaN	0.6781925967482343	1.7529950153206186	0.25971107848765057	0.0203114062632352	0.41314260869413105	1.3954706356014512	4.633899353370854e-8	NaN	0.027529523843681077	0.10990303294841586	0.3199772214730523	0.000008971613132069207	NaN	15.991512227769732	472.4027500722741	93.86844783761767	94.35965244208442	93.37724909464518	0.9824030618584825	0.0002895526629921127	44.83677134545644	208
DATA	2026-09-14T173000_AIU-1657.ghg	2026-09-14	18:00:00	257.749	1	18000	18000	0.17542571619025366	1	NaN	-3.036197424379432	1	NaN	260.731564902762	1	NaN	0.9313160700606579	1	NaN	5.951039505767055	1	NaN	0.036087909335130675	1	NaN	NaN	NaN	NaN	NaN	NaN	NaN	NaN	NaN	NaN	-2.1078897153366114e-10	-6.346539097326276e-12	-1.0930329362447184e-12	NaN	16.000289768330667	416.77654839184686	422.0729371511749	0.1	0	481.74467499142423	12.548515417919555	12.707981722494923	0.1	0	0.08296849488376568	2.086128982137089	2.1126394711128538	0	0	NaN	NaN	NaN	NaN	9	307.3715949156019	302.1765330331938	97694.19665903358	1.1209854975022482	1012.6319177390186	0.025715915392663873	0.3856273599737051	0.008793163620759077	1226.2459723106801	4000.4212387511316	0.007844136824563551	30.65292125819967	2774.175266440451	283.138673813279	-1.5734618756959295	-0.9180726963560539	1.056166045809479	2.1057365614871717	-1.0838144930564789e-14	-1.3174072131548218e-14	2.1057365614871717	4.102501141024319	310.73758779986565	210.26241220013438	30.103665633288713	NaN	0.3955912091372308	0.6033107812390444	1750.5192775728688	0.0011442890264980912	-0.011644916968575557	-0.006761324337298568	0	20.00001476336379	-3.03507940089124	6.865357868710974	17.095711809316136	26.07203918380736	36.566405664977054	54.78313895765917	0.173327542935511	1.012105250090133	12.419400880005618	1.0247737666584977	234.8409643478247	1.1102473779514488	0.8388365408969103	1.1102473779514488	5.360102283463617	1.1102473779514488	0.015083862432678013	1.3064395310503212	NaN	NaN	800000009	800000009	800000009	800000019	800001019	800011119	899999999	899999999	89999	89999	89	89	22	5	3	26	38	31	6	NaN	0	0	0	0	0	0	0	0	0	NaN	NaN	NaN	NaN	0	6	0	0	0	0	301	0	0	12005	0	16	18000	18000	18000	18000	93	NaN	0.18955002765115597	0.8928851341464628	0.12418640068047006	0.008851406759118123	0.22031597716348678	1.3985200087273428	4.511498740888606e-8	NaN	0.010940799004594135	0.021845653567192456	0.1395920800541925	0.000015083862432678013	NaN	16.00140114505631	481.71190430141576	93.88583585230509	94.36770730018615	93.40396939235264	0.9637388166056732	0.0002899593865408355	45.78014628106988	163
DATA	2026-09-14T180000_AIU-1657.ghg	2026-09-14	18:30:00	257.77	0	18000	18000	0.2797387926074	1	NaN	-1.2688609960567634	1	NaN	373.21242730713146	0	NaN	1.7899917355717332	0	NaN	8.511561103181451	0	NaN	0.05353252933526753	0	NaN	NaN	NaN	NaN	NaN	NaN	NaN	NaN	NaN	NaN	1.6791275276829184e-10	5.286366203784473e-12	8.62745291223703e-13	NaN	16.06746723294345	416.890284203946	422.43468874762794	0.1	0	505.8491053258833	13.124879872245232	13.29943333716445	0.1	0	0.0825555621510291	2.0685897405384472	2.0961008118946802	0.2	0	NaN	NaN	NaN	NaN	9	307.199842455546	301.3586622678864	97707.34042161984	1.123932844608691	1012.9265089386552	0.02564286272949062	0.551549159486158	0.009223242422079251	1282.7410951186384	3815.1582303351647	0.008206221987658364	33.622225283325896	2532.4171352165263	283.8131013101479	-1.3617086562033645	-2.499285697632243	1.15806280712515	3.072749408593983	6.443530748192897e-14	1.0450480485438114e-14	3.072749408593983	6.782806995302282	279.5832773813054	241.41672261869468	22.140656923454667	NaN	0.4988915712975304	0.747427972336264	8403.0005208163	0.00023837913552877073	-0.0033998358661636065	-0.0022340329855845566	0	19.08710345269793	-2.896541587463318	6.551984957527132	16.315368951609976	24.88196708912966	34.89731263095075	52.28253344411528	0.27595896292186733	1.0136970716425067	20.433872836644774	1.0300141065725774	330.8866616962485	1.1279162036750146	1.5869899995580539	1.1279162036750146	7.54627079161448	1.1279162036750146	0.022361051129160366	1.3117329599767507	NaN	NaN	800000009	800000009	800000009	800000019	800001019	800011119	899999999	899999999	89999	89999	89	89	20	2	0	48	40	39	12	NaN	0	0	0	0	0	0	0	0	0	NaN	NaN	NaN	NaN	0	2	0	0	0	0	301	0	0	14997	0	16	18000	18000	18000	18000	93	NaN	0.5791325070128154	0.6937408900887883	0.22198254757092437	0.015844512185227713	0.4723471465246288	0.8666125971836022	1.2629950498511826e-7	NaN	0.017948674701627525	0.04123633381650783	0.1960822320994053	0.000022361051129160366	NaN	16.06858358708682	505.82151620558443	93.93807327927485	94.38937453397115	93.48677292739019	0.9026029715124124	0.00028845341326410136	43.92579804269472	167
DATA	2026-09-14T183000_AIU-1657.ghg	2026-09-14	19:00:00	257.791	0	18000	18000	0.08326780132524018	1	NaN	-58.431116318102696	1	NaN	423.20799894869793	0	NaN	19.32907574589695	1	NaN	9.635795331394174	0	NaN	0.02330087919480169	0	NaN	NaN	NaN	NaN	NaN	NaN	NaN	NaN	NaN	NaN	1.8350937681319155e-11	6.569576197056192e-13	9.345204455168837e-14	NaN	16.40575281809585	422.8484867692348	429.3478858286536	0	0	587.3206322217882	15.137838740895903	15.370515120149225	0.1	0	0.08354620182822557	2.0791334465990174	2.1110907986767757	0	0	NaN	NaN	NaN	NaN	9	306.33206029595254	299.6564841985742	97730.08336938174	1.1297155234789205	1013.9966853973367	0.025492089270103595	0.6243995374743424	0.010700725856342278	1479.8190815355063	3453.3750337798633	0.009472053480676052	42.851386457027296	1973.555952244357	285.9773086364893	-1.311118410248035	-1.5080744843822536	1.0627660667686176	2.263358532979429	-1.4879036479578495e-14	1.1185672419175872e-15	2.263358532979429	4.35348395781222	292.00366263123533	228.9963373687647	28.0052639967899	NaN	0.2714901018432882	0.21235078499836893	29.420237899326843	0.06808578526300198	-0.13806713593139297	-0.1878817303447097	0	16.504531257979185	-2.504626293287454	5.6654714949968445	14.107825082765402	21.51532340149301	30.175546989849153	45.2084680953921	0.0821129446091314	1.0140642467713958	-32.8826323346103	1.030928263547084	368.55064924590584	1.1483034959092513	16.832723939929988	1.1483034959092513	8.391331530140771	1.1483034959092513	0.009488440548731266	1.4504769204933015	NaN	NaN	800000009	800000009	800000009	800000019	800000019	800000019	899999999	899999999	89999	89999	89	89	37	2	1	5	17	0	12	NaN	0	0	0	0	0	0	0	0	0	NaN	NaN	NaN	NaN	0	0	0	0	0	0	301	0	0	18000	0	16	18000	18000	18000	18000	93	NaN	0.1423252703995211	0.1878273777321476	0.09454892186506918	0.21842599112518168	19.866139501821014	2.8213926489360035	6.825600607015668e-8	NaN	-0.028705224301206853	0.4356986057517147	0.21720141440743804	0.000009488440548731265	NaN	16.406921071423444	587.3325041308773	93.99832474009196	94.40367590713501	93.59297416157193	0.8106993119584216	0.0002871783661733691	46.080134418888306	152
DATA	2026-09-14T190000_AIU-1657.ghg	2026-09-14	19:30:00	257.812	0	18000	18000	0.24733609385347213	1	NaN	-15.711720291382402	0	NaN	429.6352218195899	1	NaN	8.550895841243104	0	NaN	9.772388316056938	1	NaN	0.06476717176689577	0	NaN	NaN	NaN	NaN	NaN	NaN	NaN	NaN	NaN	NaN	-1.889948542601041e-10	-6.957353208315444e-12	-9.603370291036717e-13	NaN	16.505317548250183	423.3041108132797	430.00480608367894	0	0	607.6002674683633	15.58283808831497	15.829506728685976	0.2	0	0.08386824964496019	2.0778530513486815	2.110744440206226	0.4	0	NaN	NaN	NaN	NaN	9	305.88594115363225	298.63096421483857	97770.48661824115	1.133871769560022	1014.2174725279106	0.02539434876883333	0.6332507628804895	0.011057686484455171	1523.9503367108462	3250.160608728739	0.00975214903599364	46.88846245376535	1726.210272017893	286.4269155525107	-1.4071082425600252	-1.1199817429277137	1.1496705853459517	2.1344917815680082	5.596185016347951e-14	-1.1450543360199723e-14	2.1344917815680082	5.215979551982323	302.4821152952586	218.51788470474142	32.58944681732762	NaN	0.4670482805566472	0.6241449152104921	557.2360085491199	0.003594706675929806	-0.036569907431798	-0.029252765562327452	0	19.245419282840878	-2.920566625473892	6.606329658922272	16.45069494206546	25.088347763131207	35.186764460696345	52.71618503010338	0.2443710509264088	1.012133364061835	9.803184653399935	1.0249119949826495	386.7984555023085	1.1107469942237806	7.698329039565572	1.1107469942237806	8.7980326454866	1.1107469942237806	0.03185470493575948	1.3065483305543124	NaN	NaN	800000009	800000009	800000009	800000019	800000019	810100019	899999999	899999999	89999	89999	89	89	33	15	3	0	4	1	13	NaN	0	0	0	0	0	0	0	0	0	NaN	NaN	NaN	NaN	0	0	0	0	0	0	301	0	0	18000	0	16	18000	18000	18000	18000	93	NaN	0.2520653213353944	0.8056513739074691	0.19057313517812077	0.19195526774874366	27.927913074821753	2.1112986412966324	1.1070707515496195e-7	NaN	0.008524563542301907	0.19858947021878362	0.22695790645671648	0.00003185470493575948	NaN	16.506378678957624	607.5698089396137	94.06336249669393	94.42518415662977	93.70154458957248	0.7236362925271206	0.00028558702244481534	44.90308280932464	201
DATA	2026-09-14T193000_AIU-1657.ghg	2026-09-14	20:00:00	257.833	0	18000	18000	0.06514703356086773	1	NaN	28.19910291541516	1	NaN	119.65995321930549	1	NaN	-2.466865816045764	2	NaN	2.7203072442276106	1	NaN	0.02280251265043617	1	NaN	NaN	NaN	NaN	NaN	NaN	NaN	NaN	NaN	NaN	-1.3171191288945883e-10	-4.9531605585342415e-12	-6.719081602126314e-13	NaN	16.50944587745497	422.40090202077573	429.21896627991913	0.1	1	620.8545177845506	15.884815897666897	16.141216144486513	0.3	0	0.08422041076087479	2.0816521611076686	2.115252558577745	1.4	0	NaN	NaN	NaN	NaN	9	305.51772687445754	298.08158836836753	97790.23238422716	1.136060451205348	1014.3719440588296	0.025342513922631104	0.17627590942594915	0.011295027330528886	1553.7965157111817	3145.6491175271162	0.009942276679506784	49.39509963312962	1591.8526018159346	286.724539775449	-1.6021829437092034	0.033528038662126954	1.0273582589445245	1.9035701475676507	2.424664866244549e-13	-7.977972965726395e-15	1.9035701475676507	3.968234456194748	342.19882362788064	178.80117637211936	32.663270735334166	NaN	0.23946751192011922	0.7320854907543215	-41.85631244003798	-0.04785658084117126	0.2356603204058885	0.1021856755761593	0	15.168142672274902	-2.3018241695866677	5.206732538997327	12.965500219670277	19.773205908904977	27.73220243590299	41.54789271790903	0.06437728930356244	1.0119567671399718	34.718398820165596	1.0238483516140124	108.11252015258978	1.1068093968248793	-2.228808160756946	1.1068093968248793	2.4577919667391663	1.1068093968248793	0.0042899697939249755	1.305774136376496	NaN	NaN	800000009	800000009	800000009	800000019	800000019	810000019	899999999	899999999	89999	89999	89	89	34	7	4	4	0	0	14	NaN	0	0	0	0	0	0	0	0	0	NaN	NaN	NaN	NaN	0	0	0	0	0	0	301	0	0	9001	0	16	18000	18000	18000	18000	93	NaN	0.09919172068019604	1.274130552351203	0.09084870847724405	0.14391632635598087	10.105555482365528	2.1221325319868805	5.2673433369258766e-8	NaN	0.030127355878176294	-0.057395564377023485	0.06329228308478561	0.000004289969793924976	NaN	16.510634951249997	620.8525986563037	94.08880356131661	94.43114124382865	93.74646320385403	0.684677912202146	0.00028467812228579235	46.001307110710485	066
DATA	2026-09-14T200000_AIU-1657.ghg	2026-09-14	20:30:00	257.854	0	18000	18000	0.09840940366908064	1	NaN	-39.565741384224566	2	NaN	703.9864203464714	1	NaN	30.704175415445803	1	NaN	15.991504019538809	1	NaN	0.011127304137204277	1	NaN	NaN	NaN	NaN	NaN	NaN	NaN	NaN	NaN	NaN	-3.9216724970560523e-10	-1.507759356800684e-11	-1.9905531363725468e-12	NaN	16.625688120771215	424.02690124457985	431.054160252798	0.2	0	639.2052586278086	16.302496660969314	16.572672600705655	0.3	0	0.0843882696935973	2.078439970354957	2.1128852755038703	0	0	NaN	NaN	NaN	NaN	9	304.86945272572825	297.265194660594	97837.28193948105	1.1395474660039415	1014.5851117095683	0.025260951443202853	1.0362494604661148	0.011629450914571293	1595.4198018461684	2995.7570818961635	0.010205323833813052	53.25598031587888	1400.3372800499951	287.1313197367698	-1.5450264363327024	1.5435325548899574	0.7078961913103582	2.295804097618914	-8.809549041558327e-15	-2.358803117542264e-14	2.295804097618914	4.235155989749538	25.972287045405096	135.0277129545949	17.959428349384087	NaN	0.2938678598859544	0.2993856017243771	55.15245052688674	0.036319329075386986	-0.056202421297774516	-0.11645182872714452	0	14.00752302250561	-2.125695660034912	4.8083293708296635	11.973419999358075	18.260220976428236	25.610219555472877	38.36877568711705	0.09721180704966678	1.012319456409261	2.259671056541935	1.0257132735200079	632.1784045472026	1.1135882138376767	27.572288422155864	1.1135882138376767	14.360338786658376	1.1135882138376767	-0.018825858798888827	1.3072318170192139	NaN	NaN	800000009	800000009	800000009	800000019	800000019	800001019	899999999	899999999	89999	89999	89	89	9	2	0	19	1	3	0	NaN	0	0	0	0	0	0	0	0	0	NaN	NaN	NaN	NaN	0	0	0	0	0	0	301	0	0	18000	0	16	18000	18000	18000	18000	93	NaN	0.20885574640398066	0.2229766197092214	0.16693883733555215	0.07252381477270128	7.731822497228431	1.945484966509589	1.9617902963636237e-8	NaN	0.001954448891064549	0.7080482901718511	0.36876929359304017	-0.00001882585879888883	NaN	16.62683899854712	639.1785992872855	94.11088812467787	94.42883081097074	93.79294475343492	0.6358856323046834	0.0002831790885344769	44.51712386003069	081
DATA	2026-09-14T203000_AIU-1657.ghg	2026-09-14	21:00:00	257.874	0	18000	18000	0.009060420542930981	2	NaN	34.03123269059279	1	NaN	108.62010502167301	1	NaN	-1.6560733767516624	2	NaN	2.4644471234393674	1	NaN	-0.007002413972552982	1	NaN	NaN	NaN	NaN	NaN	NaN	NaN	NaN	NaN	NaN	-4.6292792475593533e-10	-1.8801006461643624e-11	-2.3131159084011753e-12	NaN	16.992712182198176	431.53683649304713	439.23491702738636	0.1	1	690.1292284469432	17.526112419380475	17.838756470708056	0.5	0	0.08490762983513687	2.0807289773141764	2.1178465948220295	0	0	NaN	NaN	NaN	NaN	9	303.9059498502944	296.04035488382783	97885.4355688351	1.1442924434282908	1015.2429946777911	0.02514449158039779	0.159696173598871	0.012560228159660531	1716.0113264342772	2782.5664577626044	0.010976414492461551	61.670093148973024	1066.5551313283272	288.25930712076433	-1.1773036289619971	1.2919746538673107	0.6653127418423286	1.8702629188058917	-2.5964593916263624e-14	-2.7242733225417994e-14	1.8702629188058917	3.2017191020009133	28.658853341430813	132.34114665856922	20.83832586634751	NaN	0.08898271713874328	0.19821033516732425	-1.781143957615919	-1.1246143195978227	0.3133050983867353	0.3292039109638976	1	24.72708967003669	11	19	31	47	73	159	0.008953502130550529	1.0119415186171266	39.78272065421399	1.023704536804359	98.18693447268933	1.1062582369539773	-1.4970043353634785	1.1062582369539773	2.227732224824007	1.1062582369539773	-0.02003297743705361	1.3056849420188466	NaN	NaN	800000009	800000009	800000009	800000019	800000019	800001019	899999999	899999999	89999	89999	89	89	26	4	0	20	15	0	0	NaN	0	0	0	0	0	0	0	0	0	NaN	NaN	NaN	NaN	0	0	0	0	0	0	301	0	0	18000	0	16	18000	18000	18000	18000	93	NaN	0.19679003647721624	0.12484259689681082	0.07478803696062146	0.11535573795866215	3.2348965704328463	0.402360124887406	2.3837038052495227e-8	NaN	0.034244233428438485	-0.03831307223467289	0.05701470839659732	-0.00002003297743705361	NaN	16.994082321848584	690.1671778876831	94.0960928753747	94.38770995966594	93.8044747628106	0.5832346679071546	0.0002824135893832944	43.99626877085366	033
DATA	2026-09-14T210000_AIU-1657.ghg	2026-09-14	21:30:00	257.895	0	18000	18000	0.1051761192051204	1	NaN	103.28289100355988	1	NaN	31.220076572931273	1	NaN	-48.56766645224679	1	NaN	0.7075274908820929	1	NaN	0.00958692280056701	2	NaN	NaN	NaN	NaN	NaN	NaN	NaN	NaN	NaN	NaN	-8.069830258112948e-10	-3.1915637989831825e-11	-3.932092240359398e-12	NaN	17.53656553543588	443.10512087500933	451.00882991763535	0.1	1	693.5594173759127	17.524510648870123	17.837097045997638	0.1	1	0.08544838126566248	2.0827187774006597	2.1198684343526772	-0.6	0	NaN	NaN	NaN	NaN	9	302.83278998565675	294.8516792389178	97945.33431201092	1.149609332375798	1015.2150336890799	0.02502821475276491	0.04584778140915961	0.012617427588137596	1716.9044721054534	2588.463205456711	0.01097540462903363	66.32910479415222	871.5587333512576	288.26739810189514	0.09585556347829399	0.19050023929008897	0.20823130011333596	0.2980585589547688	-7.222940290460349e-14	-4.60171647738342e-14	0.2980585589547688	2.502298113209996	97.71054289263867	63.28945710736133	44.31682883627684	NaN	0.3024707831082193	0.24795602153083107	-23.06001659370796	-0.08686463827378839	3.3082202973553625	0.29257460951198555	0	14.40312783609457	-2.185730216750175	4.9441277015813005	12.311577043916056	18.775931805806618	26.333511326397474	39.452398560979255	0.10240433580407181	1.0270670512072047	102.75482920693786	1.0291130709752339	28.40141016838145	1.0992438892237741	-44.18279412637228	1.0992438892237741	0.6436492372786444	1.0992438892237741	-0.02027999073292739	1.3262234099466643	NaN	NaN	800000009	800000009	800000009	800000019	800000019	810000019	899999999	899999999	89999	89999	89	89	18	2	0	17	4	0	1	NaN	0	0	0	0	0	0	0	0	0	NaN	NaN	NaN	NaN	0	0	0	0	0	0	301	0	0	18000	0	16	18000	18000	18000	18000	93	NaN	0.1634978303010267	0.16745317138262067	0.16496104137801484	0.3029878487989324	90.54188082924858	0.6234809347964196	2.31131927364833e-7	NaN	0.08804281517727383	-1.125546400583395	0.01639681456507986	-0.00002027999073292739	NaN	17.53831251404902	693.6286525432837	94.11245223871867	94.36405553097197	93.86084770075482	0.5032047979434359	0.00028098350681021755	44.80382541628644	216
DATA	2026-09-14T213000_AIU-1657.ghg	2026-09-14	22:00:00	257.916	0	18000	18000	0.02686484266539032	2	NaN	-6.404677405371474	2	NaN	103.65094676887614	0	NaN	8.891175576712069	0	NaN	2.347362660770806	0	NaN	0.0017253125392425888	2	NaN	NaN	NaN	NaN	NaN	NaN	NaN	NaN	NaN	NaN	-4.964779555297703e-10	-1.894307100352982e-11	-2.4203941741039367e-12	NaN	17.652125821570767	444.577562086535	452.24897840033645	0	0	673.5152469044648	16.962816236614216	17.255518424720258	0.4	0	0.08605639389061984	2.090193020631214	2.1262603848099375	-0.1	0	NaN	NaN	NaN	NaN	9	302.2447999538846	294.1319179223468	97989.19005620021	1.1531850221301188	1014.8825138125959	0.024955944264911895	0.15210910041794823	0.012248382612829649	1662.61848430886	2476.7755961627863	0.010621350761393788	67.12834569610254	814.1571118539264	287.7687674052887	-0.5786563708226634	-1.7724899112562726	0.7283856993297768	2.00177656295288	9.109333327362569e-14	-2.8125675091386328e-14	2.00177656295288	4.055195430955773	269.0800614208624	251.91993857913758	21.338034413338317	NaN	0.15263096647130175	0.5246571567817856	47.79228557365584	0.041912622004923586	-0.06179082396278355	-0.03585418399179716	1	21.131488579677033	9	19	38	69	143	558	0.026561705211314613	1.0114125750460696	-0.3492474322697869	1.0249078280722121	92.44183971653665	1.121255776461298	7.929658658948244	1.121255776461298	2.0935122119763983	1.121255776461298	-0.0024402138023507667	1.3829187966572039	NaN	NaN	800000009	800000009	800000009	800000019	800000019	800000019	899999999	899999999	89999	89999	89	89	6	0	0	9	12	0	5	NaN	0	0	0	0	0	0	0	0	0	NaN	NaN	NaN	NaN	0	0	0	0	0	0	301	0	0	12002	0	16	18000	18000	18000	18000	93	NaN	0.8994116993215503	0.10344228491311117	0.04646032932890961	0.1864928374876994	20.787678914801276	0.6087672335143394	2.2412564166135117e-7	NaN	-0.0002984134949062573	0.20130778242243375	0.05314734454448141	-0.0000024402138023507668	NaN	17.65347463713754	673.5469897003737	94.1472585758633	94.36533150609334	93.92918486658732	0.4361465770337359	0.0002798948093954499	45.59350874962798	137
DATA	2026-09-14T220000_AIU-1657.ghg	2026-09-14	22:30:00	257.937	0	18000	18000	0.2708262281339005	1	NaN	42.56867440480464	1	NaN	159.23957250899244	1	NaN	-8.463298299473376	2	NaN	3.604120763017563	1	NaN	0.02113151267263179	1	NaN	NaN	NaN	NaN	NaN	NaN	NaN	NaN	NaN	NaN	8.006676795063895e-10	3.099733377871582e-11	3.891636432893506e-12	NaN	17.708055193844697	444.7938808842243	452.5873945240338	0.1	1	685.5559571905337	17.219908760396816	17.52162962385303	0.1	1	0.08606980712714678	2.0849047851008553	2.1214357145463913	-1.3	0	NaN	NaN	NaN	NaN	9	301.73291957092283	293.5161146146583	98030.42694502514	1.1559776299430993	1015.0141345678617	0.024893219921145203	0.23354702544353806	0.012465352500077763	1688.527815987161	2384.588301861963	0.010783385575282581	70.81003520266809	696.060485874802	288.0085079657088	-0.8399766199282441	-0.5756185505299906	0.6166123517045332	1.1904235506806558	-8.260986923357498e-14	4.521488501937247e-14	1.1904235506806558	4.033002276819544	306.57796793147327	214.42203206852668	31.19666891952911	NaN	0.48402817866024883	0.7357258272767153	-229.39988754058098	-0.00873191360935454	0.2673247217013267	0.07495454303145972	0	23.83859827793296	-3.61759925857709	8.18301937287775	20.37687526331897	31.076020480135764	43.58456058302982	65.29761390016935	0.26746453541418286	1.0125687419250253	51.201801309379185	1.0216054759438276	145.2307163054154	1.0964593204519963	-7.71875266287538	1.0964593204519963	3.287053788308194	1.0964593204519963	-0.002861403230311362	1.3056428412676582	NaN	NaN	800000009	800000009	800000009	800000019	800000019	800000019	899999999	899999999	89999	89999	89	89	14	1	0	13	0	0	8	NaN	0	0	0	0	0	0	0	0	0	NaN	NaN	NaN	NaN	0	0	0	0	0	0	301	0	0	18000	0	26	18000	18000	18000	18000	93	NaN	0.37040902982270657	0.981176608935565	0.11986601579515903	0.10744674019921646	8.479505249981125	0.37117583535276505	1.1820078964943047e-7	NaN	0.043637887674531146	-0.1955122131074337	0.08325945769013751	-0.000002861403230311362	NaN	17.70938057228951	685.5936889309331	94.13243300120035	94.32598559485541	93.93887824715509	0.38711098271773864	0.00027902950907850437	44.101780869801864	208
DATA	2026-09-14T223000_AIU-1657.ghg	2026-09-14	23:00:00	257.958	0	18000	18000	0.2106620600505193	1	NaN	62.36045632550129	1	NaN	158.73093616908542	1	NaN	1.9927782564498735	2	NaN	3.590845954968328	1	NaN	0.023309412034007475	1	NaN	NaN	NaN	NaN	NaN	NaN	NaN	NaN	NaN	NaN	1.4616449876659075e-9	5.532580202832746e-11	6.986956665858299e-12	NaN	18.043018196860327	452.3156397318764	460.1946005396027	0.1	0	682.9595840143749	17.12093274994492	17.419165104255057	0.1	1	0.08624925158062463	2.0843502421857054	2.1206578831894323	0.1	0	NaN	NaN	NaN	NaN	9	301.29950008053254	293.00827737622114	98061.7648414988	1.1583949659617416	1014.947547646258	0.024842208602337743	0.23268681788194762	0.012419153964076201	1679.3592307268825	2310.836677050847	0.010721001324246405	72.67321171611863	631.4774463239644	287.92404240191445	-0.2778179804076458	-1.103703937507804	0.5269905079905169	1.2542185644537338	-3.004817614068908e-14	8.100889616795093e-14	1.2542185644537338	3.296065985574908	265.1286464123357	255.87135358766432	24.845597330016737	NaN	0.42644677325378094	0.5844124987983303	-107.1133452443098	-0.01870075101688985	0.39286895063148164	0.12437817833648047	0	22.078896733074536	-3.3505577601728147	7.578970776388377	18.872708849581365	28.782071791987953	40.367264931006126	60.47751874541094	0.20808174010359934	1.0124005111915888	70.6191973498888	1.0217079808029916	144.66753200235044	1.0972118897176355	1.8162200711867145	1.0972118897176355	3.272700550020855	1.0972118897176355	-0.006193849866700293	1.3054552926823224	NaN	NaN	800000009	800000009	800000009	800000019	800000019	810001019	899999999	899999999	89999	89999	89	89	16	2	0	19	4	0	4	NaN	0	0	0	0	0	0	0	0	0	NaN	NaN	NaN	NaN	0	0	0	0	0	0	301	0	0	18000	0	16	18000	18000	18000	18000	93	NaN	0.9278213629940072	0.12829873118556645	0.11270490341708703	0.106193748417996	34.191821608795024	0.3387221124062175	5.2989825134206025e-8	NaN	0.060065143229969725	0.0459050662477104	0.08271769370958627	-0.000006193849866700292	NaN	18.044407666673326	682.9951142881689	94.1351213807	94.31229939036899	93.95793874698215	0.3543624005524666	0.00027844293570120104	43.915109342062834	000
DATA	2026-09-14T230000_AIU-1657.ghg	2026-09-14	23:30:00	257.979	0	18000	18000	0.187041185770562	1	NaN	62.96513569693312	1	NaN	211.3787795420407	1	NaN	6.645406223263231	2	NaN	4.7782547660317265	1	NaN	0.029805323095001893	2	NaN	NaN	NaN	NaN	NaN	NaN	NaN	NaN	NaN	NaN	5.18965304343386e-10	1.9077111924213054e-11	2.475125353129892e-12	NaN	18.187914969143485	454.8365272444201	462.57058935123	0	0	668.5859085963813	16.719744585701353	17.00404792391219	0.1	1	0.0867444684335022	2.088588334623297	2.1241027907585557	0.2	0	NaN	NaN	NaN	NaN	9	300.56415881686746	292.22797633168443	98078.06100318168	1.1618584838052004	1014.704896540188	0.024771935439698467	0.30963090883885586	0.012162545931464019	1640.2799991896197	2201.4050268978726	0.010468181883589204	74.51059569447034	561.1250277082529	287.55941781792944	-0.6273749527000431	-1.600790571014114	0.6532547682569595	1.8392584309370994	-3.3313956112242714e-14	2.853352378344803e-14	1.8392584309370994	4.913599519818912	272.4009924802265	248.59900751977358	20.804041974178386	NaN	0.40122871489201306	0.4164332281569277	-88.3584802832454	-0.02267014997970522	0.29787822520949936	0.13311136815031993	0	21.477658515892433	-3.259317541123543	7.372585152470633	18.358779464463073	27.99829705268682	39.268009714902945	58.83063412116166	0.18483606553163026	1.011930140541508	74.02220876100343	1.02357310368307	191.16373766292818	1.10574726214423	6.009878071392798	1.10574726214423	4.321290162424537	1.10574726214423	-0.004120715579574695	1.305608387782314	NaN	NaN	800000009	800000009	800000009	800000019	800000019	810000019	899999999	899999999	89999	89999	89	89	27	0	0	15	14	0	3	NaN	0	0	0	0	0	0	0	0	0	NaN	NaN	NaN	NaN	0	0	0	0	0	0	301	0	0	18000	0	16	18000	18000	18000	18000	93	NaN	0.5427072334998188	0.1832603200761484	0.10689890273788828	0.151251385413179	13.305330007324558	0.3140167200939865	1.4894459701945e-7	NaN	0.06278690134462077	0.15140850211970422	0.10886744505378662	-0.000004120715579574695	NaN	18.189379682858256	668.6262268493662	94.15327025858561	94.3073761121962	93.99916238064236	0.30821305280757894	0.0002776571042017571	44.48062242893644	198
