DATAH	filename	date	time	DOY	daytime	file_records	used_records	Tau	qc_Tau	rand_err_Tau	H	qc_H	rand_err_H	LE	qc_LE	rand_err_LE	co2_flux	qc_co2_flux	rand_err_co2_flux	h2o_flux	qc_h2o_flux	rand_err_h2o_flux	ch4_flux	qc_ch4_flux	rand_err_ch4_flux	none_flux	qc_none_flux	rand_err_none_flux	H_strg	LE_strg	co2_strg	h2o_strg	ch4_strg	none_strg	co2_v-adv	h2o_v-adv	ch4_v-adv	none_v-adv	co2_molar_density	co2_mole_fraction	co2_mixing_ratio	co2_time_lag	co2_def_timelag	h2o_molar_density	h2o_mole_fraction	h2o_mixing_ratio	h2o_time_lag	h2o_def_timelag	ch4_molar_density	ch4_mole_fraction	ch4_mixing_ratio	ch4_time_lag	ch4_def_timelag	none_molar_density	none_mole_fraction	none_mixing_ratio	none_time_lag	none_def_timelag	sonic_temperature	air_temperature	air_pressure	air_density	air_heat_capacity	air_molar_volume	ET	water_vapor_density	e	es	specific_humidity	RH	VPD	Tdew	u_unrot	v_unrot	w_unrot	u_rot	v_rot	w_rot	wind_speed	max_wind_speed	wind_dir	yaw	pitch	roll	u*	TKE	L	(z-d)/L	bowen_ratio	T*	model	x_peak	x_offset	x_10%	x_30%	x_50%	x_70%	x_90%	un_Tau	Tau_scf	un_H	H_scf	un_LE	LE_scf	un_co2_flux	co2_scf	un_h2o_flux	h2o_scf	un_ch4_flux	ch4_scf	un_none_flux	un_none_scf	spikes_hf	amplitude_resolution_hf	drop_out_hf	absolute_limits_hf	skewness_kurtosis_hf	skewness_kurtosis_sf	discontinuities_hf	discontinuities_sf	timelag_hf	timelag_sf	attack_angle_hf	non_steady_wind_hf	u_spikes	v_spikes	w_spikes	ts_spikes	co2_spikes	h2o_spikes	ch4_spikes	none_spikes	head_detect_LI-7200	t_out_LI-7200	t_in_LI-7200	aux_in_LI-7200	delta_p_LI-7200	chopper_LI-7200	detector_LI-7200	pll_LI-7200	sync_LI-7200	chopper_LI-7500	detector_LI-7500	pll_LI-7500	sync_LI-7500	not_ready_LI-7700	no_signal_LI-7700	re_unlocked_LI-7700	bad_temp_LI-7700	laser_temp_unregulated_LI-7700	block_temp_unregulated_LI-7700	motor_spinning_LI-7700	pump_on_LI-7700	top_heater_on_LI-7700	bottom_heater_on_LI-7700	calibrating_LI-7700	motor_failure_LI-7700	bad_aux_tc1_LI-7700	bad_aux_tc2_LI-7700	bad_aux_tc3_LI-7700	box_connected_LI-7700	mean_value_RSSI_LI-7200	mean_value_LI-7500	u_var	v_var	w_var	ts_var	co2_var	h2o_var	ch4_var	none_var	w/ts_cov	w/co2_cov	w/h2o_cov	w/ch4_cov	w/none_cov	co2_mean	h2o_mean	avg_signal_strength_7200_mean	co2_signal_strength_7200_mean	h2o_signal_strength_7200_mean	delta_signal_strength_7200_mean	flowrate_mean	rssi_77_mean	CHK
DATAU		[yyyy-mm-dd]	[HH:MM]	[ddd.ddd]	[1=daytime]	[#]	[#]	[kg+1m-1s-2]	[#]	[kg+1m-1s-2]	[W+1m-2]	[#]	[W+1m-2]	[W+1m-2]	[#]	[W+1m-2]	[µmol+1s-1m-2]	[#]	[µmol+1s-1m-2]	[mmol+1s-1m-2]	[#]	[mmol+1s-1m-2]	[µmol+1s-1m-2]	[#]	[µmol+1s-1m-2]	[µmol+1s-1m-2]	[#]	[µmol+1s-1m-2]	[W+1m-2]	[W+1m-2]	[µmol+1s-1m-2]	[mmol+1s-1m-2]	[µmol+1s-1m-2]	[µmol+1s-1m-2]	[µmol+1s-1m-2]	[mmol+1s-1m-2]	[µmol+1s-1m-2]	[µmol+1s-1m-2]	[mmol+1m-3]	[µmol+1mol_a-1]	[µmol+1mol_d-1]	[s]	[1=default]	[mmol+1m-3]	[mmol+1mol_a-1]	[mmol+1mol_d-1]	[s]	[1=default]	[mmol+1m-3]	[µmol+1mol_a-1]	[µmol+1mol_d-1]	[s]	[1=default]	[mmol+1m-3]	[µmol+1mol_a-1]	[µmol+1mol_d-1]	[s]	[1=default]	[K]	[K]	[Pa]	[kg+1m-3]	[J+1kg-1K-1]	[m+3mol-1]	[mm]	[kg+1m-3]	[Pa]	[Pa]	[kg+1kg-1]	[%]	[Pa]	[K]	[m+1s-1]	[m+1s-1]	[m+1s-1]	[m+1s-1]	[m+1s-1]	[m+1s-1]	[m+1s-1]	[m+1s-1]	[deg_from_north]	[deg]	[deg]	[deg]	[m+1s-1]	[m+2s-2]	[m]	[#]	[#]	[K]	[0=KJ/1=KM/2=HS]	[m]	[m]	[m]	[m]	[m]	[m]	[m]	[kg+1m-1s-2]	[#]	[W+1m-2]	[#]	[W+1m-2]	[#]	[µmol+1s-1m-2]	[#]	[mmol+1s-1m-2]	[#]	[µmol+1s-1m-2]	[#]	[µmol+1s-1m-2]	[#]	8u/v/w/ts/co2/h2o/ch4/none	8u/v/w/ts/co2/h2o/ch4/none	8u/v/w/ts/co2/h2o/ch4/none	8u/v/w/ts/co2/h2o/ch4/none	8u/v/w/ts/co2/h2o/ch4/none	8u/v/w/ts/co2/h2o/ch4/none	8u/v/w/ts/co2/h2o/ch4/none	8u/v/w/ts/co2/h2o/ch4/none	8co2/h2o/ch4/none	8co2/h2o/ch4/none	8aa	8U	[#]	[#]	[#]	[#]	[#]	[#]	[#]	[#]	[#_flagged_recs]	[#_flagged_recs]	[#_flagged_recs]	[#_flagged_recs]	[#_flagged_recs]	[#_flagged_recs]	[#_flagged_recs]	[#_flagged_recs]	[#_flagged_recs]	[#_flagged_recs]	[#_flagged_recs]	[#_flagged_recs]	[#_flagged_recs]	[#_flagged_recs]	[#_flagged_recs]	[#_flagged_recs]	[#_flagged_recs]	[#_flagged_recs]	[#_flagged_recs]	[#_flagged_recs]	[#_flagged_recs]	[#_flagged_recs]	[#_flagged_recs]	[#_flagged_recs]	[#_flagged_recs]	[#_flagged_recs]	[#_flagged_recs]	[#_flagged_recs]	[#_flagged_recs]	[#]	[#]	[m+2s-2]	[m+2s-2]	[m+2s-2]	[K+2]	--	--	--	--	[m+1s-1K+1]	--	--	--	--	--	--	--	--	--	--	--	--	241
DATA	2026-08-28T233000_AIU-1657.ghg	2026-08-29	00:00:00	241	0	18000	18000	0.04446739385334379	1	NaN	5.334372606153394	2	NaN	22.096806253780947	0	NaN	9.534695646068073	0	NaN	0.5002689459355983	0	NaN	0.004173692181515081	1	NaN	NaN	NaN	NaN	NaN	NaN	NaN	NaN	NaN	NaN	-1.5890617908161915e-11	-7.195239101295653e-13	-7.240572895459814e-14	NaN	18.24589793839686	459.42968867209254	469.1901968780027	0.1	1	826.1705054098084	20.802881796884783	21.24483560067998	0.1	1	0.08313758145189948	2.020070621458557	2.0629866897132074	0	1	NaN	NaN	NaN	NaN	9	302.4460991592407	293.81551802741154	97705.31746484376	1.1494002872953375	1017.0520239276799	0.02500152786217454	0.03241742769662677	0.014993801117648645	2033.0973807515554	2429.0277713547084	0.01304489069941915	83.70004677293845	395.930390603153	290.92316202021993	-0.5294712174756196	-2.180084864551007	0.5377636922608422	2.30701096128593	-4.795731473787401e-14	-8.709145453851045e-16	2.30701096128593	4.2234502325320005	264.65096601856794	256.349033981432	13.47963632528054	NaN	0.19669131680636934	0.19610257263879863	-122.62864954313993	-0.016334682045856853	0.24140921293730574	0.023199770585026168	1	20.402380508020606	9	17	32	54	102	316	0.04392561336907846	1.0123340448251252	6.513432509464298	1.0257704361925577	19.8392563630695	1.1137920620308053	8.560570658658872	1.1137920620308053	0.4491582971272441	1.1137920620308053	0.0008008300360039262	1.3072844598018327	NaN	NaN	800000009	800000009	800000009	800000009	800000019	800001019	899999999	899999999	89999	89999	89	89	19	14	0	26	20	0	9	NaN	0	0	0	0	0	0	0	0	0	NaN	NaN	NaN	NaN	0	0	0	0	0	0	0	0	0	0	0	0	18000	18000	18000	18000	93	NaN	0.14338501470558643	0.1690145115927212	0.07980561897928963	0.060441383386448354	25.541155141800143	0.039463745350386076	3.3900851571320536e-8	NaN	0.005571799085318938	0.21857556721204172	0.011468280968311356	8.008300360039261e-7	NaN	18.247229154722326	826.2309435485125	95.77782466083103	96.09234993871053	95.4633021045261	0.6290510675907138	0.0002800641973832777	69.89999939858471	126
DATA	2026-08-29T000000_AIU-1657.ghg	2026-08-29	00:30:00	241.02	0	18000	18000	0.1329918277501779	1	NaN	14.370330356254225	0	NaN	26.41898737921946	0	NaN	11.290737029238949	0	NaN	0.5979645833569776	0	NaN	0.010679208219494443	1	NaN	NaN	NaN	NaN	NaN	NaN	NaN	NaN	NaN	NaN	1.291733363213993e-10	5.824995862628887e-12	5.827829985858639e-13	NaN	18.476020284541598	464.80089286701616	474.75165127073274	0.1	0	833.1653016031377	20.959923735035197	21.408647350777763	0.1	1	0.08335706741031673	2.0230179312682774	2.0663280087431	0	1	NaN	NaN	NaN	NaN	9	302.1877938317193	293.54223011440706	97726.81560329862	1.1506546435076366	1017.1365134971176	0.024972778311716574	0.03874810500153214	0.01512438173527324	2048.8960492054184	2388.4360192569357	0.013144153913261347	85.78400395430516	339.53997005151723	291.0460965111138	-0.23783461304350376	-2.3585067990731807	0.38512821957998433	2.401550201422572	3.771377166837007e-14	6.991404768562377e-15	2.401550201422572	5.05097024878477	256.758308133087	264.2416918669131	9.22817028860768	NaN	0.33996951849190626	0.4263393601117297	-235.09923782377854	-0.008520231790378868	0.5439394837501449	0.03611624018353801	0	14.785545698383705	-2.2437636027301067	5.075399378680842	12.63846208084141	19.274452112324294	27.032693144583593	40.4999003322306	0.1313545709680676	1.012464406606058	15.621570109220835	1.026259937689525	23.68377459368268	1.1154888877496054	10.121783509665395	1.1154888877496054	0.5360560646761038	1.1154888877496054	0.00343359468433204	1.307734533907626	NaN	NaN	800000009	800000009	800000009	800000009	800001019	800011019	899999999	899999999	89999	89999	89	89	12	10	0	53	29	3	4	NaN	0	0	0	0	0	0	0	0	0	NaN	NaN	NaN	NaN	0	0	0	0	0	0	0	0	0	0	0	0	18000	18000	18000	18000	93	NaN	0.355846220191019	0.30164898631379894	0.19518351371864145	0.0284200779918442	5.774623453596636	0.020532192856680124	5.999418243866568e-8	NaN	0.01334751577502219	0.2581819819278197	0.013673481266453128	0.00000343359468433204	NaN	18.47731977786295	833.2253929285275	95.73893583975897	96.04180391311647	95.43606430223252	0.6057361211942309	0.00027979018374430273	69.07855207167889	181
DATA	2026-08-29T003000_AIU-1657.ghg	2026-08-29	01:00:00	241.041	0	18000	18000	0.11266243012643169	0	NaN	24.984564433616487	0	NaN	5.026709309193554	2	NaN	-8.24432026612788	1	NaN	0.11375841094062349	2	NaN	0.02312009896123896	0	NaN	NaN	NaN	NaN	NaN	NaN	NaN	NaN	NaN	NaN	-3.6064950589449496e-11	-1.6157584128983104e-12	-1.619632359803085e-13	NaN	18.564638214390158	466.7183804920101	476.6856937391492	0	0	831.7208227671726	20.90961272396272	21.35616179639564	0.1	1	0.08337149589457464	2.02200738409955	2.0651897009478866	-0.1	0	NaN	NaN	NaN	NaN	9	302.07183290523955	293.40037137349447	97745.80209743924	1.1514567224645105	1017.1051946281167	0.02495586137978133	0.007371545028952401	0.015098305845173587	2044.3751021720116	2367.600515358528	0.013112351989103037	86.34797504520859	323.22541318651633	291.01100275212264	-0.29173329145386945	-2.1264171911628895	0.4010306445051784	2.183479782834733	6.304065816604068e-15	-1.9426691849827798e-15	2.183479782834733	4.650614478162369	258.8119112295651	262.1880887704349	10.583357794651603	NaN	0.3127992820254708	0.3644012568785526	-105.33645205104077	-0.019016209118467346	4.970361900164228	0.06820128274654892	0	15.144659318466953	-2.298260480046953	5.198671463555301	12.945427002036842	19.74259298547006	27.689267375510504	41.48356817364873	0.11130616331048551	1.0121850109248929	24.82657987413433	1.0251508108900136	4.522037047849162	1.1116028586241748	-7.416605851780405	1.1116028586241748	0.10233727815473746	1.1116028586241748	0.011703608765763726	1.3067443400783854	NaN	NaN	800000009	800000009	800000009	800000009	800000019	800000019	899999999	899999999	89999	89999	89	89	15	7	1	34	6	0	16	NaN	0	0	0	0	0	0	0	0	0	NaN	NaN	NaN	NaN	0	0	0	0	0	0	0	0	0	0	0	0	18000	18000	18000	18000	93	NaN	0.35535755872596375	0.21783431431914582	0.15561064071199565	0.062141319177136375	29.69429345486475	0.05044627800789702	7.986433090737134e-8	NaN	0.02119841563040041	-0.18904163522003367	0.0026084716908199813	0.000011703608765763725	NaN	18.565997929890948	831.7828782269856	95.73127885479397	96.02557293234932	95.43698594029743	0.5885862758258986	0.0002792600261616624	69.52743177388865	056
DATA	2026-08-29T010000_AIU-1657.ghg	2026-08-29	01:30:00	241.062	0	18000	18000	0.06885936108249835	1	NaN	25.331217656405347	1	NaN	56.22576929731917	1	NaN	0.2323893466283192	2	NaN	1.2726861067355852	1	NaN	0.01997297566539485	1	NaN	NaN	NaN	NaN	NaN	NaN	NaN	NaN	NaN	NaN	2.3606965971485453e-10	1.0792709933541272e-11	1.0572976919322048e-12	NaN	18.632110029327972	468.6635397652613	478.92523761187414	0.1	1	851.8289018557365	21.426513035274517	21.895660694562512	0.1	1	0.08344861831728119	2.026159969971236	2.0705240811866314	1.4	0	NaN	NaN	NaN	NaN	9	302.20740250439115	293.6055963083903	97771.55337217882	1.1507282631417304	1017.4043707258642	0.024966739747049587	0.08247005971646591	0.015464805394014427	2095.46539848555	2397.7946402051657	0.013439146225358412	87.39136218547277	302.32924171961577	291.4036903492956	-0.21669349381411496	-1.5581320835097274	0.31512336167984184	1.6043797533626813	1.854219518633074e-14	1.2670044312923649e-14	1.6043797533626813	3.790222973684943	258.9174896113939	262.08251038860607	11.32736349084298	NaN	0.24462177007563893	0.3279375840760366	-49.70571340020939	-0.040299190233361815	0.4505268308994597	0.08844933727106027	0	13.538703909459505	-2.0545505509144517	4.64739894028573	11.572680472804477	17.649067913289194	24.753068694637445	37.08460750424859	0.06804688230474824	1.0119399853487985	28.226478125927102	1.0226656743070457	51.01958925849012	1.1020427666019026	0.21087144135511265	1.1020427666019026	1.1548427568376982	1.1020427666019026	0.006443668088482906	1.3052151007141886	NaN	NaN	800000009	800000009	800000009	800000009	800001019	800011019	899999999	899999999	89999	89999	89	89	18	6	0	41	5	5	9	NaN	0	0	0	0	0	0	0	0	0	NaN	NaN	NaN	NaN	0	0	0	0	0	0	0	0	0	0	0	0	18000	18000	18000	18000	93	NaN	0.29975419360761546	0.2301692699973825	0.1259517045470753	0.040779808918103344	1.5623989334303892	0.03290905130321233	1.6549036458462916e-7	NaN	0.02410961719035307	0.005380079665133938	0.02946414171858686	0.000006443668088482906	NaN	18.63351060141523	851.8902291853675	95.66835851796468	95.96544230100842	95.3712754158444	0.5941691399315953	0.00027947044175460987	69.32277093943135	242
DATA	2026-08-29T013000_AIU-1657.ghg	2026-08-29	02:00:00	241.083	0	18000	18000	0.17386129431354777	1	NaN	50.34082597181385	1	NaN	56.93489046040916	0	NaN	-16.996678690060477	2	NaN	1.2890225192750486	0	NaN	0.05202154162754589	1	NaN	NaN	NaN	NaN	NaN	NaN	NaN	NaN	NaN	NaN	-4.0476268085062726e-10	-1.863350188079408e-11	-1.823234072471639e-12	NaN	18.539109719962845	466.7479779228498	476.9972335075338	0.1	1	853.4594521145073	21.48703360251691	21.958864461064923	0.1	1	0.08350853009395967	2.0297510372043925	2.07432206512007	-1.1	0	NaN	NaN	NaN	NaN	9	302.4617313478258	293.83451670837405	97776.6964188368	1.1498657089872273	1017.4432227676089	0.024984891711301332	0.08352865924902314	0.015497219544737165	2101.494714038527	2431.871964709043	0.013477416904959036	86.41469388747022	330.3772506705159	291.44947700147867	-0.5153945144724031	-1.5844615885069093	0.5605587568325682	1.757946572243792	2.710792663043303e-15	-2.183290821213385e-14	1.757946572243792	4.8071876530865945	269.0186983538381	251.98130164616197	18.594681276811095	NaN	0.3888462301436158	0.5816257139500683	-100.4646513781324	-0.01993835615335648	0.8841823627783981	0.11065859151950443	0	15.840156201395924	-2.4038048152755715	5.437413037217884	13.53992727693722	20.649243415406556	28.96085749485852	43.388641886489744	0.17181443243143868	1.0119132127210901	52.861655259175855	1.023240446969985	51.55123065997018	1.1044331964827259	-15.389503633347475	1.1044331964827259	1.167134891798057	1.1044331964827259	0.025353935612817992	1.3054318470359503	NaN	NaN	800000009	800000009	800000009	800000009	800000019	800000019	899999999	899999999	89999	89999	89	89	6	1	0	43	19	0	3	NaN	0	0	0	0	0	0	0	0	0	NaN	NaN	NaN	NaN	0	0	0	0	0	0	0	0	0	0	0	0	18000	18000	18000	18000	93	NaN	0.4405958574550334	0.5077173235252969	0.21493824691980645	0.04033660536773798	10.949310653000826	0.02164207233274023	7.543481772113975e-7	NaN	0.04518387276275557	-0.39295069131614524	0.02980125113310636	0.00002535393561281799	NaN	18.54055388466515	853.5228272026939	95.72621999782986	96.04197585466173	95.41045773400201	0.6315113982856272	0.0002801219498602829	68.57085571410036	171
DATA	2026-08-29T020000_AIU-1657.ghg	2026-08-29	02:30:00	241.104	0	18000	18000	0.2015702988870777	1	NaN	39.212696815917454	0	NaN	24.34632620411284	0	NaN	-11.283309303198507	1	NaN	0.5511803688969309	0	NaN	0.034953837301652683	1	NaN	NaN	NaN	NaN	NaN	NaN	NaN	NaN	NaN	NaN	-9.689623294205808e-11	-4.427510432493889e-12	-4.394061779933809e-13	NaN	18.402902187029518	463.1913390250561	473.2066389416927	0.1	1	840.8896708085707	21.164749376795445	21.622381665678954	0.1	1	0.08345369751189542	2.0276543017192483	2.071497016917078	-1.4	0	NaN	NaN	NaN	NaN	9	302.4592114376492	293.7828139851888	97788.91134635417	1.150353066683818	1017.258171148544	0.024977375060673712	0.03571648790452112	0.015269370355294121	2070.232969635892	2424.1386345465935	0.013273638152947183	85.40076628179744	353.9056649107015	291.2108126556982	-0.31320059659071875	-1.8546556328186499	0.5323669481362021	1.9548034933257865	4.615038927762243e-14	-5.2652691383835726e-15	1.9548034933257865	5.5670223205756315	260.58525508657067	260.41474491342933	15.803429040529675	NaN	0.4185985239330502	0.4671394431444123	-160.90865375743488	-0.012448677887887963	1.6106206943572958	0.08005098447963793	0	18.507017805682942	-2.808511352544044	6.352860326451568	15.819520465325109	24.12576686138566	33.83673105937928	50.69358898663524	0.1991830052233908	1.0119854284807555	39.96846775003366	1.0240746461419474	21.97978727367069	1.1076688732687143	-10.186536405867965	1.1076688732687143	0.49760391593419595	1.1076688732687143	0.016424094972901225	1.3059231073587783	NaN	NaN	800000009	800000009	800000009	800000009	800000019	800000019	899999999	899999999	89999	89999	89	89	4	2	0	11	11	0	3	NaN	0	0	0	0	0	0	0	0	0	NaN	NaN	NaN	NaN	0	0	0	0	0	0	0	0	0	0	0	0	18000	18000	18000	18000	93	NaN	0.4445736759806561	0.3208902835726264	0.16881492673554208	0.1350596248394508	71.82775405823837	0.06023217864761007	1.0985973430760947e-7	NaN	0.03415506826180242	-0.2599358941454429	0.012697654400382804	0.000016424094972901224	NaN	18.404252777828688	840.9489557145523	95.78548491181267	96.104274140252	95.46669443469577	0.6375771684696278	0.00028002958504657715	69.2973811188274	054
DATA	2026-08-29T023000_AIU-1657.ghg	2026-08-29	03:00:00	241.124	0	18000	18000	0.42853652078883314	1	NaN	53.71067584644938	1	NaN	100.78083312196924	1	NaN	-0.39667738776425643	2	NaN	2.2812220157081406	1	NaN	0.03623157025145947	1	NaN	NaN	NaN	NaN	NaN	NaN	NaN	NaN	NaN	NaN	-7.349702750940874e-10	-3.361336943860013e-11	-3.293354429071741e-12	NaN	18.621714343887106	468.3116105262403	478.5613980660189	0.1	1	851.6515361672646	21.417915404795355	21.886682519489394	0.1	1	0.08344270168408982	2.0260512653186415	2.07039480613088	-1	0	NaN	NaN	NaN	NaN	9	302.35680417463516	293.6144407162136	97801.33641341145	1.1510478956963464	1017.3997140818059	0.02495988858266615	0.14782318661788751	0.015462843150480585	2095.262631080276	2399.1034281105544	0.013433709586103773	87.33523559384132	303.8407970302783	291.4021485252991	-0.7889426066293723	-0.9033717507032516	0.5764460979460692	1.3307144924290797	-8.562238955722174e-14	-3.946845395227287e-14	1.3307144924290797	4.814997339783848	292.1317219969005	228.8682780030995	25.669884548663127	NaN	0.6101649014148329	0.8298388820266596	-363.87481120382154	-0.005504915257456443	0.5329453446911522	0.07516720271779942	0	20.613439782037705	-3.1281690140838743	7.075926827216523	17.620058289053922	26.871700649682403	37.68794224098825	56.46340511924601	0.42335489279629085	1.0122394427954222	58.83714207648019	1.0218649264401896	91.77100134178558	1.098177328877867	-0.36121432971994333	1.098177328877867	2.077280194847152	1.098177328877867	0.009809266431031674	1.3052967048644748	NaN	NaN	800000009	800000009	800000009	800000009	800000019	800000019	899999999	899999999	89999	89999	89	89	43	6	0	27	0	0	14	NaN	0	0	0	0	0	0	0	0	0	NaN	NaN	NaN	NaN	0	0	0	0	0	0	0	0	0	0	0	0	18000	18000	18000	18000	93	NaN	0.44329500530914195	0.9424305298341755	0.27395222891000165	0.055635189484462985	23.654956340699197	0.041690222005472954	3.633888080523677e-8	NaN	0.05024195878498186	-0.009213250985805511	0.05298378892611556	0.000009809266431031675	NaN	18.62309512342835	851.7124562373955	95.71217250823975	96.01052308485244	95.41382404157852	0.5967083398302384	0.00027953099861204267	69.33661494017002	038
DATA	2026-08-29T030000_AIU-1657.ghg	2026-08-29	03:30:00	241.145	0	18000	18000	0.12738296321509832	1	NaN	12.298425048966953	0	NaN	64.99202330887582	1	NaN	-1.2036585172800232	2	NaN	1.4720657239494341	1	NaN	0.02595620404753099	0	NaN	NaN	NaN	NaN	NaN	NaN	NaN	NaN	NaN	NaN	2.439360324452085e-10	1.1430514274542036e-11	1.1177770872203169e-12	NaN	18.170721000300155	457.38303457547386	467.40052796851484	0.1	1	851.4555381206515	21.43235361025485	21.901759872529798	0.1	1	0.08326287588108021	2.0277105926755117	2.0721210231672758	0.3	0	NaN	NaN	NaN	NaN	9	302.91415106031627	294.27528461880166	97808.96068815104	1.1485462356735034	1017.420389590127	0.02501411628451245	0.09538985891192332	0.015439722686233741	2096.8385356282197	2498.679879388932	0.013442839484106569	83.91785410066275	401.84134376071233	291.4141281108858	-0.5494341680337184	-0.30361706063861865	0.36909385274806383	0.7282111621295919	-4.203274767168157e-14	1.3424675467813246e-14	0.7282111621295919	4.144222788611206	312.0749810442328	208.92501895576726	30.45423897074253	NaN	0.33302852378896436	0.652858074302441	-258.40228507030633	-0.007751866433592081	0.18922976117420529	0.03160233313211773	0	17.761542828651077	-2.6953826487185903	6.096962890372273	15.182299667281567	23.153964938152797	32.47376504431561	48.6516175311439	0.12545647347474648	1.0153558416476582	15.95627724905256	1.022107594289402	59.45955528788486	1.0930459031219533	-1.1011966778724833	1.0930459031219533	1.3467556300654218	1.0930459031219533	0.013895320283700788	1.30943067822011	NaN	NaN	800000009	800000009	800000009	800000009	800000019	800000019	899999999	899999999	89999	89999	89	89	5	0	2	4	2	0	6	NaN	0	0	0	0	0	0	0	0	0	NaN	NaN	NaN	NaN	0	0	0	0	0	0	0	0	17997	0	0	0	18000	18000	18000	18000	93	NaN	0.20709089063630856	0.9802072605163964	0.11841799745217699	0.3172334951183807	228.5193818838784	0.1766105486833126	1.9082997762380386e-7	NaN	0.013654715445757125	-0.028148921213826714	0.03442592852552993	0.000013895320283700787	NaN	18.172448063686176	851.5192393874048	95.73878886286418	96.0471898227268	95.43038757578533	0.6168012905981849	0.00028056000973770604	68.8998283068975	089
DATA	2026-08-29T033000_AIU-1657.ghg	2026-08-29	04:00:00	241.166	0	18000	18000	0.3316531988472049	1	NaN	1.9035956192178434	2	NaN	255.82451189565327	1	NaN	37.54479092446827	2	NaN	5.8004596022285	1	NaN	0.015346323782994694	2	NaN	NaN	NaN	NaN	NaN	NaN	NaN	NaN	NaN	NaN	8.245951341033403e-10	4.078593875058679e-11	4.006035061650571e-12	NaN	17.193346876904258	434.34505266575087	443.8811634953228	0.1	1	850.413449748938	21.483477141675202	21.955150107144078	0.1	1	0.08352844634584874	2.0440997435200554	2.088978260223013	0	1	NaN	NaN	NaN	NaN	9	303.78071339162193	295.3532920260959	97822.71152018229	1.1444927442528785	1017.4707031413673	0.025102220453154595	0.37586978222440676	0.015422231887753343	2102.135711319036	2668.8799925791386	0.013475167898789022	78.76471468046734	566.7442812601025	291.4543379601397	-1.0644951335131831	-0.7840053215727697	0.7997680565943721	1.545135326719331	-3.8887842273852655e-14	4.79601289968165e-14	1.545135326719331	4.880114301749944	304.6281916163041	216.371808383696	31.17166202458768	NaN	0.5383138744033584	1.1350394435645226	-7051.640750184966	-0.0002840615497815112	0.007441021210642589	0.0030367159216365862	0	21.62832631257749	-3.282181960550581	7.424304531469688	18.48756803094907	28.194707742648234	39.54347850027235	59.24333655862994	0.3277288956893985	1.0119742360512685	16.941228663054474	1.0224653544166997	232.32304320153204	1.1011585780310846	34.095716705581005	1.1011585780310846	5.267596981898786	1.1011585780310846	-0.0019341167713250592	1.3051793652682797	NaN	NaN	800000009	800000009	800000009	800000009	800000019	800000019	899999999	899999999	89999	89999	89	89	20	13	0	20	29	0	9	NaN	0	0	0	0	0	0	0	0	0	NaN	NaN	NaN	NaN	0	0	0	0	0	0	0	0	18000	0	0	0	18000	18000	18000	18000	93	NaN	0.46607729660200586	1.6149107771304414	0.1890908133965977	0.13381590319838468	97.53547578860477	0.43261130418303273	2.2047846665144276e-8	NaN	0.01454822293659833	0.8746742827096957	0.1351322704705575	-0.0000019341167713250593	NaN	17.19442299595342	850.4550309455927	95.84962046517265	96.21404220750598	95.48519786283707	0.728841237869528	0.0002810527568767106	69.42018833525769	079
DATA	2026-08-29T040000_AIU-1657.ghg	2026-08-29	04:30:00	241.187	0	18000	18000	0.3132235803547815	1	NaN	47.185016778419474	0	NaN	155.7085320592819	1	NaN	-5.503156163530051	1	NaN	3.5301853896186683	1	NaN	0.04054688270813586	0	NaN	NaN	NaN	NaN	NaN	NaN	NaN	NaN	NaN	NaN	1.2156476851912106e-10	5.973464028345994e-12	5.926891471538834e-13	NaN	17.220653538324243	435.1381964724135	444.6455508870635	0.1	1	846.1905180990739	21.38187236031688	21.849045870310572	0.1	1	0.08395931307561788	2.053752741656702	2.0986252795154354	0.5	0	NaN	NaN	NaN	NaN	9	303.66173975287546	295.26970690833195	97844.27933094618	1.145113489064128	1017.4111458812199	0.025089584797620815	0.2287560132472897	0.015357023627236132	2092.655073881335	2655.3302545200345	0.013410918458210666	78.80959704801744	562.6751806386997	291.38230923776706	-1.1247000094143154	-1.2712462709858787	0.8538122780561495	1.9000033154791027	7.591528152060016e-14	7.059242452592228e-15	1.9000033154791027	5.429090923615079	292.49990686232263	228.5000931376773	26.70353388350065	NaN	0.523001530154579	0.7874769824612999	-260.9291981434348	-0.007676795139265635	0.30303424066996554	0.07743835747640808	0	19.602051112494955	-2.9746868815183025	6.728749825453019	16.755538466129426	25.553253371799375	35.838801187192274	53.69305486304233	0.309523229119057	1.0119550033328877	55.52284759297403	1.0238328202769997	140.68944140219057	1.1067535026609145	-4.972341312043808	1.1067535026609145	3.1896762749168732	1.1067535026609145	0.01166073722264301	1.305764453504596	NaN	NaN	800000009	800000009	800000009	800000009	800000019	800000019	899999999	899999999	89999	89999	89	89	17	2	0	21	17	0	13	NaN	0	0	0	0	0	0	0	0	0	NaN	NaN	NaN	NaN	0	0	0	0	0	0	0	0	18000	0	0	0	18000	18000	18000	18000	93	NaN	0.3389193709247194	1.007785694531941	0.2282488994659396	0.04534784940424436	12.81602808949743	0.11952314597783677	7.584997994715274e-8	NaN	0.04765700108524562	-0.12748048153517233	0.08177666052063146	0.000011660737222643011	NaN	17.221899556059185	846.2475142255071	95.86947731950548	96.24505551804437	95.49390121502347	0.7511620228274002	0.0002809042108856374	69.1948885190158	049
DATA	2026-08-29T043000_AIU-1657.ghg	2026-08-29	05:00:00	241.208	0	18000	18000	0.06024448258245031	1	NaN	37.897472515878725	0	NaN	79.13492617943382	0	NaN	2.384089279298983	1	NaN	1.7935370843756229	0	NaN	0.008569176315153597	0	NaN	NaN	NaN	NaN	NaN	NaN	NaN	NaN	NaN	NaN	1.1881208398437835e-10	5.8663781133617405e-12	5.695570645228403e-13	NaN	17.500772614419073	441.7233064100377	451.57218852314156	0.1	1	864.1052828064807	21.81020524163467	22.296496404383646	0.1	1	0.08389456983568114	2.0493738310497114	2.095067687304949	0	0	NaN	NaN	NaN	NaN	9	303.49769350263807	294.9297191522561	97864.77000061655	1.146486400182146	1017.6489790679763	0.02505544829887619	0.11622120306754036	0.0156860057142075	2135.023263449343	2600.8334157564445	0.013681807051278947	82.08996587458786	465.81015230710136	291.702010913235	-1.4989137578954133	-0.024506228535598563	0.9638556551641092	1.78223475805994	-2.139959613798342e-14	6.7889622133875275e-15	1.78223475805994	3.6049640470727256	340.0633361167611	180.93666388323916	32.73899772736703	NaN	0.22923144161989592	0.37418481501516637	-27.360608225866024	-0.07321109178071268	0.47889692131573386	0.14169977229306552	0	14.83026204631188	-2.2505494810449815	5.090749053905635	12.676684942493768	19.332744388061798	27.114448890143994	40.62238533692748	0.059535055762999924	1.0119161191731223	41.933602281830595	1.0233379411148253	71.62650815846321	1.1048273636955652	2.1578839895170425	1.1048273636955652	1.6233641049370597	1.1048273636955652	-0.007022542778993852	1.3054794068135906	NaN	NaN	800000009	800000009	800000009	800000019	800000019	800000019	899999999	899999999	89999	89999	89	89	45	3	2	20	0	0	5	NaN	0	0	0	0	0	0	0	0	0	NaN	NaN	NaN	NaN	0	7	0	0	0	0	0	0	18000	0	0	0	18000	18000	18000	18000	93	NaN	0.11219881249020745	0.5480998281226754	0.08807098941744985	0.060332601875957174	53.25937899882661	0.23098704807753534	2.44380710267895e-8	NaN	0.03594142261717384	0.055272580421862394	0.041581254358433	-0.000007022542778993852	NaN	17.502004239802773	864.1585488948067	95.82078012296888	96.18286487960816	95.45869357681275	0.7241735365291407	0.00028060135208458344	69.21300768380686	121
DATA	2026-08-29T050000_AIU-1657.ghg	2026-08-29	05:30:00	241.229	0	18000	18000	0.15229593485239315	1	NaN	21.351090040468208	0	NaN	78.35310884554734	1	NaN	9.728696996692976	1	NaN	1.7758623270878044	1	NaN	0.031580539640405886	0	NaN	NaN	NaN	NaN	NaN	NaN	NaN	NaN	NaN	NaN	-1.0110901948626293e-9	-4.9371946589349926e-11	-4.904866592102949e-12	NaN	17.388504244120192	438.81988940817644	448.42870956074097	0.1	0	849.0877541602769	21.427754172958302	21.89695677997551	0.1	1	0.08435280451435202	2.060442546781911	2.105559968176417	0.4	0	NaN	NaN	NaN	NaN	9	303.4345479931302	294.9556536153158	97889.13173198784	1.1468381722122194	1017.4312084814939	0.025051415420373934	0.11507587879528972	0.015413425961494363	2098.1068949983555	2604.955745180383	0.013439931051267928	80.54289977402551	506.8488501820275	291.423764090043	-1.4094890428364542	-0.8821762628673887	0.9437622676076427	1.9119575148005887	2.814619788952488e-15	-5.814704822610161e-14	1.9119575148005887	4.308610467500854	308.95822018947695	212.04177981052305	29.57816552126344	NaN	0.36441234894572266	0.5182282292048652	-195.12827278320964	-0.010265554916408619	0.27249831378811395	0.050213416496021644	0	17.054037344615395	-2.588015961942549	5.8540991525475325	14.57753462077065	22.231660083842055	31.180219372197648	46.713650399427955	0.1504958662175742	1.0119609174661088	25.580086397112108	1.0238849839620676	70.78298329785771	1.106948382153296	8.788753977640933	1.106948382153296	1.6042864831992445	1.106948382153296	0.015219578367476483	1.305797600809843	NaN	NaN	800000009	800000009	800000009	800000009	800000019	800000019	899999999	899999999	89999	89999	89	89	32	4	0	18	7	0	27	NaN	0	0	0	0	0	0	0	0	0	NaN	NaN	NaN	NaN	0	0	0	0	0	0	0	0	18000	0	0	0	18000	18000	18000	18000	93	NaN	0.27566246756057855	0.6038391504970505	0.15695484035210147	0.05416081466222154	14.813476686869096	0.10321600135553755	1.3392564330438752e-7	NaN	0.02192273893462536	0.22499311733857622	0.04106991933980908	0.000015219578367476483	NaN	17.389789795781475	849.1477212092558	95.86595351960923	96.23109665468003	95.50080720096165	0.7302858256664525	0.0002801157306627526	69.27766780662537	111
DATA	2026-08-29T053000_AIU-1657.ghg	2026-08-29	06:00:00	241.249	1	18000	18000	0.10715426868605463	1	NaN	42.04587485988138	0	NaN	80.22321729128181	0	NaN	1.3323115799834278	0	NaN	1.8187791274536123	0	NaN	0.017296258209007546	0	NaN	NaN	NaN	NaN	NaN	NaN	NaN	NaN	NaN	NaN	-3.093796924103766e-10	-1.507592899996027e-11	-1.5219772149805591e-12	NaN	17.16467241275889	433.4771660654649	442.83115107102566	0.2	0	836.4265300874367	21.123141366494394	21.578956719828803	0.1	1	0.08444070815149664	2.0650877386086597	2.1096501775427448	0.9	0	NaN	NaN	NaN	NaN	9	303.7150096054077	295.2573020545112	97916.55630750868	1.1461205556599992	1017.2636216773677	0.025070011669650224	0.11785688745899407	0.015183040955933988	2068.8600619952676	2653.3244715910637	0.013247333259100968	77.97237330550371	584.464409595796	291.2002590552025	-1.9000398514139833	-1.1306862527168662	1.2259017757623614	2.528129348522579	3.802217845921624e-14	-1.8024211879535065e-14	2.528129348522579	4.458855687098417	310.243734685538	210.756265314462	29.00622808797102	NaN	0.3057662785200419	0.3899038905569686	-58.54261451717884	-0.03421610080998701	0.5241110526297813	0.11794240795684291	0	15.552951278330005	-2.3602203601566334	5.338824881067367	13.294428828408776	20.274842791379335	28.435755296181913	42.60194310672355	0.1058147863307398	1.0126587446023665	45.8730546054809	1.0269334923696614	71.76902131829716	1.1177972865965402	1.191908046261267	1.1177972865965402	1.627109986097225	1.1177972865965402	-0.0013729370016835444	1.308389975548654	NaN	NaN	800000009	800000009	800000009	800000009	800000019	800000019	899999999	899999999	89999	89999	89	89	35	10	0	23	8	0	5	NaN	0	0	0	0	0	0	0	0	0	NaN	NaN	NaN	NaN	0	0	0	0	0	0	0	0	18000	0	0	0	18000	18000	18000	18000	93	NaN	0.22967678592026156	0.4110064644148607	0.13912453077881487	0.04825823362129997	0.8463548594172633	0.1075056679768977	1.4122494883996554e-8	NaN	0.03934538908068771	0.03052612933713193	0.041672149153740394	-0.0000013729370016835445	NaN	17.165938616765924	836.4838037436267	95.91101419364081	96.28755212953355	95.5344772283766	0.7530786324557335	0.0002813419078382948	69.47104123814901	206
DATA	2026-08-29T060000_AIU-1657.ghg	2026-08-29	06:30:00	241.27	1	18000	18000	0.13472269716155721	1	NaN	42.37630384774035	0	NaN	100.33869565590933	0	NaN	1.5784420206277276	2	NaN	2.2749065760045983	0	NaN	0.024768455166727498	1	NaN	NaN	NaN	NaN	NaN	NaN	NaN	NaN	NaN	NaN	1.406122667409419e-10	6.822243106730964e-12	6.928265174379246e-13	NaN	17.15428290173011	433.2768051240761	442.5806365132604	0.1	1	832.2935899529552	21.0217768732084	21.473181299238952	0.1	1	0.08452279703197534	2.067308631525067	2.111700324571286	-0.2	0	NaN	NaN	NaN	NaN	9	303.714581553989	295.293516430325	97942.23043663194	1.1463247672365544	1017.2066797455266	0.025066514052792973	0.14741394612509798	0.0151122898440489	2059.4719981212493	2659.1838094994455	0.01318325336412307	77.44752321235426	599.7118113781962	291.1279275215569	-1.9392842808134985	-0.9978884042510024	1.227380516135802	2.5026121794114986	-4.094804667462046e-14	8.196918958749383e-15	2.5026121794114986	4.9815361038666435	313.77122131627755	207.22877868372242	29.369489807656585	NaN	0.34282031256076256	0.4584083463488505	-81.879856941635	-0.024463892278510393	0.4223326162526675	0.10600824585541184	0	15.86801019665541	-2.4080317665176	5.446974412436469	13.563736453146756	20.685553911394848	29.01178348176901	43.46493829481148	0.13304397439689145	1.0126178037921347	47.369636230321596	1.0267961813842508	89.80242400649962	1.1173272521980826	1.4126944612892136	1.1173272521980826	2.036025319823934	1.1173272521980826	0.003311407982198614	1.308251316414399	NaN	NaN	800000009	800000009	800000009	800000009	800000019	800010019	899999999	899999999	89999	89999	89	89	17	10	0	27	2	1	9	NaN	0	0	0	0	0	0	0	0	0	NaN	NaN	NaN	NaN	0	0	0	0	0	0	0	0	18000	0	0	0	18000	18000	18000	18000	93	NaN	0.23090441770119682	0.5195773363557815	0.16633493864072268	0.04877235107114338	0.5658579495960854	0.1298591802136444	4.577596172496363e-8	NaN	0.04062404554473939	0.03617192772876275	0.0521322640816421	0.0000033114079821986137	NaN	17.15553728923102	832.3484788427644	95.92586305660672	96.30795028008355	95.54377673255073	0.7641770112779394	0.000280860475540976	69.4124199445361	135
DATA	2026-08-29T063000_AIU-1657.ghg	2026-08-29	07:00:00	241.291	1	18000	18000	0.20419758428423002	1	NaN	55.92163521084486	0	NaN	127.21522567519996	0	NaN	0.6176957369334244	1	NaN	2.883800752052677	0	NaN	0.02093105813684517	0	NaN	NaN	NaN	NaN	NaN	NaN	NaN	NaN	NaN	NaN	3.9431521871050617e-10	1.8966032744491775e-11	1.929530962618318e-12	NaN	17.258219653115642	435.5894424571265	444.91088951967976	0.2	0	830.0972002121246	20.95126750576178	21.399616597619243	0.1	1	0.08445088497789534	2.0639366842838225	2.1081041380092578	0.4	0	NaN	NaN	NaN	NaN	9	303.61250788116456	295.12952181498207	97961.92221875	1.1472231791190453	1017.1632433457754	0.025047557140524538	0.18687028873301345	0.015073000724359978	2052.9769794488757	2632.740188451305	0.013138682166389422	77.97871542563902	579.7632090024294	291.0777163632627	-2.1455719968961127	-1.2209589790321298	1.3354031378642972	2.806692281487613	2.2805775317973287e-13	2.28479661654625e-14	2.806692281487613	5.56840472897074	311.3575313685103	209.64246863148963	28.410962184040862	NaN	0.4218920516111166	0.6829755393946154	-115.6591887743494	-0.017318987114011666	0.43958287943945795	0.11358996028537355	0	17.065661869906787	-2.589780028503223	5.858089475910966	14.58747109015095	22.246813826600558	31.201472711882495	46.74549177514142	0.20154649555774082	1.0131537326866082	62.077794848344034	1.0284773342929066	113.28764413033358	1.1229399874256647	0.5500701229363907	1.1229399874256647	2.568080916473353	1.1229399874256647	-0.004520194347200592	1.3100004485000614	NaN	NaN	800000009	800000009	800000009	800000009	800000019	800010019	899999999	899999999	89999	89999	89	89	19	6	2	42	14	1	9	NaN	0	0	0	0	0	0	0	0	0	NaN	NaN	NaN	NaN	0	0	0	0	0	0	0	0	18000	0	0	0	18000	18000	18000	18000	93	NaN	0.3454101265801118	0.810525421556652	0.21001553065246714	0.054295345071881516	0.2914770684843729	0.12928957280753356	2.62049084755383e-8	NaN	0.053198294614916056	0.014072835668922146	0.06570104285813697	-0.000004520194347200592	NaN	17.25951254418827	830.1534591158519	95.9387775592804	96.31557288953994	95.56198368369209	0.7535944057024213	0.0002810694324822786	69.31649729495581	175
DATA	2026-08-29T070000_AIU-1657.ghg	2026-08-29	07:30:00	241.312	1	18000	18000	0.12511792159542073	1	NaN	41.34354274550375	0	NaN	73.05155196556174	0	NaN	0.8032817081132777	1	NaN	1.655677608858831	0	NaN	0.018609240615998363	2	NaN	NaN	NaN	NaN	NaN	NaN	NaN	NaN	NaN	NaN	9.85899671370652e-11	4.661163520639019e-12	4.812080425898722e-13	NaN	17.387481537570366	438.28378691819944	447.55776617242077	0.1	1	822.0501234779091	20.7213011485283	21.15975888460648	0.1	1	0.08486660660541168	2.0720909680906328	2.115935913362401	0	1	NaN	NaN	NaN	NaN	9	303.4216666107178	294.9396373680962	97987.85350868055	1.1483662920581499	1017.0285018056245	0.025024817436797128	0.10728790905405224	0.014921101983552162	2030.9804643664195	2602.409260120417	0.01299332981710038	78.0423162294021	571.4287957539975	290.90662599711663	-2.0777670990095816	-1.648582585569032	1.3199873940923954	2.962652085502282	-1.3304425741484582e-14	5.670169479348395e-15	2.962652085502282	5.3371209256423295	302.5701253020088	218.42987469799118	26.458052491737835	NaN	0.3300802523401457	0.518363889715696	-74.93237801248003	-0.02673210237190634	0.5659502314884985	0.10724439064173055	0	15.539385731973692	-2.35816173616085	5.3341682679836975	13.282833203416125	20.257158731625566	28.410953150933466	42.56478497359878	0.12345559695458196	1.013464959725158	44.630173754751546	1.0293718804044136	64.88505630398787	1.1258609628589005	0.7134821568673126	1.1258609628589005	1.4705879886398816	1.1258609628589005	0.00017110300049940586	1.3109955417731909	NaN	NaN	800000009	800000009	800000009	800000009	800000019	800000019	899999999	899999999	89999	89999	89	89	14	7	1	27	5	1	19	NaN	0	0	0	0	0	0	0	0	0	NaN	NaN	NaN	NaN	0	0	0	0	0	0	0	0	18000	0	0	0	18000	18000	18000	18000	93	NaN	0.2587131247954933	0.6155304931323254	0.16248416150357328	0.050771957949598094	0.8043259209413631	0.09009574422728941	2.9382195403832706e-8	NaN	0.03821334167220888	0.01823266663824675	0.037580113673490456	1.7110300049940585e-7	NaN	17.388777891644718	822.1073484184994	95.95960155465868	96.32390732150608	95.59528105163574	0.7286224050753656	0.0002801088935181422	68.3729269803365	181
DATA	2026-08-29T073000_AIU-1657.ghg	2026-08-29	08:00:00	241.333	1	18000	18000	0.18313809854713148	1	NaN	47.10341823861682	0	NaN	127.17283772443034	0	NaN	0.7247488044482555	1	NaN	2.882777984534861	0	NaN	0.02144687703933006	1	NaN	NaN	NaN	NaN	NaN	NaN	NaN	NaN	NaN	NaN	1.0434557378906649e-10	4.892027477167924e-12	5.120016249309613e-13	NaN	17.389481431865097	438.61881459228846	447.827829836236	0.1	1	815.2700482567018	20.563740416300558	20.995486143264685	0.1	1	0.08532650141749115	2.084703419209129	2.128472780959951	0	1	NaN	NaN	NaN	NaN	9	303.40706094445125	295.1073464135064	98022.90620985243	1.148193186683699	1016.9423322945114	0.02503009319912701	0.186804013397859	0.014804523726813668	2016.2582930583603	2629.182172426699	0.01289375681593552	76.6876602999853	612.9238793683385	290.79120554812283	-1.8010172453940059	-1.8622314833190075	1.2489581496327367	2.8760155902229108	2.848149751640868e-14	6.0004994512291775e-15	2.8760155902229108	5.718441770525434	295.04265548515195	225.95734451484807	25.738649780970498	NaN	0.3993759123754729	0.5827766809827049	-116.5230759718979	-0.017190586356329036	0.37038898464061004	0.10100881247493951	0	16.983997347983514	-2.577387122237625	5.830056688194856	14.517665485086937	22.14035587440891	31.05216392024336	46.52179999764191	0.18073623108700373	1.0132893523655007	53.4038718550439	1.0288725944578887	113.1193922441914	1.1242355108300237	0.6446592350682582	1.1242355108300237	2.564211819289096	1.1242355108300237	-0.0020649548550884245	1.3104356273947853	NaN	NaN	800000009	800000009	800000009	800000009	800000019	800000019	899999999	899999999	89999	89999	89	89	18	0	0	27	3	0	17	NaN	0	0	0	0	0	0	0	0	0	NaN	NaN	NaN	NaN	0	0	0	0	0	0	0	0	18000	0	0	0	18000	18000	18000	18000	93	NaN	0.3509052759461289	0.6241807452551984	0.1904673407640825	0.05465610600446362	0.446858098291761	0.12071197034746971	4.8080641141099774e-8	NaN	0.04573634482717992	0.016474754178625706	0.06553037184093309	-0.0000020649548550884243	NaN	17.390735256492423	815.3246364605171	95.97091279114618	96.34710274314881	95.5947236741384	0.7523812914639694	0.0002805825156004478	69.04244783825345	112
DATA	2026-08-29T080000_AIU-1657.ghg	2026-08-29	08:30:00	241.354	1	18000	18000	0.24762939981433843	1	NaN	59.667198979711785	0	NaN	199.50089785159017	0	NaN	2.051090293837701	2	NaN	4.52247289263098	0	NaN	0.04401165877114917	2	NaN	NaN	NaN	NaN	NaN	NaN	NaN	NaN	NaN	NaN	1.132943087438216e-10	5.2780120913496905e-12	5.559929551677169e-13	NaN	17.45421372369996	440.39960551914567	449.62445161527944	0.1	1	813.1348529342077	20.516780310753653	20.946535783699147	0.1	1	0.08565672870922639	2.093011118406024	2.1368524506933957	0	1	NaN	NaN	NaN	NaN	9	303.2341995307075	295.14131813509226	98050.455065646	1.1484042344944259	1016.9163880888441	0.025025941157869224	0.2930562434424875	0.014773166179931086	2012.2192577209287	2634.6346076357167	0.012864081946227613	76.37564814069854	622.4153499147881	290.7594106477048	-1.9376448514553146	-1.3075569527410005	1.3488058632656967	2.6987867666439773	-4.3954031550929593e-14	6.490943134836632e-15	2.6987867666439773	5.671373583144621	306.9878280578621	214.01217194213785	29.985598271527053	NaN	0.464358831764582	0.7198578221445815	-144.6199041644772	-0.013850790536563077	0.29908235813604483	0.11002766827288199	0	16.79956158006097	-2.5493982828976325	5.766745857399958	14.360012564674621	21.89992522347856	30.714956513709776	46.016601855419935	0.2444631085469823	1.0129520208025482	69.94186531628803	1.027870303810819	177.97765897280266	1.120932250727472	1.8298075485887462	1.120932250727472	4.034563988765555	1.120932250727472	0.00839781213767897	1.309350760485616	NaN	NaN	800000009	800000009	800000009	800000019	800000019	810000019	899999999	899999999	89999	89999	89	89	37	11	1	27	10	0	15	NaN	0	0	0	0	0	0	0	0	0	NaN	NaN	NaN	NaN	0	1	0	0	0	0	0	0	18000	0	0	0	18000	18000	18000	18000	93	NaN	0.3913806852371458	0.7837171214425613	0.2646178376094558	0.0857539406808927	0.26012763847310344	0.1778242989859343	4.7280181324888684e-8	NaN	0.0598903952312077	0.046752116235088376	0.10308428594370327	0.00000839781213767897	NaN	17.455511693246063	813.18663845786	95.97893240441216	96.36287141206529	95.5949952682919	0.7678751655121633	0.00028046111443675025	69.0258197655148	079
DATA	2026-08-29T083000_AIU-1657.ghg	2026-08-29	09:00:00	241.374	1	18000	18000	0.1964097805030869	1	NaN	57.51182592939196	0	NaN	185.76688549012445	0	NaN	0.13717459441491153	2	NaN	4.211886385540547	0	NaN	0.01543668160453554	0	NaN	NaN	NaN	NaN	NaN	NaN	NaN	NaN	NaN	NaN	5.103526333848337e-10	2.3246835748896468e-11	2.504210697224951e-12	NaN	17.483926685838856	441.97455415817126	451.0552791559642	0.1	1	796.402223332825	20.132177623073446	20.54580950952912	0.1	1	0.0857905561215344	2.097655018588423	2.1407530390170484	0.4	0	NaN	NaN	NaN	NaN	9	302.78385466681584	295.3249840292641	98064.78994601262	1.148026058026274	1016.7015922060867	0.025037854244841905	0.27293023778302744	0.014489334566614156	1974.7873435100153	2664.284316039378	0.01262108509237562	74.12074348152369	689.4969725293629	290.46205557165104	-2.1792345555685158	-0.7819532912135895	1.2942153673740235	2.652453131531399	-3.628800668732651e-14	2.9189817742612415e-14	2.652453131531399	5.244070315485707	321.26099021239895	199.73900978760108	29.204713832853255	NaN	0.41362395431712934	0.885895816346189	-106.04244139152293	-0.018889606592555577	0.30959137726647923	0.11912590812159432	0	17.027151354703346	-2.583935909246583	5.844870062240115	14.55455288097281	22.1966114805897	31.13106320779174	46.64000550772197	0.19391427028094269	1.012869141701272	67.03634768664989	1.0276130136938688	165.85091845981162	1.1200835498245298	0.12246818055349626	1.1200835498245298	3.760332330744767	1.1200835498245298	-0.012711696570582316	1.3090794975906568	NaN	NaN	800000009	800000009	800000009	800000019	800000019	800001119	899999999	899999999	89999	89999	89	89	28	9	5	35	13	6	8	NaN	0	0	0	0	0	0	0	0	0	NaN	NaN	NaN	NaN	0	1	0	0	0	0	0	0	18000	0	0	0	18000	18000	18000	18000	93	NaN	0.4155079541119727	1.1532757781399356	0.2030079004404698	0.07419982787225693	0.5760145748662798	0.19519743675331896	1.8907735503806026e-8	NaN	0.057433475170288247	0.003129358147701247	0.09608558373364859	-0.000012711696570582316	NaN	17.485210295617364	796.4528331645325	95.99533029958937	96.40628083801269	95.5843813610077	0.8218984185755233	0.00028136541877756834	68.9253401535882	185
DATA	2026-08-29T090000_AIU-1657.ghg	2026-08-29	09:30:00	241.395	1	18000	18000	0.1267445491641832	1	NaN	50.313406013236616	0	NaN	133.56376502000157	0	NaN	1.0468695304301194	1	NaN	3.029187043096213	0	NaN	0.014237177694032634	1	NaN	NaN	NaN	NaN	NaN	NaN	NaN	NaN	NaN	NaN	-1.2584309174080314e-10	-5.751140219785989e-12	-6.205176479549354e-13	NaN	17.37950230680512	440.20076120742453	449.2383417654808	0.1	1	794.2585749752527	20.117562812067874	20.53058820995025	0.1	1	0.08569630438084197	2.098219819609069	2.1412975066994187	0	0	NaN	NaN	NaN	NaN	9	302.9650156758627	295.6319087541368	98074.00370334202	1.1469483173244857	1016.6998107806199	0.02506152085741899	0.1962913203926346	0.014465143202890869	1973.5391687605845	2714.4830729775085	0.012611852674089152	72.70405140511026	740.943904216924	290.4520552645238	-1.777579527556726	0.2605878567335614	1.0116083414889863	2.0618065972432866	2.234548396934994e-14	-7.240891569807958e-15	2.0618065972432866	4.188700399215624	349.3399849644659	171.66001503553412	29.38276889901338	NaN	0.33242426804940384	0.49740540621250723	-62.92816430980393	-0.03183153397163257	0.3766995188081291	0.12979393695506894	0	17.36431384438976	-2.635101617837706	5.9606070343869035	14.842754306061208	22.636136838266772	31.747503771399273	47.56354580218396	0.12523356055669296	1.0120653649131555	57.20381625818715	1.024565582029143	120.38305283900097	1.1094897651302162	0.9435594300477866	1.1094897651302162	2.7302523540996253	1.1094897651302162	-0.009005490878787435	1.3062788038737059	NaN	NaN	800000009	800000009	800000009	800000009	800000019	800001019	899999999	899999999	89999	89999	89	89	18	7	1	7	19	2	7	NaN	0	0	0	0	0	0	0	0	0	NaN	NaN	NaN	NaN	0	0	0	0	0	0	0	0	18000	0	0	0	18000	18000	18000	18000	93	NaN	0.23696917188737138	0.6329889395707661	0.12485270096687709	0.11717416075363031	0.43806887469542705	0.28655023499053384	3.755851974481781e-8	NaN	0.04905557963867045	0.024132654761958913	0.06982945151761659	-0.000009005490878787435	NaN	17.380752069233885	794.3032193584727	95.9662752740648	96.40269104533726	95.52985776710509	0.8728297805918593	0.00028177623058986173	68.774441356447	224
DATA	2026-08-29T093000_AIU-1657.ghg	2026-08-29	10:00:00	241.416	1	18000	18000	0.1286650169229943	1	NaN	26.24910266207157	0	NaN	96.34019238417365	0	NaN	8.617762027085538	1	NaN	2.1859487970575566	0	NaN	0.015076852351895773	2	NaN	NaN	NaN	NaN	NaN	NaN	NaN	NaN	NaN	NaN	-1.257723458055457e-10	-5.806593449689565e-12	-6.240292735080417e-13	NaN	17.213819001417786	436.6708902611415	445.65530055198957	0.2	0	794.7188073625563	20.159998724844122	20.57478639227635	0.1	1	0.08540770148599724	2.0955765799229864	2.138692620423559	0	1	NaN	NaN	NaN	NaN	9	303.343628938463	296.09545915052627	98056.67282552083	1.1449318440220664	1016.7338252050774	0.025105253690973373	0.14164948204932967	0.014470404789287237	1977.3526608071372	2791.8649449827744	0.01263866042755323	70.82551268680145	814.5122841756372	290.48259134985943	-1.8124667237265009	1.0087195647574163	0.9786336298854527	2.2935288457927183	-7.211503813861795e-15	-7.306475442502718e-15	2.2935288457927183	5.215286455273356	10.097912940916729	150.90208705908324	25.257897513211248	NaN	0.33522810606848935	0.4140836165014891	-123.68303479037883	-0.016195430548699787	0.2724626348824238	0.06726468787355827	0	18.356592451458557	-2.7856837246957626	6.301224170103835	15.690939135008039	23.92967221965767	33.56170553615104	50.281550636627365	0.12709959254943512	1.012316517639113	31.35761771665908	1.0257016893099082	86.51630852048568	1.113549503344353	7.739002173862574	1.113549503344353	1.963045909043503	1.113549503344353	-0.00013082456558260815	1.307221276301616	NaN	NaN	800000009	800000009	800000009	800000009	800000009	800000019	899999999	899999999	89999	89999	89	89	23	3	3	9	2	1	4	NaN	0	0	0	0	0	0	0	0	0	NaN	NaN	NaN	NaN	0	0	0	0	0	0	0	0	18000	0	0	0	18000	18000	18000	18000	93	NaN	0.27272313344946614	0.4449453792356977	0.11049872031781437	0.0879600763137193	3.0820657465139054	0.27103422991462767	1.704731616503526e-8	NaN	0.026937429729682084	0.19828817451947875	0.05029702551535671	-1.3082456558260815e-7	NaN	17.215116480402337	794.7667750916988	95.94792230966355	96.39936498853895	95.49648022333781	0.9028848226467752	0.00028215144351027746	68.5479458700816	166
DATA	2026-08-29T100000_AIU-1657.ghg	2026-08-29	10:30:00	241.437	1	18000	18000	0.12706518463819735	1	NaN	16.333542492734818	1	NaN	87.66501906690739	1	NaN	5.227207306563753	2	NaN	1.9904410934343983	1	NaN	0.015364175122994725	1	NaN	NaN	NaN	NaN	NaN	NaN	NaN	NaN	NaN	NaN	6.624897874987571e-11	3.1035477271716023e-12	3.327915377676381e-13	NaN	16.956889800284884	431.6217844195005	440.52931684816883	0.1	1	794.3747630928154	20.220067287232038	20.63735601447529	0.1	1	0.0851803233631548	2.096541017637487	2.1398080810174216	1.1	0	NaN	NaN	NaN	NaN	9	303.58283906724716	296.7855619269477	98061.05176302083	1.1422944478990351	1016.783092432402	0.025162642226433236	0.128980582854549	0.014480419642741032	1983.3329303010112	2910.6342697559558	0.012676608618184341	68.14091866194185	927.3013394549446	290.53037374471563	-1.552015943380938	0.7175568441854419	0.8424312749755205	1.9061300496563205	9.45333211573355e-15	3.906906250506074e-15	1.9061300496563205	4.2660917490207675	5.812921824340378	155.18707817565965	26.228938128056004	NaN	0.3335218207239765	0.3605301777977919	-195.75850831922057	-0.010232505433345323	0.18631767455920803	0.04216477157138765	0	19.172963223989527	-2.909571139005935	6.5814578385933125	16.38876059273535	24.993893972580153	35.05429167644134	52.51771665958753	0.12556370613337223	1.011957902096568	21.19132129106711	1.0238595157510546	79.20201565349079	1.1068533842679242	4.7225832986191225	1.1068533842679242	1.7982879410454902	1.1068533842679242	0.0031026221677924294	1.3057811950073854	NaN	NaN	800000009	800000009	800000009	800000009	800000019	800000019	899999999	899999999	89999	89999	89	89	14	5	2	27	0	0	6	NaN	0	0	0	0	0	0	0	0	0	NaN	NaN	NaN	NaN	0	0	0	0	0	0	0	0	4	0	0	0	18000	18000	18000	18000	93	NaN	0.25016055849110647	0.37279686805055945	0.0981029290539178	0.05367582331349546	4.803953452356186	0.289862869884989	3.743016081953581e-8	NaN	0.018245327119020296	0.12128573753347839	0.04618376541733773	0.0000031026221677924296	NaN	16.95817974081461	794.4193425784937	95.89462291208902	96.38627777353922	95.40296920606826	0.9833068638443918	0.0002827967029831296	68.43878729184469	067
DATA	2026-08-29T103000_AIU-1657.ghg	2026-08-29	11:00:00	241.458	1	18000	18000	0.15116263668796448	1	NaN	67.65506476506884	1	NaN	197.71699597891285	1	NaN	3.299889870377119	1	NaN	4.491217802650064	1	NaN	0.011827043787860935	1	NaN	NaN	NaN	NaN	NaN	NaN	NaN	NaN	NaN	NaN	-2.5874379517598167e-10	-1.2425056523884652e-11	-1.309595660488753e-12	NaN	16.773371172192956	427.7115141404274	436.6804964260641	0.1	0	805.4689186608207	20.539003594256677	20.96970034501339	0.1	1	0.08489608063424628	2.094212542823345	2.1381275523051193	0	0	NaN	NaN	NaN	NaN	9	304.3729568701849	297.2535257602268	98068.50132682292	1.140444171635927	1016.9745305486684	0.025200403592734184	0.2910309136117242	0.014686782683777194	2014.7695969226681	2993.6606393264346	0.012878125075346318	67.3012020953713	978.8910424037665	290.77949318241116	-1.3734707395148789	0.8458100052160407	0.7281141917770091	1.7697363401067017	1.5882458675734553e-14	-1.5425867139035797e-14	1.7697363401067017	3.814062293417431	12.625569841969252	148.37443015803075	24.29439740464519	NaN	0.36407026866429937	0.3668141255731758	-61.48032259245515	-0.032581156303916656	0.3421813305937769	0.1602252630889099	0	19.311679366620172	-2.930621848820439	6.62907460151046	16.507333065094596	25.174724474401472	35.307909026414734	52.89768166497971	0.14938281777226511	1.0119144821488955	78.19520065419346	1.0232875119337455	178.99068153837842	1.1046217282351607	2.9873483257017845	1.1046217282351607	4.065842349331315	1.1046217282351607	-0.018746797882887863	1.3054571680442715	NaN	NaN	800000009	800000009	800000009	800000009	800000009	800000019	899999999	899999999	89999	89999	89	89	14	13	0	9	11	2	2	NaN	0	0	0	0	0	0	0	0	0	NaN	NaN	NaN	NaN	0	0	0	0	0	0	0	0	0	0	0	0	18000	18000	18000	18000	93	NaN	0.2686740013509827	0.3501449972511864	0.11480925254418248	0.2353820232827134	1.1912670560951075	0.38606810544967324	2.340104503091018e-8	NaN	0.06742112453076965	0.07686146484065669	0.10461003027069773	-0.000018746797882887862	NaN	16.774556615113013	805.5095801695472	95.85588494194879	96.36426318571303	95.3475036354065	1.016758674889804	0.00028341494968723663	68.79566724883185	230
DATA	2026-08-29T110000_AIU-1657.ghg	2026-08-29	11:30:00	241.479	1	18000	18000	0.04035508854104045	0	NaN	14.9696240047639	0	NaN	71.12908103802647	0	NaN	0.5083271025024961	2	NaN	1.6164704729551975	0	NaN	0.0075933128573486015	1	NaN	NaN	NaN	NaN	NaN	NaN	NaN	NaN	NaN	NaN	1.3080282660176766e-10	6.345117774184286e-12	6.668293325041205e-13	NaN	16.612671887034388	424.0705199994454	432.9774056180397	0.2	0	805.8645398240119	20.57124806750691	21.003312417486374	0.5	0	0.08469095961716325	2.0936507342859563	2.137624334751264	-0.1	0	NaN	NaN	NaN	NaN	9	304.6921804292467	297.7292227040092	98070.64164154953	1.1386328850163387	1017.0036164358787	0.025240181119732932	0.10474728664749679	0.014686657546925405	2017.9766530637419	3080.17004895194	0.012898501123753034	65.515105367328	1062.193395888198	290.804715372338	-0.9970801650815148	0.5142759355970835	0.5312179490982625	1.2413062083858717	-3.382882815333515e-14	7.87367784611786e-15	1.2413062083858717	3.2034830310581714	8.2838660633588	152.71613393664123	25.337581060965455	NaN	0.18825966908432556	0.2789375232355443	-38.419847902068675	-0.052137114262030826	0.21045715460264358	0.06866689051344015	1	9.057237242981307	4	8	14	22	40	114	0.03985955491288532	1.0124319910053723	18.97282753742975	1.0216850335064351	64.83638955694903	1.0970549335655135	0.4633561063805562	1.0970549335655135	1.473463564583355	1.0970549335655135	-0.0017272984371285033	1.3054888074204751	NaN	NaN	800000009	800000009	800000009	800000019	800000019	800000119	899999999	899999999	89999	89999	89	89	6	5	0	15	1	3	6	NaN	0	0	0	0	0	0	0	0	0	NaN	NaN	NaN	NaN	0	1	0	0	0	0	0	0	0	0	0	0	18000	18000	18000	18000	93	NaN	0.2932763944126694	0.2186065159823855	0.04599213607603384	0.05162590200998868	4.031267541497949	0.22062646639014244	1.1996624114810921e-8	NaN	0.01638422257737061	0.011940897094359486	0.03797182459602149	-0.0000017272984371285033	NaN	16.613933120120116	805.9142488598857	95.84567760192024	96.35983655823603	95.33152244546677	1.02831268250611	0.0002836920158895534	68.66294923697576	109
DATA	2026-08-29T113000_AIU-1657.ghg	2026-08-29	12:00:00	241.499	1	18000	18000	0.12253328581305359	1	NaN	93.77523863503545	1	NaN	40.08929713592818	1	NaN	-13.217397844545491	1	NaN	0.9118407950959372	1	NaN	0.015094706146902327	1	NaN	NaN	NaN	NaN	NaN	NaN	NaN	NaN	NaN	NaN	-1.2120288916722953e-9	-5.960432333080002e-11	-6.253802361257839e-12	NaN	16.386530767821267	419.9072983314014	428.76117909887836	0.1	1	805.84554119639	20.649912350005785	21.085322409636387	0.4	0	0.08455089273262356	2.098486690490071	2.142733958931385	0	0	NaN	NaN	NaN	NaN	9	304.97856955634217	298.6066404012044	98089.70370659723	1.1354737826873469	1017.0686608575888	0.02530964529897586	0.059087283522216726	0.01470235645451201	2026.0871146571794	3245.4700687253926	0.012948213053158892	62.42815591434165	1219.3829540682132	290.8683442678426	-0.20118423353454393	-0.0679556833621575	0.22358157312911198	0.30835335342262526	-1.445673742925429e-15	-7.39649477272147e-14	0.30835335342262526	2.607240805750881	322.33614376286585	198.66385623713415	46.47569854212986	NaN	0.32850235266246997	0.21622780769767666	-32.5909452467067	-0.06146185650145916	2.339158960983472	0.24718511232303106	0	18.73646655216669	-2.843331085041882	6.431622656168625	16.015649802793423	24.424876476042446	34.25623654687594	51.32208465081373	0.11937897594630048	1.0264226581083422	94.14690486177034	1.028694099806876	36.48583267604534	1.0987633882958818	-12.029339515075131	1.0987633882958818	0.8298791212092981	1.0987633882958818	-0.014185077791446935	1.325290492380682	NaN	NaN	800000009	800000009	800000009	800000009	800000019	810100119	899999999	899999999	89999	89999	89	89	15	1	0	23	3	6	3	NaN	0	0	0	0	0	0	0	0	0	NaN	NaN	NaN	NaN	0	0	0	0	0	0	0	0	0	0	0	0	18000	18000	18000	18000	93	NaN	0.2024923067484044	0.12915082725214017	0.10081248139480875	0.1397148767493948	2.4202816930347213	0.09224343540396389	2.6184433760350756e-7	NaN	0.08152272034081406	-0.3108796763760233	0.021446942478383767	-0.000014185077791446935	NaN	16.387766094802245	805.8960157260022	95.7822706434462	96.33750453313192	95.22703318617079	1.1104705537491366	0.0002848371509511101	68.56952690188089	160
DATA	2026-08-29T120000_AIU-1657.ghg	2026-08-29	12:30:00	241.52	1	18000	18000	0.19531467034150732	0	NaN	-11.384960226227383	2	NaN	179.23481346768816	1	NaN	4.366760573474299	1	NaN	4.0813879827653485	1	NaN	0.034044882356551495	0	NaN	NaN	NaN	NaN	NaN	NaN	NaN	NaN	NaN	NaN	1.9627401784656815e-10	9.817723529150857e-12	1.0243509062830388e-12	NaN	16.08291575655016	413.7139064143201	422.45629056294734	0	0	804.475407253678	20.694174388970485	21.131472771601796	0.1	1	0.08393647570701106	2.0942594193218698	2.1385142052179402	0	1	NaN	NaN	NaN	NaN	9	305.91798067813454	299.77917158677843	98102.077359375	1.1311561798171303	1017.1220408005619	0.025405823196202645	0.26447394128319457	0.014678092734832346	2030.6860607608808	3478.4125008710253	0.012976185779407842	58.37967924311389	1447.7264401101445	290.9043251032427	0.747913469464722	0.062156562605694854	0.10896191419073259	0.7583605308992475	-1.5077322455009025e-14	1.2203882729823462e-14	0.7583605308992475	6.2963662237044415	156.2492585237726	4.750741476227417	8.26089977042268	NaN	0.41553359968237635	0.9501128691663308	543.3894266800514	0.0036863065448997563	-0.06351980402668718	-0.023813856568054504	0	13.123742700813603	-1.991578586571847	4.504956185483092	11.217977872881859	17.108124068017933	23.994387260143185	35.94796446551799	0.19310768377285611	1.0114287869106606	-0.5519341663101388	1.0203647729859977	162.931283436987	1.1000638409443726	3.9695519577532545	1.1000638409443726	3.7101373855371844	1.1000638409443726	0.018807068145096695	1.375541275599208	NaN	NaN	800000009	800000009	800000009	800000009	800000019	810000019	899999999	899999999	89999	89999	89	89	22	3	0	6	21	0	4	NaN	0	0	0	0	0	0	0	0	0	NaN	NaN	NaN	NaN	0	0	0	0	0	0	0	0	0	0	0	0	18000	18000	18000	18000	93	NaN	0.6615179064003178	0.8458597917546463	0.3928480401776976	0.18901965064009893	2.9846982800413353	0.16354724130044412	1.4523874089240252e-7	NaN	-0.00047972421512226603	0.10298142236933117	0.0962514735200754	0.000018807068145096694	NaN	16.08404825676811	804.5281930437371	95.69833804745144	96.2905087009006	95.10616804292468	1.1843399679064754	0.00028604256561569244	68.4394512095981	212
DATA	2026-08-29T123000_AIU-1657.ghg	2026-08-29	13:00:00	241.541	1	18000	18000	0.339599902213198	1	NaN	-59.44131444807029	1	NaN	-23.964229291420043	2	NaN	5.088329614911113	1	NaN	-0.5458557214329957	2	NaN	0.03930809653038942	1	NaN	NaN	NaN	NaN	NaN	NaN	NaN	NaN	NaN	NaN	2.073102331878973e-10	1.0588706247762228e-11	1.089438788873735e-12	NaN	15.929449709943365	410.63486725091167	419.4319668687282	0.2	0	813.6224684780227	20.973841558838117	21.4231676835207	0.1	1	0.08371106497042373	2.0917427653392258	2.1365545213518793	1.4	0	NaN	NaN	NaN	NaN	9	305.83644837697346	300.08429292824746	98102.17323141216	1.1298866997962531	1017.2879151032135	0.025431656906521886	-0.03537145074885811	0.014861345163439024	2058.1313618362856	3541.3671749590726	0.013152951677472526	58.116858833201086	1483.235813122787	291.1175748287022	0.27364142831361693	0.3196122272667603	0.34481464341165763	0.543993332145732	-7.613424072596248e-14	1.3014274627358384e-14	0.543993332145732	4.271113545029713	111.5690457965602	49.43095420343983	39.3353518853055	NaN	0.5482344597576626	0.6658598514471323	239.03400030129646	0.008379979406591288	2.4804183654407015	-0.0943285791400256	0	16.18519084776837	-2.4561651540147755	5.555852266012362	13.834857703159594	21.099030924387403	29.59169087158373	44.333745237715945	0.3352723188365774	1.0129076667934822	-60.018998923318094	1.0213149477833012	-21.735774784959325	1.1025247330038934	4.615161422318082	1.1025247330038934	-0.4950961235543258	1.1025247330038934	0.044149871301772343	1.3920643558605488	NaN	NaN	800000009	800000009	800000009	800000019	800000019	800000019	899999999	899999999	89999	89999	89	89	40	4	3	5	0	2	0	NaN	0	0	0	0	0	0	0	0	0	NaN	NaN	NaN	NaN	0	1	0	0	0	0	0	0	0	0	0	0	18000	18000	18000	18000	93	NaN	0.5577326705349428	0.369136546703006	0.4048504856563159	0.3429201919450364	0.44288918243558023	0.14991306054992423	7.651453906385477e-8	NaN	-0.05221676539268222	0.11988635373076642	-0.01286093021841746	0.00004414987130177234	NaN	15.930550159858534	813.6757088735435	95.6286281483968	96.2470877532959	95.01016481865778	1.2369215358893069	0.00028663324803346774	68.28500973129275	117
DATA	2026-08-29T130000_AIU-1657.ghg	2026-08-29	13:30:00	241.562	1	18000	18000	0.38453999149327345	1	NaN	-58.98646173451906	1	NaN	125.36999460183361	0	NaN	0.15537806264039697	1	NaN	2.85759124876321	0	NaN	0.033157024641066304	1	NaN	NaN	NaN	NaN	NaN	NaN	NaN	NaN	NaN	NaN	-1.7107063223639582e-10	-8.525705282866491e-12	-8.989205462871071e-13	NaN	15.868430166263689	409.8322021358247	418.3775411771465	0.1	1	790.840351325533	20.424946848912302	20.850823817133282	0.4	0	0.08338344067183354	2.0895677280478058	2.1331369365992985	0	0	NaN	NaN	NaN	NaN	9	306.3085161336263	300.77545999654126	98091.9543359375	1.1274086698448909	1016.9948003999127	0.025492887682176536	0.185171912919856	0.014437656224444638	2004.06037744073	3687.65579893935	0.012806053927570891	54.345103955123506	1683.59542149862	290.6950135544171	0.7198750980072455	-0.057731703658975106	0.2544874322493062	0.7657133664179853	-2.5556242330864535e-14	-1.0780564330811519e-14	0.7657133664179853	5.222130931398753	165.58512711717947	355.4148728828206	19.411679014010417	NaN	0.5840231616625006	0.9222488707932736	291.15238810350434	0.006879902353017624	-0.47049903704515555	-0.08808909987968394	0	16.31104799362491	-2.475264461458482	5.5990549514535	13.942438498482197	21.263098425194688	29.82179787428738	44.67848745875187	0.38014468287377384	1.0115621993875397	-50.69269396249302	1.0208819772381952	113.68270286322057	1.1028062444352227	0.1408933467909137	1.1028062444352227	2.5911997353865734	1.1028062444352227	0.03213455456624996	1.3858694089633647	NaN	NaN	800000009	800000009	800000009	800000009	800000019	810000019	899999999	899999999	89999	89999	89	89	26	19	0	12	1	2	6	NaN	0	0	0	0	0	0	0	0	0	NaN	NaN	NaN	NaN	0	0	0	0	0	0	0	0	0	0	0	0	18000	18000	18000	18000	93	NaN	0.5950333690307226	0.7988427317793817	0.45062164077644273	0.2682002201020681	0.5948516294113557	0.1571969312131937	1.037115558489194e-7	NaN	-0.04421251995089109	0.00366669030854419	0.06743488726507384	0.00003213455456624996	NaN	15.869549258708952	790.9006051875192	95.60921760728624	96.23634247546724	94.98209060329862	1.254251304719178	0.0002869054318014403	68.03900305975807	179
DATA	2026-08-29T133000_AIU-1657.ghg	2026-08-29	14:00:00	241.583	1	18000	18000	0.2885982005587506	0	NaN	-46.494877962439936	0	NaN	83.60466443464644	0	NaN	-1.010674225615538	1	NaN	1.9056565962606666	0	NaN	0.01613206717094977	0	NaN	NaN	NaN	NaN	NaN	NaN	NaN	NaN	NaN	NaN	1.068345751880522e-9	5.353767628168861e-11	5.588067027936908e-12	NaN	15.915612747767758	411.55589869809074	420.22264273420046	0.1	1	797.5741201898834	20.624171938282718	21.05848576955388	0.3	0	0.0832478723939922	2.086562708804822	2.1305025599154703	0	1	NaN	NaN	NaN	NaN	9	306.5057453342014	300.7935182071262	98060.93765972223	1.1268989605624857	1017.1077942795339	0.025502482130570433	0.12348654743769119	0.014572996573149534	2022.9681329917867	3691.5473875991725	0.012931946060075784	54.80000445849458	1668.5792546073858	290.8439014524026	0.2563183505565448	0.6210878329176578	0.30389573118115976	0.7374291887772398	6.269599751365617e-14	6.712564378210086e-14	0.7374291887772398	4.833536690102052	93.42557718569071	67.5744228143093	24.336921086440515	NaN	0.5060626907224789	0.8794160395945071	240.27442734819283	0.008336717403126779	-0.5561277983333678	-0.08015836147079572	0	16.019649370035953	-2.431043596105772	5.499027233621378	13.69335533782205	20.883230888984873	29.289028253542472	43.88030148354013	0.285257306085147	1.0117118629473643	-40.85905289747514	1.0209997984615016	75.78318983645423	1.1032085692760034	-0.9161225300115351	1.1032085692760034	1.7273765354372486	1.1032085692760034	0.018714992968207687	1.3885423399669403	NaN	NaN	800000009	800000009	800000009	800000009	800000019	800000019	899999999	899999999	89999	89999	89	89	68	8	2	8	31	11	3	NaN	0	0	0	0	0	0	0	0	0	NaN	NaN	NaN	NaN	0	0	0	0	0	0	0	0	0	0	0	0	18000	18000	18000	18000	93	NaN	0.7610530229582563	0.6438365747126872	0.3539424815180708	0.30776693814387107	0.31105040590255	0.13786873357454058	6.995925059631108e-8	NaN	-0.0356480956850144	-0.023855530997958525	0.04498031992047028	0.000018714992968207686	NaN	15.916761096407754	797.625444784756	95.58029136064317	96.22114838409423	94.93943191274008	1.281716511537627	0.00028742907368319313	67.97811327950166	036
DATA	2026-08-29T140000_AIU-1657.ghg	2026-08-29	14:30:00	241.604	1	18000	18000	0.22557409505092124	1	NaN	4.446418852368663	2	NaN	172.10694031890887	0	NaN	-0.37409966334440703	2	NaN	3.9232269124551946	0	NaN	0.002192342122807362	0	NaN	NaN	NaN	NaN	NaN	NaN	NaN	NaN	NaN	NaN	-7.985938015716118e-11	-4.005414125612327e-12	-4.171655632906321e-13	NaN	15.91322230932166	411.3583712941398	420.02432312015105	0.1	1	798.140998544309	20.6320237876612	21.06667186265842	0.4	0	0.08312672018456606	2.0842603709602496	2.1281688002716117	-0.4	0	NaN	NaN	NaN	NaN	9	307.00551313781733	300.86662766577695	98034.3416692612	1.126316195856905	1017.1140419874755	0.025515600960041827	0.2542251039270966	0.014571049124261945	2023.189422939123	3707.339221844962	0.012936908106143537	54.5725465589383	1684.1497989058391	290.8456367453249	0.27730202564571166	0.7334330771558808	0.27161782865611256	0.829817291298154	9.400417634295059e-15	-5.0184292410960086e-15	0.829817291298154	4.3896321634713535	91.7109886683694	69.28901133163062	19.106339426642627	NaN	0.44752205916393556	0.6486671214289712	-1737.2004322129856	-0.0011530621123829045	0.025835209458314613	0.008672932058966087	0	16.947057651936476	-2.5717813808482273	5.8173764859087616	14.486089988497769	22.09220124981631	30.98462637455758	46.42061644725245	0.22237230918469011	1.0143983119029982	14.746256145830595	1.0217324468824993	157.40914055165197	1.093373229253062	-0.3421518410506294	1.093373229253062	3.5881863644451464	1.093373229253062	-0.008613957542420161	1.3080825449178346	NaN	NaN	800000009	800000009	800000009	800000019	800000019	810000019	899999999	899999999	89999	89999	89	89	15	1	0	17	7	1	1	NaN	0	0	0	0	0	0	0	0	0	NaN	NaN	NaN	NaN	0	736	0	0	0	0	0	0	0	0	0	0	18000	18000	18000	18000	93	NaN	0.5119751583214699	0.5448952911756487	0.24046379336082377	0.1769441400582329	0.15953195765669229	0.164960280909792	3.972502312571815e-8	NaN	0.012872170814205091	-0.008914176683292514	0.09348401320018623	-0.000008613957542420162	NaN	15.914332171601314	798.1864558701301	95.61709243477716	96.24745546129014	94.98672799258762	1.2607274855309054	0.0002874751042529372	64.50829902694824	239
DATA	2026-08-29T143000_AIU-1657.ghg	2026-08-29	15:00:00	241.624	1	18000	18000	0.20908378664959337	0	NaN	16.134864162995726	0	NaN	78.80284246100449	0	NaN	0.6597728625912537	1	NaN	1.7966707672450477	0	NaN	0.009870224794069321	2	NaN	NaN	NaN	NaN	NaN	NaN	NaN	NaN	NaN	NaN	6.30873136753312e-10	3.18608264031624e-11	3.298201732471482e-12	NaN	15.875967103133874	410.5489545871326	419.2414437868415	0.1	1	801.7799497033506	20.733849977218526	21.17284455991477	0.4	0	0.08299947985373068	2.0830335594735936	2.127137305241414	0	1	NaN	NaN	NaN	NaN	9	307.27113268195257	301.05955023986354	97990.12810223378	1.125043134526724	1017.1764572759708	0.025543482278978336	0.11642426571747909	0.014626979160886774	2032.257600721754	3749.2937122447534	0.013001260762361756	54.20374493693677	1717.0361115229994	290.9166039936987	0.2943517887565836	0.7364892991602423	0.43782624159366806	0.9059532444612005	-6.337023848398171e-15	3.973761929934834e-14	0.9059532444612005	5.902720883505663	92.78504830625565	68.21495169374434	28.899638691288473	NaN	0.4310975865886754	0.8012463891443389	-427.8074409137314	-0.0046822467503643325	0.20474977372776937	0.03270576021691972	0	15.706852002619836	-2.3835753888204096	5.391654019495754	13.425980852786456	20.475467928989282	28.717134904302224	43.02350103376562	0.206228603039494	1.0138447507669563	20.649150414558854	1.021574888321554	72.04433108404726	1.0938104535813196	0.6031875636505816	1.0938104535813196	1.6425796273590594	1.0938104535813196	-0.0006142772229492762	1.307313796799782	NaN	NaN	800000009	800000009	800000009	800000019	800000019	810000019	899999999	899999999	89999	89999	89	89	56	4	0	11	8	2	3	NaN	0	0	0	0	0	0	0	0	0	NaN	NaN	NaN	NaN	0	636	0	0	0	0	0	0	0	3001	0	0	18000	18000	18000	18000	93	NaN	0.7226786365602954	0.6099874737128272	0.26982666801555505	0.08521767981031737	0.2623427959774256	0.1536150002765306	2.3075105132532683e-7	NaN	0.018044161864027925	0.01573382103367116	0.042845800291388	-6.142772229492762e-7	NaN	15.877096964959417	801.8263741972504	95.63521938027276	96.26151540120443	95.0089225586785	1.2525927431682744	0.00028769633399658944	65.38809648295037	101
DATA	2026-08-29T150000_AIU-1657.ghg	2026-08-29	15:30:00	241.645	1	18000	18000	0.21248580072068624	0	NaN	52.24508926422887	0	NaN	96.35131484718475	0	NaN	-0.5729348218089361	1	NaN	2.197880408523596	0	NaN	-0.0021752192784102948	0	NaN	NaN	NaN	NaN	NaN	NaN	NaN	NaN	NaN	NaN	-3.456989634864708e-10	-1.7540760735264646e-11	-1.811729116758495e-12	NaN	15.790188659305832	409.9055467420241	418.61209301599104	0.1	1	801.1939591725513	20.79860190191479	21.24037194218898	0.3	0	0.08275276345829638	2.081828797223302	2.126047615196285	-0.3	0	NaN	NaN	NaN	NaN	9	307.308495680915	301.5791764339872	97944.32557248263	1.1225520010047876	1017.2264310499147	0.025599535840559212	0.142422650472329	0.014640531571682141	2037.651467995012	3864.358199310152	0.013042185625768352	52.72936314130414	1826.7067313151401	290.95868455427586	0.38827091629186833	1.1336692714910381	0.4562599881049195	1.2822376918133007	-6.224610319218493e-14	-2.1893276321479268e-14	1.2822376918133007	5.658740462151555	89.90584309167053	71.09415690832948	20.84438629225799	NaN	0.4350725895415542	0.9928703414478917	-135.7663710616388	-0.01475402181215096	0.542235353477954	0.10516219644978703	0	14.841674136623466	-2.252281309777891	5.094666455214889	12.686439825648462	19.34762120036885	27.1353138309331	40.65364482031957	0.20989637509054182	1.0123366858004452	57.2662840416906	1.0217614063702065	87.78711254717179	1.0975564869548597	-0.522009416935367	1.0975564869548597	2.002521450737861	1.0975564869548597	-0.020096064111477498	1.3053892555070117	NaN	NaN	800000009	800000009	800000009	800000009	800000009	810000009	899999999	899999999	89999	89999	89	89	61	5	2	16	12	4	0	NaN	0	0	0	0	0	0	0	0	0	NaN	NaN	NaN	NaN	0	0	0	0	0	0	0	0	0	0	0	0	18000	18000	18000	18000	93	NaN	0.8584800130892903	0.8106155624813209	0.3166451073251722	0.18070086002592267	0.20304078654831825	0.16673227054767017	5.200882383956084e-8	NaN	0.05015045742106486	-0.013647115844837075	0.05235277627831474	-0.0000200960641114775	NaN	15.791318254965173	801.2310108037083	95.5697689476013	96.22403149710762	94.91550473827787	1.3085264981190443	0.00028872643424417924	67.93541741667853	183
DATA	2026-08-29T153000_AIU-1657.ghg	2026-08-29	16:00:00	241.666	1	18000	18000	0.15600969699892203	0	NaN	12.1941650552407	0	NaN	186.50293881277992	0	NaN	0.6146674755411864	1	NaN	4.253878005850249	0	NaN	0.0202373610969693	0	NaN	NaN	NaN	NaN	NaN	NaN	NaN	NaN	NaN	NaN	4.5287581241550955e-10	2.3176152772804344e-11	2.3739982260798394e-12	NaN	15.80226167446062	410.00960221748863	418.79699013018325	0.2	0	808.6888738211358	20.982452404834653	21.432151503694122	0.5	0	0.082836265825563	2.0831062713416997	2.12775172054739	0	1	NaN	NaN	NaN	NaN	9	307.59504630364313	301.4679392445882	97908.94237977431	1.1224818669898438	1017.3273792321322	0.025599341448889666	0.2756512947790961	0.014770059595806342	2054.920786422348	3839.470962607929	0.013158394830390593	53.52093573398352	1784.5501761855808	291.09275798111196	0.3336604967492939	0.880205980075007	0.34788161197452516	1.0035504523444687	4.276671519458598e-14	2.865892375060721e-14	1.0035504523444687	4.723296550173817	91.76026149359973	69.23973850640029	20.282602079256517	NaN	0.3728087781550306	0.5752013199283654	-365.89751506973545	-0.005474483748866768	0.0653832327408082	0.028643486058575193	0	15.819786412792304	-2.400713621267825	5.430420747955678	13.52251548801084	20.622689338675958	28.923615024680235	43.332845879696066	0.15396377911996623	1.0132883064487632	23.27037035095892	1.021491117594656	170.39040860369815	1.0945624248519592	0.5615645682559594	1.0945624248519592	3.8863731380378694	1.0945624248519592	0.0027015335508911876	1.3065576561161463	NaN	NaN	800000009	800000009	800000009	800000009	800000019	810000019	899999999	899999999	89999	89999	89	89	40	6	3	29	26	9	1	NaN	0	0	0	0	0	0	0	0	0	NaN	NaN	NaN	NaN	0	0	0	0	0	0	0	0	0	0	0	0	18000	18000	18000	18000	93	NaN	0.5181794129926983	0.43401243952642604	0.19821078733760641	0.11826254910845639	0.15664793654750697	0.24097273304398673	9.438183109119934e-8	NaN	0.0203780783853919	0.014683869363957134	0.10162143177190137	0.0000027015335508911878	NaN	15.803366463411795	808.7296082730104	95.58940270614625	96.24535764058432	94.93344898944432	1.3119098683529429	0.0002885874655961137	67.98010793177286	122
DATA	2026-08-29T160000_AIU-1657.ghg	2026-08-29	16:30:00	241.687	1	18000	18000	0.22826963756241692	0	NaN	-1.4547389702652345	2	NaN	153.55658290046554	0	NaN	-0.42543069897508146	2	NaN	3.5022401020108656	0	NaN	0.03340600688075864	1	NaN	NaN	NaN	NaN	NaN	NaN	NaN	NaN	NaN	NaN	-3.5705926205431987e-10	-1.8039466402084345e-11	-1.8674983259422606e-12	NaN	15.804635404272489	409.411944530526	418.0592688948282	0.1	1	798.4870291060888	20.68444598097799	21.121328969085504	0.4	0	0.08266171276385062	2.07799543205503	2.121885457171721	0.2	0	NaN	NaN	NaN	NaN	9	307.6996497082181	301.4162320160427	97897.51429799225	1.1226708912581425	1017.15756005002	0.025597938527360278	0.22694515861030407	0.014561083603087546	2025.4990191386562	3827.9500095731505	0.01297003753857855	52.91341355224534	1802.4509904344943	290.8637380112748	0.3361917977230036	0.8138775257764853	0.3132375042353627	0.934633236023612	-9.119432661741474e-14	-2.2592059413012182e-14	0.934633236023612	4.89379697757457	93.44425642871687	67.55574357128312	19.58134569065002	NaN	0.4509182817781207	0.7251740134762534	5426.280340810054	0.00036914790135980516	-0.009473634687535263	-0.0028251826853032454	0	17.573132898904838	-2.6667907149894376	6.032287858426993	15.021249693115774	22.908353565907177	32.12929160247441	48.13553354398613	0.2251923611171842	1.0136651013825082	7.835735349470438	1.0215377988917604	140.36095100042834	1.0940121294846237	-0.3888720129414807	1.0940121294846237	3.201280870314235	1.0940121294846237	0.018205399732753105	1.307066879092458	NaN	NaN	800000009	800000009	800000009	800000019	800001019	810011019	899999999	899999999	89999	89999	89	89	26	7	6	15	19	2	6	NaN	0	0	0	0	0	0	0	0	0	NaN	NaN	NaN	NaN	0	29	0	0	0	0	0	0	0	0	0	0	18000	18000	18000	18000	93	NaN	0.7225830219787851	0.5048038169902751	0.22296118798344677	0.04358503111876791	0.23187714273340654	0.20910950959587193	5.987009638885837e-8	NaN	0.006861815959014231	-0.010164627977867715	0.08367747746430271	0.000018205399732753106	NaN	15.805715023434768	798.5386470074814	95.62698520321317	96.26054053878784	94.99343348693847	1.267104858633545	0.0002881565821412045	67.875279181112	219
DATA	2026-08-29T163000_AIU-1657.ghg	2026-08-29	17:00:00	241.708	1	18000	18000	0.11809470601241809	0	NaN	9.66837952155176	0	NaN	72.89785611371548	0	NaN	0.21841992442541022	2	NaN	1.662403428584056	0	NaN	0.02846277866599225	0	NaN	NaN	NaN	NaN	NaN	NaN	NaN	NaN	NaN	NaN	-2.1585324603719351e-10	-1.1143770590052326e-11	-1.1327126163984804e-12	NaN	15.758459013826695	408.29984556997096	417.0917796899986	0.2	0	813.5557621985814	21.079135452063305	21.533033175054044	0.4	0	0.08269417146909233	2.078000131446849	2.1227457772150604	0.6	0	NaN	NaN	NaN	NaN	9	307.60570858425564	301.28429812558727	97848.76263471803	1.1224343321247778	1017.3771709443256	0.025599482171963294	0.10772374217224683	0.014838035582235991	2063.1205832439064	3798.6898795267284	0.013219513300299237	54.31137178012928	1735.569296282822	291.15607280312423	0.2950572271133385	0.6737587707646532	0.34506196400152067	0.8124514800618465	-3.4957810017777888e-15	-1.369761128596399e-14	0.8124514800618465	4.068227598465393	94.6499143061099	66.35008569389011	25.132752433170857	NaN	0.3243655656176891	0.5042681105702971	-303.82134287921644	-0.006593019374535278	0.1326291339277492	0.026102134061278308	0	15.104988748056876	-2.2922403179371833	5.185053840471343	12.91151719511589	19.690878390335353	27.616736920521383	41.37490433529567	0.11640194366542195	1.0145423890159575	13.929396291126698	1.0217819061748479	66.67722117841545	1.0932947538208708	0.19978137063410523	1.0932947538208708	1.5205445949267127	1.0932947538208708	0.01583160821085664	1.3082841524293918	NaN	NaN	800000009	800000009	800000009	800000019	800000019	810001019	899999999	899999999	89999	89999	89	89	53	13	1	19	32	2	3	NaN	0	0	0	0	0	0	0	0	0	NaN	NaN	NaN	NaN	0	272	0	0	0	0	0	0	0	0	0	0	18000	18000	18000	18000	93	NaN	0.4461797216795459	0.3939243315774114	0.1684321678836369	0.04824544768822432	0.16733133407651354	0.14553651392261593	6.294143504298925e-8	NaN	0.012198020641666382	0.005224456196065684	0.03976356056195214	0.000015831608210856643	NaN	15.759592070951221	813.6107192911763	95.62316260464986	96.25602945899963	94.99029386266072	1.2657398482031281	0.00028763466424101754	66.71277693333388	048
DATA	2026-08-29T170000_AIU-1657.ghg	2026-08-29	17:30:00	241.729	1	18000	18000	0.034613332993519375	1	NaN	-8.626154734090674	2	NaN	78.65687277506828	1	NaN	2.8074308857775097	1	NaN	1.7938948228560787	1	NaN	-0.0044828985298415785	1	NaN	NaN	NaN	NaN	NaN	NaN	NaN	NaN	NaN	NaN	-3.411361423979615e-10	-1.7687828732150174e-11	-1.7881731805196052e-12	NaN	15.756818449172057	408.4449642246531	417.2820701469839	0.1	1	816.9873298485329	21.177775309679532	21.63597717285154	0.5	0	0.082594356502562	2.076427363997889	2.1213528990464314	-0.3	0	NaN	NaN	NaN	NaN	9	307.57036185624867	301.3756266682943	97850.14422699653	1.122067844980185	1017.435330325868	0.02560688060211261	0.1162443845210739	0.01490316308139549	2072.8042271473555	3818.923783514991	0.013281873416182486	54.277182385648906	1746.1195563676356	291.23056151888886	0.35139129032510164	0.8841289805239532	0.4587415842409988	1.056221441853302	8.283306422487055e-14	-2.1650064922585087e-14	1.056221441853302	4.05811312397781	92.67502383067387	68.32497616932612	25.74224234817917	NaN	0.17563543946967033	0.5342552994467753	54.06296052983831	0.037051245073685034	-0.10966816286681677	-0.043020867253469944	1	6.823131282176059	3	6	12	22	44	166	0.03422529926829645	1.011337628407018	-3.8210103251504446	1.0223537163014909	70.77950725166964	1.11129443859208	2.526270975794945	1.11129443859208	1.614238999637934	1.11129443859208	-0.005123313245184996	1.4041324551037202	NaN	NaN	800000009	800000009	800000009	800000009	800000019	800000019	899999999	899999999	89999	89999	89	89	25	2	3	6	19	2	3	NaN	0	0	0	0	0	0	0	0	0	NaN	NaN	NaN	NaN	0	0	0	0	0	0	0	0	0	0	0	0	18000	18000	18000	18000	93	NaN	0.5373814717730975	0.35072324110286685	0.18040588601758625	0.08191531863656303	1.5205226407520065	0.1384470871545342	4.218869261122897e-8	NaN	-0.003346973546684611	0.0660899324228539	0.042230207061154885	-0.000005123313245184996	NaN	15.757952786551579	817.0399203636214	95.61749196455214	96.25099164538913	94.98399471325345	1.2669948834379527	0.0002884945127475981	67.97196314875285	120
DATA	2026-08-29T173000_AIU-1657.ghg	2026-08-29	18:00:00	241.749	1	18000	18000	0.06200573833747154	1	NaN	2.4271188296220734	1	NaN	54.108648840190014	1	NaN	6.4839582553839215	1	NaN	1.233871195433691	1	NaN	0.04305758033445775	1	NaN	NaN	NaN	NaN	NaN	NaN	NaN	NaN	NaN	NaN	-1.8539172233266753e-10	-9.504548552276e-12	-9.648372038611637e-13	NaN	15.895861862100224	411.57723958024235	420.44891700848456	0.1	0	814.9392483527402	21.10048823853472	21.55531592876758	0.4	0	0.08272709654464223	2.0784454290655408	2.1232469769297517	-0.2	0	NaN	NaN	NaN	NaN	9	307.2990550274319	301.24048038948166	97843.21391211936	1.1225248032139998	1017.3881106047389	0.02559721061705567	0.07995485346410316	0.014854384341388487	2065.0933752616716	3789.015198676311	0.013233012133769862	54.502113794188794	1723.9218234146392	291.1712727911692	0.5729349781944509	-0.2274603405209455	0.09048122284052967	0.6230405664443293	-4.4658711157263285e-14	-1.1662892137650524e-14	0.6230405664443293	4.091686487131078	182.6535228902951	338.3464771097049	8.35032320761014	NaN	0.23502711451189706	0.6028584327262542	-460.37756852557493	-0.004350993916613302	0.04485639323189483	0.009042540589561427	0	9.809840888546235	-1.4886812014452575	3.3674009310409283	8.385304446526606	12.788118361872472	17.9355178325443	26.87067399241098	0.06098607343722858	1.01671963520151	5.654463953663978	1.0227694402808407	49.49942310379363	1.093116756668688	5.931624609930978	1.093116756668688	1.1287643226639001	1.093116756668688	0.029961427469056875	1.3113667644180769	NaN	NaN	800000009	800000009	800000009	800000019	800000019	800001019	899999999	899999999	89999	89999	89	89	15	26	0	9	18	5	1	NaN	0	0	0	0	0	0	0	0	0	NaN	NaN	NaN	NaN	0	4	0	0	0	0	0	0	0	0	0	0	18000	18000	18000	18000	93	NaN	0.2853336278229989	0.6602249919461247	0.2601582456833847	0.1379735403596145	15.67517355023378	0.29300559984276453	1.9726962389176775e-7	NaN	0.004951181373549895	0.15510675050803555	0.029516191210866016	0.000029961427469056876	NaN	15.896977317009343	814.9886575204104	95.64913239754571	96.27391982862684	95.02434600702921	1.2495749131176195	0.0002878498007339658	67.99106118604873	076
DATA	2026-08-29T180000_AIU-1657.ghg	2026-08-29	18:30:00	241.77	1	18000	18000	0.06580862624742254	1	NaN	43.63117617181004	1	NaN	82.77868191602442	1	NaN	0.1547222763078509	2	NaN	1.8879137569395528	1	NaN	0.05975849942653277	1	NaN	NaN	NaN	NaN	NaN	NaN	NaN	NaN	NaN	NaN	1.0663851268622158e-10	5.414632667210679e-12	5.536772751786033e-13	NaN	15.938066577967481	412.6673532571158	421.4992054595344	0.1	1	809.264624678058	20.953425505962194	21.401867951778218	0.3	0	0.0827519537943105	2.0802846800945276	2.124806658120018	0	0	NaN	NaN	NaN	NaN	9	307.06187071736645	301.3835309414333	97841.00885394965	1.1220296081182468	1017.3086170215888	0.025609943167975893	0.12233681144968302	0.014743520968019955	2050.6542092231966	3820.6793832543754	0.013140046270923527	53.67250176005326	1770.0251740311787	291.0597258491992	0.5591222155319744	-0.3459891564881934	-0.027853997982605603	0.6581048499383569	-3.836433863149656e-15	6.6908060751632755e-15	0.6581048499383569	4.315373930007816	192.74954288240144	328.25045711759856	-2.425743239372129	NaN	0.24218054594747426	0.6164622315248	-28.019188336126984	-0.07149029357917806	0.5270822772470825	0.15783402295969545	0	9.170693708341506	-1.3916881510035872	3.1480023868498064	7.838971049986685	11.954925460583086	16.766952941592116	25.119950845361533	0.06475870168357416	1.0162128723484691	47.95046570465305	1.022510882073987	75.73273803769507	1.0930369620971887	0.14155264796442774	1.0930369620971887	1.727218586750488	1.0930369620971887	0.031009259217195845	1.3106472143723942	NaN	NaN	800000009	800000009	800000009	800000009	800000019	810001019	899999999	899999999	89999	89999	89	89	20	15	0	6	23	0	3	NaN	0	0	0	0	0	0	0	0	0	NaN	NaN	NaN	NaN	0	0	0	0	0	0	0	0	0	0	0	0	18000	18000	18000	18000	93	NaN	0.31694072288136826	0.5890726887132541	0.3269110514549775	0.12663367025517835	9.246586007979015	0.13613604994452713	1.7390720527480465e-7	NaN	0.04200836599757635	0.0037027616209358467	0.045180918802691324	0.000031009259217195845	NaN	15.939200831543136	809.3238403706936	95.65819821251763	96.28121349080403	95.035185163286	1.2460292243162814	0.00028739199873396295	67.99193532000648	160
DATA	2026-08-29T183000_AIU-1657.ghg	2026-08-29	19:00:00	241.791	0	18000	18000	0.06587004399427598	0	NaN	70.75306762537708	1	NaN	81.27961903168462	0	NaN	-5.456974408827327	2	NaN	1.8540244745188532	0	NaN	0.03604418066603822	2	NaN	NaN	NaN	NaN	NaN	NaN	NaN	NaN	NaN	NaN	-8.820203494284439e-11	-4.5494103009075596e-12	-4.570814421346245e-13	NaN	15.991087957597896	414.3574249481982	423.40660555716795	0.1	1	824.8111318991367	21.37231798040047	21.839069518546925	0.4	0	0.08286917132577397	2.085133896660635	2.1306712807852857	0	1	NaN	NaN	NaN	NaN	9	306.68442703416605	301.54937455685405	97849.37872044482	1.1213293947461394	1017.5498951671652	0.025621843826197442	0.12014078594882169	0.01503128265155463	2091.828996710796	3857.67685937623	0.013404877034332628	54.22509642368117	1765.8478626654337	291.376019605715	0.6159312767708979	0.2555604236535581	0.11139061730570812	0.6760845638426708	3.9736464968602126e-14	-5.5156994431349295e-15	0.6760845638426708	4.616868602522544	138.46560169089503	22.534398309104965	9.48320026689872	NaN	0.24236916869515604	0.3430641547152933	-17.321349536200035	-0.11564341426248019	0.8704896561805482	0.2558462054014652	0	13.083587108422872	-1.9854848205052866	4.4911720700484645	11.183653476466821	17.05577719774572	23.920970030283602	35.837972076817444	0.06483433510936548	1.015974697406296	74.57792595297977	1.022393957300665	74.36246123660554	1.093019484294235	-4.992568281937726	1.093019484294235	1.696241010484823	1.093019484294235	0.005743629681109405	1.3103104066462918	NaN	NaN	800000009	800000009	800000009	800000019	800000019	810000019	899999999	899999999	89999	89999	89	89	15	10	1	1	1	1	1	NaN	0	0	0	0	0	0	0	0	0	NaN	NaN	NaN	NaN	0	4	0	0	0	0	0	0	0	0	0	0	18000	18000	18000	18000	93	NaN	0.36062411366799063	0.1908269465199617	0.1346772492426342	0.25890004473965783	13.224245114530241	0.23664277221213592	2.0292466761298298e-7	NaN	0.06536140518607476	-0.13071319821332522	0.044410226340463564	0.000005743629681109405	NaN	15.992194117330934	824.8694240928717	95.64386758422852	96.28049589686924	95.0072380019294	1.2732560775644242	0.00028819119572290206	67.97713269445632	148
DATA	2026-08-29T190000_AIU-1657.ghg	2026-08-29	19:30:00	241.812	0	18000	18000	0.023768208383659745	0	NaN	-6.34891766061179	2	NaN	36.57720214482245	0	NaN	9.056852701487612	1	NaN	0.8334636224182851	0	NaN	0.0720005513415831	0	NaN	NaN	NaN	NaN	NaN	NaN	NaN	NaN	NaN	NaN	1.482884200229574e-10	7.725759496340721e-12	7.662687466926382e-13	NaN	16.160672189661398	417.1899495469944	426.4592142877094	0.1	0	841.9636989671658	21.735407350025106	22.218331843276758	0.4	0	0.08350900240602242	2.0913634611547653	2.137830068539606	1.1	0	NaN	NaN	NaN	NaN	9	306.2346176868015	300.4671224207173	97843.54729761425	1.1251454854911265	1017.7283147026925	0.025531409324391442	0.05400844273270487	0.015340792283805508	2127.2398136274865	3621.757300095189	0.013634496588776024	58.73501831753269	1494.5174864677024	291.64369830045047	0.36566618684521246	0.0281231044791389	0.01312651313154856	0.366980891266078	1.0330653484407285e-14	9.175881936261487e-15	0.366980891266078	1.6706398011854244	156.60208340967029	4.397916590329642	2.0498458801781023	NaN	0.14534292037497826	0.11538036682145093	41.626929621283736	0.048120291797255695	-0.1735758146693155	-0.03814742897819278	1	1.393471893776195	1	1	2	4	8	28	0.023404842964585833	1.0155252235455596	-4.082286823895939	1.0240515994788038	32.87930690922528	1.1124687708839633	8.141219725467954	1.1124687708839633	0.7492018151269254	1.1124687708839633	0.05083763052657533	1.4349919037879457	NaN	NaN	800000009	800000009	800000009	800000019	800000019	800000019	899999999	899999999	89999	89999	89	89	6	1	1	16	3	0	0	NaN	0	0	0	0	0	0	0	0	0	NaN	NaN	NaN	NaN	0	13	0	0	0	0	0	0	0	0	0	0	18000	18000	18000	18000	93	NaN	0.13113825982733834	0.06375868103029092	0.03586379278527261	0.20114390266451693	20.913226014307423	0.19938482582059394	0.0000019717716443180824	NaN	-0.0035650282519316696	0.21247631118572002	0.019553290953913522	0.00005083763052657533	NaN	16.16163482540972	842.0236729886639	95.67409988403321	96.28763249990675	95.06056810294257	1.2270635495119582	0.00028698484720532873	67.98926017524101	114
DATA	2026-08-29T193000_AIU-1657.ghg	2026-08-29	20:00:00	241.833	0	18000	18000	0.015263814590262248	1	NaN	-12.27716134716447	2	NaN	44.887234971521806	1	NaN	9.189775352826318	1	NaN	1.0210505636360978	1	NaN	0.028427105691013973	0	NaN	NaN	NaN	NaN	NaN	NaN	NaN	NaN	NaN	NaN	-1.982350076221513e-10	-1.0489508309833602e-11	-9.889751731529048e-13	NaN	16.743425319496758	429.21948476701107	439.19444203605894	-0.1	0	885.9701479100111	22.711938754973772	23.239758731974753	0.2	0	0.08353132049251481	2.076093997667013	2.1243419212776957	0.4	0	NaN	NaN	NaN	NaN	9	306.1553878326415	298.6868024054632	97843.15500737847	1.1314259629027232	1018.2417110891208	0.025380233037372454	0.06616407652361914	0.016125507704138706	2222.803827824343	3260.9506634457466	0.01425237552686877	68.16428879900852	1038.1468356214036	292.3470603030008	-0.09134459201457416	-0.5953027142198334	0.2510248798879732	0.6524895756795832	5.157390683149216e-14	-1.1839573076562656e-14	0.6524895756795832	1.692235852613291	259.7235543672639	261.2764456327361	22.62627208359295	NaN	0.11614980121316153	0.13284643698685236	10.987678264095601	0.18230420948395648	-0.2735111965562943	-0.09174923859056164	1	5.497824300865683	2	5	11	20	44	191	0.015016674789831833	1.016457691458948	-9.437929336570376	1.032300717311211	38.725076351670126	1.1591257965224369	7.928195007303882	1.1591257965224369	0.8808798550592292	1.1591257965224369	0.018577816486045604	1.6131881047551109	NaN	NaN	800000009	800000009	800000009	800000009	800000019	800000019	899999999	899999999	89999	89999	89	89	2	3	0	7	0	0	1	NaN	0	0	0	0	0	0	0	0	0	NaN	NaN	NaN	NaN	0	0	0	0	0	0	0	0	0	0	0	0	18000	18000	18000	18000	93	NaN	0.19200008827371448	0.04637357010968506	0.027319215590305188	0.12048267940021423	91.95219541438593	0.48176869830149766	5.472221162024872e-7	NaN	-0.008192183989824162	0.20589701154046636	0.022876648406832338	0.000018577816486045605	NaN	16.74497311999711	886.0467746504424	95.71938500171238	96.26491147761875	95.17385971535576	1.0910505642294972	0.00028534823260593445	68.0385371292962	140
DATA	2026-08-29T200000_AIU-1657.ghg	2026-08-29	20:30:00	241.854	0	18000	18000	0.02651796762654468	0	NaN	0.6007719399968993	2	NaN	21.712624852163593	1	NaN	19.16396380243266	2	NaN	0.49329118050841836	1	NaN	0.007637682209082662	1	NaN	NaN	NaN	NaN	NaN	NaN	NaN	NaN	NaN	NaN	1.064785780679788e-10	5.570354079882099e-12	5.099396918318881e-13	NaN	17.413721946301475	443.87662889838197	454.42897067092974	0.1	1	910.9869689242569	23.22110264441991	23.773141196319944	0.1	0	0.08339656824938027	2.0614097548501644	2.110415940015689	-0.3	0	NaN	NaN	NaN	NaN	9	305.27076751624213	297.4218149909725	97855.1900009726	1.1361571956225425	1018.5051709192611	0.025269635364362057	0.03196526849694551	0.016559173521440873	2272.914933174049	3024.019858987334	0.014574720457029268	75.1620372604031	751.1049258132848	292.7053501245187	-0.08155549182070712	-1.2476451017142252	0.5292615737800636	1.3577140389484812	-4.053005564565702e-14	6.1146363997499076e-15	1.3577140389484812	2.70004806177372	254.73996339968994	266.26003660031	22.94318458745491	NaN	0.1527745124306134	0.19833122507774795	-511.0433140659445	-0.003919628620249441	0.027669245155176818	0.003398263666264199	1	13.517671178685918	6	12	22	38	73	243	0.02619855672078704	1.0121919275615747	1.8850047073531513	1.021928291213114	19.76515852021275	1.098530266274327	17.445094041357073	1.098530266274327	0.44904650846027094	1.098530266274327	0.004674924532679079	1.305257013271586	NaN	NaN	800000009	800000009	800000009	800000019	800000019	800000019	899999999	899999999	89999	89999	89	89	16	1	0	10	2	0	8	NaN	0	0	0	0	0	0	0	0	0	NaN	NaN	NaN	NaN	0	7	0	0	0	0	0	0	0	0	0	0	18000	18000	18000	18000	93	NaN	0.3033682857783631	0.05826384172465757	0.035030322652475236	0.0643160228484308	93.68087453535266	0.2852343970831348	1.270271515414095e-7	NaN	0.0016289613405839265	0.4513139848402403	0.011617075186373506	0.000004674924532679079	NaN	17.415169704807496	911.0433989937641	95.74751296446058	96.22653839323257	95.26848600557115	0.9580522743894065	0.0002836053545130805	67.83552913665774	196
DATA	2026-08-29T203000_AIU-1657.ghg	2026-08-29	21:00:00	241.874	0	18000	18000	0.07052019716967482	1	NaN	18.826586223862172	1	NaN	31.664482346983764	1	NaN	8.358463446617987	1	NaN	0.7192158217390381	1	NaN	0.01680557581209548	1	NaN	NaN	NaN	NaN	NaN	NaN	NaN	NaN	NaN	NaN	6.429893717044021e-10	3.2796924533196326e-11	3.050696246484369e-12	NaN	17.56923476608659	447.0825417144977	457.51587806242594	0.1	1	896.1530191423633	22.804315321499416	23.336487951235767	0.1	0	0.08335814076121859	2.05774858887299	2.1057692140238973	1.3	0	NaN	NaN	NaN	NaN	9	305.13260628000893	297.17454806040735	97896.36521050082	1.137761883133959	1018.2620141725504	0.02523800743022078	0.046605185248689666	0.016282338067712662	2233.058414739026	2979.505081012229	0.014310848613475298	74.94729339345137	746.4466662732029	292.4209518005282	-0.07914354198766194	-0.885294879215974	0.41678722214164493	0.9816935937169858	9.274630610301247e-16	3.659746029152884e-14	0.9816935937169858	2.887661360663819	256.10854461835174	264.8914553816483	25.122776704877513	NaN	0.24896085619879718	0.30050966032164506	-70.58819237426148	-0.028377267254266574	0.5945647876872846	0.06527240063223878	0	22.61448553870215	-3.431835427741642	7.762821081731382	19.33052210510346	29.480265892939865	41.34649208498179	61.94457946061661	0.06958771667200019	1.0134000732064519	20.456208681360817	1.0214998366495662	28.93377615606432	1.0943778017839925	7.63763979221115	1.0943778017839925	0.6571915298049845	1.0943778017839925	0.006721062312845667	1.3067075953973362	NaN	NaN	800000009	800000009	800000009	800000019	800000019	800000019	899999999	899999999	89999	89999	89	89	14	2	0	1	2	0	5	NaN	0	0	0	0	0	0	0	0	0	NaN	NaN	NaN	NaN	0	2	0	0	0	0	0	0	0	3001	0	0	18000	18000	18000	18000	93	NaN	0.5042903951446192	0.06055031164063782	0.036178613858033136	0.1054799015928153	91.11859299731584	0.2955438875875735	2.717390613074684e-7	NaN	0.017656890447384697	0.19725835825929044	0.016973374728073174	0.000006721062312845667	NaN	17.570335162468115	896.2061301345349	95.77592954805162	96.23411046727499	95.31774782647027	0.9163625919901662	0.0002829977809435351	67.39761897548748	182
DATA	2026-08-29T210000_AIU-1657.ghg	2026-08-29	21:30:00	241.895	0	18000	18000	0.02569427670920866	0	NaN	8.8216583865586	1	NaN	15.996043727665453	1	NaN	-0.8170075272402968	2	NaN	0.363273148198174	1	NaN	0.01592588144405799	0	NaN	NaN	NaN	NaN	NaN	NaN	NaN	NaN	NaN	NaN	-3.1865868318930174e-10	-1.6097495422407198e-11	-1.5081031597015319e-12	NaN	17.65695477650098	448.86862888308656	459.2829786031818	0.1	1	891.9661182417072	22.675235541644476	23.201331191286602	0.4	0	0.08356436116109005	2.061200468434072	2.1090230631538462	-0.5	0	NaN	NaN	NaN	NaN	9	305.0674806586372	297.017574736232	97946.37690751154	1.1390008110603576	1018.1851945817209	0.0252117964372366	0.023540100003241676	0.016207006608143375	2221.5529150777497	2951.543336818759	0.014229144045170077	75.26750115321668	729.9904217410094	292.338026159294	-0.1281348549230894	-0.7291354682305289	0.335787083595541	0.8129022312599629	-2.80365684200992e-15	-1.804720503749567e-14	0.8129022312599629	2.4539864357908265	260.9671192219845	260.0328807780155	24.397954514110964	NaN	0.15019524434804907	0.1916251715871086	-33.088397036015586	-0.06053783741230179	0.5514900144528474	0.05064577755995351	1	6.605791098991146	3	5	10	16	29	82	0.025326072111428493	1.0145385591638592	9.65217014542587	1.0217805542127096	14.631017401926421	1.0932967467839456	-0.7472879889596449	1.0932967467839456	0.3322731447493853	1.0932967467839456	0.009368986199018948	1.3082787304711556	NaN	NaN	800000009	800000009	800000009	800000019	800000019	800000019	899999999	899999999	89999	89999	89	89	24	0	0	16	0	0	5	NaN	0	0	0	0	0	0	0	0	0	NaN	NaN	NaN	NaN	0	16	0	0	0	0	0	0	0	0	0	0	18000	18000	18000	18000	93	NaN	0.26817783520023913	0.07846508413318712	0.03660742384079091	0.0717205652623232	108.44404575679351	0.35005263802738307	4.089208016365621e-7	NaN	0.008322890059640894	-0.01927771667866399	0.008571618491185555	0.000009368986199018949	NaN	17.658059276536523	892.0167799129501	95.78653763156467	96.23908510292901	95.33399252446493	0.905092027329736	0.0002827466282987088	67.4110170033296	053
DATA	2026-08-29T213000_AIU-1657.ghg	2026-08-29	22:00:00	241.916	0	18000	18000	0.033113598673675526	0	NaN	2.0917885976886015	2	NaN	21.504798320675565	2	NaN	-2.252141687258392	2	NaN	0.48853821792797225	2	NaN	0.015793965635897956	1	NaN	NaN	NaN	NaN	NaN	NaN	NaN	NaN	NaN	NaN	-2.8456007513043433e-11	-1.4374871260916144e-12	-1.3704938560527057e-13	NaN	17.360413393897446	441.7549054412864	451.8380069000417	0.1	1	876.9807481220677	22.31574437027379	22.825103546236637	0.1	1	0.08361095590787221	2.0651149360459296	2.112251398296058	-1.4	0	NaN	NaN	NaN	NaN	9	305.31744690280493	297.3557160644531	97988.158890625	1.138346963574181	1017.9872704514845	0.025229736443148867	0.0316572765217326	0.01593872061836635	2187.265258531709	3012.063787408765	0.01400163669635659	72.61683061544264	824.798528877056	292.0886461334359	0.04758086495010249	-0.48968316242151655	0.24806148730927655	0.5509882392162436	-1.2094994455397532e-14	-1.6391319070228089e-15	0.5509882392162436	2.163876924139487	245.45018409303339	275.5498159069666	26.757282987142545	NaN	0.1705555529586304	0.19238970689080348	-204.38291033069396	-0.009800721580678934	0.09727078424527576	0.01058363677769178	1	2.6087477834616917	1	2	4	7	14	45	0.03252892767222906	1.0179738787376509	3.3438773511447626	1.0234524946841255	19.666072423679523	1.0934973622278574	-2.059576698630483	1.0934973622278574	0.44676670909625216	1.0934973622278574	0.010621874629191761	1.313155289845155	NaN	NaN	800000009	800000009	800000009	800000009	800000019	800000019	899999999	899999999	89999	89999	89	89	12	0	0	16	5	0	4	NaN	0	0	0	0	0	0	0	0	0	NaN	NaN	NaN	NaN	0	0	0	0	0	0	0	0	0	0	0	0	18000	18000	18000	18000	93	NaN	0.2915533843522031	0.059547718606920805	0.033678310822482994	0.07948370922263562	92.54185501605882	0.33225156897903135	3.132024151874436e-7	NaN	0.0028855814598807775	-0.0531489539074732	0.011529157056855211	0.000010621874629191762	NaN	17.36152555206177	877.0335797328371	95.79299757406446	96.25694081115722	95.3290545539856	0.9278864629666029	0.00028281305336956086	65.74770733650747	204
DATA	2026-08-29T220000_AIU-1657.ghg	2026-08-29	22:30:00	241.937	0	18000	18000	0.01518639893636091	0	NaN	11.117664795025778	1	NaN	-22.53312411840055	2	NaN	-30.23517904512601	1	NaN	-0.5117801651213231	2	NaN	0.022151628882186608	1	NaN	NaN	NaN	NaN	NaN	NaN	NaN	NaN	NaN	NaN	9.27148585696998e-11	4.634414850530084e-12	4.486738055695143e-13	NaN	17.342185843513914	440.84207474061583	450.775263316395	0.1	1	866.8608770342182	22.035788970982605	22.53230611352993	0.1	1	0.08392381371593932	2.0703461269243952	2.116995799617217	0	1	NaN	NaN	NaN	NaN	9	305.1660273717245	297.1156810464822	97999.38657074653	1.1395187977447425	1017.8225798443766	0.025206481985855924	-0.03316335469986173	0.01575328616994301	2160.0730631109177	2968.9920923754894	0.01382450750362419	72.75442291200729	808.9190292645717	291.8884237628612	0.16380145198718804	-0.17790184100284454	0.026695758479862514	0.24329538472020656	-3.037717573523208e-14	5.346203725776341e-15	0.24329538472020656	1.7255516445991828	208.3629701686034	312.6370298313966	6.299504117342201	NaN	0.1154427477617611	0.1326561857408515	-11.92512099888596	-0.1679731384014576	-0.4933920718941539	0.0830335001541348	1	1.1027877750483206	1	1	2	3	4	11	0.01472500709675104	1.0313338959077087	9.515905637070095	1.0319128436798077	-20.437581265392026	1.1025337991710893	-27.42335796676485	1.1025337991710893	-0.4641854657935125	1.1025337991710893	0.015401832553717201	1.3324530727708757	NaN	NaN	800000009	800000009	800000009	800000009	800000019	800010019	899999999	899999999	89999	89999	89	89	10	2	0	16	7	0	3	NaN	0	0	0	0	0	0	0	0	0	NaN	NaN	NaN	NaN	0	0	0	0	0	0	0	0	0	0	0	0	18000	18000	18000	18000	93	NaN	0.1136847180208446	0.1124203992894192	0.039207254171439235	0.05989172228459654	242.36542219716836	0.46017801192420643	1.941626137440686e-7	NaN	0.008204583735457243	-0.7068260256766632	-0.011964193749041634	0.0000154018325537172	NaN	17.343308709953845	866.9148940959518	95.812430135515	96.26976576020982	95.35509583112929	0.9146709206369188	0.00028242199536180127	62.002774895349965	058
DATA	2026-08-29T223000_AIU-1657.ghg	2026-08-29	23:00:00	241.958	0	18000	18000	0.01397973785778152	1	NaN	20.965838351574355	1	NaN	1.9400649823860376	2	NaN	-14.53379669475935	1	NaN	0.044064621400937566	2	NaN	0.052595060253622754	1	NaN	NaN	NaN	NaN	NaN	NaN	NaN	NaN	NaN	NaN	1.422979342201442e-11	7.152456558454532e-13	6.818608441094174e-14	NaN	17.609477346157043	447.86038714101016	458.17445918049924	0.1	1	885.1219269327057	22.511233074704975	23.029659098297756	0.1	1	0.08438079690602088	2.082283133678194	2.1302374043929384	0	1	NaN	NaN	NaN	NaN	9	304.97140209197994	297.14351398383246	98008.58465993924	1.139312421125543	1018.0943799076592	0.025206477410456615	0.0028553874667807543	0.01609318193696883	2206.8859076366443	2973.9587008930807	0.014125345812582422	74.20701259146321	767.0727932564364	292.23176640035484	0.22802686170413905	0.09130089143734349	0.012281791114194782	0.24593280551578098	8.612460355887418e-15	8.080758526952999e-16	0.24593280551578098	0.9581111815969233	139.17906648133595	21.820933518664063	2.862520197076619	NaN	0.11077151557888533	0.03305939716708277	-5.587464615348382	-0.3584989146056731	10.806771186493451	0.1631748653423599	1	1.1324259965038361	1	1	2	2	4	10	0.01355822662644737	1.0310889648733212	20.582983306270865	1.031750806184907	1.7599505441284522	1.1023406247740786	-13.184487959643153	1.1023406247740786	0.03997368908541176	1.1023406247740786	0.03498681726320139	1.3320941852116925	NaN	NaN	800000009	800000009	800000009	800000009	800000019	800010019	899999999	899999999	89999	89999	89	89	4	16	0	24	0	0	0	NaN	0	0	0	0	0	0	0	0	0	NaN	NaN	NaN	NaN	0	0	0	0	0	0	0	0	0	0	0	0	18000	18000	18000	18000	93	NaN	0.02571225178328718	0.02059565486765504	0.01981088768322331	0.06467195254822904	150.60707707840356	0.3476838739330988	6.525219640582828e-7	NaN	0.0177450590769971	-0.3399901483932691	0.0010308068485917435	0.00003498681726320139	NaN	17.610636322052837	885.1789722740428	95.78432330364652	96.25288200844659	95.31576477135552	0.9371184355136416	0.0002825525861731472	59.80506939739656	156
DATA	2026-08-29T230000_AIU-1657.ghg	2026-08-29	23:30:00	241.979	0	18000	18000	0.029275788165485733	1	NaN	2.882550347408578	1	NaN	55.052587142230735	1	NaN	14.053009042830155	0	NaN	1.2498171966964677	1	NaN	0.0610602008652592	1	NaN	NaN	NaN	NaN	NaN	NaN	NaN	NaN	NaN	NaN	2.0230075261258397e-10	1.0172930416921297e-11	9.596919944202462e-13	NaN	17.88253863559118	454.204938395292	464.82156882052965	0	0	899.2444114439728	22.8402275999734	23.3740973023019	0.1	1	0.08483274998661611	2.0891350806251676	2.1379667272773526	-1.3	0	NaN	NaN	NaN	NaN	9	304.4212792985704	296.65676838684084	98024.18096354167	1.141220162065632	1018.272337974137	0.0251611831705641	0.08098815434593111	0.016357772431186534	2239.4951632850157	2888.139436179787	0.01433358170046578	77.54110259466042	648.6442728947713	292.4671812848603	0.33441095186640946	0.02257167828872693	0.024177330670720268	0.33604271857507806	1.7355592869925412e-15	1.131275356005381e-14	0.33604271857507806	1.6090480256902888	157.13857354420793	3.861426455792009	4.125835294096623	NaN	0.16016572359291895	0.06997172171903632	-122.86984670017962	-0.016302616580029246	0.05235994341122216	0.015487236829658677	1	1.1193863768004542	1	1	2	3	6	17	0.028565300039549126	1.0248724195073367	6.09321144229572	1.0276930568709945	50.155740627108614	1.0976328223628187	12.803014593330904	1.0976328223628187	1.1386477984559986	1.0976328223628187	0.04349850650736772	1.3230474710172502	NaN	NaN	800000009	800000009	800000009	800000009	800000019	800000019	899999999	899999999	89999	89999	89	89	8	8	0	0	15	0	0	NaN	0	0	0	0	0	0	0	0	0	NaN	NaN	NaN	NaN	0	0	0	0	0	0	0	0	0	0	0	0	18000	18000	18000	18000	93	NaN	0.06979371453928895	0.03420923694919723	0.03594049194958646	0.10934321236769981	42.87293827089302	0.11167733841129189	0.000003929781264605725	NaN	0.005243398519966598	0.32967077052729166	0.02931957113223384	0.000043498506507367714	NaN	17.883736188040835	899.3000486823107	95.77136107974582	96.23390502039591	95.30881786855062	0.9250892326550336	0.00028261155029112055	59.307080070272924	005
