DATAH	filename	date	time	DOY	daytime	file_records	used_records	Tau	qc_Tau	rand_err_Tau	H	qc_H	rand_err_H	LE	qc_LE	rand_err_LE	co2_flux	qc_co2_flux	rand_err_co2_flux	h2o_flux	qc_h2o_flux	rand_err_h2o_flux	ch4_flux	qc_ch4_flux	rand_err_ch4_flux	none_flux	qc_none_flux	rand_err_none_flux	H_strg	LE_strg	co2_strg	h2o_strg	ch4_strg	none_strg	co2_v-adv	h2o_v-adv	ch4_v-adv	none_v-adv	co2_molar_density	co2_mole_fraction	co2_mixing_ratio	co2_time_lag	co2_def_timelag	h2o_molar_density	h2o_mole_fraction	h2o_mixing_ratio	h2o_time_lag	h2o_def_timelag	ch4_molar_density	ch4_mole_fraction	ch4_mixing_ratio	ch4_time_lag	ch4_def_timelag	none_molar_density	none_mole_fraction	none_mixing_ratio	none_time_lag	none_def_timelag	sonic_temperature	air_temperature	air_pressure	air_density	air_heat_capacity	air_molar_volume	ET	water_vapor_density	e	es	specific_humidity	RH	VPD	Tdew	u_unrot	v_unrot	w_unrot	u_rot	v_rot	w_rot	wind_speed	max_wind_speed	wind_dir	yaw	pitch	roll	u*	TKE	L	(z-d)/L	bowen_ratio	T*	model	x_peak	x_offset	x_10%	x_30%	x_50%	x_70%	x_90%	un_Tau	Tau_scf	un_H	H_scf	un_LE	LE_scf	un_co2_flux	co2_scf	un_h2o_flux	h2o_scf	un_ch4_flux	ch4_scf	un_none_flux	un_none_scf	spikes_hf	amplitude_resolution_hf	drop_out_hf	absolute_limits_hf	skewness_kurtosis_hf	skewness_kurtosis_sf	discontinuities_hf	discontinuities_sf	timelag_hf	timelag_sf	attack_angle_hf	non_steady_wind_hf	u_spikes	v_spikes	w_spikes	ts_spikes	co2_spikes	h2o_spikes	ch4_spikes	none_spikes	head_detect_LI-7200	t_out_LI-7200	t_in_LI-7200	aux_in_LI-7200	delta_p_LI-7200	chopper_LI-7200	detector_LI-7200	pll_LI-7200	sync_LI-7200	chopper_LI-7500	detector_LI-7500	pll_LI-7500	sync_LI-7500	not_ready_LI-7700	no_signal_LI-7700	re_unlocked_LI-7700	bad_temp_LI-7700	laser_temp_unregulated_LI-7700	block_temp_unregulated_LI-7700	motor_spinning_LI-7700	pump_on_LI-7700	top_heater_on_LI-7700	bottom_heater_on_LI-7700	calibrating_LI-7700	motor_failure_LI-7700	bad_aux_tc1_LI-7700	bad_aux_tc2_LI-7700	bad_aux_tc3_LI-7700	box_connected_LI-7700	mean_value_RSSI_LI-7200	mean_value_LI-7500	u_var	v_var	w_var	ts_var	co2_var	h2o_var	ch4_var	none_var	w/ts_cov	w/co2_cov	w/h2o_cov	w/ch4_cov	w/none_cov	co2_mean	h2o_mean	avg_signal_strength_7200_mean	co2_signal_strength_7200_mean	h2o_signal_strength_7200_mean	delta_signal_strength_7200_mean	flowrate_mean	rssi_77_mean	CHK
DATAU		[yyyy-mm-dd]	[HH:MM]	[ddd.ddd]	[1=daytime]	[#]	[#]	[kg+1m-1s-2]	[#]	[kg+1m-1s-2]	[W+1m-2]	[#]	[W+1m-2]	[W+1m-2]	[#]	[W+1m-2]	[µmol+1s-1m-2]	[#]	[µmol+1s-1m-2]	[mmol+1s-1m-2]	[#]	[mmol+1s-1m-2]	[µmol+1s-1m-2]	[#]	[µmol+1s-1m-2]	[µmol+1s-1m-2]	[#]	[µmol+1s-1m-2]	[W+1m-2]	[W+1m-2]	[µmol+1s-1m-2]	[mmol+1s-1m-2]	[µmol+1s-1m-2]	[µmol+1s-1m-2]	[µmol+1s-1m-2]	[mmol+1s-1m-2]	[µmol+1s-1m-2]	[µmol+1s-1m-2]	[mmol+1m-3]	[µmol+1mol_a-1]	[µmol+1mol_d-1]	[s]	[1=default]	[mmol+1m-3]	[mmol+1mol_a-1]	[mmol+1mol_d-1]	[s]	[1=default]	[mmol+1m-3]	[µmol+1mol_a-1]	[µmol+1mol_d-1]	[s]	[1=default]	[mmol+1m-3]	[µmol+1mol_a-1]	[µmol+1mol_d-1]	[s]	[1=default]	[K]	[K]	[Pa]	[kg+1m-3]	[J+1kg-1K-1]	[m+3mol-1]	[mm]	[kg+1m-3]	[Pa]	[Pa]	[kg+1kg-1]	[%]	[Pa]	[K]	[m+1s-1]	[m+1s-1]	[m+1s-1]	[m+1s-1]	[m+1s-1]	[m+1s-1]	[m+1s-1]	[m+1s-1]	[deg_from_north]	[deg]	[deg]	[deg]	[m+1s-1]	[m+2s-2]	[m]	[#]	[#]	[K]	[0=KJ/1=KM/2=HS]	[m]	[m]	[m]	[m]	[m]	[m]	[m]	[kg+1m-1s-2]	[#]	[W+1m-2]	[#]	[W+1m-2]	[#]	[µmol+1s-1m-2]	[#]	[mmol+1s-1m-2]	[#]	[µmol+1s-1m-2]	[#]	[µmol+1s-1m-2]	[#]	8u/v/w/ts/co2/h2o/ch4/none	8u/v/w/ts/co2/h2o/ch4/none	8u/v/w/ts/co2/h2o/ch4/none	8u/v/w/ts/co2/h2o/ch4/none	8u/v/w/ts/co2/h2o/ch4/none	8u/v/w/ts/co2/h2o/ch4/none	8u/v/w/ts/co2/h2o/ch4/none	8u/v/w/ts/co2/h2o/ch4/none	8co2/h2o/ch4/none	8co2/h2o/ch4/none	8aa	8U	[#]	[#]	[#]	[#]	[#]	[#]	[#]	[#]	[#_flagged_recs]	[#_flagged_recs]	[#_flagged_recs]	[#_flagged_recs]	[#_flagged_recs]	[#_flagged_recs]	[#_flagged_recs]	[#_flagged_recs]	[#_flagged_recs]	[#_flagged_recs]	[#_flagged_recs]	[#_flagged_recs]	[#_flagged_recs]	[#_flagged_recs]	[#_flagged_recs]	[#_flagged_recs]	[#_flagged_recs]	[#_flagged_recs]	[#_flagged_recs]	[#_flagged_recs]	[#_flagged_recs]	[#_flagged_recs]	[#_flagged_recs]	[#_flagged_recs]	[#_flagged_recs]	[#_flagged_recs]	[#_flagged_recs]	[#_flagged_recs]	[#_flagged_recs]	[#]	[#]	[m+2s-2]	[m+2s-2]	[m+2s-2]	[K+2]	--	--	--	--	[m+1s-1K+1]	--	--	--	--	--	--	--	--	--	--	--	--	241
DATA	2026-08-07T233000_AIU-1657.ghg	2026-08-08	00:00:00	220	0	18000	18000	0.10769103592195246	1	NaN	13.135920800451439	2	NaN	-19.508755165886374	2	NaN	7.904509764806202	1	NaN	-0.4422511354357444	2	NaN	-0.005934547121624766	2	NaN	NaN	NaN	NaN	NaN	NaN	NaN	NaN	NaN	NaN	-7.652482608265441e-10	-4.267956363099375e-11	-3.6883171826967994e-12	NaN	17.897631361852117	453.1517942507171	464.90136898898487	0.1	0	998.1899151618962	25.273263367280315	25.92856276271753	0.1	1	0.08626238654916069	2.1124768404935543	2.1672503288370786	0	1	NaN	NaN	NaN	NaN	9	304.1788093855116	295.1610118035211	97869.08707790799	1.1441258597494428	1019.6415825245161	0.025073991445133337	-0.028657873576236236	0.018163211656114595	2474.1346957043647	2637.7999488837295	0.015875186721233833	93.79538796152359	163.66525317936475	294.0777105987233	-0.52373147590361	-1.502753792290859	0.5736487976594687	1.6916372430733717	-1.0653700380465257e-13	-4.275695735121864e-14	1.6916372430733717	3.0793005522999444	270.2141863724049	250.78581362759508	19.82257665477143	NaN	0.3067982488829768	0.20827774994352244	-189.36554005853904	-0.010577954148261487	-0.6733346484055183	0.03670171046496959	0	19.38180490619265	-2.941263669996626	6.653146429986478	16.567275321597325	25.266140197697258	35.43612087814695	53.08976638213287	0.10642303812046022	1.0119146927571923	11.793822769942393	1.0229830462130474	-17.680792750197824	1.1033869036029562	7.163860418313039	1.1033869036029562	-0.40081238411624687	1.1033869036029562	-0.007004768850302396	1.3053206973474647	NaN	NaN	800000009	800000009	800000009	800000009	800000019	800000019	899999999	899999999	89999	89999	89	89	8	4	0	28	5	0	8	NaN	0	18000	0	0	0	0	0	0	0	NaN	NaN	NaN	NaN	0	0	0	0	0	0	0	0	0	3000	0	0	18000	18000	18000	18000	100	NaN	0.17635376837252167	0.15940816589734028	0.08079356561718294	0.0492621700499028	47.761127452171664	0.020474609085479174	2.0881629138872119e-7	NaN	0.010109583347820108	0.18428531547846103	-0.010310619183159666	-0.0000070047688503023955	NaN	17.898985171000163	998.2617039752806	99.79316100268893	100.40207688479953	99.18421667734782	1.217885403792062	0.00028115463972466797	53.284190573268674	200
DATA	2026-08-08T000000_AIU-1657.ghg	2026-08-08	00:30:00	220.02	0	18000	18000	0.11328698087735893	1	NaN	6.143825676056502	2	NaN	-8.617684321883793	2	NaN	21.86512208280616	1	NaN	-0.19535076902373769	2	NaN	0.005392119621291554	2	NaN	NaN	NaN	NaN	NaN	NaN	NaN	NaN	NaN	NaN	-6.365440328208791e-10	-3.582906068844958e-11	-3.1321163831881907e-12	NaN	17.569908606134074	444.5243248627641	455.9321463454715	0.1	0	988.9548708044097	25.020875527525078	25.6629859034807	0.1	1	0.0864527758629971	2.1165756875909842	2.1708933396252816	0.8	0	NaN	NaN	NaN	NaN	9	304.06217999776203	295.1256829206678	97871.07860112847	1.144396364103453	1019.4954037459249	0.025070480093535425	-0.012658729832738202	0.01798434585413105	2449.4769454858	2632.1239415457185	0.015715137183453402	93.06085123207919	182.64699605991837	293.91491375185433	-0.4027222499561154	-1.4360968061815929	0.4059416780153623	1.5457515626013616	8.049345317068178e-14	-3.622921707166116e-14	1.5457515626013616	3.019040459702604	266.66500202451573	254.33499797548424	15.225442451874043	NaN	0.31463118559241426	0.2549245540820084	-436.6718007440182	-0.004587197974742223	-0.7129323199336554	0.016736913681455884	0	20.21139246171374	-3.067156782116224	6.937916992381978	17.27639428663744	26.34759136210165	36.95287151301992	55.36213522132531	0.11194655453160474	1.0119738061735144	5.547890145152923	1.022467366249667	-7.825934852611063	1.1011699540290152	19.856264696294126	1.1011699540290152	-0.17740292341702443	1.1011699540290152	0.0031014794172650267	1.3051797697038277	NaN	NaN	800000009	800000009	800000009	800000009	800000019	800000119	899999999	899999999	89999	89999	89	89	7	7	0	25	14	0	7	NaN	0	18000	0	0	0	0	0	0	0	NaN	NaN	NaN	NaN	0	0	0	0	0	0	0	0	0	0	0	0	18000	18000	18000	18000	100	NaN	0.19441730565338375	0.2389127626523489	0.07651903985828426	0.03246291332233286	52.12530424677638	0.04108245700629488	5.27930182156693e-7	NaN	0.004755170696667383	0.5105847942159795	-0.0045617459543183785	0.0000031014794172650265	NaN	17.571260095470542	989.0234975348036	99.81306676271228	100.41588901689317	99.21026529693603	1.2056027556657787	0.00028166624845794614	56.60962675793969	133
DATA	2026-08-08T003000_AIU-1657.ghg	2026-08-08	01:00:00	220.041	0	18000	18000	0.07607308392290324	0	NaN	19.323590367840538	1	NaN	-1.4233892630161895	2	NaN	46.22524138537458	1	NaN	-0.03226376728966229	2	NaN	-0.04652625566008098	1	NaN	NaN	NaN	NaN	NaN	NaN	NaN	NaN	NaN	NaN	-1.0292387620300866e-10	-5.67958511611721e-12	-5.029063233743233e-13	NaN	17.822534305547343	450.94585024251427	462.45367143064	0.1	0	983.4899763551276	24.88426819604503	25.519297232554504	0.1	1	0.08708441162026072	2.131191850515148	2.185578368808042	0.4	0	NaN	NaN	NaN	NaN	9	303.85664970779425	295.04682834370925	97850.17113975695	1.1445173646966376	1019.4152246749709	0.02506913684745643	-0.0020906921203701165	0.01788711447483672	2435.5830458408886	2619.4934970753225	0.015628521704061545	92.97915984751361	183.91045123443382	293.8225493129448	-0.12578175093533175	-1.6369401094373215	0.31542248857503286	1.6717910506556346	-3.1809980944072806e-14	-5.774929336002071e-15	1.6717910506556346	3.29422563842056	255.39394806814016	265.6060519318599	10.875375004216975	NaN	0.2578127065220431	0.30117273669875927	-76.3723413876717	-0.026228081575136147	-13.575759540923805	0.06424066127577384	0	15.634694139206106	-2.3726251546605575	5.36688456001094	13.364301396431411	20.381402866307987	28.585207316411747	42.8258494667516	0.07517712899152854	1.01191791896543	18.95867354322975	1.022908701210905	-1.2903826662909734	1.10307531261833	41.90578907586228	1.10307531261833	-0.029248925182704846	1.10307531261833	-0.04150621333001746	1.3052896012942476	NaN	NaN	800000009	800000009	800000009	800000009	800000019	800000119	899999999	899999999	89999	89999	89	89	17	3	0	45	4	0	5	NaN	0	18000	0	0	0	0	0	0	0	NaN	NaN	NaN	NaN	0	0	0	0	0	0	0	0	0	0	0	0	18000	18000	18000	18000	100	NaN	0.3710169165415291	0.13370789928468244	0.09762065757130696	0.04989846539567437	58.581306851379324	0.04083415144174056	2.7885999508177053e-7	NaN	0.01624929214038321	1.0773584284241196	-0.0007519623604005635	-0.00004150621333001746	NaN	17.823970866419234	983.5609033875911	99.82762976815965	100.43399902047051	99.22125657780965	1.2127441381017359	0.00028134800184246477	55.429139290173715	094
DATA	2026-08-08T010000_AIU-1657.ghg	2026-08-08	01:30:00	220.062	0	18000	18000	0.043669729657488346	0	NaN	13.651312896730431	0	NaN	0.15614289637675338	2	NaN	21.723067332764856	1	NaN	0.0035387891812678467	2	NaN	0.055259172983532036	0	NaN	NaN	NaN	NaN	NaN	NaN	NaN	NaN	NaN	NaN	5.974305571124417e-10	3.260442995584026e-11	2.9060971592247476e-12	NaN	17.975016450027933	454.8521538809816	466.4304958563907	0	0	980.9762119176463	24.823295385415587	25.455176757146194	0.1	1	0.08743634489491435	2.1384621982651555	2.1928971315104704	0.1	0	NaN	NaN	NaN	NaN	9	303.79595683034256	294.90664511108406	97807.85710047741	1.1445928809108263	1019.3775446297175	0.025068066310202242	0.00022931353894615645	0.01784404847881638	2428.5645898682806	2597.1705499771556	0.01558986498729288	93.50809055992268	168.60596010887502	293.77571615193847	-0.26733389514098943	-1.5614587046773958	0.3838537110614566	1.6300197450950225	1.2688707147575816e-14	3.323671824019462e-14	1.6300197450950225	3.0097548592119123	260.71528943372186	260.28471056627814	13.620521414933096	NaN	0.19532810265112124	0.1510575608088094	-46.999223202564	-0.04261985334027228	87.42833144193452	0.059899553719894146	1	12.9096362714285	6	11	20	32	58	167	0.04315491249706481	1.0119295146400435	13.463755376679591	1.0227562970348452	0.14163453662096964	1.1024351835499684	19.704620876498222	1.1024351835499684	0.0032099748212611806	1.1024351835499684	0.03978680474428402	1.305239195316794	NaN	NaN	800000009	800000009	800000009	800000009	800000019	800000019	899999999	899999999	89999	89999	89	89	15	2	2	36	1	0	2	NaN	0	18000	0	0	0	0	0	0	0	NaN	NaN	NaN	NaN	0	0	0	0	0	0	0	0	0	0	0	0	18000	18000	18000	18000	100	NaN	0.1707576552877078	0.08043189911074083	0.05092556721917014	0.042329819714350375	58.55849876877223	0.04232976918924854	7.113187778524662e-7	NaN	0.011539317141137082	0.5065339576017707	0.00008251674874672431	0.000039786804744284016	NaN	17.976421518325786	981.0468029066951	99.82107289568583	100.41825408723619	99.22390188513862	1.1943519462214571	0.00028128731183500754	54.910908456908416	106
DATA	2026-08-08T013000_AIU-1657.ghg	2026-08-08	02:00:00	220.083	0	18000	18000	0.07016174807401339	1	NaN	35.35210212789498	1	NaN	18.462679214157994	1	NaN	5.645191168883276	2	NaN	0.41838742083383995	1	NaN	0.06742726553171231	1	NaN	NaN	NaN	NaN	NaN	NaN	NaN	NaN	NaN	NaN	6.016095826775839e-11	3.2470519874256724e-12	2.9252337095491573e-13	NaN	18.048297354652043	456.77181969879456	468.31735440063466	0	0	974.1161291720897	24.65322840025093	25.27637258676222	0.1	1	0.08775705929885318	2.1451176429891565	2.1993384357757875	0.4	0	NaN	NaN	NaN	NaN	9	303.65038087378605	294.7911059604221	97751.5321514757	1.1444563781892536	1019.2773472940294	0.025072683783176383	0.02711150487003283	0.01771853333396829	2410.5372763141495	2578.8971358458357	0.015482052153007665	93.47163338965565	168.3598595316862	293.6548768547489	-0.1575383360642321	-1.1053163464071007	0.3041071480456678	1.157161920587262	-3.1483072483037595e-15	3.3333315096480045e-15	1.157161920587262	3.107090285058505	259.1116104140864	261.8883895859136	15.236525675307567	NaN	0.24759996474942475	0.2874880378211527	-36.949986075924116	-0.05421111650445737	1.9147872157571495	0.12239764120646561	0	20.361502811086144	-3.0899366067629206	6.989445017757568	17.40470635554487	26.54327536319056	37.2273211069131	55.77331072424119	0.06928390928883596	1.0126701682134855	35.97567956942707	1.0215633972762466	16.844205021728243	1.0960849259636771	5.150322785362665	1.0960849259636771	0.3817107697799913	1.0960849259636771	0.04258928193991668	1.3057664366024972	NaN	NaN	800000009	800000009	800000009	800000009	800000019	800000019	899999999	899999999	89999	89999	89	89	11	1	0	6	1	0	7	NaN	0	18000	0	0	0	0	0	0	0	NaN	NaN	NaN	NaN	0	0	0	0	0	0	0	0	0	0	0	0	18000	18000	18000	18000	100	NaN	0.47474764864299757	0.05370912904331857	0.046519297955989185	0.0984221905127691	69.84984957216633	0.03557055430562617	0.0000016854757090002432	NaN	0.030840214505254204	0.13239731127218066	0.009812487820401058	0.00004258928193991668	NaN	18.04970202234057	974.1864949664089	99.82817422103882	100.4183593182034	99.23799728605482	1.1803563754691013	0.0002816136841235372	54.978473925802305	053
DATA	2026-08-08T020000_AIU-1657.ghg	2026-08-08	02:30:00	220.104	0	18000	18000	0.11898975828861477	1	NaN	42.28498505924249	1	NaN	93.0583525843771	1	NaN	38.228424318891456	1	NaN	2.108703101528871	1	NaN	0.19564693297031352	1	NaN	NaN	NaN	NaN	NaN	NaN	NaN	NaN	NaN	NaN	-1.1892763933154204e-10	-6.3495751903985396e-12	-5.754185306540609e-13	NaN	18.136411579246257	459.0279960577472	470.56030680361175	0.1	0	968.3073644924897	24.507614813923325	25.123327650833954	0.1	1	0.08775106746358607	2.1443578085620727	2.198231212387202	0.2	0	NaN	NaN	NaN	NaN	9	302.80569745805514	294.734437416206	97705.7617105844	1.1442040380606247	1019.1923052144131	0.025079607075136127	0.13664396097907083	0.01760901696707614	2395.1774818159265	2569.9757174885035	0.01538975251033255	93.19844796652795	174.798235672577	293.55129204216445	0.0953857861170055	-0.7310503818233487	0.15178673749899954	0.75270998574346	1.893770001596331e-14	-6.557396363216225e-15	0.75270998574346	3.1539578010118245	243.56617313546394	277.433826864536	11.63367833241367	NaN	0.32248019896508584	0.45971946775109696	-68.22498340408096	-0.029360212345323666	0.4543921516438	0.11244069365231522	0	22.833649196041986	-3.465094358281763	7.8380528731703425	19.517859903064533	29.765967855135298	41.74719314926243	62.54490267220295	0.11721998455954026	1.0150978839975497	47.2169188332563	1.021996897242293	85.13297456965755	1.0930941043089577	34.97267451008626	1.0930941043089577	1.929113964860299	1.0930941043089577	0.13707072205817017	1.30906721892406	NaN	NaN	800000009	800000009	800000009	800000019	800000019	810000119	899999999	899999999	89999	89999	89	89	14	3	0	7	0	0	3	NaN	0	18000	0	0	0	0	0	0	0	NaN	NaN	NaN	NaN	0	0	0	0	0	0	300	0	0	3000	0	20	18000	18000	18000	18000	100	NaN	0.7356664247461396	0.12451759822557051	0.059254912530483754	0.26939559177285194	103.53830758198258	0.16739027764869904	0.000003395525817889804	NaN	0.04048909142253111	0.8991426886369922	0.04959725675402397	0.00013707072205817016	NaN	18.137689247854077	968.3641516766411	99.83487604310777	100.42028474129572	99.24947692828708	1.170802938474548	0.0002819653589912276	54.79290807999514	065
DATA	2026-08-08T023000_AIU-1657.ghg	2026-08-08	03:00:00	220.124	0	18000	18000	0.08065591793610477	1	NaN	42.40333111811108	1	NaN	45.30801259467682	1	NaN	-44.64065280896335	2	NaN	1.0266026545600395	1	NaN	0.19422114322588985	1	NaN	NaN	NaN	NaN	NaN	NaN	NaN	NaN	NaN	NaN	1.0652477578579428e-10	5.584505663573472e-12	5.070111528073839e-13	NaN	18.304788702969176	463.2940270649367	474.826590163688	0.1	1	959.6189752870539	24.287947089853702	24.892535679366453	0.1	1	0.0871227557507389	2.128117396948849	2.1810916351822787	0.4	0	NaN	NaN	NaN	NaN	9	302.4825344077216	294.656615266588	97665.90945442708	1.14413532979923	1019.0643143646041	0.025083215965643856	0.06652385201549056	0.017448672237945346	2372.7407332171597	2557.768023996209	0.015250531806414188	92.76606443417936	185.0272907790495	293.3989302052534	-0.3327750300277898	-1.0568697880995248	0.37067917418058216	1.1683817953813709	-1.1323015057980908e-14	5.81950316468363e-15	1.1683817953813709	2.849769932537083	268.4775740264381	252.52242597356184	18.497217466828722	NaN	0.26550910630994884	0.24338909044953697	-37.958943098045076	-0.052770173153297344	0.9358903357216114	0.13697508045057386	0	20.485740767660612	-3.1087901959862	7.03209188791506	17.51090309222259	26.705232087235544	37.45446771519519	56.113617734979115	0.07964956892098125	1.0126347076168347	44.506887042028715	1.0215767101879667	41.33154816902197	1.0962089397037202	-40.72275931359279	1.0962089397037202	0.9365027207655379	1.0962089397037202	0.1391023147609734	1.3057209007421937	NaN	NaN	800000009	800000009	800000009	800000009	800000019	800000019	899999999	899999999	89999	89999	89	89	6	0	0	8	4	0	5	NaN	0	18000	0	0	0	0	0	0	0	NaN	NaN	NaN	NaN	0	0	0	0	0	0	0	0	0	0	0	0	18000	18000	18000	18000	100	NaN	0.32194669268785936	0.11214658016164615	0.052684908049568435	0.06806556820518571	118.67444119447546	0.04017047109963958	0.000004781217106295779	NaN	0.03817229129035504	-1.0468914307400703	0.024075398861956553	0.0001391023147609734	NaN	18.30623003093186	959.6888132375623	99.85542574098375	100.43990735032823	99.27094713465372	1.1689596438209213	0.0002816096350110861	56.173264325989635	077
DATA	2026-08-08T030000_AIU-1657.ghg	2026-08-08	03:30:00	220.145	0	18000	18000	0.10740074468827392	1	NaN	53.269557866998014	1	NaN	66.86752543017045	1	NaN	12.390231224382703	0	NaN	1.5153332954349659	1	NaN	0.22712099692979648	1	NaN	NaN	NaN	NaN	NaN	NaN	NaN	NaN	NaN	NaN	-2.1952547369203241e-10	-1.1479256248774035e-11	-1.0452889264949444e-12	NaN	18.32035740104136	463.74289729684415	475.2679964252043	0	0	957.9939568685718	24.24968484107449	24.85234640905529	0.1	1	0.0872339159491051	2.132308945703479	2.1853018262732293	0.2	0	NaN	NaN	NaN	NaN	9	302.7670913145277	294.81256506178113	97655.81544791667	1.1434286154334417	1019.0449160167859	0.02509908554530367	0.09819359754418579	0.01741016928822199	2368.7579713684927	2582.28253594952	0.015226284398718048	91.7311695521918	213.52456458102733	293.3717525335229	-0.38751552263724154	-1.1362753657796512	0.3817615387531055	1.2597745272998158	-5.5078931035752515e-14	-1.1982597767418785e-14	1.2597745272998158	2.6938345710154135	269.83143710786953	251.1685628921304	17.64025891791063	NaN	0.3064778681140992	0.23471997610441392	-46.46865589967874	-0.04310647599372136	0.7966431765540247	0.14916866084479138	0	18.379632026242966	-2.7891800690565454	6.30913291056775	15.710633017006815	23.959706632315097	33.60382922695244	50.344659601389324	0.10608660404614484	1.0123874324561983	56.491691080073004	1.0217181620202898	60.9393891065511	1.0972792213793634	11.291776042935762	1.0972792213793634	1.3809915160245874	1.0972792213793634	0.16092210333727308	1.3054424655396053	NaN	NaN	800000009	800000009	800000009	800000009	800000019	800000019	899999999	899999999	89999	89999	89	89	11	4	1	25	2	10	8	NaN	0	18000	0	0	0	0	0	0	0	NaN	NaN	NaN	NaN	0	0	0	0	0	0	0	0	17995	0	0	0	18000	18000	18000	18000	100	NaN	0.14868870169988363	0.22868238921880588	0.09206886129013836	0.0792796421278968	88.67889489949626	0.032863552466698503	0.0000021339564761986465	NaN	0.048482185871983385	0.2904586735046057	0.035523283701376716	0.0001609221033372731	NaN	18.321773646513623	958.0632843978927	99.85522432348463	100.44158461168078	99.26886196178859	1.1727118023700183	0.00028155612913542433	56.390684126218126	222
DATA	2026-08-08T033000_AIU-1657.ghg	2026-08-08	04:00:00	220.166	0	18000	18000	0.19112486002030307	1	NaN	45.040897295361184	1	NaN	97.85821396216787	1	NaN	-52.4368154082078	1	NaN	2.2177762879109677	1	NaN	0.2678886832157336	1	NaN	NaN	NaN	NaN	NaN	NaN	NaN	NaN	NaN	NaN	-1.1101417040106312e-10	-5.7118683139874244e-12	-5.206810611230152e-13	NaN	18.658581545203727	472.26250175765364	484.0236525031977	0.1	1	960.0158279521681	24.298710785556974	24.90384204075446	0.1	1	0.08751288239067855	2.139755721127623	2.193043859612386	0.1	0	NaN	NaN	NaN	NaN	9	303.2104463026259	294.8780759446886	97688.90144878472	1.1435405026427017	1019.0743918721279	0.02509616022951643	0.1437119034566307	0.017447401190203937	2374.3510870129103	2592.6416141101736	0.015257353062601023	91.58038172691356	218.2905270972633	293.4099076325061	-0.15676086836063274	-0.8943552527033134	0.37708958375833773	0.983179455677454	1.9328336039877207e-15	-5.949764730620684e-15	0.983179455677454	2.4743185837598234	260.941703946498	260.058296053502	22.553190563495843	NaN	0.408820640692301	0.38406215732960713	-130.47963552075873	-0.015351820933630026	0.4602669052673909	0.09454025722420772	0	21.045025997623068	-3.193663887369229	7.224076408917022	17.988971694859817	27.43431687057364	38.477019490441855	57.64558662762839	0.18859908954347998	1.0133922729051181	50.23853047443258	1.0214990641752957	89.41802500893205	1.094390241256086	-47.91418401906021	1.094390241256086	2.0264949414803954	1.094390241256086	0.19312016857055833	1.3066974055770344	NaN	NaN	800000009	800000009	800000009	800000009	800000019	800000019	899999999	899999999	89999	89999	89	89	27	1	0	21	0	0	9	NaN	0	18000	0	0	0	0	0	0	0	NaN	NaN	NaN	NaN	0	0	0	0	0	0	0	0	18000	0	0	0	18000	18000	18000	18000	100	NaN	0.5179320165837403	0.1334176602550458	0.11677463782042817	0.05207125832211966	159.66179887589547	0.08735815365976443	0.000003876299346408396	NaN	0.043110145400059544	-1.2324161968751297	0.0521241306702095	0.00019312016857055833	NaN	18.660323490321105	960.078772836011	99.85557685936821	100.44772256045871	99.26343599065146	1.184280002885393	0.00028143736005424423	56.41571988635598	027
DATA	2026-08-08T040000_AIU-1657.ghg	2026-08-08	04:30:00	220.187	0	18000	18000	0.31246004742799055	1	NaN	-58.36927528097391	2	NaN	32.41042903277613	2	NaN	-25.16737466872769	1	NaN	0.7342539008855266	2	NaN	0.044913833941314873	1	NaN	NaN	NaN	NaN	NaN	NaN	NaN	NaN	NaN	NaN	1.0152456290392042e-10	5.155887799422724e-12	4.720407739436689e-13	NaN	18.675659295734143	472.1005464208805	483.69741126212676	0.1	1	948.4365276231392	23.975453602255556	24.56439614223104	0.1	1	0.0868329044293398	2.119176728789699	2.1712330254510865	0.1	0	NaN	NaN	NaN	NaN	9	302.7109632992215	294.4998232998318	97726.6798608941	1.1455933650754888	1018.8820140245282	0.025054279285861337	0.04757965277738212	0.017244067425995522	2343.66997478088	2533.326471203081	0.01505252033723085	92.5135390729118	189.65649642220114	293.1996301584831	-0.2856187480634372	-0.9245766257922197	0.4508228381758492	1.0675491734003182	8.399054877726318e-14	5.436196992901367e-15	1.0675491734003182	3.1969435983725947	268.16688199306236	252.8331180069377	24.979693338722807	NaN	0.5222542734150699	0.5524275836158694	209.94450234581134	0.00954109289654359	-1.8009411483552418	-0.09575201306549587	0	23.348174658917802	-3.5431755823251083	8.014672814555452	19.95766853000579	30.436703761477634	42.68790979487919	63.95426762835356	0.30904433392322317	1.0110525032489868	-55.67942290175915	1.0216834647033406	29.253223224206064	1.1079267670564787	-22.71573845588364	1.1079267670564787	0.662727828876524	1.1079267670564787	0.04580729829756604	1.3910753694279783	NaN	NaN	800000009	800000009	800000009	800000009	800000019	800001019	899999999	899999999	89999	89999	89	89	9	0	0	38	2	0	9	NaN	0	18000	0	0	0	0	0	0	0	NaN	NaN	NaN	NaN	0	0	0	0	0	0	0	0	18000	6000	0	0	18000	18000	18000	18000	100	NaN	0.7432376183868855	0.21462739735146785	0.14699015149338557	0.1792823755039534	105.09011035374223	0.033777325588188224	3.048616152064158e-7	NaN	-0.047702412082163845	-0.5831105453617601	0.01701215157381387	0.000045807298297566034	NaN	18.677110890877522	948.505263523484	99.85292295625474	100.419568617079	99.2862840953403	1.133275514523186	0.00028112437328026206	51.00165299579705	081
DATA	2026-08-08T043000_AIU-1657.ghg	2026-08-08	05:00:00	220.208	0	18000	18000	0.16309873403417807	1	NaN	4.792510763894403	2	NaN	20.823717470860476	1	NaN	13.251988957526933	1	NaN	0.47179396591537953	1	NaN	0.10943990573801432	1	NaN	NaN	NaN	NaN	NaN	NaN	NaN	NaN	NaN	NaN	4.12450323784366e-10	2.1143178611736278e-11	1.942411601174058e-12	NaN	18.47514197000994	466.8164096927727	478.26125543266727	0.1	1	947.079451811336	23.93011269445359	24.516802542196007	0.1	1	0.08700764195459053	2.1241212633012996	2.1761979248893373	0.4	0	NaN	NaN	NaN	NaN	9	301.8208186789619	294.577491522895	97742.55692881944	1.1454972054309693	1018.8573247574363	0.025056816001907005	0.03057224899131659	0.017209714039872676	2339.6178117658765	2545.4081565659867	0.015023793998168578	91.91523197294448	205.79034480011023	293.1716780007123	-0.5287885170151703	-1.300928295437607	0.42425582882371865	1.4669780959129135	3.717899049120948e-14	2.2324609166948886e-14	1.4669780959129135	2.5945253762325624	273.12027424091946	247.87972575908057	16.810302409487555	NaN	0.3773360318776414	0.26843420786549865	-964.5214750501041	-0.0020767811311779706	0.23014674351977593	0.010882468353630805	0	20.162124753253796	-3.0596802172813917	6.921004982368443	17.234280990457304	26.283365928237618	36.86279442882545	55.22718333500817	0.16115789711452397	1.0120430767241575	5.945977090123481	1.0222222802131267	18.93015596300425	1.1000288381964136	12.046946859370198	1.1000288381964136	0.4288923613029309	1.1000288381964136	0.08366019677439634	1.3051715291298194	NaN	NaN	800000009	800000009	800000009	800000009	800000019	800010119	899999999	899999999	89999	89999	89	89	4	0	0	53	15	0	8	NaN	0	18000	0	0	0	0	0	0	0	NaN	NaN	NaN	NaN	0	0	0	0	0	0	0	0	18000	0	0	0	18000	18000	18000	18000	100	NaN	0.1785027294131562	0.24763388152093557	0.11073180479690557	0.035989932249796325	24.209570044868762	0.02310892377496963	4.559207334918952e-7	NaN	0.00509466726723075	0.3092607608435912	0.011010223546672396	0.00008366019677439635	NaN	18.476554762582598	947.1496047740493	99.86871365017362	100.44058000055949	99.29683973672655	1.1437475124862473	0.00028088256899112216	56.93920004092314	072
DATA	2026-08-08T050000_AIU-1657.ghg	2026-08-08	05:30:00	220.229	1	18000	18000	0.11435737861564485	1	NaN	40.145529575612315	0	NaN	50.28289808704814	1	NaN	2.6529441341314133	1	NaN	1.1391915380048645	1	NaN	0.1813820995636874	1	NaN	NaN	NaN	NaN	NaN	NaN	NaN	NaN	NaN	NaN	-6.236920271542269e-10	-3.192628997509172e-11	-2.9404824877451805e-12	NaN	18.585893145760714	469.7356565822949	481.3089162193021	0.2	0	951.3968243671253	24.045387997204596	24.63781378916802	0.1	1	0.08762576870442874	2.138903024195786	2.19160091861901	0.1	0	NaN	NaN	NaN	NaN	9	301.65187319437666	294.5354427659776	97747.8992764757	1.1456729618233117	1018.9229482450196	0.02505187005840509	0.07381961166271521	0.01729603012164416	2351.0166302221464	2538.861020989212	0.015096830158335878	92.60123381255913	187.84439076706576	293.2502001907715	-0.6681692635151564	-1.3816430850971257	0.5847204879556386	1.6423415687177125	-3.1413971768860883e-14	-3.3557280366506665e-14	1.6423415687177125	3.4885083293967	276.8086347782971	244.19136522170282	20.856495026179253	NaN	0.3159379267673461	0.28073494261739107	-67.59025436459058	-0.02963592930417186	0.7983933126947788	0.10885124984027997	0	17.419186507419994	-2.6434287561526326	5.979443043928347	14.889658633106654	22.707668896496287	31.847828500156805	47.71385052742189	0.1130096826622481	1.0119254909990731	42.49616223911368	1.0228006347518601	45.60291202045557	1.102624719765556	2.4060263538218982	1.102624719765556	1.0331634304798492	1.102624719765556	0.1292368137233902	1.305253477268939	NaN	NaN	800000009	800000009	800000009	800000009	800000019	800010019	899999999	899999999	89999	89999	89	89	5	0	0	36	19	0	8	NaN	0	18000	0	0	0	0	0	0	0	NaN	NaN	NaN	NaN	0	0	0	0	0	0	0	0	18000	0	0	0	18000	18000	18000	18000	100	NaN	0.17092169752393552	0.27865840735505243	0.11188978035579421	0.04630868867784622	12.50749234686525	0.024280154359173	0.0000011533593614701189	NaN	0.03640388251102058	0.06176092328967324	0.026520543831202344	0.00012923681372339018	NaN	18.587311672414593	951.4661335962352	99.85933259243436	100.43204657533434	99.2866012793647	1.1454528656005858	0.0002811853698545342	55.49835838095344	164
DATA	2026-08-08T053000_AIU-1657.ghg	2026-08-08	06:00:00	220.249	1	18000	18000	0.16047684170879473	1	NaN	45.13482237568273	1	NaN	55.71501098539318	1	NaN	-1.213473799002734	2	NaN	1.2623412580985347	1	NaN	0.27135780171162954	1	NaN	NaN	NaN	NaN	NaN	NaN	NaN	NaN	NaN	NaN	-4.703501293589921e-10	-2.3870341131853892e-11	-2.2082128331301276e-12	NaN	18.746345970505274	473.70358641103206	485.37219092975675	0.1	0	951.3799303118245	24.04052959106046	24.632713058245308	0.1	1	0.08801086501832722	2.148928264693607	2.201862198020558	0.1	0	NaN	NaN	NaN	NaN	9	301.74539964633516	294.60232800123424	97760.18401063367	1.1455589299101783	1018.9213458677042	0.02505441023654212	0.08179971352478504	0.01729078220414986	2350.8370145756935	2549.2822113603597	0.015093751838245116	92.21564423505819	198.44519678466622	293.2489654751349	-0.5140488149540456	-0.8537355795849426	0.5156370875289867	1.1220482298192227	1.7427477977873917e-14	-2.509022985594214e-14	1.1220482298192227	3.7073888801027546	282.05286622868243	238.94713377131754	27.358063490727176	NaN	0.3742807290258726	0.35841896059597333	-99.96218339807925	-0.020038577909238516	0.8101016508372536	0.10331328606039641	0	19.755824554007127	-2.998022594529509	6.7815352718227	16.886981691103163	25.753712583453474	36.11994808180027	54.11426414283697	0.1584504931477618	1.0127885279545534	47.80691660992993	1.021528415290605	50.84856258027166	1.0957047388987473	-1.1074824776448007	1.0957047388987473	1.1520815903080492	1.0957047388987473	0.19815967336965465	1.305909294907979	NaN	NaN	800000009	800000009	800000009	800000009	800000019	800000019	899999999	899999999	89999	89999	89	89	4	4	0	8	0	0	2	NaN	0	18000	0	0	0	0	0	0	0	NaN	NaN	NaN	NaN	0	0	0	0	0	0	0	0	18000	0	0	0	18000	18000	18000	18000	100	NaN	0.35550766598960154	0.24669621522812338	0.11463403997422168	0.05262843954456993	50.582929563824585	0.02633513922106073	0.000005270081538551812	NaN	0.04095742440411862	-0.028430999961211834	0.02957593669474414	0.00019815967336965466	NaN	18.747701203427724	951.4488449465449	99.85320230780708	100.42277992841932	99.28363582399156	1.1391485886507566	0.000281125526493674	56.442004627651556	016
DATA	2026-08-08T060000_AIU-1657.ghg	2026-08-08	06:30:00	220.27	1	18000	18000	0.16107652067762968	1	NaN	54.261196310477324	1	NaN	35.2843671930699	1	NaN	-69.14140346148623	1	NaN	0.7994322486483909	1	NaN	0.0780303884389061	1	NaN	NaN	NaN	NaN	NaN	NaN	NaN	NaN	NaN	NaN	7.033264590347918e-10	3.4565138623511066e-11	3.2067229813579065e-12	NaN	19.16106811204419	483.9472898728811	495.73776798363974	0.1	1	941.6750457195332	23.78369951257749	24.363145238101783	0.1	1	0.08736232893410423	2.132734675234921	2.1846947998820054	0.4	0	NaN	NaN	NaN	NaN	9	301.63249333530007	294.58989232720273	97766.18347157117	1.1457898761769103	1018.7734268045551	0.025051815237531055	0.051803209712415726	0.017107833045081598	2325.865251605134	2547.3418205764833	0.014931038753950505	91.3055810891831	221.47656897134948	293.076494332929	-0.248167389623031	-0.7066056057376353	0.3086771248948442	0.8100370996229245	-7.200387632952216e-14	3.6706015286939957e-14	0.8100370996229245	2.449036818812349	270.35181633245816	250.64818366754184	22.399692640716147	NaN	0.3749416011976639	0.4393413306302812	-83.59015568383197	-0.02396334811932214	1.5378254061797263	0.12397757738376584	0	26.28303357245337	-3.9885517452122854	9.022114907673645	22.466341787523334	34.26258876696331	48.05376791406419	71.99330087826213	0.15876443650828415	1.0145629853901499	55.59247043160551	1.021789208345156	32.27372638253069	1.0932845738002173	-63.24190893973125	1.0932845738002173	0.7312206426453027	1.0932845738002173	0.04501485842507172	1.308313474448921	NaN	NaN	800000009	800000009	800000009	800000009	800000019	800000019	899999999	899999999	89999	89999	89	89	12	0	0	15	2	0	6	NaN	0	18000	0	0	0	0	0	0	0	NaN	NaN	NaN	NaN	0	0	0	0	0	0	0	0	18000	0	0	0	18000	18000	18000	18000	100	NaN	0.7623701427797346	0.059962365245297605	0.056350153235530206	0.113057783619019	164.46196445237126	0.04696552059873527	2.0325735364616156e-7	NaN	0.04762482409464283	-1.6229343549290716	0.018764821016286966	0.00004501485842507172	NaN	19.162761705452574	941.7410047560691	99.88646278254191	100.46032288911607	99.31259212917752	1.1477376820643745	0.0002806915299895789	55.319976912869215	232
DATA	2026-08-08T063000_AIU-1657.ghg	2026-08-08	07:00:00	220.291	1	18000	18000	0.15713627082097686	1	NaN	53.41563679601672	1	NaN	55.39988370597624	1	NaN	-1.7025750443133418	2	NaN	1.255071098737593	1	NaN	0.07035751679311478	1	NaN	NaN	NaN	NaN	NaN	NaN	NaN	NaN	NaN	NaN	6.221329445573013e-11	2.980435342130408e-12	2.7910383561290293e-13	NaN	19.562355366075437	493.814836168826	505.7801027516803	0.1	1	937.1684270771739	23.65705277403692	24.230269539256245	0.1	1	0.08776144173138904	2.1414295136594337	2.1933169279747204	0	0	NaN	NaN	NaN	NaN	9	301.25237546454537	294.49504791461555	97780.15617837348	1.146378089576085	1018.699020036171	0.025040170971864794	0.08132860719819603	0.017024648065354708	2313.810803780211	2532.5852747161043	0.014850814247200235	91.36161482418721	218.77447093589353	292.9926571097229	-0.15494370633145854	-0.663462602010716	0.25139066354519773	0.7262144601396913	-2.422237851379748e-14	3.180255817436939e-15	0.7262144601396913	2.0540649602714782	264.1451409905451	256.8548590094549	20.252981320826773	NaN	0.3702322809263927	0.27742531543370064	-81.76014017866775	-0.024499713376502183	0.9641831935877246	0.12354363128260593	0	22.379140547072677	-3.3961209172950806	7.682034761858017	19.12935274596711	29.173469927233064	40.91620638084781	61.299933067502735	0.15475643245234028	1.0153779609087945	55.92175563985672	1.0221172431391454	50.68409058116741	1.0930428675100083	-1.5576470922790706	1.0930428675100083	1.1482359347869775	1.0930428675100083	0.03800997677026757	1.3094618467850234	NaN	NaN	800000009	800000009	800000009	800000019	800000019	800000019	899999999	899999999	89999	89999	89	89	13	0	0	10	2	0	1	NaN	0	18000	0	0	0	0	0	0	0	NaN	NaN	NaN	NaN	0	3	0	0	0	0	0	0	18000	0	0	0	18000	18000	18000	18000	100	NaN	0.37786514591142295	0.09485646843571356	0.08212901652026479	0.05984491710349759	25.401175335608922	0.04217695167868485	0.0000014457701256503366	NaN	0.04788583140605473	-0.03994908051761192	0.029448884820825666	0.000038009976770267576	NaN	19.563819142512262	937.2355119412833	99.87187298138937	100.43234117592706	99.3114086695777	1.1209242948359925	0.00028055479487132585	57.129282340261604	199
DATA	2026-08-08T070000_AIU-1657.ghg	2026-08-08	07:30:00	220.312	1	18000	18000	0.0480324016105236	1	NaN	24.14383928066265	0	NaN	40.81629612198028	1	NaN	2.3681802347806236	1	NaN	0.9248798489939813	1	NaN	0.06907122441936435	0	NaN	NaN	NaN	NaN	NaN	NaN	NaN	NaN	NaN	NaN	-4.140826204984427e-10	-2.0123971688007887e-11	-1.892946082600414e-12	NaN	19.298516403273094	487.31357777366384	499.13454003058456	0	0	937.8872198319758	23.682917748381865	24.257403848515537	0.1	1	0.08822164760646606	2.1548104466380713	2.2070805538591713	0.4	0	NaN	NaN	NaN	NaN	9	302.0374080005222	294.71456591387175	97780.07187057193	1.1455119180297002	1018.7177272018489	0.025058857639737156	0.05993221421480999	0.01703055228109222	2316.338566220166	2566.8537108315663	0.01486719781177402	90.2403809163615	250.5151446114005	293.0102690534576	-0.4139632814323145	-1.0388256000910565	0.3313901687271522	1.1663377168331925	1.1924854603430467e-14	-2.145670744038194e-14	1.1663377168331925	3.0790754612508304	272.7268667675107	248.2731332324893	16.50678150132081	NaN	0.20477047839605506	0.20593416094754075	-30.604572322907718	-0.06545100447297107	0.5915245030687822	0.10103817913432968	0	17.953214215758376	-2.724469521185067	6.162757475088996	15.346137486145615	23.40382794946568	32.824201470401306	49.176635155297916	0.0474328017722367	1.0126410377604524	26.218589238547878	1.0215742273565451	37.234851564314305	1.0961852782326762	2.160383177740464	1.0961852782326762	0.8437258439422924	1.0961852782326762	0.04558150385667809	1.3057284365319162	NaN	NaN	800000009	800000009	800000009	800000019	800000019	800000019	899999999	899999999	89999	89999	89	89	2	2	0	25	0	0	7	NaN	0	18000	0	0	0	0	0	0	0	NaN	NaN	NaN	NaN	0	4	0	0	0	0	0	0	18000	0	0	0	18000	18000	18000	18000	100	NaN	0.2541709144194439	0.11411254057447157	0.04358486690116604	0.20962898861882795	35.764489555321525	0.0570204538882413	9.109471509235159e-7	NaN	0.022467556578372964	0.055450311933680746	0.02165581629923644	0.00004558150385667809	NaN	19.299952097468896	937.9528787094625	99.8946089307997	100.47055774349636	99.3186738166809	1.1518856193754399	0.0002808869678216676	57.28397481021174	080
DATA	2026-08-08T073000_AIU-1657.ghg	2026-08-08	08:00:00	220.333	1	18000	18000	0.14126238445629435	1	NaN	62.20129330100521	1	NaN	80.60844366912492	1	NaN	10.291222975928576	1	NaN	1.8272362655815315	1	NaN	0.06595709720982286	1	NaN	NaN	NaN	NaN	NaN	NaN	NaN	NaN	NaN	NaN	8.774321873207907e-10	4.331901007920082e-11	3.991122945825906e-12	NaN	19.384797178067625	490.32549604855194	502.4894964638942	0.1	1	957.0314794400953	24.207471998802838	24.808011236147877	0.1	1	0.0881744594460397	2.157836751230306	2.2113683896006004	0.3	0	NaN	NaN	NaN	NaN	9	303.19719848208956	295.10100894150617	97810.22759178656	1.1441356202491888	1019.0262378464159	0.02508397995534066	0.11840491000968324	0.017390328555084742	2368.373466371349	2628.1661052272616	0.015199534257396154	90.11506014253814	259.7926388559126	293.3691266198442	-0.6049558182687286	-0.5551345068459563	0.4604205336621498	0.9413463393279166	8.143594362313376e-14	4.526393437397097e-14	0.9413463393279166	2.494896420419686	298.4591170257954	222.54088297420458	29.282005323316245	NaN	0.35137795668872823	0.3970107993365017	-60.041969082865535	-0.033361664025966034	0.7716473668233081	0.1518315510713167	0	21.940947361900804	-3.329623410885121	7.531617221299699	18.754791801930853	28.602240854202275	40.115049483805194	60.09965404583203	0.13936352779990965	1.0136252051477268	66.1453186052555	1.0215306670275002	73.67811480776302	1.0940622446630746	9.406432793134035	1.0940622446630746	1.6701392215067652	1.0940622446630746	0.03071511644670147	1.307013517005975	NaN	NaN	800000009	800000009	800000009	800000019	800000019	800000019	899999999	899999999	89999	89999	89	89	13	1	0	19	3	0	5	NaN	0	18000	0	0	0	0	0	0	0	NaN	NaN	NaN	NaN	0	15	0	0	0	0	0	0	18000	0	0	0	18000	18000	18000	18000	100	NaN	0.22697331872115853	0.48932213043723277	0.07772614951461206	0.0992370207054806	14.85171781665216	0.06706548718128828	3.8448177516552214e-7	NaN	0.05673306405316982	0.24180585012185404	0.042933324795885804	0.00003071511644670147	NaN	19.386213720927703	957.0957398939435	99.8731283255683	100.47226010386149	99.27398060650296	1.1982929124500985	0.00028131356629051475	57.225149311736786	216
DATA	2026-08-08T080000_AIU-1657.ghg	2026-08-08	08:30:00	220.354	1	18000	18000	0.06984535815726005	1	NaN	15.129322060142206	1	NaN	19.706235006638213	1	NaN	12.297316507091397	2	NaN	0.446880999168925	1	NaN	0.048384445784538474	1	NaN	NaN	NaN	NaN	NaN	NaN	NaN	NaN	NaN	NaN	7.282628242041272e-10	3.7381323687205884e-11	3.3892442846640366e-12	NaN	18.905411292226574	479.18033699019117	491.26348251647096	0.1	1	970.4041940171766	24.596058848877895	25.21627995459079	0.1	1	0.08798342444765798	2.157489640164184	2.2118935029296933	0.7	0	NaN	NaN	NaN	NaN	9	303.97196856180824	295.51492721506696	97837.50529125243	1.142682222720929	1019.2572157147247	0.025112160183889492	0.028957888746146337	0.01764965597564197	2407.062533667411	2695.2536707556396	0.015445813039442417	89.3074577649149	288.1911370882285	293.63149427454164	-0.5724455587227544	0.4353616819979897	0.3416190649612059	0.7962017943954384	-5.5342117991948915e-14	3.8521395432617244e-14	0.7962017943954384	2.0715547787261177	18.254056293849658	142.74594370615037	25.407977768120844	NaN	0.2472327723733277	0.1471726282715897	-86.01019602900382	-0.02328909934497216	0.7677429024390384	0.05254170520404869	0	18.113796067139766	-2.7488384366609404	6.21788002824695	15.483400437473602	23.613162611012687	33.11779630968118	49.616493724523544	0.06883460897985869	1.0146837352950913	16.096777554425593	1.0218332618905865	18.02571657943739	1.0932289387661767	11.248619635856151	1.0932289387661767	0.4087716518676106	1.0932289387661767	0.032763281519069154	1.3084827069375715	NaN	NaN	800000009	800000009	800000009	800000019	810000019	810011019	899999999	899999999	89999	89999	89	89	19	0	1	19	0	0	2	NaN	0	18000	0	0	0	0	0	0	0	NaN	NaN	NaN	NaN	0	20	0	0	0	0	0	0	18000	0	0	0	18000	18000	18000	18000	100	NaN	0.0812553341301646	0.15095368388340663	0.06213623852960814	0.05196302027444475	45.765438709392654	0.02973608688194775	1.5259977861585515e-7	NaN	0.013820688443860592	0.28960211960824034	0.010524059008917813	0.000032763281519069156	NaN	18.906965457927463	970.4749270806385	99.85728634389241	100.49413882064819	99.22043900087144	1.2736939736803365	0.00028177121770891567	57.277622085834	006
DATA	2026-08-08T083000_AIU-1657.ghg	2026-08-08	09:00:00	220.374	1	18000	18000	0.03992902895917507	1	NaN	15.737640029291525	1	NaN	16.939754236961534	1	NaN	17.354649064394263	1	NaN	0.38441218525013854	1	NaN	0.05751182925897749	1	NaN	NaN	NaN	NaN	NaN	NaN	NaN	NaN	NaN	NaN	-6.31853573860291e-10	-3.4586190724902746e-11	-3.074404295549272e-12	NaN	17.986598826933342	457.51206538440044	469.2639086630241	0.1	1	984.5444629204208	25.04314323278292	25.686411720639118	0.1	1	0.08751723339634432	2.1533680964990527	2.208680396011816	1.3	0	NaN	NaN	NaN	NaN	9	304.10011175876195	296.2322343020969	97854.79596180556	1.1399221946886702	1019.5273935884677	0.025168667225558744	0.024909909604208975	0.0179301289473365	2451.2490165604218	2815.0622358657192	0.015729256813210385	87.07619267986047	363.8132193052975	293.926661182369	-0.5715988249132135	0.29322193639193916	0.3564144286809949	0.7346669759800283	-4.445526392186739e-14	-3.512913030084076e-14	0.7346669759800283	1.6517259791597216	8.15716807511376	152.84283192488627	29.021475060272827	NaN	0.18715729924297073	0.11135644943947288	-35.87796278781981	-0.055830929193115476	0.9290359121593944	0.07235336415425575	1	3.8154440906775275	2	3	6	10	17	51	0.039327860087836314	1.0152860814190268	16.532389515387255	1.0220770263716137	15.497610811108965	1.0930558550882445	15.877184119738498	1.0930558550882445	0.35168576560902665	1.0930558550882445	0.039837591609051905	1.3093326862473404	NaN	NaN	800000009	800000009	800000009	800000009	800000019	800001019	899999999	899999999	89999	89999	89	89	12	0	0	27	3	0	4	NaN	0	18000	0	0	0	0	0	0	0	NaN	NaN	NaN	NaN	0	0	0	0	0	0	0	0	18000	0	0	0	18000	18000	18000	18000	100	NaN	0.0702635007718982	0.10670372481834282	0.04574567328870474	0.062129589620117324	31.212078451909534	0.05934751722908971	4.752158520119388e-7	NaN	0.014225302818648096	0.40987487207579076	0.00907888685441852	0.00003983759160905191	NaN	17.98811995659255	984.6100351081512	99.80035724300808	100.49055100419787	99.11016750208539	1.3803798970778725	0.0002831016568428217	57.375371917046444	012
DATA	2026-08-08T090000_AIU-1657.ghg	2026-08-08	09:30:00	220.395	1	18000	18000	0.01930863490933206	1	NaN	8.721084382792737	1	NaN	23.55907059376591	0	NaN	1.3743975990797301	1	NaN	0.534936756526701	0	NaN	0.009726482975068963	1	NaN	NaN	NaN	NaN	NaN	NaN	NaN	NaN	NaN	NaN	-3.574050156720682e-11	-2.056433904746055e-12	-1.786191773392488e-13	NaN	17.354666477287484	442.40095046900683	453.9563307106683	0.2	0	998.5513069072158	25.45482783238528	26.119700306726507	0.1	1	0.08673286924474433	2.1402239282732487	2.1961259358690306	0.4	0	NaN	NaN	NaN	NaN	9	304.526363591512	296.83611325751406	97866.1645141059	1.1375565136081065	1019.7753990496412	0.02521704470463091	0.03466390182293023	0.01818991919043461	2491.8345973295986	2919.5051776616465	0.015990343312913526	85.35126487857141	427.67058033204785	294.19369609790533	-0.4346951625195346	0.49289963541108506	0.19673993301844986	0.6860149678762995	1.2289876850769667e-14	-2.0594173684629072e-15	0.6860149678762995	1.86604284181112	29.590473116261705	131.4095268837383	16.66567475647876	NaN	0.1302834632628707	0.08233874465595807	-21.843280642234408	-0.0917032579862096	0.37017947495350134	0.05770370268506252	1	6.255288208733925	3	5	9	15	26	71	0.01900739032278274	1.0158488136158408	10.008976776361626	1.0223336550057465	21.554182012817016	1.0930162220842665	1.2574356823898725	1.0930162220842665	0.48941337348738806	1.0930162220842665	0.00400539565952645	1.3101296056835516	NaN	NaN	800000009	800000009	800000009	800000009	800000019	800000019	899999999	899999999	89999	89999	89	89	3	2	0	18	11	0	4	NaN	0	18000	0	0	0	0	0	0	0	NaN	NaN	NaN	NaN	0	0	0	0	0	0	0	0	18000	0	0	0	18000	18000	18000	18000	100	NaN	0.06926651917847758	0.06442961221524568	0.03098135791819286	0.1281518025311938	16.054749848823615	0.04054524194332665	6.829976963507339e-8	NaN	0.008628040383370015	0.03253726444465352	0.012664005466779633	0.00000400539565952645	NaN	17.356037078327624	998.6207636009757	99.71333754942154	100.44147031784058	98.98518726603189	1.4562999476591738	0.0002833538530038722	57.477219343079454	239
DATA	2026-08-08T093000_AIU-1657.ghg	2026-08-08	10:00:00	220.416	1	18000	18000	0.08254065323073806	1	NaN	-1.9236811481105622	2	NaN	48.859559983089504	0	NaN	-1.4050893292383198	2	NaN	1.110799487474063	0	NaN	0.03688605751591606	1	NaN	NaN	NaN	NaN	NaN	NaN	NaN	NaN	NaN	NaN	-3.902265254486017e-11	-2.3271233970868587e-12	-2.0062559755544434e-13	NaN	16.95161535921421	434.17089890429395	445.7111930058795	0	0	1010.9128454426468	25.891865141994185	26.580072802459863	0.1	1	0.0871526597804369	2.1634707484548605	2.2209759584547832	0	1	NaN	NaN	NaN	NaN	9	304.9461511535644	298.121880892582	97845.29903496223	1.1322199118369285	1020.0509548140479	0.025331675023603076	0.07197980678831928	0.01841849847742673	2534.076844395464	3153.213353933768	0.016267598091915126	80.36490271849493	619.1365095383039	294.4676159603721	-0.11118797046869022	0.38561683704221267	0.22123863384961143	0.45826809063586854	1.6068906451060385e-13	-2.3020020049976563e-15	0.45826809063586854	3.9672082574574072	54.915720707121636	106.08427929287835	28.866550101613576	NaN	0.27000297947578045	0.40899829431272466	881.3974596839402	0.002272640995264827	-0.03937164290420045	-0.006168958906745478	0	16.98411664251835	-2.5774052256435276	5.8300976381483	14.517767456261064	22.14051138688345	31.05238202870008	46.52212676385464	0.08090825234304092	1.020175950418209	1.0324493828405155	1.02474611069522	44.63835678781125	1.0945644844263371	-1.2836971683534288	1.0945644844263371	1.0148323861030761	1.0945644844263371	0.02639592091763778	1.3162998022728327	NaN	NaN	800000009	800000009	800000009	800000019	800000019	810100019	899999999	899999999	89999	89999	89	89	7	1	0	36	6	0	0	NaN	0	18000	0	0	0	0	0	0	0	NaN	NaN	NaN	NaN	0	2	0	0	0	0	0	0	18000	0	0	0	18000	18000	18000	18000	100	NaN	0.22681930494853886	0.504123776961931	0.08705350671497943	0.38947983953690124	2.4690553890954505	0.10724731406387104	2.887909172432532e-7	NaN	0.0008939559389616954	-0.03338277362076801	0.026390897046035644	0.000026395920917637782	NaN	16.95305057944194	1010.9765318281299	99.61633084233601	100.3905371746487	98.84212873374094	1.5484094047347547	0.0002849635786713204	57.546980736944406	183
DATA	2026-08-08T100000_AIU-1657.ghg	2026-08-08	10:30:00	220.437	1	18000	18000	0.36143196702363733	0	NaN	-42.91636274060932	2	NaN	310.3951325584616	1	NaN	14.11662188346513	1	NaN	7.068069647690959	1	NaN	0.20219301769937129	1	NaN	NaN	NaN	NaN	NaN	NaN	NaN	NaN	NaN	NaN	-7.580988988726055e-10	-4.582211684590489e-11	-3.909993144097243e-12	NaN	16.70587392093502	430.7644430676258	442.28004041498605	0.2	0	1009.7607422414653	26.03689132468038	26.732933817270528	0.1	1	0.08616270594001418	2.155068842556397	2.2126801552961193	1.4	0	NaN	NaN	NaN	NaN	9	306.7732107976278	299.7801301456027	97816.91191319445	1.125567975138016	1020.16742010185	0.02547997021458154	0.4580109131703741	0.018413867275291467	2547.531470296942	3478.608740072452	0.016359622592348168	73.23420541523399	931.0772697755096	294.55402305716484	0.947784041502287	0.8531556102316122	0.33818942850283285	1.319295711410892	1.0893141313184222e-13	-4.5379182343917455e-14	1.319295711410892	5.618864421028722	119.00777894020683	41.992221059793174	14.853053339212627	NaN	0.5666663404751662	0.9843261110338682	365.1691755606716	0.005485402750449816	-0.13826364604002353	-0.0659556968044373	0	17.148230942532077	-2.6023102038276322	5.886432766611861	14.658049891550148	22.35445095198912	31.352435310696574	46.97166125715212	0.35759022045320843	1.0107434329875127	-23.862207726045494	1.0218843286434436	279.9376819277298	1.1088008246013654	12.731431624377011	1.1088008246013654	6.374516947380574	1.1088008246013654	0.1435886492964493	1.3805914203223222	NaN	NaN	800000009	800000009	800000009	800000009	800000019	800001019	899999999	899999999	89999	89999	89	89	9	4	0	9	27	0	3	NaN	0	18000	0	0	0	0	0	0	0	NaN	NaN	NaN	NaN	0	0	0	0	0	0	0	0	5	0	0	0	18000	18000	18000	18000	100	NaN	1.0265397097415627	0.5677752235956837	0.37433728873049005	0.30855866824594197	5.224880320848456	0.4103470790509134	0.000001107328901748555	NaN	-0.020781047937443894	0.3330709570991979	0.16676572779481097	0.00014358864929644928	NaN	16.707162579415066	1009.8383162874813	99.47214903174506	100.30801068157619	98.63628984620837	1.6717218047380475	0.00028714440189004455	57.65273072783153	020
DATA	2026-08-08T103000_AIU-1657.ghg	2026-08-08	11:00:00	220.458	1	18000	18000	0.42359448828998086	0	NaN	-0.0474814168318794	1	NaN	296.1922911636488	0	NaN	18.271307507261064	1	NaN	6.749661441239703	0	NaN	-0.0067543718344408536	1	NaN	NaN	NaN	NaN	NaN	NaN	NaN	NaN	NaN	NaN	-2.839788875782491e-10	-1.6795927524240496e-11	-1.4376205508267289e-12	NaN	16.57947939076929	428.81496447367493	439.9736895410477	0.1	1	980.5930877881527	25.36225536352604	26.02223800904181	0.1	1	0.08393229685995765	2.1058964722180935	2.160696611440554	-0.3	0	NaN	NaN	NaN	NaN	9	307.56933367580837	300.54300449286563	97817.81794639757	1.123010576274555	1019.7969628662332	0.025544574514256044	0.43737806139233276	0.017891386259979682	2481.5459477853424	3637.879080708251	0.01593162757142687	68.21408553530634	1156.3331329229086	294.126363866221	1.5752430843130647	1.388406217643847	0.5644768926743604	2.1743267376894875	1.6980538094280154e-14	-1.712833563014987e-14	2.1743267376894875	6.979294535015666	119.60731470451242	41.39268529548761	15.046920233750622	NaN	0.6141624033376091	1.425466459336097	420162.9872370853	0.0000047674356400881905	-0.00016030605200877934	-0.00006750607879887774	0	14.92372291054848	-2.2647325277672077	5.1228311442088215	12.756573883544222	19.454580063853037	27.285325157782317	40.878389123582465	0.41849919837670857	1.0121751485618995	17.60227565647332	1.025105873332323	266.4933565958396	1.1114434331391239	16.439259941152553	1.1114434331391239	6.072878960808813	1.1114434331391239	-0.021301942240290226	1.3067070802904506	NaN	NaN	800000009	800000009	800000009	800000009	800000009	800001009	899999999	899999999	89999	89999	89	89	11	8	0	13	13	0	0	NaN	0	18000	0	0	0	0	0	0	0	NaN	NaN	NaN	NaN	0	0	0	0	0	0	0	0	0	0	0	0	18000	18000	18000	18000	100	NaN	1.4220803824630257	0.8065091502271007	0.622343385982068	0.1388266395606874	6.421998031955734	0.2168827453285338	3.4841586605016704e-7	NaN	0.015369907622616991	0.43086452794976526	0.1591670267464304	-0.000021301942240290225	NaN	16.58073515907397	980.6516995220434	99.4194396326277	100.26919266827902	98.56968329662746	1.6995083401103792	0.0002875938305288503	57.5753712046941	013
DATA	2026-08-08T110000_AIU-1657.ghg	2026-08-08	11:30:00	220.479	1	18000	18000	0.3893229907710231	0	NaN	-107.19237875589472	1	NaN	299.7284919768999	1	NaN	25.67071270324171	1	NaN	6.838332199310848	1	NaN	0.2898430229450382	1	NaN	NaN	NaN	NaN	NaN	NaN	NaN	NaN	NaN	NaN	1.901986519964422e-9	1.1267267696833428e-10	9.731137656179418e-12	NaN	16.261366367381562	422.3336180466848	433.17104670606557	0.1	0	963.3147556744993	25.018820490868734	25.66082404120337	0.4	0	0.08319806315005653	2.098591430486904	2.152443015919006	0.2	0	NaN	NaN	NaN	NaN	9	308.0937051874797	301.75820901658807	97822.1406547309	1.1186842131811472	1019.628381329448	0.025646727141444753	0.44312392651534294	0.017578818165906136	2448.0510647607234	3904.708218649786	0.015713834126538817	62.694852667051215	1456.6571538890626	293.9054558839488	0.8567339292356227	-0.06966300014197398	0.2046499959859425	0.8835879016540346	-6.71184543019511e-14	1.16963511982584e-13	0.8835879016540346	7.731880270083644	165.64862411779438	355.35137588220556	13.392024507577894	NaN	0.5899310712976296	2.2801370826528955	164.94172399609562	0.012144289216034967	-0.3576315953444828	-0.15929905994418944	0	14.566713241313863	-2.2105549331087357	5.000281277576945	12.451407387889706	18.989181903131	26.632597620027404	39.90048432949528	0.3849544574591369	1.0113481821738612	-87.8020169730307	1.021368346530413	271.0195498928211	1.1059294139313278	23.21189072274347	1.1059294139313278	6.183335132576075	1.1059294139313278	0.22214460127473373	1.3927396285508777	NaN	NaN	800000009	800000009	800000009	800000009	800000019	800000019	899999999	899999999	89999	89999	89	89	3	1	0	35	11	7	1	NaN	0	18000	0	0	0	0	0	0	0	NaN	NaN	NaN	NaN	0	0	0	0	0	0	0	0	0	0	0	0	18000	18000	18000	18000	100	NaN	1.4849399163567367	2.4652986476385106	0.6100356013105431	0.20999809750285636	2.5860908561310985	0.2197581621394796	4.692097609282581e-7	NaN	-0.07697595180375724	0.6105893508515674	0.16265278127464333	0.00022214460127473374	NaN	16.262509496220353	963.3787675667302	99.31054026201036	100.19861619737415	98.42246238051521	1.7761537501878175	0.0002886922899148582	57.55942485756344	138
DATA	2026-08-08T113000_AIU-1657.ghg	2026-08-08	12:00:00	220.499	1	18000	18000	0.23955126191110865	0	NaN	59.70562620668399	1	NaN	186.76001023001118	0	NaN	-3.8972624514743415	2	NaN	4.263317817840224	0	NaN	0.03752251940771495	2	NaN	NaN	NaN	NaN	NaN	NaN	NaN	NaN	NaN	NaN	4.443031839933529e-10	2.6519902022517182e-11	2.2617889684133292e-12	NaN	16.11277003999945	419.3255921748813	430.0903320278586	0.1	1	961.7511153791968	25.02902076924621	25.671554643599706	0.5	0	0.08202436273244618	2.074323639363624	2.127574752020058	1.4	0	NaN	NaN	NaN	NaN	9	308.7029738956028	302.3291142289903	97810.60023676215	1.1164356652223415	1019.6478135197211	0.025698280652766112	0.2762629945960465	0.017550705748908973	2448.7602226389386	4035.836454248274	0.015720301935547444	60.675407697982436	1587.0762316093355	293.91016033161947	1.0306408793250237	0.8062938709359379	0.26847070458953376	1.335816958893365	5.42150324592775e-14	2.757459970510248e-14	1.335816958893365	6.504186250732118	122.96311711860358	38.036882881396444	11.59419432877134	NaN	0.46321475056466876	1.5295097528336536	-143.34828828951214	-0.013973658310830027	0.3196917055913165	0.11322673468089306	0	13.212853275073215	-2.005101460006539	4.535544962012359	11.294148251490558	17.224288701458306	24.157309810249743	36.1920521339533	0.23665695279065907	1.0122299771306944	70.22005492555047	1.0218765994132029	170.0537300705807	1.0982411861974246	-3.5486398620400608	1.0982411861974246	3.881950405267201	1.0982411861974246	0.0041508908305788236	1.3052885387322497	NaN	NaN	800000009	800000009	800000009	800000009	800001019	800001019	899999999	899999999	89999	89999	89	89	4	7	2	29	6	3	2	NaN	0	18000	0	0	0	0	0	0	0	NaN	NaN	NaN	NaN	0	0	0	0	0	0	0	0	0	0	0	0	18000	18000	18000	18000	100	NaN	1.860883726061477	0.7181484240096322	0.47998735559619815	0.1602017736924516	2.15146638782346	0.16967547810590758	8.988512726309122e-8	NaN	0.06168467355120328	-0.09353567750217942	0.10232113578800478	0.000004150890830578824	NaN	16.113876008545013	961.8071997945393	99.24123961893717	100.15359470579361	98.32892457029554	1.8246276348498134	0.0002896158282657983	57.391431992001	223
DATA	2026-08-08T120000_AIU-1657.ghg	2026-08-08	12:30:00	220.52	1	18000	18000	0.38776742302894057	1	NaN	-12.629889594290594	1	NaN	-269.6052113055898	2	NaN	-48.27308939974043	2	NaN	-6.156299078295615	2	NaN	0.12544107704946106	1	NaN	NaN	NaN	NaN	NaN	NaN	NaN	NaN	NaN	NaN	-3.8800935782753387e-10	-2.2865766665137022e-11	-2.0170110019303405e-12	NaN	15.825135577716324	412.2551126519312	422.5200654407146	0.1	1	932.5905426359849	24.294592442790595	24.89951603693055	0.1	1	0.08226469780525487	2.0826091051653233	2.1344650639780447	0.3	0	NaN	NaN	NaN	NaN	9	309.04138756900363	302.6304567481147	97797.49385091146	1.1154871832512285	1019.2364116599969	0.02572734247402574	-0.3989281802735558	0.017016470463752025	2376.587578538625	4106.582158772871	0.015254743146537434	57.87264169210722	1729.9945802342454	293.4251424874914	0.1886228506706463	-0.21128256599631692	0.21961980861294875	0.35840167804341033	2.1222560739742457e-13	-2.4518548730406914e-14	0.35840167804341033	5.778607179577225	209.24306497611246	311.7569350238875	37.790469711729045	NaN	0.5895944244179777	1.1247995785354843	1397.0955331431317	0.001433760220744177	0.046845865972430976	-0.01884111807931195	0	17.04251709378593	-2.586267719433765	5.850144623232559	14.56768728363206	22.216642273376063	31.15915667948582	46.68209464762051	0.3818731468567018	1.0154351679890459	-28.776919847712815	1.0219313970829242	-244.99170898080052	1.100466674677216	-43.866016582373724	1.100466674677216	-5.594262161642789	1.100466674677216	0.10860108089550981	1.3858746114324656	NaN	NaN	800000009	800000009	800000009	800000009	800000019	810000019	899999999	899999999	89999	89999	89	89	19	8	0	16	1	4	1	NaN	0	18000	0	0	0	0	0	0	0	NaN	NaN	NaN	NaN	0	0	0	0	0	0	0	0	0	0	0	0	18000	18000	18000	18000	100	NaN	0.34827797701073965	1.489765162064175	0.41155601799605424	0.07272363627219602	16.232683391113675	0.3990388652339842	0.0000013453998782629614	NaN	-0.02531073706480514	-1.156664255990181	-0.14751015900565345	0.00010860108089550981	NaN	15.82623153761019	932.6502780020949	99.23169785965814	100.14431325319079	98.3190763850742	1.825239499701392	0.00028998056329954927	57.31159674570298	214
DATA	2026-08-08T123000_AIU-1657.ghg	2026-08-08	13:00:00	220.541	1	18000	18000	0.29376846835905857	1	NaN	-48.02540788031557	1	NaN	231.26248747634853	1	NaN	14.59461390030028	1	NaN	5.280828742878555	1	NaN	0.05073344254050306	1	NaN	NaN	NaN	NaN	NaN	NaN	NaN	NaN	NaN	NaN	1.0691875284861328e-9	6.369709085901647e-11	5.613420412034757e-12	NaN	15.594155101062562	406.6414644934855	416.73724001546367	0.1	0	929.0253467026484	24.22575798986325	24.827216119127257	0.2	0	0.0818720254590735	2.07278647204581	2.124247989756095	0	0	NaN	NaN	NaN	NaN	9	308.90123073408336	302.6433566123115	97764.13889409721	1.1150884955043041	1019.1974313166713	0.02573721709552826	0.3421977025385303	0.016961747062114847	2369.045669945558	4109.634559334738	0.01521112192485119	57.64613947399391	1740.5888893891797	293.3737170794261	-1.156568463447964	-0.5046351251251148	0.7624791299590689	1.4743410880035033	-1.0731460718140356e-13	6.856335091942749e-14	1.4743410880035033	5.555974403454067	317.42734527078835	203.57265472921168	31.142345773773446	NaN	0.513272411999093	1.270553151493482	242.34121477667424	0.00826561838375666	-0.20766622552750663	-0.08232950125738023	0	25.33167733128246	-3.844179765258731	8.695545095923592	21.653136781452794	33.022399822552956	46.31438528569295	69.38738874394846	0.2905907565775772	1.010935350521492	-33.486181442530814	1.0227756915538961	207.80518812632414	1.1128812016751224	13.114260424501994	1.1128812016751224	4.745186399886876	1.1128812016751224	0.03702922580043946	1.386063632687931	NaN	NaN	800000009	800000009	800000009	800000009	800000019	800001019	899999999	899999999	89999	89999	89	89	6	0	0	12	3	5	9	NaN	0	18000	0	0	0	0	0	0	0	NaN	NaN	NaN	NaN	0	0	0	0	0	0	0	0	0	0	0	0	18000	18000	18000	18000	100	NaN	0.6496939755235516	1.775616598363518	0.1157957290998945	0.11858079767760182	8.427783865466466	1.5194713814074154	3.755467261955173e-7	NaN	-0.029464425017420373	0.34590666659099023	0.12516082164047018	0.00003702922580043946	NaN	15.595111422939059	929.0355979291219	99.1888341178894	100.10753910997178	98.27015095138549	1.8373686591055667	0.00028981963256956083	57.17317303938336	161
DATA	2026-08-08T130000_AIU-1657.ghg	2026-08-08	13:30:00	220.562	1	18000	18000	0.4067600626481033	1	NaN	107.4258447257342	1	NaN	-241.26499065842634	2	NaN	-10.548013876919082	2	NaN	-5.509153771878624	2	NaN	0.008572511274047378	2	NaN	NaN	NaN	NaN	NaN	NaN	NaN	NaN	NaN	NaN	1.3702977311931246e-9	8.314802441328433e-11	7.223664664327693e-12	NaN	15.490094176606881	403.7523158130424	413.89235006548876	0.1	1	939.9203541256252	24.499206740211363	25.114491868677447	0.1	1	0.08165761600819087	2.067474975229536	2.119398558683632	0	1	NaN	NaN	NaN	NaN	9	309.159203072442	302.6284733830545	97751.76823847453	1.1148858738908505	1019.3527903370839	0.025739208333997288	-0.3569931644177348	0.017151876129759283	2395.4831699831866	4106.11302451235	0.015384423223428954	58.339435755489916	1710.6298545291638	293.5533592386739	-0.8964779077812444	0.9846623054278865	0.4571851581511074	1.4079242748472591	2.282989075488405e-13	8.846284054635035e-14	1.4079242748472591	4.608093865651705	28.683955991883522	132.31604400811648	18.948783716416276	NaN	0.6040236542007003	0.8931669403281495	-176.55876065352305	-0.011345231426555271	-0.44526080817843794	0.15649479665481295	0	23.888284708234597	-3.6251393660668385	8.200075116549717	20.419346476631592	31.140791760210053	43.67540322429539	65.43371273048176	0.40189104324455377	1.0121152722495155	91.30829185884305	1.022056216360085	-219.49031310063248	1.0992056426098882	-9.596033233485327	1.0992056426098882	-5.0119409492822635	1.0992056426098882	-0.007576139704936047	1.3052041849076539	NaN	NaN	800000009	800000009	800000009	800000019	800001019	810001019	899999999	899999999	89999	89999	89	89	22	2	2	2	6	13	2	NaN	0	18000	0	0	0	0	0	0	0	NaN	NaN	NaN	NaN	0	94	0	0	0	0	0	0	0	0	0	0	18000	18000	18000	18000	100	NaN	1.0782197209638336	0.5224183759923391	0.18569578370012638	0.14122056889791298	2.4339494397434653	1.979782766906337	5.062190885370859e-7	NaN	0.08034434035901732	-0.25319914060563903	-0.132244137785626	-0.000007576139704936047	NaN	15.491132280907253	939.9560292615474	99.18428674909804	100.10327870792813	98.26529590479532	1.8379803654452147	0.00028968479314223967	56.55907509697661	046
DATA	2026-08-08T133000_AIU-1657.ghg	2026-08-08	14:00:00	220.583	1	18000	18000	0.25254030618177065	0	NaN	-9.512765595641763	2	NaN	54.88009747830213	0	NaN	-1.065732390365741	0	NaN	1.2586373516861549	0	NaN	NaN	NaN	NaN	NaN	NaN	NaN	NaN	NaN	NaN	NaN	NaN	NaN	3.219554209931036e-10	1.8782348068332108e-11	NaN	NaN	15.372217467141052	400.3306363661679	409.9037871683721	0.1	1	896.7898044994323	23.354628822377613	23.913110645491514	0.3	0	NaN	NaN	NaN	NaN	0	NaN	NaN	NaN	NaN	9	309.3721644914415	307.0934511409481	96842.54490969302	1.0890648357323882	1018.7242685609341	0.02655981601867631	0.08155970038926283	0.015845381545342825	2245.5401981055074	5282.903640688006	0.014549530042154856	42.50579512393046	3037.3634425824985	292.5104915014372	-0.8802128159398531	-0.4974367038767381	0.6527317473796483	1.2034436462693021	-5.021518701487912e-14	2.0943980377671652e-14	1.2034436462693021	4.538844962030736	311.5278055485078	209.47219445149227	32.84625556195365	NaN	0.4815467804310961	0.8640115589260712	1003.5102266204003	0.00199609326030089	-0.1733372576352076	-0.017805653759737083	0	19.948025919495837	-3.0271898932600347	6.847511780967686	17.051272527516495	26.00426647511271	36.47135347739512	54.64073345988507	0.2498727772886523	1.010675548261253	-6.063283333796428	1.021311017195933	49.61757710697628	1.10606161522115	-0.9635379943572625	1.10606161522115	1.1379450605330865	1.10606161522115	NaN	1	NaN	NaN	800000009	800000009	800000009	800000019	800000009	800010009	899999999	899999999	89999	89999	89	89	4	0	0	8	2	6	1	NaN	0	18000	0	0	0	0	0	0	0	NaN	NaN	NaN	NaN	0	5715	0	0	0	0	0	0	0	8995	0	0	18000	18000	18000	18000	100	NaN	0.7839459664895201	0.7588589237958276	0.18521822756679465	0.2987683886950282	0.46668888966770855	1.3109392070524974	NaN	NaN	-0.005465091973795027	-0.026198879370251355	0.030941058417490522	NaN	NaN	15.373404288438966	896.9742246520685	99.2607211210463	100.15788171895343	98.36354388258194	1.7943514492611052	0.00028926617477554846	33.88924343198484	144
DATA	2026-08-08T140000_AIU-1657.ghg	2026-08-08	14:30:00	220.604	1	18000	18000	0.07076410516950787	1	NaN	-7.499634772122859	2	NaN	77.0924451917985	1	NaN	-0.9395172095664455	1	NaN	1.7597164939874408	1	NaN	0.02189701762111033	1	NaN	NaN	NaN	NaN	NaN	NaN	NaN	NaN	NaN	NaN	-1.0085210634304822e-10	-6.292352029847085e-12	-5.351936115504142e-13	NaN	15.289143585970026	398.7637669783518	408.9379883948495	0.1	1	953.9183381114723	24.879619172660536	25.51440792525684	0.3	0	0.08113516187212665	2.051222700425612	2.1035584331498183	-0.1	0	NaN	NaN	NaN	NaN	9	308.57150180816654	302.2513216947122	97673.66171327436	1.1152231566245545	1019.5602159961909	0.025727687940548652	0.11402962881038615	0.017426002142476846	2430.7353508016436	4017.746309669215	0.01562557416330927	60.49997096510975	1587.0109588675714	293.79021398122353	-0.6066216831151044	0.9418597374629774	0.39713210935547916	1.1886141273602069	2.8555786464173e-14	-6.5963214862861545e-15	1.1886141273602069	2.852412477823993	38.21571237113085	122.78428762886914	19.518643610669336	NaN	0.251898522599987	0.2123272538883237	183.3371156432848	0.010925774592731075	-0.09728105981674985	-0.02618423164786917	0	20.367478257304903	-3.090843403780036	6.991496195079305	17.40981407709891	26.55106496083834	37.23824612837182	55.78967839718591	0.07000871084302444	1.0107900048063618	-2.7683815447651012	1.021540859806194	69.62693396593086	1.1072215994678236	-0.8485358396350073	1.1072215994678236	1.589308314463187	1.1072215994678236	0.014052634772948448	1.3820730048012346	NaN	NaN	800000009	800000009	800000009	800000019	800000019	800000019	899999999	899999999	89999	89999	89	89	6	2	0	7	4	4	2	NaN	0	18000	0	0	0	0	0	0	0	NaN	NaN	NaN	NaN	0	9	0	0	0	0	300	0	0	3005	0	20	18000	18000	18000	18000	100	NaN	0.20386943749530553	0.17267182474918585	0.04811324553215608	0.59211864313027	0.5560575704592817	2.6249557025540824	4.839879709581188e-7	NaN	-0.0024347326861286845	-0.02238802011376734	0.04193277979452778	0.000014052634772948448	NaN	15.29034020065022	954.0742692949394	99.24836751132543	100.14720966000027	98.3495325800578	1.7976715178191642	0.0002898445515634699	48.9994161183202	217
DATA	2026-08-08T143000_AIU-1657.ghg	2026-08-08	15:00:00	220.624	1	18000	18000	0.050359226466592424	1	NaN	14.557865741059123	1	NaN	50.58640253226647	0	NaN	0.774827863620358	1	NaN	1.1566268156855637	0	NaN	0.09568532005004739	0	NaN	NaN	NaN	NaN	NaN	NaN	NaN	NaN	NaN	NaN	2.8860446344670283e-10	1.6753116847128127e-11	1.5306049078547883e-12	NaN	15.240011096532847	400.0335900368522	409.5437839528614	0.1	1	884.662986852572	23.221433919025902	23.77348840914356	0.5	0	0.08082493077735214	2.057908487057657	2.1068321506218006	-0.1	0	NaN	NaN	NaN	NaN	9	309.90071319240997	303.9707857672913	97621.0491101695	1.1090189011042826	1018.6607651494945	0.02588799378725374	0.07494941765642452	0.016163873099990515	2267.5088131444445	4434.476954525315	0.014574930223367404	51.13362492120941	2166.9681413808703	292.667031938906	-0.26516230798370727	0.6113830110332996	0.22157249461561596	0.7022781543842851	6.109259995489842e-14	1.8937286962498425e-14	0.7022781543842851	3.0550207290174733	47.55318884466499	113.44681115533504	18.391322256266903	NaN	0.21309342576996523	0.3640242426538917	-57.14135316528653	-0.03505517263838418	0.28778219071366873	0.060472668235662455	0	15.801435224860603	-2.397928757699853	5.424121378982316	13.506829168578033	20.598766711793644	28.890063200329884	43.28257913287636	0.049583192328765575	1.0156511531706407	17.440802507984166	1.022240869525924	46.28136163189174	1.093018890295747	0.7088878980039464	1.093018890295747	1.0581947173599222	1.093018890295747	0.06796879209524737	1.309849485599759	NaN	NaN	800000009	800000009	800000009	800000019	800001019	800001119	899999999	899999999	89999	89999	89	89	14	7	0	26	39	14	2	NaN	0	18000	0	0	0	0	0	0	0	NaN	NaN	NaN	NaN	0	0	0	0	0	0	300	0	0	0	0	20	18000	18000	18000	18000	100	NaN	0.5248237802151762	0.13827826798253898	0.06494643711006831	0.22732150822162564	0.12684785995395384	0.3090471653250699	8.336568374136796e-7	NaN	0.01543824530275466	0.01878808889328458	0.028045980855567785	0.00006796879209524737	NaN	15.241067557025211	884.7161369219867	99.10420854949953	100.05423243204754	98.15418092134263	1.9000481462511818	0.00029200314340737846	53.26697238546029	174
DATA	2026-08-08T150000_AIU-1657.ghg	2026-08-08	15:30:00	220.645	1	18000	18000	0.22621723818252087	0	NaN	29.97739578631408	0	NaN	-37.90174508610122	2	NaN	-1.013920123901834	1	NaN	-0.8674047844920295	2	NaN	0.09043049613476987	1	NaN	NaN	NaN	NaN	NaN	NaN	NaN	NaN	NaN	NaN	-4.728789175334728e-10	-2.7059142638733874e-11	-2.518405540632649e-12	NaN	15.194028397128111	400.1903419283022	409.56937701644216	0.1	1	869.434788506426	22.89974694021983	23.436435379593334	0.1	1	0.08091865355183374	2.0688975877683506	2.11738517239108	0.1	0	NaN	NaN	NaN	NaN	9	310.33750163523354	304.9209821862115	97586.64256814236	1.105308938126356	1018.5044541364971	0.02597807424439216	-0.05620783003508351	0.015884681945667476	2235.3088567015966	4680.494552186313	0.014371259833105212	47.75796300537211	2445.1856954847162	292.4371280040323	-0.14014043347406271	-0.6234272185850567	0.30630202475116913	0.7086055096692966	1.0695375217366303e-13	-3.1122682225791657e-14	0.7086055096692966	5.005224738228553	263.668950672409	257.3310493275911	25.611089720738097	NaN	0.45239834446135035	0.9561884659177355	-265.4511015250444	-0.007546022557420106	-0.7909238932987008	0.05886081624389429	0	18.436329984538474	-2.7977842029700115	6.328595484907292	15.759097578991648	24.033618147272083	33.70749117760296	50.499964093144406	0.2227474977552255	1.0155770119182583	27.220431872819923	1.022206739470788	-34.67609166775351	1.093022404290947	-0.9276297721999327	1.093022404290947	-0.7935837189492216	1.093022404290947	0.06463292589395252	1.3097440045378808	NaN	NaN	800000009	800000009	800000009	800000009	800001019	810001019	899999999	899999999	89999	89999	89	89	16	4	2	11	10	5	0	NaN	0	18000	0	0	0	0	0	0	0	NaN	NaN	NaN	NaN	0	0	0	0	0	0	0	0	0	0	0	0	18000	18000	18000	18000	100	NaN	1.1486371915170601	0.5646667232889976	0.19907301702941316	0.11174415229318489	0.3129005901073746	0.393685217400879	0.0000013189948154727724	NaN	0.024179560172368306	-0.024662962181341484	-0.021099069730973002	0.00006463292589395252	NaN	15.195025347412882	869.4740019787203	98.9683902490404	99.9566657977634	97.98011045795016	1.9765630214081862	0.0002932296798842596	53.33663786669837	100
DATA	2026-08-08T153000_AIU-1657.ghg	2026-08-08	16:00:00	220.666	1	18000	18000	0.12809799279530837	0	NaN	-12.326567713581099	1	NaN	142.5616588418483	0	NaN	4.9491306393942285	0	NaN	3.2739908788553835	0	NaN	NaN	NaN	NaN	NaN	NaN	NaN	NaN	NaN	NaN	NaN	NaN	NaN	1.200734091249607e-10	7.009446578578997e-12	NaN	NaN	15.237157682285604	400.151378629191	409.7222336600496	0.2	0	889.4895511146374	23.359374338468623	23.9180858595208	0.4	0	NaN	NaN	NaN	NaN	0	NaN	NaN	NaN	NaN	9	310.76657626681856	308.4771299525484	96909.88569078773	1.0849318079697179	1018.7690836741892	0.02666098816096259	0.21215460894982885	0.015788459536837426	2247.5548430098156	5704.0753270842015	0.014552490231052482	39.40261504503512	3456.520484074386	292.5249029086467	0.4141866760284403	0.042917418581286525	0.06983309835797472	0.4222193376000836	6.478469540868211e-14	7.880302325974845e-15	0.4222193376000836	4.177606056633446	155.08420694109884	5.915793058901182	9.520199610624047	NaN	0.3436132809596276	0.638220286648052	281.5235262218589	0.007115213520100009	-0.08646481679380329	-0.032455927557235	0	15.414009717636613	-2.3391354422814397	5.291130739423798	13.175663672079896	20.0937184343467	28.181725810096417	42.22136064633442	0.12629932375071706	1.0142413196775417	-3.431264166681389	1.0213160742688072	129.65330802357846	1.0995605203989272	4.501007945973409	1.0995605203989272	2.97754495374894	1.0995605203989272	NaN	1	NaN	NaN	800000009	800000009	800000009	800000019	800001009	800001119	899999999	899999999	89999	89999	89	89	9	7	1	9	49	3	2	NaN	0	18000	0	0	0	0	0	0	0	NaN	NaN	NaN	NaN	0	1886	0	0	0	0	0	0	0	0	0	0	18000	18000	18000	18000	100	NaN	0.547299373571745	0.5494580391827316	0.17968316054162725	0.03991307309065207	2.2029734498728	0.4459509356662747	NaN	NaN	-0.0031043877126051686	0.12285049456476435	0.08126910117635162	NaN	NaN	15.238234602831403	889.5487332993745	99.00667520417107	99.97817586051093	98.03516846466066	1.9430114067461812	0.0002920919904879864	48.4085966761104	068
DATA	2026-08-08T163000_AIU-1657.ghg	2026-08-08	17:00:00	220.708	1	18000	18000	0.11098438069441774	1	NaN	-54.56207590094309	1	NaN	232.91779950961154	1	NaN	8.985091654298627	1	NaN	5.311577921578385	1	NaN	NaN	NaN	NaN	NaN	NaN	NaN	NaN	NaN	NaN	NaN	NaN	NaN	3.780659913696115e-11	2.5797819202734218e-12	NaN	NaN	15.639131539510432	400.3757575381709	411.6213155962954	0.1	0	1067.1562561934732	27.320154792843134	28.0875099113672	0.1	1	NaN	NaN	NaN	NaN	0	NaN	NaN	NaN	NaN	9	303.8981846644084	301.28242751217437	96892.15989398489	1.109008864319738	1020.7963475572251	0.026076511351015352	0.34419024931827935	0.018879411865154197	2624.8282153104387	3793.207152445804	0.017023679857360526	69.19812469556238	1168.378937135365	295.04282640030385	0.3845496606683149	0.32126091675972357	0.1443799787244183	0.5214715681740324	2.2148171234440506e-14	2.417435970881581e-15	0.5214715681740324	5.989858865779121	121.12390439053064	39.87609560946936	16.0735016556818	NaN	0.3163467832638744	0.7436875921068311	49.6496161645748	0.04034472277409507	-0.23425464269291082	-0.15235381643783033	0	11.321244988359672	-1.718042604626282	3.8862170495401833	9.677229938759773	14.75838625312854	20.698846564617313	31.010643977479592	0.10949870565502792	1.013567968959107	-40.054550554722795	1.0231380633763167	209.51145720685747	1.1117186745526961	8.082163104720545	1.1117186745526961	4.777807590320021	1.1117186745526961	NaN	1	NaN	NaN	800000009	800000019	800000009	800000019	800000019	811110019	899999999	899999999	89999	89999	89	89	19	2	0	5	15	0	0	NaN	0	18000	0	0	0	0	0	0	0	NaN	NaN	NaN	NaN	0	17620	0	0	0	0	300	150	0	17997	0	15	18000	18000	18000	18000	100	NaN	0.6666565331321609	0.4913001849388053	0.329418466142696	1.1086702135854107	6.805589548977652	1.198547774830616	NaN	NaN	-0.035381621968748465	0.2166229782502154	0.12805766183029713	NaN	NaN	15.640137500144075	1067.1221520532897	99.5113411165873	100.22552053070068	98.79715297147963	1.4283725942505519	0.00028508845563919745	0.7554406180653801	185
DATA	2026-08-08T170000_AIU-1657.ghg	2026-08-08	17:30:00	220.729	1	18000	18000	0.021911256849533194	1	NaN	21.141183113613504	1	NaN	60.34480756107533	1	NaN	1.6678202165122546	1	NaN	1.3757146342587132	1	NaN	NaN	NaN	NaN	NaN	NaN	NaN	NaN	NaN	NaN	NaN	NaN	NaN	1.843215623204733e-10	1.3059937143484777e-11	NaN	NaN	15.480072410749976	396.26705732904037	407.714516095078	0.1	1	1096.8264923312877	28.07714298641291	28.888242295983375	0.1	1	NaN	NaN	NaN	NaN	0	NaN	NaN	NaN	NaN	9	303.65483868408194	300.96928790867867	96927.61473041096	1.1102582168436592	1021.2175225921694	0.02604609982244173	0.08914630829996462	0.01942517800104958	2697.888139360701	3724.3473191655285	0.017496090284540477	72.43921976549669	1026.4591798048273	295.4933884649532	0.1595593979260409	-0.017763810324091394	0.06329994061449305	0.17257356954512643	-1.87167708797382e-14	1.1907021971839944e-14	0.17257356954512643	2.460426701078207	167.3526021005939	353.64739789940614	21.51838388543085	NaN	0.14048231227128727	0.1879328187753253	-11.225953300959807	-0.178434734788068	0.35033972214123626	0.13272886691501995	1	0.33460035239223795	1	1	1	3	NaN	NaN	0.021060857960389805	1.040378169338722	24.11609087270352	1.0379405560840202	54.37149379087169	1.1098611304147483	1.5027287385846195	1.1098611304147483	1.2395376291307878	1.1098611304147483	NaN	1	NaN	NaN	800000009	800000019	800000009	800000019	800000009	801000019	899999999	899999999	89999	89999	89	89	22	17	0	0	24	4	0	NaN	0	18000	0	0	0	0	0	0	0	NaN	NaN	NaN	NaN	0	8424	0	0	0	0	300	0	0	12000	0	15	18000	18000	18000	18000	100	NaN	0.07194580292484376	0.2009046776114895	0.10301515701431734	0.49973349418618657	1.083609155657169	0.371217699671062	NaN	NaN	0.02126986128680948	0.04026084513456673	0.033209475032670695	NaN	NaN	15.481256476560281	1096.8673675637176	99.50737116114297	100.21666131676568	98.79809020529854	1.418562474277288	0.0002845849145604816	24.284117822516155	056
DATA	2026-08-08T173000_AIU-1657.ghg	2026-08-08	18:00:00	220.749	1	18000	18000	0.31628615513628505	1	NaN	113.59864437832279	1	NaN	296.4925331704506	1	NaN	-0.20847485937512425	2	NaN	6.746877752384856	1	NaN	0.1672034613199607	1	NaN	NaN	NaN	NaN	NaN	NaN	NaN	NaN	NaN	NaN	6.213502957280507e-10	4.295520173096671e-11	3.306074986655907e-12	NaN	15.446918525597772	397.25861555481464	408.4767308722894	0.1	1	1067.8766968500283	27.463290977478238	28.23882196187851	0.1	1	0.08218982321164292	2.0508623771109957	2.108776314646548	-1.2	0	NaN	NaN	NaN	NaN	9	304.42755726369217	299.0770678555763	97539.56948225635	1.1244022543003895	1020.9733706323426	0.025492492486381038	0.43719767835453865	0.019413108081051386	2679.4761268726174	3337.240604549711	0.017265269619305725	80.29016916609628	657.7644776770935	295.3808572310633	-0.3946997622546491	-0.3233336706056883	0.38741547563540224	0.6406428924394708	7.797116607176307e-14	4.022487039718528e-14	0.6406428924394708	3.713969960769305	301.6760458328656	219.32395416713447	37.20935915543879	NaN	0.5303703499697376	0.6750663990323961	-112.90813047899651	-0.017740972164733717	0.3831416702592509	0.1865768640271811	0	22.655149729513454	-3.4380063755807093	7.776779782545571	19.365281243798822	29.533275772620165	41.42083919496332	62.05596497918618	0.311165031900359	1.016457900827256	129.85882821837757	1.0226343538705205	271.2476779825763	1.09306938726862	-0.1907242685627348	1.09306938726862	6.1724148814048	1.09306938726862	0.08612227255756995	1.3109946654893485	NaN	NaN	800000009	800000009	800000009	800000019	800000019	800110119	899999999	899999999	89999	89999	89	89	22	5	4	3	14	0	2	NaN	0	18000	0	0	0	0	0	0	0	NaN	NaN	NaN	NaN	0	0	0	0	0	0	300	0	0	3	0	20	18000	18000	18000	18000	100	NaN	0.36286918521667416	0.823808805294989	0.16345480755312905	0.5853922730826107	1.0142018510797497	1.0898838995617934	0.0000020153974065093128	NaN	0.11311894791417931	-0.004999373049125973	0.16179485095767493	0.00008612227255756995	NaN	15.448074265767271	1067.8696257458112	99.51438725747002	100.2979140057034	98.7308531443278	1.567069124162202	0.00028598275654884565	51.09141895792221	186
DATA	2026-08-08T180000_AIU-1657.ghg	2026-08-08	18:30:00	220.77	1	18000	18000	0.04672469478119945	1	NaN	-66.20312281735684	1	NaN	150.37584123234842	1	NaN	7.319690252624483	1	NaN	3.424917216236409	1	NaN	0.18972717046957085	1	NaN	NaN	NaN	NaN	NaN	NaN	NaN	NaN	NaN	NaN	-1.0867682410457714e-10	-7.421035693981224e-12	-5.735822790194278e-13	NaN	15.45368591428462	399.1938877135811	410.3804892762461	0.1	1	1055.2604542724298	27.259096996531106	28.022978073981427	0.1	1	0.08156256367444287	2.0433063843649144	2.1005659143723983	0.6	0	NaN	NaN	NaN	NaN	9	305.4941667277019	299.98394682103185	97569.97230486848	1.1214399870735556	1020.8734743913425	0.025561824759743335	0.2219346356121193	0.019216505116934585	2660.3827671525387	3520.554449973474	0.01713556261452818	75.56715298559247	860.1716828209355	295.2634446643163	0.18894144635843219	-0.40476202743453993	0.12330613331788048	0.4633956964827581	6.442679252833871e-15	-7.032420919343371e-15	0.4633956964827581	5.269639375883082	225.97700421030368	295.0229957896963	15.431881218522406	NaN	0.20411983929945782	0.503088853436302	11.046529518787787	0.18133296947182864	-0.4402510554542149	-0.2832991690843669	0	9.99285927342437	-1.5164549474399622	3.4302252201031305	8.541745809230722	13.026701310853124	18.27013381082157	27.371989702884928	0.045910657607933426	1.017730897697387	-56.107114600920845	1.0334393511721445	129.35570954163867	1.1624986772148895	6.296514908869378	1.1624986772148895	2.946168699685589	1.1624986772148895	0.12514419838867663	1.6373078197577362	NaN	NaN	800000009	800000009	800000009	800000019	800000019	810101019	899999999	899999999	89999	89999	89	89	15	6	0	9	9	0	6	NaN	0	18000	0	0	0	0	0	0	0	NaN	NaN	NaN	NaN	0	2	0	0	0	0	300	0	0	0	0	20	18000	18000	18000	18000	100	NaN	0.41222000746479576	0.4065866136486001	0.18737108575920824	0.3017349115560135	2.219026926497148	1.1017634655338062	0.0000024185805629474627	NaN	-0.04900833834516617	0.1654619642832239	0.07742042498351877	0.00012514419838867663	NaN	15.454807731890378	1055.2875685272968	99.46798145866396	100.29260054482356	98.64335300827028	1.6492560760710022	0.0002871330831840169	51.81301896930159	088
DATA	2026-08-08T183000_AIU-1657.ghg	2026-08-08	19:00:00	220.791	1	18000	18000	0.04952593573255146	0	NaN	10.74910994422946	0	NaN	120.96639634669795	1	NaN	3.7443283996123276	1	NaN	2.757811379937077	1	NaN	0.06914551258977153	0	NaN	NaN	NaN	NaN	NaN	NaN	NaN	NaN	NaN	NaN	-4.7368274104584785e-12	-3.135465471536652e-13	-2.4933498330399918e-14	NaN	15.418160468683421	399.42445514487866	410.2717315599226	0.1	1	1020.5799281905669	26.439248870012957	27.157266600287244	0.4	0	0.08115741718918722	2.0417830468421303	2.0972322933851686	1.3	0	NaN	NaN	NaN	NaN	9	306.5651006681653	300.9961674870947	97540.04050586381	1.1176758122706396	1020.4232696550911	0.025655947275696114	0.1787061774199226	0.01857016884549546	2579.577164436018	3735.4646331344047	0.01661498678026217	69.05639372287433	1155.8874686983868	294.7582258614123	0.20138623712441842	-0.7228759683190827	-0.0035067236567556392	0.7504121395519796	-2.510615591622408e-15	-3.072239013259513e-16	0.7504121395519796	3.4025898674511983	235.4326784793808	285.5673215206192	-0.2677477963582109	NaN	0.21050306255952217	0.4175902613645004	-74.5934579697501	-0.02685356135134957	0.08886029731283204	0.044773173722531416	0	13.463205211591688	-2.0430933322371696	4.621482680442075	11.50814532140593	17.550647735483032	24.6150329958604	36.87780487408297	0.0487881970880931	1.0151212524440343	17.922853933357672	1.022006700530058	110.6648343153085	1.0930879451916768	3.4254594207932154	1.0930879451916768	2.522954710156908	1.0930879451916768	0.04482524250220285	1.3090995520358448	NaN	NaN	800000009	800000009	800000009	800000019	800000019	810010019	899999999	899999999	89999	89999	89	89	12	6	0	57	3	0	1	NaN	0	18000	0	0	0	0	0	0	0	NaN	NaN	NaN	NaN	0	19	0	0	0	0	0	0	0	0	0	0	18000	18000	18000	18000	100	NaN	0.47535662086512065	0.2652432637163415	0.09458063814753875	0.19699482300423252	2.9012247210896196	1.2936777685411975	4.964678448754875e-7	NaN	0.0157148760291452	0.09027073698005879	0.0664871344470448	0.00004482524250220285	NaN	15.419193464899411	1020.5942104599897	99.37753309970431	100.23905353397794	98.51600791125827	1.723052110665374	0.0002877658493202438	52.005820959815274	251
DATA	2026-08-08T190000_AIU-1657.ghg	2026-08-08	19:30:00	220.812	0	18000	18000	0.06215263875583456	0	NaN	-45.10309084679365	1	NaN	189.21462804587128	1	NaN	7.575550716872542	1	NaN	4.305320558372999	1	NaN	0.05700818449943074	0	NaN	NaN	NaN	NaN	NaN	NaN	NaN	NaN	NaN	NaN	1.8466580236337598e-10	1.2102834154096242e-11	9.611554040547904e-13	NaN	15.616581632929329	401.57223209237253	412.4267645233493	0.1	1	1023.4970153560695	26.318690649287888	27.03008715124479	0.1	1	0.08128176217390247	2.026429721422241	2.081204293398157	0	0	NaN	NaN	NaN	NaN	9	306.6059382163155	298.98632854553455	97527.21744965306	1.1250929089049408	1020.3121112550158	0.025487985821094673	0.27898477218257034	0.018607308437593475	2567.477179831199	3319.3652493007107	0.016538463881799834	77.3484382404765	751.8880694695117	294.6813842417792	-0.01710395451108587	-1.19063351845893	0.0966049131008903	1.1946686694531952	-1.3111671211897256e-14	1.18249823619522e-14	1.1946686694531952	3.189912119192966	251.8230215158586	269.1769784841414	4.638192947249443	NaN	0.23503665200880067	0.4350851659658644	24.741747992440278	0.08096032667586936	-0.23836999978595372	-0.16716651283375417	0	16.672260329466155	-2.530079826988501	5.723047457533334	14.251197370341812	21.733975186294817	30.482209226970973	45.66790400777662	0.061348376877675755	1.0131097499085011	-33.28503236841228	1.0270000091651572	166.8231291624645	1.134222988118154	6.679066458916968	1.134222988118154	3.795832568617015	1.134222988118154	0.04055951812190504	1.4797173601859912	NaN	NaN	800000009	800000009	800000009	800000019	800000019	800000119	899999999	899999999	89999	89999	89	89	11	4	0	17	13	0	6	NaN	0	18000	0	0	0	0	0	0	0	NaN	NaN	NaN	NaN	0	3	0	0	0	0	0	0	0	0	0	0	18000	18000	18000	18000	100	NaN	0.6586776208671535	0.14239851893120484	0.06909419213337042	0.279603726497658	9.478981568107415	1.0767436722051238	7.67705923277706e-7	NaN	-0.02899529651394689	0.1748387114744692	0.09936395742608585	0.000040559518121905035	NaN	15.617709961246922	1023.5260094677036	99.47164853519863	100.26445627148946	98.67884234195284	1.5856105163759533	0.0002856431675172644	53.3761559397465	111
DATA	2026-08-08T193000_AIU-1657.ghg	2026-08-08	20:00:00	220.833	0	18000	18000	0.20439112377465082	1	NaN	19.452831263001023	1	NaN	165.39567907623103	1	NaN	43.72876086279183	1	NaN	3.7600735190985928	1	NaN	0.10084092065881349	1	NaN	NaN	NaN	NaN	NaN	NaN	NaN	NaN	NaN	NaN	-9.150825604378942e-10	-6.100869088196069e-11	-4.690122736940433e-12	NaN	15.840857734008786	406.17336222356806	417.4785299725	0	0	1056.1123494002472	27.079638681482788	27.833355902618823	0.1	1	0.08119001524339037	2.0166196274281614	2.0727489192385757	0.2	0	NaN	NaN	NaN	NaN	9	306.2108821563721	298.0888163638775	97530.55911757912	1.128191123706113	1020.7335888393404	0.025410604037053877	0.2436527640375888	0.019203600854574187	2641.800746358605	3147.0048846524596	0.017021584775007155	83.94650924256042	505.2041382938546	295.1484662020085	-0.6023897390442059	-1.4658573996240112	0.5210431763208414	1.6682617616335103	3.226368520873146e-14	-5.776723557546386e-14	1.6682617616335103	3.657339662526523	273.34006572814974	247.65993427185032	18.19952187160732	NaN	0.42563729694532276	0.42287882265709	-340.7452957220566	-0.0058785844592669405	0.11761390244079589	0.03968698056797894	0	20.950964747786244	-3.179389729815867	7.19178822566573	17.9085695532284	27.31169853151542	38.30504552644316	57.38793829179911	0.20198375384310455	1.0119186315024933	29.061680137338524	1.0228956035220655	149.9478756751432	1.1030211553950584	39.644535056202	1.1030211553950584	3.408886131247305	1.1030211553950584	0.06557344385758712	1.3052847858034808	NaN	NaN	800000009	800000009	800000009	800000019	800000019	800000019	899999999	899999999	89999	89999	89	89	12	8	0	41	12	1	5	NaN	0	18000	0	0	0	0	0	0	0	NaN	NaN	NaN	NaN	0	6	0	0	0	0	0	0	0	0	0	0	18000	18000	18000	18000	100	NaN	0.3316210456447357	0.38613191792997004	0.12800468173947424	0.057710664336971744	24.09131713297868	0.2293813714171914	9.034171341746787e-7	NaN	0.025236297229925497	1.0354384015828588	0.08903349735121938	0.00006557344385758712	NaN	15.842159558057773	1056.1942908384897	99.52733051194085	100.27306103494433	98.78159882651434	1.4914636609090735	0.0002851342180171439	49.447886858768356	068
DATA	2026-08-08T200000_AIU-1657.ghg	2026-08-08	20:30:00	220.854	0	18000	18000	0.05864136740024929	1	NaN	16.56627975235954	1	NaN	1.7779922810473499	2	NaN	-3.125985591838947	2	NaN	0.04039146820775362	2	NaN	0.026153332739720935	0	NaN	NaN	NaN	NaN	NaN	NaN	NaN	NaN	NaN	NaN	-1.3314594643340418e-10	-8.513699929275886e-12	-6.74912845184188e-13	NaN	16.04175791018523	410.29063476923113	421.3446348190207	0.1	1	1025.7519424649977	26.23505590509664	26.941877569315913	0.1	1	0.08131519406288737	2.0122653937300914	2.0664796016049385	0.5	0	NaN	NaN	NaN	NaN	9	306.13281198120126	297.34764379469016	97551.18098428672	1.1316074199504502	1020.2329678069957	0.025342064397019044	0.0026173671398624344	0.01865498043504217	2559.947181318177	3010.6064936765106	0.016485381861369393	85.03094598032322	450.6593123583334	294.6334043695478	-0.38462878519616334	-1.8967635154194042	0.4604490032468983	1.9893879512098118	1.402234831352722e-14	-8.299959840988947e-15	1.9893879512098118	3.2456964820217613	262.46309564997887	258.5369043500212	13.382607161361582	NaN	0.22764292176786702	0.1455198697109122	-61.21019109577596	-0.03272494276101404	9.31740814004038	0.0630341208751108	0	17.83119967560318	-2.7059533439814074	6.120873831838588	15.241841292381773	23.244769673281414	32.60111997645595	48.84241842659722	0.057945526319674805	1.0120085384458442	16.417003047437948	1.0242307129026589	1.6043219699820248	1.1082515319959565	-2.820646307800775	1.1082515319959565	0.03644611989392764	1.1082515319959565	0.016307859950897948	1.3060313709559492	NaN	NaN	800000009	800000009	800000009	800000019	800000019	800000019	899999999	899999999	89999	89999	89	89	16	3	0	17	14	0	11	NaN	0	18000	0	0	0	0	0	0	0	NaN	NaN	NaN	NaN	0	0	0	0	0	0	300	0	0	0	0	20	18000	18000	18000	18000	100	NaN	0.1703789434709355	0.06586926185299345	0.054791534097895424	0.08653090075101225	38.61895928831765	0.21417434803602886	1.35542543045122e-7	NaN	0.014219971930732348	-0.07340736323982112	0.0009485108268755631	0.000016307859950897948	NaN	16.042943046201444	1025.8215998640007	99.58960311932034	100.29274268171523	98.88645841937596	1.4062931599087203	0.0002842393329693651	50.87461195434852	234
DATA	2026-08-08T203000_AIU-1657.ghg	2026-08-08	21:00:00	220.874	0	18000	18000	0.20646047636494858	1	NaN	8.572853805837138	1	NaN	15.06173326826767	1	NaN	6.597215412378386	2	NaN	0.341956232421397	1	NaN	0.06395789668150478	1	NaN	NaN	NaN	NaN	NaN	NaN	NaN	NaN	NaN	NaN	-4.346307173592732e-10	-2.743158824935676e-11	-2.153867619251235e-12	NaN	16.52318680323819	421.5947206997931	433.1195223626178	0.1	1	1042.8560128182685	26.60882520362557	27.33620962732883	0.1	1	0.08188274689502857	2.020876378153459	2.076119478457579	0.2	0	NaN	NaN	NaN	NaN	9	305.6720349714491	296.7204330547785	97578.8804272599	1.1341594965051296	1020.4377802491794	0.025281430465441772	0.022158763860906525	0.01896613560060608	2597.1558455954255	2899.2399422205176	0.016722635272243033	89.58057619771452	302.0840966250921	294.86929991530644	-0.7705334859761299	-0.7989670369966421	0.5414033178636919	1.2349849115724283	1.1038888576893386e-13	-2.6304291208164208e-14	1.2349849115724283	2.992890705854729	294.96212568584315	226.0378743141569	26.001113193468374	NaN	0.42665947609985033	0.4670253841444018	-778.9655564552769	-0.002571487254346919	0.5691810931148662	0.017361344667367957	0	23.895600457116817	-3.6262495591840556	8.202586376403689	20.425599868743525	31.150328577746084	43.68877874649052	65.45375170006933	0.20392209351791787	1.0124478069209684	9.364443682868217	1.021674148001992	13.730192696996642	1.0969790155648937	6.013985061492834	1.0969790155648937	0.31172540911851926	1.0969790155648937	0.04726020755094389	1.3055081462141112	NaN	NaN	800000009	800000009	800000009	800000019	800000019	800000019	899999999	899999999	89999	89999	89	89	8	5	1	27	6	0	4	NaN	0	18000	0	0	0	0	0	0	0	NaN	NaN	NaN	NaN	0	0	0	0	0	0	300	0	0	0	0	15	18000	18000	18000	18000	100	NaN	0.26163057562645964	0.5798386340890151	0.09258155857332886	0.04110952401988737	5.060954638481019	0.12025890597501786	6.697597697420106e-7	NaN	0.008091356181883513	0.15619954646083517	0.008096356579998635	0.00004726020755094389	NaN	16.524460800542215	1042.9222096913088	99.57728375795152	100.25376647610135	98.90079999287923	1.352971925622886	0.0002832033875893103	51.70232008974192	134
DATA	2026-08-08T210000_AIU-1657.ghg	2026-08-08	21:30:00	220.895	0	18000	18000	0.08464963129766775	1	NaN	28.863053584154976	0	NaN	45.58076382832166	1	NaN	5.197249576942932	1	NaN	1.034554905582493	1	NaN	0.10242356041563185	0	NaN	NaN	NaN	NaN	NaN	NaN	NaN	NaN	NaN	NaN	-1.7803246407331486e-10	-1.0934529963005425e-11	-8.60695620270086e-13	NaN	16.91668459069202	431.0998533794875	442.82479590422264	0.1	1	1039.0014848946867	26.47761063332837	27.197741852196614	0.1	1	0.08178349051386005	2.015598875809732	2.070418613711583	0	0	NaN	NaN	NaN	NaN	9	305.39634725019664	296.42681221137616	97615.33578809146	1.1357639826000292	1020.3571392269936	0.025246980885005942	0.06703915788174554	0.018898360717298963	2585.3141500220036	2848.3529742732426	0.016639337931844078	90.76523076223187	263.038824251239	294.79454868325064	-0.45786564793719275	-1.387679525265578	0.48255931410110625	1.5388823567862493	1.6913440898168198e-14	-1.0524075395439643e-14	1.5388823567862493	2.9398572321162257	269.2603358154023	251.7396641845977	18.27497704458489	NaN	0.27300367251007907	0.19104476161249526	-60.62698183361964	-0.033039744671723305	0.6332288263721655	0.0912291202031298	0	17.217482320511923	-2.6128193676096	5.9102045237009575	14.717244927871329	22.444727117361285	31.479048916237925	47.16135151027277	0.08364764229819362	1.0119786878858124	31.184874700608678	1.0224450183872895	41.396879150364455	1.1010676351412925	4.720191031930572	1.1010676351412925	0.9395925123616367	1.1010676351412925	0.07083640663447374	1.3051756906282406	NaN	NaN	800000009	800000009	800000009	800000019	800000019	801001019	899999999	899999999	89999	89999	89	89	10	5	0	28	17	0	11	NaN	0	18000	0	0	0	0	0	0	0	NaN	NaN	NaN	NaN	0	0	0	0	0	0	300	0	0	0	0	15	18000	18000	18000	18000	100	NaN	0.16908851921031548	0.12698694733301516	0.0860140566816599	0.05055992704136013	20.03612511815308	0.02469488278858154	0.0000011512908945657262	NaN	0.02690938075059582	0.12241263629310768	0.02436723338131712	0.00007083640663447374	NaN	16.918008867161312	1039.0776655289442	99.57665278455946	100.23471117358739	98.91859022903442	1.3161230244040483	0.00028307728068385687	49.78778810310961	040
DATA	2026-08-08T213000_AIU-1657.ghg	2026-08-08	22:00:00	220.916	0	18000	18000	0.08670458736017798	1	NaN	15.497697137290526	1	NaN	38.57739280524422	1	NaN	12.404051408790789	1	NaN	0.8755401842900807	1	NaN	0.11546434450437441	1	NaN	NaN	NaN	NaN	NaN	NaN	NaN	NaN	NaN	NaN	-4.102742538870322e-10	-2.5135850735252782e-11	-1.9691593813740705e-12	NaN	17.030428663722986	433.677433230439	445.5146090401546	0	0	1043.3857567055145	26.56966925331217	27.294885328805616	0.1	1	0.08173953898951195	2.0139117258822457	2.0688812155025387	0.7	0	NaN	NaN	NaN	NaN	9	305.37907497406	296.3585514202226	97659.95590439619	1.1365049007951125	1020.4093997012116	0.02522963453843641	0.05673500394199723	0.018977105967140095	2595.488753353917	2836.6351582561947	0.01669777750528263	91.49885722171896	241.14640490227748	294.85879438978634	-0.1944273563668593	-1.3554947826850092	0.3875928211900209	1.4231641851270036	8.717009280896003e-16	-2.4090659253983982e-14	1.4231641851270036	2.7426789464383146	259.1626275951844	261.8373724048156	15.80390478981979	NaN	0.276207445577328	0.2507149336921174	-116.97428832723791	-0.017124276015223854	0.4017300291787413	0.0483822459284306	0	19.92913874052227	-3.024323690983593	6.841028423614297	17.03512805100268	25.979645129773882	36.43682169047466	54.58899855056278	0.08566843428709248	1.0120949224963438	17.59308193569972	1.022097542436985	35.089026228240016	1.0994147444934432	11.28241318475856	1.0994147444934432	0.7963693307510507	1.0994147444934432	0.08473086557786018	1.3051915188022756	NaN	NaN	800000009	800000009	800000009	800000019	800000019	800000119	899999999	899999999	89999	89999	89	89	0	6	0	3	21	0	5	NaN	0	18000	0	0	0	0	0	0	0	NaN	NaN	NaN	NaN	0	0	0	0	0	0	300	0	0	0	0	15	18000	18000	18000	18000	100	NaN	0.36051352620700267	0.07983536026951199	0.061080980907720156	0.05498671349151573	45.47608905993508	0.03488308341051496	8.684025501145737e-7	NaN	0.015170369607415097	0.2924228231636412	0.020640670055742626	0.00008473086557786018	NaN	17.03174073235193	1043.4606618499206	99.55517579714457	100.2031307565901	98.90721672036912	1.295923287259208	0.0002830371880958814	49.09159129340207	035
DATA	2026-08-08T220000_AIU-1657.ghg	2026-08-08	22:30:00	220.937	0	18000	18000	0.08600643870403621	1	NaN	18.315813923417466	1	NaN	22.84679782390621	1	NaN	3.571653004880319	2	NaN	0.5184409893023432	1	NaN	0.12776706988294914	1	NaN	NaN	NaN	NaN	NaN	NaN	NaN	NaN	NaN	NaN	4.618628303475383e-10	2.7043637579585555e-11	2.169135309384976e-12	NaN	17.680697641474765	449.8165312643765	461.98440867801787	0.1	1	1035.2649049729384	26.338285849213175	27.05075640381427	0.1	1	0.08303726350921971	2.0441275469953353	2.099422743327432	0.7	0	NaN	NaN	NaN	NaN	9	305.1173015857272	296.19410504702125	97691.77105557027	1.137606870013337	1020.2730576076052	0.025207422925725767	0.03359497610679184	0.01882841893569556	2573.723980254181	2808.578591436325	0.016550901222559266	91.63795480396232	234.85461118214425	294.72109438702245	-0.017962939214122953	-0.43859447154862474	0.23653178841338277	0.4986331964362901	-2.171339896746951e-14	2.6122432480498766e-14	0.4986331964362901	2.2343247070208307	253.34527747207085	267.65472252792915	28.317706842309875	NaN	0.2749599115882333	0.18534501165376568	-97.65954661799366	-0.02051105160087781	0.8016796955349402	0.057391584977246946	0	20.99700448154114	-3.1863764370356025	7.2075921764201345	17.947923625181044	27.37171597433594	38.38922084336708	57.51404825530215	0.0843930999831274	1.0191169505709752	19.40413371638624	1.0241128845233052	20.883659597984167	1.094003554152527	3.264754480297013	1.094003554152527	0.4738933318219015	1.094003554152527	0.09372776992136544	1.3147855454293782	NaN	NaN	800000009	800000009	800000009	800000019	800000019	800000019	899999999	899999999	89999	89999	89	89	11	2	2	15	9	0	2	NaN	0	18000	0	0	0	0	0	0	0	NaN	NaN	NaN	NaN	0	0	0	0	0	0	300	0	0	0	0	15	18000	18000	18000	18000	100	NaN	0.2490114994875079	0.06855315317161405	0.053125370648409435	0.06906428910758544	60.12686299700207	0.09564511108713436	0.000003634610257927293	NaN	0.016718050558015358	0.08452283055643996	0.012268856978110448	0.00009372776992136545	NaN	17.682123399375605	1035.3327351940013	99.56898253122965	100.21546520911323	98.92249944453769	1.2929666839771807	0.00028282700664324995	48.81240779717761	024
DATA	2026-08-08T223000_AIU-1657.ghg	2026-08-08	23:00:00	220.958	0	18000	18000	0.029953372366093592	1	NaN	28.12401566859206	0	NaN	38.809822590516774	1	NaN	7.330956610659873	1	NaN	0.8804800507075972	1	NaN	0.14891468360246568	1	NaN	NaN	NaN	NaN	NaN	NaN	NaN	NaN	NaN	NaN	4.027974856122048e-10	2.2903435383431478e-11	1.855916834769299e-12	NaN	18.055991597481288	458.92293377612106	471.2192976665782	0.2	0	1026.6802837861705	26.094779970487753	26.793962527171796	0.1	1	0.08319421041888242	2.0456717089092082	2.100483360020617	0	0	NaN	NaN	NaN	NaN	9	304.81411191389293	295.9656811036426	97697.74497326373	1.1386603740083054	1020.1285729910682	0.025186442874081446	0.057055107285852294	0.01866988305875074	2550.0850085633324	2770.0089119167565	0.016396357935096247	92.06053444783888	219.92390335342407	294.5703770320053	0.21628032265312971	0.005273551740312519	0.09836269914283012	0.2376556519369134	-1.603834316777757e-14	2.230824507408349e-14	0.2376556519369134	1.4512557023726085	159.60323678053396	1.396763219465883	24.449275387630102	NaN	0.16219062939341958	0.07857394896787398	-13.053608340198219	-0.15345182326571802	0.7246623094707008	0.14928028408785582	1	0.5051692049295767	1	1	1	2	5	NaN	0.029028086053137385	1.0318755536022053	29.775050649412247	1.0322705503139382	35.186928679813484	1.1029613565784648	6.646612383049839	1.1029613565784648	0.7982873066731596	1.1029613565784648	0.10545212536118849	1.333248612095115	NaN	NaN	800000009	800000009	800000009	800000019	800000019	800000019	899999999	899999999	89999	89999	89	89	8	5	0	4	1	0	1	NaN	0	18000	0	0	0	0	0	0	0	NaN	NaN	NaN	NaN	0	4	0	0	0	0	300	0	0	0	0	15	18000	18000	18000	18000	100	NaN	0.03901105914659854	0.06561185142997326	0.05252498735917617	0.06517391299410889	14.256527190218389	0.09981756664987548	0.0000025525639670140656	NaN	0.025633233267666325	0.17189118902625466	0.02064488590888043	0.00010545212536118849	NaN	18.057359075636345	1026.7473780179928	99.57768032052783	100.21724029265509	98.93812656805251	1.2791103377607138	0.0002828208777969443	48.7168771103523	162
DATA	2026-08-08T230000_AIU-1657.ghg	2026-08-08	23:30:00	220.979	0	18000	18000	0.031070900083493003	1	NaN	1.0834020214436815	2	NaN	5.638926609065291	2	NaN	10.99924477023355	1	NaN	0.12790746323490682	2	NaN	-0.028924515605939293	1	NaN	NaN	NaN	NaN	NaN	NaN	NaN	NaN	NaN	NaN	5.167879326420036e-11	2.879501014376566e-12	2.369996574781003e-13	NaN	18.113578589874237	460.1052518770916	472.21118676616743	-0.1	0	1009.274107018752	25.636696521276072	26.311229527781443	0.1	1	0.08306912082013898	2.0405314993427672	2.094220391980643	-0.1	0	NaN	NaN	NaN	NaN	9	304.39390779876715	295.77930162359655	97669.82569747054	1.139251543121309	1019.8608336347665	0.025177777231993853	0.008288403617621962	0.018348453676909175	2504.6033338590332	2738.8820559189753	0.01610570886446928	91.44619164765989	234.27872205994208	294.2769210637868	0.03629352414187167	-0.03925806876513343	0.10117016258528191	0.11442822053730235	-1.895504451101647e-14	2.8530416012377358e-15	0.11442822053730235	1.4941789776188164	208.24705786834966	312.7529421316503	62.145441204621136	NaN	0.16514563697323897	0.09550514325051512	-357.6149350513751	-0.005601276131580561	0.19212912253583422	0.005646274629607762	1	0.08320672521414746	1	1	NaN	NaN	NaN	NaN	0.029455216700541412	1.0548521981480412	1.3705270679924215	1.0477288668474682	5.025486384766585	1.1220658414592835	9.802673215618677	1.1220658414592835	0.11399283224642054	1.1220658414592835	-0.022210981436639896	1.3683189522695474	NaN	NaN	800000009	800000009	800000009	800000019	800000019	800001119	899999999	899999999	89999	89999	89	89	9	0	0	10	1	0	1	NaN	0	18000	0	0	0	0	0	0	0	NaN	NaN	NaN	NaN	0	1	0	0	0	0	300	0	0	0	0	15	18000	18000	18000	18000	100	NaN	0.03290806397417057	0.10963647883689469	0.04846574368996498	0.044707217900214084	26.43093856121869	0.01788738666933236	0.0000011838840779182379	NaN	0.0011795791248214427	0.2533051722511844	0.002945622420787545	-0.000022210981436639897	NaN	18.11489108133476	1009.3484094080254	99.61362231699626	100.2461089015537	98.98115247599284	1.2649412728117588	0.00028244181611322954	50.36183159821181	151
