DATAH	filename	date	time	DOY	daytime	file_records	used_records	Tau	qc_Tau	rand_err_Tau	H	qc_H	rand_err_H	LE	qc_LE	rand_err_LE	co2_flux	qc_co2_flux	rand_err_co2_flux	h2o_flux	qc_h2o_flux	rand_err_h2o_flux	ch4_flux	qc_ch4_flux	rand_err_ch4_flux	none_flux	qc_none_flux	rand_err_none_flux	H_strg	LE_strg	co2_strg	h2o_strg	ch4_strg	none_strg	co2_v-adv	h2o_v-adv	ch4_v-adv	none_v-adv	co2_molar_density	co2_mole_fraction	co2_mixing_ratio	co2_time_lag	co2_def_timelag	h2o_molar_density	h2o_mole_fraction	h2o_mixing_ratio	h2o_time_lag	h2o_def_timelag	ch4_molar_density	ch4_mole_fraction	ch4_mixing_ratio	ch4_time_lag	ch4_def_timelag	none_molar_density	none_mole_fraction	none_mixing_ratio	none_time_lag	none_def_timelag	sonic_temperature	air_temperature	air_pressure	air_density	air_heat_capacity	air_molar_volume	ET	water_vapor_density	e	es	specific_humidity	RH	VPD	Tdew	u_unrot	v_unrot	w_unrot	u_rot	v_rot	w_rot	wind_speed	max_wind_speed	wind_dir	yaw	pitch	roll	u*	TKE	L	(z-d)/L	bowen_ratio	T*	model	x_peak	x_offset	x_10%	x_30%	x_50%	x_70%	x_90%	un_Tau	Tau_scf	un_H	H_scf	un_LE	LE_scf	un_co2_flux	co2_scf	un_h2o_flux	h2o_scf	un_ch4_flux	ch4_scf	un_none_flux	un_none_scf	spikes_hf	amplitude_resolution_hf	drop_out_hf	absolute_limits_hf	skewness_kurtosis_hf	skewness_kurtosis_sf	discontinuities_hf	discontinuities_sf	timelag_hf	timelag_sf	attack_angle_hf	non_steady_wind_hf	u_spikes	v_spikes	w_spikes	ts_spikes	co2_spikes	h2o_spikes	ch4_spikes	none_spikes	head_detect_LI-7200	t_out_LI-7200	t_in_LI-7200	aux_in_LI-7200	delta_p_LI-7200	chopper_LI-7200	detector_LI-7200	pll_LI-7200	sync_LI-7200	chopper_LI-7500	detector_LI-7500	pll_LI-7500	sync_LI-7500	not_ready_LI-7700	no_signal_LI-7700	re_unlocked_LI-7700	bad_temp_LI-7700	laser_temp_unregulated_LI-7700	block_temp_unregulated_LI-7700	motor_spinning_LI-7700	pump_on_LI-7700	top_heater_on_LI-7700	bottom_heater_on_LI-7700	calibrating_LI-7700	motor_failure_LI-7700	bad_aux_tc1_LI-7700	bad_aux_tc2_LI-7700	bad_aux_tc3_LI-7700	box_connected_LI-7700	mean_value_RSSI_LI-7200	mean_value_LI-7500	u_var	v_var	w_var	ts_var	co2_var	h2o_var	ch4_var	none_var	w/ts_cov	w/co2_cov	w/h2o_cov	w/ch4_cov	w/none_cov	co2_mean	h2o_mean	avg_signal_strength_7200_mean	co2_signal_strength_7200_mean	h2o_signal_strength_7200_mean	delta_signal_strength_7200_mean	flowrate_mean	rssi_77_mean	CHK
DATAU		[yyyy-mm-dd]	[HH:MM]	[ddd.ddd]	[1=daytime]	[#]	[#]	[kg+1m-1s-2]	[#]	[kg+1m-1s-2]	[W+1m-2]	[#]	[W+1m-2]	[W+1m-2]	[#]	[W+1m-2]	[µmol+1s-1m-2]	[#]	[µmol+1s-1m-2]	[mmol+1s-1m-2]	[#]	[mmol+1s-1m-2]	[µmol+1s-1m-2]	[#]	[µmol+1s-1m-2]	[µmol+1s-1m-2]	[#]	[µmol+1s-1m-2]	[W+1m-2]	[W+1m-2]	[µmol+1s-1m-2]	[mmol+1s-1m-2]	[µmol+1s-1m-2]	[µmol+1s-1m-2]	[µmol+1s-1m-2]	[mmol+1s-1m-2]	[µmol+1s-1m-2]	[µmol+1s-1m-2]	[mmol+1m-3]	[µmol+1mol_a-1]	[µmol+1mol_d-1]	[s]	[1=default]	[mmol+1m-3]	[mmol+1mol_a-1]	[mmol+1mol_d-1]	[s]	[1=default]	[mmol+1m-3]	[µmol+1mol_a-1]	[µmol+1mol_d-1]	[s]	[1=default]	[mmol+1m-3]	[µmol+1mol_a-1]	[µmol+1mol_d-1]	[s]	[1=default]	[K]	[K]	[Pa]	[kg+1m-3]	[J+1kg-1K-1]	[m+3mol-1]	[mm]	[kg+1m-3]	[Pa]	[Pa]	[kg+1kg-1]	[%]	[Pa]	[K]	[m+1s-1]	[m+1s-1]	[m+1s-1]	[m+1s-1]	[m+1s-1]	[m+1s-1]	[m+1s-1]	[m+1s-1]	[deg_from_north]	[deg]	[deg]	[deg]	[m+1s-1]	[m+2s-2]	[m]	[#]	[#]	[K]	[0=KJ/1=KM/2=HS]	[m]	[m]	[m]	[m]	[m]	[m]	[m]	[kg+1m-1s-2]	[#]	[W+1m-2]	[#]	[W+1m-2]	[#]	[µmol+1s-1m-2]	[#]	[mmol+1s-1m-2]	[#]	[µmol+1s-1m-2]	[#]	[µmol+1s-1m-2]	[#]	8u/v/w/ts/co2/h2o/ch4/none	8u/v/w/ts/co2/h2o/ch4/none	8u/v/w/ts/co2/h2o/ch4/none	8u/v/w/ts/co2/h2o/ch4/none	8u/v/w/ts/co2/h2o/ch4/none	8u/v/w/ts/co2/h2o/ch4/none	8u/v/w/ts/co2/h2o/ch4/none	8u/v/w/ts/co2/h2o/ch4/none	8co2/h2o/ch4/none	8co2/h2o/ch4/none	8aa	8U	[#]	[#]	[#]	[#]	[#]	[#]	[#]	[#]	[#_flagged_recs]	[#_flagged_recs]	[#_flagged_recs]	[#_flagged_recs]	[#_flagged_recs]	[#_flagged_recs]	[#_flagged_recs]	[#_flagged_recs]	[#_flagged_recs]	[#_flagged_recs]	[#_flagged_recs]	[#_flagged_recs]	[#_flagged_recs]	[#_flagged_recs]	[#_flagged_recs]	[#_flagged_recs]	[#_flagged_recs]	[#_flagged_recs]	[#_flagged_recs]	[#_flagged_recs]	[#_flagged_recs]	[#_flagged_recs]	[#_flagged_recs]	[#_flagged_recs]	[#_flagged_recs]	[#_flagged_recs]	[#_flagged_recs]	[#_flagged_recs]	[#_flagged_recs]	[#]	[#]	[m+2s-2]	[m+2s-2]	[m+2s-2]	[K+2]	--	--	--	--	[m+1s-1K+1]	--	--	--	--	--	--	--	--	--	--	--	--	241
DATA	2026-08-25T233000_AIU-1657.ghg	2026-08-26	00:00:00	238	0	18000	18000	0.04536307979069103	0	NaN	16.60488621556375	0	NaN	50.55446040433992	0	NaN	5.383434893415468	0	NaN	1.1418694130617486	0	NaN	0.0210943588866758	1	NaN	NaN	NaN	NaN	NaN	NaN	NaN	NaN	NaN	NaN	2.53203417784253e-10	1.017336223819597e-11	1.273257478750312e-12	NaN	17.114528363148857	428.10503983288015	435.59760920955597	0.2	0	687.6380188617686	17.200666895927117	17.501707944388343	0.1	1	0.08606203432937559	2.065255997828148	2.101401505132533	0.4	0	NaN	NaN	NaN	NaN	9	299.54440833536785	291.3905787641737	97686.7271421441	1.1603358742068237	1014.9588048171778	0.024799902123040528	0.0739931379664013	0.012498276051153489	1680.7275702041622	2089.0393240739777	0.01077125712388837	80.454568319301	408.31175386981545	287.9366739105557	-0.4553952769365622	-2.0125134622538927	0.5633027043784087	2.138902810033517	-2.756624445171346e-15	1.4794647705831773e-14	2.138902810033517	3.7236068000239886	263.7502700992568	257.2497299007432	15.269561475511571	NaN	0.19772400840847199	0.2533251940303613	-39.98564645158167	-0.05009547619607799	0.32845541387952937	0.07130900271641519	1	18.693084059813465	8	15	28	45	81	228	0.044819072528664974	1.0121378518414927	19.178428224090815	1.0249333254087336	45.510624323369434	1.110827661803367	4.846327723488413	1.110827661803367	1.0279447049490888	1.110827661803367	0.00972936114331941	1.3065656662010796	NaN	NaN	800000009	800000009	800000009	800000009	800000019	800000119	899999999	899999999	89999	89999	89	89	24	4	1	23	13	0	14	NaN	0	18000	0	0	0	0	0	0	0	NaN	NaN	NaN	NaN	0	0	0	0	0	0	0	0	0	0	0	0	18000	18000	18000	18000	100	NaN	0.2522011810559585	0.15452811964287974	0.09992108736188433	0.0989630526167224	2.9300858945760377	0.06180513225025596	9.47505188771274e-8	NaN	0.016284741778236043	0.12229253052523155	0.02593921962787731	0.000009729361143319412	NaN	17.11586197657521	687.6860633424947	98.05989898893569	98.4357949816386	97.68400111897786	0.7517993051624985	0.00027809474582479905	53.587522900687325	245
DATA	2026-08-26T000000_AIU-1657.ghg	2026-08-26	00:30:00	238.02	0	18000	18000	0.01644115056693442	1	NaN	25.942813460081574	1	NaN	27.38599288972125	1	NaN	3.5150516671832666	0	NaN	0.6181270990879505	1	NaN	-0.0016930527835428133	1	NaN	NaN	NaN	NaN	NaN	NaN	NaN	NaN	NaN	NaN	1.4848159401185463e-10	5.855907907401454e-12	7.450150260911651e-13	NaN	17.215415643982446	429.52632408438035	436.92784767489957	0	0	678.9520901206838	16.939921842716654	17.231827656423633	0.1	1	0.08637934836655807	2.0657647786319404	2.101361681276036	-1	0	NaN	NaN	NaN	NaN	9	298.8856117460462	290.65591014777294	97700.82931922743	1.163552157471319	1014.7970587184777	0.024733804756895926	0.04005463602089919	0.012341708032238038	1655.4883607799168	1994.6291635713233	0.010606922906713149	82.99730050150349	339.1408027914065	287.7022160164059	-0.6218754523005765	-2.2406881213452943	0.7627922231637554	2.447297348307139	3.427592112743215e-15	8.624920657303766e-15	2.447297348307139	3.381940932168649	266.5113406959031	254.48865930409693	18.160962229042614	NaN	0.11887024981530336	0.08704112885653274	-5.561384261442262	-0.3601801108921263	0.9473022783781798	0.18483271458618858	1	34.71770170629205	15	27	46	69	111	254	0.01623765834796912	1.0125321160603649	26.96236772452269	1.026501103167089	24.532290089673946	1.1163243541314751	3.1487727148244957	1.1163243541314751	0.55371639685212	1.1163243541314751	-0.009445514572068787	1.307963860626673	NaN	NaN	800000009	800000009	800000009	800000009	800000019	800000019	899999999	899999999	89999	89999	89	89	14	2	0	25	3	1	10	NaN	0	18000	0	0	0	0	0	0	0	NaN	NaN	NaN	NaN	0	0	0	0	0	0	0	0	0	0	0	0	18000	18000	18000	18000	100	NaN	0.09737921535260922	0.041350045261179205	0.035352997099277056	0.146047327621504	8.920680767680556	0.06872649443765602	6.1532971227173e-8	NaN	0.0228345770534014	0.07922352994582875	0.01393157636973343	-0.000009445514572068786	NaN	17.21678817489411	678.9970853212009	98.05935382355584	98.40891629854838	97.70979327138265	0.6991217232081689	0.0002772776554209283	53.48127004739976	231
DATA	2026-08-26T003000_AIU-1657.ghg	2026-08-26	01:00:00	238.041	0	18000	18000	0.07266312329532147	0	NaN	0.7422432236208026	2	NaN	0.7760978223580621	2	NaN	-0.8897017410691449	1	NaN	0.017511061853091103	2	NaN	0.01131917174805247	1	NaN	NaN	NaN	NaN	NaN	NaN	NaN	NaN	NaN	NaN	-1.2182769211070274e-11	-4.795842199961668e-13	-6.098832470574892e-14	NaN	17.293321599406166	430.89820918846465	438.3335045408066	0.1	1	680.7651041158863	16.962644368540925	17.255340574158428	0.1	1	0.08657232971196277	2.066980296339335	2.102646745312745	-1.1	0	NaN	NaN	NaN	NaN	9	298.65830446539985	290.2897149793837	97700.30361132813	1.1650036141175335	1014.8029177133438	0.02470277574509768	0.0011347168080803034	0.01237378584141578	1657.70004610312	1948.982995703977	0.010621242450641385	85.05461821663329	291.2829496008569	287.7228864252687	-0.36948515922295005	-2.4090121781830813	0.5130983695202274	2.490608137448465	3.944299222558149e-14	-7.044782658461991e-16	2.490608137448465	4.597757078391989	259.71985720398595	261.28014279601405	11.888822344553402	NaN	0.24974304026455324	0.3198190317337156	-1802.6502583898923	-0.001111197244544345	0.9563784386942394	0.002513876089080686	0	12.832684561070842	-1.9474093909563932	4.405045344737329	10.969185752692393	16.728700386889457	23.462240152460883	35.15071112831077	0.07175904432966089	1.0125988155793608	0.7707548345185395	1.0267318332468587	0.6947383561827942	1.1171080673050693	-0.7964330104745163	1.1171080673050693	0.015675351710005184	1.1171080673050693	0.008720519232791582	1.3081879432900523	NaN	NaN	800000009	800000009	800000009	800000009	800000019	800000019	899999999	899999999	89999	89999	89	89	8	15	0	51	21	0	5	NaN	0	18000	0	0	0	0	0	0	0	NaN	NaN	NaN	NaN	0	0	0	0	0	0	0	0	0	0	0	0	18000	18000	18000	18000	100	NaN	0.24847001425153561	0.24107880956970965	0.15008923964618595	0.10260340602642096	5.925435624420316	0.06372030229205952	5.643135257642642e-8	NaN	0.0006519394738329933	-0.020013682088771818	0.00039390821528958666	0.000008720519232791582	NaN	17.294679001454696	680.8134666369542	98.00381477483114	98.3211875873142	97.68644146092734	0.6347509285625492	0.00027710489904469196	53.22668941953447	069
DATA	2026-08-26T010000_AIU-1657.ghg	2026-08-26	01:30:00	238.062	0	18000	18000	0.11111784298281797	0	NaN	16.412413554195272	1	NaN	31.66361292629822	0	NaN	0.041592029300579085	2	NaN	0.7143063145915018	0	NaN	0.010188769361876626	1	NaN	NaN	NaN	NaN	NaN	NaN	NaN	NaN	NaN	NaN	-6.933996479031196e-10	-2.734239010035242e-11	-3.444769214932671e-12	NaN	17.464209932841733	434.87006020631463	442.45729860731484	0.1	1	688.6551532326786	17.147956254494808	17.447139031370845	0.1	1	0.08676118155194107	2.070038870925898	2.1061551269072845	0.7	0	NaN	NaN	NaN	NaN	9	298.47870012791947	290.1176633283828	97704.70734331597	1.1656648378912084	1014.9046012349783	0.02468702193064993	0.04628704918552932	0.012516948292447524	1675.885465365161	1927.8548592843	0.010738033683071198	86.93006412253045	251.96939391913884	287.8919344725609	-0.35791272267225477	-1.8906226231257748	0.4762085786572343	1.982253775507076	1.650173910171403e-14	-3.9704037604310414e-14	1.982253775507076	4.052697846194792	261.719775026168	259.28022497383193	13.9004655375176	NaN	0.3087486398370427	0.571559402432055	-154.0448211554154	-0.013003358275700016	0.5183367290522913	0.04493331713391637	0	16.190779062341573	-2.4570131871357286	5.557770519240978	13.839634424927175	21.106315726475994	29.601907910093168	44.34905222319126	0.109799854377208	1.0120035551329798	17.917321062259596	1.0241982985940707	28.57386833610482	1.108131827089345	0.03753346694303155	1.108131827089345	0.6446040959474306	1.108131827089345	0.0021524191160742817	1.3060090360968715	NaN	NaN	800000009	800000009	800000009	800000009	800000019	801000019	899999999	899999999	89999	89999	89	89	20	5	0	43	2	0	19	NaN	0	18000	0	0	0	0	0	0	0	NaN	NaN	NaN	NaN	0	0	0	0	0	0	0	0	0	0	0	0	18000	18000	18000	18000	100	NaN	0.7906267149717471	0.22420076025697408	0.12829132963538897	0.14763196795445607	1.6338094580050213	0.07124024216897705	1.073641582568339e-7	NaN	0.01514517019907082	0.0009427602698913646	0.016191073752682084	0.0000021524191160742816	NaN	17.465638407826894	688.6990527861886	97.95470950698852	98.26148067559136	97.64793860456679	0.6135400247772529	0.0002766854726279334	52.85020924928454	181
DATA	2026-08-26T013000_AIU-1657.ghg	2026-08-26	02:00:00	238.083	0	18000	18000	0.09003093290666754	1	NaN	37.908463469983836	0	NaN	34.567382540497974	1	NaN	4.695049676469353	1	NaN	0.7795066776179483	1	NaN	0.040934140490488664	0	NaN	NaN	NaN	NaN	NaN	NaN	NaN	NaN	NaN	NaN	-3.014808330060991e-10	-1.1712598231317631e-11	-1.4920425777094156e-12	NaN	17.570792482607846	436.95213425866956	444.49779041306584	0.1	0	682.6292434666265	16.975688782129048	17.268839222397087	0.1	1	0.08695866416030854	2.0707921444691046	2.1065523210749446	0.7	0	NaN	NaN	NaN	NaN	9	298.1683710988362	289.70967292107474	97697.78636349826	1.167300254156536	1014.7994560387293	0.024654051133810858	0.05051203270964305	0.01240777491029565	1658.9320876488423	1878.5540206855317	0.01062946304184712	88.3089902862339	219.62193303668937	287.73439057564656	-0.807379297429963	-1.734785084670371	0.7643765204173013	2.060488312240225	-3.999496839645629e-14	-1.7158066905890264e-14	2.060488312240225	4.020400239445571	275.95754871783936	245.0424512821606	21.77536743044914	NaN	0.2777183556313511	0.25730902352077056	-48.533708830499265	-0.041272345515478585	1.0966541486203523	0.11523085669649931	0	16.6926424566002	-2.5331728934158417	5.73004398221376	14.26861970605842	21.76054534754597	30.51947425591804	45.72373381171668	0.08895772690475143	1.0120642246520666	39.16585166868053	1.0245593954850825	31.156692521437652	1.1094689372664819	4.23179912367538	1.1094689372664819	0.7025944138089191	1.1094689372664819	0.020830751866872874	1.3062739030248982	NaN	NaN	800000009	800000009	800000009	800000009	800000019	800000019	899999999	899999999	89999	89999	89	89	12	4	0	28	8	0	13	NaN	0	18000	0	0	0	0	0	0	0	NaN	NaN	NaN	NaN	0	0	0	0	0	0	0	0	0	0	0	0	18000	18000	18000	18000	100	NaN	0.23855491805692897	0.1798901632909431	0.09617296569366908	0.15690158569892945	5.013466225337158	0.04054510447901373	1.6120330439025305e-7	NaN	0.033063191228393574	0.10613315873782546	0.017621007583253984	0.000020830751866872874	NaN	17.57221443255743	682.6784901780295	97.90843331909181	98.18832403437298	97.6285435985989	0.5597815229925872	0.0002761182416159298	52.683138064596385	053
DATA	2026-08-26T020000_AIU-1657.ghg	2026-08-26	02:30:00	238.104	0	18000	18000	0.11739698535350611	1	NaN	55.82235422303975	0	NaN	60.391442732063425	1	NaN	-1.3228201641211748	2	NaN	1.361817551781894	1	NaN	0.07094314464644766	0	NaN	NaN	NaN	NaN	NaN	NaN	NaN	NaN	NaN	NaN	1.1247043040964759e-10	4.373476065308394e-12	5.589252969063806e-13	NaN	17.51736260656079	435.51741176000195	443.0201079040457	0.1	1	681.1725162612182	16.935339977093605	17.22708654454021	0.1	1	0.08705307750870728	2.0727935519362934	2.1085017458444653	-0.1	0	NaN	NaN	NaN	NaN	9	298.2374269765218	289.6861900160048	97690.35406011285	1.1673239951501602	1014.7761570666826	0.024653928291743583	0.08824577735546672	0.012378345065530537	1654.8631389701043	1875.750351883229	0.010604035483686115	88.22406123014414	220.8872129131248	287.6963682940605	-0.3855985976514317	-1.5285244507186575	0.46218211251217367	1.6427676585816184	-1.9142518718299565e-14	6.420511633841726e-15	1.6427676585816184	3.143825627949317	265.158508841939	255.84149115806105	16.340409345124844	NaN	0.3171266690665535	0.23435052070089463	-49.07148077336196	-0.04082004391209172	0.924342120301792	0.14859825683012884	0	17.580801079996586	-2.6679543910541423	6.034920096853805	15.027804338979651	22.918349814422893	32.143311483151045	48.15653787999648	0.11601348262496065	1.0119253615807564	58.328453620082726	1.0228021765377502	54.77025731509779	1.1026320797550122	-1.1996931600385552	1.1026320797550122	1.2350607031898335	1.1026320797550122	0.038635107540202135	1.3052540204813816	NaN	NaN	800000009	800000009	800000009	800000009	800000019	800000019	899999999	899999999	89999	89999	89	89	12	8	0	45	4	0	8	NaN	0	18000	0	0	0	0	0	0	0	NaN	NaN	NaN	NaN	0	0	0	0	0	0	0	0	0	0	0	0	18000	18000	18000	18000	100	NaN	0.17682923326283387	0.18171142235534268	0.11016038578361272	0.0763542371063705	1.7230397124126755	0.04077725466033352	6.516708626525727e-7	NaN	0.04924008515437733	-0.030086816278340592	0.030973790388432704	0.00003863510754020214	NaN	17.51873529457411	681.220591814427	97.88149471240573	98.14842829725477	97.61456281534831	0.5338673710972075	0.0002766976566716847	52.522317734188434	221
DATA	2026-08-26T023000_AIU-1657.ghg	2026-08-26	03:00:00	238.124	0	18000	18000	0.11690476344178047	1	NaN	62.6153444441306	0	NaN	85.75483385735288	0	NaN	5.744651164736124	0	NaN	1.9333930408987947	0	NaN	0.08134585427439618	0	NaN	NaN	NaN	NaN	NaN	NaN	NaN	NaN	NaN	NaN	-3.7800613871572087e-10	-1.4570846486534322e-11	-1.872737858231275e-12	NaN	17.591863306916185	437.29322555759256	444.79068917389407	0.1	0	678.1062882419039	16.856161333382374	17.14516296643168	0.1	1	0.08715453279045235	2.0733320348353512	2.1088796504561267	1.1	0	NaN	NaN	NaN	NaN	9	298.05374819601866	289.4901592095792	97665.09433177722	1.1678476096948092	1014.7276590772202	0.02464361704799312	0.1252838690502419	0.012325627031144806	1646.7001781352471	1852.4886831652682	0.01055413987991621	88.89124090742628	205.78850503002104	287.61984112160036	-0.5954732952571457	-1.7697410053496854	0.686401846416221	1.9894017106014954	4.246213156569144e-14	-2.1487555474985356e-14	1.9894017106014954	3.292818915718594	269.5967906625699	251.40320933743016	20.18358333842592	NaN	0.31639019461626483	0.2312006402014764	-43.4349601669193	-0.04611722889354898	0.7301669378578333	0.16700215824704517	0	17.363453916601284	-2.6349711204781823	5.960311849004343	14.842019252721371	22.63501583554444	31.74593154914204	47.561190326746214	0.1155175651952981	1.0120085481730603	66.34009076672743	1.0242307755224829	77.37853828892483	1.1082508891180094	5.1835294888037025	1.1082508891180094	1.7445445430117963	1.1082508891180094	0.04375962912983775	1.3060314146722702	NaN	NaN	800000009	800000009	800000009	800000019	800000019	800000019	899999999	899999999	89999	89999	89	89	9	1	0	20	2	0	8	NaN	0	18000	0	0	0	0	0	0	0	NaN	NaN	NaN	NaN	0	0	0	0	0	0	301	0	0	0	0	21	18000	18000	18000	18000	100	NaN	0.2114544031767684	0.13783393456482237	0.1131129426613621	0.11879160417257537	3.058760147519217	0.05627733002394428	3.213527364183011e-7	NaN	0.05598096580793349	0.12993165205262486	0.04372919167191374	0.00004375962912983775	NaN	17.59324116335975	678.1529497779983	97.88173239474827	98.14507823350692	97.6183837153117	0.5266978561017284	0.0002762410580665649	52.4421266971164	213
DATA	2026-08-26T030000_AIU-1657.ghg	2026-08-26	03:30:00	238.145	0	18000	18000	0.0791885862325072	1	NaN	46.86290460509126	0	NaN	45.61886396767669	1	NaN	5.791251007482304	0	NaN	1.0284484086219972	1	NaN	0.026500662500375204	0	NaN	NaN	NaN	NaN	NaN	NaN	NaN	NaN	NaN	NaN	3.418156728558947e-10	1.2998825882049802e-11	1.6818437972116279e-12	NaN	17.70957657918714	439.8241745980253	447.30579685694624	0.1	0	673.4732216176988	16.725967585243826	17.010484395858246	0.1	1	0.08713685148517777	2.0722797269703093	2.1075302089297914	0.2	0	NaN	NaN	NaN	NaN	9	297.8169686135186	289.4339679407867	97656.53185141993	1.1680297988572481	1014.6529017027374	0.02464099393905224	0.06664345687870542	0.01223172822475291	1633.8381284895281	1845.8676753083912	0.010472102883607871	88.51328566748757	212.02954681886308	287.49858108648306	-0.36813603178457754	-2.3359258575654933	0.5667182101816852	2.431716118236772	4.19287131360657e-14	1.9301177039862568e-14	2.431716118236772	3.8228590899806254	259.9560086488875	261.0439913511124	13.476868777784377	NaN	0.2603780279481872	0.2379987386996428	-32.34426489151058	-0.06193060830780404	1.0272703116477437	0.15186351413573917	0	15.490631516003537	-2.35076309579241	5.317432523325315	13.241158832893074	20.193602687083136	28.321814894780363	42.43123962276448	0.07821026822177422	1.0125088179976425	48.4747476743121	1.0264186651848695	40.87559429368452	1.1160416076133972	5.1890995532564625	1.1160416076133972	0.9215143966014724	1.1160416076133972	0.006479053960759796	1.3078847417300394	NaN	NaN	800000009	800000009	800000009	800000019	800000019	800000019	899999999	899999999	89999	89999	89	89	11	13	0	38	3	0	16	NaN	0	18000	0	0	0	0	0	0	0	NaN	NaN	NaN	NaN	0	0	0	0	0	0	301	0	17997	0	0	21	18000	18000	18000	18000	100	NaN	0.20135868280288488	0.17273451453746322	0.10190428005893752	0.10969317765550429	4.5856836887859425	0.073206667261839	6.157769418164066e-8	NaN	0.04090196123259844	0.13004020228274804	0.023093393624586987	0.0000064790539607597955	NaN	17.710949682541656	673.514944379503	97.85073357560898	98.09630467859904	97.60516341018676	0.49114294123815116	0.0002761336170159564	51.855281447278124	065
DATA	2026-08-26T033000_AIU-1657.ghg	2026-08-26	04:00:00	238.166	0	18000	18000	0.11115870857359292	1	NaN	-5.026212997889132	2	NaN	-21.841794323927353	2	NaN	11.515878073192821	1	NaN	-0.49235160626989366	2	NaN	0.007726094481378966	2	NaN	NaN	NaN	NaN	NaN	NaN	NaN	NaN	NaN	NaN	2.864505603108809e-10	1.0684161071315096e-11	1.4099619037784997e-12	NaN	17.737720740244725	440.12128555754197	447.46682965693856	0.1	0	661.5894387537786	16.41584048817246	16.689817876204888	0.1	1	0.08730829667941425	2.0749332861361176	2.109563544787005	0.8	0	NaN	NaN	NaN	NaN	9	297.62316339196093	289.31199645047747	97660.56391449552	1.1687083849271553	1014.4752043214817	0.024629592970558823	-0.03190438408628911	0.012010488805840002	1603.6102753334392	1831.5671833456447	0.010276719976291268	87.55399692214365	227.95690801220553	287.21026388761396	-0.15961133213415993	-2.607296114380547	0.38243443915866915	2.6400236562698	-7.092710950044416e-14	1.6149231601158286e-14	2.6400236562698	4.635701238788835	254.5031147513405	266.4968852486595	8.329185615806697	NaN	0.3084030513520419	0.28417365272322637	501.09098036553814	0.003997477660720952	0.23011905172932576	-0.01374594576831262	0	16.240438510088968	-2.464549199918771	5.574817000675228	13.882082573958263	21.171051832065675	29.692701218643933	44.485077144107294	0.10974822260961434	1.0128520164649575	-6.118542313685851	1.028933316536709	-19.210498703803573	1.1369717497028227	10.128552513466406	1.1369717497028227	-0.43303767784782926	1.1369717497028227	0.00806317120165217	1.3937064883527668	NaN	NaN	800000009	800000009	800000009	800000019	800000019	800000019	899999999	899999999	89999	89999	89	89	14	6	0	46	14	0	11	NaN	0	18000	0	0	0	0	0	0	0	NaN	NaN	NaN	NaN	0	0	0	0	0	0	301	0	18000	0	0	16	18000	18000	18000	18000	100	NaN	0.24759767981382957	0.1937216080937862	0.127028017538837	0.07016249659030051	2.696762788867499	0.02226855546042935	5.439735192891333e-8	NaN	-0.005160602059594968	0.2536267386871831	-0.010843596240942789	0.00000806317120165217	NaN	17.739147814921996	661.6384001686885	97.87871680874295	98.11487318886651	97.6425645904541	0.47231036580437	0.0002756488315935712	50.31686026414239	203
DATA	2026-08-26T040000_AIU-1657.ghg	2026-08-26	04:30:00	238.187	0	18000	18000	0.03168850769961788	0	NaN	20.80012990193866	1	NaN	2.0922057058468044	2	NaN	3.2789531650705923	1	NaN	0.047149282675629255	2	NaN	0.040569734987292765	0	NaN	NaN	NaN	NaN	NaN	NaN	NaN	NaN	NaN	NaN	-5.584679053767518e-10	-2.0620609545231323e-11	-2.7533970103403266e-12	NaN	17.7793747823669	440.6399979224352	447.92777685782903	0.1	0	656.4773764361462	16.26998661819309	16.53907718263177	0.1	1	0.08765710061433923	2.080455110694015	2.114863918344784	0.3	0	NaN	NaN	NaN	NaN	9	297.4487862116496	289.0337008793035	97679.53998327942	1.170125913657646	1014.3876373805441	0.024601121069180658	0.0030552735173807757	0.011917552987067835	1589.671106495527	1799.3018526353274	0.010184846645960751	88.3493286113852	209.6307461398003	287.0756976803456	-0.36063769672898116	-1.504647681200721	0.43436983002224205	1.6070785114854806	7.301537757082714e-15	-3.141099798012161e-14	1.6070785114854806	3.4226193256882818	264.47853062894524	256.5214693710547	15.681249467052957	NaN	0.16456390906883422	0.24749579212840553	-18.398654816168516	-0.10887208983559492	9.941723150745336	0.10648658685444745	1	15.877720037876415	7	13	23	36	61	160	0.03131464886157375	1.0119387842953875	20.56439119464266	1.022675096445163	1.8984058411075446	1.1020855817774957	2.975225535372799	1.1020855817774957	0.04278187053276267	1.1020855817774957	0.026716714307734403	1.3052178038378082	NaN	NaN	800000009	800000009	800000009	800000019	800000019	800000019	899999999	899999999	89999	89999	89	89	4	6	0	56	4	0	19	NaN	0	18000	0	0	0	0	0	0	0	NaN	NaN	NaN	NaN	0	0	0	0	0	0	301	0	18000	0	0	16	18000	18000	18000	18000	100	NaN	0.334892951661408	0.08891503437234785	0.07118359822305526	0.09928664782438812	3.193492655767361	0.03767071208068504	2.883362199551689e-7	NaN	0.01732524208704158	0.07440477298578792	0.0010698938036973794	0.000026716714307734405	NaN	17.78076258393962	656.5227815356885	97.85929244613648	98.07874438434176	97.63984118143716	0.4389015733003627	0.00027592318156772913	51.889311065179236	138
DATA	2026-08-26T043000_AIU-1657.ghg	2026-08-26	05:00:00	238.208	0	18000	18000	0.09609954658341371	1	NaN	55.376306821839925	0	NaN	45.25541456644553	1	NaN	3.687844066194818	1	NaN	1.0197432715891634	1	NaN	0.05715039821201568	0	NaN	NaN	NaN	NaN	NaN	NaN	NaN	NaN	NaN	NaN	5.64737373280735e-11	2.069422610803093e-12	2.779304960333581e-13	NaN	17.80906263963296	441.1806710582188	448.43027130064223	0.1	1	652.5949697567552	16.166616543072426	16.432270763436847	0.1	1	0.08764572432258369	2.0789707373325435	2.1131329473976534	0.1	0	NaN	NaN	NaN	NaN	9	297.37851288604736	288.9130983505236	97671.34612568191	1.170562203946387	1014.3269644624959	0.024592918956961727	0.06607936399897779	0.011845785187494962	1579.4387541717683	1785.4749218846239	0.010119740025398524	88.46042780061128	206.03616771285556	286.97625459660105	-0.29237824733938106	-1.9776417618464481	0.46948137710375143	2.053524955086632	-1.5893385729406597e-14	3.1710673644549217e-15	2.053524955086632	3.9007480249140594	259.40979644069785	261.5902035593022	13.215968015142654	NaN	0.28652559345331924	0.2606108722081971	-36.473689605465864	-0.05491903949579644	1.2236393667443828	0.1627751482720999	0	14.828576158607811	-2.2502936410816927	5.090170343212077	12.67524387104094	19.33054666317009	27.111366549734655	40.61776742931833	0.09495455992822743	1.0120582587718983	56.89245952903938	1.024526769711255	40.79463660086593	1.1093471676000888	3.3243372083176923	1.1093471676000888	0.9192282644893119	1.1093471676000888	0.028591488759396575	1.3062483528606676	NaN	NaN	800000009	800000009	800000009	800000019	800000019	800010019	899999999	899999999	89999	89999	89	89	8	9	0	53	13	0	18	NaN	0	18000	0	0	0	0	0	0	0	NaN	NaN	NaN	NaN	0	10	0	0	0	0	301	0	18000	0	0	16	18000	18000	18000	18000	100	NaN	0.18331838011834498	0.20026649746146172	0.13763686683658752	0.0746019805508899	2.9508724844315486	0.01693402984132352	3.905034166566201e-7	NaN	0.04791618591817161	0.08309894468415942	0.022978083725016994	0.000028591488759396577	NaN	17.810462308636016	652.6442758986286	97.8309393403795	98.03501758236357	97.626861008962	0.4081573645555317	0.00027533862370344444	51.73849985138574	245
DATA	2026-08-26T050000_AIU-1657.ghg	2026-08-26	05:30:00	238.229	0	18000	18000	0.042994868216450675	1	NaN	33.66201936878912	0	NaN	20.626057250006273	1	NaN	4.2020067192073	0	NaN	0.4646285776635185	1	NaN	0.04081781697758175	0	NaN	NaN	NaN	NaN	NaN	NaN	NaN	NaN	NaN	NaN	-4.4462271431991424e-10	-1.6058578481230462e-11	-2.2014172685675384e-12	NaN	17.768341759471127	439.8234244437019	446.92290246610503	0.1	0	641.7447904393125	15.885241018592696	16.141655100299957	0.1	1	0.08797466508866912	2.083579815877061	2.1172122426388946	0.3	0	NaN	NaN	NaN	NaN	9	297.16867495981853	288.60055836486816	97671.32705381945	1.1719550808303483	1014.1622265910182	0.02456631966230343	0.030107931832595997	0.0116522153906061	1551.9487530435251	1750.0755737071606	0.009942544369832268	88.6789562896449	198.1268206636355	286.7062606199092	-0.5187929454423136	-1.7845502245144464	0.5389166341904139	1.9349927035166556	-6.060569964264862e-17	-2.5023309453338e-14	1.9349927035166556	3.250913456528543	267.2098640811744	253.79013591882557	16.171352965411444	NaN	0.19153706487114075	0.20552072727332307	-17.922873146161844	-0.11176221488957871	1.632014250749686	0.14786620968581937	1	16.622474117571397	7	13	24	37	64	166	0.04248615479432477	1.0119736282228549	34.20911348411079	1.0239863764832102	18.626689004703362	1.1073388966121704	3.794688990031019	1.1073388966121704	0.41959022579719596	1.1073388966121704	0.022570695899889703	1.305866925293614	NaN	NaN	800000009	800000009	800000009	800000009	800000019	800010019	899999999	899999999	89999	89999	89	89	9	0	0	35	4	0	13	NaN	0	18000	0	0	0	0	0	0	0	NaN	NaN	NaN	NaN	0	0	0	0	0	0	0	0	18000	0	0	0	18000	18000	18000	18000	100	NaN	0.29623263938188754	0.06871356118473548	0.04609525398002314	0.08790933634895097	4.205970555210207	0.0306545227219963	3.220521836791031e-7	NaN	0.028782162628353078	0.09472670288942416	0.010474217718188409	0.000022570695899889704	NaN	17.769742590671473	641.7919791015145	97.90345696936713	98.1138970277574	97.69301874584623	0.420878098246119	0.00027527786441270216	52.45326317062376	185
DATA	2026-08-26T053000_AIU-1657.ghg	2026-08-26	06:00:00	238.249	1	18000	18000	0.02469734407843252	1	NaN	28.066414608716737	0	NaN	13.289108586170366	0	NaN	2.1352955593630996	0	NaN	0.299366778290676	0	NaN	0.04338274539726868	0	NaN	NaN	NaN	NaN	NaN	NaN	NaN	NaN	NaN	NaN	9.518096065040121e-11	3.4349103542071522e-12	4.692280353751061e-13	NaN	17.839484526138705	441.61218449374593	448.76413519317964	0.1	0	643.7950373039633	15.9369925949073	16.19509368300722	0.1	1	0.08794601587444038	2.0833600606624927	2.1171002720203576	0.4	0	NaN	NaN	NaN	NaN	9	297.1775812047323	288.64376905007913	97665.85383955369	1.1716909055734337	1014.192244427321	0.02457137475933753	0.019398967233235802	0.011687771412613937	1556.91750406152	1754.9327719786434	0.009975131971254707	88.71664652464915	198.0152679171233	286.75537106686346	-0.2144234842760678	-1.3951950344079194	0.47007089551967973	1.4877880431903183	8.043843340981512e-15	5.335409804635358e-15	1.4877880431903183	2.8668086743311254	259.73725986435375	261.26274013564625	18.418346993426137	NaN	0.14518394619170572	0.12795824573468076	-9.361492494483423	-0.2139722914033627	2.111986249997591	0.16268031163764085	1	15.778574947388579	7	13	22	33	55	135	0.024403959809539136	1.0120219944297197	28.352442828564964	1.0222845314132958	12.077407717489459	1.1003278929572136	1.9405993186488557	1.1003278929572136	0.272070516622191	1.1003278929572136	0.026471349898125097	1.30516749890338	NaN	NaN	800000009	800000009	800000009	800000019	800000019	800000019	899999999	899999999	89999	89999	89	89	7	6	0	24	2	0	7	NaN	0	18000	0	0	0	0	0	0	0	NaN	NaN	NaN	NaN	0	8	0	0	0	0	0	0	18000	0	0	0	18000	18000	18000	18000	100	NaN	0.17801960085956167	0.041275036059209444	0.03662185455059041	0.09463848403201897	3.425891625774697	0.02500512665566204	4.1227300482279157e-7	NaN	0.02385926930572204	0.048455637395018514	0.006793442712583846	0.000026471349898125096	NaN	17.840893696994208	643.8427221108634	97.90604288397896	98.11887846077812	97.69320931159126	0.4256705892980108	0.0002751156962040113	51.17332896005212	246
DATA	2026-08-26T060000_AIU-1657.ghg	2026-08-26	06:30:00	238.27	1	18000	18000	0.09527048341321746	1	NaN	56.01174427713265	0	NaN	25.954110227797536	1	NaN	10.377774878992343	1	NaN	0.5846185106917335	1	NaN	0.06045025575755519	0	NaN	NaN	NaN	NaN	NaN	NaN	NaN	NaN	NaN	NaN	2.9661865054742745e-10	1.0680405845570403e-11	1.464915967214508e-12	NaN	17.842658427699686	441.5509741410153	448.68461642457913	0.1	0	642.4640966440151	15.899012407444543	16.15587486233391	0.1	1	0.08811986427708625	2.08650673454371	2.120216076246415	-0.2	0	NaN	NaN	NaN	NaN	9	297.19679807111953	288.5448330589792	97670.4043585138	1.1721642006616249	1014.1689864500322	0.02456180823462761	0.03788327949282433	0.011664459137299637	1553.279509789631	1743.829061794415	0.009951215990656997	89.07292255992644	190.54955200478412	286.7194271753066	-0.4061551016406837	-1.866899711618261	0.5376136223172462	1.98476822493966	-6.096295890940024e-15	1.6624128727754172e-14	1.98476822493966	4.0361133164692475	263.2737800881348	257.72621991186526	15.716027072724591	NaN	0.28509195212472355	0.28038863737098824	-35.5191675395493	-0.05639490277382264	2.1581068965771206	0.16527050748916988	0	14.814090721755278	-2.248095420154148	5.085197961488668	12.662861937487742	19.3116634332484	27.08488255127509	40.57808957360952	0.09414030096650627	1.012005298847656	56.43549819733171	1.0242097114687267	23.420552738460888	1.1081766736092473	9.36472958340904	1.1081766736092473	0.5275499156534991	1.1081766736092473	0.032052341113956176	1.306016832772765	NaN	NaN	800000009	800000009	800000009	800000019	800000019	800001019	899999999	899999999	89999	89999	89	89	18	7	0	43	8	0	14	NaN	0	18000	0	0	0	0	0	0	0	NaN	NaN	NaN	NaN	0	2	0	0	0	0	0	0	18000	0	0	0	18000	18000	18000	18000	100	NaN	0.23102544158000107	0.19315551858100377	0.13659631458097166	0.1305244579985877	5.877691433843815	0.023553018491525742	3.736455577465191e-7	NaN	0.04747375501271972	0.2337317936904805	0.01316697796222614	0.00003205234111395618	NaN	17.84405415386245	642.511216107736	97.85011302778454	98.04277894295585	97.65744641579522	0.3853343691113906	0.00027502416550608655	52.11178707467186	111
DATA	2026-08-26T063000_AIU-1657.ghg	2026-08-26	07:00:00	238.291	1	18000	18000	0.08683786934724125	1	NaN	61.67905162675079	1	NaN	51.18764466525271	1	NaN	0.04875430081701473	2	NaN	1.1531432656625733	1	NaN	0.08357746987429483	0	NaN	NaN	NaN	NaN	NaN	NaN	NaN	NaN	NaN	NaN	7.288770522333769e-10	2.5987391155246028e-11	3.5878960728146997e-12	NaN	17.949472746828363	444.0040476189094	451.14592474562255	0.1	1	639.9707164232448	15.83052563478237	16.08516220744699	0.1	1	0.08835624963100039	2.0931840823869883	2.1268532878822293	0.2	0	NaN	NaN	NaN	NaN	9	297.1598143980238	288.66858066134984	97695.72367990452	1.1719959789629801	1014.1326187091161	0.024565973711212986	0.07472368361493474	0.011612243836940922	1546.9895104035465	1757.7271229755843	0.009908091875209172	88.01078905721789	210.73761257203773	286.65710610021966	-0.03318913426215815	-1.7539559029884735	0.23060983794418013	1.7693625195582912	-1.1944359275142231e-14	4.060715668443064e-14	1.7693625195582912	4.568964386682556	252.08404686977747	268.91595313022253	7.4889502563225285	NaN	0.2722021296524592	0.45975054705717056	-28.080186392981688	-0.07133499656899184	1.204959752106349	0.19064494546786062	0	13.284777568635807	-2.0160162490403626	4.560234244525587	11.355628055849857	17.318049282248804	24.28881035795905	36.38906391695901	0.08581542696615559	1.0119144356350858	63.487500077654026	1.0232860140164464	46.33959813314416	1.1046199519939517	0.04413671935674188	1.1046199519939517	1.043927609293162	1.1046199519939517	0.0475285789266254	1.3054563322957846	NaN	NaN	800000009	800000009	800000009	800000009	800000019	800010019	899999999	899999999	89999	89999	89	89	24	9	0	40	3	0	7	NaN	0	18000	0	0	0	0	0	0	0	NaN	NaN	NaN	NaN	0	0	0	0	0	0	0	0	18000	0	0	0	18000	18000	18000	18000	100	NaN	0.600270296002301	0.1557171960885642	0.16351360202347598	0.08373059438947773	0.2439014140405258	0.021363989174408345	6.074853133700666e-7	NaN	0.053415506773160835	0.0011017067628233566	0.026057716201342843	0.000047528578926625405	NaN	17.95086455407411	640.0175027491763	97.87132591374714	98.06768424606325	97.6749677013821	0.39271625218292205	0.00027478084271327446	52.356657316525755	193
DATA	2026-08-26T070000_AIU-1657.ghg	2026-08-26	07:30:00	238.312	1	18000	18000	0.010570904764994343	1	NaN	22.761352619458183	0	NaN	0.37116819082096375	2	NaN	2.392241606544276	0	NaN	0.008359432765020845	2	NaN	0.01952863983487003	0	NaN	NaN	NaN	NaN	NaN	NaN	NaN	NaN	NaN	NaN	-1.4910470004420405e-10	-5.29501575595119e-12	-7.353096682578287e-13	NaN	17.893599704683147	442.3005240459095	449.35860177413235	0.2	0	635.4386705374939	15.707004829453707	15.957651742438935	0.1	1	0.08824226774131386	2.0878090080878016	2.1211255371435938	0.1	0	NaN	NaN	NaN	NaN	9	296.9476356531779	288.4003509250217	97725.78213454862	1.1735020723727934	1014.0580035313111	0.024535598132020064	0.0005416912431733508	0.011535901034625507	1535.3910739061994	1727.7244314132085	0.009830320121463601	88.86782208956272	192.33335750700917	286.5416026793636	-0.29414161689132307	-1.554438615341988	0.4597408659019775	1.647470899115978	5.087912950605702e-15	-8.332850991697332e-15	1.647470899115978	2.6359029142332506	261.7152096013068	259.2847903986932	16.20402500306177	NaN	0.09491047559890071	0.06957994263128378	-3.226200410557343	-0.6208851729871158	61.32355407157539	0.20152886514365426	1	24.211640754363323	11	19	31	47	75	166	0.010446342826878532	1.0119239757090215	22.38675805645908	1.0228192327042744	0.3365983433380722	1.1027035580153473	2.1694331075251516	1.1027035580153473	0.007580852264652345	1.1027035580153473	0.009576713646222276	1.305260232006368	NaN	NaN	800000009	800000009	800000009	800000009	800000019	800000019	899999999	899999999	89999	89999	89	89	7	5	0	47	10	0	8	NaN	0	18000	0	0	0	0	0	0	0	NaN	NaN	NaN	NaN	0	0	0	0	0	0	0	0	18000	0	0	0	18000	18000	18000	18000	100	NaN	0.06067074181950496	0.0436714501001875	0.034817693342875086	0.07049585205283586	2.576276467513887	0.015429742568594185	2.633340785922796e-7	NaN	0.018812414870719506	0.05407796967472914	0.00018896968865020344	0.000009576713646222276	NaN	17.894981541059522	635.485539296725	97.91748539733888	98.12059505971271	97.71437483935885	0.40622100650436344	0.00027497025254383006	51.84589179664192	170
DATA	2026-08-26T073000_AIU-1657.ghg	2026-08-26	08:00:00	238.333	1	18000	18000	0.21747555878366367	1	NaN	109.04421810419487	1	NaN	121.17859569383135	1	NaN	14.536723994644822	1	NaN	2.730483515278844	1	NaN	0.1288496915050405	1	NaN	NaN	NaN	NaN	NaN	NaN	NaN	NaN	NaN	NaN	2.251138776834412e-10	8.212702537629623e-12	1.11737750328744e-12	NaN	17.789979248647125	440.3448039941733	447.53437705140374	0.1	1	649.0217716617016	16.06485093860111	16.327144074409564	0.1	1	0.08830251960006494	2.0942113851499267	2.1284038761575386	0.2	0	NaN	NaN	NaN	NaN	9	297.4269962276883	288.8971694760547	97757.86753902124	1.1717090993830352	1014.2693360634203	0.024569798088784768	0.1769353317900691	0.011782295394840424	1570.8868308543208	1783.6556846910064	0.010055648967004187	88.07119245811475	212.7688538366856	286.89270729749524	-0.5028946652811171	-0.8860028529377235	0.5394876012706754	1.1528013583036532	-9.303138550843924e-15	1.2653970785298159e-14	1.1528013583036532	3.00083869056127	280.5792170507457	240.4207829492543	27.903232381102832	NaN	0.4308194742361594	0.36650970358706675	-63.003324400840235	-0.0317935604041441	0.8998636886311582	0.21297774178842238	0	19.960173938704347	-3.029033402042284	6.851681802852628	17.061656471623536	26.02010264506345	36.49356393092028	54.674008766540304	0.21475160672575147	1.0126841987328683	114.2355746841705	1.0215585447212132	110.56065483031571	1.0960372465214832	13.26298357175391	1.0960372465214832	2.491232413811335	1.0960372465214832	0.06724713738027661	1.3057820642247802	NaN	NaN	800000009	800000009	800000009	800000019	800000019	800000019	899999999	899999999	89999	89999	89	89	19	5	0	12	9	0	4	NaN	0	18000	0	0	0	0	0	0	0	NaN	NaN	NaN	NaN	0	9	0	0	0	0	0	0	18000	0	0	0	18000	18000	18000	18000	100	NaN	0.2381621607369723	0.34683178779771673	0.14802545863944452	0.14170585684438516	2.9552671313898236	0.07247516672828838	8.419551724623878e-7	NaN	0.09612321152065462	0.33119078620144166	0.062208719273229324	0.00006724713738027662	NaN	17.791319757032692	649.061368457237	97.90433548906114	98.12490058390298	97.68376951938205	0.44113054170542	0.0002750431018082761	53.649214563804364	253
DATA	2026-08-26T080000_AIU-1657.ghg	2026-08-26	08:30:00	238.354	1	18000	18000	0.23175719502225878	1	NaN	71.34432986046953	1	NaN	53.768780663740905	1	NaN	25.302222407175915	1	NaN	1.2121568860741447	1	NaN	0.1088004066749839	1	NaN	NaN	NaN	NaN	NaN	NaN	NaN	NaN	NaN	NaN	5.871893477398579e-10	2.1646572227506624e-11	2.9324105198286174e-12	NaN	17.579572178831942	436.2043843692505	443.3334313233731	0.1	1	648.0660460930925	16.080553485086845	16.343363821138905	0.1	1	0.08779199178206426	2.086944289373021	2.121051979168693	0	0	NaN	NaN	NaN	NaN	9	297.4699239459568	289.4114886745877	97768.79390972223	1.1697505715604022	1014.2878076997486	0.024610788582114754	0.07854776621760458	0.011774168787779229	1572.5980392926097	1843.2247658610625	0.010065537965134689	85.31775768312067	270.6267265684528	286.9094567533095	-0.5437252395360138	0.05444242460936779	0.34284503442946895	0.645092110739822	1.0387513254454616e-13	3.3401799643731324e-14	0.645092110739822	2.3452346750122643	346.717885990927	174.28211400907304	32.10461370116224	NaN	0.44511269398861053	0.64740262737589	-106.21126399600665	-0.01885958159838219	1.3268727499446669	0.13509367369708655	0	24.559013917980238	-3.726925111335592	8.43031474948922	20.992675717013274	32.01515502669353	44.90171013782006	67.27094394931893	0.2280190063438965	1.016394197739483	73.21830548510938	1.022601884701996	49.191034718582216	1.0930605743779855	23.14805144406049	1.0930605743779855	1.1089567353245102	1.0930605743779855	0.06460165506563172	1.310905635640488	NaN	NaN	800000009	800000009	800000009	800000009	800000019	800000019	899999999	899999999	89999	89999	89	89	4	0	0	12	0	0	4	NaN	0	18000	0	0	0	0	0	0	0	NaN	NaN	NaN	NaN	0	0	0	0	0	0	0	0	18000	0	0	0	18000	18000	18000	18000	100	NaN	0.1467581288701069	1.0539515481258266	0.09409557775584645	0.13253031302708101	10.187851075010604	0.06294077020096951	3.983939685048545e-7	NaN	0.06171137207558828	0.5790050188538954	0.02773846934790165	0.00006460165506563172	NaN	17.581109049002468	648.1155886393366	98.0801587545607	98.37239577441747	97.78792351065741	0.5844711055722486	0.0002759034509896689	54.68314209402048	194
DATA	2026-08-26T083000_AIU-1657.ghg	2026-08-26	09:00:00	238.374	1	18000	18000	0.010308087976375635	1	NaN	27.78249407556844	0	NaN	52.98568860786104	1	NaN	-0.2166334144175356	1	NaN	1.1956756528999577	1	NaN	0.0011283856930978879	1	NaN	NaN	NaN	NaN	NaN	NaN	NaN	NaN	NaN	NaN	-1.072838580222858e-10	-4.02298958144193e-12	-5.466895171792185e-13	NaN	17.0640813279151	425.9218955037445	432.8348987630214	0	0	639.8783811896475	15.971455349448988	16.23068297792193	0.1	1	0.08695394213290678	2.076460653862427	2.1101630284513964	0	0	NaN	NaN	NaN	NaN	9	297.30717333645293	290.43017746819385	97759.8873858507	1.1655898400572606	1014.245866703597	0.024699665272119028	0.07747978230791726	0.011652207718505617	1561.7864967010214	1966.382184543363	0.009996833635692289	79.42436160057575	404.5956878423417	286.80336201007776	-0.43233599128061173	0.5090393339627982	0.20981632405234665	0.7000416721286814	-1.969768237511485e-14	-6.287115957820731e-15	0.7000416721286814	2.080788728998089	30.65817469529503	130.34182530470497	17.440772222321677	NaN	0.09404077112127267	0.07220413049925287	-2.571989742587707	-0.7788133703770758	0.5243395868869879	0.2498998808397256	1	7.448094667813401	3	6	10	15	24	55	0.01014897540463583	1.0156776980331559	30.364024040605106	1.022253208392166	48.47648345773823	1.093018404564224	-0.19819740775902606	1.093018404564224	1.0939208780996348	1.093018404564224	-0.009087130079005275	1.309886640244907	NaN	NaN	800000009	800000009	800000009	800000009	800000019	800010019	899999999	899999999	89999	89999	89	89	22	0	0	51	6	0	1	NaN	0	18000	0	0	0	0	0	0	0	NaN	NaN	NaN	NaN	0	0	0	0	0	0	0	0	18000	0	0	0	18000	18000	18000	18000	100	NaN	0.06267543879481231	0.046219411151141726	0.0355134110525517	0.05843868446488527	14.994588470002371	0.0499884853304515	8.849586595776623e-8	NaN	0.025684453345313295	-0.004974887130402635	0.027458143674378023	-0.000009087130079005275	NaN	17.065711506287705	639.9262208801366	98.17027783499825	98.56701929473877	97.77353570048015	0.7934839602609336	0.0002779813290625397	53.55316144521078	041
DATA	2026-08-26T090000_AIU-1657.ghg	2026-08-26	09:30:00	238.395	1	18000	18000	0.013948566011891855	0	NaN	14.51069820053709	0	NaN	22.828680969246303	0	NaN	0.23779120493699157	2	NaN	0.515782240275878	0	NaN	-0.00196498151064335	0	NaN	NaN	NaN	NaN	NaN	NaN	NaN	NaN	NaN	NaN	8.437942641965769e-11	3.260636071315633e-12	4.36907654121511e-13	NaN	16.656541715916813	418.05644328448744	424.9209418181039	0.1	1	643.6512198148724	16.154766353113683	16.42002807009768	0.1	1	0.08624579326582041	2.0715430812492177	2.105557876791747	0	0	NaN	NaN	NaN	NaN	9	298.04798917219364	291.6975151927814	97743.41237487149	1.1602492085274339	1014.3747439549826	0.02481162752955271	0.033422689169876896	0.01173276095347599	1579.4455454054437	2129.627891126488	0.010112276627507452	74.16532963277355	550.1823457210444	286.9763207847881	-0.36356493335366447	0.3894199406521764	0.17186482842857992	0.5597900233058719	3.324129301208309e-14	5.0658430698748e-15	0.5597900233058719	1.2810465527214985	27.966574724954114	133.0334252750459	17.879528475419182	NaN	0.10964507794442709	0.06319950667812702	-7.804474430839301	-0.256660460323218	0.6356345432346794	0.1124474109776762	1	5.396921626448533	2	4	7	12	20	49	0.01370458632768818	1.0178027762655446	15.570456565821797	1.0233564431305409	20.87797740068983	1.0934335511107518	0.21747202168383634	1.0934335511107518	0.47170881097614636	1.0934335511107518	-0.0064680701142528245	1.3129099964920325	NaN	NaN	800000009	800000009	800000009	800000019	800011019	800011019	899999999	899999999	89999	89999	89	89	12	2	0	51	14	1	0	NaN	0	18000	0	0	0	0	0	0	0	NaN	NaN	NaN	NaN	0	6	0	0	0	0	0	0	18000	0	0	0	18000	18000	18000	18000	100	NaN	0.08604684019118776	0.022719908910008912	0.017632264255057366	0.1693265695576614	1.7133182922886177	0.048031784966990315	9.94448514994185e-8	NaN	0.013229750046225367	0.005484458715289042	0.01189609348092542	-0.000006468070114252825	NaN	16.657979564118857	643.6926542577016	98.08576934432983	98.5572263192071	97.61431071684095	0.9429143955641235	0.0002791630416726951	54.20029307180126	247
DATA	2026-08-26T093000_AIU-1657.ghg	2026-08-26	10:00:00	238.416	1	18000	18000	0.00839759592705325	1	NaN	3.550573502230593	2	NaN	23.310006162338734	1	NaN	1.6045874888542009	1	NaN	0.5276463372481646	1	NaN	0.029811782924742288	1	NaN	NaN	NaN	NaN	NaN	NaN	NaN	NaN	NaN	NaN	2.4532604374479616e-10	1.0010022767925524e-11	1.2882638928299864e-12	NaN	16.341254924926286	413.0085256501058	420.08782905999533	0.1	1	666.7711725916462	16.851960281092687	17.140816642334805	0.1	1	0.08581171555194606	2.0798927234709206	2.115543783279662	1.4	0	NaN	NaN	NaN	NaN	9	299.58636669413255	293.64047305467403	97728.96513845486	1.1520960475173427	1014.8087545322728	0.024980586763789794	0.03419148265368106	0.012156332929238914	1647.3664089257677	2402.959298753197	0.010551492608133371	68.55573499644888	755.5928898274292	287.62609946777053	-0.3569500005864665	0.023318849843389847	0.25729758337374603	0.4406349033913139	-3.2338324576463164e-14	1.5012680780751163e-14	0.4406349033913139	1.3628130993429934	344.7377107538757	176.2622892461244	35.727058001725936	NaN	0.08537547705750032	0.0905286273047461	-15.058794323246723	-0.13301861736087017	0.152319715297508	0.0355707049610278	1	5.924198121362616	3	5	8	14	23	62	0.008227304415889957	1.020698335998653	4.8363043746570895	1.0250642047072778	21.290292100514055	1.0948654932628148	1.4655567270390089	1.0948654932628148	0.4819279998273786	1.0948654932628148	0.021181227254638817	1.317048628766631	NaN	NaN	800000009	800000009	800000009	800000009	800000019	800000019	899999999	899999999	89999	89999	89	89	6	1	0	30	5	1	4	NaN	0	18000	0	0	0	0	0	0	0	NaN	NaN	NaN	NaN	0	0	0	0	0	0	0	0	18000	0	0	0	18000	18000	18000	18000	100	NaN	0.038709497755330634	0.11556985851227551	0.026777898341886073	0.15295338624098515	1.1830702961085413	0.19222070265073066	7.287504637130909e-7	NaN	0.004136573388472561	0.037238171493949444	0.012245256136598723	0.000021181227254638816	NaN	16.34251753492709	666.7937759508766	97.95868327162003	98.50088775465224	97.41648061943053	1.0844053676923175	0.00028101493007852695	54.276874214935305	184
DATA	2026-08-26T100000_AIU-1657.ghg	2026-08-26	10:30:00	238.437	1	18000	18000	0.1434347030687948	1	NaN	37.027115813320854	1	NaN	52.85676021508901	0	NaN	-0.5833545793591569	0	NaN	1.1986698878220725	0	NaN	0.02342270255916164	1	NaN	NaN	NaN	NaN	NaN	NaN	NaN	NaN	NaN	NaN	-1.6489617912371783e-10	-6.523619331069509e-12	-8.623812644767163e-13	NaN	16.269144884026897	413.8340737306831	420.72217732290767	0.1	0	643.6395835817322	16.37209532441142	16.644602340568124	0.1	1	0.08508508694137462	2.0796175190982016	2.11423192572407	0	1	NaN	NaN	NaN	NaN	9	301.42618818749304	295.54066018178065	97718.17791354982	1.1447712774522187	1014.5820056392025	0.025145014993270907	0.07767380873087029	0.01173294837484742	1600.280466910204	2699.4734088030013	0.01024916383380971	59.281208760630065	1099.1929418927973	287.1782122738314	0.34462690566641463	0.4849295134367272	0.19488848029634928	0.6260238468807804	-7.37537785080154e-15	-1.0135516051960019e-14	0.6260238468807804	4.2165660915432595	106.40042693038026	54.59957306961972	18.138290887715755	NaN	0.353971060640158	0.4218823654584986	-102.90125910942825	-0.01946623410963168	0.7005180730458529	0.09006296644836541	0	16.20333848459175	-2.458919127916754	5.56208176247714	13.850370030166518	21.12268820184198	29.624870539588766	44.38345442651461	0.1410822620688011	1.0166742506499258	39.492044927127004	1.022745754200034	48.35458916928737	1.0931074200638895	-0.5336662880991707	1.0931074200638895	1.0965709918536763	1.0931074200638895	0.006097454363679012	1.3113023378996174	NaN	NaN	800000009	800000009	800000009	800000019	800000019	810000019	899999999	899999999	89999	89999	89	89	19	4	0	19	6	3	2	NaN	0	18000	0	0	0	0	0	0	0	NaN	NaN	NaN	NaN	0	3	0	0	0	0	0	0	4	0	0	0	18000	18000	18000	18000	100	NaN	0.3239854523365891	0.35148055595726113	0.16829872262314705	0.7698308067738908	3.0146153515432657	0.14672519909525886	7.789759764038391e-8	NaN	0.03400194359144798	-0.01364246242371854	0.02803236570289701	0.0000060974543636790115	NaN	16.270228855609094	643.6958639849694	97.85337073898317	98.44306843270195	97.26367098787094	1.1793964392344205	0.00028293941815112094	52.8445432725119	016
DATA	2026-08-26T103000_AIU-1657.ghg	2026-08-26	11:00:00	238.458	1	18000	18000	0.42435056653808256	1	NaN	-38.68408630844403	2	NaN	177.1007283377008	0	NaN	9.179855763782673	1	NaN	4.0214977775816045	0	NaN	0.15301303467590174	0	NaN	NaN	NaN	NaN	NaN	NaN	NaN	NaN	NaN	NaN	-2.828641011389696e-10	-1.1165117510799257e-11	-1.4979015743480611e-12	NaN	16.03131561378152	410.01033160010707	416.7550075983311	0.2	0	632.7827460602504	16.183791136889123	16.450014739634106	0.5	0	0.08489353297241621	2.0874684124979623	2.1218072986520746	0.9	0	NaN	NaN	NaN	NaN	9	302.75830710856127	296.89119772152776	97698.06404200364	1.1394108587708096	1014.5090395552935	0.025265121085670184	0.26059305598728794	0.011542866558788353	1581.5491829947516	2929.1984370091964	0.010130556918898189	53.99255861305057	1347.6492540144448	286.9968110595702	0.6717359888999991	0.052188084791484256	0.24702785961179338	0.71761800312007	-5.6546414213540865e-14	-1.764447210407373e-14	0.71761800312007	5.37223579328564	156.5575365930622	4.44246340693772	20.134987507898135	NaN	0.6102702739558488	0.9086881671747702	504.6701913749648	0.003969126836167181	-0.21842985441979718	-0.05483702080387199	0	16.562983327272757	-2.5134966203122797	5.685536198879071	14.157789032448656	21.591521577295772	30.28241601484914	45.36857736892814	0.41945381892997097	1.011674104244904	-27.735799266200463	1.0206011076959594	160.8589736987861	1.100968906275182	8.337979130437141	1.100968906275182	3.6526896941960048	1.100968906275182	0.11426406090346336	1.3805697822533436	NaN	NaN	800000009	800000009	800000009	800000019	800000019	810000019	899999999	899999999	89999	89999	89	89	19	7	0	20	6	0	0	NaN	0	18000	0	0	0	0	0	0	0	NaN	NaN	NaN	NaN	0	9	0	0	0	0	0	0	0	0	0	0	18000	18000	18000	18000	100	NaN	0.6508099332071491	0.6930286721641198	0.47353772897827145	0.2776638277550873	2.715179059175987	0.1368771558259104	4.2443351386794787e-7	NaN	-0.02399409701011464	0.2141263581479515	0.09380416158726215	0.00011426406090346336	NaN	16.032578294294012	632.8205185135794	97.75083446757	98.38141935687597	97.12025017462835	1.2611673045919984	0.0002845433071342995	53.226975975359345	089
DATA	2026-08-26T110000_AIU-1657.ghg	2026-08-26	11:30:00	238.479	1	18000	18000	0.6014544123112626	1	NaN	95.90498764564433	0	NaN	271.57915617655095	0	NaN	-1.5348001225829886	1	NaN	6.172665645158997	0	NaN	0.1102106919788225	1	NaN	NaN	NaN	NaN	NaN	NaN	NaN	NaN	NaN	NaN	3.2540316669088334e-10	1.2938898848644364e-11	1.7392135468431228e-12	NaN	15.831513967750167	406.2845126870547	412.95579587303877	0.1	1	629.5032710736026	16.154957147120623	16.420225181270112	0.4	0	0.08461621268087871	2.0897494708776954	2.1240636277619473	0.3	0	NaN	NaN	NaN	NaN	9	303.6982632420857	297.861453862035	97692.85555601868	1.1356512448761427	1014.5173148376202	0.02534904024776857	0.39998873380630295	0.011484156004865551	1578.647236940311	3104.6014170240046	0.010112396791426972	50.84862837090256	1525.9541800836937	286.9685386591562	1.059883314470472	0.2263806744897857	0.20597088292498383	1.1031884946319275	3.9696551612031675e-14	2.0554140769717344e-14	1.1031884946319275	6.273156573537428	148.9433496229043	12.056650377095709	10.7605578373309	NaN	0.7277443911988344	1.3826777466002964	-345.1918479988849	-0.005802860095370707	0.3531382488842311	0.11438205158207891	0	17.006956621431456	-2.580871280560794	5.837937863808508	14.537290726711072	22.170285606164057	31.094140794590892	46.58468900460251	0.5938194816575822	1.0128573259879725	110.40911573119051	1.0215137568644628	247.90260961012714	1.0955074519129087	-1.4009946896326573	1.0955074519129087	5.634526387183093	1.0955074519129087	0.04736658387913367	1.3059969828867102	NaN	NaN	800000009	800000009	800000009	800000019	800000019	800000019	899999999	899999999	89999	89999	89	89	11	12	0	8	10	1	3	NaN	0	18000	0	0	0	0	0	0	0	NaN	NaN	NaN	NaN	0	6	0	0	0	0	0	0	0	0	0	0	18000	18000	18000	18000	100	NaN	1.20321161952046	0.9318431722745113	0.6303007014056219	0.2599962681097401	1.9912446250168978	0.13464210486985445	1.8498295834869285e-7	NaN	0.09582977903490782	-0.03609717552145414	0.14517577367244858	0.000047366583879133675	NaN	15.832657524251733	629.5398782635565	97.68520322036741	98.33758257569207	97.03282892693413	1.3047540927363785	0.000285491594226591	52.86439999334542	135
DATA	2026-08-26T113000_AIU-1657.ghg	2026-08-26	12:00:00	238.499	1	18000	18000	0.7793843167859323	0	NaN	125.82848993583715	0	NaN	374.96574007556086	0	NaN	-2.7522306688424867	2	NaN	8.529779874154189	0	NaN	0.09928852259657364	2	NaN	NaN	NaN	NaN	NaN	NaN	NaN	NaN	NaN	NaN	-6.73279139040784e-10	-2.6087485392367973e-11	-3.598765378661348e-12	NaN	15.8002021317695	406.6997070051798	413.21123696782934	0.1	1	612.208990904187	15.758356453303502	16.010658110866512	0.2	0	0.0844541544665606	2.0937090731978514	2.127230733352442	0.4	0	NaN	NaN	NaN	NaN	9	304.4573026284112	298.73856489054367	97660.76281032988	1.1321157408637348	1014.3182303801466	0.02543204002331702	0.5527297358451914	0.011165662994144556	1539.3859251125934	3270.981020327242	0.00986265148616858	47.06190331115364	1731.5950952146484	286.5814718994071	1.3186960092131037	0.5546361859211951	0.22368658079323775	1.447969664694236	-1.518803806161627e-14	-4.261205859430242e-14	1.447969664694236	7.962475591213737	138.18864948166345	22.81135051833655	8.886808505780317	NaN	0.8297178184331286	1.7278820103776757	-389.81253453080745	-0.005138623883429002	0.33557329773776384	0.13206371437088005	0	18.101352086642397	-2.7469500146112806	6.213608412428836	15.472763510108255	23.59694062563074	33.09504474452797	49.58240773404605	0.7700936206620892	1.0120643722718485	145.8456226522107	1.022167081917292	340.95224256495095	1.0997602985530455	-2.5025732175125763	1.0997602985530455	7.756035460978923	1.0997602985530455	0.02544629984061091	1.305178441446198	NaN	NaN	800000009	800000009	800000009	800000009	800000019	800000019	899999999	899999999	89999	89999	89	89	9	19	0	7	12	1	3	NaN	0	18000	0	0	0	0	0	0	0	NaN	NaN	NaN	NaN	0	0	0	0	0	0	0	0	0	3001	0	0	18000	18000	18000	18000	100	NaN	1.8832060928751424	0.8715226708870105	0.7010352569931984	0.20850886477453842	0.5155377044216879	0.2037867799221318	2.7245116826049655e-7	NaN	0.12700719919937464	-0.06466482696132801	0.20041079616788698	0.00002544629984061091	NaN	15.801372270066441	612.2485085826571	97.63898030747308	98.30930324088203	96.96865730539957	1.3406494491497676	0.00028624467136978643	51.334003180715825	061
DATA	2026-08-26T120000_AIU-1657.ghg	2026-08-26	12:30:00	238.52	1	18000	18000	0.6978152917303325	0	NaN	92.41901245667465	0	NaN	297.72417974666024	1	NaN	-5.273917317360456	2	NaN	6.776437052999522	1	NaN	0.09595279986931617	1	NaN	NaN	NaN	NaN	NaN	NaN	NaN	NaN	NaN	NaN	-9.77622150848708e-10	-3.941969786608529e-11	-5.259829831335158e-12	NaN	15.696732972378017	404.9704267408958	411.69305518600885	0.1	1	632.9239478857888	16.329224796069727	16.6002947405695	0.3	0	0.08445199842387062	2.099597862437099	2.134451805790224	0.2	0	NaN	NaN	NaN	NaN	9	304.9392976523506	299.30975719367126	97631.19394574653	1.12936783031444	1014.6525524557919	0.025488383586612862	0.439113121034369	0.011544578135641649	1594.6693515118668	3383.463668706977	0.010222159535416723	47.131268654091535	1788.7943171951101	287.1240686908014	1.1863800729648628	0.884017387467649	0.44658650470111816	1.545452660243774	7.873753875578367e-15	-6.228188710154254e-14	1.545452660243774	6.951387779003038	124.30878903661784	36.69121096338217	16.796187213625267	NaN	0.7860542762979161	1.7628287624226047	-451.2266237144394	-0.004439232737445186	0.31041822849362094	0.10260204662030993	0	16.769661653742293	-2.544860853724119	5.756482180254987	14.334454557367533	21.86094764972189	30.660289912306833	45.934701324959306	0.6895585081537977	1.0119740145018894	108.45233548962392	1.0224663902578317	270.3715344379872	1.1011668826954366	-4.789389692188126	1.1011668826954366	6.153869281295635	1.1011668826954366	0.03543925141018883	1.3051795726011532	NaN	NaN	800000009	800000009	800000009	800000009	800000019	800000019	899999999	899999999	89999	89999	89	89	33	11	0	9	8	1	6	NaN	0	18000	0	0	0	0	0	0	0	NaN	NaN	NaN	NaN	0	0	0	0	0	0	0	0	0	0	0	0	18000	18000	18000	18000	100	NaN	1.6834115167439967	1.0806040077143018	0.7616420003869105	0.28457095753045275	1.7194953717612762	0.20295389852519208	2.995674733470841e-7	NaN	0.09464248693778765	-0.12410081530998819	0.15945668325246845	0.000035439251410188834	NaN	15.697914798562161	632.9560855594812	97.57775469631618	98.26857414966159	96.88693878046672	1.3816348494523092	0.00028683122741414186	50.85330397367477	043
DATA	2026-08-26T123000_AIU-1657.ghg	2026-08-26	13:00:00	238.541	1	18000	18000	0.6151926204368355	0	NaN	63.54769560995887	0	NaN	213.99517360938393	0	NaN	-0.5877882514633164	2	NaN	4.873611336652661	0	NaN	0.17837948485611033	0	NaN	NaN	NaN	NaN	NaN	NaN	NaN	NaN	NaN	NaN	-3.347536097305071e-10	-1.4122657702478608e-11	-1.8129475257658346e-12	NaN	15.52668399916808	401.6051556888744	408.52682785135084	0.1	1	655.0431033479576	16.94300518494968	17.23501818746256	0.2	0	0.08408890157241651	2.096967737644208	2.1331090147410285	-0.2	0	NaN	NaN	NaN	NaN	9	305.4517832310995	299.92453864712024	97593.50705327632	1.1263547102582188	1015.0125169525437	0.025550599518376935	0.3158100146150924	0.011949346176569698	1653.9708372142163	3508.282921534463	0.010608865988432976	47.14473929858535	1854.3120843202469	287.6880191994712	1.2687648179563142	0.9188698599076658	0.5639685261056626	1.6649764206042648	6.0004918348251e-14	-2.15598906855091e-14	1.6649764206042648	7.4075815471224855	125.08704415276418	35.91295584723582	19.799190829775245	NaN	0.7390400407385517	1.8373416786923014	-545.2999128279567	-0.003673391381289258	0.2969585460182184	0.0752116749279975	0	16.08061100497769	-2.4402947593996736	5.519953390181192	13.745464426476213	20.962700537068404	29.40048556493222	44.04728484618329	0.6079462065882318	1.0119194984195563	75.12251326598626	1.0228834450440945	194.01736071263645	1.1029692024639852	-0.532914473178601	1.1029692024639852	4.418628666843303	1.1029692024639852	0.11210599343314336	1.3052805018648834	NaN	NaN	800000009	800000009	800000009	800000019	800000019	800000019	899999999	899999999	89999	89999	89	89	27	12	2	16	22	12	7	NaN	0	18000	0	0	0	0	0	0	0	NaN	NaN	NaN	NaN	0	0	0	0	0	0	301	0	0	3001	0	16	18000	18000	18000	18000	100	NaN	1.8875151684511677	1.0394531113009808	0.7477150776324542	0.2785649731878058	0.7727999140895819	0.16453414214767875	4.882864899502276e-7	NaN	0.06570879933296533	-0.013851025223804176	0.1148449520502315	0.00011210599343314335	NaN	15.527845777745464	655.0762000831576	97.50505397669474	98.21660466745166	96.79349998558891	1.4230952540801631	0.00028732204627077515	51.990406935797694	036
DATA	2026-08-26T130000_AIU-1657.ghg	2026-08-26	13:30:00	238.562	1	18000	18000	0.8758359492344092	0	NaN	13.921249050133607	0	NaN	318.4126356882854	1	NaN	-4.6825122939845185	2	NaN	7.255525246469541	1	NaN	0.29087435512410953	1	NaN	NaN	NaN	NaN	NaN	NaN	NaN	NaN	NaN	NaN	1.1358946654606024e-9	4.949727095762887e-11	6.203933134560624e-12	NaN	15.39754236295785	399.3700200511738	406.4432631460345	0.1	1	670.9568673886231	17.402780993615163	17.711001676977144	0.3	0	0.08409699082231345	2.102840715658027	2.140084131099462	0.1	0	NaN	NaN	NaN	NaN	9	305.7385406121148	300.47279436916773	97543.86992382814	1.1235310582180082	1015.2848300704496	0.025610331170334403	0.47015803597122624	0.012244984916139802	1697.9899512421252	3622.960197629131	0.010898661702829228	46.867474623466514	1924.9702463870058	288.09525634644837	1.0460126376230563	0.424410570191348	0.24561479949792656	1.1552460343534796	9.86198209090918e-14	7.37711667670579e-14	1.1552460343534796	8.100414895821531	138.9155715793592	22.084428420640787	12.275244366410393	NaN	0.8829148926962305	1.8642794951299921	-4243.189236475077	-0.00047207416128912144	0.043720780803944016	0.013822493078227666	0	18.607130631385292	-2.823703860082129	6.38722581986878	15.905095402987598	24.256274040775082	34.019769234111294	50.9678135263062	0.864872555264237	1.0126763115599415	32.69329252880595	1.0215612482027983	290.50644876249805	1.0960604731656125	-4.272129511668833	1.0960604731656125	6.619639540065091	1.0960604731656125	0.20732526315044417	1.3057732190726847	NaN	NaN	800000009	800000009	800000009	800000009	800000019	800000119	899999999	899999999	89999	89999	89	89	20	14	1	16	13	7	2	NaN	0	18000	0	0	0	0	0	0	0	NaN	NaN	NaN	NaN	0	0	0	0	0	0	0	0	0	3001	0	0	18000	18000	18000	18000	100	NaN	1.9979774753523274	0.9896198581194713	0.7409616567881855	0.2761555636864672	0.48318024936702797	0.17799880197360374	0.0000011119416763140325	NaN	0.028660626592076497	-0.11134895282564913	0.17253454719858857	0.00020732526315044416	NaN	15.398701105669367	670.9906871855226	97.43344405364991	98.16889145194159	96.69800184970431	1.4708844770855327	0.00028867245352658864	52.56355113970968	165
DATA	2026-08-26T133000_AIU-1657.ghg	2026-08-26	14:00:00	238.583	1	18000	17999	0.8380316257176776	0	NaN	149.1888685088964	0	NaN	260.80573588875046	0	NaN	-0.007545486115265694	2	NaN	5.947896832858463	0	NaN	0.13345176141581133	1	NaN	NaN	NaN	NaN	NaN	NaN	NaN	NaN	NaN	NaN	3.5516436356618834e-10	1.6135701348022783e-11	1.9332066650069943e-12	NaN	15.267023885986386	397.4541381492104	404.76294070017644	0.1	1	693.6060122245286	18.05699538184744	18.389046306072775	0.3	0	0.08310043281048266	2.086728676668969	2.125101626932445	0.7	0	NaN	NaN	NaN	NaN	9	306.8157209023369	301.34250079854326	97493.94844835068	1.119436254239843	1015.6753307942589	0.025697610892909447	0.3854237147692284	0.012662152279915137	1760.9199983702201	3811.573908345691	0.011311186529788974	46.199287767044744	2050.653909975471	288.6616240719154	1.166280763575967	1.2742941451349428	0.6882301405091656	1.8593549436390222	-8.198630203408456e-14	2.3263496947312304e-14	1.8593549436390222	8.689077521414582	113.46589421298455	47.53420417332975	21.72453371017896	NaN	0.8652279100528264	2.434539844200809	-372.53692552560113	-0.00537691665644657	0.5720306265523798	0.1516532171352936	0	16.63127061613249	-2.5238594798507905	5.7089770153711115	14.216159979890355	21.680540955129842	30.40726695799847	45.555626832586405	0.8281457951470031	1.0119373069676936	162.07641794256335	1.0236580261203647	235.79339841757002	1.1060773441455123	-0.006821843115406071	1.1060773441455123	5.37746918363421	1.1060773441455123	0.0524183756686502	1.3056570791723892	NaN	NaN	800000009	800000009	800000009	800100009	800100019	800100019	899999999	899999999	89999	89999	89	89	35	4	2	6	7	4	2	NaN	0	18000	0	0	0	0	0	0	0	NaN	NaN	NaN	NaN	0	0	0	0	0	0	0	0	0	0	0	0	18000	18000	18000	18000	100	NaN	2.460259968012915	1.4667044758015728	0.9421152445871297	0.31723892632131423	0.11471808693843744	0.19478290512643004	3.567600888484468e-7	NaN	0.1425494538072183	-0.00017852964362850132	0.14072995240968936	0.0000524183756686502	NaN	15.268116146554576	693.638803839744	97.33756675126817	98.10578535970052	96.5693472336663	1.536441139207946	0.00028957883553327215	51.41306175013693	012
DATA	2026-08-26T140000_AIU-1657.ghg	2026-08-26	14:30:00	238.604	1	18000	18000	0.7124521236807521	0	NaN	81.46709243571425	0	NaN	202.3099925686768	0	NaN	1.7106081163040012	0	NaN	4.614119463574125	0	NaN	0.15977191357417705	0	NaN	NaN	NaN	NaN	NaN	NaN	NaN	NaN	NaN	NaN	-5.633259790927347e-10	-2.623578209986486e-11	-3.0719904724203302e-12	NaN	15.207673697778311	396.0197259119119	403.46109274645863	0.1	0	708.2670215624424	18.443827591631	18.790394386066357	0.3	0	0.08293213954466237	2.0834446850460537	2.1225934323596234	0.3	0	NaN	NaN	NaN	NaN	9	306.99854887729214	301.4021028900146	97465.73984982641	1.1187262678139913	1015.8940676778441	0.025710132476176394	0.2989949412396033	0.012927112655048775	1798.123500130589	3824.8071200291392	0.011555206154503332	47.01213534963536	2026.6836198985502	288.98814478010104	1.1957650620805982	0.8934729975755517	0.3900414412335597	1.5428157397980697	-2.2168280153257296e-14	-3.704221896706206e-14	1.5428157397980697	8.576163144983418	124.2329961532775	36.76700384672251	14.643940246018001	NaN	0.7980239490890271	1.9688285701426569	-535.2042636811585	-0.003742683188326247	0.40268447149519404	0.08982433939596991	0	17.198159710371907	-2.6098870869737456	5.903571696918659	14.70072825134554	22.419538143519787	31.44372102227155	47.108423887526	0.7040208624865167	1.0119758683918216	92.23176788644565	1.02245779400057	183.7302935830087	1.101124853301744	1.55350967801218	1.101124853301744	4.190369011959543	1.101124853301744	0.09359720562414035	1.3051779107005212	NaN	NaN	800000009	800000009	800000009	800000009	800000019	800000019	899999999	899999999	89999	89999	89	89	30	17	1	3	12	2	2	NaN	0	18000	0	0	0	0	0	0	0	NaN	NaN	NaN	NaN	0	0	0	0	0	0	0	0	0	0	0	0	18000	18000	18000	18000	100	NaN	2.0576514789277263	1.142978535590267	0.7370271257673203	0.2622535044947665	0.2203215556806807	0.16530003068424623	4.981094395381634e-7	NaN	0.08115369033643188	0.040691650731533045	0.10975987770419288	0.00009359720562414036	NaN	15.208836135417059	708.3009028149932	97.34059109454684	98.10890450583562	96.57227486546836	1.536631178905567	0.00028984128682673634	52.20610468550095	136
DATA	2026-08-26T143000_AIU-1657.ghg	2026-08-26	15:00:00	238.624	1	18000	18000	0.9871252397628474	0	NaN	76.03061805812813	0	NaN	236.72726793631134	0	NaN	0.3745499125211368	0	NaN	5.401696557724179	0	NaN	0.2790165017330452	0	NaN	NaN	NaN	NaN	NaN	NaN	NaN	NaN	NaN	NaN	-2.433768827704638e-10	-1.1596777310750136e-11	-1.3323625810762471e-12	NaN	15.135169724393492	394.9492468078239	402.52440132677776	0.2	0	721.1826811823223	18.819118776365038	19.18007080702147	0.3	0	0.08285722772626156	2.08660949211504	2.1266308099204094	0.1	0	NaN	NaN	NaN	NaN	9	307.32563668229847	301.89935470581054	97433.79303776042	1.1163579956622194	1016.1184674934588	0.025760992739463227	0.3500299369405268	0.013164109380033382	1834.1099726607044	3936.7773180803183	0.011792014238429386	46.589121620804995	2102.667345419614	289.2983870716297	1.3698893743454492	0.11271484488313031	0.1743079915855639	1.385526907040156	2.5073266033191647e-14	-1.608022157678292e-14	1.385526907040156	8.820709541939998	156.29628442692422	4.703715573075732	7.227320038697052	NaN	0.9403388615033536	2.5091062593734597	-938.103674405743	-0.002135265061475104	0.3211738923062436	0.07127813117076329	0	18.784004887130102	-2.8505452107766502	6.447941028223246	16.05628485651938	24.486847496892363	34.343151784763364	51.45229951519908	0.97527789264476	1.0121476629455424	89.03676566482085	1.0219975854388261	215.42204667648164	1.0988999110746804	0.3408407888165555	1.0988999110746804	4.915549180854455	1.0988999110746804	0.18649580203934144	1.3052243208120906	NaN	NaN	800000009	800000009	800000009	800000009	800000009	800010019	899999999	899999999	89999	89999	89	89	12	12	1	31	17	1	4	NaN	0	18000	0	0	0	0	0	0	0	NaN	NaN	NaN	NaN	0	0	0	0	0	0	0	0	0	0	0	0	18000	18000	18000	18000	100	NaN	2.625095799175306	1.5722836322700215	0.8208330873015919	0.1714002605492289	0.04607083775398985	0.15873903291012997	5.126523913139271e-7	NaN	0.07849130390750862	0.008948851764348318	0.12905885211850468	0.00018649580203934144	NaN	15.136285404820155	721.2234022985486	97.28717989095051	98.07442559517753	96.4999375627306	1.5744874086512475	0.0002900139446380004	52.424197030992936	177
DATA	2026-08-26T150000_AIU-1657.ghg	2026-08-26	15:30:00	238.645	1	18000	17999	0.9459760316219255	0	NaN	99.47531045281147	0	NaN	394.8994375602198	0	NaN	-0.7064511527838865	1	NaN	9.014476582869557	0	NaN	0.19351120389826892	1	NaN	NaN	NaN	NaN	NaN	NaN	NaN	NaN	NaN	NaN	1.086610987502696e-9	5.2540472442345885e-11	5.916227020653232e-12	NaN	15.098321992556905	394.73039254857974	402.41090484878555	0.1	1	730.0432074580257	19.086242961263604	19.457615742777154	0.2	0	0.0822052248378047	2.074278900060429	2.1146394218411553	0.7	0	NaN	NaN	NaN	NaN	9	307.79806445566817	302.30591964355267	97395.52744505339	1.1143054151207752	1016.2797532225077	0.025805819649515623	0.5841380825699473	0.013327772910376932	1859.4133343467943	4030.4353072486047	0.011960610376224715	46.13430541864054	2171.0219729018104	289.51334462583543	1.5859297519243305	1.5721605354399562	0.7095635109328027	2.342949255452532	7.353087676157004e-14	7.196899019893522e-14	2.342949255452532	9.737470224641386	116.24980697860553	44.749976924991984	17.62889551596366	NaN	0.9213782282372517	3.020437855883692	-674.3535967752177	-0.0029704001129064834	0.2519003599179401	0.09533664023666208	0	16.08605372182707	-2.441120712679703	5.521821698749519	13.75011677897783	20.969795668179174	29.410436587198397	44.06219329085169	0.9344062328219033	1.0123819794791837	120.95007496255214	1.025955068934652	354.34894680955256	1.1144366058253348	-0.6339087832283645	1.1144366058253348	8.088819530648468	1.1144366058253348	0.10504792567554302	1.3074504837762095	NaN	NaN	800000009	800000009	800000009	800100019	800100019	800100019	899999999	899999999	89999	89999	89	89	14	6	1	4	13	7	0	NaN	0	18000	0	0	0	0	0	0	0	NaN	NaN	NaN	NaN	0	0	0	0	0	0	301	0	0	8998	0	16	18000	18000	18000	18000	100	NaN	3.1023580225722593	1.7773132933375868	1.1612043958575382	0.24403290610786274	0.06998842858327187	0.20588675778884202	3.183702440867857e-7	NaN	0.10680427279841528	-0.016676920878510228	0.21280128447845859	0.00010504792567554303	NaN	15.099405652437285	730.0961137642975	97.24116549110411	98.03670922809178	96.4456188545227	1.591089979257851	0.00029044519160783633	49.912429225921564	170
DATA	2026-08-26T153000_AIU-1657.ghg	2026-08-26	16:00:00	238.666	1	18000	18000	0.7489067065374597	0	NaN	-7.3740639346085395	2	NaN	198.46993630019549	0	NaN	-0.22912058081268258	2	NaN	4.530530837093905	0	NaN	0.26976833351014873	0	NaN	NaN	NaN	NaN	NaN	NaN	NaN	NaN	NaN	NaN	4.785694982691818e-10	2.3393786914526446e-11	2.6122709464893387e-12	NaN	15.114278898767484	394.8124883074576	402.5821281385208	0.1	1	738.8273201766217	19.299515025639078	19.67931628599494	0.3	0	0.08250127053057472	2.081931382954506	2.1229023691254065	-0.1	0	NaN	NaN	NaN	NaN	9	307.8768224495782	302.3067717522515	97401.17187413195	1.1142763313320418	1016.3997051990096	0.025804396928572566	0.29357839824368503	0.013477442146136581	1880.299615311106	4030.633620026324	0.012095242236748592	46.650224073177505	2150.334004715218	289.68885182229275	1.7269065674589528	0.18714137389896823	0.10506169878791594	1.7401914110550403	3.922329648387287e-14	3.166340263234175e-14	1.7401914110550403	8.278699252867247	154.81510784159775	6.184892158402269	3.4612599401512063	NaN	0.8198179198907948	2.458554233425025	6408.677449054301	0.00031256058928283057	-0.037154563920728564	-0.007942039735589395	0	17.258780789069725	-2.6190865695437577	5.9243809515403205	14.75254623764454	22.49856384214424	31.554555688232572	47.274474413856076	0.7400905597234623	1.0119122541129177	4.621596106492317	1.0231702703486747	179.74925359116634	1.104148875920279	-0.20750877513842197	1.104148875920279	4.103188379662866	1.104148875920279	0.20256099681533515	1.305397864169675	NaN	NaN	800000009	800000009	800000009	800000009	800000019	800000019	899999999	899999999	89999	89999	89	89	10	8	0	20	17	0	0	NaN	0	18000	0	0	0	0	0	0	0	NaN	NaN	NaN	NaN	0	0	0	0	0	0	0	0	0	4	0	0	18000	18000	18000	18000	100	NaN	2.470163094456165	1.6759245640235556	0.7710208083703297	0.07758766755290081	0.16692161977546346	0.13136802167984965	8.189856865171857e-7	NaN	0.004080698915650182	-0.00546004325267602	0.10796452348529463	0.00020256099681533515	NaN	15.115356390155272	738.8707635218939	97.23206998867458	98.0277765045166	96.43635993745592	1.5914157586561326	0.0002905511858261889	52.69071825242617	023
DATA	2026-08-26T160000_AIU-1657.ghg	2026-08-26	16:30:00	238.687	1	18000	18000	0.6385834363079154	0	NaN	35.38223166734575	0	NaN	142.07217782647297	0	NaN	0.5290451617746363	1	NaN	3.2428787320395207	0	NaN	0.11713174591133627	1	NaN	NaN	NaN	NaN	NaN	NaN	NaN	NaN	NaN	NaN	4.0475867849392054e-10	1.9875499127861424e-11	2.1962306368106336e-12	NaN	15.113137268930046	394.54425177708004	402.33913974908216	0.2	0	742.1240422208288	19.37392413987703	19.756688728559304	0.2	0	0.08200425797379735	2.068729357368706	2.1096005993458724	0.1	0	NaN	NaN	NaN	NaN	9	307.8605909576416	302.2295593319369	97403.22965876416	1.1145529586767635	1016.4394367318712	0.02579726119029804	0.21013854183616093	0.013533146654871299	1887.5889723678795	4012.6982578189813	0.01214221948765748	47.04039155423162	2125.1092854511016	289.74970145884186	2.0372876507010558	0.6565495047523241	0.12094727696164727	2.1438811692102333	8.020033907835602e-14	2.6781909757812707e-14	2.1438811692102333	8.374575182487774	143.13760908057804	17.862390919421944	3.2340643416146677	NaN	0.7569347963233568	2.6238820872835045	-1051.2947570237739	-0.0019053647767356859	0.24904405780674121	0.041261454731337875	0	16.300803729768802	-2.473709854895694	5.595538427175602	13.93368185581694	21.24974399261922	29.803068092718036	44.65042683294792	0.6309221742398694	1.0121429589588862	43.18300195133632	1.024957438013146	127.88911758542132	1.1109012284143591	0.47623060290406466	1.1109012284143591	2.9191422685419406	1.1109012284143591	0.07514494817964795	1.3065854903353051	NaN	NaN	800000009	800000009	800000009	800000019	800000019	800000019	899999999	899999999	89999	89999	89	89	6	12	1	12	8	3	4	NaN	0	18000	0	0	0	0	0	0	0	NaN	NaN	NaN	NaN	0	2	0	0	0	0	0	0	0	3001	0	0	18000	18000	18000	18000	100	NaN	3.1259104951835965	1.363710973269418	0.7581427061139946	0.06306913223670542	0.07072637798724833	0.10405269266931995	5.049103514958561e-7	NaN	0.03811804460750824	0.012528231361269232	0.07679407726790086	0.00007514494817964795	NaN	15.114195938593573	742.1749182255063	97.23485343382093	98.02459282938639	96.44511669837104	1.5794766420291517	0.0002905604740145565	50.74809344231631	028
DATA	2026-08-26T163000_AIU-1657.ghg	2026-08-26	17:00:00	238.708	1	18000	18000	0.8377714628585363	0	NaN	-25.822957956061902	1	NaN	242.68131448918297	0	NaN	-0.25808381279930376	2	NaN	5.540586269779662	0	NaN	0.28812078747937686	0	NaN	NaN	NaN	NaN	NaN	NaN	NaN	NaN	NaN	NaN	-7.721199904392592e-12	-3.905478479051078e-13	-4.2015327034420995e-14	NaN	15.101240170109403	394.87530019727905	402.92299456309985	0.1	1	763.8394190233512	19.973281431969696	20.380343773844995	0.3	0	0.08217421543658314	2.0757502528581404	2.1180547566000354	0	0	NaN	NaN	NaN	NaN	9	307.9504891679552	302.4603353326046	97368.11583851039	1.1130468953334467	1016.7831078543829	0.025826269783487944	0.35902999028172206	0.013936141014100305	1945.2824416354824	4066.5116348852785	0.012520713253438719	47.836637794111745	2121.229193249796	290.22416556742286	1.1833948405867736	-0.17058745606776635	0.11964371413356734	1.2015981221801186	-7.263267342853082e-14	-5.112957490521557e-16	1.2015981221801186	8.826897526032452	169.20273462091166	351.79726537908834	5.71443794216137	NaN	0.8675730447089257	2.445825176358828	2168.6143012438124	0.0009236773910653999	-0.10640686535927309	-0.02630014560646276	0	18.087166704252972	-2.74479732810613	6.208739029692864	15.46063805859715	23.578448547006285	33.069109341324435	49.54355177399792	0.8289501076726271	1.0106415996623441	-10.935290543282063	1.02121804602665	219.50317314180393	1.1055936504954553	-0.23343460111556116	1.1055936504954553	5.011412888719767	1.1055936504954553	0.2080853883777981	1.3754934060040822	NaN	NaN	800000009	800000009	800000009	800000019	800000019	800000019	899999999	899999999	89999	89999	89	89	19	14	0	21	20	1	8	NaN	0	18000	0	0	0	0	0	0	0	NaN	NaN	NaN	NaN	0	12	0	0	0	0	0	0	0	0	0	0	18000	18000	18000	18000	100	NaN	2.1102893323514214	2.0133944541119306	0.7679665662543047	0.047966275143676164	0.21242581521976123	0.10802352732034035	9.252520259196521e-7	NaN	-0.009662478516480427	-0.006151646510426555	0.132064571669639	0.0002080853883777981	NaN	15.102319139925347	763.8889997562534	97.19783989058601	97.99794038963317	96.39773596149023	1.6002047184374641	0.0002905871299784242	52.305971904555626	076
DATA	2026-08-26T170000_AIU-1657.ghg	2026-08-26	17:30:00	238.729	1	18000	18000	0.9188202765119389	1	NaN	-21.640372804110775	2	NaN	324.5798944478936	0	NaN	2.55133105824822	1	NaN	7.412745491762877	0	NaN	0.4591581668635454	0	NaN	NaN	NaN	NaN	NaN	NaN	NaN	NaN	NaN	NaN	-3.8647770435222013e-10	-1.957070652001175e-11	-2.1097960876747503e-12	NaN	15.092614603486057	395.666554141486	403.7562208088234	0.1	0	764.2695236961923	20.036017404590755	20.445667147404624	0.3	0	0.08239114154486352	2.0844174574422363	2.1270347629733397	0	0	NaN	NaN	NaN	NaN	9	307.9713155568441	302.7863913638266	97325.19070302948	1.1113315813825282	1016.8273292921165	0.0258655137443311	0.4803459078662344	0.013958703599924342	1950.5322841603474	4143.612282015979	0.012560340976326181	47.07323348340306	2193.0799978556315	290.26672416342456	1.1358883916704021	-0.06851557924472676	0.2202220599875004	1.1590662529104843	-1.0619017551685534e-14	-2.5607074354297262e-14	1.1590662529104843	7.932890139819439	164.45183815433256	356.5481618456675	10.95275761086197	NaN	0.9092712453620018	2.0690991990160135	2978.2253954146013	0.0006725817337680537	-0.06667194479473469	-0.02106106917495496	0	18.35500575046887	-2.7854429366990465	6.300679506999646	15.689582846866847	23.927603794665718	33.55880454068957	50.2772044167955	0.9091406270965836	1.0106470320727696	-1.8963434015637675	1.0210570043004585	293.79198423488566	1.1047949292870871	2.309325459969813	1.1047949292870871	6.709612159920254	1.1047949292870871	0.3301608955368719	1.3748257344119992	NaN	NaN	800000009	800000009	800000009	800000019	800000019	800000019	899999999	899999999	89999	89999	89	89	32	30	1	31	27	0	0	NaN	0	18000	0	0	0	0	0	0	0	NaN	NaN	NaN	NaN	0	8	0	0	0	0	0	0	0	0	0	0	18000	18000	18000	18000	100	NaN	1.9644881403043275	1.3605855296308413	0.8131247280968583	0.04305685574473014	0.43380834559865245	0.185140213196428	0.0000013060835975212992	NaN	-0.001678131998113351	0.06095348204349212	0.17709683255899392	0.0003301608955368719	NaN	15.093666738917802	764.3166686601379	97.14344388283624	97.97179910024008	96.31508852683173	1.6567085928254648	0.00029145758268391046	52.25615965404159	075
DATA	2026-08-26T173000_AIU-1657.ghg	2026-08-26	18:00:00	238.749	1	18000	18000	0.5555679146228966	0	NaN	-25.30109681124972	1	NaN	198.57156820838782	0	NaN	6.976027566350727	0	NaN	4.533465536617559	0	NaN	0.2895114020317324	0	NaN	NaN	NaN	NaN	NaN	NaN	NaN	NaN	NaN	NaN	-3.1806695388752226e-10	-1.5553604443641342e-11	-1.7198113257225452e-12	NaN	15.187865801643452	397.24764446127523	405.1172796182202	0.2	0	742.6928642999059	19.425572674563014	19.810401060067594	0.3	0	0.0821219032658684	2.0739249458970344	2.1150102308437333	-0.1	0	NaN	NaN	NaN	NaN	9	307.8973219333225	302.4458593593316	97308.86597158555	1.1126549734663198	1016.474273406417	0.025840758183819902	0.2937685667728178	0.013546383705277382	1890.7874955302086	4063.1177070455465	0.012174828701008302	46.53538567813422	2172.330211515338	289.77633679436195	1.470086064665247	-0.04921654653635753	-0.03104622934479698	1.4712372936860043	-1.4877425083359703e-13	-2.0942175684295603e-14	1.4712372936860043	8.157114999132302	162.91747111866653	358.08252888133376	-1.2091522986505832	NaN	0.7066238983004713	2.4073052234022927	1195.2691484302682	0.0016758568583742379	-0.12741550585277084	-0.031658776159915046	0	15.998954668832418	-2.4279030953574674	5.491923412377778	13.675665818492115	20.856253255865116	29.251191739505987	43.823615490797906	0.5496805468348425	1.0107105259990636	-13.087334526092748	1.0222404835836982	178.8529629038035	1.1102503698257995	6.283292269873578	1.1102503698257995	4.083282167542865	1.1102503698257995	0.211155238938694	1.3771546161802424	NaN	NaN	800000009	800000009	800000009	800000019	800001019	800001019	899999999	899999999	89999	89999	89	89	13	10	1	20	28	0	6	NaN	0	18000	0	0	0	0	0	0	0	NaN	NaN	NaN	NaN	0	3	0	0	0	0	0	0	0	0	0	0	18000	18000	18000	18000	100	NaN	2.4746026000912065	1.6476921323615847	0.6923157143517945	0.038102676632029334	1.2659855346797937	0.17170717807316513	9.882215963351433e-7	NaN	-0.011571623606253885	0.16558243252173194	0.10760597548774561	0.000211155238938694	NaN	15.188893222453816	742.7321611300454	97.18890718841553	97.99576280848186	96.38204904513888	1.6137142003443448	0.00029097161502351004	52.85217716549763	141
DATA	2026-08-26T180000_AIU-1657.ghg	2026-08-26	18:30:00	238.77	1	18000	18000	0.7363481279104858	0	NaN	-80.01560135697616	1	NaN	317.1114851385198	1	NaN	17.602631123776607	1	NaN	7.240457432367139	1	NaN	0.2702067028924943	0	NaN	NaN	NaN	NaN	NaN	NaN	NaN	NaN	NaN	NaN	3.359776499205038e-10	1.6839286643461667e-11	1.820893852078146e-12	NaN	15.21228868929249	397.8381836707358	405.9323747891137	0.2	0	762.4438405432547	19.939752582145886	20.345435532846853	0.3	0	0.08244585006450503	2.0834931282569875	2.125882703381069	-0.2	0	NaN	NaN	NaN	NaN	9	307.4632124184503	302.54215953233506	97286.17238259548	1.111823599509874	1016.7662983175934	0.025855015700071142	0.46918164161739057	0.01389727826333209	1940.3825544748393	4085.741917239147	0.012499535240534952	47.49155952038232	2145.3593627643077	290.18435289141473	1.5767736649542252	0.10582515146082051	0.044574001168360466	1.5809493966458892	1.3602996996310004e-14	2.208593701991661e-14	1.5809493966458892	9.113935966292946	157.1603524550775	3.839647544922578	1.615637180086474	NaN	0.8138111755504667	2.2866731967464693	577.3028807360844	0.003469755767450817	-0.2523264060335877	-0.08697491105390291	0	18.88907751049613	-2.86649038674522	6.484009059679575	16.146099354626894	24.62382027346064	34.535258051470905	51.740109709072094	0.7284260467743352	1.0108756148564864	-59.91918346375489	1.0228926138714949	284.8791293589971	1.1131439703991242	15.813436169864968	1.1131439703991242	6.504511208708278	1.1131439703991242	0.20346228312398837	1.380807226249188	NaN	NaN	800000009	800000009	800000009	800000009	800000009	800000019	899999999	899999999	89999	89999	89	89	19	19	0	14	6	4	1	NaN	0	18000	0	0	0	0	0	0	0	NaN	NaN	NaN	NaN	0	0	0	0	0	0	0	0	0	0	0	0	18000	18000	18000	18000	100	NaN	2.717734071663481	1.2493270845360447	0.6062852372934132	0.07684005221443273	2.093568373588144	0.2661399594015276	6.847436697481274e-7	NaN	-0.05300402567522307	0.4171772835874699	0.1715967540492081	0.00020346228312398838	NaN	15.213299078469227	762.4868123331709	97.20392851977877	98.00149605560303	96.40636168670655	1.59513077631924	0.00029051546800474176	52.36049088947157	075
DATA	2026-08-26T183000_AIU-1657.ghg	2026-08-26	19:00:00	238.791	0	18000	18000	0.3649167294755274	0	NaN	-84.01439378216462	0	NaN	152.90296190975053	0	NaN	15.621370110353471	1	NaN	3.4858821017464368	0	NaN	0.29645527553118184	0	NaN	NaN	NaN	NaN	NaN	NaN	NaN	NaN	NaN	NaN	1.283546769419855e-10	6.492526255568272e-12	6.921086343040231e-13	NaN	15.394981517112956	400.095383883506	408.3597293762414	0.1	0	778.7197481632959	20.23790520519499	20.655938122849594	0.4	0	0.08301216509438636	2.0834069131138695	2.1264416373958666	-0.1	0	NaN	NaN	NaN	NaN	9	307.108354780409	300.989025004406	97300.4778460504	1.1175980862932755	1016.8928909871117	0.025718504259002562	0.2258851601931691	0.014179948195021986	1969.68605281577	3733.909047864941	0.01268787802066882	52.75131310287382	1764.222995049171	290.42114926199815	0.9681125125517168	-0.04539839732766451	0.06435874329556951	0.9713109179236512	-4.2008964039210697e-14	8.337436248254492e-15	0.9713109179236512	5.387481984176732	163.68484539786573	357.31515460213427	3.7991830042921184	NaN	0.5714181913506559	1.1129881060332725	190.35586534717686	0.010522922402977627	-0.5494621734780605	-0.12937154811199184	0	18.4945841734901	-2.8066245008895203	6.348592262871527	15.808892383534827	24.109558366063816	33.81399841422717	50.65953134176707	0.3608872531881208	1.011165471353753	-73.68550878991019	1.021463386724151	138.16451171122497	1.1066731971617294	14.115612585917324	1.1066731971617294	3.149874877865149	1.1066731971617294	0.23083861824349527	1.3913237142925454	NaN	NaN	800000009	800000009	800000009	800000019	800000019	800000019	899999999	899999999	89999	89999	89	89	13	27	1	18	16	0	1	NaN	0	18000	0	0	0	0	0	0	0	NaN	NaN	NaN	NaN	0	14	0	0	0	0	0	0	0	0	0	0	18000	18000	18000	18000	100	NaN	1.0376965481379865	0.8731761380092516	0.3151035259193069	0.125700853210599	6.6402791506377525	0.15273370078667328	0.000001452658282832155	NaN	-0.06483674830103577	0.370533271103648	0.08268386759402759	0.00023083861824349527	NaN	15.396268214985511	778.7741493281056	97.2689937816196	98.02688902028402	96.51109761810304	1.515790892064582	0.00028952488533428146	52.96057404605439	022
DATA	2026-08-26T190000_AIU-1657.ghg	2026-08-26	19:30:00	238.812	0	18000	18000	0.12033122604198757	1	NaN	0.290575411634587	1	NaN	48.77845338697264	1	NaN	3.2596770168666804	1	NaN	1.1108388574917532	1	NaN	0.10668480419769719	1	NaN	NaN	NaN	NaN	NaN	NaN	NaN	NaN	NaN	NaN	-1.204723884429381e-10	-6.0394944074204425e-12	-6.430263503075589e-13	NaN	15.580716607395324	403.0637264261287	411.37611527938077	0.1	0	781.0889451945851	20.206299161551502	20.62301395105946	0.3	0	0.08316271856746002	2.0766422488294154	2.1194688708983835	0	0	NaN	NaN	NaN	NaN	9	306.653662548489	299.86801299582464	97298.67474493783	1.1217687824236429	1016.8464136854601	0.025623192367036786	0.07198235796546561	0.014210466514637622	1966.5735009807513	3496.6414291757087	0.012667910479675795	56.24178346031745	1530.0679281949574	290.39614459171554	0.5451065320486737	-0.43938793544422217	-0.039738784959005784	0.7012717448508059	-2.9574358928885904e-14	-7.732146824733106e-15	0.7012717448508059	3.8422326072332247	199.8708576789778	321.1291423210222	-3.248505289861202	NaN	0.3275197515693871	0.6956849648530727	-10363.132105382798	-0.00019329098380976476	0.005957044380422926	0.0007777905363743814	0	11.028888559095959	-1.673676388567191	3.785860548014467	9.427328060214734	14.377270120486271	20.164325769622508	30.20983442413578	0.11847553471708748	1.0156630761729109	3.2174459394209305	1.0222464061392704	44.627298369396385	1.0930182908052295	2.9822712431145755	1.0930182908052295	1.0163039967733707	1.0930182908052295	0.08089358531675486	1.3098661366465578	NaN	NaN	800000009	800000009	800000009	800000019	800000019	800000019	899999999	899999999	89999	89999	89	89	18	7	0	0	1	1	4	NaN	0	18000	0	0	0	0	0	0	0	NaN	NaN	NaN	NaN	0	5	0	0	0	0	0	0	0	0	0	0	18000	18000	18000	18000	100	NaN	0.3297665665414739	0.6846373580955439	0.3769660050691278	0.11126462514862305	9.286545947128374	0.07216233534495256	0.0000015171203968526364	NaN	0.0028206717393852716	0.07799165519455883	0.026578142773633538	0.00008089358531675486	NaN	15.58185544526076	781.1449806499965	97.36173611153497	98.05681783676147	96.66664941914877	1.390167600863507	0.00028729835745050676	51.970474505200485	027
DATA	2026-08-26T193000_AIU-1657.ghg	2026-08-26	20:00:00	238.833	0	18000	18000	0.02146958612574156	1	NaN	-0.47039438510394804	2	NaN	38.85336228285166	1	NaN	5.458302226072534	1	NaN	0.8843770148939928	1	NaN	0.12630996228597574	1	NaN	NaN	NaN	NaN	NaN	NaN	NaN	NaN	NaN	NaN	-1.660679194063994e-10	-8.361000419233946e-12	-8.860058026107707e-13	NaN	15.663363562231709	404.3597844982033	412.7629153874716	0	0	788.601373332955	20.358250647057517	20.78132200930006	0.4	0	0.08356719981887499	2.082071447290636	2.125339644483152	1.3	0	NaN	NaN	NaN	NaN	9	306.4031514553494	299.3607747127868	97321.18701958812	1.123864424071154	1016.9197981099137	0.02557393263669466	0.05730763056513073	0.014344906908030516	1981.8205784463346	3393.672404895101	0.012763912266273778	58.3975216814598	1411.8518264487664	290.5183019986232	0.28602169662459637	-0.20250637357514872	-0.15051535218638384	0.381408066934051	5.47326007475735e-15	-1.0602315316668683e-14	0.381408066934051	2.235341994041463	196.2988957140492	324.70110428595075	-23.242946987883958	NaN	0.13821490333198383	0.19404419810343684	481.19137534028016	0.004162792815194338	-0.012106915784520443	-0.002977876128740462	1	1.8714696679473544	1	2	3	5	10	34	0.020991126236618366	1.0227934358418813	1.864062183786372	1.0263684411695433	35.444011223152614	1.0961897635748405	4.979340628279711	1.0961897635748405	0.8067736483963376	1.0961897635748405	0.09626912199376944	1.3200523517507858	NaN	NaN	800000009	800000009	800000009	800000019	800000019	810000019	899999999	899999999	89999	89999	89	89	3	4	0	3	4	1	1	NaN	0	18000	0	0	0	0	0	0	0	NaN	NaN	NaN	NaN	0	6	0	0	0	0	0	0	0	0	0	0	18000	18000	18000	18000	100	NaN	0.10216293879256091	0.19933328536415879	0.08659217205015395	0.08687939711134898	10.793386321942377	0.07894331277787446	0.0000018927262500967278	NaN	0.00163102181431092	0.12998836741946468	0.021061260367784197	0.00009626912199376944	NaN	15.664464968204499	788.6575173952235	97.38052512402005	98.05517786110772	96.7058699230618	1.3493051945534016	0.0002870886328229163	53.68964347182381	046
DATA	2026-08-26T200000_AIU-1657.ghg	2026-08-26	20:30:00	238.854	0	18000	18000	0.03497457153674393	1	NaN	27.508250458040457	1	NaN	5.089485868818619	2	NaN	-4.096834126426235	1	NaN	0.11580878190866735	2	NaN	0.07280221240582498	1	NaN	NaN	NaN	NaN	NaN	NaN	NaN	NaN	NaN	NaN	2.9541632010742325e-10	1.48504965552648e-11	1.5606550274643137e-12	NaN	15.767244642408768	406.5179531167889	414.99867720227485	0.1	1	792.6150192479669	20.43554486163432	20.861868511498564	0.1	1	0.08329678472566106	2.072225038989678	2.1154555252793164	0	1	NaN	NaN	NaN	NaN	9	306.10682934231227	299.02612682766386	97350.73738541667	1.1254306498179882	1016.9554527452534	0.025537590009232128	0.007504409067681644	0.014419862038001276	1989.9490007638003	3327.1950819065273	0.012812750426099865	59.80860610143523	1337.246081142727	290.5830891166319	0.38881720083211274	-0.1066347710313251	-0.1442566454707625	0.4282052893394506	-1.2269344949144973e-14	1.87360776601924e-14	0.4282052893394506	1.4956660584374628	176.33651966241086	344.6634803375891	-19.68730506877347	NaN	0.17628559757010695	0.13206116136455529	-17.076522773995315	-0.11730139832978093	5.404917346676065	0.13634068447080716	1	1.505917373622003	1	1	2	4	6	16	0.03425214103972726	1.0210915427499483	27.31031249696346	1.025305924588061	4.647505677940822	1.095100516600902	-3.741057614640213	1.095100516600902	0.10575173708083699	1.095100516600902	0.049484941743888816	1.317610550479057	NaN	NaN	800000009	800000009	800000009	800000009	800000019	800000119	899999999	899999999	89999	89999	89	89	0	8	0	9	4	3	7	NaN	0	18000	0	0	0	0	0	0	0	NaN	NaN	NaN	NaN	0	0	0	0	0	0	0	0	0	0	0	0	18000	18000	18000	18000	100	NaN	0.07615181842586743	0.1580068405884572	0.02996366371478593	0.28547208974206695	23.2981418237239	0.14688423984606	0.0000035755121376495576	NaN	0.023861953870222212	-0.09753123410253571	0.002757000422986763	0.000049484941743888814	NaN	15.768454724082975	792.6735431038063	97.38323340733845	98.04757150353325	96.71889028379653	1.3286761413448396	0.000287065666076766	51.93272080317271	092
DATA	2026-08-26T203000_AIU-1657.ghg	2026-08-26	21:00:00	238.874	0	18000	18000	0.11041997831773046	1	NaN	-7.370580406256379	2	NaN	141.2780117025577	1	NaN	34.025174209720475	1	NaN	3.212238648130119	1	NaN	0.04419138968148888	1	NaN	NaN	NaN	NaN	NaN	NaN	NaN	NaN	NaN	NaN	1.0706082848701322e-9	5.479865060629314e-11	5.529804040712258e-12	NaN	16.218865843834724	416.8606693603563	425.94907848442796	0	0	830.1560665714925	21.336844198393838	21.80203073131653	0.1	0	0.08377214257209545	2.0773785365560187	2.1226696072505904	-0.3	0	NaN	NaN	NaN	NaN	9	305.45855361599394	298.2335962549845	97364.76903580729	1.1281964059933656	1017.4478040481973	0.025466235310968224	0.20815306439883172	0.015098028206676196	2078.014163153323	3174.2690504510006	0.013382446643572255	65.46433620231652	1096.2548872976777	291.2705112875947	0.22107450650623667	-0.35595856963063083	0.11495064417460493	0.43450442036490217	-1.0257979005318314e-14	6.601005860573798e-14	0.43450442036490217	1.7908376132515633	219.15690385917458	301.8430961408254	15.340557255714206	NaN	0.3128466240351067	0.2030637378956654	356.29551582874126	0.005622018552046048	-0.052170754085739596	-0.02052453680546533	0	23.998480388286378	-3.641861985652351	8.23790172758439	20.513540086540708	31.284442958581124	43.87687607253961	65.73555577031135	0.10816053977289346	1.0208896751956045	1.1976237130794647	1.0251815671316502	129.02351253040092	1.094978806047226	31.07381989661358	1.094978806047226	2.933608057425338	1.094978806047226	0.028802568964959606	1.3173208888661265	NaN	NaN	800000009	800000009	800000009	800000009	800000019	800000019	899999999	899999999	89999	89999	89	89	12	2	0	1	1	1	0	NaN	0	18000	0	0	0	0	0	0	0	NaN	NaN	NaN	NaN	0	0	0	0	0	0	0	0	0	0	0	0	18000	18000	18000	18000	100	NaN	0.14998962053240297	0.2068930804634773	0.04924477479545051	0.054564411998701476	35.3448160274389	0.35803293178129614	0.000003158978914306122	NaN	0.001043334421583129	0.8085906092204416	0.07633718462228907	0.000028802568964959605	NaN	16.22001805777022	830.2048083888777	97.38420798577202	98.02817943106757	96.74023452165392	1.2879446059134296	0.0002859356796721438	53.288495529766756	138
DATA	2026-08-26T210000_AIU-1657.ghg	2026-08-26	21:30:00	238.895	0	18000	18000	0.008943987171186794	1	NaN	-5.226685504871472	1	NaN	26.65168461436513	0	NaN	0.3168348654814106	2	NaN	0.6056126364016101	0	NaN	0.04079363722503599	0	NaN	NaN	NaN	NaN	NaN	NaN	NaN	NaN	NaN	NaN	-2.734856870714716e-10	-1.390523484300971e-11	-1.38495468202046e-12	NaN	16.533842838747614	424.0576220990608	433.4022004832043	0.1	1	840.6544780901713	21.560985093580804	22.03610522996465	0.1	0	0.08372878045837084	2.07063479194106	2.116263518109099	0	0	NaN	NaN	NaN	NaN	9	304.936301337348	297.6098468136257	97387.72495920138	1.1307308839996795	1017.561201414177	0.02540698293799402	0.03924369883882434	0.015292211554261803	2100.338528635648	3058.2580951569503	0.013524183137343349	68.67760873294961	957.9195665213024	291.44070586013544	-0.07866648526486834	-0.6555826643870297	0.3018058238467347	0.725991598475171	1.828324961421298e-15	-1.654096326781024e-14	0.725991598475171	2.0338682578423573	257.8424775127013	263.1575224872987	24.56437116340281	NaN	0.08893771281462659	0.12802371283064246	11.546052286035119	0.17348786843991149	-0.19611088681629957	-0.051076439880552924	1	10.284574562357719	5	10	20	38	86	391	0.00880700383982373	1.0155539084408762	-3.5963875742424602	1.0306962006095775	23.14007906744026	1.1517542587771858	0.275088946332869	1.1517542587771858	0.5258175793893632	1.1517542587771858	0.02646477966533364	1.5791207634747257	NaN	NaN	800000009	800000009	800000009	800000009	800000019	800000019	899999999	899999999	89999	89999	89	89	6	0	0	13	6	0	1	NaN	0	18000	0	0	0	0	0	0	0	NaN	NaN	NaN	NaN	0	0	0	0	0	0	0	0	0	0	0	0	18000	18000	18000	18000	100	NaN	0.17971586497337982	0.049102761808595054	0.027228798879310026	0.02527329886256577	12.418144469673173	0.10929088792974831	0.0000012084463497219895	NaN	-0.0031256956958805693	0.007143236698846071	0.013653908963130578	0.00002646477966533364	NaN	16.535054498317805	840.7110518658911	97.39581554836697	98.01620393498739	96.77542646111382	1.240777903086609	0.0002852021959147856	53.15176274020583	060
DATA	2026-08-26T213000_AIU-1657.ghg	2026-08-26	22:00:00	238.916	0	18000	18000	0.10551261042243291	1	NaN	22.631178818453165	1	NaN	49.83998040306788	1	NaN	-8.020433911020755	1	NaN	1.1319277436768884	1	NaN	0.1304820834714286	1	NaN	NaN	NaN	NaN	NaN	NaN	NaN	NaN	NaN	NaN	-2.6702718633412743e-10	-1.3628414110743547e-11	-1.3512766432296694e-12	NaN	16.615811564876545	425.3220038848783	434.7594997334575	0.1	1	848.030359383966	21.707394213042267	22.1890609053315	0.5	0	0.0840834163148786	2.07440649352077	2.120435625547917	0.1	0	NaN	NaN	NaN	NaN	9	304.4687951516045	297.0653559478484	97405.20563121562	1.132943492374249	1017.6326660729774	0.02535594841513183	0.07334891779026237	0.015427040788101027	2114.980365996444	2960.030278871833	0.013616778676023289	71.45130849142983	845.049912875389	291.5514715185742	-0.1164002031106455	-0.6325597757223953	0.3250075070792144	0.7206321924560444	5.975599485652105e-15	-1.6070667706570818e-14	0.7206321924560444	2.432694255116041	261.4266149329351	259.5733850670649	26.80807378371234	NaN	0.3051743718361225	0.31461157198995693	-107.7459446695981	-0.018590954918465716	0.4540768000996267	0.0643220427413914	0	23.1647772982047	-3.515344325285349	7.951718435352746	19.800903224457933	30.197626779220716	42.35260092790745	63.45191384435446	0.10390828279651594	1.0154398435114045	25.265117454065365	1.02214472061354	45.59778803318932	1.0930350473753414	-7.3377646309511135	1.0930350473753414	1.0355822957323633	1.0930350473753414	0.09395564499261744	1.3095509990518495	NaN	NaN	800000009	800000009	800000009	800000019	800000019	800000019	899999999	899999999	89999	89999	89	89	12	1	0	6	1	0	1	NaN	0	18000	0	0	0	0	0	0	0	NaN	NaN	NaN	NaN	0	1	0	0	0	0	0	0	0	0	0	0	18000	18000	18000	18000	100	NaN	0.5307790561766753	0.04725441404620546	0.05118967375703313	0.04622040486165074	16.00728742100293	0.19215639996771855	0.0000012029663347772538	NaN	0.02191401895537024	-0.190185520949848	0.026840975188757214	0.00009395564499261744	NaN	16.617072340501473	848.0861816779337	97.40789237573412	98.0104049642351	96.80537922435337	1.205025330179267	0.0002843248146059018	53.19140916368697	123
DATA	2026-08-26T220000_AIU-1657.ghg	2026-08-26	22:30:00	238.937	0	18000	18000	0.04697188704351885	1	NaN	11.272730497819266	1	NaN	41.43618794589852	1	NaN	6.666631467918317	1	NaN	0.940563574090318	1	NaN	0.07226274478454311	1	NaN	NaN	NaN	NaN	NaN	NaN	NaN	NaN	NaN	NaN	5.842287954297204e-10	2.918556742864449e-11	2.906235552106674e-12	NaN	16.884226767736955	431.3995343871772	440.90134295265364	-0.1	0	843.463627033066	21.550872360342918	22.02554200475476	0.3	0	0.0839902799829234	2.0668338694418136	2.112357005650054	0.1	0	NaN	NaN	NaN	NaN	9	304.0099814453126	296.5133108198377	97398.64934960938	1.1350441242158418	1017.531743232319	0.025310532359718165	0.0609485196010526	0.0153432855962094	2099.588901670213	2863.2622387614665	0.013517787783633066	73.32855765870792	763.6733370912534	291.4350167200807	-0.25635135988781793	-1.2204005175057118	0.5237301906370868	1.3525482451393847	4.10232032174752e-15	3.4602046245084066e-14	1.3525482451393847	3.068234493495406	262.8628030629184	258.13719693708157	22.78146721669915	NaN	0.2034288909894807	0.17852304478729925	-64.067041915355	-0.03126568575846663	0.2720503756894238	0.04797950702802756	0	19.641191436518753	-2.98062657669325	6.742185432111316	16.788995026414565	25.604276737216317	35.910362182673865	53.800266274394446	0.04640570744198564	1.0122006458417	13.558697513183201	1.0219158061719034	37.72204014055619	1.0984609472738758	6.069065527057055	1.0984609472738758	0.8562558153975138	1.0984609472738758	0.0518432044564998	1.3052666924709968	NaN	NaN	800000009	800000009	800000009	800000009	800000019	800000019	899999999	899999999	89999	89999	89	89	15	0	1	2	2	1	1	NaN	0	18000	0	0	0	0	0	0	0	NaN	NaN	NaN	NaN	0	0	0	0	0	0	0	0	0	0	0	0	18000	18000	18000	18000	100	NaN	0.27245685225918453	0.05022851712284858	0.034360720192565364	0.06248339192893668	15.820112002991905	0.175744114731252	0.0000021251615999420626	NaN	0.011739707074595079	0.15699557865148503	0.022149765332525148	0.0000518432044564998	NaN	16.88542357285332	843.5177886177787	97.43064134385851	98.0098122223748	96.85146825663249	1.1583433205220393	0.0002841914081202251	52.40086753286705	166
DATA	2026-08-26T223000_AIU-1657.ghg	2026-08-26	23:00:00	238.958	0	18000	18000	0.39672734513598923	1	NaN	97.22426826374141	1	NaN	218.11119737609357	1	NaN	-27.58977708668846	1	NaN	4.948603045018157	1	NaN	0.3768399940274287	1	NaN	NaN	NaN	NaN	NaN	NaN	NaN	NaN	NaN	NaN	8.216387965963512e-10	4.152523425597882e-11	4.070684899657209e-12	NaN	17.101832739937926	436.1900746435662	446.02257042200335	0.1	1	864.3184981944951	22.044839051831367	22.541768715099337	0.1	1	0.08472843855391742	2.0808836478974335	2.1277904458113697	0.2	0	NaN	NaN	NaN	NaN	9	303.7148918406168	296.0293524825448	97398.7776671341	1.1366871297894934	1017.8033102292384	0.025269188130380125	0.32066947731717654	0.015720647789344504	2147.7163251939983	2780.7131170298126	0.013830232943919985	77.23617053628521	632.9967918358143	291.79670702986874	-0.45979616486805996	-0.7719512122806859	0.6313840417738792	1.0981652860912543	2.2987914998506006e-14	4.8043903193929463e-14	1.0981652860912543	3.02492202363737	281.7792344994648	239.2207655005352	35.0957424293563	NaN	0.5907797445106829	0.5653474036326664	-181.95438097617648	-0.011008803356387821	0.445755511103337	0.14224738288538574	0	22.305040167672328	-3.3848758988399843	7.6565984994947245	19.066012856163134	29.076872598775093	40.780727254200094	61.09696064825529	0.3916839314623451	1.0128762332802743	108.77764592483317	1.021510406178555	199.10528683298432	1.09545658402859	-25.185641757910513	1.09545658402859	4.517388563971609	1.09545658402859	0.26009814202325393	1.3060197325144614	NaN	NaN	800000009	800000009	800000009	800000019	800000019	800000019	899999999	899999999	89999	89999	89	89	0	0	1	0	0	0	2	NaN	0	18000	0	0	0	0	0	0	0	NaN	NaN	NaN	NaN	0	27	0	0	0	0	301	0	0	2997	0	26	18000	18000	18000	18000	100	NaN	0.6261553768998193	0.2936765009896088	0.21086292937590487	0.12473247433042348	28.344107781565647	0.28589461948253736	0.000002484543216097281	NaN	0.09402316239226087	-0.6507707033796079	0.1167246068800867	0.00026009814202325395	NaN	17.1031989724883	864.3632741254448	97.4161621254815	97.97228114403619	96.86004364818997	1.1122369015945344	0.0002838872804164162	52.15553696061235	170
DATA	2026-08-26T230000_AIU-1657.ghg	2026-08-26	23:30:00	238.979	0	18000	18000	0.038141197143250934	1	NaN	15.8951949245579	1	NaN	63.076842309132125	1	NaN	7.013686915535929	1	NaN	1.4303009877364647	1	NaN	0.05808844868363279	0	NaN	NaN	NaN	NaN	NaN	NaN	NaN	NaN	NaN	NaN	-2.9241756516902316e-10	-1.4408306613534221e-11	-1.448131069434457e-12	NaN	17.039010372892808	433.7118015105749	443.18275219120267	0.1	0	839.5640860422453	21.370305215627457	21.836967884298776	0.1	1	0.08438179935989683	2.0662970742664952	2.111418737116673	0.3	0	NaN	NaN	NaN	NaN	9	303.1639253819784	295.4418464262773	97402.54817517057	1.1392845544603567	1017.4066982613598	0.025218062126779343	0.09268350400532291	0.015270519385976056	2082.0805295741948	2683.3011608925185	0.01340360432886692	77.59399354493829	601.2206313183237	291.3016311700512	-0.6302247044270177	-1.5938298165235014	0.5419666195700042	1.7975551393038365	-6.072420372779424e-15	-1.7161651925174444e-14	1.7975551393038365	2.9673111279435367	272.5746007012767	248.42539929872333	17.547844090439053	NaN	0.18297049175555333	0.10426976674371348	-33.05918505728362	-0.060591330262046966	0.25199731538014275	0.07494764665979096	1	16.336385668904196	7	13	24	39	69	191	0.03769194629289282	1.0119190143928127	19.332787913604818	1.023400253343266	57.07940061648381	1.1050719108447737	6.34681494182067	1.1050719108447737	1.2943058037219217	1.1050719108447737	0.03837691662000002	1.3055127858837772	NaN	NaN	800000009	800000009	800000009	800000019	800000019	800000019	899999999	899999999	89999	89999	89	89	9	1	2	4	0	0	5	NaN	0	18000	0	0	0	0	0	0	0	NaN	NaN	NaN	NaN	0	0	0	0	0	0	301	0	0	4	0	16	18000	18000	18000	18000	100	NaN	0.07909692462650357	0.09077251965347904	0.03867008920744434	0.06586522901717598	27.543646494446275	0.15968839563167447	5.258337841397584e-7	NaN	0.016678910739964383	0.16355043372655156	0.03335283563708078	0.00003837691662000002	NaN	17.040242421851577	839.6162207816606	97.46231850179036	97.99702750587463	96.92760894563463	1.0694174754288432	0.00028309224277715356	51.74677670033761	220
