DATAH	filename	date	time	DOY	daytime	file_records	used_records	Tau	qc_Tau	rand_err_Tau	H	qc_H	rand_err_H	LE	qc_LE	rand_err_LE	co2_flux	qc_co2_flux	rand_err_co2_flux	h2o_flux	qc_h2o_flux	rand_err_h2o_flux	ch4_flux	qc_ch4_flux	rand_err_ch4_flux	none_flux	qc_none_flux	rand_err_none_flux	H_strg	LE_strg	co2_strg	h2o_strg	ch4_strg	none_strg	co2_v-adv	h2o_v-adv	ch4_v-adv	none_v-adv	co2_molar_density	co2_mole_fraction	co2_mixing_ratio	co2_time_lag	co2_def_timelag	h2o_molar_density	h2o_mole_fraction	h2o_mixing_ratio	h2o_time_lag	h2o_def_timelag	ch4_molar_density	ch4_mole_fraction	ch4_mixing_ratio	ch4_time_lag	ch4_def_timelag	none_molar_density	none_mole_fraction	none_mixing_ratio	none_time_lag	none_def_timelag	sonic_temperature	air_temperature	air_pressure	air_density	air_heat_capacity	air_molar_volume	ET	water_vapor_density	e	es	specific_humidity	RH	VPD	Tdew	u_unrot	v_unrot	w_unrot	u_rot	v_rot	w_rot	wind_speed	max_wind_speed	wind_dir	yaw	pitch	roll	u*	TKE	L	(z-d)/L	bowen_ratio	T*	model	x_peak	x_offset	x_10%	x_30%	x_50%	x_70%	x_90%	un_Tau	Tau_scf	un_H	H_scf	un_LE	LE_scf	un_co2_flux	co2_scf	un_h2o_flux	h2o_scf	un_ch4_flux	ch4_scf	un_none_flux	un_none_scf	spikes_hf	amplitude_resolution_hf	drop_out_hf	absolute_limits_hf	skewness_kurtosis_hf	skewness_kurtosis_sf	discontinuities_hf	discontinuities_sf	timelag_hf	timelag_sf	attack_angle_hf	non_steady_wind_hf	u_spikes	v_spikes	w_spikes	ts_spikes	co2_spikes	h2o_spikes	ch4_spikes	none_spikes	head_detect_LI-7200	t_out_LI-7200	t_in_LI-7200	aux_in_LI-7200	delta_p_LI-7200	chopper_LI-7200	detector_LI-7200	pll_LI-7200	sync_LI-7200	chopper_LI-7500	detector_LI-7500	pll_LI-7500	sync_LI-7500	not_ready_LI-7700	no_signal_LI-7700	re_unlocked_LI-7700	bad_temp_LI-7700	laser_temp_unregulated_LI-7700	block_temp_unregulated_LI-7700	motor_spinning_LI-7700	pump_on_LI-7700	top_heater_on_LI-7700	bottom_heater_on_LI-7700	calibrating_LI-7700	motor_failure_LI-7700	bad_aux_tc1_LI-7700	bad_aux_tc2_LI-7700	bad_aux_tc3_LI-7700	box_connected_LI-7700	mean_value_RSSI_LI-7200	mean_value_LI-7500	u_var	v_var	w_var	ts_var	co2_var	h2o_var	ch4_var	none_var	w/ts_cov	w/co2_cov	w/h2o_cov	w/ch4_cov	w/none_cov	co2_mean	h2o_mean	avg_signal_strength_7200_mean	co2_signal_strength_7200_mean	h2o_signal_strength_7200_mean	delta_signal_strength_7200_mean	flowrate_mean	rssi_77_mean	CHK
DATAU		[yyyy-mm-dd]	[HH:MM]	[ddd.ddd]	[1=daytime]	[#]	[#]	[kg+1m-1s-2]	[#]	[kg+1m-1s-2]	[W+1m-2]	[#]	[W+1m-2]	[W+1m-2]	[#]	[W+1m-2]	[µmol+1s-1m-2]	[#]	[µmol+1s-1m-2]	[mmol+1s-1m-2]	[#]	[mmol+1s-1m-2]	[µmol+1s-1m-2]	[#]	[µmol+1s-1m-2]	[µmol+1s-1m-2]	[#]	[µmol+1s-1m-2]	[W+1m-2]	[W+1m-2]	[µmol+1s-1m-2]	[mmol+1s-1m-2]	[µmol+1s-1m-2]	[µmol+1s-1m-2]	[µmol+1s-1m-2]	[mmol+1s-1m-2]	[µmol+1s-1m-2]	[µmol+1s-1m-2]	[mmol+1m-3]	[µmol+1mol_a-1]	[µmol+1mol_d-1]	[s]	[1=default]	[mmol+1m-3]	[mmol+1mol_a-1]	[mmol+1mol_d-1]	[s]	[1=default]	[mmol+1m-3]	[µmol+1mol_a-1]	[µmol+1mol_d-1]	[s]	[1=default]	[mmol+1m-3]	[µmol+1mol_a-1]	[µmol+1mol_d-1]	[s]	[1=default]	[K]	[K]	[Pa]	[kg+1m-3]	[J+1kg-1K-1]	[m+3mol-1]	[mm]	[kg+1m-3]	[Pa]	[Pa]	[kg+1kg-1]	[%]	[Pa]	[K]	[m+1s-1]	[m+1s-1]	[m+1s-1]	[m+1s-1]	[m+1s-1]	[m+1s-1]	[m+1s-1]	[m+1s-1]	[deg_from_north]	[deg]	[deg]	[deg]	[m+1s-1]	[m+2s-2]	[m]	[#]	[#]	[K]	[0=KJ/1=KM/2=HS]	[m]	[m]	[m]	[m]	[m]	[m]	[m]	[kg+1m-1s-2]	[#]	[W+1m-2]	[#]	[W+1m-2]	[#]	[µmol+1s-1m-2]	[#]	[mmol+1s-1m-2]	[#]	[µmol+1s-1m-2]	[#]	[µmol+1s-1m-2]	[#]	8u/v/w/ts/co2/h2o/ch4/none	8u/v/w/ts/co2/h2o/ch4/none	8u/v/w/ts/co2/h2o/ch4/none	8u/v/w/ts/co2/h2o/ch4/none	8u/v/w/ts/co2/h2o/ch4/none	8u/v/w/ts/co2/h2o/ch4/none	8u/v/w/ts/co2/h2o/ch4/none	8u/v/w/ts/co2/h2o/ch4/none	8co2/h2o/ch4/none	8co2/h2o/ch4/none	8aa	8U	[#]	[#]	[#]	[#]	[#]	[#]	[#]	[#]	[#_flagged_recs]	[#_flagged_recs]	[#_flagged_recs]	[#_flagged_recs]	[#_flagged_recs]	[#_flagged_recs]	[#_flagged_recs]	[#_flagged_recs]	[#_flagged_recs]	[#_flagged_recs]	[#_flagged_recs]	[#_flagged_recs]	[#_flagged_recs]	[#_flagged_recs]	[#_flagged_recs]	[#_flagged_recs]	[#_flagged_recs]	[#_flagged_recs]	[#_flagged_recs]	[#_flagged_recs]	[#_flagged_recs]	[#_flagged_recs]	[#_flagged_recs]	[#_flagged_recs]	[#_flagged_recs]	[#_flagged_recs]	[#_flagged_recs]	[#_flagged_recs]	[#_flagged_recs]	[#]	[#]	[m+2s-2]	[m+2s-2]	[m+2s-2]	[K+2]	--	--	--	--	[m+1s-1K+1]	--	--	--	--	--	--	--	--	--	--	--	--	241
DATA	2026-09-28T233000_AIU-1657.ghg	2026-09-29	00:00:00	272	0	18000	18000	0.25679419362713796	1	NaN	30.44247240580984	0	NaN	42.1547478540916	1	NaN	-6.505769733579408	1	NaN	0.9533048455519851	1	NaN	0.016744630728922533	1	NaN	NaN	NaN	NaN	NaN	NaN	NaN	NaN	NaN	NaN	-5.098183014210049e-10	-1.8129415103549123e-11	-2.6240695336601217e-12	NaN	16.809315984342273	424.39477571032506	430.89775896668465	0.1	1	597.7483865084112	15.0917082324913	15.32295784149389	0.1	1	0.08651869466677671	2.0865684367859973	2.1185408369762606	0.4	0	NaN	NaN	NaN	NaN	9	300.5487701950073	292.6509784101887	97391.71895452264	1.152774010758882	1013.7969840189314	0.024982619268055558	0.06177415399176863	0.010885671517911092	1470.2016670001112	2260.1509886298154	0.009443023017794226	65.04882525089177	789.9493216297042	285.8777640162385	-1.387391891767345	0.6729179563751894	0.8287434474996077	1.7505686330812211	-4.410355857269537e-14	-3.032950905889901e-14	1.7505686330812211	4.469427787385366	6.874484794789737	154.1255152052103	28.256126526212636	NaN	0.4719766478786004	0.6905561058311063	-295.90792758649036	-0.006769335368396028	0.7221599927765918	0.05519048848004289	0	19.609381491068664	-2.9757992947476444	6.731266107206663	16.76180436348161	25.56280926061582	35.85220345712935	53.713133905621405	0.2537711126292973	1.0119126285356863	32.324857713178915	1.0232111824847083	38.17262761711663	1.1043187353230401	-5.8912065198969135	1.1043187353230401	0.8632515369515307	1.1043187353230401	0.0031037900246086883	1.3054171098958902	NaN	NaN	800000009	800000009	800000009	800000019	800000019	800000019	899999999	899999999	89999	89999	89	89	21	0	2	21	0	0	2	NaN	0	0	0	0	0	0	0	0	0	NaN	NaN	NaN	NaN	0	15	0	0	0	0	300	0	0	18000	0	15	18000	18000	18000	18000	93	NaN	0.4639604267875627	0.7314406900259635	0.1857110948486863	0.01933550561245116	1.7443805345038619	0.2170419472505356	4.189082464100713e-8	NaN	0.027659316904059025	-0.14943358247865482	0.021896833748943054	0.000003103790024608688	NaN	16.810570399743575	597.7853445267901	92.51807504781087	92.61451813210381	92.42163077078925	0.19288880242780027	0.0002808423441860617	37.34842867942825	151
DATA	2026-09-29T000000_AIU-1657.ghg	2026-09-29	00:30:00	272.02	0	18000	18000	0.042835840467926295	1	NaN	6.208221360027464	0	NaN	23.42254118173796	1	NaN	-0.5195274816410591	2	NaN	0.5296606773906725	1	NaN	0.005857870891441044	1	NaN	NaN	NaN	NaN	NaN	NaN	NaN	NaN	NaN	NaN	-1.7356167004282923e-10	-6.098498182206323e-12	-8.932717652619136e-13	NaN	16.8186118943029	424.53996659348485	430.96881981283855	0.1	1	590.9615529703618	14.917211927641674	15.14310483165801	0.1	1	0.08656053570106606	2.0869041148361496	2.118506322620732	0	1	NaN	NaN	NaN	NaN	9	300.4779812757704	292.59951803627143	97417.42240414766	1.1533575770142115	1013.6980605151564	0.0249716358010514	0.03432201189491557	0.010764539643434372	1453.5861399808946	2252.9316978186603	0.0093332196865619	64.51976069173733	799.3455578377657	285.70442803023155	-1.129275219484313	0.04696820270216531	0.7273272513879409	1.3440511389147114	-4.7338911291282135e-14	-1.031961918935897e-14	1.3440511389147114	2.8510450786676143	343.3816423378597	177.6183576621402	32.76165339467431	NaN	0.19271772475485702	0.30966853799973576	-98.79638160825695	-0.020275034038621003	0.26505327973840337	0.027553257146105063	1	9.725391228352327	4	8	15	26	48	149	0.04231890107862186	1.0122153311198712	7.460618935836213	1.0218957179724062	21.325227726197276	1.0983489359395775	-0.4730076796556749	1.0983489359395775	0.48223352348184023	1.0983489359395775	0.0017693953424700434	1.3052768578136749	NaN	NaN	800000009	800000009	800000009	800000019	800000019	800000019	899999999	899999999	89999	89999	89	89	32	9	2	20	15	1	5	NaN	0	0	0	0	0	0	0	0	0	NaN	NaN	NaN	NaN	0	160	0	0	0	0	300	150	0	18000	0	15	18000	18000	18000	18000	93	NaN	0.07807450953973984	0.47068902436073645	0.07057354209899525	0.017796010067171138	0.6066876021180099	0.16554281480394442	1.1335853373731415e-7	NaN	0.006381198722197429	-0.011990691168137961	0.012224565265415937	0.0000017693953424700434	NaN	16.81982688982226	590.9972224646431	92.52506867196824	92.62459099875556	92.42554779561361	0.19904131973369227	0.0002807465423959204	36.408649902014325	075
DATA	2026-09-29T003000_AIU-1657.ghg	2026-09-29	01:00:00	272.041	0	18000	18000	0.046936687741254604	1	NaN	15.410711537055636	0	NaN	89.70426304438146	0	NaN	0.27972475995901225	1	NaN	2.041061592525586	0	NaN	NaN	NaN	NaN	NaN	NaN	NaN	NaN	NaN	NaN	NaN	NaN	NaN	1.3179890474259523e-10	4.589877162971498e-12	NaN	NaN	16.817793997765207	424.37111628498366	430.73682974751785	0	0	585.67716289189	14.778660710916117	15.00034573102132	0.1	1	NaN	NaN	NaN	NaN	0	NaN	NaN	NaN	NaN	9	300.3710732498169	298.9679485035688	96918.15883902482	1.1231180961228109	1013.7379354602393	0.025766947421554064	0.13226079119565795	0.010335390770847799	1425.9806034603357	3314.454546154982	0.009202407838078002	43.02308520461025	1888.4739426946462	285.4125502552605	-1.0082737153323131	-0.4992669491220312	0.7684775285414258	1.3625127828350698	-3.708503017465887e-14	7.836872348425069e-15	1.3625127828350698	2.4355119929800293	314.65676472033897	206.3432352796611	34.33391303392041	NaN	0.20442947201296402	0.15792303190932241	-47.33897454709676	-0.04231397108121024	0.17179463956390945	0.06621068191230164	0	16.21714571477036	-2.4610144283649933	5.566821337796129	13.862172242855422	21.140687320867436	29.650114559945475	44.42127456907175	0.04637170405401872	1.0121838025744694	20.374566892541456	1.0219399682242727	81.65355059524619	1.098595987442633	0.2546202272321872	1.098595987442633	1.857881892757384	1.098595987442633	NaN	1	NaN	NaN	800000009	800000019	800000009	800000019	800000019	800000019	899999999	899999999	89999	89999	89	89	34	5	3	11	3	1	3	NaN	0	0	0	0	0	0	0	0	0	NaN	NaN	NaN	NaN	0	1909	0	0	0	0	300	0	0	18000	0	15	18000	18000	18000	18000	93	NaN	0.14872077701489866	0.11110987501510404	0.05601541178864209	0.018967511604453872	0.1484354149175637	0.14326508128435564	NaN	NaN	0.01789522907337272	0.006658757943719631	0.048586814749049204	NaN	NaN	16.819060567710338	585.7153374908092	92.52748253907097	92.62230353503757	92.43265786467659	0.18964090164295516	0.00028068019014123506	31.360658670875832	159
DATA	2026-09-29T010000_AIU-1657.ghg	2026-09-29	01:30:00	272.062	0	18000	18000	0.03442060507608553	1	NaN	7.919609577355358	0	NaN	55.58564574544947	0	NaN	-0.12644634402095276	2	NaN	1.264546213375808	0	NaN	NaN	NaN	NaN	NaN	NaN	NaN	NaN	NaN	NaN	NaN	NaN	NaN	-1.9395626061412878e-10	-6.838812936278912e-12	NaN	NaN	16.9963933454658	428.69419002316266	435.2735984306735	0.1	1	599.2853971973781	15.115569681303967	15.347556744716497	0.1	1	NaN	NaN	NaN	NaN	0	NaN	NaN	NaN	NaN	9	300.2340802374946	298.7997481939146	96989.10051611155	1.124431333603383	1013.9194598290646	0.02573635727944376	0.08194259462675237	0.010583571224417963	1459.3992004122354	3281.5238717693182	0.009412376645981187	44.47321602525361	1822.124671357083	285.76526818152155	-0.734263051894549	0.13885631827487144	0.529911615839419	0.916094769717577	-1.9869918583949164e-14	-1.1411612844666912e-14	0.916094769717577	1.9602514218750315	351.70872992283705	169.29127007716298	35.34133661176997	NaN	0.17496161571567975	0.13421221652760557	-57.78106893591968	-0.03466706374403486	0.14247580416035194	0.03970311611811637	1	6.235697834573795	3	5	10	16	29	88	0.03395275265139685	1.0137795138288863	11.039555173085246	1.0215604939009377	50.81511011409562	1.0938802576761621	-0.11559431951864203	1.0938802576761621	1.1560188644982117	1.0938802576761621	NaN	1	NaN	NaN	800000009	800000019	800000009	800000019	800000009	800000019	899999999	899999999	89999	89999	89	89	14	0	0	20	9	0	1	NaN	0	0	0	0	0	0	0	0	0	NaN	NaN	NaN	NaN	0	11304	0	0	0	0	300	0	0	18000	0	15	18000	18000	18000	18000	93	NaN	0.040547596167995345	0.1854348365682811	0.042442000318934685	0.015149752735911261	3.324487694445497	0.1627846248705657	NaN	NaN	0.009683116939010887	-0.003020425175166715	0.030206228955177442	NaN	NaN	16.997680496789336	599.3257480131522	92.50875655492146	92.60165609063043	92.4158557196723	0.18579630416797288	0.00028009699035060797	16.051984078937153	025
DATA	2026-09-29T013000_AIU-1657.ghg	2026-09-29	02:00:00	272.083	0	18000	18000	0.03313813898690853	1	NaN	7.827905866999349	0	NaN	34.52714385534158	0	NaN	1.1976227152646488	0	NaN	0.780389939627014	0	NaN	0.04186744143314707	0	NaN	NaN	NaN	NaN	NaN	NaN	NaN	NaN	NaN	NaN	1.4351298762523623e-10	5.01883506240202e-12	7.354608435639993e-13	NaN	17.038096675097506	429.4054932819146	435.9521280972519	0.1	1	595.8443093169764	15.016866287384984	15.245810586403806	0.1	1	0.08731511454639022	2.1003774881538946	2.1323994454982356	0.5	0	NaN	NaN	NaN	NaN	9	300.0616762246026	292.0922372615594	97405.68928367682	1.1551776977498303	1013.7428100040917	0.024931345165272224	0.0505692680878305	0.01085396449093729	1463.120572962055	2182.8392930639047	0.009395926282233217	67.02832304747322	719.7187201018498	285.80410465718955	-0.8766513024165008	-0.18305056450221202	0.5970217114703357	1.0763177686725016	2.376724669918815e-14	8.423064521930523e-15	1.0763177686725016	2.27149342558017	329.2057261392333	191.79427386076674	33.689301964488166	NaN	0.16937123712483154	0.1509642291996224	-53.18412294953581	-0.03766349596289587	0.2267174458390169	0.03946656710786957	1	8.527020058774568	4	7	13	22	39	116	0.03271410247511613	1.0129618873730357	9.701545744861244	1.0214983048541784	31.524798421912468	1.0952375775174576	1.0934821264800505	1.0952375775174576	0.7125302816909374	1.0952375775174576	0.029296475192871034	1.3061296810751517	NaN	NaN	800000009	800000009	800000009	800000019	800001019	800001019	899999999	899999999	89999	89999	89	89	16	4	1	12	4	0	1	NaN	0	0	0	0	0	0	0	0	0	NaN	NaN	NaN	NaN	0	226	0	0	0	0	300	150	0	18000	0	15	18000	18000	18000	18000	93	NaN	0.06745692245243343	0.18486043686290504	0.049611099083906325	0.013630313339341062	1.0766478626074998	0.11767324765881192	5.192608326934579e-7	NaN	0.008284462819025796	0.027677724504420693	0.018035243887508417	0.000029296475192871033	NaN	17.03938263391757	595.885149686322	92.51284091949464	92.59746807734172	92.42821425162421	0.16925415483034353	0.0002801665272515189	38.115770537033875	103
DATA	2026-09-29T020000_AIU-1657.ghg	2026-09-29	02:30:00	272.104	0	18000	18000	0.31838393846940777	1	NaN	26.502920966005476	1	NaN	145.64841542175992	1	NaN	-2.4972162896249586	1	NaN	3.2915812979276544	1	NaN	0.044550998196495134	1	NaN	NaN	NaN	NaN	NaN	NaN	NaN	NaN	NaN	NaN	-5.657666598797813e-10	-1.941924950304883e-11	-2.895231520048459e-12	NaN	17.032355415180433	428.9697820724862	435.38026173570427	0	0	584.6147942020394	14.723863772927473	14.943895656815265	0.1	1	0.08716068965459503	2.0952131472095554	2.1265237938602426	1.4	0	NaN	NaN	NaN	NaN	9	299.9163391655816	291.9677456354691	97413.81886211158	1.1558954874354943	1013.5758279945591	0.024918639527409164	0.21329446810571198	0.010647612982335339	1434.6925364099225	2165.932615778905	0.009211570680977797	66.23901990108696	731.2400793689826	285.5051958733372	-0.32528709781202264	-1.3845784034044717	0.4200173810532415	1.48299819675	-8.114090793880725e-14	-3.3217170854450954e-14	1.48299819675	4.433777645083928	264.22106772964685	256.77893227035315	16.452584779519903	NaN	0.5248271471745616	0.4932168308512065	-467.3760728270672	-0.0042858419941860446	0.1819650484302209	0.04310251752671625	0	21.84109182090576	-3.31446994729398	7.4973400453967844	18.66943678736648	28.472069071413788	39.93248170757489	59.82613424883446	0.31460034471895476	1.0120266675290297	34.445157296378945	1.0222700316213003	132.37645292001204	1.1002592395323314	-2.269661730526715	1.1002592395323314	2.9916415874196622	1.1002592395323314	0.020552845870512988	1.3051683650614454	NaN	NaN	800000009	800000009	800000009	800000019	800000019	800001019	899999999	899999999	89999	89999	89	89	35	6	0	31	22	4	3	NaN	0	0	0	0	0	0	0	0	0	NaN	NaN	NaN	NaN	0	0	0	0	0	0	300	0	0	18000	0	15	18000	18000	18000	18000	93	NaN	0.40302445428467215	0.4080198296766277	0.17538937774111307	0.013515240668613645	1.114918613746959	0.08820311761207963	1.2625291587763773e-7	NaN	0.029400408129277758	-0.057402292762578085	0.07566197373470056	0.00002055284587051299	NaN	17.033557858149212	584.6521995277823	92.53582022264268	92.61320199945239	92.45844001960754	0.15475979488591454	0.00028008498599875665	37.35193867217166	233
DATA	2026-09-29T023000_AIU-1657.ghg	2026-09-29	03:00:00	272.124	0	18000	18000	0.1987621212801586	1	NaN	16.20414688097256	1	NaN	102.98650912381484	1	NaN	2.3802607059275425	2	NaN	2.3271850574718833	1	NaN	0.08829488855252766	1	NaN	NaN	NaN	NaN	NaN	NaN	NaN	NaN	NaN	NaN	9.524567370943312e-10	3.256038895809603e-11	4.886465771202956e-12	NaN	17.08026869239682	429.94054599691594	436.35399560670317	0.1	1	583.9007384522818	14.697813413785846	14.91706160189241	0.1	1	0.0876282828162519	2.1053318907262164	2.136737256232608	-0.2	0	NaN	NaN	NaN	NaN	9	299.84790743170845	291.85265447067	97416.49529352048	1.156394536357204	1013.558732956207	0.024908132467279832	0.15080159172417804	0.010633258137771794	1432.1935389828245	2150.4047018092683	0.009195181924041224	66.6011164213802	718.2111628264438	285.47867143958615	-0.14458681644408927	-1.726657786346991	0.4276122725242013	1.7846861668806835	2.5069621948757577e-14	5.5763568726428265e-14	1.7846861668806835	4.320087382430358	255.7866649538505	265.21333504614944	13.862981757394506	NaN	0.41458520148559563	0.40976757139964143	-376.8183609074999	-0.005315823770306443	0.15734242299145446	0.033347050263433244	0	19.665265263442155	-2.9842798728062956	6.750449197866195	16.80957297158607	25.63565940199319	35.95437681624314	53.866208215997574	0.19642145761806393	1.0119165374826107	21.819753387524518	1.0233478712124653	93.21204971502412	1.1048626163535082	2.154349935183219	1.1048626163535082	2.106311701587417	1.1048626163535082	0.06024649686198098	1.3054845038755378	NaN	NaN	800000009	800000009	800000009	800000019	800000019	800011119	899999999	899999999	89999	89999	89	89	15	7	0	37	14	5	4	NaN	0	0	0	0	0	0	0	0	0	NaN	NaN	NaN	NaN	0	0	0	0	0	0	300	0	0	18000	0	15	18000	18000	18000	18000	93	NaN	0.4779726315546277	0.199285531945028	0.14227697929962715	0.010420150170088004	0.7302349950865278	0.06414732014781076	2.589231873851543e-7	NaN	0.018616365061632934	0.05446151344558121	0.05324711699951022	0.00006024649686198098	NaN	17.081460699756136	583.9400577864128	92.53941130489773	92.61069050047132	92.46813898150126	0.142554748278939	0.00027953167325500135	36.97684738583039	106
DATA	2026-09-29T030000_AIU-1657.ghg	2026-09-29	03:30:00	272.145	0	18000	18000	0.06336321072193216	0	NaN	6.61634680004129	1	NaN	55.345099843715275	1	NaN	5.022768363901461	2	NaN	1.2509254100409652	1	NaN	0.020443089341541584	1	NaN	NaN	NaN	NaN	NaN	NaN	NaN	NaN	NaN	NaN	3.4311942028836674e-10	1.1746881000690937e-11	1.7375507716166314e-12	NaN	17.207381182295794	433.02362605929443	439.53971470874654	0.1	1	589.1041052473194	14.824800652586912	15.04788251105688	0.1	1	0.08713787877605964	2.0959656724067917	2.1275055175923776	0	0	NaN	NaN	NaN	NaN	9	299.739924853007	292.0951745381328	97409.63573887711	1.1552972609816727	1013.6351742250224	0.02493058579563918	0.08105996657065455	0.010715468722902298	1444.465790222374	2183.2395835668335	0.009275074982690784	66.16157938390346	738.7737933444596	285.6085406536479	-0.016582015794295555	-1.3695171975826448	0.18230801685336043	1.3816976987502427	-3.02724021464217e-14	1.994024637760643e-14	1.3816976987502427	3.5861425947003203	251.69369928231959	269.3063007176804	7.581997315834075	NaN	0.23419181689925325	0.3505016506750247	-166.34267169084322	-0.012042009303078098	0.11954711110332582	0.024125211461798312	0	15.583487849745962	-2.3648544026798515	5.349307097872429	13.320531030369551	20.3146502963195	28.491585887870215	42.685587506738464	0.06260237474527994	1.0121534682949003	9.69853152465113	1.0219877683335217	50.36631093040219	1.0988515700542953	4.570925228466735	1.0988515700542953	1.1383934319529214	1.0988515700542953	0.011498012515533309	1.3052303014814466	NaN	NaN	800000009	800000009	800000009	800000019	800011019	800011119	899999999	899999999	89999	89999	89	89	8	0	1	36	18	0	8	NaN	0	0	0	0	0	0	0	0	0	NaN	NaN	NaN	NaN	0	0	0	0	0	0	300	150	17996	18000	0	15	18000	18000	18000	18000	93	NaN	0.5007860454602812	0.11900186637957429	0.08121538951019389	0.024634663827567942	21.26395282023102	0.09578800524333732	2.0641257465245397e-7	NaN	0.00828191112088595	0.11567110461820461	0.02880800257769118	0.000011498012515533309	NaN	17.208643294829855	589.1453698552116	92.52952903662788	92.59873061180114	92.46032493209839	0.1384086669174333	0.00027975453223916713	35.05775534195369	117
DATA	2026-09-29T033000_AIU-1657.ghg	2026-09-29	04:00:00	272.166	0	18000	18000	0.0614859515687331	0	NaN	6.616595060943145	0	NaN	88.57321322806986	1	NaN	11.626825101900305	2	NaN	2.0016144340513864	1	NaN	0.04295920008073902	0	NaN	NaN	NaN	NaN	NaN	NaN	NaN	NaN	NaN	NaN	4.4858065736692955e-11	1.5319838033187884e-12	2.274238955076794e-13	NaN	17.237018453727053	433.57242825831526	440.08894852475595	0.1	1	588.6752505919281	14.80727995621116	15.02983086959171	0.1	1	0.08738918674502265	2.100348204388787	2.1319160826680013	0.2	0	NaN	NaN	NaN	NaN	9	299.63626394822865	291.91812690949223	97383.5276981815	1.155695811393503	1013.6214637728583	0.024922154336485793	0.12970461532652983	0.010706425527269563	1442.3719550043163	2159.2261375502458	0.00926405151054418	66.80041195873825	716.8541825459295	285.586451822739	-0.05479418930163138	-1.5995478337689357	0.304380842340929	1.6291726037717116	-3.239140754281218e-14	2.6024260435245736e-15	1.6291726037717116	3.707988266221895	252.96195984413578	268.0380401558642	10.767934505674733	NaN	0.23065675597884186	0.23444560449260266	-158.88564673374376	-0.012607180328609168	0.07470198742712283	0.02448775881476325	0	13.51587443509334	-2.05108609010271	4.639562320496559	11.553166181483197	17.61930738774645	24.71132913440869	37.022074037082206	0.06076108330623288	1.0119298113703292	11.592059555130167	1.022753266508397	80.34419561676381	1.1024220548620325	10.546618738823577	1.1024220548620325	1.8156516601093278	1.1024220548620325	0.02757010580888513	1.305238316071741	NaN	NaN	800000009	800000009	800000009	800000019	800001019	800011119	899999999	899999999	89999	89999	89	89	20	1	0	46	28	2	9	NaN	0	0	0	0	0	0	0	0	0	NaN	NaN	NaN	NaN	0	0	0	0	0	0	300	0	18000	18000	0	15	18000	18000	18000	18000	93	NaN	0.23990414285314243	0.11653212185450638	0.11245494427755647	0.011604058966731891	16.220759385415416	0.08528504650095554	1.7548092849528228e-7	NaN	0.00989558027251761	0.266796043327965	0.045930235175359456	0.00002757010580888513	NaN	17.238282046627234	588.716164030734	92.52750521299575	92.58895502217611	92.46605240927802	0.12290520370668855	0.0002797743440573361	36.98090790341971	170
DATA	2026-09-29T040000_AIU-1657.ghg	2026-09-29	04:30:00	272.187	0	18000	18000	0.023830209353385947	1	NaN	-21.606151092856006	2	NaN	101.86766218395483	1	NaN	35.81351321398826	1	NaN	2.301340797241135	1	NaN	0.01362306877110775	0	NaN	NaN	NaN	NaN	NaN	NaN	NaN	NaN	NaN	NaN	-5.9253244348438126e-12	-2.0331208724498042e-13	-2.952684429364672e-14	NaN	17.523294754439565	440.28436439683674	447.0378601754115	0.1	0	601.2662548878701	15.10721211828631	15.338940749864335	0.1	1	0.08732139504183148	2.095975158440338	2.1281251972088415	0	0	NaN	NaN	NaN	NaN	9	299.4103042085436	291.59974778859635	97378.3973463983	1.1567647448482457	1013.7828977431864	0.02489628469125816	0.14912688366122553	0.010934642273410821	1471.5107157727828	2116.625034281445	0.009452779678935774	69.52155870500386	645.1143185086623	285.89134688538434	0.06968067174045477	-0.7203730521070523	0.1817450088290823	0.7462063913225098	6.693491360627771e-15	-3.3813985999080556e-16	0.7462063913225098	2.868702518644221	245.4750483388707	275.52495166112925	14.09666943085169	NaN	0.14352957763931762	0.33310165107213996	11.723864385458665	0.1708566334564978	-0.21210019577988498	-0.12836481446640405	1	4.811019804533585	2	4	9	17	37	162	0.023463469281867887	1.015630257704536	-15.464800875410148	1.030985532355902	88.32926904047065	1.1532718802108637	31.053833730377725	1.1532718802108637	1.9954885198626007	1.1532718802108637	0.009006040135275959	1.5837536353753123	NaN	NaN	800000009	800000009	800000009	800000019	800000019	800000019	899999999	899999999	89999	89999	89	89	5	0	1	15	6	0	3	NaN	0	0	0	0	0	0	0	0	0	NaN	NaN	NaN	NaN	0	0	0	0	0	0	300	0	18000	18000	0	15	18000	18000	18000	18000	93	NaN	0.4614259499464588	0.13696424273672336	0.06781310946109775	0.10165737328093608	69.84796655594805	0.1798893403140117	1.63901284984533e-7	NaN	-0.013187252684304887	0.7849872350188644	0.050442500250347536	0.000009006040135275959	NaN	17.524604002378624	601.3087479164166	92.49999507013956	92.55085258526273	92.44913858837552	0.10171366406583854	0.0002795511406697592	38.23248570389218	146
DATA	2026-09-29T043000_AIU-1657.ghg	2026-09-29	05:00:00	272.208	0	18000	18000	0.0767199135634214	1	NaN	14.228141941816414	1	NaN	58.125936841987844	1	NaN	9.367684105067353	2	NaN	1.3124005100821787	1	NaN	0.055121211348273455	1	NaN	NaN	NaN	NaN	NaN	NaN	NaN	NaN	NaN	NaN	-7.84411947966971e-10	-2.6820312904713492e-11	-3.822530072281969e-12	NaN	17.912672034721403	449.34312998525013	456.35445403756063	-0.1	0	612.4632218770946	15.363768207537817	15.60349671428314	0.1	1	0.0872905208865201	2.08985357450068	2.1224625978837346	0.6	0	NaN	NaN	NaN	NaN	9	299.05086438412144	291.0073064961406	97380.80607035664	1.159035295700912	1013.9146430992798	0.024845088512215598	0.08504355305332517	0.011143253029962242	1496.5374550077452	2039.3088998068172	0.009614248221166983	73.38453998555646	542.771444799072	286.1490048448056	-0.14572623716216987	-1.1338351160322069	0.43583835157598044	1.2234268573354605	6.513024006946809e-15	-4.379089543126172e-14	1.2234268573354605	3.0044712401411804	258.3237936635636	262.6762063364364	20.86969923514984	NaN	0.2572798190615013	0.3664874886199198	-102.54504484134819	-0.01953385464016405	0.244781292394389	0.0470591859884166	0	18.605216448270017	-2.8234133754094204	6.386568742748183	15.903459188050949	24.253778709757732	34.016269496879175	50.96257028219687	0.07577443733222065	1.0124775090978961	17.345832036926677	1.021655062626058	52.99395392152819	1.0968409137400645	8.540604191290551	1.0968409137400645	1.1965276765680521	1.0968409137400645	0.03695250791179883	1.3055389197512381	NaN	NaN	800000009	800000009	800000009	800000019	800000019	800000019	899999999	899999999	89999	89999	89	89	27	1	0	1	8	0	6	NaN	0	0	0	0	0	0	0	0	0	NaN	NaN	NaN	NaN	0	0	0	0	0	0	300	150	17000	18000	0	25	18000	18000	18000	18000	93	NaN	0.5787266029611314	0.09131497467412954	0.06293339960457871	0.16354252467001562	98.08813536380634	0.19873904167825818	3.322704020705367e-7	NaN	0.014760364417736684	0.21550390728764532	0.030191820590535885	0.000036952507911798836	NaN	17.914031010520763	612.5054722617516	92.45586174011231	92.48834457948472	92.42338109461465	0.06496470956333279	0.00027926618634309207	36.74658469941882	182
DATA	2026-09-29T050000_AIU-1657.ghg	2026-09-29	05:30:00	272.229	0	18000	18000	0.028029181991654457	0	NaN	-7.209944144014242	2	NaN	39.97105048551626	0	NaN	11.738408260915678	0	NaN	0.9017354572453894	0	NaN	0.03134205523640787	1	NaN	NaN	NaN	NaN	NaN	NaN	NaN	NaN	NaN	NaN	3.145883889065192e-10	1.0710804519622332e-11	1.51673582060593e-12	NaN	18.14565707640316	453.68277225669596	460.8005542941621	0	0	617.805973389593	15.446557021549085	15.688896455250285	0.1	1	0.08748628063444018	2.086418518474581	2.1191521225732455	0.5	0	NaN	NaN	NaN	NaN	9	298.5630101589627	290.14051872468946	97382.00028381003	1.1624755366905979	1013.9436762583408	0.024770781721949353	0.05843245762950123	0.011236906667778998	1504.6201104413226	1930.6499100145713	0.00966635968939946	77.93334786574366	426.02979957324874	286.23140878555733	-0.19837759355791787	-1.3257410888778678	0.45468426047951915	1.4155143521323708	1.6934812057297263e-14	1.7336841955181324e-14	1.4155143521323708	2.5637923116635895	259.5103255122698	261.4896744877302	18.736411067974498	NaN	0.15527920560077973	0.1801292029837672	44.489371258992215	0.04502423710011708	-0.18037915082133774	-0.03939317146526059	1	12.713411152079763	6	11	23	41	86	333	0.02769683004981963	1.0119996382704088	-4.826012462671428	1.025067833894059	35.55249558057257	1.1242825526812859	10.440799097096109	1.1242825526812859	0.8020541234006104	1.1242825526812859	0.022512522991619727	1.429294599632625	NaN	NaN	800000009	800000009	800000009	800000019	800000019	800000119	899999999	899999999	89999	89999	89	89	10	1	0	1	0	0	5	NaN	0	0	0	0	0	0	0	0	0	NaN	NaN	NaN	NaN	0	0	0	0	0	0	300	0	18000	18000	0	25	18000	18000	18000	18000	93	NaN	0.241277653941756	0.06812628875996168	0.050854463265816705	0.10820875157660448	27.934925954237638	0.03811713739654881	1.7754605686794038e-7	NaN	-0.004094404876830912	0.2626854293037107	0.020179291811955196	0.00002251252299161973	NaN	18.147090571615436	617.8526326617214	92.38284915394254	92.37165708584254	92.39404069222346	-0.02238461349802872	0.0002778274772410643	34.618824402809125	190
DATA	2026-09-29T053000_AIU-1657.ghg	2026-09-29	06:00:00	272.249	0	18000	18000	0.09236795132266364	1	NaN	18.15069456506499	1	NaN	42.727852411849064	1	NaN	2.81725566131667	0	NaN	0.9631643433002552	1	NaN	0.027934325000098972	1	NaN	NaN	NaN	NaN	NaN	NaN	NaN	NaN	NaN	NaN	3.1576417853064886e-11	1.062966873086659e-12	1.5147620503932664e-13	NaN	18.2765135087069	455.7729192065795	462.8747260267469	0	0	615.2480153283312	15.34282694829402	15.581897302126638	0.1	1	0.08767482494472363	2.0830373367529145	2.115495010610694	0	0	NaN	NaN	NaN	NaN	9	297.8513040568033	289.31746338063044	97398.67062853108	1.166028134341633	1013.8691854556203	0.024696285637413516	0.06241304944585654	0.011195114536841081	1494.771797635144	1832.2060644233902	0.009601067253117445	81.58317051011184	337.4342667882463	286.13095160842715	-0.49761015667546216	-1.5984392727118992	0.6763858415332908	1.8055807329501967	1.0751621517644821e-14	1.7277046761693325e-15	1.8055807329501967	3.1052376199967466	268.2918885159346	252.7081114840654	22.000116159605387	NaN	0.2814531677251726	0.1902568168587601	-105.24748956849312	-0.01903228293817326	0.42479772655345377	0.05455017580773215	0	18.1922712434095	-2.7607473474190405	6.2448180168072795	15.550479837842357	23.71546292903088	33.261273960276036	49.8314493901657	0.09127982322080289	1.0119207954558436	20.252875379620242	1.0234331336019549	38.660588653059136	1.1052043929100415	2.549081128693977	1.1052043929100415	0.8714807410095522	1.1052043929100415	0.015202830961046286	1.3055316944886712	NaN	NaN	800000009	800000009	800000009	800000019	800000019	800000019	899999999	899999999	89999	89999	89	89	5	6	0	21	15	1	13	NaN	0	0	0	0	0	0	0	0	0	NaN	NaN	NaN	NaN	0	0	0	0	0	0	300	0	18000	18000	0	15	18000	18000	18000	18000	93	NaN	0.11815267404268527	0.18269889802270237	0.0796620616521326	0.08668533694141033	15.570701470309263	0.044857746073483674	1.7862303464130618e-7	NaN	0.017131513677034693	0.06393402751112273	0.02185778751563906	0.000015202830961046286	NaN	18.27795251957575	615.291927917301	92.30445304234823	92.25720043775769	92.35170565838283	-0.09450670680900745	0.00027700618592563025	36.88934410566104	165
DATA	2026-09-29T060000_AIU-1657.ghg	2026-09-29	06:30:00	272.27	1	18000	18000	0.1418859349990548	1	NaN	-20.82568709146437	2	NaN	64.13334861615141	1	NaN	31.667645989445823	1	NaN	1.4456022682259508	1	NaN	0.058243432322793894	1	NaN	NaN	NaN	NaN	NaN	NaN	NaN	NaN	NaN	NaN	6.944534048287025e-10	2.3473122874513248e-11	3.3592672595899662e-12	NaN	18.22513157762744	453.7547847799462	460.82255969453894	0.2	0	616.0251356696048	15.337302321478624	15.57619919759166	0.1	1	0.08816010892126694	2.093996644961996	2.126613153823013	-1.1	0	NaN	NaN	NaN	NaN	9	297.86773186832	289.2590371962726	97408.77321018715	1.166387075711094	1013.8649674244962	0.024688737533533605	0.0936750269810416	0.011194504870614644	1494.3885499021133	1825.3883226925614	0.00959758994567893	81.86688450476099	330.9997727904481	286.1270305554827	-0.15256611219472754	-1.2787283222943577	0.3603254205951162	1.337257248832438	-5.5727374902598605e-14	3.810416412472929e-14	1.337257248832438	3.662095493195791	257.8038431299303	263.1961568700697	15.631606007287324	NaN	0.3487773903561888	0.3359555264903832	174.56753182419345	0.011474642386634171	-0.32472477331738153	-0.05049265406161844	0	16.49786657912732	-2.5036149025591876	5.663183726415698	14.102128215522992	21.50663531949761	30.163361831317648	45.1902125074853	0.1403400601047394	1.0110152075833634	-16.84091302257882	1.0225913745664192	57.658997807963374	1.1122869119187822	28.470753049513682	1.1122869119187822	1.2996667071557766	1.1122869119187822	0.04533085490819545	1.3918978277637057	NaN	NaN	800000009	800000009	800000009	800000019	800000019	800000019	899999999	899999999	89999	89999	89	89	18	10	3	14	0	0	0	NaN	0	0	0	0	0	0	0	0	0	NaN	NaN	NaN	NaN	0	0	0	0	0	0	300	150	18000	18000	0	25	18000	18000	18000	18000	93	NaN	0.3393588092446775	0.17635126656188863	0.15620097717420028	0.09050646182275442	14.33330362340369	0.045992296211636384	2.7088252079295565e-7	NaN	-0.014241076428844	0.7138585506915496	0.03258706189958432	0.00004533085490819545	NaN	18.226590634452077	616.0705426899251	92.19544316270617	92.11239493857491	92.27849227015176	-0.1660969379237945	0.000276478885506448	38.090971499337094	237
DATA	2026-09-29T063000_AIU-1657.ghg	2026-09-29	07:00:00	272.291	1	18000	18000	0.03262289383060314	0	NaN	20.559413667315233	0	NaN	25.508442429177098	0	NaN	0.9260014754860467	2	NaN	0.5745568958147104	0	NaN	0.023648182623691585	1	NaN	NaN	NaN	NaN	NaN	NaN	NaN	NaN	NaN	NaN	-1.947555674065396e-10	-6.437240856852985e-12	-9.335416430310815e-13	NaN	18.409905409289188	457.2584821419164	464.2754152264067	0	0	608.501193827724	15.113729597481523	15.345659749429354	0.1	1	0.08824606953576378	2.0886624951807353	2.1207143991631727	0.1	0	NaN	NaN	NaN	NaN	9	297.24673793792726	288.5033826804295	97432.89059675141	1.169831109718625	1013.7247030152286	0.02461814597631434	0.03723128684879323	0.011062953817685767	1472.9693648645286	1739.1953934621906	0.009456881190607674	84.69257510694703	266.226028597662	285.90646951260186	-0.3048216093445218	-1.5433859756830668	0.4942372205323923	1.649007857354876	1.914417782976232e-14	-1.0578846717391101e-14	1.649007857354876	2.900030012586215	262.1722391233244	258.8277608766756	17.44066210160138	NaN	0.16699353497640032	0.19492932040739497	-19.411526683788075	-0.10319126530490406	0.8059846744620887	0.10381685551591215	1	16.18095297844536	7	13	23	37	63	165	0.03223849683118074	1.011923539780261	21.647898732278186	1.0228248214150781	23.132152274101184	1.102726721098772	0.8397379493655203	1.102726721098772	0.5210328949335825	1.102726721098772	0.012088208403992013	1.3052623469992346	NaN	NaN	800000009	800000009	800000009	800000019	800000019	800000019	899999999	899999999	89999	89999	89	89	12	8	0	14	1	0	7	NaN	0	0	0	0	0	0	0	0	0	NaN	NaN	NaN	NaN	0	0	0	0	0	0	300	0	18000	18000	0	15	18000	18000	18000	18000	93	NaN	0.17747860672507484	0.12071808031829202	0.09166195377142305	0.10084600744029817	6.36943860779092	0.012669086494342875	9.285580222532774e-8	NaN	0.018254609682982703	0.020990115444361707	0.01302375416429517	0.000012088208403992013	NaN	18.411364468304775	608.5466655869175	92.10944882032607	91.9911393538581	92.22775834274293	-0.23661959574620034	0.0002760216081191579	36.76885314877829	069
DATA	2026-09-29T070000_AIU-1657.ghg	2026-09-29	07:30:00	272.312	1	18000	18000	0.01843042880706277	0	NaN	6.036255863601757	2	NaN	12.072928921635016	0	NaN	12.986249153781479	1	NaN	0.2717798154896078	0	NaN	0.018376632446931534	0	NaN	NaN	NaN	NaN	NaN	NaN	NaN	NaN	NaN	NaN	4.3450828525661313e-11	1.4071936085435895e-12	2.0842403205723991e-13	NaN	18.44335985007319	457.047140178523	463.91393716242976	0.1	0	597.3045620008104	14.801876886709032	15.02426419564638	0.1	1	0.08846872557020731	2.0880820897957815	2.1194539867750706	0.1	0	NaN	NaN	NaN	NaN	9	296.78146486663826	287.9178595524314	97463.0618723951	1.1727121870910286	1013.538186974087	0.024560577498098354	0.017611332043726582	0.01086007957627457	1443.0232147374782	1674.8856730184348	0.009260652098460357	86.15652029173428	231.86245828095662	285.59332528239827	-0.45721686825581215	-1.6613188645276986	0.6624539451855312	1.8460424869826118	-1.6372336055650823e-14	2.355906346721792e-15	1.8460424869826118	3.2456311484188585	266.3876068395489	254.61239316045118	21.029640537185166	NaN	0.12536375749219203	0.16439161218144682	-27.9761148786344	-0.0716003636920216	0.49998272190475856	0.04051017179825408	1	28.135710464657546	12	23	41	65	114	306	0.018213102032946883	1.0119324414766222	6.607669610575841	1.0236016295214099	10.917184742467995	1.105864671747393	11.74307262502718	1.105864671747393	0.24576227311807017	1.105864671747393	0.012414241379563533	1.305626007431108	NaN	NaN	800000009	800000009	800000009	800000019	800000019	800000019	899999999	899999999	89999	89999	89	89	11	8	0	5	0	0	7	NaN	0	0	0	0	0	0	0	0	0	NaN	NaN	NaN	NaN	0	5	0	0	0	0	300	0	18000	18000	0	25	18000	18000	18000	18000	93	NaN	0.16791712280585497	0.09693339790256579	0.06393270365447293	0.11105598618128429	13.574972206826141	0.03514748328093471	1.5056794975072395e-7	NaN	0.005559257172599923	0.29275107296582564	0.006126775457089435	0.000012414241379563534	NaN	18.444796216892566	597.3461701919633	92.036820122189	91.88454734081692	92.18909060584174	-0.30454185653560684	0.0002755612304624972	36.411874926990905	103
DATA	2026-09-29T073000_AIU-1657.ghg	2026-09-29	08:00:00	272.333	1	18000	18000	0.01295746425247754	2	NaN	10.134601298454964	2	NaN	13.959087065210795	2	NaN	9.336284739349896	2	NaN	0.314240982849976	2	NaN	0.005970852200644638	2	NaN	NaN	NaN	NaN	NaN	NaN	NaN	NaN	NaN	NaN	4.547861344544066e-11	1.4685888875819412e-12	2.1907035130516766e-13	NaN	18.364633757490033	454.71293990233295	461.4892286614311	0	0	593.0281294331297	14.683525287801592	14.902344236241975	0.1	1	0.08846238845145385	2.087821192789741	2.118934622908415	-1	0	NaN	NaN	NaN	NaN	9	296.6114187342326	287.9208598353499	97494.25657132769	1.1731281024904137	1013.4716648499078	0.02455297484031577	0.020362815688678444	0.01077658132835648	1431.9433824303676	1675.209806216466	0.009186193140782374	85.47845034792829	243.26642378609836	285.4760140286719	-0.34223105543544174	-1.8239639779026788	0.42417761658991826	1.903652630709412	1.3088271578757345e-14	2.4764236546177873e-15	1.903652630709412	3.4611169053644737	261.6268716587724	259.3731283412275	12.874896496017152	NaN	0.10509626704424621	0.21645188691533673	-9.81939015350762	-0.2039943386183169	0.726021784312291	0.0811077451768148	1	33.40151459890957	15	27	45	69	114	274	0.01280436491576492	1.0119568083009038	10.73317250808315	1.0238487111143042	12.611939277183874	1.1068152770497421	8.435269130216666	1.1068152770497421	0.28391456945516436	1.1068152770497421	0.0013544657783455816	1.3057743623974996	NaN	NaN	800000009	800000009	800000009	800000019	800000019	800001019	899999999	899999999	89999	89999	89	89	12	9	0	49	29	0	13	NaN	0	0	0	0	0	0	0	0	0	NaN	NaN	NaN	NaN	0	0	0	0	0	0	300	150	18000	18000	0	15	18000	18000	18000	18000	93	NaN	0.17511789217762813	0.15318085564673173	0.1046050260063136	0.040172266032689585	5.014172266406617	0.008741785297688499	9.153799728140556e-8	NaN	0.009027574062732129	0.2101982296538896	0.0070748590176741575	0.0000013544657783455815	NaN	18.366039666758645	593.0732433675784	92.01226061121622	91.84850144195555	92.17601718648275	-0.32751555552747724	0.00027528264777275683	35.660926558600536	179
DATA	2026-09-29T080000_AIU-1657.ghg	2026-09-29	08:30:00	272.354	1	18000	18000	0.4088225425528111	1	NaN	-10.58152829558499	2	NaN	114.15387586632913	1	NaN	-9.387417948031356	2	NaN	2.570564939496031	1	NaN	0.05555382453170065	1	NaN	NaN	NaN	NaN	NaN	NaN	NaN	NaN	NaN	NaN	7.916057599700319e-10	2.6169958672082862e-11	3.818177811171041e-12	NaN	18.331633457221212	454.396120488146	461.32617745917935	-0.1	0	606.0315806512224	15.022032803778167	15.251135867068143	0.1	1	0.08841956393992445	2.0900596557305913	2.121935439510416	0.1	0	NaN	NaN	NaN	NaN	9	296.5769139370389	288.2372153658247	97531.2809708245	1.1721346605324021	1013.668249570392	0.02457062169898421	0.1665726080793428	0.011017101605262076	1465.5111045595797	1709.6976565341615	0.009399177395076718	85.71755941517823	244.1865519745818	285.82900657873137	-0.5656924158515335	-0.9460979623965791	0.5724663263494867	1.2421058564416712	-8.884243809213371e-14	4.31824999020042e-14	1.2421058564416712	3.7222308334872043	281.87611518116637	239.12388481883357	27.444144900391112	NaN	0.5905799017346314	0.6242891575211433	1669.4098435813626	0.0011998851017331828	-0.09269530460775288	-0.015079827803815322	0	20.981017012915235	-3.183950276991572	7.202104195794605	17.93425777745929	27.350874694297083	38.35999065177732	57.47025610186242	0.4045208376861579	1.010634074850776	-3.959283637354303	1.0213529904387535	103.19032388697238	1.1062459304940788	-8.48583275134733	1.1062459304940788	2.32368306959371	1.1062459304940788	0.03871215117985525	1.375676198340823	NaN	NaN	800000009	800000009	800000009	800000019	800000019	800000019	899999999	899999999	89999	89999	89	89	21	5	0	28	4	0	7	NaN	0	0	0	0	0	0	0	0	0	NaN	NaN	NaN	NaN	0	0	0	0	0	0	300	0	18000	18000	0	20	18000	18000	18000	18000	93	NaN	0.4081462926389398	0.5948777170689722	0.24555430533437483	0.11132831499366515	1.7863040896467048	0.03266759019638236	2.4374247154919335e-7	NaN	-0.0033322936312145572	-0.21168294749214053	0.05796532828567506	0.00003871215117985525	NaN	18.33313618030586	606.0718967012378	92.00392323727078	91.85695529513889	92.15089065975614	-0.29393373459082395	0.00027524956720299077	35.74899435732104	086
DATA	2026-09-29T083000_AIU-1657.ghg	2026-09-29	09:00:00	272.374	1	18000	18000	0.08338996255173127	1	NaN	0.9615582425915566	2	NaN	71.62418301848452	1	NaN	10.745741315385171	1	NaN	1.6138747591073042	1	NaN	0.058681562726096745	1	NaN	NaN	NaN	NaN	NaN	NaN	NaN	NaN	NaN	NaN	2.066771367105217e-10	6.8297410534253005e-12	1.0127676887217698e-12	NaN	17.932197636460202	446.78527072480654	453.4805596457218	0.1	1	592.5777196507554	14.764224790905976	14.985473693109249	0.1	1	0.08787208223915373	2.0829831658197047	2.1141976552542854	0	1	NaN	NaN	NaN	NaN	9	296.14788313886856	288.8888054024948	97561.23832560911	1.169964816110899	1013.5355342308666	0.024618604369291624	0.1045790843901533	0.010806921923749404	1440.8024298767434	1782.7010750489258	0.009236963176100359	80.82131379413686	341.89864517218234	285.56987567266845	-0.7362535244352881	0.45151307347196945	0.38272500758722794	0.9446754676565782	-5.114979454976137e-14	1.1525477295114151e-14	0.9446754676565782	2.087861461852905	12.519024290097832	148.48097570990214	23.89984673088646	NaN	0.2669749344889406	0.18288661124539787	-1697.4312441501806	-0.0011800772531454448	0.013425050060862838	0.0030373394107383192	0	19.20543756751358	-2.9144992459225296	6.592605229856868	16.416519173149045	25.036227559172225	35.11366513356396	52.606668917617654	0.08227061448025376	1.0136056850741788	5.034034389969079	1.0215273319535427	65.46476916869645	1.0940874599880712	9.821647453579562	1.0940874599880712	1.4750875209966305	1.0940874599880712	0.04250906165412568	1.306987996780984	NaN	NaN	800000009	800000009	800000009	800000019	800000019	800000019	899999999	899999999	89999	89999	89	89	16	0	0	36	15	0	1	NaN	0	0	0	0	0	0	0	0	0	NaN	NaN	NaN	NaN	0	0	0	0	0	0	300	0	18000	18000	0	15	18000	18000	18000	18000	93	NaN	0.0893692044099147	0.21380939512965855	0.06259462295122249	0.040697381517751416	7.887943628222859	0.07706317224736203	1.7748666285194642e-7	NaN	0.004245261010170125	0.24541965582808808	0.036858935675538	0.000042509061654125675	NaN	17.93365938645734	592.6316229502725	92.4786322686937	92.4698565233019	92.48740655793083	-0.01755012296022668	0.00027719343332541436	37.18704627217187	104
DATA	2026-09-29T090000_AIU-1657.ghg	2026-09-29	09:30:00	272.395	1	18000	18000	0.0601256115732004	1	NaN	14.515251598197064	1	NaN	40.85960240655317	1	NaN	-1.96163410095628	2	NaN	0.9216740242194321	1	NaN	0.06273355014808395	1	NaN	NaN	NaN	NaN	NaN	NaN	NaN	NaN	NaN	NaN	-1.6031612823169177e-10	-5.324624101088366e-12	-7.9956953517376e-13	NaN	17.537802310573213	438.9874836635181	445.48271666771717	0.2	0	582.487899957537	14.58021324100834	14.79594121908401	0.1	1	0.08746900636951804	2.0838786345244453	2.1147115803085743	-0.3	0	NaN	NaN	NaN	NaN	9	296.6502088360257	290.0201248686192	97571.86528689972	1.1656094767046565	1013.4545595307693	0.024712321641773904	0.0597244767694192	0.010631758962723725	1423.0002045863234	1915.9664460019333	0.009121201547521059	74.27062240863938	492.96624141560983	285.38074133953296	-0.5171165723883879	0.2829222775667476	0.24074344693611963	0.6367196964323502	1.859763101475502e-14	-9.14117546729559e-15	0.6367196964323502	1.760055633880705	9.683734413920092	151.31626558607994	22.216015570265036	NaN	0.22711886991428587	0.1618804451687547	-69.23423083112554	-0.028932220029798738	0.35524701032991624	0.054102084556079406	0	22.631735654028347	-3.4344531992937632	7.7687424881099325	19.345267244233774	29.50275316047597	41.37803079744018	61.99183019898515	0.059148779759630565	1.0165148261306403	16.600496174289074	1.0226635170010552	37.38028436632955	1.0930789612547096	-1.7945950571627365	1.0930789612547096	0.8431907088957897	1.0930789612547096	0.043681796174888064	1.3110754164473688	NaN	NaN	800000009	800000009	800000009	800000019	800000019	800000019	899999999	899999999	89999	89999	89	89	5	0	0	44	28	4	1	NaN	0	0	0	0	0	0	0	0	0	NaN	NaN	NaN	NaN	0	0	0	0	0	0	300	150	18000	18000	0	15	18000	18000	18000	18000	93	NaN	0.13058676461685811	0.16312247385115752	0.03005165186949369	0.019855326109928236	0.827350867934275	0.04174376412411603	8.054453336818035e-7	NaN	0.014052827597658668	-0.04500496831821215	0.021145589913783375	0.000043681796174888066	NaN	17.53917506297594	582.5238274328909	92.54702455690173	92.6056468433804	92.48840197351242	0.11724679623377825	0.00027839744487007724	38.462629924880126	202
DATA	2026-09-29T093000_AIU-1657.ghg	2026-09-29	10:00:00	272.416	1	18000	18000	0.04712235221892384	1	NaN	-92.1546055867807	2	NaN	62.30268372637911	1	NaN	14.341432461583109	2	NaN	1.4087756914890177	1	NaN	0.1913333340754722	1	NaN	NaN	NaN	NaN	NaN	NaN	NaN	NaN	NaN	NaN	-1.1023052695469936e-9	-3.800747700530875e-11	-5.608029666592723e-12	NaN	17.17223812196285	432.4027958538063	438.947166701013	0.1	1	592.098635089002	14.909244992722153	15.134894847949317	0.1	1	0.08736456541602027	2.1054115161945086	2.1372766981037743	0.2	0	NaN	NaN	NaN	NaN	9	298.11015787082255	292.53126535097454	97586.71932768176	1.1556350075155135	1013.6923566899939	0.024922499258955046	0.09128866480848834	0.010780002301558013	1455.3345799007861	2243.3877869293	0.009328206770694682	64.87218074289403	788.053207028514	285.72274987617914	-0.017267644923636104	-0.20543873135160107	0.022361063936703094	0.20737227654854856	-1.321476997367817e-14	-6.419112416902568e-14	0.20737227654854856	1.5758651360289297	255.80456193891803	265.195438061082	6.190270581418538	NaN	0.20193106503243488	0.154734624579655	7.666072185837804	0.2612941740491955	-1.4791434345188925	-0.3895713833956312	0	14.110576731215456	-2.141334457915384	4.843704374216512	12.061508759582992	18.394561893838038	25.798634602289116	38.65105576096457	0.04600610149354108	1.024263101830949	-85.55482379229781	1.0422796556437577	52.04951726760663	1.1969886945551675	11.981259745241589	1.1969886945551675	1.1769331639448406	1.1969886945551675	0.12578555593817783	1.787686832069215	NaN	NaN	800000009	800000009	800000009	800000019	800000019	800000019	899999999	899999999	89999	89999	89	89	8	8	0	7	6	0	1	NaN	0	0	0	0	0	0	0	0	0	NaN	NaN	NaN	NaN	0	4	0	0	0	0	300	0	18000	18000	0	15	18000	18000	18000	18000	93	NaN	0.17387118900985798	0.05820519474241526	0.07739286540703676	0.49349379556252543	6.04709829352282	0.062323270510057295	0.000001047795780702253	NaN	-0.07303274761910929	0.3031234917900366	0.029776175280745665	0.00012578555593817785	NaN	17.173873509703153	592.159579415381	92.48585141966078	92.60465989028083	92.36704428821142	0.23761294095633279	0.0002798614292421716	38.77331421703761	151
DATA	2026-09-29T100000_AIU-1657.ghg	2026-09-29	10:30:00	272.437	1	18000	18000	0.022814867885493407	0	NaN	2.80242083215464	2	NaN	19.496422961686804	0	NaN	0.5024506840192695	0	NaN	0.44144419315186434	0	NaN	0.004121113625649575	2	NaN	NaN	NaN	NaN	NaN	NaN	NaN	NaN	NaN	NaN	1.4502524771746557e-10	4.889128200491467e-12	7.367523882998163e-13	NaN	16.853772491653764	427.0612494142647	433.299548785934	0.1	1	568.1786838533233	14.397197941120613	14.607505083229796	0.1	1	0.08561996845734232	2.0759436477893027	2.106268005176884	0	1	NaN	NaN	NaN	NaN	9	299.1886300964355	293.92704209031825	97599.26824983933	1.1505191057012616	1013.4375262103051	0.02503819415616294	0.028605583716240807	0.010361670243710432	1405.532902119348	2445.7651347376186	0.009006082725931624	57.46802430684471	1040.2322326182707	285.1931306986763	-0.09184026135483614	0.462087828267704	-0.1297535813851293	0.4886673577405838	4.521722119734851e-14	8.604913101163802e-15	0.4886673577405838	2.126551548862581	59.75891273160971	101.24108726839026	-15.39817274833812	NaN	0.14081926123825275	0.17605002201001674	-85.4965543302074	-0.02342901437014135	0.14374025623376085	0.0170679151228841	1	3.0229577051328795	1	3	5	8	15	48	0.022381509032810894	1.0193623607794817	3.8781438164958	1.0242580235606746	17.81915601705688	1.0941271821754301	0.45922511770547314	1.0941271821754301	0.40346698294630623	1.0941271821754301	0.0014819935685803924	1.3151362271449862	NaN	NaN	800000009	800000009	800000009	800000019	800011019	800011119	899999999	899999999	89999	89999	89	89	10	5	0	52	4	2	0	NaN	0	0	0	0	0	0	0	0	0	NaN	NaN	NaN	NaN	0	1	0	0	0	0	300	0	4	18000	0	20	18000	18000	18000	18000	93	NaN	0.19785024090517864	0.11216882498243562	0.04208097813241924	0.08957040342144153	2.4685422436827773	0.04097153782134762	2.3151354015638567e-7	NaN	0.0033260830858966787	0.011666172912681447	0.010249691069007062	0.0000014819935685803924	NaN	16.855064242248705	568.2235939885923	92.43019457541571	92.61369764116075	92.24669486872355	0.3670074081006928	0.0002814900748166514	37.376010233455155	172
DATA	2026-09-29T103000_AIU-1657.ghg	2026-09-29	11:00:00	272.458	1	18000	18000	0.09129550308700564	1	NaN	29.456459271745313	1	NaN	56.433214431473246	0	NaN	-0.7840269849602217	2	NaN	1.2782276300980593	0	NaN	0.03387244907344917	1	NaN	NaN	NaN	NaN	NaN	NaN	NaN	NaN	NaN	NaN	1.4584451428060755e-10	4.921862418318683e-12	7.426067047626805e-13	NaN	16.684597469307487	424.13758193906335	430.2966368920183	0.1	1	563.060555647369	14.313509390733465	14.5213610281765	0.1	1	0.08495413082959996	2.0630917180285855	2.093050617700319	0.4	0	NaN	NaN	NaN	NaN	9	300.013638742235	294.2902084160929	97609.42015117408	1.1492554085268607	1013.3993424338431	0.025066523179647904	0.08282915043035424	0.010289797344123157	1397.5081181896692	2500.969716621679	0.008953446960334807	55.87865014524963	1103.4615984320096	285.10625038394954	-0.27696588956972007	0.12394812451422504	0.10018023254283215	0.3195454905769982	-3.839549589996278e-14	8.741266581282465e-15	0.3195454905769982	2.701882047207692	5.109530875221708	155.89046912477826	18.270797726329786	NaN	0.2818489459162316	0.34056723289752866	-65.22201163630302	-0.030712024203881815	0.5219702540161741	0.0897360508924159	0	15.313955146770047	-2.323951775139433	5.256785243006586	13.090138529774855	19.963287196019284	27.998794143783652	41.947295675683854	0.08900230437868971	1.0257656105010355	32.0449114864007	1.0282688549619161	51.383282556647245	1.09827966652887	-0.7138682512789762	1.09827966652887	1.1638453019329016	1.09827966652887	0.01602087640504929	1.3243375423523027	NaN	NaN	800000009	800000009	800000009	800000019	800000019	800010019	899999999	899999999	89999	89999	89	89	7	3	0	19	1	0	1	NaN	0	0	0	0	0	0	0	0	0	NaN	NaN	NaN	NaN	0	0	0	0	0	0	300	150	0	18000	0	15	18000	18000	18000	18000	93	NaN	0.260412123067409	0.2978452381023642	0.12287710462528406	0.22726017308945676	0.9241421231611738	0.0791159956026907	2.110731102923703e-7	NaN	0.027514517535793082	-0.01815411384871797	0.0295973102540016	0.00001602087640504929	NaN	16.685849570454447	563.097836656209	92.37079503483241	92.58029345936245	92.16129635895624	0.4189966400447822	0.00028267392205533627	37.06902961231641	102
DATA	2026-09-29T110000_AIU-1657.ghg	2026-09-29	11:30:00	272.479	1	18000	18000	0.12094890441274464	1	NaN	13.50660191531515	0	NaN	128.78016498322225	0	NaN	-1.0468503550580102	2	NaN	2.917902318625327	0	NaN	0.060611418881916415	0	NaN	NaN	NaN	NaN	NaN	NaN	NaN	NaN	NaN	NaN	-4.069390635586397e-10	-1.3641966592723092e-11	-2.0638424194531397e-12	NaN	16.578137868322994	422.04588512232306	428.1028547301293	0.1	1	555.7549599477824	14.14839807976636	14.351448080226504	0.4	0	0.08407810218312237	2.044939506021924	2.0742873491698015	0.1	0	NaN	NaN	NaN	NaN	9	300.429977478875	294.6432938490331	97604.48142141853	1.1478921730432123	1013.3155891979445	0.025097867530120412	0.18908007024692117	0.01015839841611092	1381.317481949043	2555.683428448434	0.00884961031590596	54.048849187383375	1174.365946499391	284.9296176097086	-0.7642713528214367	0.8360582497978378	0.3451736508740463	1.1841659288529878	-3.459649941014483e-15	-2.4546729360732766e-14	1.1841659288529878	4.819120281915107	28.568427625240588	132.43157237475938	16.94723808947742	NaN	0.3246014250113253	0.6893071737120864	-217.27328511400245	-0.009219265032739673	0.10488107323883937	0.035772546691326054	0	14.809983311288462	-2.247472104769318	5.083788020391023	12.659350984798253	19.306309008869125	27.077372894950372	40.56683873999654	0.11944543888827139	1.012587048433717	20.76072688046734	1.0215969305493526	117.45891069627314	1.0963848057149428	-0.9548201959761458	1.0963848057149428	2.6613852211519733	1.0963848057149428	0.03768284696796119	1.3056649437882986	NaN	NaN	800000009	800000009	800000009	800000019	800000019	800100119	899999999	899999999	89999	89999	89	89	6	0	0	9	2	0	2	NaN	0	0	0	0	0	0	0	0	0	NaN	NaN	NaN	NaN	0	3	0	0	0	0	300	0	0	18000	0	15	18000	18000	18000	18000	93	NaN	0.8369857432841061	0.36442563775466436	0.17720296638540234	0.07301719181566674	0.13208273575940044	0.1933187176053827	1.287314262161016e-7	NaN	0.01784829503991253	-0.024307961765819317	0.06775396087400624	0.00003768284696796119	NaN	16.57939519012721	555.7881511477108	92.35477911376954	92.56878044721816	92.14077426952785	0.42800337849060405	0.00028346541335243583	36.0503162970013	144
DATA	2026-09-29T113000_AIU-1657.ghg	2026-09-29	12:00:00	272.499	1	18000	18000	0.19743259734349644	1	NaN	73.11128629352503	1	NaN	72.41848711445434	1	NaN	-0.6636835913369419	1	NaN	1.6413361236280775	1	NaN	0.058138304351679305	1	NaN	NaN	NaN	NaN	NaN	NaN	NaN	NaN	NaN	NaN	-2.0317142477164614e-10	-6.618102494236994e-12	-1.0315710148641678e-12	NaN	16.55342081348455	421.84653280433815	427.72398287958947	0.1	1	539.2108447189734	13.741221700224227	13.932673657833389	0.4	0	0.0840473955785487	2.046621973341772	2.075136889397294	0	1	NaN	NaN	NaN	NaN	9	300.59214023674866	294.9438037661105	97598.56400467867	1.146830590863226	1013.0958053489095	0.025124988359397287	0.10635858081109942	0.009855400358347111	1341.4832477952343	2603.0714823755643	0.00859359737773379	51.534629643400955	1261.58823458033	284.487160658021	-0.966328807780782	0.45468297475172054	0.46331416163597017	1.164125416202602	2.6558494560804776e-14	-1.2273682102380982e-14	1.164125416202602	4.3036333190129135	6.1982113444198035	154.8017886555802	23.452792215854185	NaN	0.41491562988343317	0.5522232798791856	-83.82051769147787	-0.023897490198914118	1.0095666066314772	0.15166132421384623	0	20.889462537055078	-3.170056532060365	7.1706765069304135	17.855998388519968	27.231524188293882	38.19259987010253	57.2194742083195	0.19496667245340968	1.0126479303311495	76.09155019633904	1.0215715736422888	66.0655075327706	1.0961618220904832	-0.6054613269336777	1.0961618220904832	1.4973483755326342	1.0961618220904832	0.023615366476367573	1.3057367635068768	NaN	NaN	800000009	800000009	800000009	800000019	800000019	800000119	899999999	899999999	89999	89999	89	89	8	2	0	12	13	15	0	NaN	0	0	0	0	0	0	0	0	0	NaN	NaN	NaN	NaN	0	0	0	0	0	0	300	0	0	18000	0	15	18000	18000	18000	18000	93	NaN	0.4472773156608646	0.5346348547041937	0.12253438939331295	0.18170166952812886	0.06179678705797226	0.15530800994600294	5.4650950090999656e-8	NaN	0.06549175762061901	-0.015424213176769423	0.038145162236984	0.000023615366476367573	NaN	16.554679027934412	539.2463947931213	92.36277889654372	92.5816246087816	92.14393321291605	0.43768659450113445	0.0002835325082236927	38.532317422976114	095
DATA	2026-09-29T120000_AIU-1657.ghg	2026-09-29	12:30:00	272.52	1	18000	18000	0.19139676097340041	1	NaN	-7.577919228660266	2	NaN	61.11597192812113	1	NaN	1.9699756799011523	1	NaN	1.385579665319512	1	NaN	0.07158315343568447	1	NaN	NaN	NaN	NaN	NaN	NaN	NaN	NaN	NaN	NaN	-1.9779963071483213e-10	-6.5859309625754654e-12	-1.007079292773652e-12	NaN	16.504617205187124	421.1462255186481	427.1357246532031	0.2	0	549.5372720579443	14.022472925714474	14.221899121092234	0.4	0	0.08403179602727806	2.0493471998802284	2.078492809021018	1.2	0	NaN	NaN	NaN	NaN	9	301.1503663423326	295.24991038004555	97574.38251853813	1.14523529593624	1013.2600651832786	0.025157297351416284	0.08978556231270438	0.01004420160564731	1368.6011514328395	2652.1299162845585	0.008770426165948794	51.60385028762657	1283.528764851719	284.78960576875676	-1.0854872483579758	0.22910455722486828	0.6344109408610059	1.277986191777177	1.529641802591296e-13	-1.1984502776148425e-14	1.277986191777177	3.669677044715439	352.91801679741405	168.08198320258595	29.7630707201475	NaN	0.40880851186391126	0.5937979795958859	773.4145471097918	0.002589943527032787	-0.12399245221155451	-0.015974026158053416	0	22.158835460723054	-3.3626887704990627	7.606411154776588	18.941039271656145	28.886279997042564	40.513418420297164	60.69648330502164	0.18937651540246409	1.010667878045189	-3.926296408616523	1.0215638177473425	55.19569161865202	1.1072598265526306	1.7791449058840345	1.1072598265526306	1.2513591047851969	1.1072598265526306	0.05236349218437704	1.3773810066878205	NaN	NaN	800000009	800000009	800000009	800000019	800000019	800000019	899999999	899999999	89999	89999	89	89	11	10	1	11	1	0	4	NaN	0	0	0	0	0	0	0	0	0	NaN	NaN	NaN	NaN	0	0	0	0	0	0	300	150	0	18000	0	15	18000	18000	18000	18000	93	NaN	0.3063627717297052	0.7785902448173749	0.10264294264469148	0.2616207863216934	0.18406843500510364	0.2910512245813044	2.854953194050162e-7	NaN	-0.003383509746621169	0.04539520115635271	0.031928651844314745	0.00005236349218437704	NaN	16.50582911037155	549.5674434508392	92.34552283393012	92.57469323158264	92.11635274929469	0.4583404037720576	0.0002835866755695962	38.60440740140278	070
DATA	2026-09-29T123000_AIU-1657.ghg	2026-09-29	13:00:00	272.541	1	18000	18000	0.2046219908007937	1	NaN	-31.4600048764879	1	NaN	17.121097564526387	2	NaN	-2.2765738561592372	1	NaN	0.38839050635451716	2	NaN	0.03327189524863183	1	NaN	NaN	NaN	NaN	NaN	NaN	NaN	NaN	NaN	NaN	-3.880493986016602e-10	-1.2571855065853115e-11	-1.97041231437679e-12	NaN	16.46536213653748	421.2417028610482	427.0700148404377	0.1	1	533.4376167912174	13.647204853675051	13.836027961628572	0.3	0	0.08360675839575435	2.0443864708685338	2.0726726592438465	0.1	0	NaN	NaN	NaN	NaN	9	301.3113327857124	295.8685747740671	97555.91739755098	1.142787326309957	1013.0663758910744	0.02521478344206874	0.02516770481177271	0.009753113138640954	1331.7227141382764	2753.753044468308	0.008534495364184347	48.36028113753404	1422.0303303300316	284.37698342162764	-0.9267545594401693	1.0532709792931523	0.4417817403787471	1.4708585504380591	-1.2116050776521822e-14	-2.3567620036765472e-14	1.4708585504380591	5.188146617412117	29.656021487534986	131.34397851246501	17.479009002399483	NaN	0.4231491230504154	1.0228014591149883	206.5590880084698	0.009697467292835183	-1.837499305048681	-0.06421877602965771	0	20.161274458703957	-3.0595511818029966	6.920713103764977	17.233554171464966	26.28225748341478	36.86123981920081	55.2248542465035	0.20237746159540795	1.0110908061979402	-29.90148849853654	1.0231281049383476	15.36040699369395	1.1146252551482045	-2.042456732111759	1.1146252551482045	0.348449404461839	1.1146252551482045	0.031246032572402185	1.3922903422270307	NaN	NaN	800000009	800000009	800000009	800000019	800000019	800010119	899999999	899999999	89999	89999	89	89	10	3	0	3	18	7	1	NaN	0	0	0	0	0	0	0	0	0	NaN	NaN	NaN	NaN	0	22	0	0	0	0	300	0	0	18000	0	15	18000	18000	18000	18000	93	NaN	1.666527129209125	0.23980869862476498	0.13926709039608653	0.22669303679095454	0.400743212730747	0.43091264078228836	1.4129384063640131e-7	NaN	-0.02582792350985502	-0.05221285485271342	0.00890767373067902	0.000031246032572402185	NaN	16.466601066519416	533.4499960791953	92.31130627653334	92.55857803768582	92.06403587807549	0.4945433487635493	0.0002844017664675549	36.56539253703756	154
DATA	2026-09-29T130000_AIU-1657.ghg	2026-09-29	13:30:00	272.562	1	18000	18000	0.07885780130064815	0	NaN	-0.022010173488289594	2	NaN	44.56086598926553	1	NaN	-1.5419963354978643	1	NaN	1.0110631510945163	1	NaN	0.000547562422012253	2	NaN	NaN	NaN	NaN	NaN	NaN	NaN	NaN	NaN	NaN	3.5799719241498874e-10	1.1038740464780457e-11	1.8185312275446154e-12	NaN	16.423405841434803	420.5292442953484	426.05384112339596	0.1	1	506.410995595751	12.966898299709264	13.13724765397647	0.3	0	0.08342656595660325	2.041332237728522	2.0681497248796075	0	1	NaN	NaN	NaN	NaN	9	301.4495545069377	296.0768879611674	97541.7488912757	1.1421126799773944	1012.6933612300894	0.02523620167250573	0.06551689219092464	0.00925906023404816	1265.1532107986227	2788.7281500759395	0.008106958618331269	45.366674079155814	1523.5749392773168	283.6059935488929	-0.5556796607122694	0.8491678717583544	0.35053150080852324	1.073656505971579	-6.800546811928606e-14	2.1797987328048207e-14	1.073656505971579	3.516330426243447	37.80001057741936	123.19998942258061	19.05549735174713	NaN	0.26276520461759584	0.3023628702612536	70682.21746245462	0.000028339518367035074	-0.0004939350481561943	-0.00007242169652416436	0	15.902947997517886	-2.413333712589379	5.458967428886938	13.593600759841681	20.73109886342914	29.075660924585687	43.560638344144955	0.07784790667311114	1.0129726626019326	2.579106602954322	1.0214971425539867	40.68701886157245	1.095210886324036	-1.40794467508757	1.095210886324036	0.9231675503957478	1.095210886324036	-0.0019089688873437233	1.306143001219477	NaN	NaN	800000009	800000009	800000009	800000019	800000019	800000019	899999999	899999999	89999	89999	89	89	8	2	0	15	32	13	1	NaN	0	0	0	0	0	0	0	0	0	NaN	NaN	NaN	NaN	0	3	0	0	0	0	300	0	0	18000	0	15	18000	18000	18000	18000	93	NaN	0.25663011299842686	0.25091086445853383	0.09718476306554645	0.20074648196038952	0.37068102411037357	0.3265232363099515	9.657165720899773e-8	NaN	0.002229884543402545	-0.035998084474336195	0.02360338730003379	-0.000001908968887343723	NaN	16.42473918572088	506.4477883400568	92.3285974597931	92.57332251124913	92.08387405628628	0.48944616847981215	0.00028512229162313613	39.39177949756041	167
DATA	2026-09-29T133000_AIU-1657.ghg	2026-09-29	14:00:00	272.583	1	18000	18000	0.10165689913069538	1	NaN	26.511646710709947	1	NaN	38.748916074881365	1	NaN	-0.697548384922946	2	NaN	0.8792437469701715	1	NaN	0.027634670783362444	1	NaN	NaN	NaN	NaN	NaN	NaN	NaN	NaN	NaN	NaN	-6.120549100820682e-10	-1.9504669449650778e-11	-3.1151518399057364e-12	NaN	16.403174428575895	420.3445209840442	426.0516254978846	0.1	1	522.7284184542162	13.395335617299837	13.577206859934162	0.2	0	0.08348659272191987	2.043756523508359	2.071505028599372	0.4	0	NaN	NaN	NaN	NaN	9	301.8727445288764	296.136457417806	97515.30147731284	1.1413874766808356	1012.9329821193967	0.025248124854994655	0.056974994803667106	0.009560470464476068	1306.6005788967504	2798.800732297428	0.008376183075249781	46.684301737487836	1492.2001534006777	284.090099328298	-0.7855233870977533	0.2866930280127275	0.4466274632098262	0.9480063158448732	8.918601912629898e-14	-3.73131989022692e-14	0.9480063158448732	3.0418676646022313	1.050601212527397	159.9493987874726	28.107209643300198	NaN	0.2984364584049204	0.4113267880950671	-85.96010659936559	-0.02330267003199346	0.6841906663783012	0.0768371080363064	0	20.483462111938053	-3.1084444011891916	7.0313096991426995	17.50895533158309	26.702261629363992	37.45030160579439	56.10737614393218	0.10029426824575483	1.013586328598576	28.332338032890267	1.0215242141632626	35.41588827491443	1.0941110886191654	-0.6375480444159417	1.0941110886191654	0.8036146933487627	1.0941110886191654	0.013076819795547614	1.3069595674254528	NaN	NaN	800000009	800000009	800000009	800000019	800000019	800010119	899999999	899999999	89999	89999	89	89	13	5	3	0	1	3	3	NaN	0	0	0	0	0	0	0	0	0	NaN	NaN	NaN	NaN	0	0	0	0	0	0	300	150	0	18000	0	15	18000	18000	18000	18000	93	NaN	0.39873538599771147	0.35733694481921213	0.06658124537321064	0.15096619314225526	0.19075258024933303	0.35006417790218525	3.095395375500742e-7	NaN	0.024505783882807813	-0.016315502887578565	0.0205653173351722	0.000013076819795547613	NaN	16.404385212242783	522.7580769726774	92.3174633547465	92.57220376290215	92.06272129991319	0.5094771814627749	0.0002850660008941001	37.96897722434991	249
DATA	2026-09-29T140000_AIU-1657.ghg	2026-09-29	14:30:00	272.604	1	18000	18000	0.4184174065565237	1	NaN	134.31379903559304	1	NaN	4.686356884301751	2	NaN	0.16106626204765878	2	NaN	0.10641292683320419	2	NaN	0.014685687440670638	1	NaN	NaN	NaN	NaN	NaN	NaN	NaN	NaN	NaN	NaN	-1.0468964725630035e-10	-3.1596174846733772e-12	-5.33575144747018e-13	NaN	16.318078637607407	420.43104494685963	425.83443509843613	0	0	492.4926956094659	12.688945999229658	12.852024645942793	0.1	1	0.08316888440495343	2.04219907396155	2.068445466792025	-1.1	0	NaN	NaN	NaN	NaN	9	298.1929726901584	296.87111975545935	97472.74136917372	1.1383715150256468	1012.5596549516619	0.025321812590647693	0.0068955576587916316	0.009029954313314346	1237.1581172062654	2925.6620516436446	0.007932343873793176	42.28643279257858	1688.5039344373793	283.2710439685223	-0.9239420931514288	-0.38265829027608905	-0.0005664216354599003	1.0000483385555186	-2.360784652985538e-14	-6.415562124760675e-15	1.0000483385555186	4.2071855803669	318.5027024648491	202.49729753515092	-0.03245200218903919	NaN	0.6062655091313774	0.7563058582679618	-142.18935614008979	-0.01408755236240382	28.66059976898351	0.19219988896015575	0	23.89460096063736	-3.6260978817372154	8.20224328160595	20.42474551418582	31.14902563313905	43.686951348153016	65.45101392436418	0.4129231674499245	1.0133057177211193	132.29280958161806	1.021492166942113	4.28160364204335	1.0945330946292913	0.1471552233897601	1.0945330946292913	0.09722221041588999	1.0945330946292913	-0.02250960348506398	1.3065804885859407	NaN	NaN	800000009	800000009	800000009	800000019	800000019	800000119	899999999	899999999	89999	89999	89	89	0	39	0	0	11	12	3	NaN	0	0	0	0	0	0	0	0	0	NaN	NaN	NaN	NaN	0	0	0	0	0	0	300	0	0	18000	0	15	18000	18000	18000	18000	93	NaN	1.161804057915867	0.16385448833891095	0.18695317028114558	0.9133798812951888	0.04556553170382531	0.12117739545660539	0.0000010179319451072468	NaN	0.11477085071626927	0.003774139689065067	0.002493490849573055	-0.000022509603485063982	NaN	16.31929707035726	492.5406977676115	92.2563707690769	92.55017449039883	91.96256892395022	0.5876043667677313	0.0002856458138153862	37.802983111360625	092
DATA	2026-09-29T143000_AIU-1657.ghg	2026-09-29	15:00:00	272.624	1	18000	18000	0.4789683093141447	0	NaN	149.51684290155595	0	NaN	368.9349920363907	1	NaN	-2.046560339874365	2	NaN	8.377622848931209	1	NaN	0.1688032867643978	1	NaN	NaN	NaN	NaN	NaN	NaN	NaN	NaN	NaN	NaN	7.258183642520633e-10	2.2841865072267503e-11	3.709838728224394e-12	NaN	16.325541776744835	420.1720719191113	425.80246824862945	-0.1	0	513.7729228997139	13.223024170518753	13.400215544554559	0.3	0	0.08344391672291737	2.04971826661916	2.0771849331974677	0.4	0	NaN	NaN	NaN	NaN	9	298.29323696136476	296.89943891417823	97443.1500248072	1.1376864620309675	1012.8568398066225	0.025331918503292063	0.5428699606107423	0.00940627136489555	1288.8387526712836	2930.6510598862283	0.008267894256299514	43.97789864213033	1641.8123072149447	283.8843212513816	-1.281941337609546	-1.4953346068736797	0.6524508881988981	2.0748714035085776	5.5720757668403174e-14	4.445906752607539e-14	2.0748714035085776	6.734183071664502	291.6062853407858	229.39371465921423	18.327834362716306	NaN	0.64884669173915	1.1394593137120532	-156.55987211122215	-0.012794466251077236	0.4052660932926851	0.19997576558671346	0	16.867317628465436	-2.5596805246475176	5.790004316234621	14.417929415765284	21.988252075725548	30.83883617987642	46.2021961691683	0.4732529046635333	1.0120768506527706	167.59159184543915	1.0246271341787834	332.4605238985976	1.1097106739473166	-1.8442287597312284	1.1097106739473166	7.5493757477626415	1.1097106739473166	0.07590548758220658	1.3063244443617092	NaN	NaN	800000009	800000009	800000009	800000019	800000019	800000119	899999999	899999999	89999	89999	89	89	28	4	0	2	0	23	3	NaN	0	0	0	0	0	0	0	0	0	NaN	NaN	NaN	NaN	0	1	0	0	0	0	300	0	0	18000	0	15	18000	18000	18000	18000	93	NaN	1.23949834985884	0.5279437622020158	0.5114765153632507	0.19864301837302714	0.6304811081800556	0.6956000777534593	6.661002082746974e-7	NaN	0.14543923135380604	-0.04734405211471706	0.1938035273280005	0.00007590548758220658	NaN	16.326788289512923	513.8420363727912	92.26348918088279	92.54936839760674	91.97761206648086	0.5717543733136632	0.00028617927511125643	38.03532993369634	050
DATA	2026-09-29T150000_AIU-1657.ghg	2026-09-29	15:30:00	272.645	1	18000	18000	0.14144837598840163	1	NaN	-68.38288837332797	2	NaN	216.473056380364	1	NaN	3.3198977638330094	2	NaN	4.915413689262094	1	NaN	0.244967033204751	1	NaN	NaN	NaN	NaN	NaN	NaN	NaN	NaN	NaN	NaN	1.0064810023911512e-9	3.2108255469619786e-11	5.165159751526884e-12	NaN	16.338475023302884	418.99584174212174	424.67226458276684	0.1	1	521.2218897186244	13.366596582948784	13.547682996192563	0.4	0	0.08384741827336978	2.0594447098124258	2.0873454138891505	1.2	0	NaN	NaN	NaN	NaN	9	302.64885711924245	296.8644618837173	97432.62953853284	1.1376355859783813	1012.935692681912	0.02533166915222302	0.3185188070641837	0.009508495989912444	1302.6919926877204	2924.4902061839093	0.008358121095284669	44.54424193088918	1621.798213496189	284.0450290716882	-0.3266221589190782	-0.5258321486601438	0.2810802596644475	0.6798438023801225	-2.532288872590677e-15	6.160189374807926e-14	0.6798438023801225	3.598553466866329	282.84660253916513	238.15339746083487	24.421636055363344	NaN	0.3526122520687758	0.3120532370485077	54.93709354868024	0.03646170320650537	-0.31589561082914935	-0.16829259186412301	0	18.430617405322234	-2.796917297034676	6.326634541321156	15.754214552197707	24.026171223310847	33.69704676086198	50.4843164536445	0.13968962116561812	1.0125904473654368	-54.636868508478635	1.0229166399950713	194.5627835902288	1.1126128665813122	2.9838750418498634	1.1126128665813122	4.4179011738067695	1.1126128665813122	0.18236977193001563	1.4275487070919273	NaN	NaN	800000009	800000009	800000009	800000019	800111019	810111019	899999999	899999999	89999	89999	89	89	43	1	1	37	33	18	0	NaN	0	0	0	0	0	0	0	0	0	NaN	NaN	NaN	NaN	0	0	0	0	0	0	300	150	0	18000	0	15	18000	18000	18000	18000	93	NaN	0.2092226103452492	0.29385146135969437	0.12103240239207179	1.4041898141569296	0.22245614649826162	0.5008781486501483	0.0000031613938934621828	NaN	-0.047413362576950044	0.07661083617694814	0.11342938237206757	0.00018236977193001564	NaN	16.339680748731865	521.241544724785	92.33834852070278	92.5805220843421	92.09618258900113	0.48433561222420873	0.00028496716858676847	38.37997406252225	154
DATA	2026-09-29T153000_AIU-1657.ghg	2026-09-29	16:00:00	272.666	1	18000	18000	0.015034740847014009	0	NaN	-12.268734354777548	1	NaN	49.305394730565865	0	NaN	-3.215543684780575	1	NaN	1.1200765908946742	0	NaN	0.05801006564868311	0	NaN	NaN	NaN	NaN	NaN	NaN	NaN	NaN	NaN	NaN	3.918258964926544e-10	1.2485310136700773e-11	2.0072481369298214e-12	NaN	16.224389715650027	416.96426708105923	422.57878834319456	0.1	1	516.9809836251765	13.2863300691172	13.465233607281311	0.1	0	0.08311440443593139	2.0457276593544065	2.0732738601844907	0.4	0	NaN	NaN	NaN	NaN	9	302.2412763875326	297.3322459420242	97405.88623212394	1.135568650350352	1012.9033483046367	0.02537855142420264	0.07258096308997489	0.009433937656478987	1294.5139016870664	3007.8284123691906	0.008307677086337648	43.03815657713701	1713.3145106821241	283.95034023730784	-0.2029233833652767	-0.9724853425080939	0.21251149374243639	1.0159068736268058	8.929832860643048e-15	2.4150424352461136e-14	1.0159068736268058	2.0395080435470287	262.78648506787863	258.21351493212137	12.074538603214968	NaN	0.11506447918683668	0.10304493162660315	10.637981868837647	0.18829699323588595	-0.24883148024311016	-0.092699434723276	1	11.646197224518216	5	11	23	44	99	460	0.014792762416293136	1.0163578934015969	-9.207273837234457	1.0336232137708765	42.265395023301394	1.1665665186231722	-2.756416915321457	1.1665665186231722	0.9601480695816924	1.1665665186231722	0.037462060741112996	1.61397661624157	NaN	NaN	800000009	800000009	800000009	800000019	800000019	800000119	899999999	899999999	89999	89999	89	89	8	0	0	1	4	8	6	NaN	0	0	0	0	0	0	0	0	0	NaN	NaN	NaN	NaN	0	0	0	0	0	0	300	0	0	18000	0	15	18000	18000	18000	18000	93	NaN	0.15605020091005817	0.028808907435601265	0.02123075490754687	0.07310166331739212	1.3137939689914473	0.17064322197598011	0.0000012946803287744245	NaN	-0.008004784759188404	-0.07089606968216386	0.024695365954217514	0.000037462060741112994	NaN	16.225617162690792	517.0076548832114	92.32412578264874	92.57218102751838	92.07607100062901	0.4961105814940397	0.00028554715848359694	37.67780072111553	111
DATA	2026-09-29T160000_AIU-1657.ghg	2026-09-29	16:30:00	272.687	1	18000	18000	0.15883552118764488	1	NaN	-1.341505344239628	2	NaN	230.36129343151438	1	NaN	1.8861445630343092	2	NaN	5.231844617065791	1	NaN	0.14096912541472686	1	NaN	NaN	NaN	NaN	NaN	NaN	NaN	NaN	NaN	NaN	-6.124704266926063e-10	-2.0317943923026653e-11	-3.1320655040445293e-12	NaN	16.210539065257553	416.11264767631957	421.93707510134703	0.1	1	537.7644525116658	13.804019055752507	13.997237184576285	0.1	1	0.08289783146336581	2.0384839490642386	2.067017092396242	0.9	0	NaN	NaN	NaN	NaN	9	303.2139988988241	297.0760080208313	97402.83964092251	1.1362889681993984	1013.1844213100285	0.025357473558168215	0.33902353118586326	0.009809669211566702	1344.9113159675278	2961.9252106563204	0.008633076168214	45.406660206302604	1617.0138946887926	284.52568938776307	-0.3642970639829438	-1.140140512754203	0.32777593824722817	1.240995489654892	1.0424898701490417e-14	-3.7782236866215866e-14	1.240995489654892	2.787856139348971	268.71969193839357	252.2803080616064	15.31487112540786	NaN	0.37387757835845803	0.2536679600417184	3337.769811008557	0.0006001312593197472	-0.0058234841637510295	-0.0031166331972846063	0	21.78258873077798	-3.3055918776607234	7.477257827713205	18.61942922584152	28.39580438480069	39.82551940021771	59.66588522132906	0.15688500731832275	1.0124327614388575	12.205227795699306	1.0216844937803162	209.98240775642873	1.097050442905314	1.7192869983619354	1.097050442905314	4.769010076884267	1.097050442905314	0.09956299104693488	1.3054896792861994	NaN	NaN	800000009	800000009	800000009	800000019	800000019	800100019	899999999	899999999	89999	89999	89	89	21	11	0	4	17	7	8	NaN	0	0	0	0	0	0	0	0	0	NaN	NaN	NaN	NaN	0	1	0	0	0	0	300	0	0	18000	0	15	18000	18000	18000	18000	93	NaN	0.2227045518710493	0.19502442155503488	0.08960694665735257	0.021389622855142974	1.362156117742084	0.4407081598425148	4.5695092238714915e-7	NaN	0.010601531195981053	0.044207174975154265	0.12262319387511299	0.00009956299104693487	NaN	16.211744496408944	537.7930490428223	92.30365286042954	92.55286319181656	92.05444176461961	0.4984204751220014	0.0002851204260433507	37.22557993122384	021
DATA	2026-09-29T163000_AIU-1657.ghg	2026-09-29	17:00:00	272.708	1	18000	18000	0.031596415833313275	1	NaN	-5.018549426228375	0	NaN	102.93625668066674	0	NaN	-0.005860779934937037	2	NaN	2.337839254703388	0	NaN	0.07748783291677219	0	NaN	NaN	NaN	NaN	NaN	NaN	NaN	NaN	NaN	NaN	3.548530913899515e-10	1.160178486449752e-11	1.8171246420505648e-12	NaN	16.281096922241197	417.9041143417269	423.69312404935846	0.1	1	532.3041800481379	13.663213724840002	13.852483162914654	0.3	0	0.08337191681530846	2.0500426358982344	2.078440816995272	0.4	0	NaN	NaN	NaN	NaN	9	303.4614674106174	297.07825575316696	97401.90195930438	1.1363302475458583	1013.1061497863057	0.025357909534084722	0.15149198370477954	0.00970944056761535	1331.1799828587048	2962.325202303078	0.008544558757091002	44.93699685043933	1631.1452194443734	284.37083621107763	-1.0052483658414602	-0.14811471579450028	0.643338841011731	1.2026417215514513	-2.911296942717831e-14	2.179540439349609e-14	1.2026417215514513	3.449830422935775	332.6182660156619	188.38173398433807	32.33971154760752	NaN	0.166750301120396	0.24086056192520305	79.15327847233351	0.02530659548991574	-0.04875395305851401	-0.026142797572955997	1	9.248301797835019	4	8	16	29	58	212	0.031205292691641084	1.0125338719151626	1.1160504386045333	1.0216229213613965	93.86861812422401	1.0965992547631072	-0.005344504758215535	1.0965992547631072	2.131899364830792	1.0965992547631072	0.05702902613555231	1.3056036031044296	NaN	NaN	800000009	800000009	800000009	800000019	800001019	800001119	899999999	899999999	89999	89999	89	89	16	4	3	16	2	9	2	NaN	0	0	0	0	0	0	0	0	0	NaN	NaN	NaN	NaN	0	0	0	0	0	0	300	150	0	18000	0	15	18000	18000	18000	18000	93	NaN	0.09187887111750108	0.3549020047398052	0.034940247993099784	0.003060593351313854	0.14827540460295582	0.3664529510366271	8.590362840791487e-7	NaN	0.0009694475193567411	-0.00013740334299005755	0.05480958721120812	0.00005702902613555231	NaN	16.28232500437756	532.3222432518864	92.3078622279697	92.55355808152093	92.06216727934944	0.4913838473558426	0.00028469901743745943	39.47068330372706	169
DATA	2026-09-29T170000_AIU-1657.ghg	2026-09-29	17:30:00	272.729	1	18000	18000	0.1008086194826134	1	NaN	-0.4798533921231642	1	NaN	81.72367444627608	1	NaN	0.44755366615792347	1	NaN	1.8569158544574436	1	NaN	0.14469726131169325	1	NaN	NaN	NaN	NaN	NaN	NaN	NaN	NaN	NaN	NaN	4.6490194965396447e-10	1.5675568814007262e-11	2.395950605251797e-12	NaN	16.226260686907498	417.3674491786594	423.32481464220893	0.1	1	547.1172280111134	14.072800028471473	14.273670539648228	0.3	0	0.08362477107851797	2.0609649017490277	2.0903824357503717	0.7	0	NaN	NaN	NaN	NaN	9	303.2569783850775	297.5483356523244	97415.81068591101	1.1345203809574582	1013.3463815747773	0.025394408209459235	0.12032814736884234	0.00998612996870708	1371.2809563541261	3047.02064841692	0.008802071903088654	45.00399290259406	1675.7396920627937	284.81920642848695	-0.7954657159608752	-0.6750659884736613	0.6210232951282896	1.214145677896627	-2.4740503483680448e-14	2.865120674593133e-14	1.214145677896627	2.923299642095168	300.68064947809444	220.31935052190562	30.763124687579424	NaN	0.2980867572843257	0.247461486788381	4729.838811960827	0.0004235028041409268	-0.005871657085592898	-0.0014002180229953504	0	21.157513747420335	-3.2107343373814814	7.262689813324049	18.085124531513483	27.580956013349926	38.682682973198986	57.953708001591906	0.09956384022161324	1.0125023227130399	4.331491384856933	1.0216403482836853	74.51566507746135	1.0967314639320707	0.40807953530696195	1.0967314639320707	1.6931363013876812	1.0967314639320707	0.10997439214717462	1.305566775401404	NaN	NaN	800000009	800000009	800000009	800000019	800000019	800000019	899999999	899999999	89999	89999	89	89	26	3	1	9	6	6	1	NaN	0	0	0	0	0	0	0	0	0	NaN	NaN	NaN	NaN	0	0	0	0	0	0	300	0	0	18000	0	20	18000	18000	18000	18000	93	NaN	0.19595058435769552	0.2377119152873827	0.06126047393168383	0.07910439085554909	0.3935443138597351	0.5652321709545476	0.000002795440693730877	NaN	0.003767621198181807	0.01051089571235772	0.04361007487745337	0.00010997439214717462	NaN	16.22746101708749	547.1368332320385	92.2684327413771	92.53421296013727	92.00265769682991	0.5315535568760518	0.00028583145254136377	39.12835937503533	029
DATA	2026-09-29T173000_AIU-1657.ghg	2026-09-29	18:00:00	272.749	1	18000	18000	0.06134482213880563	0	NaN	-5.6268955841151795	0	NaN	115.40253704665936	0	NaN	0.3498298361778916	0	NaN	2.6202923387795223	0	NaN	0.05968401569349169	0	NaN	NaN	NaN	NaN	NaN	NaN	NaN	NaN	NaN	NaN	-2.780059400697785e-10	-9.510157725607904e-12	-1.4212256031223149e-12	NaN	16.32827853126799	418.42451484652975	424.50067412512794	0.2	0	558.5654183541551	14.313662260067819	14.52151836951239	0.3	0	0.08347363908025071	2.0506135902974965	2.080391613217773	0.2	0	NaN	NaN	NaN	NaN	9	303.673279703776	296.81261481465015	97424.20902840556	1.1373264630148074	1013.4614507468743	0.0253294340716639	0.16979494355291302	0.01018310151012589	1394.871283105215	2915.378665038489	0.008953543104178443	47.845286783245356	1520.507381933274	285.0776068475593	-1.5662631771647253	-0.09608892594150255	0.9347831369920476	1.8265357743651047	1.2501428137374816e-13	-1.702604102063842e-14	1.8265357743651047	4.403313784102319	337.4893521655422	183.51064783445787	30.78241856089274	NaN	0.23224500577947074	0.5294883055240422	190.78025887502585	0.0104995140053362	-0.04875885511806489	-0.02101987331557699	0	15.815409056881208	-2.4000493406203685	5.4289181433224325	13.518773790015697	20.616983013146406	28.915611821988687	43.32085562368966	0.06062183670622754	1.0119261551919263	1.2116191315367701	1.0235199049818104	104.3854699549754	1.1055421515699069	0.31643283404537903	1.1055421515699069	2.3701424093677654	1.1055421515699069	0.042450002189488016	1.3055771443491209	NaN	NaN	800000009	800000009	800000009	800000019	800000019	800000019	899999999	899999999	89999	89999	89	89	15	3	4	6	6	8	6	NaN	0	0	0	0	0	0	0	0	0	NaN	NaN	NaN	NaN	0	1	0	0	0	0	300	0	0	18000	0	15	18000	18000	18000	18000	93	NaN	0.2556836383365767	0.7263182273718675	0.07697474533964024	0.0031952546692780495	0.05760203882623353	0.3692052914481211	2.8507118475573826e-7	NaN	0.001051171902821167	0.008131487190124267	0.06090639329097049	0.00004245000218948801	NaN	16.329484399818522	558.5943180217116	92.31432684177824	92.55296106571622	92.0756909965939	0.4772693658198	0.00028535906115495095	39.42935780662962	063
DATA	2026-09-29T180000_AIU-1657.ghg	2026-09-29	18:30:00	272.77	0	18000	18000	0.08366680060968387	1	NaN	18.994539933819816	1	NaN	66.01742024705965	1	NaN	-0.9658038070350882	2	NaN	1.4980667883302539	1	NaN	0.11690858942618941	0	NaN	NaN	NaN	NaN	NaN	NaN	NaN	NaN	NaN	NaN	-5.128261867409979e-10	-1.8436110683316905e-11	-2.6196129314742167e-12	NaN	16.389803811144507	418.5899447365488	424.9852572164042	0.1	1	589.2137432769536	15.048316079818415	15.278227679072529	0.3	0	0.08372221060092586	2.0515511958669896	2.082895262132719	0.1	0	NaN	NaN	NaN	NaN	9	303.30151029290096	296.1908603284588	97449.07918741173	1.1396864352353853	1013.8558068040692	0.02526992387516486	0.09707472788380045	0.010730964673424735	1466.837903525111	2808.0274496899447	0.009415716763539802	52.23730642971726	1341.1895461648337	285.84281229051015	-0.8964478392572549	-0.778199894828895	0.7068183282192784	1.381595437864334	4.4100315796791604e-14	-3.1289342608988007e-14	1.381595437864334	3.8888734262056883	300.03898781843213	220.96101218156784	30.77017916515013	NaN	0.27094671591252084	0.26575235512540685	-89.76619626689572	-0.02231463605792451	0.2877201178527695	0.060671302067270845	0	17.91471982941917	-2.7186278495457996	6.149543597935306	15.313233063678034	23.35364662905831	32.753821455018404	49.071193067336374	0.08266215581007018	1.0121536244702114	22.546883606867457	1.0219875088894235	60.078663473461766	1.098849681904478	-0.8789225887213249	1.098849681904478	1.3633045656744154	1.098849681904478	0.0840468600758181	1.3052303842704391	NaN	NaN	800000009	800000009	800000009	800000019	800000019	800111019	899999999	899999999	89999	89999	89	89	17	16	3	12	6	0	2	NaN	0	0	0	0	0	0	0	0	0	NaN	NaN	NaN	NaN	0	0	0	0	0	0	300	150	0	18000	0	15	18000	18000	18000	18000	93	NaN	0.15835199824752058	0.296434354230268	0.07671835777302519	0.07321551907126615	1.6551114534293492	0.47785575699895233	0.00000117643968787182	NaN	0.019513040715453237	-0.022549733448763487	0.03497709008726773	0.0000840468600758181	NaN	16.391025721771843	589.2494467020805	92.33703427463108	92.54652798652648	92.12753994581435	0.4189841655294111	0.00028360438335059564	35.46966004169538	089
DATA	2026-09-29T183000_AIU-1657.ghg	2026-09-29	19:00:00	272.791	0	18000	18000	0.06595398341831801	1	NaN	-35.668743479741686	1	NaN	223.09515830667985	0	NaN	6.620368030589526	0	NaN	5.057075685092436	0	NaN	0.13367329472854877	0	NaN	NaN	NaN	NaN	NaN	NaN	NaN	NaN	NaN	NaN	1.5165448470820629e-10	5.621780988750556e-12	7.678327693232717e-13	NaN	16.52026336031477	420.14827665616576	426.79551262301567	0.1	1	612.400633366462	15.574755990279863	15.821166802713647	0.1	1	0.08364275933090076	2.039853799579274	2.0721266667955667	1.2	0	NaN	NaN	NaN	NaN	9	302.54449608272967	295.0894452852584	97476.07743820621	1.1440281367155851	1014.1236980960018	0.025168982098781368	0.32769850439398984	0.011150912128749536	1518.573352980532	2626.313024472092	0.009747061082573484	57.821491148633214	1107.7396714915599	286.3727524664431	-1.0568473363059858	-1.1001786416888941	0.812916460899635	1.7286273480097167	2.0042382308663415e-14	9.179907208532341e-15	1.7286273480097167	2.8961588380562344	294.84917146837927	226.15082853162073	28.051631874071504	NaN	0.24010552989822972	0.17026252493856145	33.27532342497751	0.060197761999704856	-0.1598812979648322	-0.12804363973305277	0	16.12415918380527	-2.4469033635467077	5.534902070755649	13.78268875475124	21.019469986401806	29.48010552480831	44.16657005473395	0.06511941545948739	1.0128159620743191	-22.259811743925773	1.0274850665518742	196.59100647763455	1.1348187402054966	5.8338550431328695	1.1348187402054966	4.456284960694855	1.1348187402054966	0.09302767117590174	1.4442072523679903	NaN	NaN	800000009	800000009	800000009	800000019	800000019	800010019	899999999	899999999	89999	89999	89	89	31	13	3	24	17	2	6	NaN	0	0	0	0	0	0	0	0	0	NaN	NaN	NaN	NaN	0	0	0	0	0	0	300	0	0	18000	0	20	18000	18000	18000	18000	93	NaN	0.11591708649491447	0.14621660342321227	0.07839135995899614	0.07710016867242794	3.1892386396463364	0.5417252072488982	0.0000012621302552208193	NaN	-0.019186415700311144	0.1491558827640527	0.11393514447072534	0.00009302767117590174	NaN	16.521476938099433	612.4380614562936	92.34732542186313	92.52245596165127	92.17219251081679	0.35026386063132375	0.0002827365892395998	35.1079376586278	164
DATA	2026-09-29T190000_AIU-1657.ghg	2026-09-29	19:30:00	272.812	0	18000	18000	0.20478078075252382	1	NaN	37.0180158164065	1	NaN	204.90535370163096	1	NaN	10.9083244233001	1	NaN	4.6411524233278	1	NaN	0.08980382643568718	1	NaN	NaN	NaN	NaN	NaN	NaN	NaN	NaN	NaN	NaN	1.3234955809505765e-9	4.893648731041011e-11	6.699878109207636e-12	NaN	16.53433408915473	419.13355175738417	425.7313395886495	0.1	1	611.3599788212797	15.497538512528129	15.741492905069126	0.1	1	0.08370109021043277	2.033806158429795	2.065821303643003	0.6	0	NaN	NaN	NaN	NaN	9	301.95510060882566	294.28809781176903	97500.49079096045	1.1474643381213945	1014.0616963440674	0.025094347991055338	0.30074667703164143	0.011128627405669023	1511.4229255020243	2500.6457640649123	0.00969845165200392	60.44130469103862	989.222838562888	286.30046335971196	-0.5089258832268356	-1.522664084716728	0.5074445280988314	1.6837492148778719	4.818524502414463e-14	8.004529083627803e-14	1.6837492148778719	4.8738652220856045	269.4813726283139	251.51862737168602	17.540372003807846	NaN	0.4224496928757003	0.47932633999181307	-174.65431654100078	-0.011468940703390886	0.1806590952733699	0.07530686392766718	0	19.197011791343726	-2.9132206018819016	6.589712933555484	16.409316946407017	25.025243708957433	35.09826012746199	52.58358941131725	0.20236938408241759	1.011915817607688	48.264124472923555	1.022953357407576	185.72669168769917	1.1032628204360675	9.887330762210002	1.1032628204360675	4.2067514080583015	1.1032628204360675	0.0509358452463247	1.305307532874017	NaN	NaN	800000009	800000009	800000009	800000019	800000019	800110019	899999999	899999999	89999	89999	89	89	15	4	0	27	5	2	4	NaN	0	0	0	0	0	0	0	0	0	NaN	NaN	NaN	NaN	0	0	0	0	0	0	300	0	0	18000	0	20	18000	18000	18000	18000	93	NaN	0.4049066619131503	0.3968461838387829	0.15689983423169296	0.06079906597770044	3.568454710987047	0.3007043982325781	2.0946903660720555e-7	NaN	0.04147829123990915	0.25202290113795395	0.10722789797598033	0.0000509358452463247	NaN	16.535521867295238	611.3861069046909	92.3755656083425	92.51879020351834	92.23234162267048	0.28645022830284556	0.0002815874245344376	38.40702191944566	135
DATA	2026-09-29T193000_AIU-1657.ghg	2026-09-29	20:00:00	272.833	0	18000	18000	0.07485914060573022	0	NaN	-0.13176165460231096	2	NaN	125.65630669242479	1	NaN	5.718578865855754	2	NaN	2.843740061241908	1	NaN	0.10095868514508075	0	NaN	NaN	NaN	NaN	NaN	NaN	NaN	NaN	NaN	NaN	3.1345938966750285e-10	1.1799938239739709e-11	1.5789479092647485e-12	NaN	16.71139936062745	422.25513118127253	429.075487925361	0.1	1	629.0878080385452	15.895470461540182	16.152217558631783	0.1	1	0.08417814221274392	2.037649045347589	2.0705615960361814	0.4	0	NaN	NaN	NaN	NaN	9	301.23319817097973	293.41433108227403	97530.7908313471	1.151064813559296	1014.2652662771551	0.025012067756493273	0.18427435596847563	0.011451927342166776	1550.7136557252047	2369.643768727278	0.009948985675928527	65.44079224862074	818.9301130020731	286.6940316368358	-0.44197435184867173	-1.2142354252956715	0.5925852544873775	1.4215717637780003	-6.525831333819367e-15	1.875721972188771e-14	1.4215717637780003	3.2696522046875933	271.00119998345303	249.99880001654697	24.63600982972076	NaN	0.25501899466937283	0.3279345141557428	10797.265942809758	0.00018551918704326514	-0.0010485876759439583	-0.00044255288773072213	0	14.168444339182964	-2.1501160906791132	4.863568451438642	12.110973120515323	18.46999816527348	25.904435045580676	38.80956410438031	0.07396439392768908	1.0120969919515042	7.170464609083346	1.022093173399013	114.29594007565025	1.0993943145246923	5.201572165968588	1.0993943145246923	2.5866425027596756	1.0993943145246923	0.07332821302195373	1.3051926873234796	NaN	NaN	800000009	800000009	800000009	800000019	800000019	800010019	899999999	899999999	89999	89999	89	89	15	5	0	14	13	3	7	NaN	0	0	0	0	0	0	0	0	0	NaN	NaN	NaN	NaN	0	0	0	0	0	0	300	150	0	18000	0	20	18000	18000	18000	18000	93	NaN	0.27747501922469264	0.2562151109469106	0.12217889813988232	0.10258563946855112	7.798595893864053	0.24705639359020243	5.163523096632625e-7	NaN	0.006141804171245106	0.13220408527861638	0.06574256688342156	0.00007332821302195373	NaN	16.712752318751807	629.1361678991525	92.36691861110265	92.48316822772554	92.25066690381368	0.23249977015455153	0.00028071911598090085	38.0241990237236	112
DATA	2026-09-29T200000_AIU-1657.ghg	2026-09-29	20:30:00	272.854	0	18000	18000	0.0656899231653096	0	NaN	-31.463060879411977	2	NaN	96.94590000359344	1	NaN	12.64189411230155	2	NaN	2.1917811907397318	1	NaN	0.07854369093872994	1	NaN	NaN	NaN	NaN	NaN	NaN	NaN	NaN	NaN	NaN	3.2342876861223665e-10	1.2112688836571087e-11	1.6082604988294132e-12	NaN	16.99258754341218	427.6975288912674	434.65975437842366	0	0	636.3871906778746	16.01764464509139	16.27838604820719	0.1	1	0.08449621669782593	2.035797702177528	2.068937203089627	-0.9	0	NaN	NaN	NaN	NaN	9	300.29531789228645	292.37067403502374	97563.08650026484	1.1555025059849584	1014.3113171466273	0.024914851211893435	0.1420274211599346	0.01158497632577643	1563.1500360472126	2221.0714638439485	0.010025920554712528	70.37819635672194	657.921427796736	286.81677807706103	-0.06526346550271758	-1.0545421244073692	0.32081655666340153	1.1041927708096797	-4.454065147100778e-15	1.9033520809349957e-14	1.1041927708096797	4.3065748219840945	254.5414024418576	266.4585975581424	16.89052580633021	NaN	0.2384316647663153	0.3064760597341859	36.963941008243296	0.05419065027598898	-0.3245424600549972	-0.11258871868857603	0	14.37474454943238	-2.1814229434957673	4.9343846377520135	12.287315437376302	18.738931325018104	26.281617625994006	39.37465234150456	0.06488527387778999	1.012401107977677	-25.368596608213178	1.0251052167064174	86.17349115649142	1.1250083836981757	11.237155469672658	1.1250083836981757	1.9482354287305976	1.1250083836981757	0.05849027321839951	1.4519849626896126	NaN	NaN	800000009	800000009	800000009	800000019	800000019	800000019	899999999	899999999	89999	89999	89	89	3	2	0	3	2	2	0	NaN	0	0	0	0	0	0	0	0	0	NaN	NaN	NaN	NaN	0	0	0	0	0	0	300	0	0	18000	0	20	18000	18000	18000	18000	93	NaN	0.35399770193625946	0.15594330219563718	0.10301111533647522	0.2486303628856697	16.61602371902177	0.16346711559104957	4.422582765604292e-7	NaN	-0.021644835018139692	0.284530792196447	0.04933036402477124	0.00005849027321839951	NaN	16.994050892353087	636.4466381962055	92.3483846113417	92.42908101357355	92.26768928888109	0.1613906364188415	0.0002796620103537053	37.16592193243237	207
DATA	2026-09-29T203000_AIU-1657.ghg	2026-09-29	21:00:00	272.874	0	18000	18000	0.014597340322872257	1	NaN	11.826053252123444	1	NaN	24.098410796948055	1	NaN	0.7527464351067507	1	NaN	0.5441387337132007	1	NaN	0.015418246827057972	0	NaN	NaN	NaN	NaN	NaN	NaN	NaN	NaN	NaN	NaN	3.298333831750219e-10	1.2223120631832396e-11	1.6193392295669235e-12	NaN	17.336746106060048	434.2007733427756	441.30167764112684	0	0	642.4732905382583	16.09081645985912	16.353965110848726	0.1	1	0.08511592371984825	2.0386961297737702	2.072036895151713	-0.1	0	NaN	NaN	NaN	NaN	9	299.2375714959038	291.0665567585572	97608.19034560381	1.1611839719715016	1014.32556276892	0.02479225712844738	0.0352601899446154	0.011695446528828925	1571.0167714403754	2046.9282929968037	0.01007200134615358	76.74996612315762	475.9115215564284	286.89397972983096	-0.33927016080408773	-1.390427296996878	0.5543457429184486	1.5348262158752268	4.5723214709955833e-14	1.9025103162797594e-14	1.5348262158752268	2.8713431058643204	264.71246633333806	256.28753366666194	21.17256987552707	NaN	0.11212084195462146	0.14600938961459223	-10.229254823547983	-0.19582071563891604	0.49073996421461763	0.08955195611718428	1	23.57230116191072	10	19	32	50	82	200	0.01442451068711738	1.0119816636767605	13.012031956122762	1.022431903426527	21.88762514299476	1.1010061913757176	0.6836895568826792	1.1010061913757176	0.49421950391876923	1.1010061913757176	0.007956108706977856	1.305173729518085	NaN	NaN	800000009	800000009	800000009	800000019	800000019	800100019	899999999	899999999	89999	89999	89	89	13	4	0	8	0	1	7	NaN	0	0	0	0	0	0	0	0	0	NaN	NaN	NaN	NaN	0	0	0	0	0	0	300	0	0	18000	0	15	18000	18000	18000	18000	93	NaN	0.21048205896245645	0.05729168069781223	0.024245039568915747	0.16913327549649906	5.357496809617609	0.050085188570771814	2.0433408321107843e-7	NaN	0.011047568880696289	0.017227485962073116	0.012453253790746964	0.000007956108706977857	NaN	17.338160181397882	642.5144115909818	92.28163798650107	92.3111637986501	92.25211727650961	0.059047895396184276	0.0002786207023422725	38.3019907254113	044
DATA	2026-09-29T210000_AIU-1657.ghg	2026-09-29	21:30:00	272.895	0	18000	18000	0.018365684380560684	0	NaN	4.122846223298559	2	NaN	36.9063131245239	1	NaN	5.758826249323341	0	NaN	0.8327769480778348	1	NaN	0.007671254021811814	1	NaN	NaN	NaN	NaN	NaN	NaN	NaN	NaN	NaN	NaN	-3.706143109162927e-10	-1.3379942194396156e-11	-1.8112516352063412e-12	NaN	17.488549667290464	436.6799561951828	443.67450628699834	0.1	0	631.3727687245812	15.765048459401342	16.017566166213363	0.1	1	0.08546934980452381	2.0403808315428233	2.0730627665163337	0.4	0	NaN	NaN	NaN	NaN	9	298.66965159606934	290.36621544564133	97637.79438384017	1.164481994063819	1014.1280179450804	0.024725104970361924	0.05396394623544369	0.011489786532612845	1539.6774513540508	1958.4423509118694	0.009866864916060826	78.61745078363742	418.7648995578186	286.5843778121224	-0.3930404498057998	-1.5914916272792088	0.516494480080553	1.718747492459898	2.409647778551163e-14	-2.1191826536048758e-14	1.718747492459898	2.883081474999058	264.87238588445655	256.12761411554345	17.488016269903866	NaN	0.12558482637208374	0.1486867830092376	-41.23845768939216	-0.04857359155105504	0.11171113758743262	0.02779933505830513	1	25.647069039425972	11	21	38	62	111	311	0.018149482162217897	1.0119123078229117	6.160922420579293	1.0230867130846506	33.435277868021764	1.1038135609401325	5.2172091855969525	1.1038135609401325	0.7544543549261595	1.1038135609401325	0.0030870892601070356	1.3053614046767301	NaN	NaN	800000009	800000009	800000009	800000019	800000019	800000019	899999999	899999999	89999	89999	89	89	9	8	0	4	2	0	5	NaN	0	0	0	0	0	0	0	0	0	NaN	NaN	NaN	NaN	0	25	0	0	0	0	300	150	0	18000	0	20	18000	18000	18000	18000	93	NaN	0.15601802719267352	0.08741871186739017	0.05393682695841154	0.24657264908731222	19.286294140568142	0.03537875629616602	7.555651574824909e-8	NaN	0.005216992124469445	0.13106281056538804	0.018952835641112085	0.000003087089260107036	NaN	17.49007689544202	631.4196101986137	92.25987219577365	92.25259268612334	92.26715169419182	-0.014558146724062011	0.00027735402725132495	37.9371475587272	000
DATA	2026-09-29T213000_AIU-1657.ghg	2026-09-29	22:00:00	272.916	0	18000	18000	0.029209072520085214	1	NaN	-1.2309117250465857	2	NaN	32.36709246512069	1	NaN	12.309707458977568	1	NaN	0.7297750840791515	1	NaN	-0.01445901918408805	1	NaN	NaN	NaN	NaN	NaN	NaN	NaN	NaN	NaN	NaN	-1.5917464927083206e-10	-5.596363791386647e-12	-7.712137303956695e-13	NaN	17.688943466848144	440.23999582422647	447.1612644890677	0	0	621.9191509404158	15.478238421992101	15.721580797953436	0.1	1	0.08570432628762753	2.0381433938793347	2.070186229924024	0	0	NaN	NaN	NaN	NaN	9	297.89052443440755	289.5470774798205	97676.5665651483	1.1683675345215252	1013.9504333152718	0.024645567374254607	0.047289425448329016	0.01131716129345841	1512.2667262956015	1859.2165818816588	0.009686302434013678	81.33892205097915	346.9498555860573	286.3090096167027	-0.5435526965058856	-2.3393709647722005	0.5811763859311042	2.471006280093557	2.0625691542225855e-15	-8.998539091334105e-15	2.471006280093557	3.6985454701437397	264.0805754871926	256.9194245128074	13.603310006885433	NaN	0.15811356947014057	0.13008714271313238	275.7166532103084	0.007265067150195296	-0.03802972807560755	-0.0065714553222923	1	28.032498376617575	12	25	47	83	164	571	0.02884651730852312	1.0125684223050029	0.6180433584019152	1.0266270873551728	28.98330534252752	1.1167495246868238	11.022800714806346	1.1167495246868238	0.6534814369263389	1.1167495246868238	-0.012851961581350659	1.3080882611826037	NaN	NaN	800000009	800000009	800000009	800000019	800000019	800100019	899999999	899999999	89999	89999	89	89	15	5	2	15	0	1	5	NaN	0	0	0	0	0	0	0	0	0	NaN	NaN	NaN	NaN	0	0	0	0	0	0	300	0	0	18000	0	25	18000	18000	18000	18000	93	NaN	0.11635926047210415	0.07715853089558482	0.06665649405857578	0.10247212719600693	10.886630299290879	0.027752396906142687	2.262774868465655e-8	NaN	0.0005217022838394468	0.2759353159272668	0.016358692442716587	-0.000012851961581350658	NaN	17.690316389189828	621.965146092575	92.20946500439115	92.16573496966892	92.25319367684259	-0.0874574526430418	0.0002770406173011805	34.58686326037522	022
DATA	2026-09-29T220000_AIU-1657.ghg	2026-09-29	22:30:00	272.937	0	18000	18000	0.3644609827038888	1	NaN	51.01918081457046	1	NaN	58.90967541328509	1	NaN	-6.928986207838512	1	NaN	1.3289674536347802	1	NaN	0.04053022128238289	1	NaN	NaN	NaN	NaN	NaN	NaN	NaN	NaN	NaN	NaN	-9.984911618129036e-11	-3.5852686247098746e-12	-4.898110667992135e-13	NaN	17.48412894191007	435.9368619871181	442.8691483777434	0.1	1	627.800238231432	15.653125569976325	15.902042233882351	0.1	1	0.08576860944410315	2.0451440164111148	2.077665982934456	1	0	NaN	NaN	NaN	NaN	9	298.4093989893596	290.12649140611205	97695.27981174964	1.166179992992428	1014.0603252586174	0.024690155493677344	0.08611709099553375	0.011424364163123252	1529.6466839854186	1928.9340489295546	0.009796398696403833	79.30010281244623	399.287364944136	286.4841126055912	-0.6787358092036255	-1.3838629159536036	0.7153693521943513	1.6992681303743253	-7.032300437238282e-14	-5.710843045886521e-15	1.6992681303743253	4.491827910878956	277.1263170293097	243.87368297069028	24.896900252384707	NaN	0.5590397997353335	0.6393832585183326	-294.0727328802637	-0.00681158018419747	0.8660577478426371	0.07717228785591976	0	20.94282615631596	-3.178154667161365	7.188994510578426	17.901612807648164	27.301089055561288	38.290165585564864	57.365645428883184	0.3601699896337458	1.01191379957699	53.48796578941973	1.0230120399507823	53.384060524346104	1.1035068302160904	-6.27906055323796	1.1035068302160904	1.2043128481357381	1.1035068302160904	0.016055689868326454	1.305329449095386	NaN	NaN	800000009	800000009	800000009	800000019	800001019	800011019	899999999	899999999	89999	89999	89	89	11	1	0	39	2	1	14	NaN	0	0	0	0	0	0	0	0	0	NaN	NaN	NaN	NaN	0	0	0	0	0	0	300	0	0	18000	0	15	18000	18000	18000	18000	93	NaN	0.4188264843827919	0.6389087201433661	0.22103131251050717	0.05481409133033386	4.274178132560013	0.067163665830001	1.2316540845855317e-7	NaN	0.04523001207173043	-0.15749696243953684	0.03020764233759059	0.000016055689868326454	NaN	17.48548519770976	627.8476281553137	92.23836160914104	92.21737934133743	92.2593472451104	-0.041964179068807186	0.0002771469845255423	37.8339339068447	254
DATA	2026-09-29T223000_AIU-1657.ghg	2026-09-29	23:00:00	272.958	0	18000	18000	0.252046609386334	1	NaN	51.034726714519884	1	NaN	132.35858158717974	1	NaN	-2.7682817364025456	2	NaN	2.986029870169887	1	NaN	0.04393670414942264	1	NaN	NaN	NaN	NaN	NaN	NaN	NaN	NaN	NaN	NaN	2.9419979533459145e-10	1.0442731400607871e-11	1.4331071294281501e-12	NaN	17.526870848787286	437.20389841375754	444.0956930604215	0.1	1	622.1228140518342	15.518715345267628	15.763342165219727	0.1	1	0.08537695800024969	2.0359985171784203	2.0680926584525836	1	0	NaN	NaN	NaN	NaN	9	298.4070656619602	290.16073366844046	97699.07704846398	1.1661473111189673	1013.985296505196	0.024692109819243593	0.19349473558700866	0.011325369008978618	1516.5708611981515	1933.1250127201863	0.009711782466068932	78.4517737455643	416.5541515220348	286.3525379851348	-0.56913390953652	-1.3424064651259566	0.5046973971227302	1.5429478238937746	-2.842130986156577e-14	1.6785642906414618e-14	1.5429478238937746	3.5921118861116668	273.97526469843	247.02473530157	19.092818645235056	NaN	0.46490447028252874	0.5000333323822483	-169.07817457347124	-0.011847182553591934	0.3855792809392203	0.0928361237261809	0	18.456439013245262	-2.800835825657396	6.3354982637350945	15.776286474280177	24.059832297141217	33.74425689552473	50.55504583818219	0.2490638764796356	1.0119757748448208	57.74063348218163	1.0224582239924125	120.20288660125192	1.1011264814816952	-2.514045191863424	1.1011264814816952	2.711795529748619	1.1011264814816952	0.014950774920879872	1.3051779906477092	NaN	NaN	800000009	800000009	800000009	800000019	800000019	800100019	899999999	899999999	89999	89999	89	89	18	4	0	25	0	1	8	NaN	0	0	0	0	0	0	0	0	0	NaN	NaN	NaN	NaN	0	0	0	0	0	0	300	150	0	18000	0	25	18000	18000	18000	18000	93	NaN	0.3593474593028726	0.4310598574864343	0.2096593479751899	0.05356210166480449	10.354303453380524	0.07778419523220154	4.730491058204053e-8	NaN	0.04883109595272644	-0.06305588884253341	0.0680157532732201	0.000014950774920879873	NaN	17.52826064965137	622.1682687544599	92.29384957800971	92.28610342788697	92.30159425396388	-0.015488019702965998	0.0002774401888422694	36.72131422540876	094
DATA	2026-09-29T230000_AIU-1657.ghg	2026-09-29	23:30:00	272.979	0	18000	18000	0.13567727335146834	1	NaN	38.187039238226255	0	NaN	94.69974189363353	1	NaN	6.808092467777001	0	NaN	2.136413448716142	1	NaN	0.12236052135194846	1	NaN	NaN	NaN	NaN	NaN	NaN	NaN	NaN	NaN	NaN	-1.1654263675866482e-10	-4.110944382764427e-12	-5.689224828385403e-13	NaN	17.55984977658183	437.8979724281146	444.7680763029722	0.1	1	619.4090661489963	15.446486024724756	15.688823213232327	0.1	1	0.08572136010490568	2.044018431031433	2.076086674840474	0	0	NaN	NaN	NaN	NaN	9	298.401738377889	290.147504558671	97705.92460694739	1.166314259475769	1013.9443753199566	0.024689253621056926	0.138439591476806	0.011273961019918378	1509.6180294383132	1931.504935968676	0.00966631499900015	78.15760660643713	421.8869065303627	286.28216875688656	-0.11966518632730369	-1.5635480333561527	0.43957849072964966	1.6285673025523753	-1.966147618908888e-14	-6.63688119439885e-15	1.6285673025523753	3.8700245677813028	255.376565263683	265.623434736317	15.659345837342453	NaN	0.34107175892703356	0.31201797713588536	-89.22768173608662	-0.022449311256619593	0.4032433296504422	0.09467613293793223	0	15.816232850932776	-2.400174354545912	5.429200925162399	13.519477956780696	20.618056911893284	28.917117980250595	43.323112123223964	0.1340777227718362	1.0119300249628653	42.937906985212656	1.0227511025240268	85.9021472196323	1.1024141416571087	6.175621493337635	1.1024141416571087	1.937940895337902	1.1024141416571087	0.08234400815107838	1.3052376960163123	NaN	NaN	800000009	800000009	800000009	800000019	800000019	800001119	899999999	899999999	89999	89999	89	89	11	6	1	41	40	1	2	NaN	0	0	0	0	0	0	0	0	0	NaN	NaN	NaN	NaN	0	0	0	0	0	0	300	0	0	18000	0	20	18000	18000	18000	18000	93	NaN	0.27623018136151833	0.1818125096438366	0.16599326326641578	0.03987316068671233	7.9656027103718285	0.0631746024986735	0.0000011458256855276602	NaN	0.03630873807486556	0.15486423521942388	0.04859717114799245	0.00008234400815107839	NaN	17.561017770808014	619.4525241518014	92.29673446278085	92.28629441040631	92.30717495289687	-0.020872352481549436	0.00027713728065363184	35.009432325893016	244
