DATAH	filename	date	time	DOY	daytime	file_records	used_records	Tau	qc_Tau	rand_err_Tau	H	qc_H	rand_err_H	LE	qc_LE	rand_err_LE	co2_flux	qc_co2_flux	rand_err_co2_flux	h2o_flux	qc_h2o_flux	rand_err_h2o_flux	ch4_flux	qc_ch4_flux	rand_err_ch4_flux	none_flux	qc_none_flux	rand_err_none_flux	H_strg	LE_strg	co2_strg	h2o_strg	ch4_strg	none_strg	co2_v-adv	h2o_v-adv	ch4_v-adv	none_v-adv	co2_molar_density	co2_mole_fraction	co2_mixing_ratio	co2_time_lag	co2_def_timelag	h2o_molar_density	h2o_mole_fraction	h2o_mixing_ratio	h2o_time_lag	h2o_def_timelag	ch4_molar_density	ch4_mole_fraction	ch4_mixing_ratio	ch4_time_lag	ch4_def_timelag	none_molar_density	none_mole_fraction	none_mixing_ratio	none_time_lag	none_def_timelag	sonic_temperature	air_temperature	air_pressure	air_density	air_heat_capacity	air_molar_volume	ET	water_vapor_density	e	es	specific_humidity	RH	VPD	Tdew	u_unrot	v_unrot	w_unrot	u_rot	v_rot	w_rot	wind_speed	max_wind_speed	wind_dir	yaw	pitch	roll	u*	TKE	L	(z-d)/L	bowen_ratio	T*	model	x_peak	x_offset	x_10%	x_30%	x_50%	x_70%	x_90%	un_Tau	Tau_scf	un_H	H_scf	un_LE	LE_scf	un_co2_flux	co2_scf	un_h2o_flux	h2o_scf	un_ch4_flux	ch4_scf	un_none_flux	un_none_scf	spikes_hf	amplitude_resolution_hf	drop_out_hf	absolute_limits_hf	skewness_kurtosis_hf	skewness_kurtosis_sf	discontinuities_hf	discontinuities_sf	timelag_hf	timelag_sf	attack_angle_hf	non_steady_wind_hf	u_spikes	v_spikes	w_spikes	ts_spikes	co2_spikes	h2o_spikes	ch4_spikes	none_spikes	head_detect_LI-7200	t_out_LI-7200	t_in_LI-7200	aux_in_LI-7200	delta_p_LI-7200	chopper_LI-7200	detector_LI-7200	pll_LI-7200	sync_LI-7200	chopper_LI-7500	detector_LI-7500	pll_LI-7500	sync_LI-7500	not_ready_LI-7700	no_signal_LI-7700	re_unlocked_LI-7700	bad_temp_LI-7700	laser_temp_unregulated_LI-7700	block_temp_unregulated_LI-7700	motor_spinning_LI-7700	pump_on_LI-7700	top_heater_on_LI-7700	bottom_heater_on_LI-7700	calibrating_LI-7700	motor_failure_LI-7700	bad_aux_tc1_LI-7700	bad_aux_tc2_LI-7700	bad_aux_tc3_LI-7700	box_connected_LI-7700	mean_value_RSSI_LI-7200	mean_value_LI-7500	u_var	v_var	w_var	ts_var	co2_var	h2o_var	ch4_var	none_var	w/ts_cov	w/co2_cov	w/h2o_cov	w/ch4_cov	w/none_cov	co2_mean	h2o_mean	avg_signal_strength_7200_mean	co2_signal_strength_7200_mean	h2o_signal_strength_7200_mean	delta_signal_strength_7200_mean	flowrate_mean	rssi_77_mean	CHK
DATAU		[yyyy-mm-dd]	[HH:MM]	[ddd.ddd]	[1=daytime]	[#]	[#]	[kg+1m-1s-2]	[#]	[kg+1m-1s-2]	[W+1m-2]	[#]	[W+1m-2]	[W+1m-2]	[#]	[W+1m-2]	[µmol+1s-1m-2]	[#]	[µmol+1s-1m-2]	[mmol+1s-1m-2]	[#]	[mmol+1s-1m-2]	[µmol+1s-1m-2]	[#]	[µmol+1s-1m-2]	[µmol+1s-1m-2]	[#]	[µmol+1s-1m-2]	[W+1m-2]	[W+1m-2]	[µmol+1s-1m-2]	[mmol+1s-1m-2]	[µmol+1s-1m-2]	[µmol+1s-1m-2]	[µmol+1s-1m-2]	[mmol+1s-1m-2]	[µmol+1s-1m-2]	[µmol+1s-1m-2]	[mmol+1m-3]	[µmol+1mol_a-1]	[µmol+1mol_d-1]	[s]	[1=default]	[mmol+1m-3]	[mmol+1mol_a-1]	[mmol+1mol_d-1]	[s]	[1=default]	[mmol+1m-3]	[µmol+1mol_a-1]	[µmol+1mol_d-1]	[s]	[1=default]	[mmol+1m-3]	[µmol+1mol_a-1]	[µmol+1mol_d-1]	[s]	[1=default]	[K]	[K]	[Pa]	[kg+1m-3]	[J+1kg-1K-1]	[m+3mol-1]	[mm]	[kg+1m-3]	[Pa]	[Pa]	[kg+1kg-1]	[%]	[Pa]	[K]	[m+1s-1]	[m+1s-1]	[m+1s-1]	[m+1s-1]	[m+1s-1]	[m+1s-1]	[m+1s-1]	[m+1s-1]	[deg_from_north]	[deg]	[deg]	[deg]	[m+1s-1]	[m+2s-2]	[m]	[#]	[#]	[K]	[0=KJ/1=KM/2=HS]	[m]	[m]	[m]	[m]	[m]	[m]	[m]	[kg+1m-1s-2]	[#]	[W+1m-2]	[#]	[W+1m-2]	[#]	[µmol+1s-1m-2]	[#]	[mmol+1s-1m-2]	[#]	[µmol+1s-1m-2]	[#]	[µmol+1s-1m-2]	[#]	8u/v/w/ts/co2/h2o/ch4/none	8u/v/w/ts/co2/h2o/ch4/none	8u/v/w/ts/co2/h2o/ch4/none	8u/v/w/ts/co2/h2o/ch4/none	8u/v/w/ts/co2/h2o/ch4/none	8u/v/w/ts/co2/h2o/ch4/none	8u/v/w/ts/co2/h2o/ch4/none	8u/v/w/ts/co2/h2o/ch4/none	8co2/h2o/ch4/none	8co2/h2o/ch4/none	8aa	8U	[#]	[#]	[#]	[#]	[#]	[#]	[#]	[#]	[#_flagged_recs]	[#_flagged_recs]	[#_flagged_recs]	[#_flagged_recs]	[#_flagged_recs]	[#_flagged_recs]	[#_flagged_recs]	[#_flagged_recs]	[#_flagged_recs]	[#_flagged_recs]	[#_flagged_recs]	[#_flagged_recs]	[#_flagged_recs]	[#_flagged_recs]	[#_flagged_recs]	[#_flagged_recs]	[#_flagged_recs]	[#_flagged_recs]	[#_flagged_recs]	[#_flagged_recs]	[#_flagged_recs]	[#_flagged_recs]	[#_flagged_recs]	[#_flagged_recs]	[#_flagged_recs]	[#_flagged_recs]	[#_flagged_recs]	[#_flagged_recs]	[#_flagged_recs]	[#]	[#]	[m+2s-2]	[m+2s-2]	[m+2s-2]	[K+2]	--	--	--	--	[m+1s-1K+1]	--	--	--	--	--	--	--	--	--	--	--	--	241
DATA	2026-10-02T233000_AIU-1657.ghg	2026-10-03	00:00:00	276	0	18000	18000	0.13848199269004705	1	NaN	-27.758373207527452	1	NaN	7.095564459762384	1	NaN	38.145173702878	1	NaN	0.1606409848603704	1	NaN	0.02794206021479387	0	NaN	NaN	NaN	NaN	NaN	NaN	NaN	NaN	NaN	NaN	9.76796873330116e-10	5.021677374899952e-11	4.6066462635722755e-12	NaN	17.826913571842862	451.4597095803099	462.18677827936887	0.1	1	916.4751750568504	23.20938028342938	23.760855003054704	0.1	1	0.08407304224550069	2.0449760567520214	2.093566436321225	0.2	0	NaN	NaN	NaN	NaN	9	301.1010058831109	293.80449446855965	97552.73207627118	1.1465957353901033	1018.4289618650895	0.025039694071323372	0.010409535818952001	0.01670280150716064	2264.7457876187427	2427.378826147067	0.01456729777690817	93.30005531989958	162.63303852832405	292.6474168852143	-0.3398293353063494	-1.8620309005040898	0.5053422073123464	1.9590849389595502	1.6399861081170974e-13	5.47933813328708e-14	1.9590849389595502	4.115335806432009	261.3429160953458	259.6570839046542	14.948343498996119	NaN	0.34752935236423854	0.33190304648487307	129.89864414452703	0.015420484279815292	-3.9120739956546067	-0.06840084330768802	0	18.302193587110867	-2.777428487158839	6.282550800318005	15.644439803950256	23.858757805863057	33.46224706249554	50.132543719384614	0.13683477205934028	1.0120380266354552	-26.84778683109886	1.02619469486944	6.2926375310847025	1.1275978355198977	33.828704260762024	1.1275978355198977	0.14246301278709372	1.1275978355198977	0.026645604903847663	1.405622742961854	NaN	NaN	800000009	800000009	800000009	800000019	800000019	800100019	899999999	899999999	89999	89999	89	89	7	4	0	14	3	0	9	NaN	0	0	0	0	0	0	0	0	0	NaN	NaN	NaN	NaN	0	0	0	0	0	0	300	0	0	18000	0	15	18000	18000	18000	18000	87	NaN	0.2526638811261138	0.2915007566268167	0.11964145521681559	0.08155789137958744	94.68846822912654	0.026264834149441255	1.2778971762097104e-7	NaN	-0.022991506424300253	0.8671928121313359	0.0036520139740273735	0.000026645604903847664	NaN	17.828314186275072	916.5422907880732	89.51407002894082	89.33573053868611	89.6924092585246	-0.3566806982623182	0.000281701018547109	37.29295078289088	235
DATA	2026-10-03T000000_AIU-1657.ghg	2026-10-03	00:30:00	276.02	0	18000	18000	0.05858616673880681	0	NaN	-3.3740665028522727	1	NaN	-1.0711490644577983	1	NaN	7.0786007065060925	0	NaN	-0.024253635560817173	1	NaN	0.027147973363568518	0	NaN	NaN	NaN	NaN	NaN	NaN	NaN	NaN	NaN	NaN	-3.9632869148110005e-10	-2.0770505174231147e-11	-1.90975266715256e-12	NaN	17.500609760837314	443.2657272727826	453.80784094972785	0.1	1	917.1591999339412	23.230347133012742	23.782830542316372	0.1	1	0.08432858101354238	2.052479420972039	2.1012931912326085	-0.2	0	NaN	NaN	NaN	NaN	9	301.35919922298854	293.9414821465271	97550.05846839689	1.146020802819515	1018.4433523624472	0.025052055538828295	-0.0015716355843409526	0.016709641325060143	2266.7295842293547	2447.939635276817	0.014580574178016661	92.59744609564399	181.21005104746246	292.6615022201021	-0.22962588043779272	-1.7454796862872903	0.46164548244186154	1.8200395412373036	-3.8585921279131614e-15	-2.2646564713876448e-14	1.8200395412373036	3.857774763301389	258.49448632622807	262.5055136737719	14.693360410273344	NaN	0.22610037939352512	0.3481974975707447	294.28529034845405	0.006806660290863303	3.1499504735694104	-0.012785654610847593	0	13.052502076641607	-1.9807675470056596	4.480501584548146	11.157082458834905	17.015254719326574	23.864136678125053	35.75282535889123	0.05792727644848067	1.0113744393094701	-3.379572127662647	1.0245039339409594	-0.9562950968974107	1.120103060167325	6.319597685456431	1.120103060167325	-0.021653039281219425	1.120103060167325	0.020963735662237557	1.3898993009811016	NaN	NaN	800000009	800000009	800000009	800000019	800001019	800011119	899999999	899999999	89999	89999	89	89	10	5	0	19	62	0	5	NaN	0	0	0	0	0	0	0	0	0	NaN	NaN	NaN	NaN	0	0	0	0	0	0	300	150	0	18000	0	15	18000	18000	18000	18000	87	NaN	0.3780550830727244	0.2004369485954841	0.11790296347328086	0.023293983970274643	10.295684806126916	0.0033976211515096325	8.879182842242608e-8	NaN	-0.00289555848166317	0.16208521808101858	-0.0005553577567271721	0.000020963735662237558	NaN	17.501889982265368	917.2295570477389	89.767024248759	89.63134089999733	89.90270796288385	-0.2713690548381784	0.000281775392916946	38.920805156031136	057
DATA	2026-10-03T003000_AIU-1657.ghg	2026-10-03	01:00:00	276.041	0	18000	18000	0.017466629761325386	1	NaN	7.6101986548065454	2	NaN	18.592658504813166	2	NaN	9.897568958954482	1	NaN	0.42086518328138717	2	NaN	0.033462991004115206	0	NaN	NaN	NaN	NaN	NaN	NaN	NaN	NaN	NaN	NaN	5.722332543078292e-10	2.8295768720719516e-11	2.664100502777331e-12	NaN	18.27591334197596	462.75524762945366	473.59212679343614	0.1	1	903.7066846280775	22.88230430973602	23.418165908428566	0.1	1	0.08508570509759508	2.067810177105686	2.116234498900284	-0.2	0	NaN	NaN	NaN	NaN	9	301.206247853597	293.6427775840974	97556.18062632416	1.1474108983695577	1018.2383294175735	0.025025026986095676	0.027272063876633886	0.016477070372611553	2232.909005970649	2403.300903225367	0.014360217770307968	92.91008891037978	170.39189725471806	292.41987734274034	-0.3222100682520557	-1.0338775189317488	0.4388363159916711	1.1684602536964541	2.219554087574326e-14	3.131078833655491e-14	1.1684602536964541	2.163203159597023	268.3097534288065	252.69024657119348	22.05942492501036	NaN	0.1233800869654423	0.1939221390161429	-21.20055468238181	-0.09448337696865196	0.409312022421993	0.052793749804497775	1	15.324611524656431	7	13	22	35	61	161	0.017248701637416392	1.0126344653928188	8.594556744359227	1.021576806086977	16.960842935810593	1.0962107588153658	9.028892372531006	1.0962107588153658	0.38392725112112613	1.0962107588153658	0.0234433918631845	1.3057206145088271	NaN	NaN	800000009	800000009	800000009	800000019	800000019	800000019	899999999	899999999	89999	89999	89	89	3	0	0	0	0	0	7	NaN	0	0	0	0	0	0	0	0	0	NaN	NaN	NaN	NaN	0	0	0	0	0	0	300	0	0	18000	0	15	18000	18000	18000	18000	93	NaN	0.2915720521344364	0.059114515259616696	0.03715771063823278	0.07112208161770846	114.29697911799511	0.0690632449201703	3.16515006758614e-7	NaN	0.007356226140884017	0.2312410220552763	0.009832848402780876	0.000023443391863184502	NaN	18.27749530447413	903.7681965065216	90.20556365712484	90.13397919336954	90.2771457002428	-0.1431669634787562	0.00028221834142136176	38.6379698577457	067
DATA	2026-10-03T010000_AIU-1657.ghg	2026-10-03	01:30:00	276.062	0	18000	18000	0.03076450324867805	1	NaN	9.117716370296073	1	NaN	6.762304772785714	1	NaN	21.345648590310937	1	NaN	0.15304392381489523	1	NaN	0.028415407863675447	1	NaN	NaN	NaN	NaN	NaN	NaN	NaN	NaN	NaN	NaN	1.8425382625732962e-10	9.08298254435784e-12	8.582704362894334e-13	NaN	18.244293504139517	461.6088901185468	472.3576175994876	0	0	899.3712792743067	22.755486691557206	23.285356307111858	0.2	0	0.08498351466374177	2.0634450348372413	2.1114930876935674	0.2	0	NaN	NaN	NaN	NaN	9	300.8045557106866	293.4518433151676	97551.58313493115	1.1481588879227071	1018.1622164883368	0.025009933687572088	0.00991724626320521	0.016395640321566617	2220.429198672301	2375.142000699347	0.014279940253940145	93.48616621736757	154.7128020270461	292.3299068297788	-0.7513116016118153	-1.4406448853876528	0.7468558855189188	1.7882171350942009	2.4254251976514376e-14	1.0099257952385142e-14	1.7882171350942009	2.917597284606436	278.5425191547945	242.45748084520545	24.686557634181103	NaN	0.16369068174238627	0.12350298476923025	-41.320705168216044	-0.048476907444957834	1.3483149128370404	0.04764783281031344	1	18.94487014360171	8	16	28	46	83	233	0.030402195114183076	1.011917170228473	9.367653978156952	1.023362201562211	6.120170583656682	1.1049209626352228	19.318710850957004	1.1049209626352228	0.13851119581430274	1.1049209626352228	0.01972606100521322	1.3054920102214929	NaN	NaN	800000009	800000009	800000009	800000019	800000019	800000019	899999999	899999999	89999	89999	89	89	13	2	0	2	0	0	3	NaN	0	0	0	0	0	0	0	0	0	NaN	NaN	NaN	NaN	0	0	0	0	0	0	300	0	0	18000	0	15	18000	18000	18000	18000	88	NaN	0.1469615954712022	0.07071916124321133	0.029325212824047	0.04826670737277456	98.73627516432065	0.013453802026661797	1.8787373912599923e-7	NaN	0.008013308667931091	0.4944133106816729	0.003544842066189652	0.000019726061005213217	NaN	18.245696919229292	899.4383090600292	89.76849896240238	89.615893368615	89.92110717561508	-0.3052112533806133	0.0002814998763076599	37.81836996279823	093
DATA	2026-10-03T013000_AIU-1657.ghg	2026-10-03	02:00:00	276.083	0	18000	18000	0.11658111746685217	1	NaN	2.707745467257243	1	NaN	19.318093201259376	1	NaN	10.856367777983005	0	NaN	0.43733391877733235	1	NaN	0.15868432464328378	0	NaN	NaN	NaN	NaN	NaN	NaN	NaN	NaN	NaN	NaN	-1.738819858649646e-10	-8.884861903953044e-12	-8.353712706927475e-13	NaN	17.74060358654866	449.1773268132991	459.7288628699045	0.1	1	906.4930572029904	22.95165021994994	23.49080291176659	0.1	1	0.08523016623734996	2.0724588054172353	2.1211425267580464	0.7	0	NaN	NaN	NaN	NaN	9	301.10484269460045	293.75566479871503	97538.77954846398	1.1467350429661842	1018.2800328628126	0.025039113760112426	0.028339237936771136	0.016517706976862674	2239.2764522026955	2420.0864698452715	0.014404118090031857	92.52877862442097	180.81001764257599	292.4656123888652	-0.34512659097700754	-1.8310911472054425	0.5879819731735626	1.9539012139692753	3.34417632817543e-16	-9.80135681498492e-15	1.9539012139692753	4.2514330209427085	261.67396501648557	259.32603498351443	17.513299925304942	NaN	0.3188471686254955	0.31211108643987706	-1028.2502944525418	-0.0019480665464496512	0.1401662906917087	0.007272688065232509	0	15.551901458559948	-2.360061045956297	5.338464511912426	13.293531458259157	20.27347424528051	28.433835890819406	42.59906748772907	0.1152004559757179	1.0119848613396571	3.7844476304760013	1.0240706099084333	17.440513439646903	1.1076562205642546	9.80120688750579	1.1076562205642546	0.3948282063134613	1.1076562205642546	0.12339178073582767	1.3059203367112546	NaN	NaN	800000009	800000009	800000009	800000019	800001119	800011119	899999999	899999999	89999	89999	89	89	7	2	0	53	57	0	4	NaN	0	0	0	0	0	0	0	0	0	NaN	NaN	NaN	NaN	0	0	0	0	0	0	300	150	0	18000	0	15	18000	18000	18000	18000	89	NaN	0.2855616262012355	0.18735217535151136	0.15130837132700725	0.014039872711408155	11.303025895982449	0.00771631123542041	6.483695552589529e-7	NaN	0.003240948930289832	0.2511800779330908	0.010118445694521522	0.00012339178073582767	NaN	17.741809287993952	906.5602495867548	89.84246508238049	89.70849031278817	89.97643302281696	-0.26794810593623564	0.00028112659749038164	37.793223701265134	085
DATA	2026-10-03T020000_AIU-1657.ghg	2026-10-03	02:30:00	276.104	0	18000	18000	0.13512672111811297	0	NaN	-19.21364786290273	2	NaN	10.737256329809266	0	NaN	22.657880918569518	1	NaN	0.24307579434065368	0	NaN	0.06723432199316	1	NaN	NaN	NaN	NaN	NaN	NaN	NaN	NaN	NaN	NaN	8.272138103578362e-10	4.1594373997221675e-11	3.939388438850812e-12	NaN	17.92462606998075	453.93360870522264	464.5366171593066	0.1	1	901.2949145428474	22.8249142530949	23.358059969006113	0.1	1	0.08536132234090804	2.075515384132204	2.123995396941359	0	1	NaN	NaN	NaN	NaN	9	301.14180541737875	293.75444507146284	97546.41247881355	1.1468849831744372	1018.2072845376412	0.025037050510233663	0.015751311473274358	0.01642785206348057	2227.0857324968933	2419.9045580348557	0.014323888013609079	92.03196568650849	192.8188255379623	292.37795069474396	-0.3984222695842875	-1.7973336048660773	0.5034022165645234	1.9085497592997687	-2.279277033504597e-14	4.614957138454406e-14	1.9085497592997687	3.773497258432856	263.49887582882604	257.50112417117396	15.293382292317533	NaN	0.3432501108518139	0.3728164469015804	180.79876030523036	0.011079168887100227	-1.7894373825798415	-0.047933934123398726	0	17.290279502116014	-2.623866620771345	5.935193440432215	14.779470863799823	22.539625595872877	31.612145381680456	47.36075426885714	0.13356262292655055	1.0117105980497445	-18.261731119621686	1.0253993690626704	9.552538353878107	1.1240212739318856	20.157875517169757	1.1240212739318856	0.2162555104409739	1.1240212739318856	0.05362441154415414	1.3972827543020647	NaN	NaN	800000009	800000009	800000009	800000019	800001019	800001019	899999999	899999999	89999	89999	89	89	12	2	1	26	22	0	1	NaN	0	0	0	0	0	0	0	0	0	NaN	NaN	NaN	NaN	0	0	0	0	0	0	300	0	0	18000	0	15	18000	18000	18000	18000	93	NaN	0.424820594696085	0.18626564439076576	0.13454665471630997	0.026025073318218097	38.37275823326002	0.0033379071277951345	2.2466886567071536e-7	NaN	-0.015638168128258297	0.5164856503903905	0.0055409047379758	0.00005362441154415414	NaN	17.92583530048138	901.3631438115377	90.23814599821301	90.1696205190023	90.30667015499537	-0.1370505274087197	0.0002811184101948231	36.51450344262311	168
DATA	2026-10-03T023000_AIU-1657.ghg	2026-10-03	03:00:00	276.124	0	18000	18000	0.06090197750378284	0	NaN	8.092001718754585	2	NaN	21.896770262896773	1	NaN	-6.753320475175495	2	NaN	0.495681994513903	1	NaN	0.06550384127109674	1	NaN	NaN	NaN	NaN	NaN	NaN	NaN	NaN	NaN	NaN	5.805016008871549e-10	2.8104842599234886e-11	2.6916449050931825e-12	NaN	18.520330565337378	469.0310716035047	479.9293182091568	0.1	1	896.6572609431772	22.70802426973746	23.235660205609822	0.1	1	0.08587427378434118	2.08730352150167	2.1358033968732557	0.1	0	NaN	NaN	NaN	NaN	9	301.15221882883714	293.6941637769796	97556.77005693856	1.1472933350066667	1018.1391899605763	0.025029255029832158	0.03212019324450091	0.016348812773855952	2215.915738671998	2410.9290120657265	0.014249897802954596	91.91128098679945	195.01327339372847	292.29725882665264	-0.3326400196914394	-1.2910088711351848	0.5717478834952826	1.4506029540613234	-1.2084717114519342e-14	3.1344019419049726e-14	1.4506029540613234	2.95348379038909	265.44850687369114	255.55149312630886	23.21265980046518	NaN	0.23039787115223126	0.22701323782149763	-129.8302450476015	-0.015428608328248746	0.36955229568564124	0.030067400276928405	0	15.565322206735498	-2.3620976962695144	5.343071420466303	13.305003311944729	20.290969545981483	28.458373298812404	42.635828996203735	0.060176172879579826	1.0120613290854412	9.25372271315122	1.022174638383675	19.909825201405877	1.099797212752556	-6.140514266510447	1.099797212752556	0.45070308304684414	1.099797212752556	0.048401409914153974	1.305176981086995	NaN	NaN	800000009	800000009	800000009	800000019	800000019	800000119	899999999	899999999	89999	89999	89	89	4	1	0	8	5	0	3	NaN	0	0	0	0	0	0	0	0	0	NaN	NaN	NaN	NaN	0	0	0	0	0	0	300	0	0	18000	0	15	18000	18000	18000	18000	93	NaN	0.26956460886284506	0.10562702461138185	0.07883484216876836	0.06575387849231959	309.0206093171226	0.011857434776059484	3.6582381244083553e-7	NaN	0.007922000338215465	-0.15726462442733555	0.011542950314466723	0.00004840140991415397	NaN	18.521711822535995	896.7238849729126	90.41056010013158	90.36994683668347	90.45117418289183	-0.08122847180503313	0.00028152977617638584	39.454936432315975	080
DATA	2026-10-03T030000_AIU-1657.ghg	2026-10-03	03:30:00	276.145	0	18000	18000	0.06554035055738519	1	NaN	-15.139153403466267	1	NaN	-1.5545836509881648	2	NaN	34.1289286629793	1	NaN	-0.03519644936719192	2	NaN	0.020176020707042556	0	NaN	NaN	NaN	NaN	NaN	NaN	NaN	NaN	NaN	NaN	-3.2913246937152014e-10	-1.6100035938707305e-11	-1.5417349447491105e-12	NaN	18.308880994878344	463.52301940897155	474.276752718833	0.1	1	895.6079069862905	22.67396250862972	23.199998402610788	0	0	0.08576316302963734	2.0859703385959207	2.13436484711924	0.1	0	NaN	NaN	NaN	NaN	9	301.121659415351	293.8410480581165	97543.82221170071	1.1465825313067788	1018.1221798440224	0.025045096841223993	-0.0022807299189940363	0.016313964126248196	2212.29823422133	2432.8504115995074	0.014228338284253211	90.93441272317385	220.55217737817748	292.2710495830658	-0.3260108885230322	-1.4975807133731183	0.45478199681628134	1.598705025053353	-5.18666281768547e-14	-1.797665676365423e-14	1.598705025053353	3.4269163339139057	263.2812073134743	257.7187926865257	16.52710992766456	NaN	0.23908466412766818	0.16475757102793184	77.53668956454332	0.025834221337662003	9.738397411965014	-0.0542431186145614	0	16.470307319838923	-2.499432678637871	5.653723524518346	14.078570975188564	21.470709041615056	30.11297471576352	45.11472342665062	0.06476300159181049	1.0120029792700806	-14.959770779072835	1.0254712497155472	-1.3810594389068174	1.1256457232707526	30.319422849857204	1.1256457232707526	-0.031267785804687045	1.1256457232707526	0.01827785647879264	1.4221056593542811	NaN	NaN	800000009	800000009	800000009	800000019	800000019	800000019	899999999	899999999	89999	89999	89	89	16	1	1	8	5	7	2	NaN	0	0	0	0	0	0	0	0	0	NaN	NaN	NaN	NaN	0	0	0	0	0	0	300	150	17996	18000	0	15	18000	18000	18000	18000	93	NaN	0.1444964403637464	0.11131220852192111	0.07370649317019616	0.0503709987107598	140.31959062376433	0.013701546097999815	1.8757721409007843e-7	NaN	-0.012815032726653932	0.7769747023144387	-0.0008012777382978043	0.00001827785647879264	NaN	18.310302221216737	895.6740837351085	90.28191450161404	90.21686560143365	90.34696301396687	-0.1300957247983236	0.0002811097584263836	40.55080509938141	101
DATA	2026-10-03T033000_AIU-1657.ghg	2026-10-03	04:00:00	276.166	0	18000	18000	0.10860933976926077	1	NaN	21.051507532526585	1	NaN	17.22257590052751	1	NaN	-0.7760419933924139	1	NaN	0.39008335803547434	1	NaN	0.16848163876956357	1	NaN	NaN	NaN	NaN	NaN	NaN	NaN	NaN	NaN	NaN	4.902761863228099e-10	2.4426126109491542e-11	2.354674842379857e-12	NaN	18.07066366460356	457.82867700397344	468.5153019441632	0.1	1	900.3013441554083	22.809553702609524	23.341973705366993	0.1	1	0.0867889126642865	2.115010521603572	2.164379041585417	0.2	0	NaN	NaN	NaN	NaN	9	301.3243877605862	294.2566511508832	97533.64727328345	1.1447844799225741	1018.2073028995511	0.025083136600168726	0.025277401600698735	0.016386633430874646	2225.2957172383985	2495.823421355385	0.014314164559588484	89.16078349925598	270.52770411698657	292.3650435574396	-0.14082721950271024	-1.8089322511488888	0.3381640893569092	1.8456497897298576	-1.3134715682721286e-14	2.7131055915956904e-14	1.8456497897298576	3.5063815237969043	255.451556020451	265.548443979549	10.55750275320902	NaN	0.3080148962024144	0.27665211655016475	-119.224949398295	-0.01680101363103322	1.2223204968939518	0.05863427247974582	0	14.523015135820232	-2.2039235770117074	4.985281132029653	12.414054904555512	18.93221700924627	26.552703546389115	39.78078844857877	0.10732866144584743	1.0119323049981341	21.71931597514035	1.0235999753187948	15.573972868879984	1.1058562927730389	-0.7017566373352323	1.1058562927730389	0.3527432638261736	1.1058562927730389	0.12636385089406585	1.3056249696067137	NaN	NaN	800000009	800000009	800000009	800000019	800001019	800001119	899999999	899999999	89999	89999	89	89	8	6	2	27	22	0	4	NaN	0	0	0	0	0	0	0	0	0	NaN	NaN	NaN	NaN	0	1	0	0	0	0	300	0	18000	18000	0	15	18000	18000	18000	18000	93	NaN	0.21464771442471894	0.17110127174406992	0.1675552469315407	0.009447502170230767	2.509570033011685	0.003458667896095797	7.640357534700969e-7	NaN	0.018633146688813367	-0.018013241813459684	0.009054491787207013	0.00012636385089406584	NaN	18.07201064711869	900.3689458882972	90.36606979666814	90.32122057893542	90.41092051060997	-0.08970628042270287	0.0002813487678132434	39.447494205292934	183
DATA	2026-10-03T040000_AIU-1657.ghg	2026-10-03	04:30:00	276.187	0	18000	18000	0.04723476346335678	0	NaN	-13.326774140171233	1	NaN	9.111997080866638	0	NaN	39.49430509000327	0	NaN	0.2064075291069112	0	NaN	-0.04040187813144239	1	NaN	NaN	NaN	NaN	NaN	NaN	NaN	NaN	NaN	NaN	-5.633414432316529e-10	-2.7884996918908506e-11	-2.7194292168636687e-12	NaN	18.086533245587166	458.38533103668567	469.0274440134434	0.1	1	895.2704081803944	22.689744731552956	23.216521682073772	0.1	1	0.08730947728196933	2.1287828977303245	2.178205832031908	-0.6	0	NaN	NaN	NaN	NaN	9	301.5200531989204	294.3819673743376	97540.21676307474	1.1444265240725728	1018.1408982438905	0.02509212874413845	0.013375207886127845	0.016294719799873576	2213.756276858914	2515.089146391565	0.014238327631455928	88.01899845319687	301.3328695326509	292.2816177893245	-0.13853362347528916	-1.476074591302921	0.32824999906036884	1.518464957055747	2.279258740695628e-14	-3.11470106284243e-14	1.518464957055747	3.692904433375162	256.3616594468642	264.6383405531357	12.484310209846347	NaN	0.20315939696807012	0.3225641084215818	54.04223505925467	0.0370654544136396	-1.4625525032437487	-0.056297916736764486	0	13.144806337495988	-1.9947750747024293	4.512186650337847	11.23598275271014	17.135582645795715	24.032898305900947	36.00566102969446	0.04665869406656442	1.0123464535027604	-12.563556427465713	1.0260673302839964	8.072132248390034	1.1288215802812205	34.987198845156875	1.1288215802812205	0.1828522174917044	1.1288215802812205	-0.0261773935265868	1.43824702565891	NaN	NaN	800000009	800000009	800000009	800000019	800000019	800011119	899999999	899999999	89999	89999	89	89	7	6	0	15	41	7	1	NaN	0	0	0	0	0	0	0	0	0	NaN	NaN	NaN	NaN	0	18	0	0	0	0	300	0	18000	18000	0	15	18000	18000	18000	18000	93	NaN	0.4105839375566531	0.14101557529049585	0.0935287039960147	0.052252127724664574	81.32074783669253	0.0036839148382736037	5.316419620656331e-7	NaN	-0.010782433707265737	0.8982907529511112	0.004694701535162782	-0.0000261773935265868	NaN	18.087839584640932	895.3391749658972	90.59954930114745	90.59321474181283	90.60589184294807	-0.012679360444121187	0.0002820493223973447	39.09581278513555	157
DATA	2026-10-03T043000_AIU-1657.ghg	2026-10-03	05:00:00	276.208	0	18000	18000	0.07139036312430366	1	NaN	-24.49030015810233	1	NaN	6.625974509905007	1	NaN	56.61860857791159	1	NaN	0.15007124183015738	1	NaN	-0.08745798263645235	2	NaN	NaN	NaN	NaN	NaN	NaN	NaN	NaN	NaN	NaN	4.3162442049675e-10	2.122824340090862e-11	2.062370305830493e-12	NaN	18.273047872958816	462.9505291980793	473.7370144475111	0.1	1	898.708899457523	22.768930694620604	23.299433890087908	0.1	1	0.08731153646690634	2.1274027599652277	2.176970039928628	0	1	NaN	NaN	NaN	NaN	9	301.559421579149	294.22903862731914	97564.17982987053	1.1452680638056065	1018.1836197359758	0.025072933851472703	0.009724616470594197	0.016364105635883454	2222.0279244551293	2491.595750418325	0.014288450148087807	89.18091645011286	269.5678259631959	292.34145722174827	-0.2834662855925523	-1.7162936096986299	0.44758120787134087	1.796203169855649	-1.7973376241709603e-14	2.3620822508514575e-14	1.796203169855649	3.669362839482363	260.37841428932404	260.62158571067596	14.429102885255686	NaN	0.2496699189465132	0.18444948535856406	54.59255547172891	0.036691815993800066	-3.6961053987594394	-0.08411910267886478	0	16.290260453984764	-2.472109872119248	5.591919261778857	13.924669622252981	21.23599976779641	29.783791621979468	44.62154716714868	0.07048590277521953	1.0128317906627156	-23.63091687074577	1.027633620576985	5.836716620330922	1.1352229242764467	49.87444084077002	1.1352229242764467	0.13219539406835693	1.1352229242764467	-0.05694575429808577	1.4409126277468822	NaN	NaN	800000009	800000009	800000009	800000019	800000019	800000019	899999999	899999999	89999	89999	89	89	16	5	1	3	1	0	3	NaN	0	0	0	0	0	0	0	0	0	NaN	NaN	NaN	NaN	0	3	0	0	0	0	300	150	18000	18000	0	20	18000	18000	18000	18000	93	NaN	0.13179132349486897	0.1544907392561939	0.08261690796606529	0.084766697953923	166.99552230629146	0.00437184601862202	6.415134626537555e-7	NaN	-0.020265033034957445	1.2796424620602127	0.003391774157002069	-0.000056945754298085775	NaN	18.274391440618253	898.7764443775252	90.5063915193346	90.48546308814153	90.52731954277887	-0.041858017219548516	0.00028179361993453417	38.64227441458581	171
DATA	2026-10-03T050000_AIU-1657.ghg	2026-10-03	05:30:00	276.229	0	18000	18000	0.22059279979221263	1	NaN	-62.877173046132874	2	NaN	23.87426923713107	1	NaN	15.595078807780377	2	NaN	0.5433217076349781	1	NaN	NaN	NaN	NaN	NaN	NaN	NaN	NaN	NaN	NaN	NaN	NaN	NaN	1.0243421865330157e-10	5.058394142627902e-12	NaN	NaN	18.257382112403917	462.3691531315389	473.1729489444159	0.1	1	901.5838257104406	22.832657354945482	23.36616908741618	0.1	1	NaN	NaN	NaN	NaN	0	NaN	NaN	NaN	NaN	9	301.33705444759795	299.1668355351981	96960.71761609969	1.1195012827508837	1018.2241260782675	0.025838466672624315	0.03520724665474658	0.015923719383150174	2198.399483820496	3351.8579021073424	0.014223940274567411	65.58749052095385	1153.4584182868466	292.17000075307897	-0.22293939059874868	-0.9675598607040353	0.37073092336711727	1.059865780873589	2.3594040934985065e-14	5.6105644293717545e-15	1.059865780873589	3.8049233949922523	263.9752941323469	257.0247058676531	20.47449834761861	NaN	0.44389818434325723	0.43027012310405066	118.99240868237504	0.0168338469838597	-2.6336794823584184	-0.12426295021932474	0	21.4900197182661	-3.2611934012735717	7.376828353237578	18.369345634333307	28.014411128424182	39.2906099352453	58.86449336953386	0.21812298358022403	1.0113230443277896	-60.56415236328602	1.0223338424249804	21.48518992598381	1.1111965646744388	14.034491559420418	1.1111965646744388	0.4889519324550485	1.1111965646744388	NaN	1	NaN	NaN	800000009	800000019	800000009	800000019	800000009	800001009	899999999	899999999	89999	89999	89	89	15	5	0	12	11	0	0	NaN	0	0	0	0	0	0	0	0	0	NaN	NaN	NaN	NaN	0	14780	0	0	0	0	300	0	18000	18000	0	15	18000	18000	18000	18000	93	NaN	0.5228982271142614	0.20698544431142116	0.13065657478241882	0.1091658852488414	15.1977621925509	0.006360181463072193	NaN	NaN	-0.05313096020069289	0.3710424222148979	0.012926860128609356	NaN	NaN	18.25877964057502	901.6519302070608	90.46048692745632	90.4324232847426	90.48855270767208	-0.05612684540088226	0.0002813755801293559	5.750965161911974	223
DATA	2026-10-03T053000_AIU-1657.ghg	2026-10-03	06:00:00	276.249	0	18000	18000	0.3602836342168448	1	NaN	-107.56900638733143	1	NaN	-75.45206830262508	1	NaN	-51.07784471951934	1	NaN	-1.7166959414587795	1	NaN	NaN	NaN	NaN	NaN	NaN	NaN	NaN	NaN	NaN	NaN	NaN	NaN	5.561929446852778e-10	2.7698975382179704e-11	NaN	NaN	17.91238773544232	453.2491542539712	463.71628327517976	0	0	892.0551611830027	22.572269723375424	23.09354341418898	0.1	1	NaN	NaN	NaN	NaN	0	NaN	NaN	NaN	NaN	9	301.06232690175375	298.91866819397063	96810.66297941396	1.1188048945917584	1018.0719635950043	0.025854922472676702	-0.11124189700652891	0.015732103154218035	2170.1462361463423	3303.0550523747856	0.014061525141931503	65.70118274553371	1132.9088162284434	291.96285119583126	-0.6764902245274107	-1.530016137035313	0.6066868594823773	1.779510423947564	-4.9427746556190356e-14	3.1050742809947526e-14	1.779510423947564	5.052293156451254	274.8524172145958	246.14758278540427	19.93348901332237	NaN	0.5674728506385419	0.7021925331380312	145.1466728354704	0.01380052302177532	1.4256601416927488	-0.16642142374781255	0	20.284894328129635	-3.0783109739168517	6.963147804605561	17.33922257654425	26.44340846843642	37.08725636704613	55.563468220783164	0.3561210697216248	1.0116886217894208	-110.02687740399344	1.025122762059069	-67.17287658579767	1.1232520049406054	-45.4731836621295	1.1232520049406054	-1.5283266211926805	1.1232520049406054	NaN	1	NaN	NaN	800000009	800000019	800000009	800000019	800000009	800000019	899999999	899999999	89999	89999	89	89	9	14	0	3	23	0	0	NaN	0	0	0	0	0	0	0	0	0	NaN	NaN	NaN	NaN	0	15965	0	0	0	0	300	0	18000	18000	0	15	18000	18000	18000	18000	93	NaN	0.37895099192310155	0.7787649060345788	0.24666916831838226	0.17661107693246333	15.4576944615173	0.022577281684909255	NaN	NaN	-0.09659751458984035	-1.2026650552706724	-0.04042085625685129	NaN	NaN	17.91371664767797	892.1207148905198	90.43898076502481	90.3962820854187	90.48167959849039	-0.08539696894668901	0.00028148225892639145	5.035109760424188	201
DATA	2026-10-03T060000_AIU-1657.ghg	2026-10-03	06:30:00	276.27	1	18000	18000	0.10822949716877178	1	NaN	-6.775625298777411	2	NaN	15.62737974366186	1	NaN	3.556221784478167	1	NaN	0.35513790136224527	1	NaN	NaN	NaN	NaN	NaN	NaN	NaN	NaN	NaN	NaN	NaN	NaN	NaN	1.2464952454245087e-10	6.1748857814542425e-12	NaN	NaN	17.95311862722515	453.8086457201515	464.2452332850285	0.2	0	889.3612498799363	22.480764080283684	22.997771557029523	0.1	1	NaN	NaN	NaN	NaN	0	NaN	NaN	NaN	NaN	9	299.8324605017767	297.7061628345421	96810.66297941396	1.1233997579937123	1017.9936074467404	0.025749302813284605	0.02301293600827349	0.015732595892215494	2161.4120673854027	3073.1107856671288	0.014004450134752077	70.3330344439955	911.6987182817261	291.89833475059925	-1.0555395639145218	-0.707305583313352	0.783107920580365	1.492549153110467	3.934393509716943e-14	6.9430569212317844e-15	1.492549153110467	3.579144606997018	307.17439051961696	213.82560948038304	31.64657864288129	NaN	0.31038852519228516	0.30458878868167627	377.0577706667249	0.0053124485313167215	-0.4335739842455331	-0.019088172309274093	0	18.571804090373526	-2.8183429211929263	6.375099361504673	15.874898807059909	24.210222326694634	33.9551810503194	50.8710486574779	0.10706352758529121	1.0108904461657282	-5.770918964641369	1.0227165667274163	14.046530102499343	1.1125437833847118	3.1964780511010633	1.1125437833847118	0.3192125169957832	1.1125437833847118	NaN	1	NaN	NaN	800000009	800000019	800000009	800000019	800000009	800100019	899999999	899999999	89999	89999	89	89	17	35	3	0	9	0	1	NaN	0	0	0	0	0	0	0	0	0	NaN	NaN	NaN	NaN	0	15278	0	0	0	0	300	150	18000	18000	0	15	18000	18000	18000	18000	93	NaN	0.15199359402310647	0.36517448839168154	0.09200949494856459	0.12999155157107725	1.2316502695795746	0.00979222524784422	NaN	NaN	-0.005046213244978292	0.08418664732407609	0.008407200412497056	NaN	NaN	17.95448895663284	889.4280398084998	90.29843219248451	90.22695495181611	90.3699106258816	-0.14295573136292583	0.0002815245380447272	3.6335870437092392	030
DATA	2026-10-03T063000_AIU-1657.ghg	2026-10-03	07:00:00	276.291	1	18000	18000	0.07729993994949874	1	NaN	15.681251629956986	0	NaN	15.582477022978386	0	NaN	2.3506811203534936	0	NaN	0.3539045534901318	0	NaN	NaN	NaN	NaN	NaN	NaN	NaN	NaN	NaN	NaN	NaN	NaN	NaN	2.698659184176111e-10	1.3214503198952641e-11	NaN	NaN	17.900477677276296	452.0898310088917	462.3245155579491	0.2	0	876.5312823351735	22.137447192705952	22.638608185938526	0.1	1	NaN	NaN	NaN	NaN	0	NaN	NaN	NaN	NaN	9	299.1757048221163	297.0862786607851	96942.98252162436	1.127426160910197	1017.7878364345136	0.025657832523733635	0.022933015066160536	0.015547564467050889	2131.5474277749545	2961.115782292461	0.013790317278516035	71.98460257858392	829.5683545175066	291.6759934721523	-1.2680203000388346	0.04984292531555752	0.7750189031431131	1.4869479139310096	-4.8973027853169865e-14	1.507590597764838e-14	1.4869479139310096	3.4647063539708554	343.2510048152066	177.74899518479353	31.4137571147046	NaN	0.261845746967204	0.46161196122693926	-97.90102959789444	-0.020460458978084954	1.0063388257741657	0.052190305038995605	0	16.859869187785346	-2.5585501950380456	5.7874475075803415	14.411562600700284	21.97854228102953	30.8252180547549	46.181793736188965	0.07638161853665004	1.012022806408692	16.35455571797556	1.0222819815629183	14.161866596040186	1.1003123717699346	2.1363761606826683	1.1003123717699346	0.3216400747370039	1.1003123717699346	NaN	1	NaN	NaN	800000009	800000019	800000009	800000019	800000009	800100009	899999999	899999999	89999	89999	89	89	7	1	5	1	0	0	0	NaN	0	0	0	0	0	0	0	0	0	NaN	NaN	NaN	NaN	0	10664	0	0	0	0	300	0	18000	18000	0	15	18000	18000	18000	18000	93	NaN	0.19591507524092963	0.6439192044775066	0.08338964273544226	0.26415869615235543	4.455794562729511	0.09219853000852887	NaN	NaN	0.01425257668573469	0.056047125779093925	0.008438121551881382	NaN	NaN	17.901780498757702	876.5891965481078	90.49427457300824	90.44471057679915	90.54384253311159	-0.0991278652310758	0.00028106965591885255	15.823181320909198	218
DATA	2026-10-03T070000_AIU-1657.ghg	2026-10-03	07:30:00	276.312	1	18000	18000	0.19911360201643066	1	NaN	74.86466671515082	1	NaN	69.1400636737151	1	NaN	5.49121230167906	1	NaN	1.5688005752584482	1	NaN	NaN	NaN	NaN	NaN	NaN	NaN	NaN	NaN	NaN	NaN	NaN	NaN	-2.0907681714276275e-10	-9.796004783237859e-12	NaN	NaN	17.64634568774135	444.2320673430854	453.6747994703994	0.1	0	826.7950943874732	20.8138784396601	21.256304579248976	0.1	1	NaN	NaN	NaN	NaN	0	NaN	NaN	NaN	NaN	9	298.06639417097296	296.10850197910486	96942.98252162436	1.1317055085268282	1017.0241745273127	0.025562696099067226	0.10165827727674744	0.014672399752179854	2004.9548369251188	2791.8638828396956	0.012964856706652702	71.81420445490394	786.9090459145768	290.7020846341498	-1.5642196622590392	-1.107877978545698	1.1062236079379204	2.2131216500462654	2.2972373238925752e-14	-1.1848165101288097e-14	2.2131216500462654	5.035497330807016	305.6914928155793	215.30850718442065	29.98991968206536	NaN	0.41945342947653064	0.554498919304703	-84.27395741848473	-0.02376890870394367	1.082797190764116	0.15507023319707877	0	18.492509843833894	-2.806309713361376	6.347880212625763	15.807119277743677	24.106854267856054	33.81020587804211	50.65384943147127	0.19671010255464155	1.0122184851239222	77.4596034407324	1.0252972372155358	62.169206873611934	1.1121271631191096	4.9375759209749175	1.1121271631191096	1.410630571110714	1.1121271631191096	NaN	1	NaN	NaN	800000009	800000019	800000009	800000019	800000009	800000009	899999999	899999999	89999	89999	89	89	20	3	0	3	0	0	3	NaN	0	0	0	0	0	0	0	0	0	NaN	NaN	NaN	NaN	0	9874	0	0	0	0	300	0	18000	18000	0	15	18000	18000	18000	18000	93	NaN	0.3668704006760155	0.5722896130503654	0.16983782488302493	0.22302698914219904	2.580516451586361	0.20467735439124127	NaN	NaN	0.06729930252089257	0.12888329045388836	0.036821045899725444	NaN	NaN	17.647594699131602	826.8301427444708	90.74411126369901	90.68777280171712	90.80045045047336	-0.11267571596449477	0.0002797937004328965	13.525043947860045	080
DATA	2026-10-03T073000_AIU-1657.ghg	2026-10-03	08:00:00	276.333	1	18000	18000	0.16773963134104472	1	NaN	41.12268097132351	0	NaN	51.72731696206907	1	NaN	1.8506934016683145	0	NaN	1.1728769446149272	1	NaN	NaN	NaN	NaN	NaN	NaN	NaN	NaN	NaN	NaN	NaN	NaN	NaN	-3.5337370907048414e-11	-1.578324697883188e-12	NaN	NaN	17.63175386655812	442.26621491997275	451.1786090319498	0.1	0	787.5128194394157	19.75358302358243	20.151650321265755	0.1	1	NaN	NaN	NaN	NaN	0	NaN	NaN	NaN	NaN	9	297.2358949830798	295.38240768881076	96952.44083495133	1.1350456727416784	1016.4145826399011	0.02548898418242248	0.07600242601104727	0.013965231789401358	1903.6506439748498	2671.707782938896	0.012303673873905569	71.25220265970935	768.0571389640461	289.883055379108	-2.0404213945306284	0.06308559748740179	1.2598702139007956	2.3988689450953937	3.019456756278743e-13	-2.0041892130806266e-15	2.3988689450953937	4.916808195041253	342.7709025300354	178.2290974699648	31.68126590460395	NaN	0.3844246020257218	0.8197090644628323	-118.08977218417114	-0.01696251896291233	0.7949896377087992	0.09272268997661282	0	17.985561349103595	-2.729378323466243	6.173861199214672	15.37378732921175	23.445995704741804	32.883342346745415	49.26523896494005	0.16567523217004143	1.012460517748872	43.26189189191851	1.0262458906704908	46.373612872741006	1.1154472071007224	1.6591492541172332	1.1154472071007224	1.0514858409690913	1.1154472071007224	NaN	1	NaN	NaN	800000009	800000019	800000009	800000019	800000009	800000019	899999999	899999999	89999	89999	89	89	11	7	1	18	0	0	0	NaN	0	0	0	0	0	0	0	0	0	NaN	NaN	NaN	NaN	0	15724	0	0	0	0	300	150	18000	18000	0	15	18000	18000	18000	18000	93	NaN	0.2886308686677759	1.1978656296140253	0.15292163064386344	0.07979960085133932	0.38756272996461516	0.061621216178191496	NaN	NaN	0.037499137866803194	0.043137019792172326	0.027338086323768263	NaN	NaN	17.633095463472404	787.5645909669928	90.67311911773682	90.56015247726441	90.78608519744871	-0.22593185013118497	0.00027900378850366297	3.763053930638428	038
DATA	2026-10-03T080000_AIU-1657.ghg	2026-10-03	08:30:00	276.354	1	18000	18000	0.2088015836013661	1	NaN	73.47350721651922	1	NaN	49.07281004534847	1	NaN	1.7634594016003835	0	NaN	1.1118659585252673	1	NaN	NaN	NaN	NaN	NaN	NaN	NaN	NaN	NaN	NaN	NaN	NaN	NaN	3.3510502562768653e-10	1.4543567527956257e-11	NaN	NaN	17.64341253566717	441.32828336273195	449.94640375267255	0.2	0	765.7245997890674	19.153659898297292	19.527686565370953	0.1	1	NaN	NaN	NaN	NaN	0	NaN	NaN	NaN	NaN	9	296.4113561952378	294.61886598602973	96843.72592353955	1.136965101567127	1016.0622315307684	0.025446811261194986	0.07204891411243732	0.013563544514018647	1844.1203557046028	2550.1489693771214	0.011929604959135018	72.31422077099413	706.0286136725185	289.383736888743	-1.782706307861607	-0.623877600533267	1.1785509824219806	2.2262631153357666	-9.171782349653372e-14	1.8993209219035857e-14	2.2262631153357666	5.3018821429442236	321.71194682095916	199.28805317904082	31.963931891129743	NaN	0.4285419355587824	0.8609134768565129	-91.47615368516146	-0.021897510108417763	1.4972345612289562	0.14841233620458422	0	16.99197285106759	-2.578597435600321	5.832794420316708	14.524482825167574	22.150752748180196	31.06674568353729	46.54364613620138	0.20627802096429762	1.0122337931364256	74.87827619115177	1.0253626908938775	44.11576536519618	1.1123644719550305	1.5853251753906024	1.1123644719550305	0.9995518434449036	1.1123644719550305	NaN	1	NaN	NaN	800000009	800000019	800000009	800000019	800000019	800000019	899999999	899999999	89999	89999	89	89	7	5	1	11	1	0	0	NaN	0	0	0	0	0	0	0	0	0	NaN	NaN	NaN	NaN	0	17325	0	0	0	0	300	0	18000	18000	0	15	18000	18000	18000	18000	93	NaN	0.3199624694894484	1.1828193016217128	0.2190451826018644	0.12518288369183997	0.0841844346671862	0.02985435202208925	NaN	NaN	0.064816920707489	0.041124574061121084	0.025929156019081103	NaN	NaN	17.644769098356146	765.7774373899146	90.40824388546416	90.22397793451938	90.59251032384236	-0.36853181075302954	0.00027848638299878486	1.2889266088119045	186
DATA	2026-10-03T083000_AIU-1657.ghg	2026-10-03	09:00:00	276.374	1	18000	18000	0.1875554961439995	0	NaN	42.08440526217794	0	NaN	4.024163261343604	1	NaN	1.739473093382883	1	NaN	0.09115620569193171	1	NaN	NaN	NaN	NaN	NaN	NaN	NaN	NaN	NaN	NaN	NaN	NaN	NaN	3.7564247150082616e-10	1.6060247322152066e-11	NaN	NaN	17.675760361006994	441.4415123447773	449.93329445765653	0.1	0	755.7108275607751	18.87342461089727	19.236482921087223	0.1	1	NaN	NaN	NaN	NaN	0	NaN	NaN	NaN	NaN	9	296.1436347503662	294.3788371181689	96843.72592353955	1.1380108983659398	1015.9003659422052	0.02542382746878679	0.005906922128837175	0.013377180038415627	1817.30215341488	2512.9632752559087	0.011754878672624144	72.31709954972638	695.6611218410287	289.15415710381	-1.5537572930317924	-0.3157907375874955	1.140024884948746	1.9528292946127688	-2.490818524516053e-13	2.1251842287333753e-14	1.9528292946127688	5.918751363714777	329.5115000663933	191.4884999336067	35.716928762847004	NaN	0.4059678924349995	1.8187830652937353	-135.7652676572511	-0.014754141722439393	10.457926910283113	0.089666861532802	0	13.81528559369638	-2.0965228885563643	4.742340482313752	11.809098336560774	18.009620072588422	25.258748224626313	37.84220758704692	0.18533441332933182	1.011984189955704	41.57218059355181	1.024065816994604	3.633110494176291	1.1076358034786316	1.5704377629541304	1.1076358034786316	0.08229799488753191	1.1076358034786316	NaN	1	NaN	NaN	800000009	800000019	800000009	800000019	800000019	800001019	899999999	899999999	89999	89999	89	89	26	10	2	10	12	0	0	NaN	0	0	0	0	0	0	0	0	0	NaN	NaN	NaN	NaN	0	17979	0	0	0	0	300	0	18000	18000	0	20	18000	18000	18000	18000	92	NaN	0.53924475905492	2.768529253021769	0.32979211851078205	0.07167558212218152	0.22747373503735735	0.026679032773897524	NaN	NaN	0.035958806380419296	0.040690100931929624	0.002132344112873266	NaN	NaN	17.67709557618941	755.7656362005739	90.11614420869617	89.86979849116008	90.36248813205296	-0.49269089301592334	0.00027785175057134533	0.2167565464857841	110
DATA	2026-10-03T090000_AIU-1657.ghg	2026-10-03	09:30:00	276.395	1	18000	18000	0.21361868547611174	1	NaN	46.996135382795224	0	NaN	15.854301850632513	0	NaN	1.6065443699517317	0	NaN	0.3590508874694743	0	NaN	NaN	NaN	NaN	NaN	NaN	NaN	NaN	NaN	NaN	NaN	NaN	NaN	1.1452133905930085e-10	4.835170813769889e-12	NaN	NaN	17.694564225802242	441.44465524820066	449.8286063597724	0.2	0	747.0768435799856	18.638101252427337	18.992077516167615	0.1	1	NaN	NaN	NaN	NaN	0	NaN	NaN	NaN	NaN	9	295.87792815483937	294.13659214800845	96875.61874219027	1.139423082608824	1015.7637041836449	0.025392654277912874	0.02326649750802193	0.013226604302466737	1795.3692913019113	2475.906930048224	0.011608158992341187	72.51360176397836	680.5376387463125	288.9641765169989	-1.3758358617061597	-0.6105140694329472	0.937662086186261	1.7733758584133428	-1.8389785701777987e-13	6.472119776326882e-15	1.7733758584133428	6.148445278948325	317.0712008218454	203.92879917815463	31.920640372234047	NaN	0.43298924844775877	1.3647779342374213	-147.5318346759012	-0.01357740859388363	2.964251332260354	0.09377937416355298	0	14.68193811057983	-2.2280407515602367	5.039834246524516	12.549899873097543	19.13938915757535	26.843265430132792	40.21610309773432	0.21110339765969385	1.0119149565772154	47.102551301739084	1.0233021857861333	14.351912015962334	1.104682207708576	1.4543045581264136	1.104682207708576	0.32502640575179315	1.104682207708576	NaN	1	NaN	NaN	800000009	800000019	800000009	800000019	800000009	800100009	899999999	899999999	89999	89999	89	89	9	6	7	12	3	0	0	NaN	0	0	0	0	0	0	0	0	0	NaN	NaN	NaN	NaN	0	17982	0	0	0	0	300	150	18000	18000	0	15	18000	18000	18000	18000	92	NaN	0.5759277307344359	1.8314082671565068	0.3222198705838999	0.05833469287542871	0.10129463939872763	0.02002738371764451	NaN	NaN	0.04069740590390443	0.03762596454806117	0.008409127202183798	NaN	NaN	17.695919894101767	747.1322257296625	90.19103332689073	89.9468928159078	90.43517450290256	-0.488281734454964	0.0002771607067309863	0.20763665543523133	161
DATA	2026-10-03T093000_AIU-1657.ghg	2026-10-03	10:00:00	276.416	1	18000	18000	0.4632342695680161	1	NaN	55.08323716056806	0	NaN	118.13882828992637	1	NaN	1.5637581182723606	0	NaN	2.675104434417004	1	NaN	NaN	NaN	NaN	NaN	NaN	NaN	NaN	NaN	NaN	NaN	NaN	NaN	-5.157854096267145e-10	-2.141390743487565e-11	NaN	NaN	17.722055577499905	441.66630568127084	449.91628480638474	0.2	0	735.7681132681831	18.33669818967359	18.679213286121747	0.1	1	NaN	NaN	NaN	NaN	0	NaN	NaN	NaN	NaN	9	295.70413998752167	293.99183595453826	96875.61874219027	1.140112119071924	1015.5921478518183	0.025377739536290172	0.17334676735022184	0.013020360090263373	1766.5060728247558	2454.018905929632	0.01142024531838345	71.98420796825799	687.5128331048763	288.71103518868426	-1.3278765518687687	0.5474365806412848	0.6049120742722138	1.5584805306539253	1.0286658009962659e-14	-2.910415258383236e-14	1.5584805306539253	4.899881968534723	3.4046234871017305	157.59537651289824	22.838951446067163	NaN	0.6374212816405769	1.2199403413402863	-401.56160493313024	-0.004988275710108203	0.4662585363161671	0.07463215798795557	0	19.08454092079459	-2.8961527133606744	6.551105323248129	16.313178537880788	24.87862656998584	34.89262750535381	52.2755142722294	0.4577571501708279	1.01196512035944	60.92920175678139	1.0225093725821095	107.26646498329914	1.1013584563294783	1.4198448373329169	1.1013584563294783	2.4289135104409003	1.1013584563294783	NaN	1	NaN	NaN	800000009	800000019	800000009	800000019	800001019	800001019	899999999	899999999	89999	89999	89	89	10	5	1	30	23	0	0	NaN	0	0	0	0	0	0	0	0	0	NaN	NaN	NaN	NaN	0	17755	0	0	0	0	300	0	18000	18000	0	15	18000	18000	18000	18000	93	NaN	0.6988152925054358	1.3785675767720975	0.36249781340303894	0.05679236859150899	0.06138359023751878	0.036663108174974667	NaN	NaN	0.05262093878381857	0.036701700071182404	0.0627852092109572	NaN	NaN	17.723418175746975	735.8206304192747	90.40651470438641	90.18818945058189	90.62484079954362	-0.43665248757601394	0.00027646725064389303	0.30834390547661855	236
DATA	2026-10-03T100000_AIU-1657.ghg	2026-10-03	10:30:00	276.437	1	18000	18000	0.4276618986420699	1	NaN	28.222038109850903	1	NaN	2.6765481765282373	2	NaN	-0.6905624295524936	2	NaN	0.060599504821828964	2	NaN	NaN	NaN	NaN	NaN	NaN	NaN	NaN	NaN	NaN	NaN	NaN	NaN	-1.8054521742271017e-9	-7.331096001813176e-11	NaN	NaN	17.735357118170366	441.4368157891153	449.49385028158576	0.1	1	720.1498190635147	17.924682367563232	18.251840816828203	0.1	1	NaN	NaN	NaN	NaN	0	NaN	NaN	NaN	NaN	9	295.5361395424737	293.86308207140286	96986.73495714249	1.1420952655990677	1015.3594885328828	0.025334263136519545	0.003926847912454516	0.012749641860795271	1729.0221068531919	2434.7154798638703	0.011163378611947623	71.01536590837566	705.6933730106784	288.37680756527226	-1.2458926107672612	0.5064577878095631	0.748570060893968	1.5391897298462216	1.8100731018022838e-13	-1.0179959513628094e-13	1.5391897298462216	4.920952243724042	3.1218384493214444	157.87816155067856	29.100325399911917	NaN	0.6119262930770624	0.9885773081437926	-693.9426300691675	-0.002886549857587427	10.544192089401445	0.03977105365029864	0	20.969379464980253	-3.1821842341944917	7.198109402179038	17.924310176519114	27.335703975207412	38.33871350254663	57.43837905511061	0.42259980160971367	1.01197846523608	27.91316878344311	1.0224460147107748	2.430848886339874	1.1010755096991292	-0.6271708193211845	1.1010755096991292	0.05503664761228581	1.1010755096991292	NaN	1	NaN	NaN	800000009	800000019	800000009	800000019	800000019	800000019	899999999	899999999	89999	89999	89	89	12	2	3	16	0	0	0	NaN	0	0	0	0	0	0	0	0	0	NaN	NaN	NaN	NaN	0	17271	0	0	0	0	300	0	4	18000	0	20	18000	18000	18000	18000	93	NaN	0.5921588581635717	1.1210037085083584	0.26399204961565514	0.046448376306891075	0.11857750781427634	0.030744313389830417	NaN	NaN	0.024070603482920967	-0.016177310077353273	0.0014196210770865154	NaN	NaN	17.73670665453985	720.202210883325	90.65048238160875	90.45798200056288	90.8429830186632	-0.3850011223571182	0.0002766719142204643	0.7919904552331	022
DATA	2026-10-03T103000_AIU-1657.ghg	2026-10-03	11:00:00	276.458	1	18000	18000	0.48616362359233156	1	NaN	113.20197316650254	1	NaN	45.802068873033186	1	NaN	3.731953777030685	1	NaN	1.0364879873576973	1	NaN	NaN	NaN	NaN	NaN	NaN	NaN	NaN	NaN	NaN	NaN	NaN	NaN	1.044245011195114e-9	4.1623661007815055e-11	NaN	NaN	17.696389446850468	439.7355870451205	447.5807299827745	0.1	1	705.3790130679881	17.527883602039743	17.840591411695492	0.1	1	NaN	NaN	NaN	NaN	0	NaN	NaN	NaN	NaN	9	294.984504119873	293.351368665075	96973.72541408832	1.1441032507924813	1015.1270240265804	0.025290367641133498	0.06716442158077879	0.012489042168244653	1690.734463857048	2359.104973037652	0.010916009686707837	71.66847101678604	668.3705091806041	288.0287765220897	-1.2591172071160495	-1.0834557892736536	0.9948615407835568	1.936233992547602	1.7674780231994683e-14	5.900893028667859e-14	1.936233992547602	5.731663908242651	300.28838581177774	220.7116141882222	30.91812459818823	NaN	0.6518664362748631	0.9790676140232141	-209.1027098473195	-0.009579502826446406	2.4715471582802735	0.14952360782464166	0	20.638755917031023	-3.1320108352393845	7.084617037130772	17.641698140478645	26.90470278849769	37.73422820992317	56.53274993511837	0.48041101464295155	1.011974348576615	113.75884839011087	1.0239918723917145	41.3616285760548	1.1073565149595934	3.370146584785173	1.1073565149595934	0.9360020674060133	1.1073565149595934	NaN	1	NaN	NaN	800000009	800000019	800000009	800000019	800000019	811000119	899999999	899999999	89999	89999	89	89	33	3	3	55	0	0	0	NaN	0	0	0	0	0	0	0	0	0	NaN	NaN	NaN	NaN	0	17516	0	0	0	0	300	150	0	18000	0	15	18000	18000	18000	18000	93	NaN	0.6416460220003654	1.0047689531630886	0.31172025288297406	0.12068379013556824	0.637040965359427	0.04190619816260446	NaN	NaN	0.09794890334796552	0.08674463669297758	0.024091877679019748	NaN	NaN	17.697701049623266	705.4265140211517	90.65179875352649	90.44350604459973	90.86008987850613	-0.4165833259473208	0.000276445895271738	0.7559898893757648	134
DATA	2026-10-03T110000_AIU-1657.ghg	2026-10-03	11:30:00	276.479	1	18000	18000	0.28965869851932596	1	NaN	80.92102936135996	0	NaN	-8.757886892712188	2	NaN	-3.1542389720548116	2	NaN	-0.19811376330442415	2	NaN	NaN	NaN	NaN	NaN	NaN	NaN	NaN	NaN	NaN	NaN	NaN	NaN	4.802734786124305e-10	1.877334844538923e-11	NaN	NaN	17.627188953411977	437.31584012496086	444.9214080144208	0.1	1	689.0269295968448	17.094182820740766	17.39147588911175	0.1	1	NaN	NaN	NaN	NaN	0	NaN	NaN	NaN	NaN	9	294.5514605212742	292.9608936809253	96973.72541408832	1.1458134651632574	1014.8767383401001	0.02525324083731755	-0.012837771862126684	0.012197926661849122	1649.1284704208758	2302.8166668165477	0.01064564785866881	71.61353720357855	653.6881963956719	287.6426409608894	-1.7832022518315733	-1.364974460807646	1.2815667442847865	2.585609960850867	1.3837844587229799e-13	2.724617520591491e-14	2.585609960850867	6.072285809032735	303.5672985408968	217.43270145910324	29.712855101262775	NaN	0.5027896472283246	0.837157292593066	-134.21421702498395	-0.014924648404625594	-9.239789272535342	0.13840374830184457	0	18.76273877048922	-2.8473179955311934	6.440641058550981	16.038106899867977	24.45912496603883	34.3042705410638	51.394048327046896	0.2860109860169761	1.012753749613427	78.7156784846103	1.0272455902498165	-7.827593736723147	1.1188479100064395	-2.819184755894711	1.1188479100064395	-0.17706943145050333	1.1188479100064395	NaN	1	NaN	NaN	800000009	800000019	800000009	800000019	800010019	801010019	899999999	899999999	89999	89999	89	89	20	12	2	49	0	0	0	NaN	0	0	0	0	0	0	0	0	0	NaN	NaN	NaN	NaN	0	17608	0	0	0	0	300	0	0	18000	0	20	18000	18000	18000	18000	93	NaN	0.47449616251913507	0.9644822751246838	0.23533614754231333	0.16034224992888166	0.5449603784227225	0.028084000498732244	NaN	NaN	0.06769148213458547	-0.07242520971502993	-0.004548935886556976	NaN	NaN	17.628492988197724	689.075261542715	90.64719981850517	90.41861571078832	90.87578429794311	-0.4571690476255293	0.0002756764901843983	0.9689326000286954	068
DATA	2026-10-03T113000_AIU-1657.ghg	2026-10-03	12:00:00	276.499	1	18000	18000	0.3348320121857509	1	NaN	26.52312392845753	1	NaN	30.498122424561032	0	NaN	0.5813976772439186	1	NaN	0.6899168308913893	0	NaN	NaN	NaN	NaN	NaN	NaN	NaN	NaN	NaN	NaN	NaN	NaN	NaN	1.2437992627078742e-11	4.739250554462536e-13	NaN	NaN	17.568242110065068	435.36195131250304	442.7058229936522	0.1	1	669.4030432193056	16.5886042146197	16.86842788858631	0.1	1	NaN	NaN	NaN	NaN	0	NaN	NaN	NaN	NaN	9	294.52430946378354	292.9807251794428	96925.25067107691	1.145379176871514	1014.5952297562792	0.025263541666677332	0.044706610641762026	0.01183233360600021	1599.812291466388	2305.7228277477952	0.010330494778435747	69.38441482270734	705.9105362814073	287.1737010747447	-1.9192443689853975	-0.5147581458875492	1.3720200253916603	2.414728524434024	-1.0205746503455515e-13	7.0798162668494075e-16	2.414728524434024	6.755199133818454	325.98612519777214	195.01387480222786	34.623973237821026	NaN	0.5406781818632481	1.8096860942489887	-508.97820033955327	-0.00393553201033694	0.8696641570006185	0.04221275822955097	0	16.236429205869747	-2.46394077253551	5.573440736277668	13.87865548101365	21.16582529908857	29.685370931829198	44.47409503870568	0.3307036206122117	1.0124836600394533	27.68673015456385	1.026329106389401	27.33469049062553	1.1157295684405284	0.5210919327490322	1.1157295684405284	0.6183548867094167	1.1157295684405284	NaN	1	NaN	NaN	800000009	800000019	800000009	800000019	800000019	800000019	899999999	899999999	89999	89999	89	89	30	13	2	71	0	0	0	NaN	0	0	0	0	0	0	0	0	0	NaN	NaN	NaN	NaN	0	17595	0	0	0	0	300	0	0	18000	0	20	18000	18000	18000	18000	93	NaN	0.6040917439667046	2.624612346900617	0.39066809763065596	0.802760131587913	0.28969928282319835	0.06937112797064372	NaN	NaN	0.023824816727207158	0.013385564932630186	0.015884010032150037	NaN	NaN	17.569527369537937	669.4453435686194	90.85758897018431	90.6449081670973	91.07027042219374	-0.4253616284661821	0.0002755871143825869	0.5458272535610508	186
DATA	2026-10-03T120000_AIU-1657.ghg	2026-10-03	12:30:00	276.52	1	18000	18000	0.3818188377202916	1	NaN	150.94343536300636	1	NaN	81.35909863724027	1	NaN	1.3763080028827135	0	NaN	1.833611936229464	1	NaN	0.024236480315026166	2	NaN	NaN	NaN	NaN	NaN	NaN	NaN	NaN	NaN	NaN	5.163019450416826e-10	1.917107990556327e-11	2.5835348568414864e-12	NaN	17.562748865700666	434.6625240804317	441.79292201227565	0.1	1	652.1316936710466	16.139683495530953	16.404446062905762	0.1	1	0.08788263207652212	2.0860022930643916	2.120222005168064	0	1	NaN	NaN	NaN	NaN	9	294.0704500851102	289.10688627908723	98016.34881095127	1.1739215902846976	1014.3160407537869	0.02452279320422692	0.11881805346766927	0.011859868455869766	1582.3771893012283	1807.738194680638	0.010102777352441	87.53353743133016	225.36100537940956	287.00486960227164	-1.7395555913272471	-1.2939048313167913	1.292360693774616	2.5239729655121237	-3.799834725129013e-14	2.939755894648129e-14	2.5239729655121237	8.190366125646113	304.35763358397503	216.64236641602497	30.799427719765077	NaN	0.5703075626005646	1.0586682945228854	-105.78394054662792	-0.018935766522301792	1.8552741843420013	0.22227607314804237	0	18.687955039432712	-2.8359692758258874	6.414970223677357	15.974182891346274	24.361636819680648	34.1675420296448	51.189204101744345	0.377048412535484	1.0126520229928264	152.26940355343797	1.026911078314163	72.79026220102614	1.117719543481646	1.2313536172013027	1.117719543481646	1.6404937597474993	1.117719543481646	-0.02416660559919608	1.3083670311174376	NaN	NaN	800000009	800000009	800000009	800000019	800000019	811000019	899999999	899999999	89999	89999	89	89	44	25	1	51	4	0	10	NaN	0	0	0	0	0	0	0	0	0	NaN	NaN	NaN	NaN	0	23	0	0	0	0	300	150	0	18000	0	20	18000	18000	18000	18000	93	NaN	0.6513045644302701	1.1602088612757164	0.3058231633397841	0.7125290134247134	0.016402912247540848	0.039612584746492055	1.362991169724672e-7	NaN	0.1278793037054506	0.0306917175974919	0.040889611636546475	-0.000024166605599196078	NaN	17.564080276544363	652.1768581768272	91.0446302901374	90.84567051823934	91.24359043290879	-0.3979189732720454	0.0002750892689396602	37.082916252503324	094
DATA	2026-10-03T123000_AIU-1657.ghg	2026-10-03	13:00:00	276.541	1	18000	18000	0.3616019725214114	1	NaN	61.188256136851784	0	NaN	1.1549393265960002	2	NaN	0.8499946228808627	1	NaN	0.026125378888455585	2	NaN	NaN	NaN	NaN	NaN	NaN	NaN	NaN	NaN	NaN	NaN	NaN	NaN	7.784918034511518e-11	2.8407802854719964e-12	NaN	NaN	17.57970026034327	434.6291701397244	441.6334654293403	0.1	0	641.4976458672976	15.859974023496013	16.11556648939169	0.1	1	NaN	NaN	NaN	NaN	0	NaN	NaN	NaN	NaN	9	294.4080405993992	292.93255985595863	96970.17765976419	1.1464102145976514	1014.1887178206267	0.02524186825903932	0.001692924551971922	0.011322328991945818	1530.6082041716072	2298.9468798969597	0.009876332963344668	66.57866771763818	768.3386757253525	286.4937487518265	-2.1813065962690263	-1.6600960289752056	1.5977145521430214	3.1728077600881175	6.630733213731767e-14	4.428356524412952e-15	3.1728077600881175	6.471040113818656	303.72684076454937	217.2731592354506	30.23613201693246	NaN	0.5616236296486924	1.2325040626546173	-247.3222118289596	-0.00809915124560378	52.97962821752241	0.09370524102151717	0	19.08985602509565	-2.8969593009441637	6.552929826558153	16.317721809095456	24.8855553452514	34.90234521118171	52.29007316635745	0.3566389063103734	1.013916222047627	59.73556301243449	1.0306045324107018	1.0222247113215874	1.129829198809753	0.7523213453646895	1.129829198809753	0.023123299447366043	1.129829198809753	NaN	1	NaN	NaN	800000009	800000019	800000009	800000019	800000009	800000009	899999999	899999999	89999	89999	89	89	27	6	5	21	2	0	0	NaN	0	0	0	0	0	0	0	0	0	NaN	NaN	NaN	NaN	0	10454	0	0	0	0	300	0	0	18000	0	15	18000	18000	18000	18000	93	NaN	0.4806263901167344	1.7031653134663063	0.28121642172619393	0.18429467684460688	0.01882733175191878	0.048542324293711754	NaN	NaN	0.051377638576362614	0.019294547579427567	0.0005930359468456677	NaN	NaN	17.58107524646958	641.5394823773858	90.99793521245323	90.7775259598626	91.21834452523126	-0.4408189505686293	0.00027494090372379615	11.468343383290556	240
DATA	2026-10-03T130000_AIU-1657.ghg	2026-10-03	13:30:00	276.562	1	18000	18000	0.1690070527570703	1	NaN	83.2623887456508	0	NaN	22.28480788747247	0	NaN	1.1865656947603898	0	NaN	0.5035234580284478	0	NaN	NaN	NaN	NaN	NaN	NaN	NaN	NaN	NaN	NaN	NaN	NaN	NaN	-1.8168673133902714e-10	-6.454326783521337e-12	NaN	NaN	17.6153571418603	434.52431633016266	441.33690341237747	0.2	0	625.7764150638366	15.436250695422325	15.67826431383985	0.1	1	NaN	NaN	NaN	NaN	0	NaN	NaN	NaN	NaN	9	293.1880311075846	291.7577639564607	97028.14057019349	1.1518966160744017	1013.9278315058684	0.025122250888287817	0.03262832008024341	0.011072305723495716	1490.8079408988926	2136.7321784595265	0.00961223912717923	69.77046332375114	645.9242375606339	286.09035412396514	-2.26828149264534	-1.2266069425619992	1.5404999274653022	3.0037985198643393	-2.1194311310095087e-14	-1.0314110005029383e-14	3.0037985198643393	6.4646180916399	312.597034762049	208.40296523795095	30.85389522316735	NaN	0.38304135315439114	0.737274499720302	-57.6800306178294	-0.03472779016488289	3.736284789444257	0.1861155485681036	0	15.912742377577079	-2.4148200475503216	5.4623295226155735	13.601972848603815	20.743866827038453	29.093568175091196	43.58746666853048	0.16674753565251388	1.0135505277227306	82.49322291103529	1.0296109316452355	19.780076371357534	1.126629011389557	1.053200017720925	1.126629011389557	0.4469292490590263	1.126629011389557	NaN	1	NaN	NaN	800000009	800000019	800000009	800000019	800000019	800001019	899999999	899999999	89999	89999	89	89	36	16	1	40	17	0	0	NaN	0	0	0	0	0	0	0	0	0	NaN	NaN	NaN	NaN	0	17529	0	0	0	0	300	0	0	18000	0	15	18000	18000	18000	18000	93	NaN	0.39637523506752487	0.8719753539646257	0.20619841040845366	0.27254115231114395	0.17279112411780836	0.02950752002187149	NaN	NaN	0.0706313853649495	0.026871629515210174	0.011403073488560804	NaN	NaN	17.61673355526418	625.8222414978184	90.79313311301337	90.5151895345052	91.07107632785372	-0.5558869838234439	0.0002743387535883812	0.6298532675731591	059
DATA	2026-10-03T133000_AIU-1657.ghg	2026-10-03	14:00:00	276.583	1	18000	18000	0.23210748575308146	1	NaN	59.53124310115666	0	NaN	6.612419435492264	0	NaN	-0.1877553190441966	2	NaN	0.14944378107303172	0	NaN	NaN	NaN	NaN	NaN	NaN	NaN	NaN	NaN	NaN	NaN	NaN	NaN	-4.775541265025746e-10	-1.689791756976487e-11	NaN	NaN	17.57504288966647	433.4378799018255	440.1890126343893	0.1	1	621.8805566808669	15.336895149109777	15.575779242213283	0.1	1	NaN	NaN	NaN	NaN	0	NaN	NaN	NaN	NaN	9	293.43448577033143	292.0121933765673	97028.14057019349	1.1509356789226797	1013.8780186290911	0.025143368721259118	0.009683957013532455	0.010991799006176138	1481.2593567571428	2171.0104575608316	0.009550315632290491	68.2290290955744	689.7511008036888	285.9921671170234	-2.1138089460407943	-0.6533208868918475	1.464013545608451	2.6529892768981567	2.313350849848503e-13	-2.717228797110704e-14	2.6529892768981567	5.7115189791524825	323.82504255883475	197.17495744116525	33.493024218879604	NaN	0.4490751740856386	1.037591223757681	-130.00029200684668	-0.015408426927952619	9.002944184336188	0.11360282823651849	0	17.455066824171507	-2.648873732646823	5.991759595583752	14.920328588207612	22.754442513183132	31.91342916261867	47.812132273795584	0.22915819947671315	1.012870088362987	58.581532741124754	1.0276159795382156	5.903443717152115	1.120095278672728	-0.1676244178679869	1.120095278672728	0.13342059726393735	1.120095278672728	NaN	1	NaN	NaN	800000009	800000019	800000009	800000019	800000009	800001009	899999999	899999999	89999	89999	89	89	31	37	4	23	18	0	1	NaN	0	0	0	0	0	0	0	0	0	NaN	NaN	NaN	NaN	0	12129	0	0	0	0	300	150	0	18000	0	15	18000	18000	18000	18000	93	NaN	0.37005423239158675	1.4802274821678427	0.22490073295593235	0.43541728723445217	0.07759623086405601	0.019998911506229133	NaN	NaN	0.050202341039135845	-0.004279981974603395	0.0034066501682361895	NaN	NaN	17.57639050903608	621.926486672491	90.84561053805882	90.57232284630669	91.1188982395596	-0.5465755537019827	0.0002740519657365642	8.093173996635128	052
DATA	2026-10-03T140000_AIU-1657.ghg	2026-10-03	14:30:00	276.604	1	18000	18000	0.18604855867920408	1	NaN	92.82703060023027	0	NaN	23.46957311356124	0	NaN	0.4206403177225122	1	NaN	0.530222921482329	0	NaN	NaN	NaN	NaN	NaN	NaN	NaN	NaN	NaN	NaN	NaN	NaN	NaN	-3.5639076358697554e-10	-1.2459136775049196e-11	NaN	NaN	17.55426572615217	432.7984926443807	439.4474601682019	0.2	0	613.6831254166685	15.130290026653558	15.362732626900497	0.1	1	NaN	NaN	NaN	NaN	0	NaN	NaN	NaN	NaN	9	293.02177042473687	291.62053639048713	97038.79058469739	1.152696879055162	1013.7548163140187	0.025105248989937826	0.03435844531205492	0.010860192267405214	1461.561985681897	2118.4849519239083	0.009421550855856445	68.99090712702846	656.9229662420112	285.78784973141506	-2.2969871373652113	-0.32891441943235084	1.4853648518961449	2.75511222054205	1.2642784468164934e-14	-2.0302231329222057e-14	2.75511222054205	5.558408811040663	332.850992774853	188.14900722514705	32.62446343788118	NaN	0.4017497325235059	0.7777942057927971	-59.69517662570115	-0.033555474884675786	3.9552074573777722	0.1977292022148703	0	15.895250259994974	-2.4121655512222158	5.456325044693752	13.58702084958499	20.721064085120293	29.06158700532634	43.53955304849058	0.18365084007523666	1.0130558542666352	92.01458978286648	1.0281858579425271	20.917868045991394	1.121986861278573	0.3749066341500351	1.121986861278573	0.47257498263224523	1.121986861278573	NaN	1	NaN	NaN	800000009	800000019	800000009	800000019	800000019	800000019	899999999	899999999	89999	89999	89	89	28	13	3	45	8	0	0	NaN	0	0	0	0	0	0	0	0	0	NaN	NaN	NaN	NaN	0	17457	0	0	0	0	300	0	0	18000	0	15	18000	18000	18000	18000	93	NaN	0.34151019891929896	0.9866211983869002	0.22745701427939496	0.585066420589217	0.04670957139488094	0.0313272623130761	NaN	NaN	0.0787423997970952	0.009556054112817524	0.012045537995442042	NaN	NaN	17.555631775916687	613.7277159081262	90.92909918170506	90.66063325373332	91.1975631421407	-0.5369290470067005	0.0002741065021028689	0.6843855149183923	000
DATA	2026-10-03T143000_AIU-1657.ghg	2026-10-03	15:00:00	276.624	1	18000	18000	0.22795800723913348	1	NaN	69.63261758473135	1	NaN	37.10311115567233	0	NaN	0.574803407916204	1	NaN	0.8389483857631119	0	NaN	NaN	NaN	NaN	NaN	NaN	NaN	NaN	NaN	NaN	NaN	NaN	NaN	3.596106422072838e-10	1.2502762386955622e-11	NaN	NaN	17.52361466092595	432.1072237688653	438.6979084245918	0.2	0	609.2522427071025	15.02328716221669	15.252428779695311	0.1	1	NaN	NaN	NaN	NaN	0	NaN	NaN	NaN	NaN	9	293.90253859880227	292.50699347863485	97038.79058469739	1.1492495120039738	1013.714588210389	0.025180710633215298	0.05436385539744965	0.010751072249109426	1451.2752783555559	2239.0691247698	0.009354863445069056	64.8160104706353	787.7938464142442	285.6801828151682	-2.4896367694655335	0.1957255222827723	1.642235638007926	2.9889024096967196	1.1476957132809198e-13	2.052148767052847e-14	2.9889024096967196	6.39341533237702	345.4951250009777	175.5048749990224	33.328903615085046	NaN	0.4453692843751889	1.0092759358493353	-108.41642975345886	-0.01847598195730195	1.8767325816041682	0.13420306509170207	0	16.461289303689192	-2.4980641598954203	5.650627931396729	14.07086251061933	21.458953146772085	30.09648690609308	45.090021683292	0.2249172778597222	1.013519323230062	70.00914287075231	1.0295242588530042	32.940874267473276	1.1263547790019939	0.5103218085739453	1.1263547790019939	0.7448349324770138	1.1263547790019939	NaN	1	NaN	NaN	800000009	800000009	800000009	800000019	800000009	800000009	899999999	899999999	89999	89999	89	89	54	8	4	19	4	0	0	NaN	0	0	0	0	0	0	0	0	0	NaN	NaN	NaN	NaN	0	7953	0	0	0	0	300	0	0	18000	0	15	18000	18000	18000	18000	93	NaN	0.36964244635806665	1.3927929766985938	0.2561164486420102	0.7656159396238512	0.07392448948210321	0.04404927421762213	NaN	NaN	0.0600931176807913	0.013045367348493472	0.0190402313695066	NaN	NaN	17.524993627427307	609.2963651450141	91.11049853939478	90.87129660881891	91.34970008977253	-0.4784030079510506	0.00027405789463147	18.57894250027363	097
DATA	2026-10-03T150000_AIU-1657.ghg	2026-10-03	15:30:00	276.645	1	18000	18000	0.18349632538829413	1	NaN	67.56630249834826	0	NaN	33.064458242046854	0	NaN	0.6995390596230219	0	NaN	0.7475640755122204	0	NaN	NaN	NaN	NaN	NaN	NaN	NaN	NaN	NaN	NaN	NaN	NaN	NaN	-1.6808548492563363e-10	-5.7292054873039265e-12	NaN	NaN	17.527133874738574	432.006776982835	438.4631384315325	0.2	0	597.4135816444249	14.724981150737586	14.945046681418363	0.1	1	NaN	NaN	NaN	NaN	0	NaN	NaN	NaN	NaN	9	293.7839994116889	292.41661059319944	97009.21009701773	1.1493823975172668	1013.5469928390416	0.0251782296615553	0.04844215209319188	0.010538634703448362	1422.1602809368517	2226.5433129935245	0.009168954323828544	63.873012154647796	804.3830320566728	285.3717664947957	-2.4035430907821014	-0.3758618934507926	1.512249930428081	2.8644705277371068	-3.325683052060568e-14	-9.590015465557155e-15	2.8644705277371068	6.103717775249919	332.11216720563857	188.88783279436137	31.865935297422006	NaN	0.39955945766541495	1.0738389142802656	-80.6572087772136	-0.024834729968561644	2.0434722384904127	0.1451577764732328	0	16.22228948767812	-2.461795015748548	5.568587028583109	13.86656906257201	21.147392748357888	29.659519017343086	44.43536415996988	0.18109385720869736	1.0132664255796822	67.81154967406336	1.0288065052222972	29.416262544939908	1.1240196878013824	0.6223548103426392	1.1240196878013824	0.6650809444223161	1.1240196878013824	NaN	1	NaN	NaN	800000009	800000009	800000009	800000019	800000019	800000019	899999999	899999999	89999	89999	89	89	23	4	1	20	2	0	1	NaN	0	0	0	0	0	0	0	0	0	NaN	NaN	NaN	NaN	0	2285	0	0	0	0	300	150	0	18000	0	15	18000	18000	18000	18000	93	NaN	0.43693709506757783	1.496925310562663	0.21381542293029043	0.19887073014526668	0.03170511540530871	0.040132075733040805	NaN	NaN	0.05820968352074394	0.01590293016442425	0.01699470404513202	NaN	NaN	17.52850485793802	597.4572745666046	91.24125903659396	91.0121761686537	91.4703407482571	-0.458164873699343	0.0002743111774907448	29.247888190618678	093
DATA	2026-10-03T153000_AIU-1657.ghg	2026-10-03	16:00:00	276.666	1	18000	18000	0.3179313116331892	1	NaN	109.98128050512942	0	NaN	26.440497300254478	0	NaN	0.9081360609615682	0	NaN	0.5950874576881143	0	NaN	0.0388193239369722	2	NaN	NaN	NaN	NaN	NaN	NaN	NaN	NaN	NaN	NaN	-1.291084426279885e-10	-4.415963751664212e-12	-6.535398547281089e-13	NaN	17.55193578777874	432.44225762317	438.93456032536056	0.2	0	600.3380618082538	14.791049256586545	15.013108889668123	0.1	1	0.08884693619916162	2.0943203417865637	2.1257626011276525	0	1	NaN	NaN	NaN	NaN	9	294.075463631524	287.6941940911072	97989.16039349399	1.1799638971617377	1013.5289348129942	0.02440973593475422	0.038561667258189804	0.01091919686812213	1449.7512741390524	1650.8766749954352	0.009253839794918265	87.81705478654612	201.12540085638284	285.6641745978675	-2.1373762015655755	0.13621539058607512	1.4083227671058318	2.563260555620527	-2.7053422743843835e-13	-7.355795063806329e-15	2.563260555620527	6.5775442930845065	344.6465393760459	176.35346062395416	33.32766376068998	NaN	0.5190776037130127	1.3769331441047767	-109.4168701477349	-0.018307048970560114	4.159576851229303	0.177166501587042	0	18.245132150298083	-2.768769193978067	6.262963455565631	15.59566454599576	23.784372459948596	33.357920557189914	49.976243603658475	0.3139391756523495	1.0127162721012573	109.04902942962671	1.027123842299513	23.640573542018576	1.1184372178305801	0.8119687421731809	1.1184372178305801	0.532070507133515	1.1184372178305801	0.0007565159977096635	1.3085781775278456	NaN	NaN	800000009	800000009	800000009	800000019	800000019	800000019	899999999	899999999	89999	89999	89	89	24	4	5	10	0	0	7	NaN	0	0	0	0	0	0	0	0	0	NaN	NaN	NaN	NaN	0	4	0	0	0	0	300	0	0	18000	0	25	18000	18000	18000	18000	93	NaN	0.38566832780696	2.0991971333439143	0.26900082705867895	0.21307725825826468	0.024278876194009397	0.061233689843705676	6.565030648737508e-8	NaN	0.09118364173879534	0.02011758255558652	0.013182739429110038	7.565159977096635e-7	NaN	17.553317340918863	600.38101599313	91.1326838065253	90.88514260906645	91.38022418128122	-0.49508139160607034	0.00027400723944689763	37.44358441817593	137
DATA	2026-10-03T160000_AIU-1657.ghg	2026-10-03	16:30:00	276.687	1	18000	18000	0.21659233325421964	1	NaN	107.73060217239116	0	NaN	41.7297248536581	0	NaN	0.8445473621055963	0	NaN	0.944364835706561	0	NaN	NaN	NaN	NaN	NaN	NaN	NaN	NaN	NaN	NaN	NaN	NaN	NaN	2.846744283801029e-10	9.485080228395486e-12	NaN	NaN	17.559357694442504	432.3100584157262	438.62812748711985	0.2	0	585.0610377567785	14.404158501164844	14.614670531949347	0.1	1	NaN	NaN	NaN	NaN	0	NaN	NaN	NaN	NaN	9	294.72937662251786	293.3873641806942	96922.88666940214	1.1446971976845766	1013.3909784593079	0.025281748423338912	0.061194841353785154	0.010266811309564647	1390.079229361622	2364.7957515260887	0.008969019344444737	58.78221104146324	974.7165221644666	285.02542928447866	-2.058392474155291	-1.3507285181298394	1.4851228285634657	2.8752455413874656	-2.2241942307137333e-15	1.6212120815227866e-14	2.8752455413874656	5.890373524430015	307.72689312599096	213.2731068740091	31.099131431368715	NaN	0.43498695215597766	0.7637205643154326	-65.22706905819166	-0.030709642927738402	2.581627426257696	0.21349868476354075	0	16.528943692041224	-2.5083309743401414	5.673851493625106	14.12869246422619	21.54714747487337	30.220180705261065	45.27533753440697	0.213752034780152	1.0132878195849173	107.50538015839373	1.0288681832354325	37.118727092606036	1.1242229494979248	0.7512276479347527	1.1242229494979248	0.8400156180127012	1.1242229494979248	NaN	1	NaN	NaN	800000009	800000009	800000009	800000019	800000009	800010009	899999999	899999999	89999	89999	89	89	28	13	2	7	5	0	5	NaN	0	0	0	0	0	0	0	0	0	NaN	NaN	NaN	NaN	0	5169	0	0	0	0	300	0	0	18000	0	15	18000	18000	18000	18000	93	NaN	0.4352027281775625	0.8504161401924586	0.24182226026084386	0.39418467511457334	0.03248529561955595	0.028337935153802257	NaN	NaN	0.09267498958641487	0.019268702357325026	0.021546079891347394	NaN	NaN	17.560743884329227	585.1060344281278	91.3458014861213	91.11851088163586	91.5730911064148	-0.45458007090290087	0.0002741112928601474	28.20332257068865	066
DATA	2026-10-03T163000_AIU-1657.ghg	2026-10-03	17:00:00	276.708	1	18000	18000	0.1303798464052706	1	NaN	98.5062245008802	0	NaN	12.154672577541225	0	NaN	0.34947321140125537	1	NaN	0.2733946602633779	0	NaN	0.028959154351556778	0	NaN	NaN	NaN	NaN	NaN	NaN	NaN	NaN	NaN	NaN	-1.3612446197075058e-10	-4.5324580604891275e-12	-6.886940327597291e-13	NaN	17.56747721636207	431.89506700222177	438.19658013165883	0.2	0	584.9342032945434	14.380562092802501	14.590379957742398	0.1	1	0.08887907841392031	2.0887130574666446	2.1191881745977805	0.2	0	NaN	NaN	NaN	NaN	9	294.912158803304	287.06058972825736	98002.81685045894	1.182917755096035	1013.2862449539928	0.024352583116487792	0.017715973985066885	0.01064107787304425	1409.7136323413515	1584.4963400937188	0.0089956193718475	88.96919460590048	174.7827077523673	285.2382205579078	-1.8862422607797675	-1.1073165629866395	1.2888764516368743	2.5387521235048234	1.0465471853324557e-15	-7.74866307177939e-15	2.5387521235048234	5.472792360318541	310.5849795700444	210.4150204299556	30.509491553211536	NaN	0.3319922589011156	0.5499847228001411	-31.961958008228258	-0.0626713795032308	8.104391448840415	0.24754207036822143	0	15.54457183999562	-2.3589487480613105	5.33594849104541	13.287266210551563	20.263919347213054	28.42043501042187	42.578990526933424	0.1287478367753731	1.0126760159298431	97.03408403881446	1.0269909267093604	10.871913619011774	1.1179883324575246	0.312591107845513	1.1179883324575246	0.24454160417077958	1.1179883324575246	-0.00322594752742139	1.3084447604356761	NaN	NaN	800000009	800000009	800000009	800000019	800000019	800000019	899999999	899999999	89999	89999	89	89	39	8	2	26	4	0	7	NaN	0	0	0	0	0	0	0	0	0	NaN	NaN	NaN	NaN	0	76	0	0	0	0	300	150	0	18000	0	15	18000	18000	18000	18000	93	NaN	0.29895907802058286	0.636775422242953	0.16423494533674626	0.22907723028136803	0.09623181986380283	0.01645688889884919	1.5580061638769835e-7	NaN	0.08095386961323899	0.007723498984892919	0.006042132306944997	-0.00000322594752742139	NaN	17.568851913052853	584.978467197695	91.06939189105564	90.78901413133408	91.34976867039998	-0.5607545581724911	0.0002734214954236652	32.9827013518819	195
DATA	2026-10-03T170000_AIU-1657.ghg	2026-10-03	17:30:00	276.729	1	18000	18000	0.16989307156934788	1	NaN	217.38610334260193	1	NaN	39.97570944313061	1	NaN	1.032002417838422	1	NaN	0.9033112581023585	1	NaN	NaN	NaN	NaN	NaN	NaN	NaN	NaN	NaN	NaN	NaN	NaN	NaN	-8.761912712652204e-10	-2.950429459697183e-11	NaN	NaN	17.551487590623584	431.69987303879293	438.06797099990416	0.2	0	591.0173696903946	14.536780551602225	14.75121573764978	0.1	1	NaN	NaN	NaN	NaN	0	NaN	NaN	NaN	NaN	9	293.1775625194976	291.8303712106455	96992.64896274796	1.1515756952244602	1013.4296743951022	0.02513054629246457	0.058534569525032824	0.010423680686427418	1403.8282744735525	2146.56966705682	0.009051667840554483	65.39868218665148	742.7413925832675	285.17471213128664	-1.5358549321278199	-1.0746621829776786	1.1367925390648954	2.192269704424388	-2.989951426980976e-14	-4.992119709176687e-14	2.192269704424388	4.352304998661261	306.01890423646853	214.98109576353144	31.234766000383672	NaN	0.38409759599340304	0.5827378726730946	-22.266369768114473	-0.08996078035443598	5.437954857357944	0.48495794850938	0	17.60361180091872	-2.6714160059584007	6.0427502791925	15.047302600139032	22.948085892957305	32.185016756103	48.219019978574266	0.16784622331804472	1.0121947828842397	215.2561301019311	1.0251940898542669	35.95710336526917	1.1117611181590061	0.9282591385704703	1.1117611181590061	0.8125048118234022	1.1117611181590061	NaN	1	NaN	NaN	800000009	800000019	800000009	800000019	800000009	800000009	899999999	899999999	89999	89999	89	89	13	4	0	2	5	0	0	NaN	0	0	0	0	0	0	0	0	0	NaN	NaN	NaN	NaN	0	15006	0	0	0	0	300	0	0	18000	0	25	18000	18000	18000	18000	93	NaN	0.24932604281501128	0.7550720516462845	0.16107765088489345	1.4472896648096518	0.03396670991577751	0.021675756578112427	NaN	NaN	0.1844460764010354	0.02367025190583272	0.020718560983066583	NaN	NaN	17.552860627406716	591.0613389959651	90.90413466856214	90.60084550942315	91.20742443381417	-0.6065799094604113	0.00027328571486577867	5.522195140171917	242
DATA	2026-10-03T173000_AIU-1657.ghg	2026-10-03	18:00:00	276.749	1	18000	18000	0.10971018834136591	1	NaN	115.3457600041483	0	NaN	22.761346935347845	0	NaN	0.6600428410638598	0	NaN	0.5148475365056271	0	NaN	NaN	NaN	NaN	NaN	NaN	NaN	NaN	NaN	NaN	NaN	NaN	NaN	-2.2792439434865703e-10	-7.670076635017948e-12	NaN	NaN	17.55708867151658	431.69938310701093	438.0633400396159	0.1	1	590.8284454727611	14.527481190344364	14.741640089458805	0.1	1	NaN	NaN	NaN	NaN	0	NaN	NaN	NaN	NaN	9	294.2295042504205	292.8783407775231	97086.13812734681	1.148565157056242	1013.4479207952304	0.02519643015493428	0.033362120365564636	0.010389774024560743	1404.2866527424824	2291.3988530847546	0.009045872548658539	61.28512506026555	887.1122003422722	285.1796668599685	-1.6632811344903267	-0.8320433818745245	1.180408374830682	2.2027628680915825	5.405316981904538e-14	-1.298190141959162e-14	2.2027628680915825	4.4139475461804905	314.42384915161983	206.57615084838008	32.403358200984606	NaN	0.30906203625977724	0.47177380150584497	-21.877608586151137	-0.09155936729154178	5.067615740482344	0.3206261202868465	0	14.766286941021109	-2.240841011999571	5.068788470490759	12.621999984709381	19.249346377027095	26.99748199385914	40.447147612133634	0.10838714767634555	1.0122066194505928	114.30161113124468	1.0252459123966884	20.469726248523763	1.1119517016984704	0.5935894877948976	1.1119517016984704	0.4630124993011963	1.1119517016984704	NaN	1	NaN	NaN	800000009	800000009	800000009	800000019	800000009	800000009	899999999	899999999	89999	89999	89	89	38	2	0	17	2	0	4	NaN	0	0	0	0	0	0	0	0	0	NaN	NaN	NaN	NaN	0	2909	0	0	0	0	300	0	0	18000	0	15	18000	18000	18000	18000	93	NaN	0.2553375659520862	0.5263760883059915	0.16183394875361232	0.5753526913708386	0.023770346812088342	0.023051728375235173	NaN	NaN	0.09819633495392742	0.01517584460569711	0.011837483453410302	NaN	NaN	17.55844840895329	590.8724561100291	90.8454131656223	90.53163362460664	91.1591927333408	-0.6275589509473923	0.0002733177049473549	30.837259299158845	132
DATA	2026-10-03T180000_AIU-1657.ghg	2026-10-03	18:30:00	276.77	0	18000	18000	0.20175073029977286	1	NaN	98.15599588195744	0	NaN	30.80993542387346	1	NaN	1.1788626851835842	1	NaN	0.6930859095537215	1	NaN	0.026720501899689653	1	NaN	NaN	NaN	NaN	NaN	NaN	NaN	NaN	NaN	NaN	4.083130504858888e-10	1.3646818354176543e-11	2.0683748855841366e-12	NaN	17.559321435086407	431.7318524993832	438.0527485892936	0.2	0	586.875363797622	14.429531854933545	14.64079162405428	0.1	1	0.08894954354511161	2.091524238139973	2.122145808687239	-1.3	0	NaN	NaN	NaN	NaN	9	294.62778228505454	287.17927693857314	98010.34739980579	1.1824977132558496	1013.3159783492935	0.024360779976911176	0.04491196693908115	0.010673720986253061	1414.6227857476792	1596.7492057773904	0.009026419980859325	88.59392449542247	182.1264200297112	285.2910166103361	-1.5399424309240544	-1.4264563046193397	1.1183503268677015	2.3784254735336225	-3.825640993568062e-14	2.3253350193249056e-14	2.3784254735336225	5.983937086559602	298.19090795244006	222.8090920475599	28.047680151589656	NaN	0.4130545428260428	0.6574516531953427	-61.77987674828466	-0.03242317896102984	3.1858552941302194	0.19831895730503138	0	16.771592510172532	-2.545153868636699	5.757144980785063	14.336105024403036	21.863464716089243	30.66382013367638	45.939990239861444	0.19927349049479484	1.0124313565182557	97.81131011687388	1.0261390818562226	27.630240818285355	1.1150802349679059	1.0571998751439748	1.1150802349679059	0.6215569856044214	1.1150802349679059	-0.0059541555449787766	1.307620546404076	NaN	NaN	800000009	800000009	800000009	800000019	800001019	800001019	899999999	899999999	89999	89999	89	89	19	5	0	25	7	0	7	NaN	0	0	0	0	0	0	0	0	0	NaN	NaN	NaN	NaN	0	0	0	0	0	0	300	150	0	18000	0	15	18000	18000	18000	18000	93	NaN	0.41329307313058555	0.691360420745743	0.2102498125143569	0.20955762701968306	0.03411199732909187	0.014472479597238313	4.0324110238749305e-8	NaN	0.0816288871231964	0.026131378248152416	0.015363358505314449	-0.000005954155544978776	NaN	17.560660632201465	586.9186294821013	91.10875853008693	90.83707702212863	91.38044086964925	-0.5433636213276105	0.0002730259782401845	38.734960440741546	198
DATA	2026-10-03T183000_AIU-1657.ghg	2026-10-03	19:00:00	276.791	0	18000	18000	0.2674525673568861	1	NaN	71.61796653354621	0	NaN	1.2992966128549113	2	NaN	-0.4443109146861213	2	NaN	0.029224752437324083	2	NaN	-0.0004427121083422812	0	NaN	NaN	NaN	NaN	NaN	NaN	NaN	NaN	NaN	NaN	4.3125743587401136e-10	1.444512487698542e-11	2.189387716027084e-12	NaN	17.571831279748544	431.9157614608282	438.2560893207717	0.1	1	588.5748883120475	14.467175732275626	14.679547323068718	0.1	1	0.08920785672718491	2.096395271776448	2.1271694053763475	-0.2	0	NaN	NaN	NaN	NaN	9	294.8803661422729	287.05045274465095	98028.73477268715	1.1832334102031496	1013.3348776052655	0.024345284774439084	0.0018937639579386005	0.010708377970427074	1418.5793496199494	1583.4536713069042	0.009050097705226688	89.58767631320241	164.87432168695477	285.33345072457575	-1.4915590700839714	-1.1863199622762675	1.1528792537097445	2.227382788404214	-4.264674368654934e-14	2.4542543631808804e-14	2.227382788404214	5.2629606627102685	302.5028161767759	218.49718382322413	31.17097826975557	NaN	0.47543174168241586	0.8373862438091039	-129.13508421071646	-0.015511663714343014	55.120567409301465	0.1256349286564647	0	17.298616752292673	-2.62513183065097	5.9380553486248315	14.78659741985434	22.550494043514686	31.62738853403295	47.38359128874721	0.2642198492816674	1.0122349554131056	70.24244674190243	1.0253682764814867	1.1680350674034845	1.1123780861675827	-0.3994243685767689	1.1123780861675827	0.02627231945750619	1.1123780861675827	-0.019046805897023723	1.3069285952449488	NaN	NaN	800000009	800000009	800000009	800000019	800000019	800100019	899999999	899999999	89999	89999	89	89	19	25	1	14	2	0	14	NaN	0	0	0	0	0	0	0	0	0	NaN	NaN	NaN	NaN	0	0	0	0	0	0	300	0	0	18000	0	20	18000	18000	18000	18000	93	NaN	0.5129258015458079	0.9040338888684352	0.2578127972039647	0.14474597527652475	0.08648270876354935	0.012324878437477222	6.60641365962135e-8	NaN	0.0585836216137771	-0.00986688423713005	0.0006489987970733688	-0.000019046805897023723	NaN	17.57316105354759	588.6183760832852	91.0313821504381	90.74711511357627	91.31564868969386	-0.5685330445948569	0.00027347635419573625	34.598281156222484	084
DATA	2026-10-03T190000_AIU-1657.ghg	2026-10-03	19:30:00	276.812	0	18000	18000	0.2712806284372829	1	NaN	73.70382785209553	0	NaN	26.024707894554705	0	NaN	1.0004751339495945	0	NaN	0.5854315196423358	0	NaN	0.0037715536209329188	0	NaN	NaN	NaN	NaN	NaN	NaN	NaN	NaN	NaN	NaN	2.4206096268389056e-10	8.080223844635074e-12	1.2246088782382664e-12	NaN	17.592247305205472	432.35343835234045	438.6846967335045	0.1	1	587.2458515414248	14.43236663669205	14.643710028748352	0.1	1	0.08900081202375384	2.092546530745237	2.1231891753631333	-1.1	0	NaN	NaN	NaN	NaN	9	294.78828819274906	287.1647907683809	98057.70363391597	1.1831274729426111	1013.317395945466	0.024347786884359998	0.037935962472823354	0.01068151501754242	1415.5843440845208	1595.2492568359094	0.009028203014317577	88.73750218146195	179.66491275138856	285.3013389127701	-0.95488725291802	-1.1236080590669388	0.8548399905886505	1.7044225255773013	-6.839344617054968e-15	1.3759524777273097e-14	1.7044225255773013	4.4508255761127105	291.3592193780903	229.64078062190976	30.102090193376426	NaN	0.47884352797104845	0.6542968963887638	-128.2278657354219	-0.015621409500280407	2.832071282057194	0.12838650736669743	0	18.843605133971195	-2.85958977817401	6.468399864302565	16.107230251101083	24.564542438090708	34.45212004451267	51.61555382492026	0.2680868693459159	1.0119131500142442	73.84081268720327	1.0230316932882397	23.581972626370618	1.1035848572503426	0.9065683779336615	1.1035848572503426	0.5304816533102661	1.1035848572503426	-0.017564558725790245	1.305337279222645	NaN	NaN	800000009	800000009	800000009	800000019	800000019	800000019	899999999	899999999	89999	89999	89	89	12	0	1	29	3	0	4	NaN	0	0	0	0	0	0	0	0	0	NaN	NaN	NaN	NaN	0	0	0	0	0	0	300	0	0	18000	0	15	18000	18000	18000	18000	93	NaN	0.49682822229587287	0.6005947912182975	0.21117077926335734	0.13468656565794696	0.07490992674987247	0.02243701612378315	4.05280957581392e-8	NaN	0.06159130845603915	0.022396251274986654	0.013105244671545842	-0.000017564558725790243	NaN	17.593599655064047	587.2892672571979	91.14906247117787	90.88433629692923	91.41378792360095	-0.5294496341380844	0.0002731917361880833	39.08176948335435	205
DATA	2026-10-03T193000_AIU-1657.ghg	2026-10-03	20:00:00	276.833	0	18000	18000	0.273077449251105	1	NaN	82.99060737122046	0	NaN	34.2578799516499	0	NaN	-1.218625170976641	0	NaN	0.7707162592591383	0	NaN	0.01488971948955364	0	NaN	NaN	NaN	NaN	NaN	NaN	NaN	NaN	NaN	NaN	-3.154251979839055e-10	-1.0618334055213664e-11	-1.5961739384751766e-12	NaN	17.599940222782756	432.818605792506	439.21810748027536	0.1	1	592.4765866258869	14.57021370198574	14.785643690274455	0.1	1	0.08906252918880705	2.0950932580259574	2.126070560437025	0	1	NaN	NaN	NaN	NaN	9	295.582892443339	287.2697639922234	98078.30410178319	1.182881606715606	1013.396962689031	0.024351571325629415	0.04994241359999216	0.010781860927883274	1429.4051702752263	1606.1466239641773	0.009114911303609018	88.9959328088783	176.74145368895097	285.4490274986281	-0.9447834011299326	-0.9026585521056258	0.8454561698651011	1.5563432371758614	-4.7407796256186835e-14	-1.792194711977454e-14	1.5563432371758614	4.978435103417316	297.3062158193753	223.6937841806247	32.903958901150254	NaN	0.4804766417494523	0.6055735833188232	-115.06837041424927	-0.01740791142508393	2.42252607249339	0.144090645372426	0	18.425446048067815	-2.796132523620094	6.324859381720596	15.749794153796477	24.01942983683859	33.6875918704811	50.47015130494734	0.2698482658722491	1.0119666634447992	83.47875829657242	1.0225022839672266	31.10603970252713	1.101325667917369	-1.1065075540108746	1.101325667917369	0.6998077695915139	1.101325667917369	-0.011627385810842964	1.3051819157859106	NaN	NaN	800000009	800000009	800000009	800000019	801000019	801000019	899999999	899999999	89999	89999	89	89	23	43	1	8	22	0	7	NaN	0	0	0	0	0	0	0	0	0	NaN	NaN	NaN	NaN	0	0	0	0	0	0	300	150	0	18000	0	15	18000	18000	18000	18000	93	NaN	0.4295566728945312	0.5567077663419979	0.22488272740111726	0.1190696009841877	0.13762070984425973	0.023065557750298993	9.68507668323562e-8	NaN	0.06963941327823019	-0.027343708162746897	0.01729345574946262	-0.000011627385810842964	NaN	17.601290586994942	592.5200988406694	91.22768060090807	90.98418328942194	91.47118051995173	-0.48699725202719313	0.0002731267931893753	39.45247080474431	166
DATA	2026-10-03T200000_AIU-1657.ghg	2026-10-03	20:30:00	276.854	0	18000	18000	0.17765191307253972	1	NaN	75.703405423092	0	NaN	17.447615712567615	0	NaN	-0.45115483283262714	0	NaN	0.39253339071305404	0	NaN	0.007454520472597261	1	NaN	NaN	NaN	NaN	NaN	NaN	NaN	NaN	NaN	NaN	4.854918439968026e-10	1.6295400958525057e-11	2.452432558117605e-12	NaN	17.597457952550087	432.8601879072171	439.2418598950959	0.1	1	590.6538631563038	14.528833816983864	14.743032891827555	0.1	1	0.08889248986688152	2.09117921014418	2.122009534022042	0	1	NaN	NaN	NaN	NaN	9	296.07393098364935	287.2852946153199	98100.97254149012	1.1831096543856139	1013.373980208105	0.024347260557703435	0.025436163718205902	0.010753143633854137	1425.6750470259524	1607.7644124405567	0.009088881655215823	88.67437517551492	182.08936541460434	285.40929183452056	-1.1204956543014946	-0.5685269430731582	0.8659159784118191	1.5259567090771802	7.244978030727266e-14	2.7588748630960582e-14	1.5259567090771802	4.204039669625427	314.09727320323555	206.9027267967645	34.573137320372204	NaN	0.387500658767707	0.5763696845393036	-66.18180858974323	-0.03026662526582022	4.338896882544382	0.16294769583558305	0	18.123906071030028	-2.7503726687559324	6.221350465423219	15.492042316739392	23.62634202216283	33.13628062121295	49.64418659148069	0.17554737831416217	1.0119884146296463	75.37712576005383	1.0224034370209598	15.848764599925838	1.1008817502816124	-0.4098122552374212	1.1008817502816124	0.35656271948612245	1.1008817502816124	-0.01467292049225479	1.3051706227026532	NaN	NaN	800000009	800000009	800000009	800000019	800000019	800000019	899999999	899999999	89999	89999	89	89	15	7	0	14	3	0	9	NaN	0	0	0	0	0	0	0	0	0	NaN	NaN	NaN	NaN	0	0	0	0	0	0	300	0	0	18000	0	15	18000	18000	18000	18000	93	NaN	0.3077442882530861	0.6925645542511953	0.15243052657432582	0.111680998885377	0.19785120967820202	0.018635579769180993	5.508852538671994e-8	NaN	0.06287019767791276	-0.010124948917239952	0.008809349340950338	-0.00001467292049225479	NaN	17.598833726017904	590.6984879795571	91.31479483413696	91.08630746799045	91.54328318193224	-0.45697746744917295	0.0002734900006827148	39.153909723917636	106
DATA	2026-10-03T203000_AIU-1657.ghg	2026-10-03	21:00:00	276.874	0	18000	18000	0.20661655097554205	1	NaN	17.67325359008107	0	NaN	22.3549455030858	1	NaN	6.554748451741924	1	NaN	0.5030339512822186	1	NaN	0.04215012088086289	1	NaN	NaN	NaN	NaN	NaN	NaN	NaN	NaN	NaN	NaN	1.3336369434284444e-9	4.5027108419004096e-11	6.732480993385703e-12	NaN	17.572756845981253	432.46899824774925	438.877174004852	0.1	1	593.3027212718695	14.601296528198867	14.817653480520038	0.1	1	0.0887109884364905	2.088828045984567	2.1197795761503584	-0.2	0	NaN	NaN	NaN	NaN	9	296.1683976465861	287.48457534359	98123.84030367232	1.1825325526940356	1013.418460288902	0.02435847141744161	0.032596600043087766	0.010801801288644212	1433.119604834011	1628.6503962063157	0.009134464217526731	87.9943054796927	195.53079137230475	285.48850547608737	-0.6300075975152647	0.01789712439012315	0.5093029460075259	0.8103205358378068	2.841723235587157e-14	7.589230051478442e-14	0.8103205358378068	4.752151569297951	342.62720892418463	178.37279107581531	38.94104074265288	NaN	0.4179997301616341	0.7046784675518598	-355.8996635378581	-0.005628271687834637	0.7905746666947372	0.035280813608007236	0	18.76467926736419	-2.8476124734184545	6.441307168333769	16.03976560741064	24.461654599699546	34.30781838824098	51.39936364862071	0.20365127432126853	1.014560560272241	18.65244616046318	1.021788345805075	20.44747532099527	1.093286342306131	5.995454436863833	1.093286342306131	0.4601118040321811	1.093286342306131	0.02755558870460113	1.3083100076086567	NaN	NaN	800000009	800000009	800000009	800000019	800000019	801100019	899999999	899999999	89999	89999	89	89	3	4	4	8	0	0	5	NaN	0	0	0	0	0	0	0	0	0	NaN	NaN	NaN	NaN	0	0	0	0	0	0	300	0	0	18000	0	15	18000	18000	18000	18000	93	NaN	0.39656244326050083	0.8501813259823421	0.16261316586087662	0.09930328334664076	0.8211305405233983	0.038924975582043074	1.0723515868042278e-7	NaN	0.01556445360366245	0.14820466627892476	0.011373736067161803	0.00002755558870460113	NaN	17.574100184264438	593.3462878200266	91.39608543353611	91.18686755540635	91.60530349477133	-0.418435918155646	0.0002734790840865268	39.545307868109795	108
DATA	2026-10-03T210000_AIU-1657.ghg	2026-10-03	21:30:00	276.895	0	18000	18000	0.07737763836149633	1	NaN	36.607965595913356	1	NaN	19.143270190861962	2	NaN	-1.968267208044549	0	NaN	0.4308448009172444	2	NaN	0.06511451697158392	1	NaN	NaN	NaN	NaN	NaN	NaN	NaN	NaN	NaN	NaN	3.5708901430559724e-10	1.1976537765609456e-11	1.805683681800315e-12	NaN	17.53957369231848	431.86128795584193	438.208453502408	0.1	1	588.2661137790418	14.484352129302701	14.697232013106598	0.1	1	0.08869195279933637	2.090084849830903	2.120803311795947	0	1	NaN	NaN	NaN	NaN	9	296.1213333901299	287.6787422309487	98142.04313735876	1.1820061885030801	1013.3562236441053	0.024370402189004964	0.027918743099437437	0.010710041952441211	1421.90522023191	1649.2292386418223	0.00906090175890251	86.21634803193771	227.32401840991224	285.36904016881516	0.009700443627616141	0.09336062565961992	0.10704384058662521	0.14236814544574597	6.755291472487871e-15	2.0359047521319498e-14	0.14236814544574597	2.547672851073907	76.93191450756592	84.06808549243405	48.75354122820766	NaN	0.2558573279923527	0.23368066345558292	-39.40798462772562	-0.05082980058286747	1.912315149445478	0.11945266548113505	0	13.26139982926082	-2.0124685868983128	4.552209423100718	11.335645115845226	17.287574037893986	24.246068394434015	36.325028666993006	0.07393174771526452	1.046609078680286	36.36134012402548	1.0421380543985592	17.167895171206695	1.1150621552587463	-1.7651636716052115	1.1150621552587463	0.38638635423625184	1.1150621552587463	0.03955262849853296	1.355433436798373	NaN	NaN	800000009	800000009	800000009	800000019	800001019	810001019	899999999	899999999	89999	89999	89	89	12	1	0	15	0	0	0	NaN	0	0	0	0	0	0	0	0	0	NaN	NaN	NaN	NaN	0	0	0	0	0	0	300	150	0	18000	0	20	18000	18000	18000	18000	93	NaN	0.1459349233285768	0.17632257761421646	0.14510382596837257	0.05563590157855115	1.1744614226277794	0.060225103069296196	5.135624365128006e-7	NaN	0.03035693995703965	-0.04365016252378264	0.009554823402889734	0.00003955262849853296	NaN	17.54092153180102	588.3069194965591	91.5865739864773	91.41286297649806	91.76028611331517	-0.34742287632326174	0.0002737530493646369	38.74429587089158	021
DATA	2026-10-03T213000_AIU-1657.ghg	2026-10-03	22:00:00	276.916	0	18000	18000	0.19035934427666074	1	NaN	39.535046675251536	0	NaN	45.615883429425224	0	NaN	2.605741437827724	0	NaN	1.0267623578359448	0	NaN	-0.0009045816568047077	0	NaN	NaN	NaN	NaN	NaN	NaN	NaN	NaN	NaN	NaN	-1.0228472961253401e-10	-3.4383681327334644e-12	-5.177922032532525e-13	NaN	17.490758693010307	430.8895255540671	437.22253367948275	0.2	0	587.9633014155021	14.484633424813746	14.697521637993349	0.1	1	0.08854282075664782	2.0876591375410922	2.118342552887857	0.1	0	NaN	NaN	NaN	NaN	9	296.6037752507528	287.79640797070863	98159.41782265184	1.1817319703712554	1013.3585947650585	0.024376054676602914	0.06653420078776923	0.010707766381810533	1422.1845680074198	1661.8108923809887	0.00906107869659019	85.58040957173894	239.62632437356888	285.3720260751536	-0.906598639150876	0.24877347406183742	0.5920835303632728	1.111023060442296	-1.1054539693889169e-13	-5.847929835851502e-15	1.111023060442296	4.107139230199539	356.3444508951754	164.65554910482462	32.202785134086135	NaN	0.4013540110257033	0.6782557312510097	-140.8713471002393	-0.014219357173994095	0.8666947497885977	0.08225693213813852	0	16.877522321783584	-2.561229126228505	5.793507257227337	14.42665223412985	22.00155492410828	30.857493613881996	46.230148405138266	0.1879482776243653	1.0128283519421988	41.482623513693895	1.021519505904995	41.63593882540089	1.0955891644647215	2.3783928523068467	1.0955891644647215	0.9371782700476013	1.0955891644647215	-0.0133976340684849	1.305958621623459	NaN	NaN	800000009	800000009	800000009	800000019	800000019	800001019	899999999	899999999	89999	89999	89	89	7	2	1	11	0	0	5	NaN	0	0	0	0	0	0	0	0	0	NaN	NaN	NaN	NaN	0	0	0	0	0	0	300	0	0	18000	0	15	18000	18000	18000	18000	93	NaN	0.45218891651394116	0.7089155744779616	0.19540697151011654	0.0791207608295841	0.7508298307742225	0.041629395942200005	3.33148887896518e-8	NaN	0.034640493831588993	0.058828167215437516	0.023180560741914755	-0.0000133976340684849	NaN	17.492099428158333	588.0062948375609	91.61788267474705	91.45227195739747	91.78349121644763	-0.3312200979706316	0.0002741663131584775	39.043742337438786	215
DATA	2026-10-03T220000_AIU-1657.ghg	2026-10-03	22:30:00	276.937	0	18000	18000	0.07465856945973869	1	NaN	18.909338338307936	0	NaN	31.34460369738411	1	NaN	0.23403069369903973	2	NaN	0.7054465642205948	1	NaN	0.021605420061399237	2	NaN	NaN	NaN	NaN	NaN	NaN	NaN	NaN	NaN	NaN	6.450048561599661e-10	2.1792907421299938e-11	3.2393625175621865e-12	NaN	17.578485584464406	432.9418156404427	439.3688554876652	0.1	1	593.9277902953959	14.627891273925087	14.845042948127038	0.1	1	0.08828319162871373	2.080494997866968	2.1113800354636663	1.3	0	NaN	NaN	NaN	NaN	9	296.6678778313531	287.6706257069044	98150.9571455685	1.1820823841998742	1013.4368969724854	0.024367501364047448	0.045712937361494545	0.010817465497773076	1436.126652023787	1648.3644548610046	0.009151194233467224	87.12433999584673	212.2378028372175	285.5203992668375	0.19826766403647683	0.09261498806760413	0.16510828047087553	0.2741319880956749	4.6970465712023214e-14	3.6692856905148383e-14	0.2741319880956749	2.291395043707659	135.96173444668142	25.03826555331859	37.034430484092624	NaN	0.25131358148774435	0.2217608819507201	-72.30641317666435	-0.027702936876510226	0.6032725288495522	0.06280813761679112	0	12.646552443823975	-1.919163124061877	4.341152212113177	10.810082818391605	16.486058373288806	23.121931278339567	34.640866422481	0.0725729555755486	1.028738169303563	20.22048368258562	1.0302044181300132	28.48182226057848	1.100512579940083	0.21265608223377278	1.100512579940083	0.6410163564500122	1.100512579940083	0.010366859300615854	1.3286547083603943	NaN	NaN	800000009	800000009	800000009	800000019	800000019	800101019	899999999	899999999	89999	89999	89	89	21	2	1	16	3	0	0	NaN	0	0	0	0	0	0	0	0	0	NaN	NaN	NaN	NaN	0	0	0	0	0	0	300	0	0	18000	0	15	18000	18000	18000	18000	93	NaN	0.13491219145451983	0.15097259035796123	0.15763698208895915	0.03492991775353697	0.6258061007671628	0.025790168808595745	7.31999909666419e-8	NaN	0.01687901435678513	0.005258843803823617	0.015851909142955964	0.000010366859300615854	NaN	17.57987417735764	593.9726038687529	91.57213910420737	91.40235268953111	91.7419300910102	-0.3395772328691356	0.0002739556397379298	38.77829666932416	026
DATA	2026-10-03T223000_AIU-1657.ghg	2026-10-03	23:00:00	276.958	0	18000	18000	0.03459759152987778	1	NaN	19.600416691889453	0	NaN	20.856575598651876	0	NaN	2.205737531647657	0	NaN	0.46929675306540364	0	NaN	0.03892877116176396	1	NaN	NaN	NaN	NaN	NaN	NaN	NaN	NaN	NaN	NaN	1.1979631397568835e-10	4.063744027314824e-12	6.026883693453969e-13	NaN	17.65039271087066	434.1968158010841	440.6876482880641	0.1	1	598.7386053724329	14.728873187607867	14.949055936775084	0.1	1	0.08879811112868917	2.0905292379441223	2.121780676459613	0	1	NaN	NaN	NaN	NaN	9	296.5504253607856	287.4387220727952	98155.0558759269	1.1830400567899062	1013.4895502792934	0.024346840964911756	0.030410429598638156	0.010901385513248893	1446.101168026653	1623.8236687732212	0.009214722232507508	89.05530790293042	177.72250074656813	285.62577342103503	0.161571043561277	0.22601665416228478	0.06995344050060512	0.286499937022809	1.536190216066005e-14	6.787175556830943e-15	0.286499937022809	1.4504580296492628	106.55959030775313	54.44040969224686	14.132531021877089	NaN	0.17101067003905712	0.13057075103301916	-21.98003759010489	-0.09113269218892364	0.9397715650481175	0.09559240117107519	1	0.6943999995305621	1	1	1	2	4	22	0.03366041274814149	1.0278421654763588	20.310632912924927	1.029618271670332	18.963477959073572	1.0998286096919525	2.005528417982739	1.0998286096919525	0.42669989571997713	1.0998286096919525	0.024226516461917334	1.3273498494056375	NaN	NaN	800000009	800000009	800000009	800000019	800000019	800001019	899999999	899999999	89999	89999	89	89	2	0	0	9	4	0	2	NaN	0	0	0	0	0	0	0	0	0	NaN	NaN	NaN	NaN	0	0	0	0	0	0	300	150	0	18000	0	20	18000	18000	18000	18000	93	NaN	0.09802208585247085	0.09033358508037999	0.0727858311331875	0.038966050236852394	0.5264696159226602	0.02761182162972973	2.53509845697221e-7	NaN	0.016939661667715947	0.049558416879413036	0.010544139452166416	0.000024226516461917335	NaN	17.65173639012109	598.7827495136453	91.38405138481984	91.17809259414673	91.59001285425819	-0.41191850185228995	0.00027316711050742824	34.18965655750704	141
DATA	2026-10-03T230000_AIU-1657.ghg	2026-10-03	23:30:00	276.979	0	18000	18000	0.08417780997249524	0	NaN	49.972909925647755	0	NaN	32.98149544922258	1	NaN	1.003931277030501	1	NaN	0.7419112100695698	1	NaN	0.04004201246305648	1	NaN	NaN	NaN	NaN	NaN	NaN	NaN	NaN	NaN	NaN	2.3318902403927924e-10	7.986618079670299e-12	1.1716952811501663e-12	NaN	17.668002966642018	434.5650139958693	441.13065004923635	0.1	1	605.1210707982676	14.883654202296281	15.108524252781692	0.1	1	0.08877568654292473	2.0873811635994057	2.1189184125344473	0	1	NaN	NaN	NaN	NaN	9	296.4879109971788	287.1440637367224	98137.91410801656	1.1839775508854413	1013.5714787159126	0.024326130910827033	0.04807584641250812	0.011025323110522536	1461.0425818272358	1593.1052597171044	0.0093121048640468	91.71036081361505	132.0626778898686	285.7824293411825	-0.8492183973251505	-0.20728635921946342	0.6256745295713597	1.0749921571939254	-2.4276994084094223e-14	1.3198380398710062e-14	1.0749921571939254	2.5132801625846644	327.28285558465734	193.71714441534266	35.59324221566449	NaN	0.2666410908396028	0.22709965276652366	-32.67578945177622	-0.06130226793621091	1.5151802319753724	0.15617435199322532	0	17.99220548626967	-2.7303865969144403	6.176141916499814	15.379466637730102	23.454657008575126	32.89548994852386	49.28343828598703	0.08310022894933386	1.012967244937657	51.03441861611617	1.021497718234217	30.113888116008763	1.0952254096902674	0.9166435220987205	1.0952254096902674	0.677405037817178	1.0952254096902674	0.017008619070625296	1.3061362786608128	NaN	NaN	800000009	800000009	800000009	800000019	800000019	800000019	899999999	899999999	89999	89999	89	89	27	16	0	5	4	0	4	NaN	0	0	0	0	0	0	0	0	0	NaN	NaN	NaN	NaN	0	21	0	0	0	0	300	0	0	18000	0	20	18000	18000	18000	18000	93	NaN	0.2685145071128642	0.11218270388892289	0.07350209453126025	0.08289419144091091	0.09334734877087053	0.03398407630056498	2.654085930311785e-7	NaN	0.04252705633467723	0.022635377822473518	0.016727679408819758	0.000017008619070625296	NaN	17.669381752418964	605.1636542267206	91.15510198338828	90.91417030970254	91.39603299119737	-0.48186266016297896	0.0002736804202383306	35.44852102088916	075
