DATAH	filename	date	time	DOY	daytime	file_records	used_records	Tau	qc_Tau	rand_err_Tau	H	qc_H	rand_err_H	LE	qc_LE	rand_err_LE	co2_flux	qc_co2_flux	rand_err_co2_flux	h2o_flux	qc_h2o_flux	rand_err_h2o_flux	ch4_flux	qc_ch4_flux	rand_err_ch4_flux	none_flux	qc_none_flux	rand_err_none_flux	H_strg	LE_strg	co2_strg	h2o_strg	ch4_strg	none_strg	co2_v-adv	h2o_v-adv	ch4_v-adv	none_v-adv	co2_molar_density	co2_mole_fraction	co2_mixing_ratio	co2_time_lag	co2_def_timelag	h2o_molar_density	h2o_mole_fraction	h2o_mixing_ratio	h2o_time_lag	h2o_def_timelag	ch4_molar_density	ch4_mole_fraction	ch4_mixing_ratio	ch4_time_lag	ch4_def_timelag	none_molar_density	none_mole_fraction	none_mixing_ratio	none_time_lag	none_def_timelag	sonic_temperature	air_temperature	air_pressure	air_density	air_heat_capacity	air_molar_volume	ET	water_vapor_density	e	es	specific_humidity	RH	VPD	Tdew	u_unrot	v_unrot	w_unrot	u_rot	v_rot	w_rot	wind_speed	max_wind_speed	wind_dir	yaw	pitch	roll	u*	TKE	L	(z-d)/L	bowen_ratio	T*	model	x_peak	x_offset	x_10%	x_30%	x_50%	x_70%	x_90%	un_Tau	Tau_scf	un_H	H_scf	un_LE	LE_scf	un_co2_flux	co2_scf	un_h2o_flux	h2o_scf	un_ch4_flux	ch4_scf	un_none_flux	un_none_scf	spikes_hf	amplitude_resolution_hf	drop_out_hf	absolute_limits_hf	skewness_kurtosis_hf	skewness_kurtosis_sf	discontinuities_hf	discontinuities_sf	timelag_hf	timelag_sf	attack_angle_hf	non_steady_wind_hf	u_spikes	v_spikes	w_spikes	ts_spikes	co2_spikes	h2o_spikes	ch4_spikes	none_spikes	head_detect_LI-7200	t_out_LI-7200	t_in_LI-7200	aux_in_LI-7200	delta_p_LI-7200	chopper_LI-7200	detector_LI-7200	pll_LI-7200	sync_LI-7200	chopper_LI-7500	detector_LI-7500	pll_LI-7500	sync_LI-7500	not_ready_LI-7700	no_signal_LI-7700	re_unlocked_LI-7700	bad_temp_LI-7700	laser_temp_unregulated_LI-7700	block_temp_unregulated_LI-7700	motor_spinning_LI-7700	pump_on_LI-7700	top_heater_on_LI-7700	bottom_heater_on_LI-7700	calibrating_LI-7700	motor_failure_LI-7700	bad_aux_tc1_LI-7700	bad_aux_tc2_LI-7700	bad_aux_tc3_LI-7700	box_connected_LI-7700	mean_value_RSSI_LI-7200	mean_value_LI-7500	u_var	v_var	w_var	ts_var	co2_var	h2o_var	ch4_var	none_var	w/ts_cov	w/co2_cov	w/h2o_cov	w/ch4_cov	w/none_cov	co2_mean	h2o_mean	avg_signal_strength_7200_mean	co2_signal_strength_7200_mean	h2o_signal_strength_7200_mean	delta_signal_strength_7200_mean	flowrate_mean	rssi_77_mean	CHK
DATAU		[yyyy-mm-dd]	[HH:MM]	[ddd.ddd]	[1=daytime]	[#]	[#]	[kg+1m-1s-2]	[#]	[kg+1m-1s-2]	[W+1m-2]	[#]	[W+1m-2]	[W+1m-2]	[#]	[W+1m-2]	[µmol+1s-1m-2]	[#]	[µmol+1s-1m-2]	[mmol+1s-1m-2]	[#]	[mmol+1s-1m-2]	[µmol+1s-1m-2]	[#]	[µmol+1s-1m-2]	[µmol+1s-1m-2]	[#]	[µmol+1s-1m-2]	[W+1m-2]	[W+1m-2]	[µmol+1s-1m-2]	[mmol+1s-1m-2]	[µmol+1s-1m-2]	[µmol+1s-1m-2]	[µmol+1s-1m-2]	[mmol+1s-1m-2]	[µmol+1s-1m-2]	[µmol+1s-1m-2]	[mmol+1m-3]	[µmol+1mol_a-1]	[µmol+1mol_d-1]	[s]	[1=default]	[mmol+1m-3]	[mmol+1mol_a-1]	[mmol+1mol_d-1]	[s]	[1=default]	[mmol+1m-3]	[µmol+1mol_a-1]	[µmol+1mol_d-1]	[s]	[1=default]	[mmol+1m-3]	[µmol+1mol_a-1]	[µmol+1mol_d-1]	[s]	[1=default]	[K]	[K]	[Pa]	[kg+1m-3]	[J+1kg-1K-1]	[m+3mol-1]	[mm]	[kg+1m-3]	[Pa]	[Pa]	[kg+1kg-1]	[%]	[Pa]	[K]	[m+1s-1]	[m+1s-1]	[m+1s-1]	[m+1s-1]	[m+1s-1]	[m+1s-1]	[m+1s-1]	[m+1s-1]	[deg_from_north]	[deg]	[deg]	[deg]	[m+1s-1]	[m+2s-2]	[m]	[#]	[#]	[K]	[0=KJ/1=KM/2=HS]	[m]	[m]	[m]	[m]	[m]	[m]	[m]	[kg+1m-1s-2]	[#]	[W+1m-2]	[#]	[W+1m-2]	[#]	[µmol+1s-1m-2]	[#]	[mmol+1s-1m-2]	[#]	[µmol+1s-1m-2]	[#]	[µmol+1s-1m-2]	[#]	8u/v/w/ts/co2/h2o/ch4/none	8u/v/w/ts/co2/h2o/ch4/none	8u/v/w/ts/co2/h2o/ch4/none	8u/v/w/ts/co2/h2o/ch4/none	8u/v/w/ts/co2/h2o/ch4/none	8u/v/w/ts/co2/h2o/ch4/none	8u/v/w/ts/co2/h2o/ch4/none	8u/v/w/ts/co2/h2o/ch4/none	8co2/h2o/ch4/none	8co2/h2o/ch4/none	8aa	8U	[#]	[#]	[#]	[#]	[#]	[#]	[#]	[#]	[#_flagged_recs]	[#_flagged_recs]	[#_flagged_recs]	[#_flagged_recs]	[#_flagged_recs]	[#_flagged_recs]	[#_flagged_recs]	[#_flagged_recs]	[#_flagged_recs]	[#_flagged_recs]	[#_flagged_recs]	[#_flagged_recs]	[#_flagged_recs]	[#_flagged_recs]	[#_flagged_recs]	[#_flagged_recs]	[#_flagged_recs]	[#_flagged_recs]	[#_flagged_recs]	[#_flagged_recs]	[#_flagged_recs]	[#_flagged_recs]	[#_flagged_recs]	[#_flagged_recs]	[#_flagged_recs]	[#_flagged_recs]	[#_flagged_recs]	[#_flagged_recs]	[#_flagged_recs]	[#]	[#]	[m+2s-2]	[m+2s-2]	[m+2s-2]	[K+2]	--	--	--	--	[m+1s-1K+1]	--	--	--	--	--	--	--	--	--	--	--	--	241
DATA	2026-09-21T233000_AIU-1657.ghg	2026-09-22	00:00:00	265	0	18000	18000	0.0240276468344225	0	NaN	8.980579830992205	0	NaN	38.48032470699606	0	NaN	1.111539932585441	2	NaN	0.8726780903199287	0	NaN	0.07030099564827566	0	NaN	NaN	NaN	NaN	NaN	NaN	NaN	NaN	NaN	NaN	-4.74061317053675e-10	-2.5216297144013097e-11	-2.409623702238029e-12	NaN	17.26816556351678	440.36328453873784	450.92569101468087	0.1	1	918.5292668213035	23.423829438893303	23.985665578379603	0.1	1	0.08777299378618006	2.152398039954274	2.204024739532177	0.1	0	NaN	NaN	NaN	NaN	9	304.08054859246147	295.57938644917806	97492.68087717013	1.1389159104538782	1018.5836600818348	0.025206477007587623	0.05654954025273138	0.016745593348644228	2284.2644938626404	2705.8346912790134	0.014703098968887713	84.41995740630031	421.57019741637305	292.78553579865513	-0.05146875748119396	-0.6590688673560774	0.24554136299643084	0.705203067106839	-1.7578042930697666e-17	-2.745290548147426e-14	0.705203067106839	2.3197912114511188	255.46534470062875	265.53465529937125	20.376361924739534	NaN	0.14524787588639038	0.20862080441205427	-29.301418184680884	-0.06836187884746286	0.233381082394023	0.0532974244676654	1	5.507149969179882	2	5	8	13	24	68	0.023658183944277142	1.0156167054502394	11.141539902408638	1.022224924716439	35.20547863288773	1.0930209217791764	1.0169429609600884	1.0930209217791764	0.7984093194661065	1.0930209217791764	0.05064901703061396	1.3098017209395423	NaN	NaN	800000009	800000009	800000009	800000009	800000019	800001019	899999999	899999999	89999	89999	89	89	11	0	0	18	13	0	4	NaN	0	0	0	0	0	0	0	0	0	NaN	NaN	NaN	NaN	0	0	0	0	0	0	0	0	0	0	0	0	18000	18000	18000	18000	93	NaN	0.2612442318606572	0.10647499840876631	0.049522378554685	0.02179934214815839	2.122350429016891	0.05783796416096433	0.000002134162972894266	NaN	0.009604104015608222	0.026248555986695114	0.020607932329380404	0.00005064901703061396	NaN	17.26941027499032	918.5945167187565	92.41061874432035	92.60238010787964	92.218858350118	0.3835234936997296	0.00028366038083428677	57.51772465090166	228
DATA	2026-09-22T000000_AIU-1657.ghg	2026-09-22	00:30:00	265.02	0	18000	18000	0.03711000541235466	0	NaN	13.32315815285041	0	NaN	24.134830536022264	1	NaN	0.7940431104985971	2	NaN	0.5472697958570282	1	NaN	0.12953902952191557	0	NaN	NaN	NaN	NaN	NaN	NaN	NaN	NaN	NaN	NaN	-5.881610260333428e-11	-3.1209052383248234e-12	-2.97071061102312e-13	NaN	17.375041037748396	442.725407905227	453.3760894154795	0.2	0	921.9559642794776	23.491934751089552	24.057082155385466	0.1	1	0.0877586519560975	2.1507225683814393	2.2024626779024334	0.8	0	NaN	NaN	NaN	NaN	9	303.98936870744495	295.44120805019804	97523.71619748264	1.139781694298508	1018.6202564138474	0.02518667560571026	0.035463082771535426	0.016807484961288102	2291.63531966618	2683.196957585183	0.014746231708548774	85.40689915393315	391.56163791900326	292.8374245345951	0.0256163311963396	-0.5944692233167221	0.1778709711151121	0.6210377897199113	2.343470894910843e-14	-3.3850914352117217e-15	0.6210377897199113	2.9590604162016154	248.5325884279555	272.4674115720445	16.643104998331648	NaN	0.18044076930588562	0.2991106704763551	-37.87594611497444	-0.05288580762892322	0.552030317054227	0.06359727788552773	1	3.0052281413441166	1	3	5	8	14	41	0.03649862958754539	1.0167506515098828	14.560564990815948	1.0227855157955545	22.078781039828478	1.0931233247200027	0.7263984699091356	1.0931233247200027	0.5006478075080945	1.0931233247200027	0.09665136679612445	1.3114107546982503	NaN	NaN	800000009	800000009	800000009	800000009	800000019	800000019	899999999	899999999	89999	89999	89	89	20	7	0	9	0	0	4	NaN	0	0	0	0	0	0	0	0	0	NaN	NaN	NaN	NaN	0	0	0	0	0	0	0	0	0	0	0	0	18000	18000	18000	18000	93	NaN	0.3849935620347531	0.15720580700499037	0.056021971912966664	0.029456065225155658	3.553920144846844	0.06380198433822087	0.000004704363718595926	NaN	0.012541348642810531	0.018735821378499166	0.012913088729636547	0.00009665136679612445	NaN	17.376312613613077	922.0211738549546	92.36527198579577	92.5442152756585	92.1863286772834	0.3578865465662542	0.0002837039157990755	57.03973206410585	040
DATA	2026-09-22T003000_AIU-1657.ghg	2026-09-22	01:00:00	265.041	0	18000	18000	0.10106363532740613	1	NaN	16.60533502315502	0	NaN	62.93300233340424	1	NaN	6.230421221728943	1	NaN	1.4270428614732154	1	NaN	0.06882862864694933	0	NaN	NaN	NaN	NaN	NaN	NaN	NaN	NaN	NaN	NaN	3.1156561044833704e-10	1.6363037765669718e-11	1.5715521427976194e-12	NaN	17.406320162105178	443.55406067288175	454.1330476764362	0.1	0	914.1582531012144	23.29490676285663	23.850501982793123	0.1	1	0.08779832828666347	2.151554321556098	2.2028699721684593	-0.7	0	NaN	NaN	NaN	NaN	9	304.01609861416284	295.44439480929907	97519.12600390625	1.1398014264462928	1018.5073086858679	0.025188132821720752	0.09247237742346436	0.01666555556261949	2272.308307051115	2683.7171733960076	0.014621455260483278	84.6701854270176	411.40886634489243	292.7010543839414	0.5418256405271933	-0.03907780697184063	0.12056228263172904	0.5564506839997784	1.646517452764317e-14	1.7899567946971237e-14	0.5564506839997784	2.982834508150263	165.12517083302964	355.87482916697024	12.513111019259606	NaN	0.2977713157613966	0.27822096430581356	-136.56439703352197	-0.01466780539812515	0.2638573468207327	0.048036508810634995	0	15.402437994136228	-2.3373793885962613	5.287158541206553	13.165772336876381	20.07863352405559	28.160569008925798	42.18966390290689	0.09928963828940601	1.0178668899249017	20.08940087221856	1.0233924493917144	57.55415665629628	1.0934571191656846	5.697910885140881	1.0934571191656846	1.30507437050852	1.0934571191656846	0.046000814317135874	1.313001348682817	NaN	NaN	800000009	800000009	800000009	800000009	800000019	800000019	899999999	899999999	89999	89999	89	89	16	4	0	3	4	4	0	NaN	0	0	0	0	0	0	0	0	0	NaN	NaN	NaN	NaN	0	0	0	0	0	0	0	0	0	0	0	0	18000	18000	18000	18000	93	NaN	0.22652273008314822	0.19472793921925996	0.13519125930921888	0.029706638161234637	2.3075658062986912	0.05167421517530271	3.6217086227999523e-7	NaN	0.017305081101963812	0.14694369402716012	0.03365662483118161	0.00004600081431713587	NaN	17.407600170029536	914.223536822602	92.40773151312933	92.59075894334582	92.22470607058207	0.3660543300832309	0.0002832291793715234	55.369336591788446	068
DATA	2026-09-22T010000_AIU-1657.ghg	2026-09-22	01:30:00	265.062	0	18000	18000	0.04260691342755787	1	NaN	12.313881665665786	1	NaN	24.177411525461668	0	NaN	0.6671859800912895	1	NaN	0.5481842466266572	0	NaN	0.10028499735856738	0	NaN	NaN	NaN	NaN	NaN	NaN	NaN	NaN	NaN	NaN	8.999775977531317e-11	4.697717461671302e-12	4.548408979317095e-13	NaN	17.439609370667455	444.3132496422128	454.86257442955673	0.1	1	910.3155197401232	23.192334081505535	23.742989424328208	0.1	1	0.08813827816976945	2.158845395705901	2.210102839104906	0.9	0	NaN	NaN	NaN	NaN	9	303.8476727311876	295.3449596421984	97504.33243663193	1.1400568127941237	1018.4465962287035	0.02518347578104866	0.03552233918140738	0.016595241695108374	2261.959636282424	2667.5265485324144	0.014556504122312729	84.7961433608554	405.5669122499903	292.6276164082278	0.24779354864579012	-0.15571031922374298	-0.00018892093973214605	0.2926557396572674	4.2878309032151684e-14	5.1605375936163384e-15	0.2926557396572674	2.908595304043828	193.14473253216192	327.8552674678381	-0.03698671098255021	NaN	0.19332000147111614	0.22776055400285156	-50.38671081947743	-0.03975452986357037	0.5093134826570584	0.05485970030487494	1	0.5570057510944325	1	1	1	2	5	NaN	0.041469716510029474	1.0274223460691698	13.480820384956287	1.0293443901144699	21.989242089691455	1.0995109075085412	0.6068025114940542	1.0995109075085412	0.4985709945059357	1.0995109075085412	0.07314946603097126	1.3267394662412786	NaN	NaN	800000009	800000009	800000009	800000009	800000019	810000019	899999999	899999999	89999	89999	89	89	16	3	0	20	29	0	7	NaN	0	0	0	0	0	0	0	0	0	NaN	NaN	NaN	NaN	0	0	0	0	0	0	0	0	0	0	0	0	18000	18000	18000	18000	93	NaN	0.11533569427656355	0.2713620489558447	0.06882336477329486	0.030078457945121956	1.052462315778313	0.018360755887132665	0.000003118469714731405	NaN	0.01161051722342096	0.01564432201971192	0.012853943482426255	0.00007314946603097126	NaN	17.440913098170643	910.3830427136628	92.417242696974	92.59868776300218	92.23579540718927	0.3628914011741681	0.0002833257395751489	55.31854334294354	207
DATA	2026-09-22T013000_AIU-1657.ghg	2026-09-22	02:00:00	265.083	0	18000	18000	0.011852313466589303	1	NaN	6.178688344474807	1	NaN	26.199767998950605	1	NaN	1.4403986920229108	1	NaN	0.5939399828927676	1	NaN	0.06742308763266436	1	NaN	NaN	NaN	NaN	NaN	NaN	NaN	NaN	NaN	NaN	-3.082446743489921e-10	-1.6116129236575403e-11	-1.5617394511199014e-12	NaN	17.444859757866976	444.24893757055327	454.81283733461817	0.1	1	912.0793894184499	23.226916430005673	23.779234727797718	0.1	1	0.08838538982272576	2.1632719784243055	2.2147129305793243	-0.1	0	NaN	NaN	NaN	NaN	9	303.70512226952445	295.1746117384169	97500.6922282986	1.1406571144395148	1018.4632417317877	0.025169890242901533	0.03848731089145134	0.016628957742797493	2265.2478960766216	2639.9877907289997	0.014578401810932002	85.8052413739043	374.7398946523781	292.65098297302427	0.09061613605543119	-0.30826774711806904	0.11735393967190984	0.34207051200502697	-2.2237551615194932e-14	-1.7669656198295626e-14	0.34207051200502697	1.8920169933314952	234.61915846591387	286.3808415340861	20.063991796630205	NaN	0.10193515971906651	0.1633699989148027	-14.721299241533806	-0.13606815316603113	0.2358298876815354	0.05217612349060042	1	2.7870464467658507	1	2	4	7	12	32	0.011568129297440789	1.0245661300839182	7.608399522444711	1.0274965457958538	23.874090052671992	1.0974143073577929	1.3125386486812896	1.0974143073577929	0.5412176412414166	1.0974143073577929	0.04934177956592898	1.32260479914901	NaN	NaN	800000009	800000009	800000009	800000009	800000019	800000019	899999999	899999999	89999	89999	89	89	4	1	0	14	11	0	0	NaN	0	0	0	0	0	0	0	0	0	NaN	NaN	NaN	NaN	0	0	0	0	0	0	0	0	0	0	0	0	18000	18000	18000	18000	93	NaN	0.13688864574527912	0.13490715792710134	0.054944194157224936	0.026782322590868136	1.8749830134840522	0.03712281330238496	0.0000024090113607906797	NaN	0.006549269124471775	0.0338222510507948	0.013946407561847764	0.00004934177956592898	NaN	17.44616793012532	912.1455731508739	92.39298929299248	92.56770309533013	92.21827727720472	0.3494261614249816	0.0002830180711801708	55.311589783693236	061
DATA	2026-09-22T020000_AIU-1657.ghg	2026-09-22	02:30:00	265.104	0	18000	18000	0.2222808544861979	0	NaN	29.309329496869353	0	NaN	8.892502626104784	0	NaN	-1.6603204890189698	2	NaN	0.2027463767411272	0	NaN	NaN	NaN	NaN	NaN	NaN	NaN	NaN	NaN	NaN	NaN	NaN	NaN	-4.546350823634102e-10	-2.3672416044754206e-11	NaN	NaN	17.32053812236211	440.3278917200529	450.66038712576176	0.1	1	901.8639354009093	22.92745424466496	23.465457446602063	0.1	1	NaN	NaN	NaN	NaN	0	NaN	NaN	NaN	NaN	9	303.2584877098931	301.06541706066	96902.79498296136	1.1117378023570597	1018.3220943246358	0.026018765168366664	0.013137965212825042	0.01587902922733889	2206.1410561617936	3747.054522649918	0.014283070336974096	58.87667347315806	1540.9134664881244	292.22635358739694	1.347477774790153	0.5852483166243351	-0.020234390389594948	1.4692247534736445	-2.8913413826396426e-14	-2.624832318439589e-14	1.4692247534736445	7.325202606967856	137.52330867929317	23.476691320706813	-0.7891112779017676	NaN	0.447146506701669	1.0903345464388545	-260.823673831161	-0.0076799010249992365	3.295959611058088	0.0578986584843852	0	15.95267268566892	-2.420879625855373	5.476036305240581	13.636104675388554	20.795920016474042	29.166573513401666	43.69684196863399	0.21963627941757152	1.0120407023631943	29.409279015940097	1.0222289031972867	8.083625767546366	1.1000636201895746	-1.5092949703516654	1.1000636201895746	0.18430422842834107	1.1000636201895746	NaN	1	NaN	NaN	800000009	800000009	800000009	800000019	800000009	800000009	899999999	899999999	89999	89999	89	89	15	7	0	13	10	1	1	NaN	0	0	0	0	0	0	0	0	0	NaN	NaN	NaN	NaN	0	4687	0	0	0	0	0	0	0	11996	0	0	18000	18000	18000	18000	93	NaN	1.1719781352958512	0.7294541819110448	0.27923677567081306	0.053771769883507056	0.5633809198027083	0.01263743146872204	NaN	NaN	0.025977469154036884	-0.04018486153571632	0.004907085788614445	NaN	NaN	17.32184303187683	901.9347486128785	92.26527423138094	92.38709590827091	92.14345213826499	0.2436430833136671	0.00028298933171350246	31.154607505454464	175
DATA	2026-09-22T023000_AIU-1657.ghg	2026-09-22	03:00:00	265.124	0	18000	18000	0.36662485169167713	0	NaN	22.41939482595737	1	NaN	26.83057041578749	0	NaN	3.333998471555903	0	NaN	0.6114184552580547	0	NaN	NaN	NaN	NaN	NaN	NaN	NaN	NaN	NaN	NaN	NaN	NaN	NaN	7.08062589961709e-11	3.703262470349235e-12	NaN	NaN	17.39169945263768	441.38544746793576	451.81563483975293	0.1	0	909.6092462960011	23.0850518829798	23.630564694987704	0.1	1	NaN	NaN	NaN	NaN	0	NaN	NaN	NaN	NaN	9	302.7482892362807	300.54394941658535	96902.79498296136	1.113601620160912	1018.3977048578807	0.02597499150724204	0.03961991590072194	0.01601512138869694	2221.1933192955817	3634.6093587719197	0.01438137400193689	61.11229846296576	1413.416039476338	292.3354283184407	1.0247555026278843	-0.09222926278537524	0.06718951420297853	1.031088991260617	-2.5269155492680377e-14	4.071267399082853e-15	1.031088991260617	6.238497746613048	166.14283485919486	354.85716514080525	3.736249075493126	NaN	0.5737808150822111	1.1405880356346605	-720.4840851970162	-0.0027802140826639534	0.8355914346407438	0.03445328179443091	0	17.926174262248963	-2.7203661039192055	6.153475534060859	15.32302414058044	23.368578639114315	32.77476381143525	49.1025685334458	0.3618638417134184	1.0131569099463362	23.704078216763648	1.0214875176708889	24.507082675674933	1.094808826120246	3.0452791318561405	1.094808826120246	0.5584705207618603	1.094808826120246	NaN	1	NaN	NaN	800000009	800000009	800000009	800000019	800000009	800000009	899999999	899999999	89999	89999	89	89	22	9	0	4	7	0	0	NaN	0	0	0	0	0	0	0	0	0	NaN	NaN	NaN	NaN	0	5477	0	0	0	0	300	0	0	9000	0	15	18000	18000	18000	18000	93	NaN	1.1156677568788544	0.8220060709649488	0.3435022434255179	0.1451659486266692	0.16937078124857233	0.009223828017682026	NaN	NaN	0.020901420641275162	0.08095678042549832	0.014846578381100421	NaN	NaN	17.39301027733191	909.677305090897	91.8890752775404	91.92248444832697	91.85566580835976	0.06681920643186345	0.00028268995592952714	32.811070118423	226
DATA	2026-09-22T030000_AIU-1657.ghg	2026-09-22	03:30:00	265.145	0	18000	18000	0.09547977000622135	1	NaN	14.615184599193768	0	NaN	5.971955133324848	1	NaN	0.9526610458073255	1	NaN	0.13593835194519974	1	NaN	NaN	NaN	NaN	NaN	NaN	NaN	NaN	NaN	NaN	NaN	NaN	NaN	3.6693336487066063e-10	1.9071556409280057e-11	NaN	NaN	17.42451004083904	441.9483709280982	452.3388203285464	0.1	1	905.6481583926402	22.97050116746849	23.510550290361053	0.1	1	NaN	NaN	NaN	NaN	0	NaN	NaN	NaN	NaN	9	301.58519358995227	299.40015335122047	96922.88666940214	1.1181352120673953	1018.3066876158823	0.02586983720428567	0.008808805206048943	0.01600042686242336	2210.7109214451657	3398.341978519499	0.014309921277623568	65.05263259021008	1187.6310570743335	292.2595374547411	0.5543955136723209	-0.1737352197472523	0.047911034007848206	0.5829526390199523	-2.3783549484612945e-14	2.105846098459316e-14	0.5829526390199523	3.217124224848224	178.39983032923442	342.6001696707656	4.714276367082998	NaN	0.29221904688208644	0.383151567025262	-146.0075776846004	-0.013719150963020664	2.4473031482835097	0.04392612214654922	0	16.268601464305185	-2.4688230368744546	5.58448443150576	13.90615584363711	21.207765087257965	29.744192081064732	44.56221983887727	0.09384887496170188	1.0173778859382705	14.743426122670519	1.0231214191140152	5.4623776378326285	1.093288587731992	0.8713719840281184	1.093288587731992	0.12433894716417139	1.093288587731992	NaN	1	NaN	NaN	800000009	800000019	800000009	800000019	800000009	800000009	899999999	899999999	89999	89999	89	89	8	2	0	3	9	0	0	NaN	0	0	0	0	0	0	0	0	0	NaN	NaN	NaN	NaN	0	9313	0	0	0	0	300	150	17996	12000	0	20	18000	18000	18000	18000	93	NaN	0.21339011189186546	0.43936016778068815	0.11355285437797032	0.09401807140500726	0.5849170793397876	0.02171092591675867	NaN	NaN	0.012948679978490411	0.023068418159208626	0.0032917087985769983	NaN	NaN	17.425825433854534	905.7150966428745	91.75324901962281	91.75119617419773	91.75530396609835	-0.004109390100802789	0.0002818041252289226	21.380841068793472	145
DATA	2026-09-22T033000_AIU-1657.ghg	2026-09-22	04:00:00	265.166	0	18000	18000	0.04170664670162862	0	NaN	25.80629496849369	1	NaN	23.357458751207353	1	NaN	1.9536552018175526	1	NaN	0.5292115171238083	1	NaN	0.11473424304223365	1	NaN	NaN	NaN	NaN	NaN	NaN	NaN	NaN	NaN	NaN	2.6973491808619684e-10	1.3903799751876071e-11	1.3743074343227112e-12	NaN	17.466772645571304	442.9980737514303	453.3502591065985	0.1	0	900.3450902784606	22.83485042132522	23.368465843435928	0.1	1	0.08899372639905018	2.172250252946996	2.2230124087863827	-0.4	0	NaN	NaN	NaN	NaN	9	301.91146350691054	294.6002819151798	97448.12373918609	1.1424354983256826	1018.227724722666	0.025134467959570198	0.03429290630962278	0.016371303832827342	2225.810219342904	2548.962863119613	0.014330177814695541	87.32219098001255	323.1526437767088	292.3687543733954	0.22591875707506393	-0.6361544889821356	0.05900735848761484	0.6776530727489442	1.6109798835977565e-14	1.5442745122957105e-14	0.6776530727489442	2.492430899028468	231.4484260789161	289.5515739210839	4.995416995210435	NaN	0.1910674871328619	0.2737064318019347	-23.200770296434822	-0.08633765062135929	1.1048417228676368	0.1161080303582551	1	3.154443386951807	1	3	5	8	14	39	0.041051684408876174	1.0159545778007304	26.80507797046787	1.0223842952798186	21.3696695249484	1.0930191842198718	1.7873933321782898	1.0930191842198718	0.4841740426555516	1.0930191842198718	0.08193442298081911	1.310279461645549	NaN	NaN	800000009	800000009	800000009	800000019	800000019	800000019	899999999	899999999	89999	89999	89	89	10	7	0	8	5	0	4	NaN	0	0	0	0	0	0	0	0	0	NaN	NaN	NaN	NaN	0	1	0	0	0	0	300	0	18000	3004	0	15	18000	18000	18000	18000	93	NaN	0.2848974919715654	0.17719202240747406	0.08532334922482994	0.05313467227261362	1.1866204401174616	0.02181720420941561	0.0000012122584855421012	NaN	0.023043076814924453	0.045975301172362835	0.012453916566758809	0.00008193442298081912	NaN	17.468083734319993	900.4114529800266	91.97002964104547	92.01232297219171	91.9277326367696	0.08459098626000823	0.0002818175104847695	55.042096998370226	078
DATA	2026-09-22T040000_AIU-1657.ghg	2026-09-22	04:30:00	265.187	0	18000	18000	0.017425870875682228	0	NaN	24.322254934590987	1	NaN	5.163724787490036	0	NaN	0.5450090409483631	1	NaN	0.11700427641598948	0	NaN	0.054200002235000926	0	NaN	NaN	NaN	NaN	NaN	NaN	NaN	NaN	NaN	NaN	2.1570933825641698e-10	1.1003957340338017e-11	1.0936526155387968e-12	NaN	17.496605463641103	443.69662397687074	453.97193753127885	0.1	1	892.5524582239744	22.634248298002188	23.158421766453966	0.1	1	0.08870829831954323	2.1658995521183706	2.2160583674501018	0.3	0	NaN	NaN	NaN	NaN	9	302.26993426428896	294.68344926961265	97456.98235546875	1.1423042940124304	1018.1143408501132	0.02513927825398217	0.007581877111756118	0.016224378329308717	2206.4572370869937	2561.9716432170508	0.014203201733856185	86.12340589048675	355.51440613005707	292.2286514602102	0.10976005850987922	-1.0939591662684032	0.052604911018111086	1.1007094096854035	9.1177010783677e-15	1.2328639329764434e-14	1.1007094096854035	2.1548611675722955	245.27052449472603	275.72947550527397	2.7393133111106405	NaN	0.12351119997675741	0.0967294978356877	-6.649606183226139	-0.3012358844728112	4.710215190692503	0.1693242384172385	1	12.217456782301413	5	10	16	25	42	100	0.017204506941373172	1.012866624720103	24.28805853836248	1.021512077439052	4.713651718906767	1.0954828857588264	0.49750575571141176	1.0954828857588264	0.10680611987374153	1.0954828857588264	0.03591567591444942	1.3060080842902948	NaN	NaN	800000009	800000009	800000009	800000009	800000019	800000019	899999999	899999999	89999	89999	89	89	19	1	0	27	9	0	12	NaN	0	0	0	0	0	0	0	0	0	NaN	NaN	NaN	NaN	0	0	0	0	0	0	0	0	18000	0	0	0	18000	18000	18000	18000	93	NaN	0.10226081599887366	0.04354914173693005	0.047649037935571674	0.07143783059596004	0.5099454533769963	0.0041641111565544914	5.866160923731919e-7	NaN	0.020884036172518182	0.012796656008860876	0.0027472268611466013	0.00003591567591444942	NaN	17.497921105073328	892.6194551125507	92.11310980818007	92.1806162024604	92.0456007194519	0.13501179587385667	0.0002818347563637265	53.492450286676046	248
DATA	2026-09-22T043000_AIU-1657.ghg	2026-09-22	05:00:00	265.208	0	18000	18000	0.024934936562928688	0	NaN	15.503575397144925	0	NaN	17.038977315710902	0	NaN	3.9827154424894635	0	NaN	0.3861046401938869	0	NaN	0.045619941093710516	0	NaN	NaN	NaN	NaN	NaN	NaN	NaN	NaN	NaN	NaN	-1.193217655759915e-10	-6.05863793079857e-12	-6.060653096026916e-13	NaN	17.429006117091816	442.18774745611654	452.34393722279873	0	0	884.968782077589	22.45236186658517	22.968048809832933	0.1	1	0.08852631317875707	2.1618155391311458	2.211468223951765	0.2	0	NaN	NaN	NaN	NaN	9	302.7345120340983	294.73781458028157	97460.32843185763	1.1422120350820484	1018.0112152943842	0.025143052869288942	0.02501958068456387	0.016091584815552267	2188.801526980298	2570.506632745507	0.014088089007393764	85.15058856870107	381.7051057652088	292.0998927728815	-0.039456965585176564	-0.8664400182873578	0.09175870967871073	0.8721782032502406	1.3085373966480338e-14	-6.846160060669104e-15	0.8721782032502406	2.093117129389731	253.60740123162225	267.39259876837775	6.039057002209489	NaN	0.14775111532157062	0.09838654165943632	-17.858211264213768	-0.11216688896575158	0.9098888454326276	0.09024056448639703	1	7.453644819386629	3	6	11	17	30	79	0.024588837733627425	1.0140754448441434	16.29230670475128	1.021633572611291	15.580631665937824	1.0935999053851773	3.6418396004585514	1.0935999053851773	0.35305840672864436	1.0935999053851773	0.030821709346658337	1.3076325378001774	NaN	NaN	800000009	800000009	800000009	800000009	800000019	800010019	899999999	899999999	89999	89999	89	89	12	5	2	39	8	1	1	NaN	0	0	0	0	0	0	0	0	0	NaN	NaN	NaN	NaN	0	0	0	0	0	0	0	0	18000	0	0	0	18000	18000	18000	18000	93	NaN	0.09809732142898865	0.04812864648707429	0.05054711540280971	0.022942719882052497	1.1253851141970062	0.014097380212825856	4.7621213710050133e-7	NaN	0.014011456495582233	0.09367065725035177	0.009080908725873065	0.00003082170934665834	NaN	17.430292636447483	885.0344817638793	92.23451543977525	92.3233655512068	92.14566939841376	0.17770077936848114	0.00028215109357713824	53.28230203194087	108
DATA	2026-09-22T050000_AIU-1657.ghg	2026-09-22	05:30:00	265.229	0	18000	18000	0.024646646484829036	1	NaN	-8.065461922809797	2	NaN	-35.74027910404831	2	NaN	-6.306532269470843	1	NaN	-0.8098478164063048	2	NaN	0.004920939157477634	2	NaN	NaN	NaN	NaN	NaN	NaN	NaN	NaN	NaN	NaN	3.575091413827516e-10	1.8371149726841767e-11	1.800404689165209e-12	NaN	17.631918859772963	447.82647440720615	458.37470446152764	0.1	1	906.0429059004813	23.012242934986897	23.55427974258183	0.1	1	0.08879378376546115	2.168475418078869	2.2195522946912103	-0.7	0	NaN	NaN	NaN	NaN	9	303.1220689239502	294.6996963585748	97467.64738237848	1.142201627704017	1018.3313093364878	0.025137913362297478	-0.052478138503128546	0.016496223008529043	2243.5508272388633	2564.5197279316903	0.01444247898831026	87.48424910922049	320.968900692827	292.49624976231485	0.1455495820890826	-0.039869228580899835	0.1342626099767805	0.20199179357520292	8.922497232349116e-14	2.0276246971530985e-14	0.20199179357520292	1.1301697246527007	176.31881166719404	344.68118833280596	41.65880739207725	NaN	0.1468951748775639	0.07944263585598757	33.739445745637134	0.059369677116258554	0.22566868880148785	-0.04720520013496995	1	0.36147318311494153	1	1	1	3	23	NaN	0.024140137731478408	1.0209820158851102	-9.934168111216463	1.0297408058456583	-31.556845760217975	1.1325681715979412	-5.56834672527743	1.1325681715979412	-0.715054366452564	1.1325681715979412	0.006940026649045926	1.5154144942768386	NaN	NaN	800000009	800000009	800000009	800000009	800000019	800000019	899999999	899999999	89999	89999	89	89	24	6	4	6	3	0	0	NaN	0	0	0	0	0	0	0	0	0	NaN	NaN	NaN	NaN	0	0	0	0	0	0	0	0	18000	0	0	0	18000	18000	18000	18000	93	NaN	0.02743239093700213	0.08465776230900945	0.04679511846596356	0.03511626402537689	7.9999724827413115	0.05335410762273651	0.000001101879461979634	NaN	-0.008540821270230195	-0.14327457119389791	-0.018398478540991206	0.000006940026649045925	NaN	17.63320369212865	906.1069870906471	92.17642098448012	92.2741589525011	92.07868691423204	0.1954719396299771	0.00028242222150664836	52.951003186172194	108
DATA	2026-09-22T053000_AIU-1657.ghg	2026-09-22	06:00:00	265.249	0	18000	18000	0.03873266387154407	1	NaN	17.579696220832556	0	NaN	44.61096994387379	1	NaN	10.082243729485441	1	NaN	1.0109066569142104	1	NaN	0.046005494498533805	1	NaN	NaN	NaN	NaN	NaN	NaN	NaN	NaN	NaN	NaN	2.5135071474466635e-10	1.279634202556136e-11	1.2610047453697415e-12	NaN	17.720952407908193	450.0729138371265	460.62743147137866	-0.1	0	902.1791255324063	22.91335016791748	23.450683899790523	0.1	1	0.08890448193689796	2.1716195452177844	2.2225455087232935	0.1	0	NaN	NaN	NaN	NaN	9	303.0958485387166	294.75659732733834	97485.46020746528	1.1422329231400918	1018.2757144018449	0.02513817286151384	0.06550675136804084	0.01642516261524156	2234.317657352257	2573.4611698146223	0.014379871462720092	86.82150263464844	339.1435124623654	292.43000501134026	0.09579601233983126	-0.5758329251324171	0.13587756105326526	0.5993522714101783	-5.715370861658871e-15	1.4183815235150566e-14	0.5993522714101783	1.7477806706062033	241.5547311926755	279.44526880732445	13.103296416545064	NaN	0.1841456001362051	0.1319729578971273	-30.497666270899384	-0.06568043542109782	0.3940666666281864	0.08207860368035569	1	2.7050887945696913	1	2	4	7	12	36	0.03808155950986	1.0170976286177429	19.95418791062798	1.0229695119922795	40.807428268576395	1.0932070908821836	9.222629283669747	1.0932070908821836	0.9247165201777466	1.0932070908821836	0.02888601297057394	1.3119051990628574	NaN	NaN	800000009	800000009	800000009	800000009	800000019	800000119	899999999	899999999	89999	89999	89	89	27	0	0	8	2	0	0	NaN	0	0	0	0	0	0	0	0	0	NaN	NaN	NaN	NaN	0	0	0	0	0	0	0	0	18000	0	0	0	18000	18000	18000	18000	93	NaN	0.1733294904990081	0.042004388236683135	0.04861203705856336	0.029640757636180567	8.858026597616941	0.07967890341225808	0.0000026626209290262395	NaN	0.017155919419760524	0.23727834945414616	0.02379096056796621	0.00002888601297057394	NaN	17.722221206019906	902.2400773058631	92.24584787368775	92.3579847793579	92.13371063613891	0.22427396303166944	0.0002824441290916488	55.59244244775652	006
DATA	2026-09-22T060000_AIU-1657.ghg	2026-09-22	06:30:00	265.27	1	18000	18000	0.025113418440993362	1	NaN	15.982822139468993	1	NaN	7.171719917481354	0	NaN	-1.5042884750023122	2	NaN	0.16254321886345294	0	NaN	0.08951874283296773	1	NaN	NaN	NaN	NaN	NaN	NaN	NaN	NaN	NaN	NaN	-2.3433534852805273e-10	-1.1833753832440332e-11	-1.1785409090648846e-12	NaN	17.611294019094494	447.16945344104465	457.50059999874696	0.1	1	889.3567248892631	22.581711494434362	23.103426404022905	0.1	1	0.08857234127691961	2.1649489170072664	2.2149666549798126	1.1	0	NaN	NaN	NaN	NaN	9	303.20598175387914	294.93775063614373	97500.47998065865	1.1418516559103555	1018.0891502760777	0.025149747563041013	0.01053280058235175	0.016179981412610792	2202.3182996429746	2602.10942461397	0.014169950473742667	84.63588344174627	399.7911249709955	292.19854849505066	0.1239471815277037	-0.454396726532313	0.05881297540933088	0.4746559332489368	1.0724488227688409e-14	-1.3305969923276618e-14	0.4746559332489368	1.818468773362732	235.7424400011314	285.25755999886854	7.117614364561226	NaN	0.14830236384176837	0.0993580947772445	-17.522974023701497	-0.11431278716105016	2.228589839448446	0.09270643865430118	1	2.5782944715080904	1	2	4	6	11	30	0.024627643383223045	1.0197247885317862	16.139013369122562	1.024474114232882	6.5536067190626275	1.0943164924164286	-1.3746374887219317	1.0943164924164286	0.1485340118602536	1.0943164924164286	0.06536029338371258	1.3156540968076622	NaN	NaN	800000009	800000009	800000009	800000019	800000019	800000019	899999999	899999999	89999	89999	89	89	14	1	0	2	0	0	0	NaN	0	0	0	0	0	0	0	0	0	NaN	NaN	NaN	NaN	0	1	0	0	0	0	0	0	18000	0	0	0	18000	18000	18000	18000	93	NaN	0.12189628483680233	0.03573002597692103	0.041089878740765653	0.036296260707092985	8.033905696467048	0.04948793673720881	0.000001981019931566606	NaN	0.013882941258948813	-0.035370731742927444	0.0038219215839184703	0.00006536029338371257	NaN	17.61259632459237	889.42122184007	92.32674610816107	92.44697292624579	92.2065163222419	0.24045303030725984	0.000282248530857032	55.448216968324445	098
DATA	2026-09-22T063000_AIU-1657.ghg	2026-09-22	07:00:00	265.291	1	18000	18000	0.011108322347396544	1	NaN	-2.1121409474016617	0	NaN	6.793103354868405	1	NaN	0.5525659146325088	2	NaN	0.15391732078081838	1	NaN	0.005317497935111366	2	NaN	NaN	NaN	NaN	NaN	NaN	NaN	NaN	NaN	NaN	-5.606142109741302e-11	-2.835810086019575e-12	-2.7943195775802257e-13	NaN	17.849748522544232	453.2054857773672	463.83896601653794	0.1	1	902.9114122024952	22.9249395118556	23.46282331717929	0.1	1	0.08897009882207695	2.1720439619002176	2.2230062456154287	-0.1	0	NaN	NaN	NaN	NaN	9	303.2264105911255	294.6373468967014	97500.23662890625	1.1428633789012292	1018.280230113851	0.025124194430651555	0.00997384238659703	0.016442613442672956	2235.7865923679065	2554.7533021315185	0.014387208257981982	87.5147745382113	318.966709763612	292.44056013662555	0.18700116713815312	-0.0003947707090515167	0.13641971517058685	0.2314733916504524	-4.8971419698588146e-14	-3.1407401077167808e-15	0.2314733916504524	1.1576230678037156	161.12095465632456	359.8790453436732	36.11116289947245	NaN	0.09858868605421033	0.08162034245826603	38.95823543756302	0.051416599789543785	-0.3109243061770812	-0.018409169177896027	1	1.1926206745629633	1	1	2	4	7	25	0.010896475137714431	1.0194418109530554	-1.6791313126637715	1.0266544032583627	6.073454405200251	1.1184908787743548	0.4940280918857487	1.1184908787743548	0.13761160122242694	1.1184908787743548	0.003919958558709138	1.4578402053362303	NaN	NaN	800000009	800000009	800000009	800000009	800000019	800000119	899999999	899999999	89999	89999	89	89	8	0	0	10	13	0	2	NaN	0	0	0	0	0	0	0	0	0	NaN	NaN	NaN	NaN	0	0	0	0	0	0	0	0	18000	0	0	0	18000	18000	18000	18000	93	NaN	0.031807099151858	0.10063642774306754	0.030797158021606548	0.029418303996237776	3.2004162961055007	0.01341880747409513	0.000003616847929514915	NaN	-0.00144285613941075	0.012703359705270863	0.0035385228060088978	0.000003919958558709138	NaN	17.8510960395008	902.9793680384859	92.23069886822171	92.34012683020697	92.12127320946587	0.218855199879242	0.00028189236581965815	53.92933506435968	234
DATA	2026-09-22T070000_AIU-1657.ghg	2026-09-22	07:30:00	265.312	1	18000	18000	0.022387148562247657	1	NaN	-4.437994977682362	0	NaN	0.04818097987767792	2	NaN	0.4836127187591508	2	NaN	0.001091320218054991	2	NaN	0.01587477666859533	1	NaN	NaN	NaN	NaN	NaN	NaN	NaN	NaN	NaN	NaN	1.9909859364642456e-10	9.906781961769941e-12	9.655702861146515e-13	NaN	18.21513450643216	462.27013363833134	473.1534757844619	0.1	1	906.3517860904586	23.001716574282	23.543251778938092	-0.3	0	0.08833810583427196	2.153391928620448	2.2040897769746923	1.1	0	NaN	NaN	NaN	NaN	9	302.93498534393314	294.2977309436292	97494.78908376972	1.1440847951357591	1018.3181286243341	0.025096637041421718	0.00007071755012996341	0.016515796084004258	2243.149045603435	2502.124633258294	0.014435814682813318	89.64977266869323	258.9755876548593	292.49337209781277	0.1781775623794294	0.11733076960383994	0.18826734159417183	0.28453179987873756	-1.8772127104657623e-15	1.0930393820376046e-14	0.28453179987873756	1.2932512634494069	127.63490665021288	33.36509334978715	41.427679586287354	NaN	0.13988472187436884	0.06431937444787363	52.96038113935697	0.03782261299685807	-92.11093234196488	-0.027231704983791627	1	0.9123337494877597	1	1	2	3	6	22	0.022001979819621813	1.0175060947143648	-4.357217441535468	1.0254358090754918	0.04317716059067764	1.1158904202718845	0.4333872842472467	1.1158904202718845	0.0009779815277821751	1.1158904202718845	0.012347340424508873	1.4485632337193202	NaN	NaN	800000009	800000009	800000009	800000019	800000019	800000019	899999999	899999999	89999	89999	89	89	17	5	0	15	2	0	0	NaN	0	0	0	0	0	0	0	0	0	NaN	NaN	NaN	NaN	0	2	0	0	0	0	0	0	18000	0	0	0	18000	18000	18000	18000	93	NaN	0.05352792622576538	0.04324069680343355	0.031870125866548325	0.03341053792529355	5.934747101205173	0.014775877417933455	4.204501295033909e-7	NaN	-0.003739965053648681	0.011132703346617085	0.00002512205277591616	0.000012347340424508873	NaN	18.216517533254024	906.4197136013041	92.14890176984997	92.24099084557426	92.05681202867294	0.1841781091259632	0.00028244792685856946	53.916538946734526	024
DATA	2026-09-22T073000_AIU-1657.ghg	2026-09-22	08:00:00	265.333	1	18000	18000	0.04216311896649537	1	NaN	12.49954230265442	0	NaN	18.161452834375375	0	NaN	3.4244813716872935	0	NaN	0.4115015362592583	0	NaN	0.15589372902725815	0	NaN	NaN	NaN	NaN	NaN	NaN	NaN	NaN	NaN	NaN	-4.19864478295661e-11	-2.0885266479239668e-12	-2.0723481121498433e-13	NaN	18.02614015786542	457.5669909289309	468.22409816360243	0.1	1	896.6720459834464	22.760697871957415	23.290813030537734	0.1	1	0.08897260772604619	2.171963359180846	2.2225501516887056	-0.4	0	NaN	NaN	NaN	NaN	9	303.1261304482354	294.6411564585368	97520.31974782987	1.1431556180154054	1018.1862261194578	0.025119345190116514	0.026665299549599935	0.0163279647449354	2220.225926551105	2555.3490982445073	0.014283238858836941	86.8854250903085	335.1231716934021	292.3284377174311	0.35747488631686564	0.06738720391246751	0.12875092166378668	0.3858835697819614	1.4733412930693724e-14	-2.329197901595477e-15	0.3858835697819614	2.1146005320834935	150.32451146798235	10.675488532017567	19.49060284868251	NaN	0.19204972401341325	0.1398305337089949	-48.66748090973684	-0.041158900410628044	0.6882457266301799	0.05591751341389259	1	1.033749446464868	1	1	2	3	5	15	0.04123073550859278	1.0226137963924575	13.341850580972915	1.0262549727378858	16.569607020244707	1.0960702213507991	3.1243266215799164	1.0960702213507991	0.37543355183222016	1.0960702213507991	0.11720844559119444	1.319796133049922	NaN	NaN	800000009	800000009	800000009	800000009	800000019	800001019	899999999	899999999	89999	89999	89	89	15	7	3	5	9	0	0	NaN	0	0	0	0	0	0	0	0	0	NaN	NaN	NaN	NaN	0	0	0	0	0	0	0	0	18000	0	0	0	18000	18000	18000	18000	93	NaN	0.09298678297434386	0.11972966370816172	0.06694462073548421	0.04005624428966772	12.501629791456889	0.06682739708429129	0.0000057314677876493814	NaN	0.011462609564675237	0.08030942783174022	0.00965035266422844	0.00011720844559119443	NaN	18.02746325065325	896.7369577647444	92.25744878345067	92.36730366134643	92.14759530385336	0.21970778096219093	0.00028210984314177456	53.762199540032285	022
DATA	2026-09-22T080000_AIU-1657.ghg	2026-09-22	08:30:00	265.354	1	18000	18000	0.09835347945011647	1	NaN	10.477375166695076	0	NaN	32.30285240639701	0	NaN	1.6440296334903817	0	NaN	0.7319680986985041	0	NaN	0.0678071753264887	1	NaN	NaN	NaN	NaN	NaN	NaN	NaN	NaN	NaN	NaN	1.5286642024390334e-10	7.680915872757883e-12	7.605439648909494e-13	NaN	17.803281584187634	451.9619681987666	462.4641832595096	0.1	1	894.5424893772156	22.70925066395836	23.236944255726073	0.1	1	0.08857523020755173	2.162856928545709	2.2131151144274366	-0.3	0	NaN	NaN	NaN	NaN	9	303.1243958655463	294.71350797225824	97565.01406545156	1.1434212007404798	1018.1582345528893	0.02511400350578133	0.04743153279566306	0.016294522849845647	2216.222679298298	2566.687590888892	0.014250674064197262	86.34563423945094	350.46491159059406	292.29948092075296	0.298003574480912	-0.004827007989854568	0.1800551465155125	0.3482086819656548	2.9858959889653937e-15	8.586418156733247e-15	0.3482086819656548	2.8912063067911333	161.9279855189643	359.0720144810359	31.137240551028363	NaN	0.2932862779799248	0.19346892186069556	-206.8489484590962	-0.009683878090374277	0.32434829701355467	0.030685925941621093	0	15.823264245191591	-2.40124139575198	5.431614575275857	13.52548828683738	20.627223044458766	28.929973611503886	43.34237220144412	0.09602351839802019	1.0242644832325194	12.179629992909383	1.0273034424866894	29.441147946293633	1.0972008450663568	1.4983853146694883	1.0972008450663568	0.6671231634480157	1.0972008450663568	0.04819080851160925	1.3221697520766778	NaN	NaN	800000009	800000009	800000009	800000019	800000019	810000019	899999999	899999999	89999	89999	89	89	41	7	0	4	7	0	0	NaN	0	0	0	0	0	0	0	0	0	NaN	NaN	NaN	NaN	0	1	0	0	0	0	0	0	18000	0	0	0	18000	18000	18000	18000	93	NaN	0.14346227924480737	0.12087291580768864	0.12260264866889507	0.03721208597308154	3.0627430612417137	0.0257850985224336	6.266051069989051e-7	NaN	0.010461948468116123	0.03850511081342863	0.01714355518789708	0.00004819080851160925	NaN	17.804600872101485	894.6081245846666	92.32791486358643	92.4555661447313	92.20026245625814	0.2553026557813085	0.00028174702052233936	53.90777489245384	140
DATA	2026-09-22T083000_AIU-1657.ghg	2026-09-22	09:00:00	265.374	1	18000	18000	0.12567075426563282	1	NaN	-3.8847076465763712	2	NaN	33.45480727155533	1	NaN	4.152760219325658	1	NaN	0.7580183395243424	1	NaN	0.0641732704521407	1	NaN	NaN	NaN	NaN	NaN	NaN	NaN	NaN	NaN	NaN	-6.199160935532594e-10	-3.1349982628762346e-11	-3.109466664082752e-12	NaN	17.622601958904976	447.24098142144896	457.59056915328983	0.1	0	891.1984557758535	22.617572191208893	23.14096462928598	0.1	1	0.08839404863894958	2.157587186923965	2.207515835701173	-0.3	0	NaN	NaN	NaN	NaN	9	303.129239279853	294.64188710703013	97611.17315523482	1.144280247843766	1018.1045497047248	0.025096027127059228	0.04911958840117738	0.016240365688374413	2208.31995510681	2555.4633818376415	0.014192647053881322	86.41563681960493	347.1434267308314	292.24218307106787	0.26405984506160096	0.05136895298064416	0.1992904778227916	0.33478809067100157	-1.3315222605273405e-14	-3.5177330509925415e-14	0.33478809067100157	3.527312899769085	149.99144495521682	11.008555044783163	36.53213160725939	NaN	0.33139878371660053	0.2758788199426155	805.1261391834942	0.002487933135584707	-0.1161180698200976	-0.010061961486937662	0	14.494153004206527	-2.199543637188511	4.97537369622391	12.389383988553273	18.894592305701593	26.499934364694514	39.70173059859636	0.12369249820144165	1.0159933390703246	-1.8595541908127065	1.0220190406923546	30.420219630099197	1.0997556124957617	3.776075495447096	1.0997556124957617	0.689260714754719	1.0997556124957617	0.04692971681930397	1.382756861313728	NaN	NaN	800000009	800000009	800000009	800000019	800000019	810001019	899999999	899999999	89999	89999	89	89	37	3	8	4	13	0	2	NaN	0	0	0	0	0	0	0	0	0	NaN	NaN	NaN	NaN	0	0	0	0	0	0	300	0	18000	0	0	15	18000	18000	18000	18000	93	NaN	0.1543104396433807	0.20251827740775213	0.1949289228340981	0.03657142034475088	1.0530221311592622	0.024007183750595053	9.866205368727603e-7	NaN	-0.0015961880658793303	0.09695803669919613	0.017698101046199937	0.00004692971681930397	NaN	17.623924113106774	891.2646823783235	92.36462016126845	92.49966527684529	92.22957604853312	0.27009074659893934	0.00028253266379275985	55.42416465648209	033
DATA	2026-09-22T090000_AIU-1657.ghg	2026-09-22	09:30:00	265.395	1	18000	18000	0.18094751254924432	0	NaN	51.33906337326124	0	NaN	28.64789671039226	0	NaN	1.9661794269120967	0	NaN	0.6524931322728559	0	NaN	NaN	NaN	NaN	NaN	NaN	NaN	NaN	NaN	NaN	NaN	NaN	NaN	-7.115110346405948e-11	-3.564161532436794e-12	NaN	NaN	17.88099400461569	452.8514711706709	463.362677755482	0.2	0	895.7099453162588	22.684620685738373	23.211156977448933	0.1	1	NaN	NaN	NaN	NaN	0	NaN	NaN	NaN	NaN	9	302.1726558507283	300.0104453421353	96869.71187235629	1.1153668174526725	1018.1605244465361	0.025934457862880046	0.04228155497128106	0.015761920836063075	2182.199577691064	3522.7850803192055	0.014131602795984997	61.94529407662108	1340.5855026281415	292.05151240908174	0.7431154478244765	0.02408281883919893	0.1024903948572859	0.7505363628743542	5.3099365156565e-14	-3.979146989574124e-15	0.7505363628743542	3.9383315459180843	159.1438131642626	1.8561868357374798	7.848617120312546	NaN	0.4027795836967956	0.6111164331799259	-108.7983028686216	-0.018411132776756867	1.7920709465081803	0.11223970530189505	0	15.83403784989298	-2.402876331830248	5.435312805136494	13.534697402095624	20.641267526287848	28.949671196963006	43.371882773831906	0.17825233981813957	1.0151199851505708	52.29831890384716	1.0220061676720484	26.208216401591564	1.0930883762335135	1.7987378419364575	1.0930883762335135	0.5969262380423168	1.0930883762335135	NaN	1	NaN	NaN	800000009	800000019	800000009	800000019	800000009	800001019	899999999	899999999	89999	89999	89	89	10	11	0	5	10	0	0	NaN	0	0	0	0	0	0	0	0	0	NaN	NaN	NaN	NaN	0	14974	0	0	0	0	0	0	18000	14996	0	0	18000	18000	18000	18000	93	NaN	0.573064927695321	0.4183273001326413	0.23084063853188955	0.14772809724563923	3.038936840709887	0.02117973910943862	NaN	NaN	0.046052557580170336	0.04772438567917892	0.015837737630339608	NaN	NaN	17.88238010041939	895.777479957518	92.03341671074763	92.08364364963106	91.98319099934895	0.10045218623002589	0.0002818296048240479	6.063081923630249	200
DATA	2026-09-22T093000_AIU-1657.ghg	2026-09-22	10:00:00	265.416	1	18000	18000	0.07490027297370444	1	NaN	17.659303984340927	0	NaN	4.047354309647009	0	NaN	1.207570712920804	1	NaN	0.0916820735862405	0	NaN	0.07864836680334933	0	NaN	NaN	NaN	NaN	NaN	NaN	NaN	NaN	NaN	NaN	1.690195451962292e-11	8.420662246511934e-13	8.441356019835914e-14	NaN	17.815372006440274	450.7091536306857	461.06212822777223	0.1	1	887.5732702275906	22.454619373925134	22.970411214611783	0.1	1	0.08897544811020823	2.169020879806826	2.218844181349067	-0.4	0	NaN	NaN	NaN	NaN	9	302.1329707751804	294.3849176870227	97677.8793246822	1.1461329880474946	1018.0067053205605	0.025057016210541794	0.005940998368388384	0.01614846096004069	2193.9079362528323	2515.5442805530997	0.014089517646246748	87.21404561284255	321.6363443002674	292.13722585851133	0.4367353528170411	-0.20425081240947685	0.05361936509001422	0.4851094712359392	-6.062944515437835e-16	9.487286885456473e-16	0.4851094712359392	2.4799286574748485	186.06438193950135	334.9356180604987	6.345894216485252	NaN	0.25563728351563736	0.2681318551600149	-81.3327810877594	-0.024628445913322725	4.363172243717178	0.059205729602846896	0	14.459925356094253	-2.1943494595363617	4.963624452232075	12.36012670974816	18.849973109500425	26.437355307596807	39.60797576766677	0.0734710708875021	1.0194525827504368	17.60351125625191	1.024311523615562	3.6990073512553203	1.0941730916737624	1.103637735299793	1.0941730916737624	0.083791197465836	1.0941730916737624	0.056539498054619435	1.3152650636946734	NaN	NaN	800000009	800000009	800000009	800000019	800000019	800000019	899999999	899999999	89999	89999	89	89	17	8	1	2	0	0	3	NaN	0	0	0	0	0	0	0	0	0	NaN	NaN	NaN	NaN	0	0	0	0	0	0	300	0	18000	6004	0	20	18000	18000	18000	18000	93	NaN	0.16513289132085454	0.2544525905211133	0.11667822847806196	0.08561530070964533	3.6295288694786842	0.04140736234453016	6.189183695488742e-7	NaN	0.015087373824918855	0.028289263664208364	0.0021477983237016512	0.00005653949805461943	NaN	17.816710978006295	887.6386268421162	92.13440803570215	92.19932968521118	92.06948795742457	0.1298440687279767	0.0002813877608989262	46.67462312174232	238
DATA	2026-09-22T100000_AIU-1657.ghg	2026-09-22	10:30:00	265.437	1	18000	18000	0.10506089591799969	1	NaN	9.883100582473434	0	NaN	13.90752756755914	0	NaN	-5.313059886418538	2	NaN	0.3169128540306372	0	NaN	NaN	NaN	NaN	NaN	NaN	NaN	NaN	NaN	NaN	NaN	NaN	NaN	-2.290681048220599e-10	-1.1480682760705346e-11	NaN	NaN	17.56408697343879	444.57831205145783	454.7100970288754	-0.1	0	880.2958870250749	22.281856162024344	22.789651907816925	0.1	1	NaN	NaN	NaN	NaN	0	NaN	NaN	NaN	NaN	9	302.62691212209063	300.49967574167164	96873.2559510356	1.1137582206869072	1017.94683928625	0.02597249491288689	0.02053595294118529	0.01545939488162241	2143.8098074372238	3625.441298673063	0.013880386779177146	59.132382262591676	1481.6314912358393	291.7676149946232	0.2791211676182471	-0.04482332485359045	0.23704622592066638	0.36892908517318157	-3.3001007845490642e-15	-1.304184528170847e-14	0.36892908517318157	3.671587407409232	170.12308582553135	350.87691417446865	39.980374377828106	NaN	0.3071320147543812	0.34323284624441813	-250.5733623837114	-0.007994066013020912	0.7106295877871829	0.028382595367009357	0	13.46429896643465	-2.0432593137543225	4.6218581310858085	11.509080246595065	17.5520735553867	24.61703272854855	36.88080083804882	0.10266699524116724	1.0233171397605347	10.518773205659617	1.0266995792123472	12.68305905409078	1.0965436262849713	-4.845279074229713	1.0965436262849713	0.2890107118713738	1.0965436262849713	NaN	1	NaN	NaN	800000009	800000009	800000009	800000019	800000009	810101009	899999999	899999999	89999	89999	89	89	53	14	2	7	15	0	0	NaN	0	0	0	0	0	0	0	0	0	NaN	NaN	NaN	NaN	0	5979	0	0	0	0	300	0	4	17996	0	15	18000	18000	18000	18000	93	NaN	0.17242642195367694	0.3127376004391857	0.20130167009597363	0.05006409775501821	4.484436540201229	0.029065834723583286	NaN	NaN	0.00927788682634897	-0.1286919450321396	0.00767620400725076	NaN	NaN	17.56543172980104	880.3607338231841	92.23121174452041	92.31054434882267	92.15187735705906	0.15866301960249557	0.0002812984998551352	25.540925335677635	121
DATA	2026-09-22T103000_AIU-1657.ghg	2026-09-22	11:00:00	265.458	1	18000	18000	0.1403813727333649	1	NaN	30.22047607981592	1	NaN	-0.8601291474322196	2	NaN	0.9252093371297206	0	NaN	-0.019495501152891136	2	NaN	0.056366346472151344	1	NaN	NaN	NaN	NaN	NaN	NaN	NaN	NaN	NaN	NaN	3.068327881278053e-11	1.5471803780338599e-12	1.5496800485050906e-13	NaN	17.355753455753767	441.0268380704959	451.0576539267712	0.1	1	875.1503174279634	22.238433976122813	22.7442300340733	0.1	1	0.08765642362168914	2.1425646298308405	2.191295612634582	0.1	0	NaN	NaN	NaN	NaN	9	303.0715868437025	294.9977035470736	97685.88664724576	1.1439402428273542	1017.8944825731144	0.0251071162014121	-0.0012633084747073456	0.015961075891836464	2172.9638588482144	2611.651794286747	0.013952718240235336	83.20266367828181	438.6879354385328	291.98361548499145	0.17646313164704855	0.319527117310742	0.3095096933862437	0.47857399200925954	8.579677853416045e-15	1.7679024359849056e-15	0.47857399200925954	4.0506433578933425	99.91026338715545	61.08973661284453	40.295750217292266	NaN	0.3503104342303154	0.3287545004906407	-122.30321864444718	-0.016378146235245826	-35.134812219809554	0.07408702055989892	0	15.472859745414125	-2.348066161041537	5.311332049575643	13.225967790689726	20.170435389225858	28.2893224301274	42.382559989812066	0.1376799259618036	1.0196212102286486	29.660860447340642	1.0244122165799145	-0.786036186774622	1.0942615135336538	0.8455102602868487	1.0942615135336538	-0.017816126137832546	1.0942615135336538	0.03612771265083468	1.3155063058642638	NaN	NaN	800000009	800000009	800000009	800000019	810000019	810100019	899999999	899999999	89999	89999	89	89	39	11	4	7	6	0	2	NaN	0	0	0	0	0	0	0	0	0	NaN	NaN	NaN	NaN	0	0	0	0	0	0	300	150	0	6004	0	20	18000	18000	18000	18000	93	NaN	0.21181178882761909	0.2607123284899152	0.18498488366374705	0.08261266160236211	0.10301521066442822	0.029652323524135188	2.1180555951397867e-7	NaN	0.025472856373530615	0.021711278705182177	-0.0004574880970621616	0.000036127712650834674	NaN	17.357052693095984	875.2153094096858	92.53640583462186	92.70951561122472	92.3632952548133	0.34622172240084675	0.0002827336791395081	46.10511704536717	099
DATA	2026-09-22T110000_AIU-1657.ghg	2026-09-22	11:30:00	265.479	1	18000	18000	0.2029363897678989	1	NaN	38.155220565121745	0	NaN	67.01972016241686	0	NaN	-0.6164983838931055	2	NaN	1.5191737485590056	0	NaN	0.06271007995251503	0	NaN	NaN	NaN	NaN	NaN	NaN	NaN	NaN	NaN	NaN	6.525464507265069e-11	3.28181779124638e-12	3.299974481432117e-13	NaN	17.352056527215602	441.33533945440485	451.353513330968	0.1	1	872.6779183662464	22.195847779337132	22.699686567017313	0.1	1	0.08775060177927207	2.1455832785893514	2.1942873465167634	0.9	0	NaN	NaN	NaN	NaN	9	303.43493974728057	295.07881043514965	97705.15597523835	1.143869978656533	1017.8717491297613	0.025109066205058577	0.09844245890662355	0.01592927353690634	2169.230486358108	2624.60979340061	0.013925772888641729	82.64963774091218	455.3793070425022	291.956097546855	0.34971749408352454	0.27562658486990743	0.23920588354013705	0.5054619616502516	8.094884138170412e-15	3.760628889740124e-15	0.5054619616502516	3.7366161315047326	122.75691763654606	38.24308236345391	28.24495534625219	NaN	0.421203172916755	0.40692692181525125	-168.4067196146385	-0.011894418492229115	0.5693133375170123	0.07780233150797802	0	16.432582345010186	-2.493707768163725	5.64077376143808	14.046324234107791	21.421530726819775	30.044001430012973	45.011388876018046	0.19916136778002203	1.0189545895871055	41.49692973623574	1.0240172214511785	61.26537861338745	1.093924850858132	-0.5635655716290674	1.093924850858132	1.3887368472955761	1.093924850858132	0.03526192813017462	1.3145561360062608	NaN	NaN	800000009	800000009	800000009	800000019	800000019	810000019	899999999	899999999	89999	89999	89	89	13	4	2	1	13	0	4	NaN	0	0	0	0	0	0	0	0	0	NaN	NaN	NaN	NaN	0	0	0	0	0	0	300	0	0	0	0	20	18000	18000	18000	18000	93	NaN	0.306088469382663	0.2776872693961535	0.23007810485168606	0.04822805452033223	0.40840642473645944	0.0577397140140625	9.411886803474613e-8	NaN	0.035640701442778804	-0.014471907671541415	0.03566163805222146	0.00003526192813017462	NaN	17.353353753474842	872.7396093538395	92.57863320922851	92.77145060857137	92.3858171848721	0.3856364917523325	0.00028306415782329466	46.467077107853356	050
DATA	2026-09-22T113000_AIU-1657.ghg	2026-09-22	12:00:00	265.499	1	18000	18000	0.139365304295331	1	NaN	24.480631041711383	0	NaN	64.34275387630876	0	NaN	1.5845039880634226	0	NaN	1.4585959554349923	0	NaN	0.06151246832860006	0	NaN	NaN	NaN	NaN	NaN	NaN	NaN	NaN	NaN	NaN	3.4157199310692674e-10	1.700966312969121e-11	1.7208927504640909e-12	NaN	17.340825917718725	440.96488633825845	450.86555495623236	0.1	1	863.541546741153	21.959248181944236	22.452283446394983	0.1	1	0.08736577415912503	2.1366459347606797	2.184618514912514	0	1	NaN	NaN	NaN	NaN	9	303.53059971618654	295.15140791381145	97714.07826602225	1.1437962422089063	1017.7379581762023	0.025112950446248134	0.0945170179121875	0.01575703579177478	2146.303264253433	2636.2559115201866	0.013776086343267484	81.414829830226	489.9526472667535	291.7861892541905	0.3240414820867839	0.36113729126496075	0.2067298309301096	0.5274089952319522	-5.2249038284035845e-14	1.9697561968943535e-14	0.5274089952319522	4.0035293764290705	112.90101276089388	48.09898723910614	23.07729092110586	NaN	0.34906234423416665	0.4012289182503182	-149.39473269911065	-0.01340810324306651	0.38047222984537565	0.060246936672013286	0	15.971991258844128	-2.423811293866243	5.4826677462634965	13.652617901177543	20.821103727724193	29.20189402650885	43.74975853350872	0.13683917895379752	1.0184605414973034	27.895334690282965	1.0237300424257216	58.83044522488763	1.0936982310834051	1.4487579325183975	1.0936982310834051	1.333636568096232	1.0936982310834051	0.038130281347995704	1.313849970852876	NaN	NaN	800000009	800000009	800000009	800000019	800000019	810100019	899999999	899999999	89999	89999	89	89	19	4	1	2	1	0	1	NaN	0	0	0	0	0	0	0	0	0	NaN	NaN	NaN	NaN	0	0	0	0	0	0	300	0	0	0	0	15	18000	18000	18000	18000	93	NaN	0.29260602910835465	0.3401974928525966	0.16965431453968513	0.040422214093329155	0.40701475641981427	0.050300547656600005	0.0000010022679645332656	NaN	0.023963317312817218	0.037199682343435556	0.0342437170359648	0.000038130281347995705	NaN	17.342070089497685	863.6007935601183	92.5957244873047	92.78785877948337	92.40358685175578	0.38426856812834675	0.00028240831787924327	48.71206091160246	177
DATA	2026-09-22T120000_AIU-1657.ghg	2026-09-22	12:30:00	265.52	1	18000	18000	0.0645368148421591	1	NaN	-7.524697231830526	1	NaN	12.811926101016688	1	NaN	2.0594192620154534	1	NaN	0.29061296734883535	1	NaN	0.09738400665933791	1	NaN	NaN	NaN	NaN	NaN	NaN	NaN	NaN	NaN	NaN	2.608725744365e-11	1.3064943877531574e-12	1.3098945364931257e-13	NaN	17.25607082824206	440.12380854952215	450.0437409554437	-0.1	0	864.2134858548338	22.042151691436747	22.53895884118111	0.1	1	0.0866462599530742	2.125156288414145	2.1730550985297885	0.5	0	NaN	NaN	NaN	NaN	9	303.4295116789076	295.7819647958184	97710.59141596046	1.1412810566594294	1017.7977616790672	0.025167499445825164	0.01883172028420453	0.01578224253626191	2154.3293989388458	2739.324665909265	0.013828532808962148	78.64454424659293	584.9952669704194	291.8458493319597	0.1787806737421377	0.11120309740756434	0.2599185995884916	0.3344941503057833	6.907267192198163e-14	1.5117727380299359e-15	0.3344941503057833	3.1080865656177656	129.11803700395404	31.881962996045964	50.991242372396535	NaN	0.23779759570986964	0.2813426317605137	153.6678318970301	0.013035259073234266	-0.5873197497785603	-0.02724127751805438	0	10.821437252834215	-1.6421948524897094	3.7146492276894767	9.250001803795486	14.106836390832436	19.7850386185754	29.641593156699155	0.06351968595535579	1.016012813531827	-6.656805663456624	1.0228261901513007	11.601779117308899	1.104307018041944	1.8648973776034012	1.104307018041944	0.26316319882139627	1.104307018041944	0.07248321457290016	1.4014564989599443	NaN	NaN	800000009	800000009	800000009	800000019	800000019	810000019	899999999	899999999	89999	89999	89	89	24	4	0	10	23	0	0	NaN	0	0	0	0	0	0	0	0	0	NaN	NaN	NaN	NaN	0	0	0	0	0	0	300	0	0	14996	0	15	18000	18000	18000	18000	93	NaN	0.10547823773857416	0.24882554439452764	0.20838148138792562	0.061535461203464065	0.22833894890270456	0.03614315289030105	5.835871527663029e-7	NaN	-0.005730754159215412	0.04799295548415028	0.00677247972879493	0.00007248321457290016	NaN	17.257345908310313	864.2732236717957	92.63154263771905	92.86290918053521	92.4001745599111	0.462735788398327	0.0002832390892662159	36.54860898197391	115
DATA	2026-09-22T123000_AIU-1657.ghg	2026-09-22	13:00:00	265.541	1	18000	18000	0.08537088824136305	1	NaN	9.426632417277878	1	NaN	20.08954117787468	0	NaN	0.10758464940838616	2	NaN	0.4583330199785032	0	NaN	NaN	NaN	NaN	NaN	NaN	NaN	NaN	NaN	NaN	NaN	NaN	NaN	-5.580997464212789e-10	-2.7915385132312622e-11	NaN	NaN	17.223073890510047	439.3168930517336	449.1873490898216	-0.1	0	861.4745731365102	21.97402945138223	22.467736147186386	0.1	1	NaN	NaN	NaN	NaN	0	NaN	NaN	NaN	NaN	9	303.83854183197025	301.73212552617804	96933.52513101466	1.1100259711338945	1017.805889004291	0.02606026793492472	0.029699979694607005	0.01519447223210518	2115.7167903037534	3895.455236666305	0.013688393449555046	54.312440055513626	1779.7384463625517	291.5570247942023	0.30553911613757145	0.5527681876743962	0.3699891805563952	0.7319827966036617	5.169654175025876e-14	-3.2404189285211925e-14	0.7319827966036617	3.621718335920766	99.93134537831855	61.06865462168143	30.361997834192746	NaN	0.27732455833811304	0.27428667276537705	-193.4833681748112	-0.010352827836810291	0.4692308467283345	0.030086394313699156	0	15.331565699289651	-2.3266242444262297	5.262830375809903	13.105191765196935	19.98624432984004	28.030991850387142	41.99553370736621	0.0840831608913798	1.0153149255609784	10.487836177990072	1.0220896198912395	18.379321708108684	1.0930512832261634	0.09842598518419726	1.0930512832261634	0.41931520232584496	1.0930512832261634	NaN	1	NaN	NaN	800000009	800000009	800000009	800000019	810000009	810000019	899999999	899999999	89999	89999	89	89	10	7	1	13	12	2	3	NaN	0	0	0	0	0	0	0	0	0	NaN	NaN	NaN	NaN	0	2588	0	0	0	0	300	0	0	18000	0	15	18000	18000	18000	18000	93	NaN	0.24246045545216616	0.18749042209134928	0.1186224679872386	0.043119760612031814	0.16754789505806233	0.035270153848000946	NaN	NaN	0.009282988139457275	0.0026222418313547524	0.01117129650268768	NaN	NaN	17.22428493460545	861.5333238321184	92.63692944569058	92.87663773176405	92.39721878136528	0.47941876813438344	0.0002831600039321025	32.986157208163746	216
DATA	2026-09-22T130000_AIU-1657.ghg	2026-09-22	13:30:00	265.562	1	18000	18000	0.23062906747669634	1	NaN	3.6128728600048494	1	NaN	49.45308923783306	0	NaN	0.6177826889822849	1	NaN	1.1218255029992725	0	NaN	0.07559024848130107	0	NaN	NaN	NaN	NaN	NaN	NaN	NaN	NaN	NaN	NaN	-8.780348576370312e-11	-4.372099981072115e-12	-4.433762233273561e-13	NaN	17.197860632482353	438.48131769588315	448.2687295943049	0.1	1	856.352859932127	21.833804707456682	22.32116056814535	0.1	1	0.08684304991103636	2.1305134296944344	2.1780689620512343	-0.2	0	NaN	NaN	NaN	NaN	9	303.9562441372342	295.8564034482449	97708.25030234817	1.1410572112487016	1017.6803426474206	0.025174436454007347	0.07269429259435285	0.015628757699836085	2133.9151020464383	2751.721419743633	0.013696734524584399	77.54836978538499	617.8063176971946	291.69372010243694	0.35790510038232176	0.07666768525093083	0.27465208258644314	0.45761092787488855	-2.0314140613137746e-14	-5.1054888535301205e-15	0.45761092787488855	3.420876204587655	148.90926303445275	12.090736965547283	36.88328429164781	NaN	0.4495761993168758	0.4684006343221383	-2162.6380383833143	-0.0009262298935134899	0.07305656564000648	0.006920389863615056	0	14.338466307254844	-2.175917580282972	4.9219314911747025	12.256305341606183	18.691638972349196	26.215289428941567	39.27528061574002	0.22606378125143445	1.0201946822263592	6.484465672855806	1.0247574843311118	45.18016780909738	1.0945751562231982	0.5644040845161581	1.0945751562231982	1.0248958206488998	1.0945751562231982	0.05528454626932567	1.316326441796808	NaN	NaN	800000009	800000009	800000009	800000019	800000019	810000019	899999999	899999999	89999	89999	89	89	2	16	0	4	8	2	3	NaN	0	0	0	0	0	0	0	0	0	NaN	NaN	NaN	NaN	0	0	0	0	0	0	300	0	0	3004	0	15	18000	18000	18000	18000	93	NaN	0.22895417121559342	0.33928859118874094	0.3685585062399422	0.038669049226921715	0.4733096232637973	0.052871983607253925	4.556117609237579e-7	NaN	0.005584128322304739	0.01452579316422659	0.02637724480393973	0.00005528454626932567	NaN	17.199097064940336	856.4133747600381	92.64030731201171	92.86825117535061	92.41236515638563	0.4558809724582576	0.0002836076286459704	47.913585020098765	099
DATA	2026-09-22T133000_AIU-1657.ghg	2026-09-22	14:00:00	265.583	1	18000	18000	0.0934867810493021	1	NaN	11.956375328419115	0	NaN	43.79890340720458	0	NaN	-0.7881898014607089	1	NaN	0.9937639491013264	0	NaN	0.05183268860607573	0	NaN	NaN	NaN	NaN	NaN	NaN	NaN	NaN	NaN	NaN	3.952869216409065e-10	1.970316883777539e-11	1.9957327160942823e-12	NaN	17.126476658142494	437.0776481288157	446.8120004209045	0.2	0	853.6732249850384	21.78623735020289	22.271448411427038	0.1	1	0.08646850656276032	2.123303994105718	2.1705930494722208	0	1	NaN	NaN	NaN	NaN	9	304.1523707817925	296.0658153491555	97693.1268697034	1.1400943110714625	1017.6574337619043	0.02519615522283213	0.06439590390176594	0.015581266280716046	2128.9365610217087	2786.859378876301	0.013666646811063153	76.39196211902606	657.9228178545923	291.6564260449108	0.2465698740792333	0.02183797694881555	0.20383682706538947	0.3206603375984637	-1.7907035100281527e-15	2.308045779240729e-14	0.3206603375984637	3.0127074603535418	155.93868567203015	5.06131432796984	39.470312916297566	NaN	0.2863549625537342	0.26061597640202483	-168.84619734001177	-0.011863459358615486	0.2729834401847692	0.035987562976842184	0	12.55263891228638	-1.9049113833303233	4.308914735773853	10.729806944140607	16.363632599952723	22.9502273905042	34.383622709958686	0.09114413794979956	1.0257026195232963	14.301806095873808	1.0282280739725376	39.88123470515333	1.0982333854760273	-0.7176888008363262	1.0982333854760273	0.904875013129	1.0982333854760273	0.034707619028874315	1.3242467563666118	NaN	NaN	800000009	800000009	800000009	800000019	800000019	800000019	899999999	899999999	89999	89999	89	89	29	4	0	10	16	0	3	NaN	0	0	0	0	0	0	0	0	0	NaN	NaN	NaN	NaN	0	0	0	0	0	0	300	0	0	0	0	20	18000	18000	18000	18000	93	NaN	0.11286229702635438	0.1998589281470866	0.20851072763060868	0.03537173894274249	0.09001098883971285	0.05158133460787634	0.0000010839877771429677	NaN	0.012326747431180039	-0.018485843430076233	0.023307285549110386	0.000034707619028874315	NaN	17.127735190182513	853.7334491232311	92.64827528635661	92.88649660152859	92.41005494859483	0.4764426404775833	0.0002832741013359434	50.091937077098386	185
DATA	2026-09-22T140000_AIU-1657.ghg	2026-09-22	14:30:00	265.604	1	18000	18000	0.035572788510457504	1	NaN	19.396659910498776	0	NaN	46.64023523446137	0	NaN	1.0482232263165878	0	NaN	1.0578424538708193	0	NaN	0.03621716399646287	0	NaN	NaN	NaN	NaN	NaN	NaN	NaN	NaN	NaN	NaN	-3.020657156437302e-11	-1.5022328189279547e-12	-1.5112256502198792e-13	NaN	17.182772973404752	437.8851744056844	447.63323855408026	0.2	0	854.5334390507707	21.776899722378804	22.261690320130946	0.1	1	0.08596489410913769	2.1073152610907964	2.1542276608400854	-1.3	0	NaN	NaN	NaN	NaN	9	304.1712536833021	295.68616220765193	97700.27487288136	1.1416457516108047	1017.6444094276839	0.02516200446511515	0.06854819101082908	0.015595726495676579	2128.179797371048	2723.4418545055414	0.013660740622624656	78.14302309595051	595.2620571344933	291.6507504629291	-0.24489912739472652	0.9030277155567005	0.30021289636090126	0.9826303581732735	-1.3005007632573675e-13	-1.757956740226174e-15	0.9826303581732735	3.348001176977599	55.82647854236387	105.17352145763613	17.789430830054815	NaN	0.1765197374226719	0.5274965919966094	-24.380815316221575	-0.08215886031781938	0.4158782607547194	0.09458151418679664	1	6.877277797927657	3	6	10	16	29	79	0.0351025840654478	1.0133951518820672	21.89066238794309	1.0214993468636135	42.617748681170575	1.0943852427162117	0.9578192261757368	1.0943852427162117	0.9666088435597916	1.0943852427162117	0.020875531883801802	1.3067011580098262	NaN	NaN	800000009	800000009	800000009	800000019	800000019	800001119	899999999	899999999	89999	89999	89	89	3	2	0	21	6	2	0	NaN	0	0	0	0	0	0	0	0	0	NaN	NaN	NaN	NaN	0	0	0	0	0	0	300	0	0	14996	0	20	18000	18000	18000	18000	93	NaN	0.5034207316577718	0.44579176173169016	0.10578069060375687	0.0359819392890324	1.0384577911219088	0.06089703302660495	9.903357585418233e-8	NaN	0.01884219469877746	0.024637320010098506	0.024863409245247717	0.000020875531883801802	NaN	17.18405061849283	854.5939798745599	92.63319867642721	92.85605201170179	92.41034723069933	0.4457032675031128	0.0002830341705703177	36.86161642679261	174
DATA	2026-09-22T143000_AIU-1657.ghg	2026-09-22	15:00:00	265.624	1	18000	18000	0.02904562072319816	1	NaN	22.49254112883997	1	NaN	30.369465884296474	1	NaN	-1.8598938861070522	1	NaN	0.6886358708455367	1	NaN	0.013752954965372727	1	NaN	NaN	NaN	NaN	NaN	NaN	NaN	NaN	NaN	NaN	-8.050818646200426e-10	-4.0080747175795594e-11	-4.042657418547897e-12	NaN	17.13983258722586	436.17567993764237	445.85741526249075	-0.1	0	853.3011694261431	21.714868909712813	22.196871054875228	0.1	1	0.08606636716890795	2.107337866827492	2.154114173726518	1.3	0	NaN	NaN	NaN	NaN	9	304.02084988233776	295.4299406048379	97683.73817297773	1.142469499760986	1017.603823145426	0.025144456714373393	0.044623604430790775	0.015562155464423076	2121.7585556841773	2681.3583335172825	0.013621506278879921	79.12998904927981	559.5997778331052	291.6025210319196	-0.08804538371493446	1.0073928880385492	0.38836023983961954	1.0832433227822007	-1.837684214982072e-13	-4.697139604619369e-14	1.0832433227822007	5.168494034744105	66.00508409435099	94.994915905649	21.009096455402325	NaN	0.15944761360896262	0.7219971436331313	-15.493565269332896	-0.12928593033166	0.7406301189007896	0.12133809016997218	1	9.196536579262764	4	7	13	21	36	93	0.02867473569904172	1.0129342089862343	23.973198035193416	1.0215016854168397	27.726938436922257	1.0953054176315165	-1.6980596061771323	1.0953054176315165	0.6287158446952995	1.0953054176315165	0.0033139142911410096	1.3060934223285794	NaN	NaN	800000009	800000009	800000009	800000019	800000019	800000019	899999999	899999999	89999	89999	89	89	1	18	1	16	9	0	0	NaN	0	0	0	0	0	0	0	0	0	NaN	NaN	NaN	NaN	0	130	0	0	0	0	300	0	0	18000	0	20	18000	18000	18000	18000	93	NaN	0.4975745445274609	0.7913770674452322	0.15504267529356944	0.02862196860682262	0.5613323966884306	0.045913509433556994	5.465346833319697e-8	NaN	0.020620663174618924	-0.04364478118948018	0.016159718641362664	0.0000033139142911410094	NaN	17.14107985125362	853.3622507022963	92.61687992986043	92.81403414916993	92.4197263314989	0.39430971911301343	0.0002823775153956377	39.06186191842258	172
DATA	2026-09-22T150000_AIU-1657.ghg	2026-09-22	15:30:00	265.645	1	18000	18000	0.20654341688798025	1	NaN	53.48720918590091	0	NaN	76.40769794040314	0	NaN	2.7511961935255904	0	NaN	1.7320890338529622	0	NaN	0.003722443276215978	0	NaN	NaN	NaN	NaN	NaN	NaN	NaN	NaN	NaN	NaN	-5.223263368126793e-10	-2.6187951397303445e-11	-2.609592824555895e-12	NaN	17.2048618785347	437.53914622236124	447.35270630639053	0.2	0	862.6026583721145	21.93696371048219	22.428987597470762	0.1	1	0.08595715157629696	2.102205132097916	2.1493554649330795	0	1	NaN	NaN	NaN	NaN	9	303.80789528656	295.1460251481187	97657.64281759808	1.1431661961595534	1017.7249429219338	0.02512700473085013	0.11223936939367195	0.01573224095232609	2142.886819101317	2635.3908585193294	0.013761989293576277	81.31191668112861	492.5040394180123	291.7607346651683	0.4303219163684597	0.7160698834192243	0.34051311264580486	0.9021542049621093	-2.5195183182578653e-15	-3.0359228716875034e-14	0.9021542049621093	5.123181467751906	102.00374608153902	58.99625391846099	22.175476598678507	NaN	0.42506073790249554	0.507713843925604	-123.41584478108629	-0.016230492961038165	0.7000238278035824	0.10815812605876066	0	15.310443289213023	-2.323418837206322	5.255579735950809	13.087136646755237	19.95870913500693	27.992373348119894	41.93767615375739	0.20371792970620575	1.013869604829822	57.25897418203749	1.0215806191483405	69.85615016465076	1.0937862702183043	2.5152959663467804	1.0937862702183043	1.5835717461577403	1.0937862702183043	-0.015088042344547943	1.3073495377898383	NaN	NaN	800000009	800000009	800000009	800000019	810000019	810100019	899999999	899999999	89999	89999	89	89	56	13	0	5	3	0	4	NaN	0	0	0	0	0	0	0	0	0	NaN	NaN	NaN	NaN	0	1119	0	0	0	0	300	150	0	18000	0	20	18000	18000	18000	18000	93	NaN	0.38513715232077966	0.3506570750642018	0.2796334604662266	0.05762877410949381	0.4140824888472211	0.03803077393176508	7.866066870964789e-8	NaN	0.04921571183156797	0.06461979601201062	0.040683118239847146	-0.000015088042344547943	NaN	17.206169175042042	862.6659139585176	92.58288115988839	92.7664959411621	92.3992642402649	0.36722857133216374	0.00028230895728079803	37.06580729056817	044
DATA	2026-09-22T153000_AIU-1657.ghg	2026-09-22	16:00:00	265.666	1	18000	18000	0.17147370662650818	1	NaN	225.49743018155775	1	NaN	68.15088633479144	1	NaN	11.783673602436807	1	NaN	1.5503338006566678	1	NaN	NaN	NaN	NaN	NaN	NaN	NaN	NaN	NaN	NaN	NaN	NaN	NaN	-8.732225590023966e-10	-4.403394358504426e-11	NaN	NaN	17.240914917604837	436.07127176262577	445.8759687686314	0.2	0	869.4066214959934	21.98974085345551	22.484161743502302	0.1	1	NaN	NaN	NaN	NaN	0	NaN	NaN	NaN	NaN	9	300.8434101520118	298.7562754424508	96980.8213121361	1.121623169778886	1017.7421855828776	0.02579079119111179	0.10046163028255208	0.015364210195505998	2118.251909397043	3271.564444573325	0.013698192592200871	64.74736919551356	1153.312535176282	291.5761288293421	0.44102174081189593	0.6483132877915148	0.3904050762101241	0.8759146182856307	-1.4197230081244952e-14	-5.064827262216474e-14	0.8759146182856307	4.095991541878436	105.22589619340715	55.77410380659284	26.468858929314646	NaN	0.39099867155163887	0.5125172935868788	-22.67467204035355	-0.08834085875355253	3.308796734848039	0.5052212005374176	0	14.553078397368862	-2.2084857929365174	4.995600876873545	12.439752528360517	18.971407506971538	26.607668776685507	39.86313637953909	0.16909807018846923	1.0140488678279485	226.29388293844863	1.021626233050737	62.31668225450504	1.0936218660752695	10.774906727793777	1.0936218660752695	1.417614121250539	1.0936218660752695	NaN	1	NaN	NaN	800000009	800000019	800000009	800000019	800000009	800000019	899999999	899999999	89999	89999	89	89	38	4	2	1	23	0	0	NaN	0	0	0	0	0	0	0	0	0	NaN	NaN	NaN	NaN	0	13457	0	0	0	0	300	0	0	18000	0	20	18000	18000	18000	18000	93	NaN	0.418232527294291	0.3381934322946773	0.2686086275847894	1.794418199601203	1.6399847780111643	0.03044652777773785	NaN	NaN	0.19823852876995615	0.2840986427307455	0.03737779434548111	NaN	NaN	17.242196143262976	869.4686500222496	92.12068416553072	92.16486658859257	92.0765016195509	0.08836400508692116	0.0002811785535110782	6.770431345969784	101
DATA	2026-09-22T160000_AIU-1657.ghg	2026-09-22	16:30:00	265.687	1	18000	18000	0.21251578355379028	1	NaN	64.4638738047054	1	NaN	88.55559323319494	1	NaN	-9.762756483515014	1	NaN	2.011350738433416	1	NaN	NaN	NaN	NaN	NaN	NaN	NaN	NaN	NaN	NaN	NaN	NaN	NaN	8.835143839652231e-10	4.4115147468940175e-11	NaN	NaN	17.256578640169597	435.49181275994346	445.17195872623637	0.1	1	861.6458603693884	21.744734313433888	22.22807796303845	0.1	1	NaN	NaN	NaN	NaN	0	NaN	NaN	NaN	NaN	9	299.19155522240527	297.13887641064133	96980.8213121361	1.1278310828006075	1017.5686210064462	0.025649180492223738	0.13033552785048536	0.015276905987721806	2094.8150677200515	2970.5788775277492	0.01354538478385123	70.51874917603439	875.7638098076977	291.398744832947	-0.48105329800799723	0.7155373510336075	0.39106625878374324	0.9467517071584468	1.5638086044379016e-13	5.1198699486617356e-14	0.9467517071584468	4.5323596220741535	37.087195364705224	123.91280463529479	24.397271083644522	NaN	0.43408378730857783	0.7341528186638645	-108.52418169714791	-0.01845763744701558	0.7279480770339553	0.1294002360965472	0	18.946208346696928	-2.875160211550868	6.503620226996095	16.19493393413447	24.698296088486508	34.63971144099162	51.896599920473776	0.20966567243949705	1.0135935991864176	68.72386611765452	1.0215253846903134	80.93903945538439	1.094102349484997	-8.923074233512454	1.094102349484997	1.8383570233444568	1.094102349484997	NaN	1	NaN	NaN	800000009	800000009	800000009	800000019	800000009	800000019	899999999	899999999	89999	89999	89	89	8	2	0	1	2	0	0	NaN	0	0	0	0	0	0	0	0	0	NaN	NaN	NaN	NaN	0	7222	0	0	0	0	300	0	0	18000	0	20	18000	18000	18000	18000	93	NaN	1.0349819760772927	0.26212596132970184	0.17119769992073455	0.11922976513991393	2.339873341859454	0.07953523336811086	NaN	NaN	0.05988248543713789	-0.233922334730066	0.04819334185891592	NaN	NaN	17.25790918474098	861.7038732715519	91.93938716634116	91.93001518037582	91.94875768322416	-0.018741663834162738	0.0002806401457847742	20.01546052200706	166
DATA	2026-09-22T163000_AIU-1657.ghg	2026-09-22	17:00:00	265.708	1	18000	18000	0.2128254366413049	1	NaN	53.74768087796445	0	NaN	-7.76100674753465	2	NaN	-9.432723751134558	2	NaN	-0.17613074573214896	2	NaN	NaN	NaN	NaN	NaN	NaN	NaN	NaN	NaN	NaN	NaN	NaN	NaN	-1.681459311783509e-9	-7.981157290861703e-11	NaN	NaN	17.235396375352103	433.62140074834576	442.73380330957536	0.1	1	818.0894326614766	20.58212518021315	21.014651365230872	0.1	1	NaN	NaN	NaN	NaN	0	NaN	NaN	NaN	NaN	9	298.2338493906657	296.2965529820394	96886.25201557485	1.1304228110653596	1016.8981945186102	0.025592033670942316	-0.011413272323443252	0.01449239661337778	1981.6173775637153	2823.84910151759	0.012820332774176341	70.17433674124997	842.2317239538747	290.51667941257085	-1.4906887937875004	1.4398765322349174	0.6620515431092634	2.175709023223863	4.266392197826025e-14	-9.75584938788017e-14	2.175709023223863	5.194837860314921	25.006663862511232	135.99333613748874	17.71559316899272	NaN	0.43390165857756774	0.5747463971017502	-129.87792695895243	-0.01542294404370247	-6.925349072146839	0.10775812618336972	0	16.26187678660218	-2.467802541089051	5.582176067260578	13.90040769027916	21.198998790700408	29.73189722549769	44.543799904821824	0.2102651122778649	1.0121766484972388	52.33149388635454	1.0251126512621973	-6.982640426186764	1.1114716316235913	-8.486697710274107	1.1114716316235913	-0.15846625385738772	1.1114716316235913	NaN	1	NaN	NaN	800000009	800000009	800000009	800000019	800000009	800000019	899999999	899999999	89999	89999	89	89	7	3	0	17	0	0	1	NaN	0	0	0	0	0	0	0	0	0	NaN	NaN	NaN	NaN	0	1807	0	0	0	0	300	150	0	12004	0	15	18000	18000	18000	18000	93	NaN	0.39761933387137843	0.5012553093925227	0.2506181509395993	0.15803888502960287	1.146668838645213	0.08796860217640144	NaN	NaN	0.04552445377693815	-0.22172683915450608	-0.004140152363140939	NaN	NaN	17.2366693025033	818.1420528679545	92.01224553934735	91.97159002092151	92.05290086407132	-0.08131103740877466	0.0002795625188607825	38.57566056501756	126
DATA	2026-09-22T170000_AIU-1657.ghg	2026-09-22	17:30:00	265.729	1	18000	18000	0.196641556396265	1	NaN	69.94248465389747	0	NaN	55.84596017965722	0	NaN	0.5396793720442115	0	NaN	1.2620735869866837	0	NaN	0.008849046641937978	0	NaN	NaN	NaN	NaN	NaN	NaN	NaN	NaN	NaN	NaN	2.3525073355159223e-10	1.094579739298493e-11	1.2020715215088804e-12	NaN	17.147851534655402	430.6946480682057	439.50202895183105	0.1	1	797.8589728059675	20.039454435807944	20.449246172733048	0.1	1	0.08762116773740489	2.1105381709866737	2.15369708560213	0.1	0	NaN	NaN	NaN	NaN	9	297.8866212675306	291.9536544368765	97705.45329449153	1.1570684832723022	1016.5819461000317	0.024843062502070582	0.0817823684367371	0.014535686777360265	1958.4891825356526	2164.0261940923224	0.012562512061733744	90.5021014940681	205.53701155666977	290.33103663984156	-1.7771682324550693	1.3731597117699832	1.0068443324209584	2.4612253107352844	-1.0348655828021734e-14	1.3718962581181443e-14	2.4612253107352844	5.096758966990515	18.692087525855527	142.3079124741445	24.147215205677067	NaN	0.4122475842219768	0.5388474017221907	-86.09521847349984	-0.023266100435258844	1.2524179802601931	0.14423859388923616	0	17.78270531610504	-2.6985941378351286	6.104227287498104	15.200389043262627	23.181552377894953	32.512456820810655	48.70958486289827	0.1942036484278533	1.0125533582306379	71.73717206690992	1.0265750348161076	50.01539054699626	1.1165755094360876	0.4833344162427221	1.1165755094360876	1.1303074232965025	1.1165755094360876	-0.01433235514381153	1.3080363643337731	NaN	NaN	800000009	800000009	800000009	800000019	800000019	800000019	899999999	899999999	89999	89999	89	89	23	14	2	13	0	0	3	NaN	0	0	0	0	0	0	0	0	0	NaN	NaN	NaN	NaN	0	0	0	0	0	0	300	0	0	5996	0	15	18000	18000	18000	18000	93	NaN	0.38043524066228407	0.516343042540313	0.18091652024178417	0.31761992581073795	0.903765917362754	0.11187695137311826	1.252288170384624e-7	NaN	0.06098777586986341	0.012253118792933025	0.0286546760684862	-0.00001433235514381153	NaN	17.149155865948014	797.9103410069008	92.09848532104493	92.05222293387519	92.14474947102863	-0.09252602646705779	0.0002787851846935356	43.28344315857403	018
DATA	2026-09-22T173000_AIU-1657.ghg	2026-09-22	18:00:00	265.749	1	18000	18000	0.17902894105880096	0	NaN	9.390659914897684	2	NaN	102.74373438559704	1	NaN	6.706390941811148	2	NaN	2.3345948130120604	1	NaN	NaN	NaN	NaN	NaN	NaN	NaN	NaN	NaN	NaN	NaN	NaN	NaN	-3.1159797649608354e-10	-1.4042182370677821e-11	NaN	NaN	17.050977723254935	427.20370848048515	435.5896641152506	0.1	0	768.4033814363364	19.251961939451988	19.62987555654273	0.1	1	NaN	NaN	NaN	NaN	0	NaN	NaN	NaN	NaN	9	299.39619276682544	297.5764066069963	96985.55219929398	1.1272723412600398	1016.1840117634559	0.025665471714265364	0.1512817438831815	0.013517006971673257	1856.241066603695	3050.09724090254	0.011990897387373356	60.8584225352246	1193.856174298845	289.48653684584355	-2.0870814532064026	1.8298677895825546	1.0463438229690347	2.9663378963859217	-4.607666809757024e-14	-1.8274493202293698e-14	2.9663378963859217	6.0869661394889	22.242961529912122	138.75703847008788	20.654952074507065	NaN	0.3985173151621222	0.680010977061953	-576.2276585322834	-0.0034762302196706778	0.09139885727390983	0.020570635465107193	0	15.098129833048505	-2.2911994511227998	5.182699396903142	12.90565429772831	19.681937101892697	27.60419663634734	41.356116704463986	0.1766490234369988	1.0134725772919484	15.01184639972497	1.029393247852616	91.25208486938791	1.1259330078064247	5.9562965960796665	1.1259330078064247	2.073475772382218	1.1259330078064247	NaN	1	NaN	NaN	800000009	800000009	800000009	800000019	800000009	800000009	899999999	899999999	89999	89999	89	89	28	8	1	25	5	0	1	NaN	0	0	0	0	0	0	0	0	0	NaN	NaN	NaN	NaN	0	4491	0	0	0	0	300	0	0	15000	0	20	18000	18000	18000	18000	93	NaN	0.5497738537994347	0.5557157024851889	0.25453239783928244	0.23158208164142155	0.7884858025038173	0.095558848884726	NaN	NaN	0.013104875614911176	0.1558541091784063	0.05425514230106284	NaN	NaN	17.052253389657878	768.4498948366855	92.17068140580918	92.1059692793952	92.2353936788771	-0.12942526431506723	0.0002784839424647443	29.62411492915252	243
DATA	2026-09-22T180000_AIU-1657.ghg	2026-09-22	18:30:00	265.77	0	18000	18000	0.3189658267467432	0	NaN	-86.53304372499275	2	NaN	-17.81329097699287	2	NaN	-3.0882783839918746	2	NaN	-0.4043966102194361	2	NaN	NaN	NaN	NaN	NaN	NaN	NaN	NaN	NaN	NaN	NaN	NaN	NaN	-8.385307841158665e-10	-3.669846249233632e-11	NaN	NaN	17.031391599284117	425.6681083445231	433.7486051547473	0.1	1	745.3821584590212	18.629447366963575	18.98309187796638	0.1	1	NaN	NaN	NaN	NaN	0	NaN	NaN	NaN	NaN	9	298.39926334211555	296.6438999402224	97026.95730740156	1.1315609992322062	1015.8149965660225	0.025569094860579508	-0.02620490034221946	0.013129234692704151	1797.344070310425	2884.080979998513	0.011602763528976944	62.31947309299726	1086.7369096880882	288.98136513268713	-1.8341956643841404	1.6426091689876783	0.8494913128234056	2.6046255216154623	-3.0272277050671755e-14	-4.923442569138699e-14	2.6046255216154623	6.585211692758315	22.845952598716053	138.15404740128395	19.0350920533993	NaN	0.5309248987229661	1.213090209479933	147.8908201321282	0.013544451225643322	4.857779723957595	-0.1417934914449518	0	16.3207857445647	-2.476742202732078	5.602397606237959	13.950762181524796	21.27579256702749	29.839601588701687	44.70516066720602	0.31476780029040113	1.013336899303134	-85.51449391887985	1.0298899844327545	-15.604227421311645	1.1415682748037992	-2.705294507700519	1.1415682748037992	-0.35424653885808066	1.1415682748037992	NaN	1	NaN	NaN	800000009	800000019	800000009	800000019	800000009	800000009	899999999	899999999	89999	89999	89	89	7	5	1	18	1	0	0	NaN	0	0	0	0	0	0	0	0	0	NaN	NaN	NaN	NaN	0	12796	0	0	0	0	300	150	0	18000	0	15	18000	18000	18000	18000	93	NaN	1.1104909766151665	0.9438374665371179	0.3718519758075814	0.5431541873421538	0.21583819264324694	0.10640998191463816	NaN	NaN	-0.07439558091828359	-0.07047746866263496	-0.00922871771267467	NaN	NaN	17.0326735174744	745.4278974123507	92.07163120651245	91.95603739674887	92.18722589747112	-0.23118706711795448	0.00027808078654440284	7.078960496216695	040
DATA	2026-09-22T183000_AIU-1657.ghg	2026-09-22	19:00:00	265.791	0	18000	18000	0.2925724395710724	0	NaN	68.65022652488469	0	NaN	5.838318624017372	2	NaN	-0.43879124163198613	1	NaN	0.13172545069353223	2	NaN	0.0038720779813807772	0	NaN	NaN	NaN	NaN	NaN	NaN	NaN	NaN	NaN	NaN	-1.6013102235784123e-10	-6.8589543310575204e-12	-8.191971890203086e-13	NaN	17.04641400712773	425.2767324980001	433.1673274239179	0.1	1	730.1556779042384	18.216043608006803	18.554024527911263	0.1	1	0.08720592819491012	2.082758525534063	2.121402078302538	0	0	NaN	NaN	NaN	NaN	9	297.6263533587986	290.25598162634896	97824.02962085098	1.1660580392033832	1015.5134189794426	0.024668665159210526	0.008535809204940887	0.013306480481290408	1782.444783211981	1944.8245762846173	0.01141150786146203	91.65067147686679	162.37979307263618	288.8512689632385	-2.05405116166899	0.945398345491282	1.1254935785385203	2.5257949247203455	4.7402891740307345e-14	-9.393824548135732e-15	2.5257949247203455	7.314675997370667	5.714741689148866	155.28525831085113	26.461716767848156	NaN	0.5009064486022042	1.180903657020743	-157.43258091059775	-0.012723541648202497	11.758561145065798	0.11573894460733293	0	17.976657251233387	-2.72802709226221	6.170804710552025	15.366176240274463	23.434388313881584	32.86706281602231	49.24084926139795	0.2889162144293305	1.012654966938992	67.57114889518212	1.0269209013015121	5.223248674015743	1.1177562066040312	-0.39256435261954165	1.1177562066040312	0.11784810490450393	1.1177562066040312	-0.01495194995564527	1.3083770719139194	NaN	NaN	800000009	800000009	800000009	800000019	800000019	800010019	899999999	899999999	89999	89999	89	89	27	1	1	22	3	0	0	NaN	0	0	0	0	0	0	0	0	0	NaN	NaN	NaN	NaN	0	2	0	0	0	0	300	0	0	18000	0	15	18000	18000	18000	18000	93	NaN	0.9957977723031252	1.106054965757532	0.2599545759808286	0.1322901533744027	0.12177988439127825	0.059317692372042145	2.4851876897700955e-7	NaN	0.05706311416518031	-0.00986376554851623	0.0029611096100759598	-0.00001495194995564527	NaN	17.04772676654084	730.2069412825717	92.0918263168335	91.96083393351236	92.22281916469998	-0.2619854469100653	0.00027787182674122356	28.89385387161053	123
DATA	2026-09-22T190000_AIU-1657.ghg	2026-09-22	19:30:00	265.812	0	18000	18000	0.36833214687796073	1	NaN	43.0703528764335	1	NaN	40.823652639018775	0	NaN	0.9428135680730596	1	NaN	0.9211838088846636	0	NaN	0.035109735757953425	1	NaN	NaN	NaN	NaN	NaN	NaN	NaN	NaN	NaN	NaN	4.0293101118926323e-10	1.694823099419349e-11	2.0704879410773627e-12	NaN	17.022435812830203	424.1877000000865	431.8936930720598	0.1	1	716.0038970149282	17.84233758349322	18.16646987164344	0.1	1	0.0874709245490994	2.089878497625621	2.127844212388132	0	1	NaN	NaN	NaN	NaN	9	297.44691103786903	290.3815146615411	97874.68600834216	1.1663234405416965	1015.3035738224002	0.024666561001179407	0.0596927108157262	0.013034607002898912	1746.7816186658492	1960.3389353576497	0.0111758081419036	89.10610237648325	213.55731669180045	288.53594633865407	-0.9501102617603853	0.4709836578294739	0.5765766120714856	1.207052486444956	3.373813468670955e-14	2.3670584845769533e-14	1.207052486444956	5.149733648907647	7.368292663382704	153.63170733661732	28.533544360274234	NaN	0.5619663486175714	1.0727576805068393	-354.4473978740047	-0.005651332220280655	1.0550342777330846	0.06472218952441347	0	18.988543123336076	-2.881584677234472	6.518152385864902	16.23112106446901	24.753483745517414	34.71711291467248	52.01256143244287	0.36377705786350983	1.0125216500490803	44.74487636903804	1.02162946232435	37.22581604956308	1.0966489649190088	0.8597222978664733	1.0966489649190088	0.8399987948310296	1.0966489649190088	0.014400158894485706	1.3055906722276354	NaN	NaN	800000009	800000009	800000009	800000019	800001019	800001019	899999999	899999999	89999	89999	89	89	6	1	0	7	38	0	0	NaN	0	0	0	0	0	0	0	0	0	NaN	NaN	NaN	NaN	0	0	0	0	0	0	300	0	0	18000	0	15	18000	18000	18000	18000	93	NaN	0.8187397835720404	1.0414451587371818	0.28533041870445636	0.5239445800727842	0.332092003698381	0.11721261556339542	1.202053324372786e-7	NaN	0.037785780160179555	0.02159174301068475	0.021096391418817695	0.000014400158894485706	NaN	17.02372158102886	716.0476961549695	92.2818557171292	92.1744484185113	92.38926281695893	-0.21481465559825874	0.0002768532160795682	40.024506618288264	236
DATA	2026-09-22T193000_AIU-1657.ghg	2026-09-22	20:00:00	265.833	0	18000	18000	0.1743395518189976	0	NaN	-6.3116261373692355	2	NaN	69.85158937184613	1	NaN	3.7589984366805766	1	NaN	1.5762970337387336	1	NaN	-0.017395801640166925	1	NaN	NaN	NaN	NaN	NaN	NaN	NaN	NaN	NaN	NaN	-7.460277089437357e-10	-3.016671201487323e-11	-3.8416223407646594e-12	NaN	17.009091783723232	423.3121428750002	430.68426896688766	0.1	1	687.7872863470584	17.117240222336154	17.415342829096133	0.1	1	0.08758723866300228	2.092594679030559	2.1290379327682185	0.1	0	NaN	NaN	NaN	NaN	9	296.9594122933282	290.4468132722593	97901.9117754601	1.1667075618492797	1014.8938449878862	0.024665246691851085	0.10214404778626994	0.012505558040633236	1676.2600605245132	1968.4518643592125	0.010718674027287017	85.1562637052435	292.1918038346994	287.895399658293	-1.184186906311824	0.3779923559806052	0.7317938897181123	1.4424628755322992	4.460175877875048e-14	-4.386052579583605e-14	1.4424628755322992	5.341042020284177	358.7030784452626	162.2969215547374	30.485647621963274	NaN	0.38656003884798024	0.9543687697316786	787.2990193893577	0.0025442683791904604	-0.09035765963420087	-0.013789282796289888	0	14.608519822659744	-2.2168992431187964	5.014632124093949	12.487143024831893	19.043681004251038	26.709033384252923	40.014999032724965	0.17249457967128803	1.0106958267977197	-2.2531807105635795	1.0221293181739657	62.94228990196041	1.1097719749416126	3.387180899822547	1.1097719749416126	1.420379203413986	1.1097719749416126	-0.015078861889563042	1.3771156573030257	NaN	NaN	800000009	800000009	800000009	800000019	800001019	800001019	899999999	899999999	89999	89999	89	89	13	11	2	21	6	0	1	NaN	0	0	0	0	0	0	0	0	0	NaN	NaN	NaN	NaN	0	1141	0	0	0	0	300	0	0	18000	0	15	18000	18000	18000	18000	93	NaN	0.6764119544133148	0.9722647555562905	0.26006082949375187	0.28797812967755676	0.24517392291760917	0.09571626971779684	1.385793314830733e-7	NaN	-0.0019028887267526235	0.08500102574464662	0.03564429914058563	-0.000015078861889563041	NaN	17.010400160153708	687.8328999133047	92.57456637869942	92.49573678631253	92.65339472198487	-0.157658333112383	0.00027710184994147205	36.48505616176139	137
DATA	2026-09-22T200000_AIU-1657.ghg	2026-09-22	20:30:00	265.854	0	18000	18000	0.29562959825111707	0	NaN	49.74918907882202	0	NaN	62.56110270585758	0	NaN	1.038275025935229	0	NaN	1.4113543968386015	0	NaN	0.018707862711495316	0	NaN	NaN	NaN	NaN	NaN	NaN	NaN	NaN	NaN	NaN	3.579359617628292e-10	1.4266559976573327e-11	1.8547349986383623e-12	NaN	17.01610885267758	423.2745567420955	430.53808568654983	0.2	0	678.2256142105115	16.87081627835948	17.160324968174496	0.1	1	0.08817323767711634	2.103363435156766	2.1394578352302323	0	1	NaN	NaN	NaN	NaN	9	298.00280146196155	290.13597972632795	97951.13067134534	1.1686542691727788	1014.7486062368802	0.024626469535490043	0.09145576491514137	0.012344932922959781	1652.9587996114074	1930.094540563829	0.010563374685396074	85.64133853922704	277.13574095242166	287.6785449675131	-1.7342038252678793	0.7776563855828578	1.0005017959750548	2.147839892860001	-4.651633107472032e-14	2.1035124120430508e-14	2.147839892860001	6.77582646111851	5.152547675534265	155.8474523244657	27.763153739650416	NaN	0.5029570865519534	1.137115743134904	-220.0753105671088	-0.009101884236074647	0.7952095939345394	0.08340854801587674	0	18.091382931398087	-2.7454371568417097	6.210186324034867	15.46424202614659	23.58394482491587	33.07681794924238	49.555100673351276	0.292081667110623	1.0121470518009277	52.349384566814	1.02497664118538	56.311356303539704	1.1109855420393242	0.9345531392149101	1.1109855420393242	1.2703625235733675	1.1109855420393242	-0.0015691715915903102	1.3066014483134372	NaN	NaN	800000009	800000009	800000009	800000019	800000019	800000019	899999999	899999999	89999	89999	89	89	23	17	0	25	3	0	9	NaN	0	0	0	0	0	0	0	0	0	NaN	NaN	NaN	NaN	0	0	0	0	0	0	300	0	0	18000	0	15	18000	18000	18000	18000	93	NaN	0.9757914628365589	1.0404879553214965	0.25795206811175225	0.14538416487288888	0.026509303934820795	0.10389875806785716	4.860817744690833e-8	NaN	0.04414353079052464	0.02340979266238836	0.031821543404052716	-0.0000015691715915903103	NaN	17.017427496065253	678.2724031306047	92.6660929484897	92.5967260169983	92.73545990329319	-0.1387334561616998	0.0002766989771367257	45.31388570446438	117
DATA	2026-09-22T203000_AIU-1657.ghg	2026-09-22	21:00:00	265.874	0	18000	18000	0.4331603354694967	1	NaN	86.84060468120282	0	NaN	52.169005680180135	0	NaN	0.8833303417134476	0	NaN	1.1763361542153494	0	NaN	0.011084716004299989	1	NaN	NaN	NaN	NaN	NaN	NaN	NaN	NaN	NaN	NaN	-1.6175365522607157e-10	-6.427458951041545e-12	-8.366165932644495e-13	NaN	17.05902728511399	423.71885230342133	430.97515226504663	0.2	0	677.8591647064987	16.836933460058898	17.1252704999521	0.1	1	0.08823210376130658	2.099865262809141	2.1358260234482005	0	0	NaN	NaN	NaN	NaN	9	298.0045292341444	289.6272835907155	97998.05157518979	1.1712827714138185	1014.7200433582912	0.024571521546279732	0.07622658279315464	0.012347690621325643	1650.4292650455357	1868.7335444825724	0.01054202360239717	88.31806278206011	218.3042794370367	287.654842311303	-1.746870462287644	0.685790160381238	1.052488895158057	2.151649932149761	-1.0759362308677675e-13	-9.481997567775783e-15	2.151649932149761	5.646944998276559	2.4340856717578845	158.5659143282421	29.28501371778665	NaN	0.6081258478150773	1.185371146278877	-222.92766305615973	-0.008985425911432898	1.6646014918048362	0.12014933782225411	0	19.69135706176752	-2.9882394038649718	6.759405667901907	16.83187584836066	25.669672696301404	36.002080945134175	53.937677693906764	0.4279601838615223	1.012151017323745	88.13916281861897	1.0249951473652317	46.954890584237525	1.1110451974451614	0.7950444714082361	1.1110451974451614	1.0587653471886869	1.1110451974451614	-0.016635373478397143	1.306616967871921	NaN	NaN	800000009	800000009	800000009	800000019	800000019	800000019	899999999	899999999	89999	89999	89	89	3	1	0	15	3	0	0	NaN	0	0	0	0	0	0	0	0	0	NaN	NaN	NaN	NaN	0	0	0	0	0	0	300	0	0	9004	0	15	18000	18000	18000	18000	93	NaN	0.6105236321085945	1.4551101129522241	0.3051085474969353	0.165192731986814	0.050925352842053254	0.07989490506359333	5.484365437918758e-8	NaN	0.0741584983240525	0.01987009354215549	0.026461119150440023	-0.000016635373478397144	NaN	17.060358708577326	677.9080799966858	92.55464287228057	92.45998726611666	92.64929949951173	-0.18931196924920055	0.0002758097968681897	43.45911861737582	024
DATA	2026-09-22T210000_AIU-1657.ghg	2026-09-22	21:30:00	265.895	0	18000	18000	0.247623250696473	0	NaN	84.25703277344643	0	NaN	35.97716800515031	0	NaN	-0.5488873568475585	2	NaN	0.8115390331274936	0	NaN	-0.0009347894113864507	0	NaN	NaN	NaN	NaN	NaN	NaN	NaN	NaN	NaN	NaN	-8.375253835493178e-10	-3.279848091164369e-11	-4.333379781444057e-12	NaN	17.032754615803913	423.3386913711438	430.4753011808083	0.1	1	667.0227411755329	16.578441992115536	16.857920041633477	0.1	1	0.0881279492230176	2.1008284609483256	2.1362440591641807	0.1	0	NaN	NaN	NaN	NaN	9	298.2391496429443	290.0182783792787	98018.31354431497	1.1700606133511902	1014.5811497827508	0.02459960673935889	0.05258772934666159	0.012144240067812395	1625.426811873176	1915.7420092128145	0.01037915466022728	84.84580930294835	290.31519733963864	287.41882684654115	-1.470538090073286	0.8543509482346133	0.7817332196170649	1.8717651144730647	-5.3479770368011116e-14	-4.9171458313161885e-14	1.8717651144730647	6.6135000503754995	11.155664878491507	149.84433512150852	24.68599143172747	NaN	0.4600356943795324	1.1458585430160861	-99.47689439642019	-0.020136334293042468	2.3419584543559573	0.15428349953161563	0	16.083100736797782	-2.4406725858088194	5.520808034547423	13.747592611789194	20.965946153951123	29.40503758875859	44.05410460736253	0.2447009955240215	1.011942146643881	84.79428103583831	1.0237109636073558	32.52065274556815	1.1062867737196083	-0.4961528691173485	1.1062867737196083	0.7335702210367205	1.1062867737196083	-0.024591487755908463	1.3056889126069198	NaN	NaN	800000009	800000009	800000009	800000019	800001019	800001019	899999999	899999999	89999	89999	89	89	20	6	2	20	21	0	6	NaN	0	0	0	0	0	0	0	0	0	NaN	NaN	NaN	NaN	0	0	0	0	0	0	300	0	0	2996	0	15	18000	18000	18000	18000	93	NaN	1.044383722597517	0.9577222847404561	0.28961107869419905	0.18292864619346408	0.12419986181559407	0.12199950980948042	3.3397498747985114e-8	NaN	0.07142848069843748	-0.012410975288276085	0.018349832183170624	-0.000024591487755908463	NaN	17.034019638600697	667.0655253349038	92.75672450341119	92.69841898515489	92.81503110165066	-0.11661118522120828	0.0002761826113985283	46.504491493013205	189
DATA	2026-09-22T213000_AIU-1657.ghg	2026-09-22	22:00:00	265.916	0	18000	18000	0.3380021261352893	1	NaN	63.33257637781121	1	NaN	73.79993121256952	0	NaN	1.0864651653385333	0	NaN	1.664829748815109	0	NaN	0.01774400689061272	2	NaN	NaN	NaN	NaN	NaN	NaN	NaN	NaN	NaN	NaN	1.0650324279293687e-9	4.127476475741302e-11	5.500418596129081e-12	NaN	17.01527234821371	423.0030887779621	430.053060198217	0.2	0	659.4178215035638	16.393259513152927	16.666477402380245	0.1	1	0.08787631060612407	2.095332128393608	2.1302539339619617	0	0	NaN	NaN	NaN	NaN	9	298.70316637166343	290.0934029272047	98053.03688426907	1.1702544532047465	1014.4779905881093	0.024597265200296085	0.10788096772321905	0.012009731125918523	1607.8400501127355	1924.8918689277095	0.01026249555644059	83.52885042879876	317.051818814974	287.25089402107085	-2.069784925427173	1.4222275631347008	1.0571553488110568	2.7247602298891422	-1.6863959469611463e-13	6.259273469937596e-14	2.7247602298891422	5.834988920301049	15.494430637014432	145.50556936298557	22.82893294888182	NaN	0.5374271033475735	0.9142739337824103	-211.04817408324564	-0.009491197963219048	0.8581657914475735	0.09926237427219135	0	17.825875378488476	-2.7051453613529817	6.119046172933118	15.237290163288264	23.23782891425482	32.5913854632328	48.82783435192839	0.33366469021785156	1.0129993854447283	66.08692257379396	1.028015474297478	65.80981211297048	1.121412276422899	0.9688365181841591	1.121412276422899	1.4845831313044053	1.121412276422899	-0.006368694294893052	1.309502460929196	NaN	NaN	800000009	800000009	800000009	800000019	800000019	800010019	899999999	899999999	89999	89999	89	89	15	2	2	26	0	3	0	NaN	0	0	0	0	0	0	0	0	0	NaN	NaN	NaN	NaN	0	0	0	0	0	0	300	0	0	18000	0	15	18000	18000	18000	18000	93	NaN	0.7589889244811258	0.7639482603711855	0.3056106827125094	0.18785713421038577	0.05351492507656785	0.11889482246286441	3.8074002857734985e-8	NaN	0.05566633092693495	0.024228011389989486	0.03712545547110808	-0.000006368694294893052	NaN	17.016577958914958	659.4622672518806	92.85283843951756	92.81248907343547	92.89318736754524	-0.08069552454310994	0.00027606353299537055	44.392270482169245	081
DATA	2026-09-22T220000_AIU-1657.ghg	2026-09-22	22:30:00	265.937	0	18000	18000	0.16538579950998925	0	NaN	91.56504232251051	0	NaN	74.13797913413629	0	NaN	0.1669174581771338	2	NaN	1.6723638587539469	0	NaN	-0.00009027252156967702	0	NaN	NaN	NaN	NaN	NaN	NaN	NaN	NaN	NaN	NaN	5.982268127624742e-10	2.3052783516814754e-11	3.0829721961445053e-12	NaN	17.037090719497648	423.3637120632234	430.38518853481366	0.1	1	656.5275172125313	16.31440081730953	16.584974742808665	0.1	1	0.08780094083188113	2.092912755079801	2.1276236602617016	0	0	NaN	NaN	NaN	NaN	9	298.97318766699897	290.0364214329262	98065.84919579803	1.1706724337827517	1014.4323755217498	0.02458922068760989	0.10836917804725575	0.011955869260759333	1600.3147226381243	1917.9482580625179	0.010212822063407408	83.43888923545508	317.6335354243936	287.17854230626693	-1.6762133106008141	1.426509832711626	0.8185126608503663	2.348315213388214	1.7721109394723082e-15	3.51132022838764e-14	2.348315213388214	6.973405161414907	21.398820235156222	139.60117976484378	20.39884471314403	NaN	0.37586458960617875	0.8835613370451	-49.94000889332743	-0.04011012501576942	1.2350625602681158	0.20513501368980028	0	14.61927636987768	-2.2185315906581424	5.018324498672496	12.496337559609834	19.057703249927687	26.728699783192088	40.044462882022934	0.16336185490585758	1.0123893341275907	93.91766080070033	1.025982783755988	66.51900633340286	1.1145382834275372	0.14976377272910976	1.1145382834275372	1.500499250336139	1.1145382834275372	-0.027736686102835344	1.3074763351176055	NaN	NaN	800000009	800000009	800000009	800000019	800000019	800001019	899999999	899999999	89999	89999	89	89	12	9	0	23	8	0	2	NaN	0	0	0	0	0	0	0	0	0	NaN	NaN	NaN	NaN	0	0	0	0	0	0	300	0	0	3004	0	15	18000	18000	18000	18000	93	NaN	1.0216797809810483	0.5000258604302722	0.24541703267887963	0.15171052597426743	0.10600701954391248	0.10308689660965341	2.8118501786834833e-8	NaN	0.07908402666655388	0.003743666517643889	0.03750819507861733	-0.000027736686102835343	NaN	17.038384992630323	656.572656451427	92.85221038521661	92.80972566392686	92.89469528367785	-0.08496867212032098	0.00027593821731797014	46.77761426628955	152
DATA	2026-09-22T223000_AIU-1657.ghg	2026-09-22	23:00:00	265.958	0	18000	18000	0.4079535906997427	1	NaN	67.01319739366897	0	NaN	104.61490026746728	1	NaN	-2.6103744029546383	1	NaN	2.359690600769545	1	NaN	0.012031725655391212	2	NaN	NaN	NaN	NaN	NaN	NaN	NaN	NaN	NaN	NaN	1.4459588328195977e-9	5.525942047012991e-11	7.41896976526913e-12	NaN	17.05309254091865	423.7519538016556	430.72727947064493	0.1	1	651.7087413872657	16.194297416132756	16.460869634725693	0.1	1	0.08749652832004007	2.084902556968059	2.119221866159416	1.4	0	NaN	NaN	NaN	NaN	9	299.063917207506	289.96827059509747	98072.08839126567	1.1710755855802988	1014.363248738159	0.02458187891451434	0.1529079509298665	0.01187139703411481	1588.634587765114	1909.672431039524	0.01013717404776415	83.18885280761715	321.0378432744101	287.0656499323786	-1.5326606804971281	0.8539278796650627	0.8114939730142513	1.9330711454702594	-9.379467523376012e-14	8.47915901089518e-14	1.9330711454702594	6.011247278532135	10.124536444497096	150.87546355550285	24.82165779352348	NaN	0.5902186338496498	1.0764580335828122	-264.2241234431629	-0.007581064037216441	0.6405702937376739	0.09558043229354875	0	19.180959055323168	-2.9107845372589303	6.58420254874542	16.39559530909797	25.004317346277844	35.06891060625885	52.53961848037194	0.40312714284603474	1.011972520182178	71.756096960771	1.023977875071602	94.47679247245884	1.1073079168935993	-2.3574060684743285	1.1073079168935993	2.1310157407610104	1.1073079168935993	-0.013405133165675698	1.305860875097254	NaN	NaN	800000009	800000009	800000009	800000019	800000019	810000019	899999999	899999999	89999	89999	89	89	16	2	0	35	1	0	6	NaN	0	0	0	0	0	0	0	0	0	NaN	NaN	NaN	NaN	0	238	0	0	0	0	300	0	0	8996	0	15	18000	18000	18000	18000	93	NaN	0.7271618398090478	1.118847361765109	0.30690686559146774	0.11601284975216342	0.18115461156724735	0.11458920114495696	3.9008154778251096e-7	NaN	0.060406041283010636	-0.05890362929360025	0.05324689831389581	-0.000013405133165675699	NaN	17.054422107045667	651.7512793340402	92.89424471537272	92.8580278731452	92.9304606382582	-0.07243170401267866	0.00027592576952883974	41.47056423969326	141
DATA	2026-09-22T230000_AIU-1657.ghg	2026-09-22	23:30:00	265.979	0	18000	18000	0.13174294146492613	0	NaN	49.06518177669521	0	NaN	129.5392564073965	1	NaN	3.243339308313129	1	NaN	2.920758539611146	1	NaN	-0.014541180543607504	0	NaN	NaN	NaN	NaN	NaN	NaN	NaN	NaN	NaN	NaN	3.130106172479629e-11	1.2006436270599086e-12	1.6049926981515776e-13	NaN	17.14375442813065	425.2183670220921	432.26888529516157	0.1	1	657.598763869059	16.310492179549826	16.58093539666678	0.1	1	0.08790628547355624	2.090995036154411	2.125665689763638	0.1	0	NaN	NaN	NaN	NaN	9	298.79638473595514	289.5683887942902	98076.93321548376	1.1726988793894215	1014.4213129589232	0.024546766558720783	0.18926515336680227	0.011973677812443533	1600.1121502500957	1861.741147812225	0.010210360070163757	85.9470798145287	261.62899756212937	287.1765905582353	-0.8763402648357892	0.9586706572062559	0.36673962606052335	1.3496368556333582	-2.905419064081339e-14	1.8257997019273302e-15	1.3496368556333582	4.274436257819452	28.568934355670763	132.43106564432924	15.767361557393182	NaN	0.3351740775781484	0.4691247753783352	-66.09260814029638	-0.03030747395757134	0.37876689381624135	0.1230546739455496	0	14.603785906087358	-2.2161808530153695	5.01300712372397	12.483096544146333	19.037509865887973	26.700378274953348	40.00203210182679	0.13015432605819893	1.0122056289240577	55.71040750660191	1.0219088825453047	117.93207117245953	1.0984226353318516	2.952724392222	1.0984226353318516	2.6590480254703937	1.0984226353318516	-0.03119945673704241	1.305269962968889	NaN	NaN	800000009	800000009	800000009	800000019	800000019	800010019	899999999	899999999	89999	89999	89	89	7	0	2	33	7	0	2	NaN	0	0	0	0	0	0	0	0	0	NaN	NaN	NaN	NaN	0	0	0	0	0	0	300	0	0	18000	0	15	18000	18000	18000	18000	93	NaN	0.47527678243868365	0.2672984775436792	0.1956742907743076	0.06892156573481135	0.15097385796391835	0.08247595563580919	3.222542875708779e-8	NaN	0.0468307873969822	0.07368194756477493	0.0663535810186098	-0.00003119945673704241	NaN	17.145075643700398	657.6432518990041	92.76044754706491	92.68936525132919	92.83152946260239	-0.14216402529304287	0.00027611491839504897	39.975520077175716	046
