DATAH	filename	date	time	DOY	daytime	file_records	used_records	Tau	qc_Tau	rand_err_Tau	H	qc_H	rand_err_H	LE	qc_LE	rand_err_LE	co2_flux	qc_co2_flux	rand_err_co2_flux	h2o_flux	qc_h2o_flux	rand_err_h2o_flux	ch4_flux	qc_ch4_flux	rand_err_ch4_flux	none_flux	qc_none_flux	rand_err_none_flux	H_strg	LE_strg	co2_strg	h2o_strg	ch4_strg	none_strg	co2_v-adv	h2o_v-adv	ch4_v-adv	none_v-adv	co2_molar_density	co2_mole_fraction	co2_mixing_ratio	co2_time_lag	co2_def_timelag	h2o_molar_density	h2o_mole_fraction	h2o_mixing_ratio	h2o_time_lag	h2o_def_timelag	ch4_molar_density	ch4_mole_fraction	ch4_mixing_ratio	ch4_time_lag	ch4_def_timelag	none_molar_density	none_mole_fraction	none_mixing_ratio	none_time_lag	none_def_timelag	sonic_temperature	air_temperature	air_pressure	air_density	air_heat_capacity	air_molar_volume	ET	water_vapor_density	e	es	specific_humidity	RH	VPD	Tdew	u_unrot	v_unrot	w_unrot	u_rot	v_rot	w_rot	wind_speed	max_wind_speed	wind_dir	yaw	pitch	roll	u*	TKE	L	(z-d)/L	bowen_ratio	T*	model	x_peak	x_offset	x_10%	x_30%	x_50%	x_70%	x_90%	un_Tau	Tau_scf	un_H	H_scf	un_LE	LE_scf	un_co2_flux	co2_scf	un_h2o_flux	h2o_scf	un_ch4_flux	ch4_scf	un_none_flux	un_none_scf	spikes_hf	amplitude_resolution_hf	drop_out_hf	absolute_limits_hf	skewness_kurtosis_hf	skewness_kurtosis_sf	discontinuities_hf	discontinuities_sf	timelag_hf	timelag_sf	attack_angle_hf	non_steady_wind_hf	u_spikes	v_spikes	w_spikes	ts_spikes	co2_spikes	h2o_spikes	ch4_spikes	none_spikes	head_detect_LI-7200	t_out_LI-7200	t_in_LI-7200	aux_in_LI-7200	delta_p_LI-7200	chopper_LI-7200	detector_LI-7200	pll_LI-7200	sync_LI-7200	chopper_LI-7500	detector_LI-7500	pll_LI-7500	sync_LI-7500	not_ready_LI-7700	no_signal_LI-7700	re_unlocked_LI-7700	bad_temp_LI-7700	laser_temp_unregulated_LI-7700	block_temp_unregulated_LI-7700	motor_spinning_LI-7700	pump_on_LI-7700	top_heater_on_LI-7700	bottom_heater_on_LI-7700	calibrating_LI-7700	motor_failure_LI-7700	bad_aux_tc1_LI-7700	bad_aux_tc2_LI-7700	bad_aux_tc3_LI-7700	box_connected_LI-7700	mean_value_RSSI_LI-7200	mean_value_LI-7500	u_var	v_var	w_var	ts_var	co2_var	h2o_var	ch4_var	none_var	w/ts_cov	w/co2_cov	w/h2o_cov	w/ch4_cov	w/none_cov	co2_mean	h2o_mean	avg_signal_strength_7200_mean	co2_signal_strength_7200_mean	h2o_signal_strength_7200_mean	delta_signal_strength_7200_mean	flowrate_mean	rssi_77_mean	CHK
DATAU		[yyyy-mm-dd]	[HH:MM]	[ddd.ddd]	[1=daytime]	[#]	[#]	[kg+1m-1s-2]	[#]	[kg+1m-1s-2]	[W+1m-2]	[#]	[W+1m-2]	[W+1m-2]	[#]	[W+1m-2]	[µmol+1s-1m-2]	[#]	[µmol+1s-1m-2]	[mmol+1s-1m-2]	[#]	[mmol+1s-1m-2]	[µmol+1s-1m-2]	[#]	[µmol+1s-1m-2]	[µmol+1s-1m-2]	[#]	[µmol+1s-1m-2]	[W+1m-2]	[W+1m-2]	[µmol+1s-1m-2]	[mmol+1s-1m-2]	[µmol+1s-1m-2]	[µmol+1s-1m-2]	[µmol+1s-1m-2]	[mmol+1s-1m-2]	[µmol+1s-1m-2]	[µmol+1s-1m-2]	[mmol+1m-3]	[µmol+1mol_a-1]	[µmol+1mol_d-1]	[s]	[1=default]	[mmol+1m-3]	[mmol+1mol_a-1]	[mmol+1mol_d-1]	[s]	[1=default]	[mmol+1m-3]	[µmol+1mol_a-1]	[µmol+1mol_d-1]	[s]	[1=default]	[mmol+1m-3]	[µmol+1mol_a-1]	[µmol+1mol_d-1]	[s]	[1=default]	[K]	[K]	[Pa]	[kg+1m-3]	[J+1kg-1K-1]	[m+3mol-1]	[mm]	[kg+1m-3]	[Pa]	[Pa]	[kg+1kg-1]	[%]	[Pa]	[K]	[m+1s-1]	[m+1s-1]	[m+1s-1]	[m+1s-1]	[m+1s-1]	[m+1s-1]	[m+1s-1]	[m+1s-1]	[deg_from_north]	[deg]	[deg]	[deg]	[m+1s-1]	[m+2s-2]	[m]	[#]	[#]	[K]	[0=KJ/1=KM/2=HS]	[m]	[m]	[m]	[m]	[m]	[m]	[m]	[kg+1m-1s-2]	[#]	[W+1m-2]	[#]	[W+1m-2]	[#]	[µmol+1s-1m-2]	[#]	[mmol+1s-1m-2]	[#]	[µmol+1s-1m-2]	[#]	[µmol+1s-1m-2]	[#]	8u/v/w/ts/co2/h2o/ch4/none	8u/v/w/ts/co2/h2o/ch4/none	8u/v/w/ts/co2/h2o/ch4/none	8u/v/w/ts/co2/h2o/ch4/none	8u/v/w/ts/co2/h2o/ch4/none	8u/v/w/ts/co2/h2o/ch4/none	8u/v/w/ts/co2/h2o/ch4/none	8u/v/w/ts/co2/h2o/ch4/none	8co2/h2o/ch4/none	8co2/h2o/ch4/none	8aa	8U	[#]	[#]	[#]	[#]	[#]	[#]	[#]	[#]	[#_flagged_recs]	[#_flagged_recs]	[#_flagged_recs]	[#_flagged_recs]	[#_flagged_recs]	[#_flagged_recs]	[#_flagged_recs]	[#_flagged_recs]	[#_flagged_recs]	[#_flagged_recs]	[#_flagged_recs]	[#_flagged_recs]	[#_flagged_recs]	[#_flagged_recs]	[#_flagged_recs]	[#_flagged_recs]	[#_flagged_recs]	[#_flagged_recs]	[#_flagged_recs]	[#_flagged_recs]	[#_flagged_recs]	[#_flagged_recs]	[#_flagged_recs]	[#_flagged_recs]	[#_flagged_recs]	[#_flagged_recs]	[#_flagged_recs]	[#_flagged_recs]	[#_flagged_recs]	[#]	[#]	[m+2s-2]	[m+2s-2]	[m+2s-2]	[K+2]	--	--	--	--	[m+1s-1K+1]	--	--	--	--	--	--	--	--	--	--	--	--	241
DATA	2026-09-19T233000_AIU-1657.ghg	2026-09-20	00:00:00	263	0	18000	18000	0.017525316456893272	1	NaN	1.3080787677952939	2	NaN	22.96811738497561	1	NaN	6.7095475365773956	1	NaN	0.522002215321996	1	NaN	0.04633021666117487	0	NaN	NaN	NaN	NaN	NaN	NaN	NaN	NaN	NaN	NaN	1.3753980957260276e-10	6.9645332564653615e-12	6.726055182598003e-13	NaN	17.506363388342475	449.4916355436436	459.9606522651725	-0.1	0	886.4608028522773	22.760678918885844	23.290793184320332	0.1	1	0.08561067996422454	2.119719003933242	2.169088940862725	0	1	NaN	NaN	NaN	NaN	9	305.6507996961806	297.79177872551816	97553.17253342013	1.1314421298715955	1018.2490384704768	0.025379398578511375	0.033825743552865335	0.01616064462193361	2220.972030026606	3091.707072840421	0.014283226861781823	71.83643138565999	870.7350428138152	292.33382946709014	0.26051425687808455	-0.22058846432539325	-0.06109279339803516	0.34678419519256604	1.1229129358868727e-14	7.856560869985758e-15	0.34678419519256604	1.2510571819340592	201.2560038341594	319.7439961658406	-10.146722141498813	NaN	0.12445626443525508	0.09353128739292058	-126.60170148307566	-0.0158220622356152	0.056951936716021924	0.00912285517292978	1	1.9822928553728492	1	2	3	5	10	31	0.017108987783338175	1.0243339161163318	2.653314396555919	1.027347631198046	20.93244480022092	1.0972496334844368	6.114877901823024	1.0972496334844368	0.47573696941171045	1.0972496334844368	0.03433547255002569	1.3222696528983882	NaN	NaN	800000009	800000009	800000009	800000009	800000019	800000019	899999999	899999999	89999	89999	89	89	25	9	0	5	0	2	5	NaN	0	0	0	0	0	0	0	0	0	NaN	NaN	NaN	NaN	0	0	0	0	0	0	0	0	0	0	0	0	18000	18000	18000	18000	93	NaN	0.04801195693627687	0.10846194499002206	0.03058867285954224	0.04839950548304479	62.56301362479002	0.08558208431847089	0.0000027812209367017417	NaN	0.0023030446554333	0.15880745867507823	0.012355206485403955	0.00003433547255002569	NaN	17.50759733074927	886.5230281161595	92.8675011338128	93.19501955392624	92.5399865913391	0.6550273517370219	0.00028605664032511425	61.00054807631176	149
DATA	2026-09-20T000000_AIU-1657.ghg	2026-09-20	00:30:00	263.02	0	18000	18000	0.014273381084777404	0	NaN	-6.86438592722666	2	NaN	53.53657764143323	1	NaN	22.565485868807325	1	NaN	1.2164611124002018	1	NaN	0.14956014190839395	1	NaN	NaN	NaN	NaN	NaN	NaN	NaN	NaN	NaN	NaN	3.594346231306377e-11	1.82043618931323e-12	1.7454731347753643e-13	NaN	17.74259740089972	455.2808438391311	466.0268191770947	0.1	1	898.6131085450115	23.05870584216329	23.60295954327617	0.1	1	0.08616094586177302	2.1313763679309226	2.1816831581146907	-0.8	0	NaN	NaN	NaN	NaN	9	305.4489549560547	297.55613194444453	97534.14921875	1.1319886646827086	1018.41411785629	0.025364261654014942	0.07882668008353308	0.01638202176208163	2249.6145298626047	3048.4429527184366	0.014471895587994636	73.7955265935523	798.8284228558318	292.5396248145587	0.25249565255672857	-0.2500278531915866	-0.0025438002474945437	0.3553511683550851	5.035458277713045e-15	2.025828659745224e-15	0.3553511683550851	1.5777222446710544	205.71863335728722	315.2813666427127	-0.410158389585181	NaN	0.11229033864480004	0.11200291551815603	17.717775553221895	0.11305595298816987	-0.12821861668486909	-0.05302648156223074	1	1.9743830987872215	1	2	4	6	13	51	0.014045145945973442	1.0162501080217963	-3.622112118898426	1.0264379839265436	47.60275699303134	1.1246528777581213	20.064400594243157	1.1246528777581213	1.0816325076454618	1.1246528777581213	0.1022602553298254	1.4849769367512924	NaN	NaN	800000009	800000009	800000009	800000009	800000019	800000019	899999999	899999999	89999	89999	89	89	23	6	0	2	8	0	0	NaN	0	0	0	0	0	0	0	0	0	NaN	NaN	NaN	NaN	0	0	0	0	0	0	0	0	0	0	0	0	18000	18000	18000	18000	93	NaN	0.06541480309011145	0.11555731333247243	0.04303371461372819	0.07207496897653155	87.28587185340032	0.14325276373841073	0.0000028674738392472122	NaN	-0.0031419220070144274	0.5209339924063662	0.028082530443791408	0.0001022602553298254	NaN	17.743873682344773	898.6768014923638	92.84214270485771	93.16117170418633	92.52311082288955	0.6380604359838702	0.00028557057961330025	60.86695375071632	235
DATA	2026-09-20T003000_AIU-1657.ghg	2026-09-20	01:00:00	263.041	0	18000	18000	0.05474873954476974	1	NaN	4.357972479250739	1	NaN	38.20346409266976	1	NaN	32.62340179551022	0	NaN	0.8676021782060035	1	NaN	0.053994019140014206	0	NaN	NaN	NaN	NaN	NaN	NaN	NaN	NaN	NaN	NaN	4.647192284421165e-11	2.2999701724440338e-12	2.1657340741128555e-13	NaN	18.414752114222694	471.84954521101224	483.1319282871711	0.2	0	911.3756867269001	23.35259256443235	23.910975841066765	0.1	1	0.08581839028655838	2.1180012774653463	2.168644754842169	-0.5	0	NaN	NaN	NaN	NaN	9	305.0339086558024	297.01086673312716	97503.57577712674	1.133584234252814	1018.5707847937398	0.02532572089113578	0.05622062114774903	0.016616061079963985	2277.572049457891	2950.3535571271627	0.014657985333499478	77.19658018463466	672.7815076692718	292.7382954337619	0.4560326920765372	-0.22238537810715872	0.03229932366442061	0.5083938620278721	1.0794208423525879e-14	2.5236246763440767e-15	0.5083938620278721	2.4368303646005023	186.99628237721174	334.00371762278826	3.642573759663869	NaN	0.2197658281355278	0.24335458831247497	-209.17058968919918	-0.009576394095251876	0.11407270473378144	0.01717431036102274	0	10.92465693229581	-1.6578588370720784	3.7500812034645934	9.338232433322712	14.24139366787967	19.973757112859488	29.924327850148877	0.053733912022997564	1.0188861648736434	6.5697391888303125	1.0239772102035982	34.92435323372562	1.0938918134574809	29.823243390401586	1.0938918134574809	0.7931334411067213	1.0938918134574809	0.038941218872216465	1.3144556178693823	NaN	NaN	800000009	800000009	800000009	800000009	800000019	800000019	899999999	899999999	89999	89999	89	89	21	24	0	8	1	0	4	NaN	0	0	0	0	0	0	0	0	0	NaN	NaN	NaN	NaN	0	0	0	0	0	0	0	0	0	0	0	0	18000	18000	18000	18000	93	NaN	0.12615142583775454	0.1867547081143775	0.17380304267281788	0.04066205063606148	119.91988892379635	0.05018308945895143	0.0000012871632994322848	NaN	0.005689880120568779	0.7733599422026232	0.020567100101884735	0.000038941218872216465	NaN	18.41603360778557	911.4394534505393	92.81032781092325	93.10762122048273	92.51303673638238	0.5945848558015301	0.0002849832178617362	61.04946952226427	062
DATA	2026-09-20T010000_AIU-1657.ghg	2026-09-20	01:30:00	263.062	0	18000	18000	0.08450592965721983	1	NaN	75.48288082470054	0	NaN	-61.265216911193356	1	NaN	-88.52243471392077	0	NaN	-1.391270180886002	1	NaN	0.19348492835440287	0	NaN	NaN	NaN	NaN	NaN	NaN	NaN	NaN	NaN	NaN	8.550214044753285e-11	4.252353564812119e-12	4.0861561093302676e-13	NaN	18.01960017833369	461.5336283424749	472.3764922585358	0.1	1	896.1847113271582	22.953860096252427	23.493117836291432	0.1	1	0.08611585507800186	2.12456762153587	2.174480339019782	0.3	0	NaN	NaN	NaN	NaN	9	305.1315712212457	296.9624631652832	97475.29363085938	1.1336125535336528	1018.3417117814581	0.02532894056319651	-0.09015430772141292	0.016330275046029026	2238.0344208970087	2941.7807540518093	0.01440551711881183	76.07753969477473	703.7463331548006	292.4567002879169	0.2993259140091896	-0.42176058064876487	-0.21707301389119682	0.5608909729585733	-2.0831841582508374e-14	4.7449521410768286e-15	0.5608909729585733	2.8620240018570713	215.6364581639598	305.36354183604027	-22.768868200373927	NaN	0.2730305655074201	0.3933736820511565	-23.150926146169937	-0.08652353635240595	-1.2320674704231656	0.23948538693272003	0	11.419442492688745	-1.7329444547566153	3.9199250751096604	9.761167688519793	14.886396617666346	20.87838292101855	31.279622155176206	0.08302951519219481	1.0177818027915428	70.64645662949857	1.0233446863404296	-56.030552854828656	1.093425172332805	-80.9588410380745	1.093425172332805	-1.2723963340973297	1.093425172332805	0.13496663419558294	1.3128803445697825	NaN	NaN	800000009	800000009	800000009	800000009	800000019	800000019	899999999	899999999	89999	89999	89	89	24	9	0	2	16	0	6	NaN	0	0	0	0	0	0	0	0	0	NaN	NaN	NaN	NaN	0	0	0	0	0	0	0	0	0	0	0	0	18000	18000	18000	18000	93	NaN	0.19973226190194354	0.34687380671335627	0.24014129548701318	0.07762694976607026	206.5310714140411	0.11105108940956399	0.0000010361720069500739	NaN	0.061197291934545484	-2.0987899255638616	-0.032985805788301084	0.00013496663419558294	NaN	18.020731938150853	896.2466359927157	92.83569493908352	93.11825554317898	92.55313837771945	0.5651184672282796	0.0002848063284181988	61.13085428153142	092
DATA	2026-09-20T013000_AIU-1657.ghg	2026-09-20	02:00:00	263.083	0	18000	18000	0.10770674357385053	1	NaN	19.239005439588592	1	NaN	19.590222624233782	1	NaN	3.6480040038776727	2	NaN	0.4449002054938093	1	NaN	0.03960138783847159	1	NaN	NaN	NaN	NaN	NaN	NaN	NaN	NaN	NaN	NaN	-1.640611594658917e-10	-8.225947161950424e-12	-8.040599252170513e-13	NaN	17.666808192896593	452.6925560793262	463.2063137452482	0.2	0	885.8052154952223	22.69778574672941	23.224940469486356	0.1	1	0.0865846158874531	2.1365112034224554	2.1861315489343327	0	1	NaN	NaN	NaN	NaN	9	305.1634269684685	297.0235574408638	97461.8666547309	1.133333952454993	1018.1966470246796	0.025337641698487536	0.028829533315998843	0.016142548348864964	2212.7619586059777	2952.604825655394	0.014243417232756041	74.9427061616621	739.8428670494163	292.2744114190309	0.3263969307398865	-0.6075045609155915	-0.1491744035896624	0.7055846870616874	-9.762315159959437e-15	-9.286406331838528e-15	0.7055846870616874	4.082026285768128	222.75197927185775	298.24802072814225	-12.205555023384585	NaN	0.30827797530909495	0.5315851816971288	-130.7271335474087	-0.015322756230048966	0.9820718124861572	0.054081727718995984	0	10.842355007643727	-1.6453692024832673	3.7218296160180047	9.267881985992972	14.13410479685531	19.82328294574291	29.69889012782494	0.10605104984990328	1.015612233224382	20.129290324167307	1.0222228603105454	17.9230146145364	1.093020512762691	3.337543953916354	1.093020512762691	0.4070373797187857	1.093020512762691	0.024908246107223496	1.3097955572082947	NaN	NaN	800000009	800000009	800000009	800000009	800000019	800000019	899999999	899999999	89999	89999	89	89	23	1	0	17	14	0	4	NaN	0	0	0	0	0	0	0	0	0	NaN	NaN	NaN	NaN	0	0	0	0	0	0	0	0	0	0	0	0	18000	18000	18000	18000	93	NaN	0.33906064334663016	0.37558586868137595	0.34852385136625147	0.053089602872794586	81.65758992416114	0.059201112170453166	4.4103072088422303e-7	NaN	0.017443711753134795	0.08653006046348397	0.010552960369745986	0.000024908246107223498	NaN	17.668104955336403	885.8692687754299	92.8652021683587	93.15057807117037	92.57982518895469	0.5707532148692338	0.00028456864705529163	61.327832015355455	010
DATA	2026-09-20T020000_AIU-1657.ghg	2026-09-20	02:30:00	263.104	0	18000	18000	0.26770524156141673	1	NaN	-55.72156300713681	0	NaN	142.91646120323824	1	NaN	85.39007580570235	1	NaN	3.244550761914129	1	NaN	0.19280312583528164	0	NaN	NaN	NaN	NaN	NaN	NaN	NaN	NaN	NaN	NaN	-8.081703102718332e-10	-4.074533553914723e-11	-4.003822842021551e-12	NaN	17.587094563598978	450.1935142073141	460.64900387498517	0.1	0	886.6844773244914	22.697302240359434	23.22443424375121	0.1	1	0.08712966814488136	2.1465359818332344	2.196388065595166	-0.2	0	NaN	NaN	NaN	NaN	9	304.9129152153863	296.6652141256933	97433.64452300256	1.1343745440121318	1018.1889055260215	0.02531440348265653	0.21024688937203553	0.01615702276608393	2212.074084453436	2889.609888454524	0.014243111194067076	76.55268945790255	677.5358040010879	292.2694243559239	1.0563208275644314	-0.5547814312192331	0.3279920421023959	1.2374065244916514	4.939652437771262e-15	-4.5952462889723115e-14	1.2374065244916514	5.233679751355565	188.708528897365	332.29147110263506	15.370761440695397	NaN	0.48579182397349674	1.2151944647861321	176.58554444075165	0.011343510627349705	-0.38988904803552643	-0.09930891936614017	0	12.031225281138967	-1.8257848531770402	4.129930309121911	10.284110414562347	15.683917270584626	21.996916976418373	32.955389993756334	0.2647917595589265	1.011002917943305	-46.51230569656108	1.022244949237602	128.67134041195484	1.110709352569703	76.87886629220012	1.110709352569703	2.921151923685198	1.110709352569703	0.14873961517356343	1.3919659947936533	NaN	NaN	800000009	800000009	800000009	800000019	800000019	800000019	899999999	899999999	89999	89999	89	89	19	8	0	5	14	1	7	NaN	0	0	0	0	0	0	0	0	0	NaN	NaN	NaN	NaN	0	2	0	0	0	0	0	0	0	0	0	0	18000	18000	18000	18000	93	NaN	0.5435681512628714	1.2195803974114676	0.6672403808979251	0.035654685707876506	40.58639857848646	0.04947568175398363	4.2196181831542605e-7	NaN	-0.040270130418386896	1.9913531079454143	0.07566507211360145	0.00014873961517356343	NaN	17.58831624461783	886.7472078323462	92.85242960739136	93.12077794011434	92.58408243560791	0.5366956946767047	0.0002847435833650201	61.47359289868671	077
DATA	2026-09-20T023000_AIU-1657.ghg	2026-09-20	03:00:00	263.124	0	18000	18000	0.14621124559234924	1	NaN	11.82510395203867	1	NaN	25.5256944062201	1	NaN	3.2684518484934997	2	NaN	0.579422040474415	1	NaN	0.0837623477313014	1	NaN	NaN	NaN	NaN	NaN	NaN	NaN	NaN	NaN	NaN	3.6507053505246136e-10	1.838012371549462e-11	1.823628809739892e-12	NaN	17.378131697062187	444.6521331045348	454.83442051237546	0.1	1	874.9328687681171	22.386800445687815	22.899445768422336	0.1	1	0.08680859883053149	2.1371136362753225	2.186052354090165	0.6	0	NaN	NaN	NaN	NaN	9	304.81815239206946	296.5348880982117	97419.11423561913	1.13483823265388	1018.008874173386	0.02530705682342487	0.037546548222742095	0.01594061900433472	2181.4872739356465	2866.9919911313827	0.014046600251611835	76.0897582094319	685.5047171957362	292.04628484204335	0.6554836221321815	-0.5894414788328299	-0.05154566074944768	0.883038499157444	-3.1883347608154236e-15	2.100746739732542e-14	0.883038499157444	4.199579937508399	202.96335750005926	318.0366424999407	-3.3464323546255734	NaN	0.3589412815785968	0.8658764100193982	-335.5996356501801	-0.005968719233318764	0.46326277216407985	0.02851648782896739	0	10.660485944580103	-1.6177698705080266	3.6593998519427235	9.112423046289514	13.89702010493783	19.49076829429996	29.20072258786068	0.14419270082773356	1.013998938594175	13.180231366324932	1.021612795568957	23.3396028625226	1.0936644704956742	2.9885325313824644	1.0936644704956742	0.5297987235626366	1.0936644704956742	0.0613229790505376	1.3075286052820971	NaN	NaN	800000009	800000009	800000009	800000019	800000019	800001019	899999999	899999999	89999	89999	89	89	28	9	0	17	29	3	10	NaN	0	0	0	0	0	0	0	0	0	NaN	NaN	NaN	NaN	0	3	0	0	0	0	0	0	0	0	0	0	18000	18000	18000	18000	93	NaN	0.4041141200481282	0.8347363600319962	0.492902339958672	0.022919762321525896	16.630994614919395	0.019452392947736572	3.945931555445917e-7	NaN	0.011408735494791468	0.0773633449235712	0.013714758317214583	0.0000613229790505376	NaN	17.379396658114864	874.9930212017799	92.87903946431477	93.1406855682797	92.61739347415501	0.5232916979591041	0.0002846522005630605	61.18408338197074	171
DATA	2026-09-20T030000_AIU-1657.ghg	2026-09-20	03:30:00	263.145	0	18000	18000	0.0429430202206679	1	NaN	1.0903568878908048	2	NaN	18.314869880800277	1	NaN	6.762491479050217	1	NaN	0.41576630031311396	1	NaN	0.07988805630434694	1	NaN	NaN	NaN	NaN	NaN	NaN	NaN	NaN	NaN	NaN	-1.5738694762097554e-10	-7.910158396868227e-12	-7.908021082131993e-13	NaN	17.314953964870902	442.6761055473327	452.7491367419989	0.1	0	870.2375296485937	22.248592823725893	22.754856357588245	0.1	1	0.08700023925751214	2.1423893532650684	2.191139115260641	0.4	0	NaN	NaN	NaN	NaN	9	304.6613423343234	296.60139498731826	97392.87743815104	1.134337987212026	1017.9312855679397	0.025319551724822503	0.026941656260289784	0.01583438972024889	2167.4357098270875	2878.514777905346	0.013959146126426238	75.29701519907775	711.0790680782584	291.9428538269909	0.44489851232260985	-0.4105006643780035	-0.05473667402333384	0.607817065575461	5.335488200310084e-14	-9.089654407414937e-15	0.607817065575461	3.8724722574575368	203.6972268978143	317.3027731021857	-5.1667435869954	NaN	0.19456963072983888	0.5004260226440382	-579.5874566237246	-0.0034560789352976583	0.059533968572380656	0.004853250167416935	1	2.4237824262620076	1	2	4	7	13	44	0.042226886135597205	1.0169591971042116	2.1653485215642996	1.0228954965231434	16.753891490339026	1.0931710934955845	6.1861235805514205	1.0931710934955845	0.38033049244252937	1.0931710934955845	0.06132267614754332	1.3117075337921291	NaN	NaN	800000009	800000009	800000009	800000009	800000019	800000019	899999999	899999999	89999	89999	89	89	21	4	0	14	18	1	1	NaN	0	0	0	0	0	0	0	0	0	NaN	NaN	NaN	NaN	0	0	0	0	0	0	0	0	17997	0	0	0	18000	18000	18000	18000	93	NaN	0.260726061495897	0.5291791600957478	0.21094682369643153	0.02360498314126846	4.845726271248961	0.008744114551145809	4.851024829400506e-7	NaN	0.0018752832270512352	0.16019494409279314	0.009848982352238193	0.00006132267614754332	NaN	17.316184238285686	870.3008975284329	92.88285876676773	93.13185760752359	92.63386349444919	0.49799342504971705	0.0002845681882334045	61.20337550311621	092
DATA	2026-09-20T033000_AIU-1657.ghg	2026-09-20	04:00:00	263.166	0	18000	18000	0.053052595375296545	0	NaN	2.9773468127479648	0	NaN	9.099951378695321	0	NaN	-3.159298548670037	1	NaN	0.20653522662675736	0	NaN	0.09176434924866396	0	NaN	NaN	NaN	NaN	NaN	NaN	NaN	NaN	NaN	NaN	1.1057020968591617e-10	5.540999067687768e-12	5.562008552213915e-13	NaN	17.42951094831505	445.209166134168	455.3687821795222	0.1	1	873.4441599523246	22.3107433863327	22.819871687665238	0.1	1	0.08767559474727346	2.1570590275522545	2.206282837783717	0	0	NaN	NaN	NaN	NaN	9	304.31799760437013	296.3867095082601	97345.19846614583	1.134577025102963	1017.962188444875	0.025313617329658495	0.013383482685413875	0.015882344963758174	2172.4263169629758	2841.463734470732	0.013998472216830628	76.45447980238343	669.0374175077563	291.97965592766775	0.2327512623361926	-0.8341838915638562	-0.01922421275038479	0.8662594792668485	-1.7838802263205587e-14	6.343850381906742e-15	0.8662594792668485	3.0540293578800126	235.41000831320957	285.5899916867904	-1.2716243947974801	NaN	0.2162401455005238	0.29871671069052613	-291.2682085545684	-0.006877166615403974	0.32718271657126513	0.01192140574089068	0	13.933600189794406	-2.114477584974873	4.782954054499352	11.910231873793588	18.163855098011236	25.475065040798533	38.16628959575776	0.05231400609479355	1.0141183850299031	3.4767799081559696	1.0216456165299999	8.321369398860796	1.093564165044892	-2.8889923880601414	1.093564165044892	0.18886429642496458	1.093564165044892	0.07089894786186315	1.3076925297807558	NaN	NaN	800000009	800000009	800000009	800000009	800001019	800001119	899999999	899999999	89999	89999	89	89	34	11	0	10	3	7	5	NaN	0	0	0	0	0	0	0	0	0	NaN	NaN	NaN	NaN	0	0	0	0	0	0	0	0	18000	0	0	0	18000	18000	18000	18000	93	NaN	0.402693910058693	0.10314470379469233	0.09159480752766691	0.019543350422285822	2.0776107824698222	0.008142515222077923	0.000001619168673525915	NaN	0.003010312400284169	-0.07480014220820107	0.0048899665810905905	0.00007089894786186315	NaN	17.430797080595212	873.5079773769849	92.8514043545193	93.08299924108717	92.61980901548597	0.4631968208319579	0.0002840304330392326	61.26177460681064	055
DATA	2026-09-20T040000_AIU-1657.ghg	2026-09-20	04:30:00	263.187	0	18000	18000	0.03142193719530054	1	NaN	1.9215104126302027	0	NaN	24.20464047581854	0	NaN	3.329710359425671	0	NaN	0.5492201439444268	0	NaN	0.07860625610517928	0	NaN	NaN	NaN	NaN	NaN	NaN	NaN	NaN	NaN	NaN	9.993444236127844e-11	4.982593859010557e-12	4.99852960757751e-13	NaN	17.560187860512173	448.1096076964976	458.35012521430616	0.1	1	875.5268166759836	22.342128766781624	22.85270688671411	0.1	1	0.08783269997952523	2.158462087273816	2.2077887886803693	0.1	0	NaN	NaN	NaN	NaN	9	304.050889942593	296.1319226667616	97349.9744470486	1.1355953168637223	1017.9749474561864	0.025290615832576614	0.03558946532759885	0.01591915238208597	2175.5890867840453	2798.0328367894977	0.014018332187254305	77.75423712612132	622.4437500054523	292.0029406998231	0.23491705796455872	-0.906952871851624	0.003956342626274134	0.9368912362325994	1.5144675641137547e-14	5.690966586183417e-15	0.9368912362325994	2.977763096611794	236.47850181796957	284.52149818203037	0.24195167992266237	NaN	0.16634305820549908	0.3257958076624492	-205.4472333524852	-0.009749948769391736	0.07938603403549303	0.009992574103930922	1	6.848690963310729	3	6	11	19	36	116	0.030998754546358198	1.013651601657398	3.332823462390973	1.0215353389193473	22.124327905000982	1.094028283243231	3.0435322472238036	1.094028283243231	0.5020164033751224	1.094028283243231	0.06002711686400102	1.3070486428146002	NaN	NaN	800000009	800000009	800000009	800000009	800000019	810001119	899999999	899999999	89999	89999	89	89	16	1	0	8	7	0	5	NaN	0	0	0	0	0	0	0	0	0	NaN	NaN	NaN	NaN	0	0	0	0	0	0	0	0	18000	0	0	0	18000	18000	18000	18000	93	NaN	0.4302146685010356	0.13107250701215925	0.09030443981170351	0.02077861233494717	2.904934535775442	0.013765425707258484	7.536570518220631e-7	NaN	0.002883046366959089	0.07873232441470986	0.012986528520632281	0.00006002711686400102	NaN	17.561504712230114	875.5914593318333	92.82146549691095	93.03948084810045	92.60345222939387	0.43603025460657185	0.0002835153531244335	61.30162841256454	169
DATA	2026-09-20T043000_AIU-1657.ghg	2026-09-20	05:00:00	263.208	0	18000	18000	0.026251257896380394	0	NaN	1.7341224223254885	0	NaN	26.98695699425406	0	NaN	3.297430071157336	0	NaN	0.6122371129706854	0	NaN	0.09891381581916088	0	NaN	NaN	NaN	NaN	NaN	NaN	NaN	NaN	NaN	NaN	-9.951782594695558e-11	-4.9383133589779664e-12	-4.955349795256141e-13	NaN	17.674295802657607	450.74437111776206	461.056837445577	0	0	877.0409747426997	22.367017448325413	22.878746776675126	0.1	1	0.08800666338277774	2.1608549626099363	2.2102926161206105	0	0	NaN	NaN	NaN	NaN	9	303.8660885162354	295.936859708998	97353.35098263889	1.1363724575780492	1017.98525826211	0.025273080246199005	0.03967296492050041	0.015947943717121885	2178.088192505703	2765.1754069261883	0.014034081529142074	78.76853624005355	587.0872144204855	292.021318498378	0.02559830472473287	-1.1435931160457224	0.10532961603994549	1.1487187716265004	1.6958718784718005e-14	-5.630652958291641e-15	1.1487187716265004	2.834552448157487	249.71769957488561	271.2823004251144	5.2610189329869455	NaN	0.15198989316387893	0.1715149898190162	-173.66184136976133	-0.011534485550772165	0.06425779767221292	0.009862859715611549	1	10.843358633208235	5	9	17	30	56	179	0.025922112095881824	1.0126974915964067	3.3092591540240823	1.0215541273480373	24.623341895121232	1.0959908329746721	3.0086292439213658	1.0959908329746721	0.5586151768340876	1.0959908329746721	0.0759953285483917	1.305797317984193	NaN	NaN	800000009	800000009	800000009	800000009	800000019	800000119	899999999	899999999	89999	89999	89	89	11	1	0	33	4	9	9	NaN	0	0	0	0	0	0	0	0	0	NaN	NaN	NaN	NaN	0	0	0	0	0	0	0	0	18000	0	0	0	18000	18000	18000	18000	93	NaN	0.19337561536678977	0.07108444303790519	0.07856992123333746	0.013993139926228219	2.5694568504201394	0.01555412375103101	0.000001123554899624162	NaN	0.002860675462675856	0.07777744441147426	0.014441015273450776	0.00007599532854839169	NaN	17.67560833364062	877.1055529747177	92.79531299802991	93.00273303540548	92.58790009901259	0.4148405748522942	0.0002837385322022277	61.383424318172345	122
DATA	2026-09-20T050000_AIU-1657.ghg	2026-09-20	05:30:00	263.229	0	18000	18000	0.04120252885447983	1	NaN	2.7573293112830317	1	NaN	3.161489417309441	2	NaN	-3.6918916590375916	2	NaN	0.071728491631358	2	NaN	0.013421074893684416	2	NaN	NaN	NaN	NaN	NaN	NaN	NaN	NaN	NaN	NaN	-2.497319577267728e-10	-1.2379384529924461e-11	-1.2513639431046778e-12	NaN	17.760382363122602	452.97187014922764	463.37658662752017	0.1	1	880.3943422897075	22.454126467672108	22.969895404023244	0.1	1	0.08899422527764556	2.1859888652861477	2.2362008008761296	0.2	0	NaN	NaN	NaN	NaN	9	303.9247268040975	296.0182067006429	97350.08242230903	1.135984297527445	1018.0366392664782	0.025280876084242055	0.004648006257711998	0.016005116457669635	2186.497409851535	2778.8367234486777	0.014089205715700446	78.68391083942423	592.3393135971428	292.08302230804185	0.10842897930493828	-0.43595117149715124	-0.0019178695340096982	0.44923707071704444	-2.2868849730915566e-14	-1.4061181376664085e-14	0.44923707071704444	1.8657550775984868	237.0329003860386	283.96709961396147	-0.24460617993067565	NaN	0.19044771746695005	0.1473513734397794	-214.87000102254555	-0.009322380930178438	0.8721614869834464	0.012519215888452406	1	1.4137155276170885	1	1	2	4	7	22	0.04037727814849962	1.020438492732103	2.8974589345576955	1.024905565858414	2.8879598767842207	1.094713760646079	-3.3724721399854407	1.094713760646079	0.06552259979725222	1.094713760646079	0.00957318950407673	1.3166759050897976	NaN	NaN	800000009	800000009	800000009	800000009	800000019	800000019	899999999	899999999	89999	89999	89	89	12	14	0	23	12	3	3	NaN	0	0	0	0	0	0	0	0	0	NaN	NaN	NaN	NaN	0	0	0	0	0	0	0	0	18000	0	0	0	18000	18000	18000	18000	93	NaN	0.15826293013002438	0.08669203946618505	0.04974777728334932	0.01221672300526743	4.960736628998424	0.01961274280348652	0.000006336719586543848	NaN	0.0025054258420371604	-0.08721797912303031	0.001694528080290705	0.000009573189504076729	NaN	17.761700555744284	880.4587949995167	92.78703292804295	92.99553325886197	92.57852578311497	0.4170094121578664	0.00028393715063834354	60.442393110911055	124
DATA	2026-09-20T053000_AIU-1657.ghg	2026-09-20	06:00:00	263.249	0	18000	18000	0.027441336081082023	0	NaN	5.905917918305862	0	NaN	47.5114457333375	1	NaN	7.08959898679966	1	NaN	1.0775370918820526	1	NaN	0.1594551002011711	1	NaN	NaN	NaN	NaN	NaN	NaN	NaN	NaN	NaN	NaN	-9.061533792881643e-12	-4.4683333831380333e-13	-4.471051318843178e-14	NaN	18.097962646771478	461.27780537367437	472.01427616679126	0.1	1	892.4287268550543	22.746072174569214	23.27549833970317	0.1	1	0.08929715609932072	2.189815105776838	2.2407841436356035	-1.4	0	NaN	NaN	NaN	NaN	9	303.69221981218124	295.6236958618164	97340.8671796875	1.1372659599870127	1018.1957701294338	0.025249573777251323	0.069824403553957	0.01623331273725976	2214.7163052971414	2713.1291381162864	0.014273981028540711	81.62959419008006	498.412832819145	292.28857295057054	0.2547708168760112	-0.2544044769359257	0.06957985144728542	0.36670309890177244	-8.369383209894384e-14	-5.006935846725346e-16	0.36670309890177244	2.6068651096678144	205.95877700849337	315.0412229915067	10.937866777080272	NaN	0.15533581709662792	0.19954971909110394	-54.43204970870618	-0.036800010484992124	0.12430516114902895	0.032833900042577316	1	1.4428723485396018	1	1	2	4	7	19	0.026813525064629452	1.0234139679486132	8.60699605809953	1.026761165508578	43.32575785360942	1.0966096864103527	6.465015834400284	1.0966096864103527	0.9826076727529806	1.0966096864103527	0.12004032696599314	1.3209450921608445	NaN	NaN	800000009	800000009	800000009	800000009	800000019	800000019	899999999	899999999	89999	89999	89	89	6	2	0	1	0	0	2	NaN	0	0	0	0	0	0	0	0	0	NaN	NaN	NaN	NaN	0	0	0	0	0	0	0	0	18000	0	0	0	18000	18000	18000	18000	93	NaN	0.13711479638427854	0.21340226443224022	0.0485823773656891	0.055433502246201756	15.90525409670393	0.0530352067438598	0.0000036535350067752155	NaN	0.007432899748164168	0.167039403789441	0.025388058439428964	0.00012004032696599314	NaN	18.09926641190726	892.4903528304748	92.72068890762328	92.91843891821966	92.522939643436	0.39549961368408554	0.0002835544235292926	60.0649194347152	184
DATA	2026-09-20T060000_AIU-1657.ghg	2026-09-20	06:30:00	263.27	1	17990	17990	0.024228320062128984	1	NaN	-5.987444751107383	2	NaN	34.96655182101426	1	NaN	15.783062547208868	1	NaN	0.7927678140440272	1	NaN	0.1785178107116767	1	NaN	NaN	NaN	NaN	NaN	NaN	NaN	NaN	NaN	NaN	2.7555188085403296e-10	1.3448941039359501e-11	1.3539636142542234e-12	NaN	18.139967911662364	461.6257223439684	472.26621128779925	0	0	885.3627060852987	22.530701306824	23.050034755000837	0.1	1	0.08913332923007895	2.182278919670865	2.232580524614384	-0.9	0	NaN	NaN	NaN	NaN	9	303.44980969516484	295.28896889402665	97355.76781490086	1.1388229430667591	1018.0661469559869	0.02521712418777905	0.05137135435005296	0.016100299204701934	2194.0821066057683	2658.4474165046868	0.014137666704663604	82.53246210491297	464.36530989891844	292.1384978782476	0.15463490128986995	-0.6638308312807051	0.12204426830812735	0.6924435924194118	-1.5362337752624686e-14	1.5190317987105036e-14	0.6924435924194118	2.285688325381033	237.88717645883048	283.1128235411695	10.151499805530445	NaN	0.14585910591021525	0.2590024888565353	44.45434786257165	0.04505970948426645	-0.1712334914164753	-0.03540591052704087	1	4.551928695738185	2	4	8	15	30	113	0.023928387658181744	1.0125345847882352	-3.8583242777461413	1.0229085606214678	31.425499761489114	1.1126808511050181	14.184716607223445	1.1126808511050181	0.7124844588245757	1.1126808511050181	0.12849413118685712	1.4273012416277042	NaN	NaN	800000009	800000009	800000009	800000019	800000019	801001019	899999999	899999999	89999	89999	89	89	6	3	3	4	9	4	6	NaN	0	0	0	0	0	0	0	0	0	NaN	NaN	NaN	NaN	0	0	0	0	0	0	0	0	17702	0	0	0	17702	17702	17702	17702	93	NaN	0.345606236777685	0.11021288012750037	0.06218586080788526	0.044485173498363166	13.023661487920352	0.02821635256268379	0.000002619432810769013	NaN	-0.0033278712921493963	0.3659449686697454	0.018381058302530014	0.00012849413118685713	NaN	18.141285060577225	885.4270589642833	92.6676646013668	92.83701192528225	92.49832200606443	0.3386951444917965	0.00028300675709243685	60.233833789609996	226
DATA	2026-09-20T063000_AIU-1657.ghg	2026-09-20	07:00:00	263.291	1	18000	18000	0.011994109327714293	1	NaN	3.667400440326292	1	NaN	11.206363414978041	1	NaN	0.5250166882164468	2	NaN	0.2539282349274919	1	NaN	0.16938888752385767	1	NaN	NaN	NaN	NaN	NaN	NaN	NaN	NaN	NaN	NaN	1.1664759872411516e-11	5.603327664080053e-13	5.70209818035887e-14	NaN	18.562582687578253	471.61004205044446	482.5417534682848	0.1	1	891.6791620895809	22.654436303735903	23.17955608051071	0.1	1	0.0907396895635529	2.215844773591672	2.2672070717868467	-0.7	0	NaN	NaN	NaN	NaN	9	302.99014002227784	294.70163740672103	97357.61937064066	1.1410604356385463	1018.1258994140013	0.02516648855259859	0.016454549623301475	0.01622129159317192	2206.1736107354754	2564.8242970334904	0.014215979352657476	86.0165592351556	358.650686298015	292.22659019397037	0.1839487358225729	-0.3565248431734888	0.1845843916674395	0.4416089886515609	2.920716786566536e-14	6.284017730042148e-16	0.4416089886515609	2.0374693746140715	223.7085610316151	297.2914389683849	24.7072171834834	NaN	0.10252497639866481	0.16298549892614356	-25.205581078664604	-0.07947049479829427	0.3272605308716448	0.030790626264421923	1	4.472550492165979	2	4	7	11	19	54	0.011751229624743384	1.0206684500879382	4.2662475173365655	1.0250458684881405	10.235546940210465	1.0948475426314264	0.4795340609292397	1.0948475426314264	0.2319302231954456	1.0948475426314264	0.13091128294116425	1.3170065520723406	NaN	NaN	800000009	800000009	800000009	800000019	800000019	800000019	899999999	899999999	89999	89999	89	89	15	8	0	5	1	0	1	NaN	0	0	0	0	0	0	0	0	0	NaN	NaN	NaN	NaN	0	7	0	0	0	0	0	0	18000	0	0	0	18000	18000	18000	18000	93	NaN	0.18473106687875332	0.10166805570620487	0.039571875267328936	0.06880557853789747	13.045867974089019	0.03386652398127744	0.000008825320070990914	NaN	0.0036722810878184278	0.01234800048183753	0.005972202479674624	0.00013091128294116425	NaN	18.563993406293122	891.7442842351378	92.51970559310911	92.65248189036053	92.38692888641359	0.2655534629672687	0.00028182346953447744	59.453464576659385	253
DATA	2026-09-20T070000_AIU-1657.ghg	2026-09-20	07:30:00	263.312	1	18000	18000	0.04273193780881057	1	NaN	12.807959860612906	0	NaN	15.537956879773779	0	NaN	7.9298565432733445	0	NaN	0.352005613564773	0	NaN	0.083630105546871	1	NaN	NaN	NaN	NaN	NaN	NaN	NaN	NaN	NaN	NaN	4.1337587958667465e-11	1.966073181398575e-12	1.980620630827617e-13	NaN	18.634554617451634	473.11913937466437	484.01044123016044	0.1	0	886.2853371442731	22.502204348763048	23.02020981415251	0.1	1	0.08928431760099842	2.178020109963138	2.2281585898739333	0.3	0	NaN	NaN	NaN	NaN	9	302.83034234364834	294.4860082821973	97375.06411129015	1.1421668636839009	1018.0347843891939	0.025143569302916776	0.022809963758997288	0.016126975626538167	2191.7413448617012	2531.182735566427	0.014119631850045836	86.58961338764168	339.44139070472556	292.12139516911566	-0.09556208328590006	-0.9860536632016863	0.41122124107175184	1.0726308067474042	-5.0569930069255114e-14	2.2183298075691053e-15	1.0726308067474042	2.968025906035107	256.5354575390552	264.4645424609448	22.542976551987827	NaN	0.19342451459537957	0.39905524304817797	-48.46882656453722	-0.04132759429058659	0.8243014161846085	0.056947710495612855	1	6.867065359866518	3	6	10	17	32	93	0.042184516243049856	1.012976836396717	13.546605417105413	1.0214967109864357	14.187303689878805	1.0952015421266077	7.240545450543783	1.0952015421266077	0.3214071566054098	1.0952015421266077	0.06165770462794907	1.3061482151395687	NaN	NaN	800000009	800000009	800000009	800000019	800000019	800000019	899999999	899999999	89999	89999	89	89	13	2	0	23	6	0	9	NaN	0	0	0	0	0	0	0	0	0	NaN	NaN	NaN	NaN	0	2	0	0	0	0	0	0	18000	0	0	0	18000	18000	18000	18000	93	NaN	0.6322255888729409	0.1257929703994241	0.04009192682399104	0.10562579641832381	18.629511938160586	0.026467333850468767	0.0000023229992979600864	NaN	0.011650332151472174	0.18624520823331045	0.008267407920926053	0.00006165770462794907	NaN	18.63597089581056	886.3497482546494	92.47141138246323	92.58620909415352	92.35661429214477	0.22959527544097957	0.00028233583672974624	60.0369458213383	115
DATA	2026-09-20T073000_AIU-1657.ghg	2026-09-20	08:00:00	263.333	1	18000	18000	0.05172737769000032	1	NaN	6.138573397824399	2	NaN	-13.952642506553264	2	NaN	-0.8630448811442886	2	NaN	-0.316057356607316	2	NaN	0.04592297621881107	0	NaN	NaN	NaN	NaN	NaN	NaN	NaN	NaN	NaN	NaN	5.24138438374371e-10	2.50494709715627e-11	2.5175380383191312e-12	NaN	18.478628360733747	468.75384973534995	479.49577635718407	0.1	1	883.1252028607732	22.402546907592093	22.91592192341205	0.1	1	0.08875641698478538	2.163943704796056	2.2135324697818213	0.1	0	NaN	NaN	NaN	NaN	9	302.6919321950277	294.37595410156257	97397.97381727431	1.142906127333309	1017.9757644676954	0.025128260747928597	-0.020480516708154074	0.016065334017393934	2182.547965536085	2514.161723281252	0.014056564780940015	86.81016600187615	331.6137577451668	292.0540686679058	-0.2707378130096369	-1.269757359526743	0.39504620899974796	1.3570719298219336	-6.935075290743213e-15	2.8364574910123823e-14	1.3570719298219336	2.785502487285838	263.036370563549	257.963629436451	16.923936321401197	NaN	0.21274283910814798	0.17767302608413876	-134.57661150397914	-0.014884458581725938	-0.4399577639104019	0.024800732186424132	0	16.79419901369957	-2.548584492763376	5.764905061900487	14.355428723604623	21.89293457662382	30.705152032098308	46.00191295535549	0.05110426327068022	1.0121930026858952	5.229610064383223	1.0219267373419831	-12.701288942983421	1.0985217775288176	-0.7856420316816598	1.0985217775288176	-0.28771150747534885	1.0985217775288176	0.035397000474887794	1.3052579357183152	NaN	NaN	800000009	800000009	800000009	800000009	800000019	800000019	899999999	899999999	89999	89999	89	89	2	6	0	23	6	0	4	NaN	0	0	0	0	0	0	0	0	0	NaN	NaN	NaN	NaN	0	0	0	0	0	0	0	0	18000	0	0	0	18000	18000	18000	18000	93	NaN	0.19472688288882023	0.10503281007717188	0.05558635920228539	0.03963675348750016	7.401391323603635	0.028256762272506102	0.0000017697924485509228	NaN	0.004494913184107237	-0.020194343916262812	-0.007395410245792285	0.000035397000474887795	NaN	18.48000400631592	883.1883168653136	92.39504196124606	92.48813041093614	92.30195634757146	0.18617410843819338	0.00028180647269538084	60.4092982349395	206
DATA	2026-09-20T080000_AIU-1657.ghg	2026-09-20	08:30:00	263.354	1	18000	18000	0.13205043288344143	1	NaN	17.994715691039392	1	NaN	63.1248312780698	1	NaN	-1.0327686500647735	1	NaN	1.43064059011227	1	NaN	0.09432015220307519	1	NaN	NaN	NaN	NaN	NaN	NaN	NaN	NaN	NaN	NaN	-1.035816149554107e-9	-5.071698166473106e-11	-5.014557721977847e-12	NaN	18.34407778190626	466.0902990569635	476.9755104302735	0.1	1	898.1866684757092	22.821321294861935	23.354297215226314	0.1	1	0.08880672205527844	2.170670334163233	2.2213648143035556	-0.1	0	NaN	NaN	NaN	NaN	9	302.9080192294651	294.90153642103405	97412.51181315104	1.1408572680550613	1018.2253972297431	0.025169368166045727	0.09270551023927509	0.016338916975052162	2223.6785485024525	2596.360185977743	0.014321613608078093	85.64599628787848	372.6816374752907	292.3533749244777	-0.21432624101276637	-1.0306224238260786	0.3212013013800911	1.1005855687259274	-2.41815651604147e-14	-5.646597020951293e-14	1.1005855687259274	2.7704687965961656	262.74768028083804	258.2523197191619	16.968495129966975	NaN	0.3402156268758425	0.3360904748518343	-187.79039607887393	-0.010666679669596505	0.2850655649560673	0.04553187057752035	0	22.95956722912184	-3.4842029055965122	7.881276459224936	19.62549274386985	29.930114728587597	41.97741147322929	62.889811672776545	0.13037291276621227	1.012867090882884	21.474348831067392	1.021511994854834	57.6229196492471	1.0954813060898865	-0.9427533307264239	1.0954813060898865	1.3059470592142475	1.0954813060898865	0.06597639367924803	1.3060086452727027	NaN	NaN	800000009	800000009	800000009	800000009	800001019	800001019	899999999	899999999	89999	89999	89	89	12	2	0	28	4	0	7	NaN	0	0	0	0	0	0	0	0	0	NaN	NaN	NaN	NaN	0	0	0	0	0	0	0	0	18000	0	0	0	18000	18000	18000	18000	93	NaN	0.5204806355032972	0.08664903547637776	0.06505127872399359	0.027780296412463882	3.5171211392632884	0.04476330023205142	0.0000022679705027528057	NaN	0.018486077301574717	-0.02428282036550113	0.03363772559818886	0.00006597639367924802	NaN	18.34544990377842	898.2451032401907	92.45896759457057	92.58554765235051	92.3323863766988	0.2531610917473802	0.0002826943138239181	60.743494700113985	128
DATA	2026-09-20T083000_AIU-1657.ghg	2026-09-20	09:00:00	263.374	1	18000	18000	0.293263462884916	1	NaN	-28.204128246157047	2	NaN	55.17670895867426	1	NaN	25.782925112051636	1	NaN	1.250869273528801	1	NaN	0.13823939343395514	1	NaN	NaN	NaN	NaN	NaN	NaN	NaN	NaN	NaN	NaN	1.812740390315774e-9	9.098039932258832e-11	8.845790684884575e-12	NaN	18.169901396125503	462.75267930052604	473.7557956421288	0.2	0	911.9369179960664	23.22529126359101	23.777531354836253	0.1	1	0.08866528564916017	2.1704665790750477	2.222074916213629	0.8	0	NaN	NaN	NaN	NaN	9	303.3462990010579	295.2008081549127	97439.89446092969	1.1398453902591514	1018.4625784768689	0.02518783022680757	0.0810563289246663	0.016615951114968736	2263.676974100697	2644.2065170737087	0.01457737273578041	85.60893256574617	380.52954297301176	292.6398236218168	-0.7990855434041884	0.4638633897369036	0.4734823484787541	1.038216010441275	-2.9046493716405545e-13	9.97661104920645e-14	1.038216010441275	3.763421347241938	11.134855764747897	149.86514423525213	27.13275757968321	NaN	0.5072312540760233	0.5725028392206867	397.1753723734399	0.005043364063662553	-0.5111600307166039	-0.04789780942152014	0	23.44584280154642	-3.5579970997751067	8.048199127383283	20.04115378934613	30.564024049574996	42.86647830926073	64.22179580234078	0.29009931619887547	1.0109071152855507	-24.589169713183587	1.0211566597568182	49.92327445551319	1.1052301669002587	23.328104755195678	1.1052301669002587	1.1317726488021977	1.1052301669002587	0.1071053072827789	1.3826023291290552	NaN	NaN	800000009	800000009	800000009	800000019	800000019	810001019	899999999	899999999	89999	89999	89	89	9	0	0	8	0	0	2	NaN	0	0	0	0	0	0	0	0	0	NaN	NaN	NaN	NaN	0	2	0	0	0	0	0	0	18000	0	0	0	18000	18000	18000	18000	93	NaN	0.4944020028484864	0.5133879281576191	0.13721574743526774	0.11231069991899535	6.853357981918863	0.046631845791388744	7.789278571839564e-7	NaN	-0.02118131119745335	0.6015594839937846	0.02918490712195955	0.00010710530728277889	NaN	18.171241706103395	912.0017413585423	92.59404189999898	92.78002721150716	92.40805586327447	0.3719722286164767	0.0002831695494225843	61.40203435139476	030
DATA	2026-09-20T090000_AIU-1657.ghg	2026-09-20	09:30:00	263.395	1	18000	18000	0.42401729264480614	1	NaN	107.29929388578644	1	NaN	37.60450447030892	1	NaN	-32.07485407903873	1	NaN	0.8530401088304577	1	NaN	-0.009066013285526206	1	NaN	NaN	NaN	NaN	NaN	NaN	NaN	NaN	NaN	NaN	-1.6615918878383597e-9	-8.446076375835427e-11	-8.175285994209815e-12	NaN	17.915618455449945	456.99050426340176	467.8585738317655	0.1	1	910.672969112239	23.229390624081557	23.78182799636381	0.1	1	0.08814758046694016	2.1641046893482736	2.215571054836478	0	1	NaN	NaN	NaN	NaN	9	303.89112442186143	295.85093438862464	97458.01195835994	1.1375502964996744	1018.4772493298917	0.025238609110536367	0.05527699905221365	0.016585447493749628	2264.497493815897	2750.808956563506	0.014579968503181146	82.32114732696154	486.31146274760886	292.64565319040923	-0.6706508622537362	0.5991906280354328	0.42745257781945123	0.9957498149893915	1.2600275276901882e-13	-9.27454383989129e-14	0.9957498149893915	3.4762787951921967	22.779081530593146	138.2209184694068	25.421690878807514	NaN	0.6105292568537151	0.7306063152416288	-182.0802243251267	-0.011001194706478491	2.853362792494869	0.15169401399701016	0	23.212225292285552	-3.5225447414426516	7.968005796305811	19.841461056156252	30.259480031606063	42.43935099384881	63.58188125106633	0.4184406037363522	1.013327313025214	108.06201411263179	1.021493628574273	34.357844448712214	1.0944954514373906	-29.30560747138339	1.0944954514373906	0.77939118678855	1.0944954514373906	-0.0379356696156599	1.306609352947494	NaN	NaN	800000009	800000009	800000009	800000019	800000019	800000019	899999999	899999999	89999	89999	89	89	14	0	0	9	0	0	2	NaN	0	0	0	0	0	0	0	0	0	NaN	NaN	NaN	NaN	0	2	0	0	0	0	0	0	18000	0	0	0	18000	18000	18000	18000	93	NaN	0.9139958927655106	0.34338228834810514	0.20383444936964187	0.1138153788546259	5.663386185008669	0.10251316192104867	5.080106497457367e-7	NaN	0.09327196314556893	-0.7572274215975534	0.020138684358072145	-0.000037935669615659906	NaN	17.917021134077302	910.7332683101001	92.67102436828614	92.88498745769924	92.45706086561415	0.427925441088777	0.0002836593913444731	61.79947841336114	188
DATA	2026-09-20T093000_AIU-1657.ghg	2026-09-20	10:00:00	263.416	1	18000	18000	0.016584581764837975	0	NaN	10.238385330032733	0	NaN	2.8459083413211905	2	NaN	-1.85103456688619	1	NaN	0.06467339843642204	2	NaN	-0.0030284279048312123	2	NaN	NaN	NaN	NaN	NaN	NaN	NaN	NaN	NaN	NaN	1.5012084620749034e-11	7.60220862660005e-13	7.436286119371149e-14	NaN	17.344753495196116	445.32059122383663	455.5948466863597	0.1	1	878.3485970041924	22.551298675237337	23.0715930612757	0.1	1	0.08591781416017995	2.126366681257099	2.1754253480261183	0	1	NaN	NaN	NaN	NaN	9	304.1913274502224	297.6917280392116	97432.17789409723	1.1305088768737013	1018.1270820836515	0.025402378150760293	0.0041908362186801485	0.015997494670725306	2197.8115258493353	3073.273036209839	0.01415070239427454	71.51370867327232	875.4615103605038	292.16571375564513	-0.3043784030564291	-0.05043987636870473	0.2147937895191804	0.3759345227447087	1.5987487957645368e-14	8.655115579997636e-16	0.3759345227447087	2.4961677052293476	331.5907736967026	189.40922630329732	34.84508763825558	NaN	0.1211198358302768	0.5540700835340182	-14.894822431900346	-0.13448297280200847	3.597580843127099	0.0734412788009457	1	2.410700110890964	1	2	4	6	10	27	0.016211409029756305	1.0230191425308377	10.21559227367743	1.026510883349724	2.595822873874829	1.0963414992460772	-1.6883740770180586	1.0963414992460772	0.05899019464363622	1.0963414992460772	-0.005165139456727323	1.320377653495256	NaN	NaN	800000009	800000009	800000009	800000009	800000019	801000019	899999999	899999999	89999	89999	89	89	17	1	0	15	0	10	2	NaN	0	0	0	0	0	0	0	0	0	NaN	NaN	NaN	NaN	0	0	0	0	0	0	0	0	18000	0	0	0	18000	18000	18000	18000	93	NaN	0.1156840941065607	0.9349319947643756	0.057524078197099975	0.14009259933711252	24.61072408767805	0.260312961907444	0.000003328018403611377	NaN	0.008875392831701443	-0.043878499335795296	0.0015330732991712132	-0.0000051651394567273225	NaN	17.34652180790647	878.4548560362405	92.82228722381592	93.13277171346878	92.51180547565885	0.6209673392739571	0.00028563440472579606	61.5420250070361	049
DATA	2026-09-20T100000_AIU-1657.ghg	2026-09-20	10:30:00	263.437	1	18000	18000	0.24844494024311795	1	NaN	-34.28486694290317	2	NaN	64.78590423380315	1	NaN	8.496044141541194	1	NaN	1.4741369107192592	1	NaN	0.13010257242983472	1	NaN	NaN	NaN	NaN	NaN	NaN	NaN	NaN	NaN	NaN	-6.519393410920447e-10	-3.2914022696300866e-11	-3.2276666060938357e-12	NaN	16.882808772719354	436.5556453025006	446.3942144194471	0.2	0	852.3510027662802	22.040091020762784	22.53680423747382	0.1	1	0.08358458319373122	2.08047643512724	2.12736372526638	0.2	0	NaN	NaN	NaN	NaN	9	305.37459411197244	299.0017570212407	97397.0354961693	1.1253691239581105	1017.8651421879268	0.025523370349114657	0.095524071814608	0.015560736750930131	2147.215340817236	3322.3987074939514	0.013827229146113793	64.62846665495054	1175.1833666767152	291.7929787689202	-0.4291123219170564	-0.3125498327980663	0.2888151407460841	0.6043500379145346	4.969118724109491e-14	-3.861557338406287e-14	0.6043500379145346	3.5136565290757478	304.93176462774295	216.06823537225702	28.54793338939402	NaN	0.46985903291727743	0.6894794064328831	259.5866210862708	0.007716499377424738	-0.5292025688053059	-0.06370149877556099	0	19.91799488118081	-3.0226325673352417	6.837203097317146	17.025602447646918	25.96511798362689	36.41644716144682	54.558473793353784	0.24540072108357938	1.0124050945983234	-29.968567563561546	1.021037741375824	58.78906847515859	1.102005966656514	7.709617187752795	1.102005966656514	1.337685053731415	1.102005966656514	0.1010794251839709	1.3883840874677111	NaN	NaN	800000009	800000009	800000009	800000019	800000019	800001119	899999999	899999999	89999	89999	89	89	8	5	0	41	37	6	2	NaN	0	0	0	0	0	0	0	0	0	NaN	NaN	NaN	NaN	0	4	0	0	0	0	0	0	4	0	0	0	18000	18000	18000	18000	93	NaN	0.6355399564936005	0.5664170549785325	0.17700180139363308	0.2672852242150844	4.533026538093775	0.055788839727235195	6.598022862569424e-7	NaN	-0.026162590748767516	0.20121132010807483	0.0349118988654472	0.00010107942518397089	NaN	16.884168007941025	852.4157988822058	92.78832128842672	93.18111161571079	92.39553062354193	0.785578330897614	0.00028779554365125176	61.14380114640115	251
DATA	2026-09-20T103000_AIU-1657.ghg	2026-09-20	11:00:00	263.458	1	18000	18000	0.24481157618137753	1	NaN	-11.728830093401786	2	NaN	56.58675265007924	1	NaN	4.274346097543278	1	NaN	1.2885959705846233	1	NaN	0.09031697610925164	1	NaN	NaN	NaN	NaN	NaN	NaN	NaN	NaN	NaN	NaN	5.98506347025378e-10	2.966209422014069e-11	2.9668942894842574e-12	NaN	16.65169054581571	432.25803712774064	441.72093403116827	0	0	825.2611126840198	21.42279474298114	21.8917778054666	0.2	0	0.08254516570489234	2.061652304571628	2.1067855387354384	0.3	0	NaN	NaN	NaN	NaN	9	306.1888979237874	299.81820012240934	97393.29740364583	1.1225256841878681	1017.5340040700474	0.02559404581494742	0.08350101889388359	0.015083147489616432	2086.996284156889	3486.410349609706	0.01343679499015551	59.860890568734185	1399.4140654528169	291.3391803193456	-0.8132624319334466	0.21010824788568747	0.44480673862210984	0.9504705643772561	-6.26017594689907e-15	3.5942677734650346e-14	0.9504705643772561	4.390069013976582	355.48575413520336	165.5142458647966	27.903630458091158	NaN	0.46700102270267196	1.1713118992023739	744.9546454292566	0.002688888528033511	-0.2072716588974533	-0.021988299570195578	0	20.165442550104206	-3.0601837057535834	6.922143874663438	17.237116993303683	26.28769101151937	36.86886041962504	55.2362712945942	0.24216090877785848	1.0109458930299546	-8.201411289099877	1.0207307186848866	51.307908653751994	1.1028855810894802	3.875602483913957	1.1028855810894802	1.1683859075496208	1.1028855810894802	0.06712469176033972	1.3781044831237432	NaN	NaN	800000009	800000009	800000009	800000009	800000019	800010119	899999999	899999999	89999	89999	89	89	13	1	1	25	25	2	4	NaN	0	0	0	0	0	0	0	0	0	NaN	NaN	NaN	NaN	0	0	0	0	0	0	0	0	0	0	0	0	18000	18000	18000	18000	93	NaN	0.7543516341802012	1.4187319076467122	0.1695402565778347	0.07817382845625216	3.6154512759196864	0.32466301217193105	5.580678947075853e-7	NaN	-0.007180312955803427	0.1013644396021097	0.03055854754179144	0.00006712469176033973	NaN	16.652888102626534	825.3190464325389	92.74225994025336	93.17226164245605	92.31226048639085	0.8599984562032751	0.0002885866308335809	61.81040993621609	086
DATA	2026-09-20T110000_AIU-1657.ghg	2026-09-20	11:30:00	263.479	1	18000	18000	0.6394541588900251	1	NaN	-45.54446068239523	2	NaN	130.20086626201993	1	NaN	3.212782259419941	2	NaN	2.96660195707564	1	NaN	0.15300328209231467	1	NaN	NaN	NaN	NaN	NaN	NaN	NaN	NaN	NaN	NaN	-1.3615382472801204e-9	-6.544668179342825e-11	-6.757702222383068e-12	NaN	16.510170503079976	429.21184861572505	438.2536514428891	0.1	0	793.6140445770475	20.631437518877995	21.066060632588133	0.3	0	0.08194467994084383	2.0513084145987093	2.094521402036784	0	0	NaN	NaN	NaN	NaN	9	306.8295416531034	300.3943342352974	97386.29659288193	1.1206301975179904	1017.1001738113649	0.02564507104395636	0.19223580681850144	0.014497074694117307	2009.758245157071	3606.351345071083	0.012936537607344437	55.728298572568995	1596.5930999140119	290.7400103281174	-0.5457876135394373	-1.0863550561784114	0.43058623636613647	1.2897503379049964	8.852793153621865e-14	-8.246663758112765e-14	1.2897503379049964	5.424568607242762	277.67507274909053	243.32492725090947	19.502767649137308	NaN	0.7553940288582226	1.509731263731763	811.782372109701	0.0024675332562275804	-0.3498015181461256	-0.052897599781799476	0	22.695785045234125	-3.444172941513373	7.790728571475542	19.40001570050101	29.58624801070353	41.49513351206995	62.167271404409014	0.6326868876259257	1.010696082685533	-37.14290338320335	1.021672910074297	117.53211764716114	1.1077896737374475	2.9001735036766454	1.1077896737374475	2.6779469310875172	1.1077896737374475	0.1180514943317541	1.3786281136458842	NaN	NaN	800000009	800000009	800000009	800000009	800001019	800001119	899999999	899999999	89999	89999	89	89	7	0	0	44	30	13	7	NaN	0	0	0	0	0	0	0	0	0	NaN	NaN	NaN	NaN	0	0	0	0	0	0	0	0	0	0	0	0	18000	18000	18000	18000	93	NaN	1.7358895959162517	0.9534766457998652	0.33009628574740896	0.08448873520127884	1.2033598519094812	0.17777396168602788	0.0000012624359630936527	NaN	-0.03258740656115738	0.07594237620899708	0.07012327126310168	0.0001180514943317541	NaN	16.511304930475017	793.6563199409908	92.75527158080207	93.1908191672431	92.31972681448195	0.8710898385395605	0.00028895832717050024	61.43227285152002	054
DATA	2026-09-20T113000_AIU-1657.ghg	2026-09-20	12:00:00	263.499	1	18000	18000	0.5535140301722794	1	NaN	-23.494803615934448	2	NaN	184.7591158708627	1	NaN	0.9671978061006993	1	NaN	4.212108117845699	1	NaN	0.1787401198801916	1	NaN	NaN	NaN	NaN	NaN	NaN	NaN	NaN	NaN	NaN	-2.694232387403092e-9	-1.276074604641523e-10	-1.336604318437981e-11	NaN	16.36543288125634	426.2970100532879	435.08165208291115	0.2	0	775.1192284443474	20.190789447377593	20.606858182104432	0.2	0	0.08118864714293669	2.037414372140744	2.07939908116563	0	1	NaN	NaN	NaN	NaN	9	307.29069200473367	300.98154887996213	97372.84605197072	1.1184771718422477	1016.8662627917498	0.02569875174494153	0.2729446060364013	0.01415780951879536	1966.5620005052413	3732.2814017652863	0.012658112186121761	52.690614367263436	1765.719401260045	290.39605213832203	-1.653074562220588	0.7092030158045497	0.8579362080706275	1.9929071636694273	-1.1115892049353266e-13	-1.6462946058022398e-13	1.9929071636694273	7.30089756613018	4.220328421250315	156.77967157874966	25.498966674913007	NaN	0.7034783795531182	1.8527897306084844	1270.764831483598	0.0015762948032339013	-0.12716451637685974	-0.029365006510985354	0	21.759469804633003	-3.3020834914248356	7.4693218484950155	18.599667515493216	28.36566652963053	39.783250629821374	59.60255890089693	0.5473201607620336	1.0113167207318328	-12.209893035764773	1.0246829970745	164.93113359342854	1.1202197659437187	0.8634000537259691	1.1202197659437187	3.760073019509032	1.1202197659437187	0.1290071084306294	1.380151422549216	NaN	NaN	800000009	800000009	800000009	800000019	800000019	800000019	899999999	899999999	89999	89999	89	89	24	8	0	3	0	3	4	NaN	0	0	0	0	0	0	0	0	0	NaN	NaN	NaN	NaN	0	4	0	0	0	0	0	0	0	0	0	0	18000	18000	18000	18000	93	NaN	1.7115157225869801	1.6759830500660096	0.31808068856397914	0.071045216414036	1.2032028437776996	0.27901193549480724	0.0000020194735952425262	NaN	-0.010735465882405648	0.022645660039134135	0.09862095207738694	0.0001290071084306294	NaN	16.36660978138279	775.1632692922234	92.74448506588406	93.1890524881151	92.29992519802518	0.8891264037672021	0.000289791449621488	61.89787594441483	067
DATA	2026-09-20T120000_AIU-1657.ghg	2026-09-20	12:30:00	263.52	1	18000	18000	0.1483737187652217	0	NaN	-15.297925243646057	0	NaN	206.90944341726646	0	NaN	-0.05200856841020404	2	NaN	4.718778624069413	0	NaN	0.1838654551023001	0	NaN	NaN	NaN	NaN	NaN	NaN	NaN	NaN	NaN	NaN	-2.741816293995835e-10	-1.3064636736297355e-11	-1.364428285035885e-12	NaN	16.26580779242856	424.1089402360491	432.8563651095443	0.1	1	775.0587466267234	20.208608625361258	20.625419658983486	0.2	0	0.08094462156179873	2.0347067918681216	2.0766734733333854	0.1	0	NaN	NaN	NaN	NaN	9	307.7588576541477	301.3495990193685	97354.50475868056	1.1168931273674216	1016.8859122042286	0.025735024511268294	0.30577685483969796	0.014150331720453942	1967.926818561854	3813.14780439913	0.012669369498053095	51.60898343073688	1845.2209858372762	290.40702072626357	-1.8301677885950802	-0.34604511766191076	1.1090790606285286	2.1677909771455446	3.5022113077208554e-13	-1.6856318044481633e-14	2.1677909771455446	6.580131823488945	330.2930079071008	190.7069920928992	30.771608034945626	NaN	0.3644791432925299	1.4899431079046856	271.4046490942354	0.007380492584356932	-0.07393536510943732	-0.03695523798760408	0	15.610796398777547	-2.368998580352451	5.358681239051589	13.343873967347266	20.350249748061337	28.541514625114953	42.76038985333822	0.14666522713826297	1.011648920881213	-2.860981552974922	1.0256921396422605	184.04784688019365	1.124215506590276	-0.046262098419141216	1.124215506590276	4.197396848208737	1.124215506590276	0.12951125621671059	1.3825963580073777	NaN	NaN	800000009	800000009	800000009	800000009	800001019	800001119	899999999	899999999	89999	89999	89	89	21	7	0	2	12	6	1	NaN	0	0	0	0	0	0	0	0	0	NaN	NaN	NaN	NaN	0	0	0	0	0	0	0	0	0	0	0	0	18000	18000	18000	18000	93	NaN	1.0108940395618247	1.7731350938367987	0.19585708241074817	0.03506939769306585	0.2001693517442415	0.39965595960941336	6.399591982180767e-7	NaN	-0.0025190176371854534	-0.0012151186814755373	0.1102486808448508	0.0001295112562167106	NaN	16.266960072403478	775.0960548740853	92.7535427125295	93.19870989820693	92.30837665473089	0.8903310479985356	0.0002902410755066537	61.70021784038887	083
DATA	2026-09-20T123000_AIU-1657.ghg	2026-09-20	13:00:00	263.541	1	18000	18000	0.32258622303880663	1	NaN	14.564720989228531	1	NaN	70.04911655126672	1	NaN	0.8394096428050217	2	NaN	1.5983381820908757	1	NaN	0.06654833091857924	1	NaN	NaN	NaN	NaN	NaN	NaN	NaN	NaN	NaN	NaN	-3.771485009277319e-10	-1.784519371780173e-11	-1.882646972317968e-12	NaN	16.199603830496546	423.89868779534885	432.57494288627964	0.2	0	766.5019688418369	20.05722992885356	20.46775642560978	0.2	0	0.08086505721012754	2.0373678305760112	2.079068179081614	0	0	NaN	NaN	NaN	NaN	9	307.53702228037514	301.8618181118435	97298.93533355035	1.114425752556885	1016.8140352597713	0.025793490413625175	0.10357231419948874	0.014012500197326123	1952.0705996732038	3928.2265037844154	0.012573740480401241	49.693432845397226	1976.1559041112116	290.2791756929363	-0.7652056185036659	0.5137933200546174	0.5062462730737032	1.0515742975764542	7.712767375007755e-14	-2.328134100524924e-14	1.0515742975764542	4.492756309615542	14.879180008001583	146.12081999199842	28.77802238930366	NaN	0.5380186595906526	0.6136279535227825	-916.5136190054706	-0.0021855649042876292	0.20792155142412216	0.02388978051240375	0	22.305709862053074	-3.38497752754596	7.656828383904356	19.066585300847255	29.077745613037465	40.781951669116175	61.09879504491718	0.3184258360197299	1.0130654819693052	18.572290750002846	1.0214899491039273	63.97200549341046	1.0949964130557428	0.766586659825241	1.0949964130557428	1.4596743542113406	1.0949964130557428	0.044835988889940094	1.3062637237479622	NaN	NaN	800000009	800000009	800000009	800000009	800000119	800110119	899999999	899999999	89999	89999	89	89	11	15	0	18	51	28	3	NaN	0	0	0	0	0	0	0	0	0	NaN	NaN	NaN	NaN	0	0	0	0	0	0	0	0	0	0	0	0	18000	18000	18000	18000	93	NaN	0.34156895433801016	0.7108186396215972	0.17486831308595793	0.05003285242717173	0.07335912097470133	0.12503545459847018	5.5831933769596e-7	NaN	0.016389767858447892	0.020177764278181732	0.03842092040696088	0.000044835988889940095	NaN	16.200759110407564	766.5360434979698	92.67501403278773	93.15786327785915	92.19217020458646	0.9656864490045388	0.00029061239543403235	61.90856407896682	202
DATA	2026-09-20T130000_AIU-1657.ghg	2026-09-20	13:30:00	263.562	1	18000	18000	0.6731365730905293	1	NaN	-63.16828679552304	2	NaN	74.0433697700629	1	NaN	2.738537935849914	1	NaN	1.6903013469849035	1	NaN	0.03460364008172143	1	NaN	NaN	NaN	NaN	NaN	NaN	NaN	NaN	NaN	NaN	-1.5434559603264642e-9	-7.333112398370759e-11	-7.708126081566289e-12	NaN	16.1490253725861	423.48487085437495	432.1804214783581	0.1	0	767.2562173802934	20.12018636623623	20.533320603496254	0.2	0	0.08064935240522027	2.0366363318616614	2.0784552386165056	0	0	NaN	NaN	NaN	NaN	9	308.21616907585997	302.36251413302955	97262.55941167535	1.1121376990929677	1016.8629862324896	0.02584593658348916	0.10953152728462175	0.014027959999071547	1957.4657504795634	4043.625096107662	0.012613510009158406	48.40868537401732	2086.159345628099	290.3227775054845	-0.7881125479490253	-0.3806910963092444	0.5823944849324422	1.0512994031783875	-4.64562021670375e-13	-9.557579635403691e-14	1.0512994031783875	6.982905554225756	315.21752771451656	205.7824722854835	33.64020310270516	NaN	0.7779869503981791	1.7548567301663458	638.7949233933211	0.0031357481511584333	-0.853125499172826	-0.07179691506132561	0	24.04392886468231	-3.6487589672867777	8.25350271882052	20.55238876059572	31.343689637719063	43.95997038243947	65.8600461883071	0.6659196983871267	1.0108374549076744	-57.831181406635295	1.0210418148605656	67.02797697787705	1.1046636510378542	2.4790694735696257	1.1046636510378542	1.5301502365872457	1.1046636510378542	0.03693925016721652	1.3798454900395438	NaN	NaN	800000009	800000009	800000009	800000009	810001119	810101119	899999999	899999999	89999	89999	89	89	17	6	0	2	53	24	3	NaN	0	0	0	0	0	0	0	0	0	NaN	NaN	NaN	NaN	0	0	0	0	0	0	0	0	0	0	0	0	18000	18000	18000	18000	93	NaN	0.9608518628843673	2.245760432759061	0.30310116468926357	0.11970834331836226	0.1778350656216825	0.12439653209877817	7.061453893628814e-7	NaN	-0.051137684855254495	0.06538988192163228	0.04036044344845488	0.00003693925016721652	NaN	16.15011120568421	767.3030433947276	92.63989676729838	93.14086742273966	92.13892582299974	1.0019386145803653	0.00029158412382659867	61.675475910716614	228
DATA	2026-09-20T133000_AIU-1657.ghg	2026-09-20	14:00:00	263.583	1	18000	18000	0.6993847445925209	1	NaN	-24.361915853291517	1	NaN	110.77878041886945	1	NaN	1.9566403040045155	1	NaN	2.5304206708871755	1	NaN	0.24115857509357683	1	NaN	NaN	NaN	NaN	NaN	NaN	NaN	NaN	NaN	NaN	-6.622282860771718e-10	-3.130193884213131e-11	-3.3173030104573725e-12	NaN	16.082080340513322	422.53615144626326	431.14713760275095	0.1	0	760.1612704509683	19.972267946312353	20.379288557946886	0.1	0	0.08056003443166908	2.039905421245188	2.081477242455664	0	0	NaN	NaN	NaN	NaN	9	308.6170964541965	302.9721024688061	97230.70797606892	1.10959911285595	1016.796387685055	0.02590652801320366	0.16397125947348895	0.01389226199572551	1942.4386511878658	4188.09201431428	0.012520073091955533	46.38003760540354	2245.6533631264147	290.201069867837	-1.1313555102938708	-1.3523524121930823	0.7884454264768778	1.931442085067291	3.6140980953215095e-13	-4.117802374167435e-14	1.931442085067291	7.362270600815398	290.9152913048407	230.0847086951593	24.092811466801646	NaN	0.7939168639150557	1.8330885952369347	1759.7530572316316	0.0011382847108964205	-0.21991500322693427	-0.02719795909224412	0	23.017711777696828	-3.4930265651658705	7.901235601195829	19.675193829468128	30.00591202007504	42.083718252277	63.04907859942146	0.6916244304699466	1.0112204164293348	-17.371729090686358	1.024364407097078	99.00184767209845	1.11895669650305	1.7486291561768068	1.11895669650305	2.2614107219655737	1.11895669650305	0.17909389113240146	1.379684103393669	NaN	NaN	800000009	800000009	800000009	800000019	800001019	800001119	899999999	899999999	89999	89999	89	89	0	0	0	1	11	26	5	NaN	0	0	0	0	0	0	0	0	0	NaN	NaN	NaN	NaN	0	3	0	0	0	0	0	0	0	0	0	0	18000	18000	18000	18000	93	NaN	1.677910568222579	1.636259661505693	0.3520069607455977	0.04289449847375979	0.5041765197782002	0.3093385294684363	0.0000013115614043969019	NaN	-0.015397242596280026	0.04622436322728925	0.05977955374298567	0.00017909389113240145	NaN	16.083187856228037	760.1941861726422	92.62541888491313	93.13343690151639	92.11739912880793	1.016032683293027	0.000291578459614862	61.297089125103426	134
DATA	2026-09-20T140000_AIU-1657.ghg	2026-09-20	14:30:00	263.604	1	18000	18000	0.0709041706494093	1	NaN	-11.240210293184385	1	NaN	80.93440403005572	0	NaN	0.24788300196044244	1	NaN	1.8491610537834446	0	NaN	0.3047199355597566	0	NaN	NaN	NaN	NaN	NaN	NaN	NaN	NaN	NaN	NaN	-1.3475817577086165e-10	-6.4151515139240846e-12	-6.849328933527322e-13	NaN	16.067002226542506	423.0846585444927	431.7811229541982	0.1	0	764.8682765866945	20.14090924171318	20.55490369143452	0.1	0	0.08166345573898819	2.0703735056145494	2.112929833627754	0.2	0	NaN	NaN	NaN	NaN	9	308.83716998884415	303.22089522976347	97193.77322309028	1.1081963222212352	1016.89821146186	0.02593765463918985	0.11982563628516721	0.01399275284534959	1958.0960630347759	4248.330713636979	0.01262660104962534	46.090951835490635	2290.2346506022036	290.3278645991168	-0.43918543780790026	0.027842413109830846	0.2460363091693934	0.5041754795505189	4.76462081258656e-14	-8.387263154058861e-15	0.5041754795505189	3.533969536396073	344.62744448661687	176.37255551338313	29.209039440865737	NaN	0.25294583836888856	0.4000951099946281	123.3229866516193	0.016242713985338744	-0.1388804974582902	-0.03943235454505096	0	17.775020419322054	-2.6974279250997886	6.101589311115409	15.19382010907729	23.17153433878747	32.498406378519235	48.68853474001991	0.06997399037487725	1.0132932289490526	-6.203492891107324	1.0214841374681591	73.399808658749	1.1026514306915516	0.22480631236743354	1.1026514306915516	1.6770132449052404	1.1026514306915516	0.22235903077911354	1.39344996996696	NaN	NaN	800000009	800000009	800000009	800000009	800000019	800000119	899999999	899999999	89999	89999	89	89	15	5	0	15	14	8	1	NaN	0	0	0	0	0	0	0	0	0	NaN	NaN	NaN	NaN	0	0	0	0	0	0	0	0	0	0	0	0	18000	18000	18000	18000	93	NaN	0.13989249781567184	0.5921131103051116	0.06818461186847279	0.07570448621128961	0.15172238597492982	0.3134192117849853	0.000009690738122102345	NaN	-0.005504807047779868	0.005950835886295362	0.04439212802558489	0.00022235903077911354	NaN	16.06810372166782	764.9024532870642	92.59123260688781	93.12442157999675	92.05804940562778	1.0663707297874818	0.00029289320260027636	60.961529792891746	044
DATA	2026-09-20T143000_AIU-1657.ghg	2026-09-20	15:00:00	263.624	1	18000	18000	0.5157824993675588	1	NaN	-31.78022684080217	1	NaN	155.0537118826286	1	NaN	2.54932555910483	1	NaN	3.5432157144526024	1	NaN	0.21831630277499195	1	NaN	NaN	NaN	NaN	NaN	NaN	NaN	NaN	NaN	NaN	4.807902574488728e-10	2.288224911252084e-11	2.4059884985572503e-12	NaN	16.047316236496705	422.30345916263786	430.96529580148103	0.1	1	763.7398678985625	20.09868711756569	20.510929879708275	0.1	0	0.08030457709893972	2.0375315802677667	2.0793232476383303	0.1	0	NaN	NaN	NaN	NaN	9	309.3248744633992	303.39517623053655	97168.5598107639	1.1072902321635478	1016.8792743792688	0.025959296917574134	0.22960037829652863	0.013951778016717176	1953.4843422763342	4290.975626955428	0.01259992873725313	45.525412216391175	2337.491284679094	290.2906113053744	-1.035080398173301	-2.0369267895724286	0.8038480262556876	2.422113503962265	-6.215210455897652e-14	2.996078910412464e-14	2.422113503962265	7.02447158575983	277.9377593535121	243.06224064648785	19.382848307336545	NaN	0.6824998601753076	1.5179930287761787	856.6531387880666	0.0023382859518075736	-0.20496269618400967	-0.041354574946388875	0	21.74030493805569	-3.2991751489831995	7.462743169973218	18.583285675792283	28.340683190454627	39.74821114139735	59.55006336220696	0.5095856264342588	1.0121606117045758	-22.016165235996887	1.0271712493242737	137.22617283376667	1.1299135484194978	2.256212931220074	1.1299135484194978	3.135829037016847	1.1299135484194978	0.16105102396850332	1.3853796994503973	NaN	NaN	800000009	800000009	800000009	800000009	800001019	810101119	899999999	899999999	89999	89999	89	89	22	2	2	19	23	39	9	NaN	0	0	0	0	0	0	0	0	0	NaN	NaN	NaN	NaN	0	0	0	0	0	0	0	0	0	0	0	0	18000	18000	18000	18000	93	NaN	1.7471400140980187	0.9887932865378989	0.30005275691643973	0.022103531856764603	0.3233185714240635	0.28422335930318093	0.0000013996865910737049	NaN	-0.019552883441899746	0.0597713492815038	0.08307404414939648	0.00016105102396850332	NaN	16.04838331511725	763.7770881409106	92.61375942760044	93.13210779847039	92.09540906270345	1.0366923052337442	0.00029220840879133907	61.05948964680571	208
DATA	2026-09-20T150000_AIU-1657.ghg	2026-09-20	15:30:00	263.645	1	18000	18000	0.7245229699068721	0	NaN	-37.25417782381899	0	NaN	254.21980727119453	0	NaN	0.49114833763413124	0	NaN	5.80815106898763	0	NaN	0.27253904583006616	0	NaN	NaN	NaN	NaN	NaN	NaN	NaN	NaN	NaN	NaN	-1.8157115415652213e-11	-8.65263303864107e-13	-9.088238002384191e-14	NaN	16.041235106635135	421.5278142917816	430.16886678301796	0.1	1	764.4326628261092	20.087582246148393	20.49936492507464	0.2	0	0.08029169786277097	2.0353546394336073	2.0770781169393002	0.1	0	NaN	NaN	NaN	NaN	9	309.30424458906384	303.19010856628415	97143.95005013021	1.1077632217818483	1016.8672199747992	0.025948322683186052	0.37636818927039845	0.013949966735700819	1951.9105252765046	4240.835923610238	0.012592913775619087	46.02655137892806	2288.925398333733	290.27788041025536	-1.2263047116132477	-2.9145453500638703	0.9690002157957048	3.3071678611034967	4.6690899267954463e-14	-1.1319025807521446e-15	3.3071678611034967	7.646861949196849	273.81908713401117	247.1809128659889	17.037647882913156	NaN	0.8087282394061237	1.5850820976748077	1215.6408585717415	0.001647772848268234	-0.14654317546577827	-0.04089414996104688	0	21.21565674762021	-3.219557761978942	7.282648423787871	18.134824293584	27.656751286374025	38.78898692132316	58.11297068699749	0.7143736793029734	1.0142072572071827	-21.61885037816548	1.032625605004523	221.03648479162786	1.150125996216637	0.4270387238004999	1.150125996216637	5.050012857803112	1.150125996216637	0.19630165477820635	1.3944232535079908	NaN	NaN	800000009	800000009	800000009	800000009	800001019	800101119	899999999	899999999	89999	89999	89	89	14	2	2	24	16	32	5	NaN	0	0	0	0	0	0	0	0	0	NaN	NaN	NaN	NaN	0	0	0	0	0	0	0	0	0	0	0	0	18000	18000	18000	18000	93	NaN	1.6336967796071176	1.0886297863464933	0.44783762939600463	0.00812771024078645	0.09242105662675398	0.26842801321939797	0.00000138693733060047	NaN	-0.01919205175092672	0.011308152988101047	0.13372632224002567	0.00019630165477820636	NaN	16.042348190800165	764.4698940870134	92.65449521530999	93.15045829179552	92.15852828407287	0.9919281369249021	0.00029279838316950994	61.56546013090345	199
DATA	2026-09-20T153000_AIU-1657.ghg	2026-09-20	16:00:00	263.666	1	18000	18000	0.3210722714250398	1	NaN	-24.610805491828376	1	NaN	202.89171784613006	1	NaN	0.26880408849020365	1	NaN	4.634073591113798	1	NaN	0.27646152310681454	1	NaN	NaN	NaN	NaN	NaN	NaN	NaN	NaN	NaN	NaN	-4.539247261803333e-10	-2.2244356325409253e-11	-2.2871676689824276e-12	NaN	16.05087854455124	421.3641360003655	430.2482199455619	0.1	0	786.5653512318694	20.648740734640395	21.084100867067477	0.1	0	0.08087475378302458	2.0478042191260992	2.090980329838161	0.1	0	NaN	NaN	NaN	NaN	9	309.2553619647556	302.88349112786193	97130.35204492188	1.1084923595335328	1017.1749333699248	0.025925710060974685	0.30028796870417407	0.014352174483878816	2006.1574430280107	4166.817167674836	0.012947472628425142	48.14603958607296	2160.6597246468255	290.71158738183135	-1.0847126678819137	-0.8839019811599619	0.7817005795261541	1.6027913401917007	9.707645178523178e-14	-2.8280366393677953e-14	1.6027913401917007	4.652517928429175	301.8243729596535	219.1756270403465	29.19030897580699	NaN	0.5381892865302099	0.7289911126826092	542.309095997455	0.003693650013956986	-0.12130019772661607	-0.04055668285204755	0	23.705572668702366	-3.5974121091602624	8.137355985931443	20.263166973321564	30.902608163327724	43.34134734301427	64.93323614737108	0.31762327764179554	1.010858756350767	-12.10440324732416	1.0229032856900333	182.27194587232825	1.1131264159995573	0.2414856790985639	1.1131264159995573	4.163115280084809	1.1131264159995573	0.2009202525576997	1.379492133024879	NaN	NaN	800000009	800000009	800000009	800000009	800001019	800001019	899999999	899999999	89999	89999	89	89	8	0	0	28	53	6	1	NaN	0	0	0	0	0	0	0	0	0	NaN	NaN	NaN	NaN	0	0	0	0	0	0	0	0	0	0	0	0	18000	18000	18000	18000	93	NaN	0.4383676841551964	0.869334766716747	0.15027977449327493	0.00867630826670922	0.1516514188350444	0.6026683658051918	0.0000028991465637729366	NaN	-0.010735320883514674	0.006392724825765442	0.1102079862576823	0.0002009202525576997	NaN	16.051967165525497	786.5973713101922	92.65336839569939	93.14209306165907	92.16464079009162	0.9774494522561626	0.000291974285573815	61.226196240637016	098
DATA	2026-09-20T160000_AIU-1657.ghg	2026-09-20	16:30:00	263.687	1	18000	18000	0.09862343941344856	1	NaN	-54.777672037218665	1	NaN	383.64008641835426	1	NaN	2.517956583037628	1	NaN	8.760372566745515	1	NaN	0.9537846848918544	1	NaN	NaN	NaN	NaN	NaN	NaN	NaN	NaN	NaN	NaN	-1.375069363057701e-10	-7.014888778214295e-12	-7.138386211801593e-13	NaN	16.02429886872607	420.6494370384782	429.87425775939647	0.1	1	817.4763930673191	21.45934666802375	21.929949047036196	0.4	0	0.08318681018675425	2.104844625408413	2.1510037607955472	0	1	NaN	NaN	NaN	NaN	9	308.9103642010159	302.6473833380805	97112.65453710938	1.108812364517908	1017.6262076628367	0.025910221042421296	0.5676721423251093	0.014924513108177974	2084.5331235607528	4110.58777799884	0.013459908624546128	50.711315172925644	2026.0546544380868	291.32037509631317	-0.34660409371323614	-0.34016009888475274	0.2558735210515799	0.5489212597698752	-8.128906566426431e-14	-8.581151501994039e-15	0.5489212597698752	1.874542855741104	296.53759773130423	224.46240226869583	27.783950954137218	NaN	0.2982366703089633	0.17868502636693126	41.46188769422671	0.04831183796484303	-0.1427840154782062	-0.1627781791785707	0	20.355881305092012	-3.089083521540402	6.987515336661456	17.3999011767714	26.535947162372455	37.21704320106845	55.757912548406246	0.09732916281985128	1.0132979320493374	-30.982730540281224	1.022898701232709	345.3308975024586	1.1109347272223822	2.2665207246992414	1.1109347272223822	7.885587111538643	1.1109347272223822	0.6790551203651755	1.4255138544891708	NaN	NaN	800000009	800000009	800000009	800000009	800000019	800000119	899999999	899999999	89999	89999	89	89	3	4	0	5	22	10	1	NaN	0	0	0	0	0	0	0	0	0	NaN	NaN	NaN	NaN	0	0	0	0	0	0	0	0	0	0	0	0	18000	18000	18000	18000	93	NaN	0.10303982189904295	0.18679134751464707	0.0675388833201725	0.031886862683625096	0.39370355087874753	1.38447808291234	0.000028909024296324335	NaN	-0.027458281092494412	0.06001426535616038	0.20879920145614225	0.0006790551203651754	NaN	16.025362480109955	817.4805270769683	92.61672142622206	93.11180573103164	92.1216355342865	0.9901664977818742	0.0002916404708634623	60.77236241700377	246
DATA	2026-09-20T163000_AIU-1657.ghg	2026-09-20	17:00:00	263.708	1	18000	18000	0.0791185796738387	1	NaN	-22.240414924577223	1	NaN	206.578362257519	0	NaN	0.2091846838951344	2	NaN	4.71732823711681	0	NaN	0.3238550860105796	0	NaN	NaN	NaN	NaN	NaN	NaN	NaN	NaN	NaN	NaN	-3.2479659272224335e-10	-1.6577354025773142e-11	-1.6554800152646225e-12	NaN	16.021985209741555	420.7759112175371	430.0108502130123	0.1	0	817.7490988790087	21.476060408477004	21.947404186597637	0.2	0	0.08166365323381064	2.066650051355635	2.11200765534499	0.2	0	NaN	NaN	NaN	NaN	9	308.9029345643786	302.6772970665826	97082.4763187934	1.1083511833761956	1017.6363852749274	0.025920837037038236	0.3056828697651693	0.01493001999273989	2085.508391559001	4117.675067613752	0.013470477784181112	50.64771642526863	2032.1666760547505	291.3278231978718	-1.39624625693803	-0.3658385290796515	0.9361572678431268	1.7203871278023584	-1.44616275474001e-14	-2.0271931878002435e-14	1.7203871278023584	3.848146990360629	326.3176553499484	194.68234465005168	32.96693859609848	NaN	0.26717790890471366	0.5352708877955443	73.4063231389826	0.027287839989035615	-0.10766091221525173	-0.0738027123274179	0	15.548447411449747	-2.3595368809815245	5.337278849312299	13.290578990739983	20.268971546024265	28.42752079109013	42.58960631757278	0.07821991583334548	1.0114889389859216	-9.614028380016661	1.0245703104719477	184.3104667379741	1.1208173139249988	0.18663584269820827	1.1208173139249988	4.208828841693355	1.1208173139249988	0.2322232877174075	1.3982757374211514	NaN	NaN	800000009	800000009	800000009	800000009	800000019	800001019	899999999	899999999	89999	89999	89	89	24	5	3	18	12	5	2	NaN	0	0	0	0	0	0	0	0	0	NaN	NaN	NaN	NaN	0	0	0	0	0	0	0	0	0	0	0	0	18000	18000	18000	18000	93	NaN	0.1644744569421311	0.7997656488216339	0.1063016698273237	0.023300848080752147	0.06376280470994707	0.8746285878864842	0.0000053132133288008174	NaN	-0.008523841861079165	0.0049439625837699695	0.11149140494128468	0.0002322232877174075	NaN	16.023105978084885	817.7716289375714	92.61155188963149	93.10321037313673	92.11989139175415	0.9833170922481347	0.00029160020733090476	61.657359160847136	013
DATA	2026-09-20T170000_AIU-1657.ghg	2026-09-20	17:30:00	263.729	1	18000	18000	0.12811146750916555	1	NaN	-11.977203950370656	1	NaN	100.07325794603437	1	NaN	-1.5927968994498365	1	NaN	2.285504773322907	1	NaN	0.142646041637794	1	NaN	NaN	NaN	NaN	NaN	NaN	NaN	NaN	NaN	NaN	5.941286368898256e-10	2.918575955203594e-11	2.9996435477122793e-12	NaN	16.03877362102197	421.82178839760047	430.7474882112185	0.1	1	787.8828949621704	20.721420456063825	21.159883294612737	0.2	0	0.08097674614266745	2.0498126431670936	2.0931864394723307	0.1	0	NaN	NaN	NaN	NaN	9	308.7726265708076	302.80201780123656	97064.68315569429	1.108010281880379	1017.2135566540902	0.025936271506304218	0.14810070931132438	0.014396826580308223	2011.8576258955086	4147.339081231549	0.012993405219918805	48.50960064972766	2135.4814553360407	290.75656118609436	-1.2653195297012991	0.4853869226446165	0.6910589150408387	1.5212483035241866	-3.0967142001572764e-14	3.704327094629624e-14	1.5212483035241866	3.6816194324754887	1.9872221949708546	159.01277780502917	27.018035803707356	NaN	0.3400338147967028	0.5510695707139877	280.91387735908296	0.007130655198780027	-0.11968436119896783	-0.03125197060325818	0	20.323989270054803	-3.084243782183247	6.97656783305796	17.372640344894045	26.494372673704348	37.158734389577546	55.67055532353627	0.12673449201147596	1.0108650413619436	-5.819644585692593	1.022727818018149	89.95216072820861	1.1125164435839046	-1.4317063883736743	1.1125164435839046	2.05435594817843	1.1125164435839046	0.10360284635843053	1.3820995993354195	NaN	NaN	800000009	800000009	800000009	800000019	800000019	800000119	899999999	899999999	89999	89999	89	89	29	19	2	9	0	7	1	NaN	0	0	0	0	0	0	0	0	0	NaN	NaN	NaN	NaN	0	5	0	0	0	0	0	0	0	0	0	0	18000	18000	18000	18000	93	NaN	0.4970070715399299	0.5169909854344783	0.08814108445356703	0.019635675475911028	0.328120802361894	1.1098215657439354	0.0000014823981300758374	NaN	-0.005163456617188409	-0.03791907343578685	0.05441009043111971	0.00010360284635843054	NaN	16.03989937795692	787.8917302745169	92.60343735610114	93.10326250394185	92.10361020448472	0.9996501369145179	0.0002923322950664443	62.10731034305364	004
DATA	2026-09-20T173000_AIU-1657.ghg	2026-09-20	18:00:00	263.749	1	18000	18000	0.022064489528824338	0	NaN	1.9711421498648267	2	NaN	40.45629843479782	1	NaN	0.5446911179858007	0	NaN	0.9240114761403703	1	NaN	0.11962723390409992	0	NaN	NaN	NaN	NaN	NaN	NaN	NaN	NaN	NaN	NaN	-1.9038682120450644e-10	-8.766542178262519e-12	-9.610690712644353e-13	NaN	16.092346277498592	423.08352847743254	431.4894976143016	0.1	1	740.9873829310935	19.48128328347631	19.86834412372417	0.1	0	0.08123385953678179	2.0558702801912854	2.096717018391863	-0.1	0	NaN	NaN	NaN	NaN	9	308.92363927205406	302.8660554623073	97063.49308875868	1.1082859916731564	1016.5168234833966	0.025942074666641543	0.05987594365389599	0.013532176408178408	1891.4286249957884	4162.64209153794	0.012210004015073005	45.43817564428116	2271.2134665421518	289.78167096736325	-0.4135980180312978	-0.08760671136311375	0.24874243368097562	0.49052120719575554	2.7763201261971e-14	-1.1830892644332305e-14	0.49052120719575554	2.2876515059723217	329.04059853605736	191.9594014639426	30.470736559200407	NaN	0.14109805273387183	0.2526691882442352	-121.9301970053526	-0.016428251976924685	0.048722750872565765	0.012400251968968903	1	3.0135809371410103	1	3	5	8	16	50	0.0216463674465712	1.0193160392054312	4.389145927011077	1.0242304852891508	36.97666901798757	1.094103376783819	0.49784246127358833	1.094103376783819	0.8445376330494072	1.094103376783819	0.09062057591060671	1.315070431781253	NaN	NaN	800000009	800000009	800000009	800000009	800001019	800001119	899999999	899999999	89999	89999	89	89	8	2	1	34	19	17	1	NaN	0	0	0	0	0	0	0	0	0	NaN	NaN	NaN	NaN	0	0	0	0	0	0	0	0	0	0	0	0	18000	18000	18000	18000	93	NaN	0.2112786935703229	0.25013185155744905	0.04392783136069841	0.019395566419936946	0.43408553806522565	0.4084521552232363	0.0000033283196099797976	NaN	0.0038959520721902597	0.013171737482683597	0.022344474130061347	0.00009062057591060672	NaN	16.093466303217273	741.0293212565081	92.6199104001787	93.11226770867242	92.12755106014676	0.9847163196255764	0.00029293151985459385	61.43497936068935	031
DATA	2026-09-20T180000_AIU-1657.ghg	2026-09-20	18:30:00	263.77	0	18000	18000	0.04084758622883034	1	NaN	8.426341406427232	2	NaN	-60.78497495644347	1	NaN	0.5150858640518606	1	NaN	-1.3873555046371813	1	NaN	-0.015672169630245227	2	NaN	NaN	NaN	NaN	NaN	NaN	NaN	NaN	NaN	NaN	2.0692432586616605e-10	1.0534775739521018e-11	1.0872555629810461e-12	NaN	16.1573722189808	423.5376347704251	432.8715707323367	0.1	1	822.5919893875625	21.56282970055162	22.03803203219719	0.1	1	0.08489670199338643	2.143517902926752	2.19075681913304	0	1	NaN	NaN	NaN	NaN	9	308.5718574625651	302.15833819127346	97084.74306271538	1.1102439799559498	1017.6716857808354	0.025875790000282926	-0.08990063670048934	0.015016438062654697	2093.9833194152534	3996.2161779814605	0.013525349683274564	52.399150249998506	1902.2328585662071	291.39241774287325	-0.13849940557604323	-0.10958268079003651	0.11682246672965935	0.2117497060372048	5.128244751005119e-15	1.280680565265945e-14	0.2117497060372048	1.0835696916455877	302.6484585613591	218.35154143864082	33.4837683482124	NaN	0.1918112102765953	0.0909194021889361	-71.69115238467522	-0.027940686310242446	-0.13862539899811216	0.038881136162694604	1	0.2668768965086852	1	1	1	5	NaN	NaN	0.0394779056644438	1.0346948639076403	4.556907212275346	1.0341413353768145	-54.99830561366757	1.105215411242376	0.46605020054221924	1.105215411242376	-1.2552806362676854	1.105215411242376	-0.010896832162426873	1.3374145267054154	NaN	NaN	800000009	800000009	800000009	800000019	800001019	800001019	899999999	899999999	89999	89999	89	89	5	2	0	20	12	0	0	NaN	0	0	0	0	0	0	0	0	0	NaN	NaN	NaN	NaN	0	299	0	0	0	0	0	0	0	3000	0	0	18000	18000	18000	18000	93	NaN	0.04707876516247345	0.10790627076136902	0.026853768454029734	0.07607374802116793	2.3195621329402956	2.0531777987774564	0.00001769860482328052	NaN	0.004033147145131575	0.012325255799939521	-0.03319740003267844	-0.000010896832162426873	NaN	16.15851415799151	822.6185601009371	92.59404773288303	93.07804669825236	92.11005110253228	0.9679942616787213	0.00029156954030137654	57.22555105900773	222
DATA	2026-09-20T183000_AIU-1657.ghg	2026-09-20	19:00:00	263.791	0	18000	18000	0.017409526601662895	0	NaN	-36.41302018279006	1	NaN	155.08035773010616	1	NaN	12.575464792566978	1	NaN	3.5373074605225976	1	NaN	0.2315101338190002	0	NaN	NaN	NaN	NaN	NaN	NaN	NaN	NaN	NaN	NaN	1.2625460311002369e-10	6.4441500858845456e-12	6.332403846874117e-13	NaN	16.347384385111084	427.2593353303098	436.7846056534796	-0.1	0	834.3854076947921	21.807706132222567	22.29388461648454	0.3	0	0.08199165592116833	2.0642526542448962	2.110272864737904	0.2	0	NaN	NaN	NaN	NaN	9	308.2533204371134	301.50733047315805	97121.37560785591	1.1129571100094329	1017.7935220987156	0.02581030107805714	0.2292175234418643	0.015225505120895934	2118.562547995256	3848.2680123549153	0.013680226294404903	55.052364887102016	1729.7054643596593	291.5784683463648	-0.21688180063526782	-0.7937992745076037	0.27113278387482304	0.8664109822407153	-1.1888833200320488e-14	7.723229608830523e-15	0.8664109822407153	1.8125434991845133	266.2813896460698	254.7186103539302	18.23636805092614	NaN	0.12507032168216348	0.1324788179794324	4.600628662804218	0.43539701784561147	-0.2348009813477565	-0.2570184642924742	1	7.7908017177617115	3	7	15	30	67	314	0.017015337114083293	1.0231667162946385	-26.67468315656423	1.0475533834853374	125.76942646937394	1.2330529134429162	10.198641644221016	1.2330529134429162	2.8687393881952463	1.2330529134429162	0.12641633710879546	1.8876983806399938	NaN	NaN	800000009	800000009	800000009	800000009	800000019	800000119	899999999	899999999	89999	89999	89	89	5	0	0	5	10	1	2	NaN	0	0	0	0	0	0	0	0	0	NaN	NaN	NaN	NaN	0	0	0	0	0	0	0	0	0	0	0	0	18000	18000	18000	18000	93	NaN	0.18019587560212513	0.05316162880913546	0.0316001315476042	0.11515904046012547	17.755494761998683	1.2034156020744058	0.000003590311842257342	NaN	-0.02354838669485387	0.26910004017161065	0.07569418669030871	0.00012641633710879546	NaN	16.34847093339804	834.4217270820756	92.62686247316996	93.08155192841424	92.17217524316575	0.9093754597355961	0.00029072087115006686	59.437955860667756	049
DATA	2026-09-20T190000_AIU-1657.ghg	2026-09-20	19:30:00	263.812	0	18000	18000	0.046179911810775666	0	NaN	-1.9364266919454085	0	NaN	84.62183246930947	0	NaN	1.1111144939677702	0	NaN	1.9286598914276027	0	NaN	0.1918005588424609	0	NaN	NaN	NaN	NaN	NaN	NaN	NaN	NaN	NaN	NaN	-8.813223017005857e-10	-4.7084054290949873e-11	-4.400177697571181e-12	NaN	16.561891515721992	431.25103403448156	441.4210654838962	0.1	1	884.8079729542583	23.039297950735506	23.58262507632955	0.1	1	0.08268855279896391	2.0752139950622435	2.1241529886609487	0.6	0	NaN	NaN	NaN	NaN	9	307.85814163547093	300.6967438930935	97152.38470594618	1.1157894161890956	1018.4725990559439	0.02573269545872679	0.12497716096450866	0.016133877496493962	2238.923144244612	3670.733976952535	0.014459607935337966	60.9938818313219	1431.810832707923	292.46307769561275	0.014860814043515044	-0.31220289107058286	0.15594328435567012	0.34929900790359847	-5.507487296088872e-14	-5.3213867562407205e-14	0.34929900790359847	2.625752628283789	248.27478586434415	272.72521413565585	26.515916168166868	NaN	0.20343957074324068	0.2879338088972598	372.4783107826734	0.0053777627905124675	-0.02288329897190195	-0.008375949354878492	0	17.104469749383828	-2.5956692739356217	5.871410965114252	14.620643481837655	22.297403816974935	31.272425892704867	46.8517925693757	0.0450882328887302	1.0242120582711578	3.2039508026383787	1.02726985317319	77.12779749853351	1.0971638658671465	1.0127151727600852	1.0971638658671465	1.7578594697003453	1.0971638658671465	0.14475577218647406	1.3220941387884784	NaN	NaN	800000009	800000009	800000009	800000009	800000009	810000019	899999999	899999999	89999	89999	89	89	8	10	3	25	15	0	0	NaN	0	0	0	0	0	0	0	0	0	NaN	NaN	NaN	NaN	0	0	0	0	0	0	0	0	0	0	0	0	18000	18000	18000	18000	93	NaN	0.3305149856329322	0.1967954596482748	0.048557172513312645	0.09209013203050168	14.821604616921068	0.6069158479257107	0.000004848027663925128	NaN	0.0028193841371987787	0.02667462050708198	0.04630150265374321	0.00014475577218647407	NaN	16.563056205072566	884.8491078890767	92.63543720287747	93.05937466600206	92.2114927842882	0.8478833378040144	0.0002895132638514042	60.4018994279967	210
DATA	2026-09-20T193000_AIU-1657.ghg	2026-09-20	20:00:00	263.833	0	18000	18000	0.05457454465414664	1	NaN	-28.97587973397953	1	NaN	50.49385621138359	1	NaN	24.152385512766188	0	NaN	1.150047103180231	1	NaN	0.09795095407687467	0	NaN	NaN	NaN	NaN	NaN	NaN	NaN	NaN	NaN	NaN	-2.5558504154836834e-10	-1.3676975814373766e-11	-1.2438908283175734e-12	NaN	16.8738904124873	438.3204507653964	448.84845659082293	0.1	0	902.9628246937424	23.45559101481777	24.018970155379463	0.1	1	0.08212248023191396	2.0548696992233273	2.104225553202166	0.3	0	NaN	NaN	NaN	NaN	9	307.3494574618869	299.99597384474015	97147.16812695313	1.1181581844064254	1018.6930996698155	0.025674104295925145	0.07452305228607897	0.016462882305734894	2279.2554660305295	3523.0433339308092	0.014723214063378894	64.69564095561287	1243.7878679002797	292.7501897094417	0.3886368868494713	-0.16127027845544617	0.02070480572044259	0.42127831835149576	2.337408673489829e-14	-1.5146776190938516e-14	0.42127831835149576	2.6894731130289333	183.5366855554089	337.4633144445911	2.8170832253861207	NaN	0.22092427422140182	0.21717772477536365	31.878496641592303	0.0628354599817147	-0.5738496107858576	-0.11514539716683188	0	13.582897083597539	-2.061257035588255	4.662569026878248	11.610456133369821	17.706678179152313	24.833867911651748	37.205659454881086	0.05375716823384798	1.0152049753949652	-25.494752866137834	1.0256610356126266	44.97724394126336	1.1226534084063595	21.513661591293104	1.1226534084063595	1.024400847642513	1.1226534084063595	0.07222341294191395	1.475920204323568	NaN	NaN	800000009	800000009	800000009	800000009	800000019	810000019	899999999	899999999	89999	89999	89	89	11	4	0	2	0	0	1	NaN	0	0	0	0	0	0	0	0	0	NaN	NaN	NaN	NaN	0	0	0	0	0	0	0	0	0	0	0	0	18000	18000	18000	18000	93	NaN	0.11257811684493758	0.21988009405850653	0.10189723864728317	0.13087788832207053	69.05955301335621	0.20745872357524275	0.0000012216585631916774	NaN	-0.022382273336280564	0.5656143694887733	0.02693246043144897	0.00007222341294191396	NaN	16.8750910762946	903.0257692335456	92.64744630304972	93.04724561606513	92.24765020073785	0.7995952730890761	0.00028897119272086364	60.32550595008003	095
DATA	2026-09-20T200000_AIU-1657.ghg	2026-09-20	20:30:00	263.854	0	18000	18000	0.015066958103278847	1	NaN	-6.201506108833752	2	NaN	65.90957892163482	1	NaN	-3.2673117696015646	0	NaN	1.50037908895049	1	NaN	0.15234987191520252	1	NaN	NaN	NaN	NaN	NaN	NaN	NaN	NaN	NaN	NaN	2.352084713185762e-10	1.2950245089067424e-11	1.1409332518833777e-12	NaN	17.13720937385267	444.2994883529245	455.44070671349033	0.1	1	943.5504609587936	24.46250015937759	25.07591985277258	0.1	1	0.08312800941864643	2.075938749081011	2.1279948227722314	0	1	NaN	NaN	NaN	NaN	9	307.05424853939473	299.46410631137417	97135.11411046007	1.1195748687855611	1019.2559565922706	0.025631766665157547	0.09722456496399175	0.017197966343227164	2376.805126251924	3414.431600853911	0.015361157902626335	69.61056492265101	1037.626474601987	293.4266237399244	0.1535709958830997	0.03608518026823697	0.038091630167710826	0.1622872863176699	-3.047303063777969e-15	1.3725015910551267e-14	0.1622872863176699	1.1095536851364534	147.77686440397082	13.223135596029202	13.574957896598342	NaN	0.11600754059795691	0.03459081980701727	21.567518792712768	0.09287577394747917	-0.09409112014214534	-0.046846220335681414	1	0.34836341771991997	1	1	1	3	32	NaN	0.014714516708845035	1.0239519517635232	-2.1875023055582696	1.0282487282943942	58.965507353961904	1.1177649761578172	-2.9230758158414982	1.1177649761578172	1.3423028283708287	1.1177649761578172	0.10610245607839526	1.4497476035587615	NaN	NaN	800000009	800000009	800000009	800000009	801000009	801000019	899999999	899999999	89999	89999	89	89	1	0	1	14	1	0	0	NaN	0	0	0	0	0	0	0	0	0	NaN	NaN	NaN	NaN	0	0	0	0	0	0	0	0	0	0	0	0	18000	18000	18000	18000	93	NaN	0.020755064192595887	0.027573619179823827	0.020852956241614824	0.045535721489389266	26.418558565518783	0.23627340939247304	0.000004116296315128358	NaN	-0.0019169558914017293	-0.07680289197922888	0.03526858200942684	0.00010610245607839526	NaN	17.138462892472266	943.6184997812906	92.61597047763402	92.99816510306464	92.2337749341329	0.7643898755610015	0.00028791684752731166	61.150735048400016	020
DATA	2026-09-20T203000_AIU-1657.ghg	2026-09-20	21:00:00	263.874	0	18000	18000	0.026088511889521725	1	NaN	4.551996901690516	1	NaN	16.158143606325726	1	NaN	-0.11676047436778372	2	NaN	0.3674693875200189	1	NaN	0.08127802697393666	1	NaN	NaN	NaN	NaN	NaN	NaN	NaN	NaN	NaN	NaN	2.9587647742785345e-10	1.6190641037587442e-11	1.3998043896257115e-12	NaN	17.513061641524565	452.49764540734293	463.98646039807545	0.1	1	958.3313177581223	24.761099668459607	25.389778504571414	0.2	0	0.08285505077898415	2.0600323609814035	2.112336126338971	0	1	NaN	NaN	NaN	NaN	9	306.17953173319495	298.4623335477895	97149.23408590538	1.1233679165384847	1019.4057003431071	0.025542309874744873	0.023812016311297222	0.017468859545544113	2406.1671236921425	3217.7635119292268	0.015550434802671044	74.77762473133126	811.5963882370843	293.6254640021847	-0.03775573006757186	-0.5307004193595586	0.25575961903899047	0.5903231428568169	8.769580562329042e-15	1.689461748517528e-14	0.5903231428568169	2.2930400228969745	255.06934929882755	265.9306507011725	25.674218857817362	NaN	0.15239251817881533	0.15749232284736742	-66.61730447732293	-0.030068763900254643	0.2817153388776952	0.02608370250498973	1	3.7065051922254577	2	3	6	10	18	55	0.025646114393030925	1.017250078889573	5.456869084877418	1.0230516644022052	14.77992212973921	1.0932495763163288	-0.10680129852984219	1.0932495763163288	0.3361257991594159	1.0932495763163288	0.06162328675694237	1.3121240851170837	NaN	NaN	800000009	800000009	800000009	800000019	800000019	800000019	899999999	899999999	89999	89999	89	89	7	0	0	0	9	2	3	NaN	0	0	0	0	0	0	0	0	0	NaN	NaN	NaN	NaN	0	2	0	0	0	0	0	0	0	0	0	0	18000	18000	18000	18000	93	NaN	0.25265602701686746	0.03972773784000641	0.022600880837860934	0.04648372575535514	23.9725820130898	0.061636894317240176	0.000007291149945458757	NaN	0.0047651267901053	-0.0027972330062889152	0.008803471424190992	0.00006162328675694237	NaN	17.514393435669557	958.4018592160465	92.59280555068122	92.93817415534127	92.24743713336521	0.6907370682226261	0.00028707430473231296	59.47126041618983	196
DATA	2026-09-20T210000_AIU-1657.ghg	2026-09-20	21:30:00	263.895	0	18000	18000	0.006454624229305188	1	NaN	-10.322724030349601	1	NaN	22.053393935402855	1	NaN	19.809865543406776	1	NaN	0.50114618073719	1	NaN	0.07013139469004115	1	NaN	NaN	NaN	NaN	NaN	NaN	NaN	NaN	NaN	NaN	-2.8290125418678983e-10	-1.5295161752519804e-11	-1.3112710343931677e-12	NaN	17.69893916346928	455.808391637599	467.3248894585513	0	0	956.8997427439152	24.643450585941288	25.266094333139748	0.3	0	0.082036067076679	2.032130516494649	2.0834745178216547	0.2	0	NaN	NaN	NaN	NaN	9	305.56337575276694	297.6542785763211	97163.56893207465	1.1266343721147885	1019.3219533702357	0.025469398657160806	0.03247427251176991	0.01743562905214195	2395.0878944188016	3066.3977918143	0.015475853998146527	78.10754041150338	671.3098973954984	293.5506861693774	-0.1402648325298322	-0.8521532682461013	0.3674329789451634	0.9385341814998628	-6.256095713834072e-15	-1.598407969957317e-14	0.9385341814998628	2.0953899211687714	260.3470992511541	260.6529007488459	23.047656837400567	NaN	0.07569095477618738	0.1352789983027758	3.599691517084797	0.5564643499291312	-0.4680787030144271	-0.11875610876576231	1	21.87854653005531	10	21	46	91	214	1105	0.006272231263960316	1.029079438826321	-8.697785152928708	1.0597773210409536	17.08503810520649	1.2908015656507266	15.346948803412792	1.2908015656507266	0.38824416864148226	1.2908015656507266	0.0351174239773032	2.1067415360095554	NaN	NaN	800000009	800000009	800000009	800000009	800000019	800000119	899999999	899999999	89999	89999	89	89	15	2	1	3	0	3	3	NaN	0	0	0	0	0	0	0	0	0	NaN	NaN	NaN	NaN	0	0	0	0	0	0	0	0	0	0	0	0	18000	18000	18000	18000	93	NaN	0.1872901518392221	0.05144641799359216	0.03182142677273731	0.05099283241368209	59.60935352098946	0.03556650947029525	0.0000023914399968531074	NaN	-0.007573808171044156	0.40075622254935145	0.010138254088459203	0.0000351174239773032	NaN	17.700328465991543	956.9714366728222	92.55757837634616	92.85627177556357	92.25888320626152	0.5973887225472218	0.0002867321077954127	58.79499624167546	143
DATA	2026-09-20T213000_AIU-1657.ghg	2026-09-20	22:00:00	263.916	0	18000	18000	0.11305343219370889	1	NaN	41.69740840718954	1	NaN	65.97763693658662	1	NaN	-5.184266810699085	1	NaN	1.497977173392797	1	NaN	0.1456473448318672	1	NaN	NaN	NaN	NaN	NaN	NaN	NaN	NaN	NaN	NaN	4.0031683700032314e-10	2.1542135773839947e-11	1.8444750838565657e-12	NaN	17.87252612167198	458.91281684638415	470.53278610964514	0.1	1	961.769150704616	24.69534452494731	25.3206466167422	0.1	1	0.0823483452857442	2.031610604846926	2.0830522990350806	0.2	0	NaN	NaN	NaN	NaN	9	304.7624936303033	296.7509898223877	97167.7582061632	1.1300901055389603	1019.3342550790901	0.025391012151876953	0.09706892083585324	0.017526285021741167	2400.234930573217	2904.581004893824	0.015508750086244288	82.63618492750409	504.34607432060693	293.5854630329916	-0.6145608305412507	-1.3674553159879836	0.7853275791840914	1.692441568352183	6.576111247282554e-15	2.2398447442463344e-14	1.692441568352183	3.2422063675342794	275.2000712516126	245.7999287483874	27.646848757968744	NaN	0.3162899113966079	0.2412215241777156	-65.02563690887337	-0.0308047732436229	0.6319930561815416	0.11444426445483628	0	20.170299689724132	-3.060920795429872	6.923811173518145	17.24126880319694	26.294022783570053	36.87774081995549	55.249575752510026	0.11172230675638736	1.0119145896282296	44.992280053772824	1.0229860837858065	59.7949447210349	1.1033982428514015	-4.698454836489411	1.1033982428514015	1.3576033704038937	1.1033982428514015	0.10084942920161001	1.305322098251376	NaN	NaN	800000009	800000009	800000009	800000009	800000019	800000019	899999999	899999999	89999	89999	89	89	23	3	1	0	5	3	6	NaN	0	0	0	0	0	0	0	0	0	NaN	NaN	NaN	NaN	0	0	0	0	0	0	0	0	0	0	0	0	18000	18000	18000	18000	93	NaN	0.3015480716612269	0.10317254710665272	0.07772242958755166	0.12469021858591807	29.762417083191163	0.11436931942006692	0.0000010752429640009327	NaN	0.03905784797757918	-0.12232007040996794	0.0353439898085074	0.00010084942920161001	NaN	17.873888970322128	961.8331334179621	92.46494127866956	92.71731658596462	92.21256738026936	0.5047486801875946	0.0002855580323133229	59.029765818701826	136
DATA	2026-09-20T220000_AIU-1657.ghg	2026-09-20	22:30:00	263.937	0	18000	18000	0.05280578617638794	1	NaN	19.467297210131054	1	NaN	20.62118277145873	1	NaN	-5.198908912915397	2	NaN	0.46800993521027884	1	NaN	0.049796308294874025	1	NaN	NaN	NaN	NaN	NaN	NaN	NaN	NaN	NaN	NaN	1.4743177914602643e-10	7.916222114827287e-12	6.833859362959828e-13	NaN	17.726330696944014	454.28938356644716	465.64777911110065	0.1	1	951.8000250061557	24.39267629781493	25.0025555417633	0.1	1	0.08216630885546632	2.023236619435445	2.073822705387009	0.2	0	NaN	NaN	NaN	NaN	9	304.494858672248	296.3544910057916	97169.91073220487	1.1317578775680535	1019.1529631686045	0.025356524665464657	0.030327043801626066	0.017335026791608598	2370.8699686056048	2835.9394659041386	0.015316904026202574	83.60086655974291	465.06949729853386	293.38616941578465	-0.552172522874541	-1.5765605040143127	0.5398357286639421	1.7555227517117293	-2.561922338504987e-14	8.317106437117491e-15	1.7555227517117293	2.9665723777082484	270.3022299741506	250.69777002584942	17.909061436780995	NaN	0.21600509411405616	0.136207538340413	-44.36124961901129	-0.045154273542861584	0.9440436771199787	0.07813556707146706	0	20.711538558256933	-3.1430558818426437	7.1096009626207275	17.70391164751057	26.999582312157795	37.867298090916975	56.732112865354225	0.05218411664622594	1.0119130028467571	20.393204551430504	1.0232308168270245	18.671902680930934	1.104396435855385	-4.7074662178610716	1.104396435855385	0.42376987104978514	1.104396435855385	0.03330982559696729	1.3054269102508704	NaN	NaN	800000009	800000009	800000009	800000009	800000019	800011019	899999999	899999999	89999	89999	89	89	10	5	0	5	2	0	4	NaN	0	0	0	0	0	0	0	0	0	NaN	NaN	NaN	NaN	0	0	0	0	0	0	0	0	0	0	0	0	18000	18000	18000	18000	93	NaN	0.15391878744448034	0.0845686494168263	0.033927639819519365	0.07228413677049107	41.53836187290893	0.035861685875027145	3.1851598642426294e-7	NaN	0.01768042001213495	-0.1223502334516058	0.011014065795305143	0.00003330982559696729	NaN	17.727626643807913	951.8686334506242	92.41479961585999	92.63234448750813	92.19725695864358	0.4350872051815205	0.00028523963984399524	59.19403592099082	141
DATA	2026-09-20T223000_AIU-1657.ghg	2026-09-20	23:00:00	263.958	0	18000	18000	0.04465342235312358	1	NaN	-4.196050584424445	2	NaN	47.181177947369235	1	NaN	15.222350629326412	0	NaN	1.0704828924566785	1	NaN	0.03257089175622814	1	NaN	NaN	NaN	NaN	NaN	NaN	NaN	NaN	NaN	NaN	1.8680636590685384e-10	9.998413536639853e-12	8.692148273919241e-13	NaN	17.746245183617038	454.2820245184458	465.602917073568	0	0	949.8300403578293	24.31447944157421	24.920406144449096	0.1	1	0.08257373547871423	2.030336020245652	2.0809328184798783	0.1	0	NaN	NaN	NaN	NaN	9	304.28080931854254	296.04431277635365	97185.68004817708	1.1331613462145613	1019.1023378026764	0.02532587532651392	0.06936729143119276	0.01730036657748261	2363.65307443784	2783.233423619472	0.015267346203853683	84.92471577766604	419.58034918163185	293.33685900235355	-0.5284791487354857	-1.7129362140753206	0.5539610483423845	1.8762498573536062	3.060444861133387e-14	1.05265290755314e-14	1.8762498573536062	3.4092926923917526	268.146164930703	252.85383506929708	17.172474026614733	NaN	0.1985095930877858	0.16834149540477436	159.75811905909734	0.012538329893950604	-0.08893484154009793	-0.018304154227312658	1	14.116144676562813	6	12	24	42	84	299	0.04415379281660634	1.0113156651930777	-1.382089842086391	1.024476220671481	42.13608076404335	1.1197334230389815	13.594620215955162	1.1197334230389815	0.9560158430846549	1.1197334230389815	0.022869095177084325	1.3853801649964408	NaN	NaN	800000009	800000009	800000009	800000009	800000019	800000019	899999999	899999999	89999	89999	89	89	28	8	3	3	23	0	6	NaN	0	0	0	0	0	0	0	0	0	NaN	NaN	NaN	NaN	0	0	0	0	0	0	0	0	0	0	0	0	18000	18000	18000	18000	93	NaN	0.1507178775068912	0.12076601361983982	0.06519909968281774	0.05086124681704507	28.002881166084208	0.050420703552214896	4.7591096510481147e-7	NaN	-0.0011968141783394906	0.35287800316003615	0.02481547526433556	0.000022869095177084327	NaN	17.747512395699832	949.8991335395093	92.36087757703994	92.55797588708667	92.16377789730495	0.39419826468493924	0.00028476703175531133	59.098159166548015	131
DATA	2026-09-20T230000_AIU-1657.ghg	2026-09-20	23:30:00	263.979	0	18000	18000	0.09479456788647753	1	NaN	-8.453638133831651	2	NaN	100.85387958108474	1	NaN	17.118513541890152	1	NaN	2.287670480532304	1	NaN	0.10449792342045101	1	NaN	NaN	NaN	NaN	NaN	NaN	NaN	NaN	NaN	NaN	-4.271481909459046e-10	-2.261558260849089e-11	-1.9869235092354495e-12	NaN	17.847639678659682	456.34709779936475	467.6461460010314	0.1	0	944.952543578548	24.161533882590255	24.759767852483094	0.1	1	0.08302012185364342	2.0387382421979385	2.089216927786739	0	0	NaN	NaN	NaN	NaN	9	304.08149027591287	295.7826666005452	97211.36469249132	1.1345296887115008	1019.0097638682594	0.025296806581163844	0.1482410471384933	0.017211296873669204	2349.405716003273	2739.4413138237173	0.015170424401336102	85.7622210830999	390.0355978204443	293.23912347362455	-0.2921686593846649	-1.6491440208193966	0.4956147472912802	1.746617446570231	-6.076884474004589e-14	-2.3933035327727014e-14	1.746617446570231	3.117912468269276	261.0464950716803	259.9535049283198	16.484556681663353	NaN	0.28905720103195726	0.196745571972539	244.86951356949245	0.008180275162883976	-0.08382065389001794	-0.025296803660273412	0	16.56398412420978	-2.5136484951085727	5.68587974008181	14.15864449861793	21.592826217180587	30.284245790837836	45.37131870678805	0.09375900246005314	1.0110449706081888	-2.4407769034787576	1.0236291350409839	90.35789020178231	1.116160186519001	15.3369684285892	1.116160186519001	2.049589752584639	1.116160186519001	0.07490821486600963	1.3812953619564095	NaN	NaN	800000009	800000009	800000009	800000009	800001019	801011019	899999999	899999999	89999	89999	89	89	11	2	0	28	8	4	9	NaN	0	0	0	0	0	0	0	0	0	NaN	NaN	NaN	NaN	0	0	0	0	0	0	0	0	0	0	0	0	18000	18000	18000	18000	93	NaN	0.13558606716703336	0.15168364805177337	0.1062214287262713	0.037175044381611524	7.909139393729615	0.06960237981510994	7.830436030313915e-7	NaN	-0.002111221862848762	0.3975851681709854	0.053132174735646305	0.00007490821486600962	NaN	17.848853352719043	945.0221314412489	92.32798756217956	92.50948451783923	92.14649418470594	0.3629942135877068	0.0002842622671677316	58.957880361717706	187
