DATAH	filename	date	time	DOY	daytime	file_records	used_records	Tau	qc_Tau	rand_err_Tau	H	qc_H	rand_err_H	LE	qc_LE	rand_err_LE	co2_flux	qc_co2_flux	rand_err_co2_flux	h2o_flux	qc_h2o_flux	rand_err_h2o_flux	ch4_flux	qc_ch4_flux	rand_err_ch4_flux	none_flux	qc_none_flux	rand_err_none_flux	H_strg	LE_strg	co2_strg	h2o_strg	ch4_strg	none_strg	co2_v-adv	h2o_v-adv	ch4_v-adv	none_v-adv	co2_molar_density	co2_mole_fraction	co2_mixing_ratio	co2_time_lag	co2_def_timelag	h2o_molar_density	h2o_mole_fraction	h2o_mixing_ratio	h2o_time_lag	h2o_def_timelag	ch4_molar_density	ch4_mole_fraction	ch4_mixing_ratio	ch4_time_lag	ch4_def_timelag	none_molar_density	none_mole_fraction	none_mixing_ratio	none_time_lag	none_def_timelag	sonic_temperature	air_temperature	air_pressure	air_density	air_heat_capacity	air_molar_volume	ET	water_vapor_density	e	es	specific_humidity	RH	VPD	Tdew	u_unrot	v_unrot	w_unrot	u_rot	v_rot	w_rot	wind_speed	max_wind_speed	wind_dir	yaw	pitch	roll	u*	TKE	L	(z-d)/L	bowen_ratio	T*	model	x_peak	x_offset	x_10%	x_30%	x_50%	x_70%	x_90%	un_Tau	Tau_scf	un_H	H_scf	un_LE	LE_scf	un_co2_flux	co2_scf	un_h2o_flux	h2o_scf	un_ch4_flux	ch4_scf	un_none_flux	un_none_scf	spikes_hf	amplitude_resolution_hf	drop_out_hf	absolute_limits_hf	skewness_kurtosis_hf	skewness_kurtosis_sf	discontinuities_hf	discontinuities_sf	timelag_hf	timelag_sf	attack_angle_hf	non_steady_wind_hf	u_spikes	v_spikes	w_spikes	ts_spikes	co2_spikes	h2o_spikes	ch4_spikes	none_spikes	head_detect_LI-7200	t_out_LI-7200	t_in_LI-7200	aux_in_LI-7200	delta_p_LI-7200	chopper_LI-7200	detector_LI-7200	pll_LI-7200	sync_LI-7200	chopper_LI-7500	detector_LI-7500	pll_LI-7500	sync_LI-7500	not_ready_LI-7700	no_signal_LI-7700	re_unlocked_LI-7700	bad_temp_LI-7700	laser_temp_unregulated_LI-7700	block_temp_unregulated_LI-7700	motor_spinning_LI-7700	pump_on_LI-7700	top_heater_on_LI-7700	bottom_heater_on_LI-7700	calibrating_LI-7700	motor_failure_LI-7700	bad_aux_tc1_LI-7700	bad_aux_tc2_LI-7700	bad_aux_tc3_LI-7700	box_connected_LI-7700	mean_value_RSSI_LI-7200	mean_value_LI-7500	u_var	v_var	w_var	ts_var	co2_var	h2o_var	ch4_var	none_var	w/ts_cov	w/co2_cov	w/h2o_cov	w/ch4_cov	w/none_cov	co2_mean	h2o_mean	avg_signal_strength_7200_mean	co2_signal_strength_7200_mean	h2o_signal_strength_7200_mean	delta_signal_strength_7200_mean	flowrate_mean	rssi_77_mean	CHK
DATAU		[yyyy-mm-dd]	[HH:MM]	[ddd.ddd]	[1=daytime]	[#]	[#]	[kg+1m-1s-2]	[#]	[kg+1m-1s-2]	[W+1m-2]	[#]	[W+1m-2]	[W+1m-2]	[#]	[W+1m-2]	[µmol+1s-1m-2]	[#]	[µmol+1s-1m-2]	[mmol+1s-1m-2]	[#]	[mmol+1s-1m-2]	[µmol+1s-1m-2]	[#]	[µmol+1s-1m-2]	[µmol+1s-1m-2]	[#]	[µmol+1s-1m-2]	[W+1m-2]	[W+1m-2]	[µmol+1s-1m-2]	[mmol+1s-1m-2]	[µmol+1s-1m-2]	[µmol+1s-1m-2]	[µmol+1s-1m-2]	[mmol+1s-1m-2]	[µmol+1s-1m-2]	[µmol+1s-1m-2]	[mmol+1m-3]	[µmol+1mol_a-1]	[µmol+1mol_d-1]	[s]	[1=default]	[mmol+1m-3]	[mmol+1mol_a-1]	[mmol+1mol_d-1]	[s]	[1=default]	[mmol+1m-3]	[µmol+1mol_a-1]	[µmol+1mol_d-1]	[s]	[1=default]	[mmol+1m-3]	[µmol+1mol_a-1]	[µmol+1mol_d-1]	[s]	[1=default]	[K]	[K]	[Pa]	[kg+1m-3]	[J+1kg-1K-1]	[m+3mol-1]	[mm]	[kg+1m-3]	[Pa]	[Pa]	[kg+1kg-1]	[%]	[Pa]	[K]	[m+1s-1]	[m+1s-1]	[m+1s-1]	[m+1s-1]	[m+1s-1]	[m+1s-1]	[m+1s-1]	[m+1s-1]	[deg_from_north]	[deg]	[deg]	[deg]	[m+1s-1]	[m+2s-2]	[m]	[#]	[#]	[K]	[0=KJ/1=KM/2=HS]	[m]	[m]	[m]	[m]	[m]	[m]	[m]	[kg+1m-1s-2]	[#]	[W+1m-2]	[#]	[W+1m-2]	[#]	[µmol+1s-1m-2]	[#]	[mmol+1s-1m-2]	[#]	[µmol+1s-1m-2]	[#]	[µmol+1s-1m-2]	[#]	8u/v/w/ts/co2/h2o/ch4/none	8u/v/w/ts/co2/h2o/ch4/none	8u/v/w/ts/co2/h2o/ch4/none	8u/v/w/ts/co2/h2o/ch4/none	8u/v/w/ts/co2/h2o/ch4/none	8u/v/w/ts/co2/h2o/ch4/none	8u/v/w/ts/co2/h2o/ch4/none	8u/v/w/ts/co2/h2o/ch4/none	8co2/h2o/ch4/none	8co2/h2o/ch4/none	8aa	8U	[#]	[#]	[#]	[#]	[#]	[#]	[#]	[#]	[#_flagged_recs]	[#_flagged_recs]	[#_flagged_recs]	[#_flagged_recs]	[#_flagged_recs]	[#_flagged_recs]	[#_flagged_recs]	[#_flagged_recs]	[#_flagged_recs]	[#_flagged_recs]	[#_flagged_recs]	[#_flagged_recs]	[#_flagged_recs]	[#_flagged_recs]	[#_flagged_recs]	[#_flagged_recs]	[#_flagged_recs]	[#_flagged_recs]	[#_flagged_recs]	[#_flagged_recs]	[#_flagged_recs]	[#_flagged_recs]	[#_flagged_recs]	[#_flagged_recs]	[#_flagged_recs]	[#_flagged_recs]	[#_flagged_recs]	[#_flagged_recs]	[#_flagged_recs]	[#]	[#]	[m+2s-2]	[m+2s-2]	[m+2s-2]	[K+2]	--	--	--	--	[m+1s-1K+1]	--	--	--	--	--	--	--	--	--	--	--	--	241
DATA	2026-09-02T233000_AIU-1657.ghg	2026-09-03	00:00:00	246	0	18000	18000	0.05449908882479931	1	NaN	15.903277993628796	0	NaN	38.129792279680714	1	NaN	-1.3576355031005993	2	NaN	0.8666540897988464	1	NaN	0.09080675198002683	1	NaN	NaN	NaN	NaN	NaN	NaN	NaN	NaN	NaN	NaN	-2.351583432211831e-10	-1.4591048393150537e-11	-1.058029611814431e-12	NaN	17.83557316663883	456.9839033255197	470.319738358708	0.1	1	1106.6573595869843	28.354827462115068	29.18228615087315	0.1	1	0.08024620472954114	1.9922612687543857	2.050400007186478	0.1	0	NaN	NaN	NaN	NaN	9	305.735154006958	297.8733923650417	97562.58126010603	1.1288275204007823	1021.467562361161	0.0253839059210667	0.056159185018965246	0.02012905347233706	2767.11220789944	3106.8155030028743	0.017831823824768535	89.06586841815692	339.70329510343436	295.91054867195635	-1.0057730792192616	-0.9044503549297572	0.7488315983095881	1.5460784889655208	8.756217712493463e-15	-1.3184793167232957e-14	1.5460784889655208	2.628681097229718	299.03625696040126	221.96374303959877	28.969407071409066	NaN	0.2197256845886226	0.1506569398592403	-57.36563765743599	-0.034918116171944076	0.41708273354805603	0.06277022071821317	0	18.09111576511738	-2.745396613327878	6.210094614496188	15.46401365642816	23.583596546686	33.076329484072936	49.55436886351744	0.0538542605932992	1.0119735787734563	17.97612591983955	1.022468434140097	34.62652622258795	1.1011728994867374	-1.2328994872044168	1.1011728994867374	0.7870281680586205	1.1011728994867374	0.06526694151818456	1.3051799873326522	NaN	NaN	800000009	800000009	800000009	800000019	800000019	800000019	899999999	899999999	89999	89999	89	89	23	6	0	37	15	0	4	NaN	0	0	0	0	0	0	0	0	0	NaN	NaN	NaN	NaN	0	378	0	0	0	0	301	0	0	14998	0	16	18000	18000	18000	18000	93	NaN	0.09811968215847004	0.1539613634080707	0.04923283415193986	0.025313748917710314	12.915606023602075	0.07700078510392896	7.472298222983382e-7	NaN	0.015589921665521518	-0.03220933984783019	0.020561009228980485	0.00006526694151818456	NaN	17.836924626778366	1106.735802671274	94.85885689205595	95.29413219875761	94.42358385170829	0.8705489854249715	0.0002848801034350698	43.05255439800663	162
DATA	2026-09-03T000000_AIU-1657.ghg	2026-09-03	00:30:00	246.02	0	18000	18000	0.0704062741852266	1	NaN	17.49003241210759	0	NaN	15.726526295144094	1	NaN	-2.5678167793873423	2	NaN	0.3573266042391558	1	NaN	0.1636797747946324	1	NaN	NaN	NaN	NaN	NaN	NaN	NaN	NaN	NaN	NaN	4.0901483403632693e-10	2.449993633209064e-11	1.8211949881664154e-12	NaN	18.20683400663955	466.05302263325325	479.4372402843719	0.1	1	1090.5870321857178	27.91651654589863	28.718229474183595	0.1	1	0.08106844076057357	2.009141652475801	2.0668406434977413	0.2	0	NaN	NaN	NaN	NaN	9	305.4027847323947	297.52035369725473	97543.65027847144	1.1301369994273642	1021.2076225503715	0.0253587415846884	0.023154763954697295	0.019837563117884375	2723.8093640422912	3041.920571899146	0.017553237464073813	89.5424222842791	318.1112078568549	295.65068100180184	-0.36887035606623186	-1.0434450659060868	0.4279383197406411	1.1865808656178713	-2.4763042748630774e-14	2.2464907072101063e-14	1.1865808656178713	2.389138846162115	270.46911279317465	250.5308872068253	21.14001297300243	NaN	0.24959744452428465	0.19765377390397068	-76.44125931837279	-0.02620443485444452	1.1121357688193365	0.06071630563271565	0	18.287293955863653	-2.7751674106339292	6.277436239062214	15.631703823258182	23.83933463171555	33.435005784581975	50.091731321059335	0.06953157087851118	1.012579944558476	18.217439488007415	1.0216001967652664	14.343631826487204	1.096411737653724	-2.342018688054512	1.096411737653724	0.32590548966925514	1.096411737653724	0.12312584658953837	1.3056562494299941	NaN	NaN	800000009	800000019	800000009	800000019	800000019	800000019	899999999	899999999	89999	89999	89	89	7	1	0	22	0	0	1	NaN	0	0	0	0	0	0	0	0	0	NaN	NaN	NaN	NaN	0	1155	0	0	0	0	301	151	0	12004	0	16	18000	18000	18000	18000	93	NaN	0.23622767524581428	0.09724076395791616	0.061839108604210914	0.034032859101383005	57.24018040813535	0.18549833961824516	0.0000019834061861779313	NaN	0.01578491306332273	-0.061096711567374735	0.008501961919478522	0.00012312584658953838	NaN	18.20839709378301	1090.6550866663245	94.87851093588934	95.30217181777954	94.4548502108256	0.8473212112585715	0.00028438025869642543	47.806932556191406	128
DATA	2026-09-03T003000_AIU-1657.ghg	2026-09-03	01:00:00	246.041	0	18000	18000	0.03752508284406745	1	NaN	14.833655933995558	0	NaN	83.66608868984363	1	NaN	-13.413331364764717	1	NaN	1.9103620698684527	1	NaN	NaN	NaN	NaN	NaN	NaN	NaN	NaN	NaN	NaN	NaN	NaN	NaN	-2.2386851017363186e-10	-1.2795120805599295e-11	NaN	NaN	18.566858094051376	474.7831720492586	488.0262796624613	0.1	1	1061.1818165473628	27.1360542763438	27.892959129201653	0.1	1	NaN	NaN	NaN	NaN	0	NaN	NaN	NaN	NaN	9	305.18015280659995	302.57093680967165	96945.34701344784	1.104967514212332	1020.7216241335998	0.026172146148304706	0.12379146212747573	0.01868366864784997	2608.72582050167	4087.164903207641	0.016908794518876405	63.82727103705359	1478.439082705971	294.9420482741334	-0.5316971583258955	-1.1589936205094167	0.5149953530622308	1.3752048190102828	6.338743449540036e-15	-1.2057425604246792e-14	1.3752048190102828	2.6355088402851	275.64365131561976	245.35634868438024	21.99256609432095	NaN	0.18428333996083107	0.12666478239284074	-36.11557063136708	-0.05546361209257119	0.17729591721426127	0.07136829163052104	1	10.94685156017597	5	9	16	27	48	134	0.037074131645182015	1.0121634999627573	19.661673988593	1.0219713931556713	76.14573439323962	1.098762647133543	-12.207669599760674	1.098762647133543	1.738648537836824	1.098762647133543	NaN	1	NaN	NaN	800000009	800000019	800000009	800000019	800000019	801010019	899999999	899999999	89999	89999	89	89	2	3	0	28	1	0	8	NaN	0	0	0	0	0	0	0	0	0	NaN	NaN	NaN	NaN	0	1974	0	0	0	0	0	0	0	8998	0	0	18000	18000	18000	18000	93	NaN	0.11873056678331159	0.0819436731928924	0.05265532480947751	0.02078232448097198	17.03817143304417	0.10684654169150058	NaN	NaN	0.01743266021376432	-0.3283361909727798	0.0467625072655085	NaN	NaN	18.56823094067716	1061.2546841320282	94.95704462009004	95.37286622958715	94.54122091462878	0.831646475785311	0.0002840720446773856	42.94407376231084	040
DATA	2026-09-03T010000_AIU-1657.ghg	2026-09-03	01:30:00	246.062	0	18000	18000	0.05275586494734826	1	NaN	25.239130769087367	1	NaN	68.37482354492587	1	NaN	-13.219943117624158	1	NaN	1.5527557505249292	1	NaN	0.11022085442958629	0	NaN	NaN	NaN	NaN	NaN	NaN	NaN	NaN	NaN	NaN	-6.581378668170468e-10	-3.82371297562929e-11	-2.895778899632664e-12	NaN	18.439297157964052	471.1584407800653	484.41883396123484	0.1	1	1071.3041044938277	27.373818380956536	28.144233517742446	0.1	1	0.08113213101128587	2.005437407887342	2.061878906600139	0.6	0	NaN	NaN	NaN	NaN	9	305.036074233161	296.98484257249777	97535.26972786222	1.1323123375656519	1020.8844281268451	0.025315273008799676	0.10061857263401541	0.01948532079844034	2670.6289351024325	2945.7416863115773	0.01720843282546197	90.66066272926942	275.1127512091448	295.32654372548535	-0.5316478208732487	-1.3723076134367125	0.5502052683788787	1.571178993204607	7.688771859539454e-14	-3.569213409703053e-14	1.571178993204607	2.9428856907210794	272.1769432211379	248.82305677886205	20.498706975541733	NaN	0.2158501000130865	0.20303470970123158	-34.25361127839697	-0.05847850563024615	0.3691290077334375	0.10115312883867444	0	15.712155893913257	-2.38438027478673	5.393474673743109	13.430514539290847	20.482382086966908	28.726832109175966	43.038029213728564	0.05213249799117287	1.0119573582735464	28.970919755095558	1.0225518221268641	62.07177477832036	1.1015445230801901	-12.001278968423298	1.1015445230801901	1.4096168770219482	1.1015445230801901	0.07669220873615645	1.3051908677309683	NaN	NaN	800000009	800000019	800000009	800000019	800000019	800000019	899999999	899999999	89999	89999	89	89	10	0	0	31	0	0	4	NaN	0	0	0	0	0	0	0	0	0	NaN	NaN	NaN	NaN	0	1470	0	0	0	0	0	0	0	4	0	0	18000	18000	18000	18000	93	NaN	0.17929406048879185	0.15918704286848503	0.06758831604518628	0.035271160540149595	31.060101992274106	0.08086335239079104	9.261511602829492e-7	NaN	0.02506221575410322	-0.3123686704337515	0.03668943542224577	0.00007669220873615646	NaN	18.440729694503162	1071.3772849101981	94.78604014078776	95.16061540942721	94.41146790695191	0.7491494192712836	0.0002838874304062403	42.81943944564943	031
DATA	2026-09-03T013000_AIU-1657.ghg	2026-09-03	02:00:00	246.083	0	18000	18000	0.07172766271922947	1	NaN	30.86229401814292	1	NaN	76.7936327405701	1	NaN	-12.478414848502823	2	NaN	1.7433592367923905	1	NaN	0.1574527027366187	1	NaN	NaN	NaN	NaN	NaN	NaN	NaN	NaN	NaN	NaN	6.897597209952586e-11	3.882419972919201e-12	2.9984060090949554e-13	NaN	18.642712265546187	475.8215531824887	488.91587257099087	0.1	1	1049.3340832472272	26.782356890245676	27.51939104254947	0.1	1	0.08104042434108176	1.9995760668707925	2.054603182574333	0	0	NaN	NaN	NaN	NaN	9	304.73685053083625	296.63993421630937	97530.9768068053	1.1338351765555623	1020.5364944996377	0.02528698567184155	0.1129696785441469	0.019085631071035752	2612.810099396929	2885.2104578499134	0.016832809094012514	90.55873523153734	272.40035845298416	294.9676614927411	-0.48043753672423567	-1.6803244560856818	0.5383393661098509	1.8286934618784503	-2.594107637135626e-14	3.699889324956281e-15	1.8286934618784503	3.128170952164973	266.95626609926217	254.04373390073786	17.12064463686173	NaN	0.2515175977306839	0.19964027248425578	-44.313634068095595	-0.04520279237134758	0.4018861058755247	0.10604284276209734	0	18.67777202427496	-2.8344239639893747	6.4114747240956005	15.965478603147163	24.348362230969418	34.14892423023032	51.16131124561421	0.07088226409414247	1.0119268005317124	34.95983448323289	1.0235288995633294	69.46020852363415	1.105577342377841	-11.286785980675617	1.105577342377841	1.5768767773793448	1.105577342377841	0.11200478318804079	1.305582275289279	NaN	NaN	800000009	800000019	800000009	800000019	800000019	800001019	899999999	899999999	89999	89999	89	89	11	0	0	6	1	0	6	NaN	0	0	0	0	0	0	0	0	0	NaN	NaN	NaN	NaN	0	1398	0	0	0	0	301	0	0	11998	0	21	18000	18000	18000	18000	93	NaN	0.24947348302698633	0.09024350237273904	0.05956355956878618	0.06822740786675283	32.197844423704794	0.13836892001957615	0.000001649382529671928	NaN	0.030212794829420787	-0.2932652364424002	0.04097208379342391	0.0001120047831880408	NaN	18.644189186007157	1049.4043746313282	94.81431559329562	95.17364963107639	94.45498383076988	0.7186668675707496	0.0002838966471285352	35.85906070929145	057
DATA	2026-09-03T020000_AIU-1657.ghg	2026-09-03	02:30:00	246.104	0	18000	18000	0.04873313638851241	1	NaN	-11.294101249478672	2	NaN	-80.85424607655366	1	NaN	22.25846115918897	1	NaN	-1.8450136911574948	1	NaN	NaN	NaN	NaN	NaN	NaN	NaN	NaN	NaN	NaN	NaN	NaN	NaN	2.97782322179817e-10	1.6382857638734055e-11	NaN	NaN	18.81600730770146	479.8366891134189	492.8472658474516	0.1	0	1035.1855905848863	26.398800674405656	27.114593421507585	0.1	1	NaN	NaN	NaN	NaN	0	NaN	NaN	NaN	NaN	9	304.46735942671035	301.934473659087	96986.73495714249	1.1080716496021135	1020.2919209373108	0.02609987466216123	-0.11955688718700566	0.018226386235989787	2539.5344109450325	3939.8919055079364	0.016448743402590005	64.4569564813386	1400.3574945629039	294.50271336799113	-0.3694045135085445	-1.8786145608259388	0.46399466537341194	1.9700110183049049	5.4405315093748245e-14	1.5826010125853508e-14	1.9700110183049049	3.0747130336543806	262.12452035943056	258.87547964056944	13.622805767129881	NaN	0.20971440359132307	0.11772145680975488	69.91743739239686	0.028649505398174475	0.13968470176303785	-0.04763554363442644	0	17.130616660443863	-2.59963716856441	5.88038635356833	14.642993468148914	22.331488956299	31.32023078525218	46.923413009603536	0.048087798781819485	1.0134199864215225	-15.719869246898003	1.0291597401355195	-70.82410255204955	1.1416204817721882	19.497251069493927	1.1416204817721882	-1.6161357654457968	1.1416204817721882	NaN	1	NaN	NaN	800000009	800000019	800000009	800000019	800000009	800000019	899999999	899999999	89999	89999	89	89	12	3	0	23	0	0	1	NaN	0	0	0	0	0	0	0	0	0	NaN	NaN	NaN	NaN	0	2365	0	0	0	0	301	0	0	18000	0	16	18000	18000	18000	18000	93	NaN	0.08573495386095685	0.09830589152244516	0.05140206823610774	0.07294396091689495	45.78749211196471	0.18316211673865934	NaN	NaN	-0.013904540396814468	0.5225586671145211	-0.04331511906254498	NaN	NaN	18.817556751589656	1035.24758750907	94.85235942628647	95.2066799952189	94.49803572040135	0.7086426919367563	0.00028377318212329157	23.7535923542713	164
DATA	2026-09-03T023000_AIU-1657.ghg	2026-09-03	03:00:00	246.124	0	18000	18000	0.20217701742371505	1	NaN	39.83032579585113	1	NaN	127.49291244152391	1	NaN	24.69474220372808	1	NaN	2.8933388311366417	1	NaN	0.21885369869786125	1	NaN	NaN	NaN	NaN	NaN	NaN	NaN	NaN	NaN	NaN	8.241339422461904e-10	4.53300350698108e-11	3.559919337452234e-12	NaN	18.840700335570993	480.1880221022128	493.2147589674576	0.1	1	1036.2995177986518	26.41189588996934	27.128408593398735	0.1	1	0.08138406879946948	2.0045576487454557	2.058938107689645	0.2	0	NaN	NaN	NaN	NaN	9	304.53336351013184	296.28738403135964	97531.52220054444	1.135351313649416	1020.3164461032299	0.02525679139685337	0.18748835625765436	0.01884413441967416	2576.6833930459684	2824.463231949544	0.016597624183040335	91.22736539457271	247.77983890357564	294.7398775620027	-0.7388268715007117	-1.1463162453574791	0.612277172625546	1.4949212074689042	-5.5858773458900345e-14	4.374221380137534e-14	1.4949212074689042	3.0757431768893064	283.8027002295373	237.19729977046268	24.177922100667615	NaN	0.4219886394823632	0.376697227544937	-162.15053937280024	-0.012353335411328319	0.3124120787037457	0.0814794231631349	0	22.23169747831865	-3.3737458627726573	7.631422327605639	19.00332062841501	28.981262995817318	40.64663342661055	60.89606365943151	0.19977667970381746	1.0120151046831705	46.86609054928857	1.0223062936259348	115.85746876339391	1.1004289477607363	22.44101470974517	1.1004289477607363	2.629282732905472	1.1004289477607363	0.15546109135074052	1.3051671563701175	NaN	NaN	800000009	800000019	800000009	800000019	800000019	800000019	899999999	899999999	89999	89999	89	89	8	9	0	20	3	0	6	NaN	0	0	0	0	0	0	0	0	0	NaN	NaN	NaN	NaN	0	1229	0	0	0	0	301	0	0	9005	0	21	18000	18000	18000	18000	93	NaN	0.2996702067406858	0.3452500311163574	0.1084742172328309	0.04564847334176184	12.291994482013159	0.11963750462635864	8.515638359220674e-7	NaN	0.040456990505385045	0.5821683208326064	0.06820926475062798	0.00015546109135074052	NaN	18.842074036260417	1036.3681818450664	94.69966938485041	95.0144364746942	94.38490088356866	0.6295331750180977	0.0002831174497259781	44.28511010952676	148
DATA	2026-09-03T030000_AIU-1657.ghg	2026-09-03	03:30:00	246.145	0	18000	18000	0.02614275638374445	1	NaN	12.95434511945321	0	NaN	17.999244823232598	1	NaN	-0.2390644252577995	2	NaN	0.4084965681773808	1	NaN	0.032635964906205475	0	NaN	NaN	NaN	NaN	NaN	NaN	NaN	NaN	NaN	NaN	-3.816592112638967e-10	-2.063372237450142e-11	-1.6373273689455817e-12	NaN	18.998751799980955	483.99302030556987	496.9975663049533	0.1	1	1027.1335226121635	26.166216659910187	26.869284171025946	0.1	1	0.08150511078954156	2.0077673511319767	2.0617146226388496	0	0	NaN	NaN	NaN	NaN	9	304.3790576349894	296.33697565919084	97541.20183433975	1.1353805037248945	1020.1754198734353	0.02525851198568215	0.026470577617894273	0.018667577589595714	2552.9688436893534	2832.9401759057405	0.01644169291999655	90.11728752348697	279.97133221638705	294.5888291408471	-0.4570342265757935	-1.511039727842634	0.47796886347045797	1.6494167386769423	1.88118561503282e-15	-2.0088646626999954e-14	1.6494167386769423	2.841752678508674	267.82864519213047	253.17135480786953	16.84481737718575	NaN	0.1517417092426373	0.12200454548985226	-23.18146736319476	-0.08640954296018051	0.7197160351267814	0.07370453378621923	1	18.65571612961039	8	15	27	43	74	197	0.025834718055462346	1.011923425199408	13.838426257939123	1.0228263094263603	16.322438750478472	1.102730118849732	-0.2167932308833369	1.102730118849732	0.37044110902084304	1.102730118849732	0.021490229970307258	1.3052629166695584	NaN	NaN	800000009	800000009	800000009	800000019	800000019	800000019	899999999	899999999	89999	89999	89	89	8	3	0	23	2	0	7	NaN	0	0	0	0	0	0	0	0	0	NaN	NaN	NaN	NaN	0	446	0	0	0	0	0	0	17997	3001	0	0	18000	18000	18000	18000	93	NaN	0.13601176139104132	0.07085747768464028	0.03713985190402292	0.033961970135423195	16.30016418425909	0.07666685087744095	2.95766547154352e-7	NaN	0.011947317795638806	-0.005623047774136066	0.009608270724324772	0.00002149022997030726	NaN	19.0001307088565	1027.203197815595	94.79080881796943	95.11935968526204	94.46225987497967	0.657102038330502	0.0002836012394820703	46.09077532945724	142
DATA	2026-09-03T033000_AIU-1657.ghg	2026-09-03	04:00:00	246.166	0	18000	18000	0.07126706048196468	1	NaN	12.71065980981513	0	NaN	31.779540643523404	1	NaN	10.312106071531948	1	NaN	0.7209692388784421	1	NaN	0.03952036076665657	1	NaN	NaN	NaN	NaN	NaN	NaN	NaN	NaN	NaN	NaN	-9.004546180784468e-10	-4.6746371903986626e-11	-3.792538147069141e-12	NaN	19.348605366283678	492.19800582749554	505.1044657813176	0	0	1004.4671703787864	25.55206066898999	26.222089080030596	0.1	1	0.08149252885260312	2.003395765158128	2.0559289873746605	0	0	NaN	NaN	NaN	NaN	9	304.00165118747293	295.94490314832035	97545.18380257043	1.137197754012113	1019.814310403938	0.025224063647828185	0.046718806679323044	0.018254320460537533	2493.149035987902	2766.5235938702567	0.016052019445285587	90.11848088018962	273.37455788235457	294.2022806600963	-0.5329152258073608	-1.591230762461828	0.5679044293955223	1.7715895174191096	3.15078638620353e-14	-4.653847659984595e-14	1.7715895174191096	2.9755319712086945	269.51608778443745	251.48391221556258	18.696920798793204	NaN	0.2503377971744743	0.14560264898645325	-106.07509071739216	-0.01888379247618753	0.3999636103111998	0.04378088878641205	0	17.510435132384437	-2.6572760870304353	6.010765744077362	14.967656585300473	22.82662069496693	32.014660088848096	47.96379464797722	0.07042793147875841	1.0119147188563868	14.398754755859995	1.0232950007604629	28.76882986374824	1.1046518330441022	9.33516404269638	1.1046518330441022	0.6526664939229392	1.1046518330441022	0.026267134883154946	1.3054583751081226	NaN	NaN	800000009	800000019	800000009	800000019	800000019	800001119	899999999	899999999	89999	89999	89	89	12	2	0	27	13	0	15	NaN	0	0	0	0	0	0	0	0	0	NaN	NaN	NaN	NaN	0	377	0	0	0	0	301	0	18000	2997	0	16	18000	18000	18000	18000	93	NaN	0.09338805182540887	0.1284799226737261	0.06933732347377151	0.0528097615381622	22.61233444367552	0.04551174955924975	2.0978927979201872e-7	NaN	0.012415603640893119	0.2416470072305767	0.016894711678853053	0.000026267134883154946	NaN	19.350224220169906	1004.5379426766392	94.8041342769199	95.11179622650143	94.49647229131062	0.6153236372272145	0.00028296389013121365	43.78587494473568	167
DATA	2026-09-03T040000_AIU-1657.ghg	2026-09-03	04:30:00	246.187	0	18000	18000	0.07786555282606211	1	NaN	23.100700956520658	1	NaN	33.747522849297994	1	NaN	11.282719127754397	1	NaN	0.7657602469584077	1	NaN	0.11754105190564845	1	NaN	NaN	NaN	NaN	NaN	NaN	NaN	NaN	NaN	NaN	1.875611402585121e-10	9.894648062324035e-12	7.985089520786623e-13	NaN	19.229892938834453	489.3044398964564	502.2694667848163	0.1	0	1014.458659420001	25.81289078022812	26.496851103790224	0.1	1	0.08186792657588729	2.014612129645434	2.0679930072765385	0.3	0	NaN	NaN	NaN	NaN	9	304.19562340545656	296.1392779154971	97540.1756258928	1.136279818868558	1019.9680935336222	0.025241926629624177	0.04962126400290482	0.018427606840580514	2518.469271676107	2799.2784362474436	0.016217490211988157	89.96851613847411	280.8091645713366	294.3668776788186	-0.47839929528908376	-1.353698230598014	0.44279325667184594	1.5024748428548687	1.8373995147043157e-14	9.753623738577111e-15	1.5024748428548687	3.9133839112083266	270.4634962067897	250.53650379321024	17.14010445467495	NaN	0.26177612759366803	0.26360113298335586	-66.73804756612249	-0.03001436321635534	0.6845154549469752	0.07614181752352894	0	17.851636076299165	-2.7090546466311616	6.127888986876539	15.259310020322827	23.271410585602023	32.63848423478391	48.89839689423182	0.07694161866671059	1.0120082495710643	24.78519064240531	1.0223295564040964	30.664670233989792	1.1005343475662446	10.252037251454576	1.1005343475662446	0.6958076762000508	1.1005343475662446	0.08486824856572832	1.3051680043122063	NaN	NaN	800000009	800000009	800000009	800000019	800000019	810000019	899999999	899999999	89999	89999	89	89	9	5	0	32	0	0	2	NaN	0	0	0	0	0	0	0	0	0	NaN	NaN	NaN	NaN	0	23	0	0	0	0	301	0	18000	9006	0	21	18000	18000	18000	18000	93	NaN	0.3083983412242779	0.14655663120667986	0.07224729353575399	0.04103085412784416	11.134487635986288	0.02565642296691247	5.237511086335189e-7	NaN	0.0213855480245659	0.2656399463270009	0.01802903259383613	0.00008486824856572832	NaN	19.231301495721443	1014.5308256362825	94.67728218544853	94.96198572497899	94.39257980092367	0.5694073396474123	0.00028309620801236535	46.19572374298802	086
DATA	2026-09-03T043000_AIU-1657.ghg	2026-09-03	05:00:00	246.208	0	18000	18000	0.3515192995941544	1	NaN	72.75424573058959	1	NaN	147.33460902661594	1	NaN	17.549543903542126	1	NaN	3.3424067850316725	1	NaN	0.18959762480756087	1	NaN	NaN	NaN	NaN	NaN	NaN	NaN	NaN	NaN	NaN	5.973905845958706e-10	3.087256501920054e-11	2.5138311405768496e-12	NaN	19.461083378851338	495.0053981867879	508.0007680477564	0	0	1005.7298816721657	25.581398057545645	26.252986146354775	0.1	1	0.08189261546566597	2.0129513699732504	2.065797354402444	0.3	0	NaN	NaN	NaN	NaN	9	304.0806546537612	295.9102274047424	97538.50609359975	1.1372404166603725	1019.8306066844293	0.025222834849266376	0.21658795967005237	0.018276169338225266	2495.8406536198795	2760.7155749855424	0.01607062945572686	90.40557007155472	264.8749213656629	294.2198471786498	-0.61844548250955	-1.0648622979777664	0.6366094303519709	1.38624604428812	2.079979086583237e-14	3.069667669401511e-14	1.38624604428812	3.08549929606077	281.1469520006349	239.85304799936517	27.337602230680552	NaN	0.5559662701551487	0.5394105135764802	-202.98785983741806	-0.009868077832853508	0.4938028221016731	0.11283129453122553	0	22.367043023766733	-3.3942850714608603	7.677882073582382	19.1190119649981	29.157699583791253	40.89408824993738	61.26679607694776	0.34730078222782657	1.0121465818166817	80.51644174031712	1.021999431789925	134.0730922250049	1.0989125900024386	15.96991795635282	1.0989125900024386	3.0415583691003625	1.0989125900024386	0.1232782193048528	1.3052234767679356	NaN	NaN	800000009	800000009	800000009	800000019	800000019	800000019	899999999	899999999	89999	89999	89	89	13	4	0	26	0	0	9	NaN	0	0	0	0	0	0	0	0	0	NaN	NaN	NaN	NaN	0	21	0	0	0	0	301	0	18000	0	0	21	18000	18000	18000	18000	93	NaN	0.33416885526642043	0.559199958060886	0.18545221382565394	0.07035008900910675	8.456845814693699	0.07127551277760279	7.848597055485721e-7	NaN	0.06942313897011498	0.4133843904303604	0.07873132196454075	0.0001232782193048528	NaN	19.46250254758198	1005.7988129263996	94.71679515923395	95.00279304377239	94.43080073928834	0.571994476134569	0.00028257887154824044	52.35692764198159	147
DATA	2026-09-03T050000_AIU-1657.ghg	2026-09-03	05:30:00	246.229	0	18000	18000	0.22412276157227032	1	NaN	43.84254815700666	1	NaN	132.4732987513345	1	NaN	16.32655290218264	1	NaN	3.005083373257211	1	NaN	0.178768778550837	1	NaN	NaN	NaN	NaN	NaN	NaN	NaN	NaN	NaN	NaN	4.218350280214075e-10	2.150074609000512e-11	1.7764689809202975e-12	NaN	19.460456980591804	494.75602257915057	507.55529683176667	0	0	991.8909444237479	25.217497152548727	25.86987053920801	0.1	1	0.0819535976960187	2.013567294327066	2.0656580195532905	0.1	0	NaN	NaN	NaN	NaN	9	303.9529121059842	295.8475908971516	97544.13793479664	1.1377049269432702	1019.6197512589303	0.025216039864569703	0.19472940258706725	0.018021041722470196	2460.4788410315114	2750.2512554136806	0.01583982041010251	89.46378394294804	289.77241438216925	293.98772762303724	-0.3942534323439739	-1.6751007053236278	0.5193966548501588	1.7975458344532527	3.8084929307972095e-14	2.1676522213332898e-14	1.7975458344532527	3.4722347186816966	264.2441527008425	256.75584729915744	16.794964194135446	NaN	0.4438417616101352	0.3347501056018047	-171.38003106018002	-0.011688059499164242	0.3309538493436588	0.08515295940769811	0	18.578360453753326	-2.8193378746304227	6.377349948889343	15.880503087865916	24.21876920853267	33.967168173622525	50.88900755252584	0.22148290407620388	1.011919012472214	50.99729479995422	1.0234002153415642	119.8773937632163	1.1050732301788095	14.774181887964906	1.1050732301788095	2.719352248512042	1.1050732301788095	0.1227217887044468	1.3055127645421476	NaN	NaN	800000009	800000019	800000009	800000019	800000019	800011019	899999999	899999999	89999	89999	89	89	11	4	0	51	20	0	7	NaN	0	0	0	0	0	0	0	0	0	NaN	NaN	NaN	NaN	0	764	0	0	0	0	301	0	18000	9003	0	21	18000	18000	18000	18000	93	NaN	0.188478163348715	0.2930494987917669	0.18797254906312744	0.03611598510075554	4.565542826660545	0.054532959043493257	6.687146460016006e-7	NaN	0.04396218409977984	0.382186737657896	0.07034571337233222	0.0001227217887044468	NaN	19.46189957670692	991.9589851854568	94.84476257705688	95.14881122546726	94.54071233071221	0.6080979121459854	0.00028261116688049184	46.099102765508356	194
DATA	2026-09-03T053000_AIU-1657.ghg	2026-09-03	06:00:00	246.249	1	18000	18000	0.18838832744355938	1	NaN	17.95614803390737	0	NaN	50.57405939630625	0	NaN	13.119200738767324	1	NaN	1.1470197141413245	0	NaN	0.04062104920173208	0	NaN	NaN	NaN	NaN	NaN	NaN	NaN	NaN	NaN	NaN	-1.0382940815453338e-9	-5.193968452627341e-11	-4.331202114540394e-12	NaN	19.57865843705072	497.35897785030573	510.04895238833956	0	0	979.4039672792601	24.879914915249163	25.514718951857883	0.1	1	0.0816715883579037	2.0045178653607763	2.055662575329435	1.4	0	NaN	NaN	NaN	NaN	9	303.77466682857937	295.6452934397085	97551.25098606975	1.1387131666473116	1019.4217827944333	0.025196960006271335	0.07432687747635783	0.017793260549801543	2427.7178593925655	2716.690867783953	0.015625761667611038	89.36305150438014	288.97300839138734	293.7700580279759	-0.2310332963582564	-1.9298929655784791	0.45939011125387247	1.9972237022760169	5.511961797311086e-15	-5.3031931931580284e-14	1.9972237022760169	3.9868070250574053	257.82656298320785	263.17343701679215	13.29791658019087	NaN	0.40674275322726633	0.3106555498766096	-322.0416616862934	-0.006220002683849196	0.35504660389628173	0.03802989282925661	0	18.606372102680734	-2.82358875042479	6.386965441510459	15.9044470240596	24.25528522199963	34.01838240171904	50.96573579866865	0.18615189674417199	1.0120140097334647	20.64040162192885	1.0242664311798018	45.62866166464447	1.1083835806539495	11.836336235716301	1.1083835806539495	1.0348580889880916	1.1083835806539495	0.024859700231011878	1.306056655204814	NaN	NaN	800000009	800000019	800000009	800000019	800000019	800011119	899999999	899999999	89999	89999	89	89	7	3	0	60	41	0	9	NaN	0	0	0	0	0	0	0	0	0	NaN	NaN	NaN	NaN	0	538	0	0	0	0	0	0	18000	14997	0	0	18000	18000	18000	18000	93	NaN	0.23211320364077295	0.23192931830749397	0.15726857780495232	0.032820368227117265	7.120033529587194	0.01727913087207348	2.2429076241109483e-7	NaN	0.01778074247585824	0.30585128590444466	0.026740764282324362	0.000024859700231011877	NaN	19.580111509058206	979.4770057076739	94.85803853861492	95.151469584571	94.56460539457534	0.5868637757996726	0.000282209772372476	42.06779946082603	144
DATA	2026-09-03T060000_AIU-1657.ghg	2026-09-03	06:30:00	246.27	1	18000	18000	0.10877478108111006	1	NaN	24.980090187147436	1	NaN	20.90027423048107	1	NaN	0.6889809356475768	2	NaN	0.4738962247129713	1	NaN	0.10711650476464282	0	NaN	NaN	NaN	NaN	NaN	NaN	NaN	NaN	NaN	NaN	-1.2624899216708659e-9	-6.212455480017701e-11	-5.258771601834563e-12	NaN	19.71566096550511	500.37344947458985	513.0048378245035	0	0	970.1674754379134	24.62235717596629	25.243922040981587	0.1	1	0.08212355300197488	2.0129629378703107	2.063778017345294	0.1	0	NaN	NaN	NaN	NaN	9	303.6074726871915	295.37947740606705	97564.18986921276	1.1400011497093654	1019.2688945340714	0.025170966708646717	0.03070847536140054	0.0176272484505213	2402.904711447201	2673.1372374778944	0.01546248304663134	89.89080986034006	270.2325260306934	293.60347615672976	-0.4353631055290409	-1.9843415710724255	0.5677051005317486	2.1093699498930416	8.169366355426362e-14	-6.403487683622385e-14	2.1093699498930416	3.663874094286409	263.3745844544104	257.62541554558953	15.612795701120998	NaN	0.3088954166113739	0.24542764602998363	-101.396937494117	-0.019755034515872027	1.19520394381794	0.0695966727481934	0	16.78139247788496	-2.5466410515455777	5.7605089925742385	14.344481889407117	21.87623996376889	30.6817376001941	45.96683386969487	0.10747341399714883	1.0121087349471913	25.79303468775701	1.0247911370459786	18.82377323217777	1.1103126866591062	0.620528742872152	1.1103126866591062	0.4268133026011881	1.1103126866591062	0.07689797252099834	1.3064537945716004	NaN	NaN	800000009	800000019	800000009	800000019	800000019	801011119	899999999	899999999	89999	89999	89	89	6	1	0	28	6	0	5	NaN	0	0	0	0	0	0	0	0	0	NaN	NaN	NaN	NaN	0	425	0	0	0	0	301	0	18000	18000	0	16	18000	18000	18000	18000	93	NaN	0.18231644134383831	0.19112765569143347	0.11741119502469544	0.05288828904034465	7.331069796566222	0.044249263969091575	2.848027922578492e-7	NaN	0.022197720667757614	0.016013709365843943	0.011014581129144605	0.00007689797252099834	NaN	19.717097766399387	970.2349658022722	94.80991359880235	95.0804103779263	94.5394220606486	0.540990810806553	0.0002820484080439201	43.19908299735305	146
DATA	2026-09-03T063000_AIU-1657.ghg	2026-09-03	07:00:00	246.291	1	18000	18000	0.10646859589401793	1	NaN	26.184755558759647	0	NaN	49.36533500306701	1	NaN	14.482546832949708	2	NaN	1.1190355207810283	1	NaN	0.02644241251301327	2	NaN	NaN	NaN	NaN	NaN	NaN	NaN	NaN	NaN	NaN	-7.82012864132805e-10	-3.821054415188499e-11	-3.323415832446397e-12	NaN	19.56008077573356	495.9212421103763	508.2366272057424	0	0	955.7404543778412	24.23159692971253	24.83334862398394	0.1	1	0.08312687056125416	2.034808126278262	2.085339225861046	0.1	0	NaN	NaN	NaN	NaN	9	303.4910224202474	295.1191177198167	97581.46143875335	1.1413790776965085	1019.039545087063	0.025144328733614652	0.07251350174661063	0.017365879550056442	2365.1889081478434	2631.070340459671	0.015214822042387229	89.89455248599032	265.88143231182767	293.3473638338252	-0.59198633365702	-1.9042064114179538	0.6826950785867215	2.107729215731588	8.032299022805212e-14	-3.998004267461811e-14	2.107729215731588	3.2667631565557578	268.2696067556383	252.73039324436178	18.89899070031457	NaN	0.3054188303654026	0.1770964195993504	-93.50724826106719	-0.021421868756178696	0.5304279927834546	0.07371090940929194	0	17.389527579410856	-2.63892789940237	5.969262093704348	14.864306627529828	22.66900548837619	31.793602520526182	47.63261012866799	0.10519498358173436	1.0121071582400505	28.638386777588302	1.0247832902793301	44.4620511272403	1.1102801996649823	13.044046752630278	1.1102801996649823	1.0078856860805838	1.1102801996649823	0.01160971382000565	1.3064473353487958	NaN	NaN	800000009	800000009	800000009	800000019	800000019	800000019	899999999	899999999	89999	89999	89	89	7	3	0	22	3	0	13	NaN	0	0	0	0	0	0	0	0	0	NaN	NaN	NaN	NaN	0	196	0	0	0	0	301	0	18000	3004	0	21	18000	18000	18000	18000	93	NaN	0.09320646866317285	0.15597683768635368	0.10500953284917428	0.061416940133340175	46.43359797797031	0.02993021708353611	4.331822410211542e-7	NaN	0.024622242549786833	0.33613097466589426	0.025972123869132578	0.000011609713820005651	NaN	19.5615665398174	955.8093725815168	94.83719386503432	95.09963398234049	94.57475400076973	0.524876580443648	0.00028177022646155413	46.09643521746022	235
DATA	2026-09-03T070000_AIU-1657.ghg	2026-09-03	07:30:00	246.312	1	18000	18000	0.04018324123122481	1	NaN	20.41683915582925	0	NaN	11.380818231073565	1	NaN	-3.297319053548116	2	NaN	0.257937724895493	1	NaN	0.13279030759836744	1	NaN	NaN	NaN	NaN	NaN	NaN	NaN	NaN	NaN	NaN	1.3711791295584734e-10	6.599969165509339e-12	5.754357315282188e-13	NaN	19.604936825544115	496.6269610524268	508.7892676420794	0.1	1	943.6548132264426	23.904408687740663	24.489823435841632	0.1	1	0.08227503555574214	2.0118969409287843	2.0611679417832405	0.3	0	NaN	NaN	NaN	NaN	9	303.23418132188584	294.92786012256	97618.92203545221	1.1427003625997065	1018.8481811143125	0.025118390757976835	0.016714364573227947	0.017149086344109315	2334.1485507293687	2600.53813878661	0.015007509322123776	89.75636680408246	266.3895880572413	293.133883238826	-0.6465279415818574	-1.80795822255809	0.637053903234486	2.023004940524817	-8.077939558686022e-15	6.994050232143084e-15	2.023004940524817	3.2366046983744456	270.67710859080967	250.32289140919028	18.355064875556096	NaN	0.18752375884090636	0.11792069474219935	-27.763770180964006	-0.07214798231449879	1.7939693562703802	0.0935169573079337	1	18.565555965829635	8	15	27	44	76	206	0.03970544613202804	1.0120334902574326	20.75013536687321	1.0243847960028003	10.263856691805149	1.1088247403298428	-2.97370624375432	1.1088247403298428	0.23262262782733736	1.1088247403298428	0.09876507677500457	1.306145241096466	NaN	NaN	800000009	800000009	800000009	800000019	800000019	800001019	899999999	899999999	89999	89999	89	89	10	4	0	14	2	0	0	NaN	0	0	0	0	0	0	0	0	0	NaN	NaN	NaN	NaN	0	0	0	0	0	0	301	0	18000	14997	0	21	18000	18000	18000	18000	93	NaN	0.11693799765057596	0.07615229824223048	0.04275109359159226	0.06630408015292849	47.515743196776874	0.024017467590868202	0.000002681926939230712	NaN	0.017822929720492143	-0.0765244785222274	0.005986242025198463	0.00009876507677500457	NaN	19.606482039478678	943.7247425204173	94.93322235997519	95.20583598793877	94.66061261367798	0.5452268592582823	0.0002818164694407541	40.214389871583855	138
DATA	2026-09-03T073000_AIU-1657.ghg	2026-09-03	08:00:00	246.333	1	18000	18000	0.23011693840479575	1	NaN	71.80744443600102	1	NaN	156.3457006759986	1	NaN	-0.4731114457939539	2	NaN	3.5450930607937035	1	NaN	0.2859183264729165	1	NaN	NaN	NaN	NaN	NaN	NaN	NaN	NaN	NaN	NaN	8.940173988760699e-10	4.425044189604178e-11	3.686884775181206e-12	NaN	19.575803690939345	496.2936952628149	508.79198712977814	-0.1	0	968.9274111255984	24.56463974102517	25.183257386223254	0.1	1	0.08072967336071407	1.9788434564554978	2.02867718054646	0.6	0	NaN	NaN	NaN	NaN	9	303.7341936247084	295.40428402603834	97658.87459777883	1.1410368169824276	1019.2364816826232	0.025148674173318213	0.22972203033943198	0.017601516989205604	2399.598566311431	2677.175794448202	0.015425897505879228	89.6317145585883	277.5772281367708	293.58116686621855	-0.7566054451238792	-0.9613976284294804	0.748932206540186	1.434446461020445	1.3544961250005283e-15	4.566951186223151e-14	1.434446461020445	3.5138987626317566	289.20221236919724	231.7977876308027	31.473582095847796	NaN	0.44908077639535293	0.45020993970537787	-108.46382501552057	-0.01846790853737057	0.4592863387066232	0.13748977090066083	0	20.130656682706867	-3.054904816171302	6.910203012054989	17.2073825570496	26.242344120101695	36.805260759639324	55.140987414560165	0.22737018278897	1.0120805445205412	80.05534611111065	1.0221288157384736	142.18767502995107	1.0995728050484348	-0.4302684129889098	1.0995728050484348	3.224063967858451	1.0995728050484348	0.19920225184701912	1.305184990197103	NaN	NaN	800000009	800000009	800000009	800000019	800000019	800000019	899999999	899999999	89999	89999	89	89	23	7	0	16	7	3	7	NaN	0	0	0	0	0	0	0	0	0	NaN	NaN	NaN	NaN	0	14	0	0	0	0	301	0	18000	18000	0	16	18000	18000	18000	18000	93	NaN	0.23835138104331113	0.5046119813792422	0.1574565169882024	0.08094955230340102	8.119482187902323	0.11018006062773414	0.000001732203700019372	NaN	0.06883601519076266	-0.011093255034534254	0.0831233777879672	0.00019920225184701912	NaN	19.57726649485694	968.988339892785	94.76027211634316	95.0164715800815	94.50407010226779	0.5123995430601908	0.0002814626893976109	26.044933226757667	139
DATA	2026-09-03T080000_AIU-1657.ghg	2026-09-03	08:30:00	246.354	1	18000	18000	0.05197209500990481	1	NaN	23.78620475988505	0	NaN	43.284528012440035	0	NaN	-3.1090449968565066	1	NaN	0.981915023557481	0	NaN	0.06294974601676967	0	NaN	NaN	NaN	NaN	NaN	NaN	NaN	NaN	NaN	NaN	-1.8827085028472448e-10	-9.530442980934092e-12	-8.625086458250644e-13	NaN	19.19832766407973	488.052199216795	500.41528387285257	0.1	1	971.8369405306008	24.7056495964237	25.331480271776943	0.1	1	0.08795160573508487	2.160592788243894	2.215323801834638	0.5	0	NaN	NaN	NaN	NaN	9	303.71724622429736	295.8785928635205	97665.72851518342	1.1392263111476322	1019.3260616445317	0.025187285841879327	0.06362809352652476	0.01767541831026671	2413.542499888151	2755.426236210167	0.01551528272943492	87.59234662756765	341.8837363220164	293.6750761019048	-0.8485876327867855	-0.1700764368146703	0.6146512225414408	1.0615192368723143	4.8515379008423416e-14	-9.806627617726371e-15	1.0615192368723143	3.103201876127421	329.6667682128175	191.33323178718243	35.38232959967948	NaN	0.21358960299067045	0.2701565439414814	-35.23162869763207	-0.05685516321686908	0.5495313418468802	0.0959007292649409	0	15.473227385189563	-2.348121951795823	5.311458248413745	13.22628204364028	20.170914644803624	28.28999459288959	42.38356701211392	0.051303961808527046	1.01302303326732	26.04292403765254	1.021492627667776	39.52590968175516	1.0950925193359897	-2.839070619112327	1.0950925193359897	0.8966502886467219	1.0950925193359897	0.04065955691123273	1.3062076200096862	NaN	NaN	800000009	800000009	800000009	800000019	800000019	800000019	899999999	899999999	89999	89999	89	89	21	1	1	9	4	0	3	NaN	0	0	0	0	0	0	0	0	0	NaN	NaN	NaN	NaN	0	7	0	0	0	0	301	0	18000	3004	0	16	18000	18000	18000	18000	93	NaN	0.09523247751363118	0.3763160747994666	0.06876453556986502	0.08362895054351817	14.56958684775864	0.05982676036819535	7.35446200754456e-7	NaN	0.022426763811512134	-0.07332039714540471	0.02315643535653747	0.000040659556911232724	NaN	19.20010991957241	971.9049124928333	95.11502984576752	95.47729759131536	94.75276294199625	0.7245351920459082	0.0002826213975802402	54.63399534260156	222
DATA	2026-09-03T083000_AIU-1657.ghg	2026-09-03	09:00:00	246.374	1	18000	18000	0.03437182523837565	1	NaN	29.923979963823317	1	NaN	45.75838587810999	1	NaN	-11.699973652121875	2	NaN	1.0388515253920938	1	NaN	0.10917674090678049	2	NaN	NaN	NaN	NaN	NaN	NaN	NaN	NaN	NaN	NaN	-3.05621667979119e-10	-1.5983305794472247e-11	-1.4508439940430469e-12	NaN	18.644416702019736	476.7453241406373	488.93580253071724	-0.1	0	975.0598361641931	24.93267690151216	25.570210703280644	0.1	1	0.08850858047279997	2.1824380951003777	2.2382434970389604	0	1	NaN	NaN	NaN	NaN	9	303.7545934549968	296.6900697265788	97665.82055731888	1.1360130344779655	1019.4714452295574	0.025256340709891557	0.06731757884540768	0.01778907129199848	2435.7235301202822	2893.941186224082	0.015659214068941673	84.16631069473577	458.2176561037995	293.8234855372293	-0.5686456919293429	0.30687367200752397	0.3833684094905943	0.7513326233543585	-3.879994554040817e-14	-1.6392128156308114e-14	0.7513326233543585	1.566752560542296	9.353831945000877	151.64616805499912	30.680566761020046	NaN	0.17394407506476556	0.10612311667480678	-15.126961722280106	-0.1324191887819539	0.6539561959972549	0.14854270716929	1	4.386625668274588	2	4	6	10	18	47	0.03386013518582074	1.0151118727006496	32.24194311530542	1.0220027599265027	41.86148903781535	1.0930902586091573	-10.70357507989218	1.0930902586091573	0.9503803708889724	1.0930902586091573	0.07482600508149348	1.3090865405142813	NaN	NaN	800000009	800000009	800000009	800000019	800001019	800001019	899999999	899999999	89999	89999	89	89	7	0	0	30	13	2	6	NaN	0	0	0	0	0	0	0	0	0	NaN	NaN	NaN	NaN	0	2	0	0	0	0	0	0	18000	0	0	0	18000	18000	18000	18000	93	NaN	0.04379027041556408	0.12395273438646856	0.044503228547580924	0.06714769468252262	14.870439554909968	0.07049297414351219	9.519279529988564e-7	NaN	0.027839589485495204	-0.27724751598039704	0.02461706440126641	0.00007482600508149349	NaN	18.64605638715953	975.1195120309972	95.3460917271508	95.83566876941256	94.85651831351387	0.9791446956594672	0.0002842916344767823	47.76015274336834	061
DATA	2026-09-03T090000_AIU-1657.ghg	2026-09-03	09:30:00	246.395	1	18000	18000	0.007012878457083733	0	NaN	3.1853862808111932	1	NaN	18.56269231446175	0	NaN	2.1938901726385125	0	NaN	0.4219796086552812	0	NaN	0.01790342079814814	2	NaN	NaN	NaN	NaN	NaN	NaN	NaN	NaN	NaN	NaN	-6.847982914056884e-11	-3.702755139161339e-12	-3.3697979729336944e-13	NaN	18.158797506409087	467.0198436935541	479.1185988926333	0.1	1	981.8596458502765	25.252109241934193	25.906297906729005	0.1	1	0.0893569388182946	2.217057374057777	2.2744931228664282	0	1	NaN	NaN	NaN	NaN	9	304.6868023130629	298.03740337416446	97659.42980977034	1.130665590860679	1019.6807714901909	0.025372695462992593	0.02734427864086222	0.0179343584917889	2466.7680970482247	3137.3723357520516	0.015861770833706015	78.62528998990877	670.6042387038269	294.02922381767894	-0.47962447330998786	0.1732413854985436	0.2446940630730528	0.5656212492035115	-1.0158106192195122e-14	-3.771165415353033e-15	0.5656212492035115	1.3127868099947182	0.8598280770794418	160.14017192292056	25.633385222799053	NaN	0.07875553175595444	0.055100633011658136	-13.189828687795805	-0.1518670217342106	0.17160152346702073	0.035081861663728134	1	9.86603193762183	4	8	14	22	37	95	0.006890959451562059	1.0176926023696218	4.24918576514114	1.023294807611197	16.977134495500074	1.093393724328563	2.0064960350725887	1.093393724328563	0.3859356417235819	1.093393724328563	0.012025815171731381	1.3127555066085517	NaN	NaN	800000009	800000009	800000009	800000019	800001019	800011019	899999999	899999999	89999	89999	89	89	16	0	0	35	13	5	3	NaN	0	0	0	0	0	0	0	0	0	NaN	NaN	NaN	NaN	0	0	0	0	0	0	301	0	18000	0	0	21	18000	18000	18000	18000	93	NaN	0.03275518800442579	0.05547910430526812	0.02196697371362237	0.07412323224112916	2.6000501415903132	0.08238398366438074	3.6579641790606784e-7	NaN	0.0036855924751321477	0.05222947093337515	0.010045977679106694	0.000012025815171731382	NaN	18.160136804560036	981.9176809786835	95.30710330115423	95.8749535530938	94.73925291697184	1.1357004836400306	0.0002862806259185567	55.45992872101254	202
DATA	2026-09-03T093000_AIU-1657.ghg	2026-09-03	10:00:00	246.416	1	18000	18000	0.006472502589177214	0	NaN	1.3472090119207276	1	NaN	13.9258632476943	0	NaN	-3.612251023330109	1	NaN	0.31684260354462473	0	NaN	-0.0017500558234831746	2	NaN	NaN	NaN	NaN	NaN	NaN	NaN	NaN	NaN	NaN	6.220194933682864e-11	3.460647291840472e-12	3.0705657243217556e-13	NaN	17.545711976049525	453.27215595922405	464.99853614473477	0.1	1	976.1674880079331	25.21810129281966	25.870506342255183	0.1	1	0.08661346208097188	2.157519369577244	2.2133354881114307	0	1	NaN	NaN	NaN	NaN	9	305.43039939626055	298.91681043667256	97632.03048676216	1.1270375424833754	1019.678876743095	0.02545470323192204	0.020531400709691682	0.017852504071344373	2462.7548650073977	3305.726927040242	0.015840203541052592	74.49964620073463	842.9720620328444	294.0027554297365	-0.520515469934725	0.3983530522423007	0.2137574223843585	0.6894300140670859	6.758371325539988e-15	3.545136807314308e-15	0.6894300140670859	1.4454961674807645	18.4270080617041	142.57299193829587	18.062212848980906	NaN	0.07578215044313501	0.04282122836825987	-27.780603283044847	-0.07210426568463107	0.09674150808164689	0.015469142803681626	1	14.605962529093116	6	12	21	34	60	165	0.006371786827717064	1.0158065177293816	2.164987815520262	1.022313521641545	12.740771910159213	1.0930156623077225	-3.3048483639323485	1.0930156623077225	0.2898792894473843	1.0930156623077225	-0.002493993486384774	1.3100707681779227	NaN	NaN	800000009	800000009	800000009	800000009	800000019	800010019	899999999	899999999	89999	89999	89	89	11	3	0	13	0	0	1	NaN	0	0	0	0	0	0	0	0	0	NaN	NaN	NaN	NaN	0	0	0	0	0	0	0	0	18000	0	0	0	18000	18000	18000	18000	93	NaN	0.04480781208028121	0.03036373001490561	0.010470914641332929	0.06504355656656784	18.71347986384544	0.0945224555337633	7.396661195927383e-7	NaN	0.0018838818014835152	-0.08630086199095367	0.007569736882834643	-0.000002493993486384774	NaN	17.547089928858504	976.2345841875789	95.23844842550491	95.86143570666843	94.61546304469637	1.2459709841642075	0.00028728900861299035	56.44366087298924	000
DATA	2026-09-03T100000_AIU-1657.ghg	2026-09-03	10:30:00	246.437	1	18000	18000	0.19080101694324894	1	NaN	94.22789667766753	1	NaN	158.8471163588751	1	NaN	-3.1561285838954034	1	NaN	3.6196418473798273	1	NaN	0.08316892179933368	1	NaN	NaN	NaN	NaN	NaN	NaN	NaN	NaN	NaN	NaN	9.358735231952746e-10	5.250794572541431e-11	4.576475206512034e-12	NaN	17.345889033841356	450.1022226014018	461.7632933758162	0.1	1	973.205222045756	25.253351536809557	25.907605403542153	0.1	1	0.08482239226861885	2.1279607531127596	2.1830911206186294	-1	0	NaN	NaN	NaN	NaN	9	306.7934160257976	300.49101639133045	97622.8911814236	1.1210132069702277	1019.7327654187899	0.025591152649174078	0.2345527917102128	0.01778213778522474	2465.9664810637564	3626.827048985389	0.015862558687675662	67.99239246199002	1160.8605679216325	294.0239399518468	-0.23768698416474704	0.23063986191061878	0.16498075784965732	0.37001148469222644	-6.84589145522943e-14	5.3953621020485655e-14	0.37001148469222644	2.7749074181940694	25.13790999651235	135.86209000348765	26.479661076452828	NaN	0.41255796669247924	0.35851605808862086	-64.08249204302122	-0.03125814768026244	0.5931986606844237	0.19980088884123337	0	22.15740639404767	-3.3624719041176987	7.60592060243146	18.939817726955916	28.88441706429988	40.51080563063712	60.692568869998276	0.1864619646748478	1.0232704416472689	102.09702855617667	1.0266699928581817	144.86588489338638	1.0965115525700075	-2.8783359158396995	1.0965115525700075	3.3010521766926195	1.0965115525700075	0.03133181324568973	1.3207385031435168	NaN	NaN	800000009	800000009	800000009	800000009	800000019	810011019	899999999	899999999	89999	89999	89	89	21	2	1	24	13	2	0	NaN	0	0	0	0	0	0	0	0	0	NaN	NaN	NaN	NaN	0	0	0	0	0	0	0	0	4	0	0	0	18000	18000	18000	18000	93	NaN	0.3673249991665622	0.24515587070410574	0.10455124630657377	0.5982510999705541	12.594236323535792	0.5651859648707575	0.0000017774853276755678	NaN	0.08931327184786696	-0.07556881145772859	0.0866669481417477	0.00003133181324568973	NaN	17.34723547399229	973.2316785272238	95.1552550591363	95.81774707158408	94.49276102362738	1.3249874317645973	0.00028832312455860025	56.230573552820324	088
DATA	2026-09-03T103000_AIU-1657.ghg	2026-09-03	11:00:00	246.458	1	18000	18000	0.2835334643897332	1	NaN	70.455903708094	1	NaN	29.446616986641402	2	NaN	-10.585021101407236	2	NaN	0.672303562368872	2	NaN	0.06423650038992958	2	NaN	NaN	NaN	NaN	NaN	NaN	NaN	NaN	NaN	NaN	5.439154937766078e-10	3.1530166848410525e-11	2.6657260473225532e-12	NaN	16.883128716523874	441.056546237154	452.62916496866484	0.1	1	978.6959030327272	25.56754983367462	26.238401470836184	0.5	0	0.08274409627025897	2.0947895374094863	2.149753466288944	0.4	0	NaN	NaN	NaN	NaN	9	308.5167771394518	302.4854195916565	97620.60829985347	1.113462312934045	1019.9585211726633	0.025761607331520872	0.043565270841502905	0.01788425892716418	2496.5892715562827	4072.398539915924	0.01606184485942591	61.305131290215655	1575.8092683596415	294.22472999465896	0.010886219542973922	-0.21217181942941885	0.19534308366561798	0.28860753814122175	-1.528786037441195e-14	3.2216510512311987e-14	0.28860753814122175	2.5971161572551966	248.06281466033136	272.93718533966864	42.597728209867704	NaN	0.5046199324453988	0.44339470629825173	-156.8471226916823	-0.0127710344035927	2.392665471217174	0.12294049457661514	0	17.70970757503673	-2.687516449000925	6.079169525192874	15.137991672120634	23.086392449865862	32.378993668702364	48.509632740869534	0.2758921539965988	1.0276967296185908	70.7832487797711	1.0295231399234999	26.77651277321896	1.0997181461244272	-9.625212731744446	1.0997181461244272	0.6113417012697038	1.0997181461244272	0.029954517150857386	1.327140045095822	NaN	NaN	800000009	800000009	800000009	800000019	800000019	811011019	899999999	899999999	89999	89999	89	89	15	0	0	17	1	5	3	NaN	0	0	0	0	0	0	0	0	0	NaN	NaN	NaN	NaN	0	1	0	0	0	0	0	0	0	0	0	0	18000	18000	18000	18000	93	NaN	0.4234390713946128	0.18947250163643756	0.27387783956545314	0.2523548501858013	4.679482868743091	0.3715045758257608	0.000001058293636488737	NaN	0.062326459770608016	-0.25446884085160787	0.01616249099339718	0.000029954517150857387	NaN	16.884336778922744	978.7596781390137	95.01855702463786	95.74089254930286	94.29622250874837	1.444670205122899	0.0002904077513893653	52.67607792587268	053
DATA	2026-09-03T110000_AIU-1657.ghg	2026-09-03	11:30:00	246.479	1	18000	18000	0.13031704265511668	1	NaN	-40.848808598335964	2	NaN	143.32761498127	1	NaN	14.119643156924369	1	NaN	3.275465608471839	1	NaN	0.19215109555975446	1	NaN	NaN	NaN	NaN	NaN	NaN	NaN	NaN	NaN	NaN	2.2156629242267755e-10	1.2824127323354529e-11	1.0880305896329493e-12	NaN	16.627269214364283	436.1984923719124	447.49639512104545	0.1	1	962.3766102378318	25.24691343284921	25.900829431341275	0.3	0	0.08165040507505882	2.075921074004854	2.1296891516555805	1.3	0	NaN	NaN	NaN	NaN	9	309.3362283138699	303.4606319359674	97610.00550282118	1.1098993656705596	1019.7994007998568	0.025847470051036034	0.21225017142897518	0.017601312119007322	2465.0123952744393	4307.087862215505	0.015858475699166895	57.231532630181164	1842.0754669410658	294.01764911749945	-0.4570852001635832	0.6863504962606322	0.21068626621454387	0.8511125581831089	1.3194588572769034e-13	1.3325476935879923e-14	0.8511125581831089	3.4820454162243006	37.337786048242094	123.66221395175789	14.332119154095759	NaN	0.3426563672416551	0.42029046753188715	84.6933854880023	0.023651197652073547	-0.28500305822903754	-0.1053227602647528	0	21.098694243078356	-3.201808250670486	7.242498980879885	18.034846503877258	27.50427884885176	38.57514215974311	57.79259226653305	0.12880998581440709	1.0116998447844021	-31.663034823105555	1.0220872892061446	129.18594614784237	1.1094675485616963	12.726503966005087	1.1094675485616963	2.9522860877887984	1.1094675485616963	0.14125950599549433	1.4077596816781854	NaN	NaN	800000009	800000009	800000009	800000009	810000019	810100019	899999999	899999999	89999	89999	89	89	9	5	0	1	12	3	0	NaN	0	0	0	0	0	0	0	0	0	NaN	NaN	NaN	NaN	0	0	0	0	0	0	0	0	0	0	0	0	18000	18000	18000	18000	93	NaN	0.44848683827292335	0.31057952850865606	0.08151456828219493	0.20496839894604693	7.392681149900674	0.4468532560376749	0.0000013619460270586526	NaN	-0.027973975032451835	0.3374702989619437	0.07828613980152	0.00014125950599549434	NaN	16.628433967101586	962.4379726451651	94.90972422875299	95.67346757104661	94.14598268720837	1.5274826996823165	0.00029125435415254384	57.64389647329077	137
DATA	2026-09-03T113000_AIU-1657.ghg	2026-09-03	12:00:00	246.499	1	18000	18000	0.007750176692407234	1	NaN	-11.638099270183506	1	NaN	67.57139001304103	1	NaN	1.4174631667737745	1	NaN	1.5452416509038822	1	NaN	0.0011778459523610332	2	NaN	NaN	NaN	NaN	NaN	NaN	NaN	NaN	NaN	NaN	-1.0296752632490875e-10	-5.951842614861313e-12	-5.060148227084978e-13	NaN	16.35985828036928	429.86878919277837	440.8222298665846	0.1	0	945.6505867582314	24.847750253251313	25.480893121770865	0.2	0	0.08039749115808963	2.0500454306259726	2.102282419138528	0	1	NaN	NaN	NaN	NaN	9	309.9738923984103	304.1454821584439	97598.20184809028	1.1074350062595708	1019.5894597057074	0.02590893572610202	0.10013165897857156	0.017281932070420378	2425.746250949522	4478.845983501087	0.015605369139260963	54.16007292694023	2053.099732551565	293.7568764078209	-0.8722585123538613	1.4420095771900845	0.16393002931012515	1.6932511885692856	4.3471700542976855e-14	-6.293913098774382e-15	1.6932511885692856	3.8476692302172535	39.83063684612398	121.16936315387602	5.555722395408887	NaN	0.08365591970671836	0.14630577163622394	4.325135403520193	0.46313000937951976	-0.17223412553652362	-0.1232088189109073	1	44.685222463030435	20	44	97	198	482	2695	0.0075565388056987245	1.0256252090656213	-7.5377241144736296	1.0537194626896198	53.70315114384556	1.2582388290781852	1.1265454014101923	1.2582388290781852	1.2280988435525884	1.2582388290781852	0.0001839589366835813	1.8660985255606326	NaN	NaN	800000009	800000009	800000009	800000009	800000019	800100119	899999999	899999999	89999	89999	89	89	26	17	13	18	0	5	2	NaN	0	0	0	0	0	0	0	0	0	NaN	NaN	NaN	NaN	0	0	0	0	0	0	0	0	0	0	0	0	18000	18000	18000	18000	93	NaN	0.16760171807961338	0.08620346474443318	0.03880636044840133	0.05886866485397141	3.305417960990051	0.24203899074445853	1.1187843153041907e-7	NaN	-0.006675697565107276	0.02993152290139506	0.03262972678682714	1.839589366835813e-7	NaN	16.36095883929865	945.7067287600634	94.86789884270561	95.64001043828328	94.09579605399237	1.5442093759874507	0.00029198824274418356	57.94793951204089	183
DATA	2026-09-03T120000_AIU-1657.ghg	2026-09-03	12:30:00	246.52	1	18000	18000	0.05108912295237752	1	NaN	-10.802277491004189	1	NaN	95.61418734049974	1	NaN	-0.9724203681828179	2	NaN	2.1876772529643986	1	NaN	0.037327433733993824	1	NaN	NaN	NaN	NaN	NaN	NaN	NaN	NaN	NaN	NaN	9.369415350068449e-11	5.520336961781964e-12	4.626733594853881e-13	NaN	16.097323889753675	424.0240366621788	434.88883911892356	0.1	1	948.4332664762677	24.982941569060824	25.623081517430062	0.3	0	0.07949058339848619	2.031972286986495	2.0840376785371086	0.2	0	NaN	NaN	NaN	NaN	9	310.20227050272626	304.68137705623525	97569.2215704449	1.1051018834615538	1019.680417907601	0.02596229556896309	0.141761485992093	0.01734024688195132	2438.22001275222	4617.366461354259	0.01569108436195565	52.80542562864066	2179.1464486020386	293.8401148723324	-0.9965432402872957	1.074182995303965	0.3337729020522092	1.5027880380502179	-1.794155139648134e-14	5.820480108518101e-15	1.5027880380502179	3.066523280016668	28.147240631521413	132.85275936847856	12.83254995548291	NaN	0.21501218076768167	0.22985124155332587	79.10243171204908	0.02532286247901634	-0.11297776816881043	-0.044584701881674085	0	18.373192056900024	-2.788202778863193	6.306922277489428	15.705128228072887	23.951311481859545	33.59205490907067	50.32701952764079	0.0505221521406145	1.0112222220895304	-4.896988709715842	1.0235078555153867	85.64525646891956	1.116397933552781	-0.8710338302832803	1.116397933552781	1.9595855449162474	1.116397933552781	0.024978196685715666	1.3965093155882942	NaN	NaN	800000009	800000009	800000009	800000019	800000019	800000019	899999999	899999999	89999	89999	89	89	15	3	0	3	0	1	0	NaN	0	0	0	0	0	0	0	0	0	NaN	NaN	NaN	NaN	0	5	0	0	0	0	0	0	0	0	0	0	18000	18000	18000	18000	93	NaN	0.25929792350087505	0.15504997876923127	0.04535458083654542	0.04298572526000266	3.1264871286042526	1.186234158053935	2.744491031675202e-7	NaN	-0.004345729643573173	-0.023193638497817363	0.052179280705497426	0.000024978196685715665	NaN	16.098439729242184	948.4395266252769	94.81684437772961	95.60848686769275	94.02520409817164	1.583280803584393	0.0002929563469580092	57.814157415337036	146
DATA	2026-09-03T123000_AIU-1657.ghg	2026-09-03	13:00:00	246.541	1	18000	18000	0.010010201389113273	1	NaN	-43.046940176325585	1	NaN	148.08146124416248	1	NaN	3.4395231716075587	1	NaN	3.3898984498273306	1	NaN	0.029193771187893538	1	NaN	NaN	NaN	NaN	NaN	NaN	NaN	NaN	NaN	NaN	-3.765207805648129e-11	-2.219172189356065e-12	-1.8617440823510142e-13	NaN	15.954169693926433	420.96167803521826	431.6718979801652	0.1	0	940.3212655598542	24.811019654189067	25.442268272341277	0.1	0	0.07888696334883576	2.0212616364544487	2.0726871172577144	0	1	NaN	NaN	NaN	NaN	9	310.79648620775004	305.21163100009494	97537.89445095486	1.1029001266849403	1019.5967399674269	0.02601583225082575	0.219665419548811	0.017185480653410558	2420.663759553708	4758.075785466506	0.015582082400394758	50.87484665434714	2337.412025912798	293.7228529692818	-0.7705807382203831	1.119077499931698	0.19352916727060676	1.372436761222218	-7.581364953519383e-15	-2.360014891330572e-15	1.372436761222218	2.506945664010106	36.449258603993826	124.55074139600619	8.106373214643106	NaN	0.09526937456721132	0.1729744036585722	1.7263422935622381	1.1603145027899904	-0.290697699864996	-0.40181333705128436	1	30.900749894532893	14	30	64	126	292	1472	0.009552999471659425	1.047859514575523	-32.7490095795754	1.0974024455728426	101.06022910195846	1.4652792949317863	2.3473498762348104	1.4652792949317863	2.313482802597809	1.4652792949317863	0.0124464312036477	2.6861940219507665	NaN	NaN	800000009	800000009	800000009	800000009	800000009	800000019	899999999	899999999	89999	89999	89	89	10	0	1	1	3	1	0	NaN	0	0	0	0	0	0	0	0	0	NaN	NaN	NaN	NaN	0	0	0	0	0	0	0	0	0	0	0	0	18000	18000	18000	18000	93	NaN	0.22714395676357785	0.07903535581427015	0.039769494739296384	0.20182084756560018	1.2471027287115701	1.1781680212527617	1.0729062170964438e-7	NaN	-0.029122828012682938	0.06262240305764136	0.06171890010857057	0.0000124464312036477	NaN	15.955179744643955	940.3391451672235	94.78489059978061	95.58561031680637	93.98416968282065	1.6014411758581772	0.0002932826037431369	53.798963852491916	030
DATA	2026-09-03T130000_AIU-1657.ghg	2026-09-03	13:30:00	246.562	1	18000	18000	0.04394570754848742	1	NaN	5.821468320988626	1	NaN	-68.52895875160769	1	NaN	-0.22199946374020404	1	NaN	-1.5694847388199127	1	NaN	0.01854422436805148	1	NaN	NaN	NaN	NaN	NaN	NaN	NaN	NaN	NaN	NaN	-2.4772803458436296e-10	-1.4414534837372628e-11	-1.231574323608548e-12	NaN	15.896096267343179	420.5152782947537	431.062734578767	0.1	1	924.9451068720934	24.468494810436724	25.082218954765647	0.1	1	0.07902708323390255	2.028833341555346	2.0797209836509656	1	0	NaN	NaN	NaN	NaN	9	311.0120516798231	305.6754211361352	97514.52008206185	1.1011067801310095	1019.4147684431447	0.02606161061129321	-0.10170261107553033	0.016918458748198174	2386.673556805956	4884.185112935663	0.01536495738059593	48.8653378530822	2497.5115561297066	293.4936919437265	-0.882884970628216	0.7429618788080763	0.32395637268137345	1.1985098898733377	-5.3042026107418415e-14	-1.558420573315812e-14	1.1985098898733377	2.693424241230513	21.08114975415174	139.91885024584823	15.682077139955789	NaN	0.19977609151416567	0.176172360019692	-117.68258372527693	-0.017021210247015982	-0.08494902632461279	0.025960237924845146	1	7.661153415830116	3	7	12	21	39	121	0.043401219113124626	1.0125454640788683	1.53991727782289	1.0216169104006145	-62.49505598435094	1.0965500817979532	-0.20245264436641477	1.0965500817979532	-1.4312932577110518	1.0965500817979532	0.01655243097007804	1.305616303638297	NaN	NaN	800000009	800000009	800000009	800000019	800000019	810100019	899999999	899999999	89999	89999	89	89	9	2	3	4	1	1	1	NaN	0	0	0	0	0	0	0	0	0	NaN	NaN	NaN	NaN	0	1	0	0	0	0	0	0	0	0	0	0	18000	18000	18000	18000	93	NaN	0.2040558247064552	0.12456129283058476	0.023727602502344097	0.07873248358233559	0.5197273651941711	2.1820484189197127	0.0000012825317270208592	NaN	0.0013718828719496813	-0.005408618230821075	-0.038237676922097556	0.00001655243097007804	NaN	15.897145289846994	924.9253067532886	94.72642782084147	95.54671212599013	93.90613984002007	1.6405735084546942	0.0002940530236163695	58.12657164157032	241
DATA	2026-09-03T133000_AIU-1657.ghg	2026-09-03	14:00:00	246.583	1	18000	18000	0.05755853044249657	1	NaN	-14.150253002474157	1	NaN	86.11028227208894	1	NaN	0.17942229383331643	2	NaN	1.9742585160476955	1	NaN	0.03805485362816942	1	NaN	NaN	NaN	NaN	NaN	NaN	NaN	NaN	NaN	NaN	3.2036987645934426e-10	1.719966325514293e-11	1.5999184593119882e-12	NaN	15.862339280074767	421.42638542035354	431.1819076571994	0	0	851.5997105325063	22.625073231509006	23.14881690930482	0.1	0	0.07921609142076078	2.0422219157668704	2.089496936983127	0.1	0	NaN	NaN	NaN	NaN	9	311.3905138117472	306.7719566419062	97493.22306210836	1.097703087284044	1018.4022995898564	0.026160813720313696	0.12793195183989067	0.0155845238980755	2206.382991525095	5193.940828375129	0.01419739461299594	42.4799408470608	2987.557836850034	292.228111899964	-0.4560418356497209	-0.173145546635742	0.27745462487287953	0.5611903465367216	1.4956163942242621e-13	2.0196887155337293e-14	0.5611903465367216	3.526413877026853	320.20971695826404	200.79028304173596	29.630442157704827	NaN	0.2289878322338113	0.6026458256703764	72.87748472366887	0.027485855303530263	-0.1643271004241116	-0.05527739168485987	0	20.10230107905518	-3.0506017439205397	6.900469450907387	17.183144613530853	26.20537972691327	36.753417672608094	55.063317023140044	0.056822553986283664	1.0129521889563529	-8.708281034979231	1.0219896809358444	77.83079968930775	1.1063779713921995	0.16217088415773698	1.1063779713921995	1.7844340425211174	1.1063779713921995	0.02651950020882528	1.4069842554446972	NaN	NaN	800000009	800000009	800000009	800000019	800000019	800000119	899999999	899999999	89999	89999	89	89	11	4	4	18	11	18	7	NaN	0	0	0	0	0	0	0	0	0	NaN	NaN	NaN	NaN	0	2	0	0	0	0	0	0	0	0	0	0	17875	17875	17875	17875	93	NaN	0.207649930664411	0.9565582670568058	0.04108345361953586	0.04370088725640808	0.13283800248093175	1.8237819541759173	0.0000015825943032892875	NaN	-0.0077898335735180286	0.004340758616679733	0.047763181943536605	0.000026519500208825283	NaN	15.863379165102192	851.62649421686	94.6543708269331	95.498881357193	93.80986538738674	1.6890145150224298	0.00029544478672000366	53.943543056228606	044
DATA	2026-09-03T140000_AIU-1657.ghg	2026-09-03	14:30:00	246.604	1	18000	18000	0.02317260255186574	0	NaN	-4.990373374772028	1	NaN	58.061783968541896	0	NaN	0.08400786036879507	2	NaN	1.3317729754735346	0	NaN	0.09485232868857503	0	NaN	NaN	NaN	NaN	NaN	NaN	NaN	NaN	NaN	NaN	-2.946977337810719e-10	-1.5661273959780287e-11	-1.4654514815392622e-12	NaN	15.820211446002782	421.64171507243924	431.30621934372874	0.1	0	840.7416724200648	22.407523559467645	22.9211293043648	0.2	0	0.0786695981823605	2.032108639637947	2.0786868645276053	0.2	0	NaN	NaN	NaN	NaN	9	311.7288051554362	307.2205790970841	97457.65405064446	1.0957911691976054	1018.2928521218436	0.02620863306729952	0.08629888881068504	0.015406510535025817	2184.370456313195	5325.4979203251405	0.014059714084306096	41.01720607149973	3141.1274640119454	292.0674351725301	-0.5480747905629587	-0.1296525968519761	0.3174828921932683	0.6465223575070582	-8.564518272049762e-14	-1.862792635780679e-14	0.6465223575070582	2.6731876331303726	327.6907722146035	193.30922778539647	29.410441278672394	NaN	0.14541978838232228	0.473028405771355	52.90954817507225	0.0378589511551289	-0.08594936348280018	-0.03075452618658771	1	4.116398159043317	2	4	7	13	26	98	0.022892576111642676	1.0122321943523276	-1.3768130993999925	1.0213050134794948	52.59514295151566	1.1039381340224819	0.07609834082159195	1.1039381340224819	1.2063837043303125	1.1039381340224819	0.06732504711150672	1.3946884614721147	NaN	NaN	800000009	800000009	800000009	800000019	800000119	800010119	899999999	899999999	89999	89999	89	89	0	0	0	20	14	22	1	NaN	0	0	0	0	0	0	0	0	0	NaN	NaN	NaN	NaN	0	10	0	0	0	0	0	0	0	0	0	0	18000	18000	18000	18000	93	NaN	0.16595134990218682	0.7419899831034907	0.03811547853703244	0.023587896611876668	0.15358684957032082	1.514144602900185	0.000002268991831729566	NaN	-0.0012338844693228948	0.0020401607031965223	0.03234257935165147	0.00006732504711150672	NaN	15.821205388653182	840.7037097512521	94.59321280882095	95.46791187222797	93.71851617177327	1.7493886199726045	0.00029624333404677203	56.08695109920736	037
DATA	2026-09-03T143000_AIU-1657.ghg	2026-09-03	15:00:00	246.624	1	18000	18000	0.26636207294203124	1	NaN	-44.421268031866816	1	NaN	326.7885374851398	1	NaN	1.5715406526396174	1	NaN	7.492894492220008	1	NaN	0.21670161343568456	1	NaN	NaN	NaN	NaN	NaN	NaN	NaN	NaN	NaN	NaN	-1.275839064512411e-10	-7.1967351373975406e-12	-6.334007562672042e-13	NaN	15.810974818147468	421.09502613149016	431.34069146521324	0.1	0	891.8632545066007	23.753069294064957	24.331005350141123	0.2	0	0.07849487984570885	2.0253915155738516	2.07467132737541	0.1	0	NaN	NaN	NaN	NaN	9	311.85294809468587	306.8514269239637	97437.28077864583	1.09631724211832	1019.0424052086553	0.026182614529663088	0.48553956309585644	0.016347882887246836	2315.0553047099743	5217.037677672457	0.014911635299705057	44.37490100211082	2901.9823729624827	293.00133015721707	-1.3287982084057297	1.1636960498605406	0.5603414119553634	1.853071955719873	4.526687993169189e-14	-8.069325763823447e-15	1.853071955719873	4.714136958793877	22.21027901476441	138.7897209852356	17.600916276039946	NaN	0.4929105013770758	0.7329723003530375	231.49501882631986	0.008652885967722849	-0.13593276059717	-0.08066671653155313	0	23.164551016840328	-3.515309986215307	7.951640760282812	19.800709802551054	30.197331798608538	42.35218721340464	63.451294024640596	0.26338317075769835	1.0113101462624328	-23.998332644729743	1.024422117241677	291.88907962018055	1.1195641094568252	1.4037076031332194	1.1195641094568252	6.692689082231573	1.1195641094568252	0.15293135462841684	1.386215302603869	NaN	NaN	800000009	800000009	800000009	800000009	800000019	800000019	899999999	899999999	89999	89999	89	89	6	2	0	12	0	0	0	NaN	0	0	0	0	0	0	0	0	0	NaN	NaN	NaN	NaN	0	0	0	0	0	0	0	0	0	0	0	0	18000	18000	18000	18000	93	NaN	0.8624564415961483	0.46994151145813834	0.1335466476517883	0.03877559107285912	0.1030431991795933	2.1380501110232415	0.0000013214236822244179	NaN	-0.021480904673327736	0.03764721178501563	0.17949684302317015	0.00015293135462841683	NaN	15.812026224211596	891.8344541401957	94.59194939846462	95.47133259073894	93.71256749810111	1.7587629274328689	0.0002959738380013733	48.45669008937404	127
DATA	2026-09-03T150000_AIU-1657.ghg	2026-09-03	15:30:00	246.645	1	18000	18000	0.11325304035049583	1	NaN	-12.743438737076	1	NaN	110.54531763372093	1	NaN	-0.4797694387516769	1	NaN	2.5328993602459087	1	NaN	0.14150364533251564	1	NaN	NaN	NaN	NaN	NaN	NaN	NaN	NaN	NaN	NaN	1.768498826977995e-10	1.0230696740869398e-11	8.817551015611844e-13	NaN	15.878455194302719	420.44438358074297	430.92559003827307	0.1	1	918.562440236297	24.322543612690062	24.928877318484297	0.2	0	0.07916832433760682	2.0367158528555773	2.087488892484026	0.1	0	NaN	NaN	NaN	NaN	9	311.92505199686684	306.1334745153962	97408.64340168406	1.098326681380299	1019.3444629021183	0.02612903350501852	0.16413187854393488	0.016774146786796725	2369.861497178551	5011.571654666338	0.015272456793743887	47.28779034760369	2641.710157487787	293.37928680827173	-1.606207356167731	0.37633769341062373	0.7479793498540791	1.8113545313651591	-9.60868790422101e-14	1.1137725964755958e-14	1.8113545313651591	3.5300401489515227	354.1866491440587	166.81335085594128	24.389607012696633	NaN	0.32111394636531837	0.3107149906408782	223.0809284422219	0.008979252569852936	-0.1152779602958843	-0.035446631096078415	0	21.370635621411513	-3.243076403989094	7.335847656051244	18.267297903939617	27.858781900748912	39.072337730590306	58.5374818325574	0.11199621593126642	1.0112220257513052	-5.870974019079879	1.0241496906010288	98.8401304772527	1.1184254522930044	-0.4289686342241675	1.1184254522930044	2.2647011073048624	1.1184254522930044	0.10129817464540904	1.3849510471746578	NaN	NaN	800000009	800000009	800000009	800000019	800001019	800001119	899999999	899999999	89999	89999	89	89	13	4	0	11	14	3	0	NaN	0	0	0	0	0	0	0	0	0	NaN	NaN	NaN	NaN	0	0	0	0	0	0	301	0	0	0	0	16	18000	18000	18000	18000	93	NaN	0.17675155309634918	0.37534681528059866	0.0693316129048086	0.025962758619674734	0.1829781685117342	2.878001448594354	0.0000019657698813692155	NaN	-0.00524393930500828	-0.011488028849913989	0.06065000930477042	0.00010129817464540903	NaN	15.879558982925415	918.5324458047955	94.75805968051486	95.57283709165785	93.94328255971273	1.6295547399454549	0.00029433996537085873	55.79498233083483	110
DATA	2026-09-03T153000_AIU-1657.ghg	2026-09-03	16:00:00	246.666	1	18000	18000	0.13756592959674052	1	NaN	-59.45660001269566	1	NaN	489.63094569578146	1	NaN	5.3493770658135285	1	NaN	11.217228542612839	1	NaN	0.41453724204040243	1	NaN	NaN	NaN	NaN	NaN	NaN	NaN	NaN	NaN	NaN	-6.606204424659149e-10	-3.7344684733780153e-11	-3.2804923195772333e-12	NaN	15.9053355281604	420.37234720336033	430.60504244401716	0	0	899.1240698925079	23.76352859822173	24.34197993453335	0	0	0.07898231372566285	2.030212921352143	2.0796323235465275	0.1	0	NaN	NaN	NaN	NaN	9	311.78923883989125	305.99022757720945	97378.81409092882	1.0987387153432195	1019.0233415241715	0.026124807288178942	0.7268764095613119	0.0163912708696135	2314.6849567449594	4971.427883478551	0.014918260948412344	46.55976132002853	2656.7429267335915	292.99874959348574	-0.21854405748652936	-0.9647192919021148	0.2626689063031858	1.0234450505860908	2.0670278809574603e-14	-4.15345178538539e-14	1.0234450505860908	3.123541291579764	263.7641446139877	257.2358553860123	14.871477867119536	NaN	0.3538410619661294	0.38967705735444963	63.952426781326125	0.03132171992236107	-0.12143145880660362	-0.1500767033730388	0	20.96201926088377	-3.181067294827001	7.19558288228858	17.91801878475866	27.32610920580975	38.325256702041564	57.41821831580391	0.1360260921819673	1.0113201621106143	-28.88683079150308	1.0221520927465682	441.0114637260602	1.1102453926229952	4.818193438457268	1.1102453926229952	10.103377701133015	1.1102453926229952	0.29042080830060457	1.4020016420989132	NaN	NaN	800000009	800000009	800000009	800000009	800000019	800000119	899999999	899999999	89999	89999	89	89	18	1	0	41	19	10	4	NaN	0	0	0	0	0	0	0	0	0	NaN	NaN	NaN	NaN	0	0	0	0	0	0	0	0	0	6001	0	0	18000	18000	18000	18000	93	NaN	0.4927969353549767	0.19821049872939298	0.08834668062452954	0.03171190168172437	0.6381881367795491	1.969517204573773	0.0000037121311220384913	NaN	-0.02580009694585061	0.12893924847481303	0.27037559709482983	0.00029042080830060456	NaN	15.90634274236361	899.1147683817546	94.83617254024082	95.61798918236626	94.05435168817309	1.5636324167946967	0.00029412804988775555	45.86931393167678	239
DATA	2026-09-03T160000_AIU-1657.ghg	2026-09-03	16:30:00	246.687	1	18000	18000	0.07270222201382102	1	NaN	-81.77013243215738	1	NaN	558.037895585764	1	NaN	10.640282448668787	1	NaN	12.785047497462802	1	NaN	0.3277768974185062	1	NaN	NaN	NaN	NaN	NaN	NaN	NaN	NaN	NaN	NaN	3.5542732881569877e-10	2.0147846895653092e-11	1.8028590523152217e-12	NaN	15.881993395816679	420.6429821731516	430.9180853997506	0.1	1	900.2908482105289	23.844678547355585	24.427135747077262	0.1	1	0.08055935275957875	2.0713492111013516	2.121946339460526	0.9	0	NaN	NaN	NaN	NaN	9	311.42017467159695	306.0418680141937	97352.25758249985	1.0982197220898648	1019.0707312171907	0.026136343972442157	0.8284710778355895	0.01643998545620963	2321.95596099522	4985.867407982437	0.014969668751645659	46.570752308369435	2663.911446987217	293.049347493199	-0.1742834407264607	-0.36383201829428485	0.14321491531526137	0.4280875695651731	-5.4184256973379806e-14	2.237926436295575e-14	0.4280875695651731	1.5175813634639301	276.5954332774065	244.40456672259347	19.544923049283287	NaN	0.25729374181581116	0.14235028887396914	17.875061758328833	0.11206115128898289	-0.1465315045429388	-0.2839696402096553	0	25.033704882165953	-3.798961296520235	8.593260796516553	21.398434413605383	32.633962640831896	45.76959661526957	68.57119604216076	0.07160312328980183	1.0153498712559057	-46.92468534264548	1.0263612548103542	495.40360279858476	1.126430838276815	9.446014870248066	1.126430838276815	11.350051031114383	1.126430838276815	0.2155095185396511	1.4911585980022706	NaN	NaN	800000009	800000009	800000009	800000019	800001019	800001119	899999999	899999999	89999	89999	89	89	7	0	0	10	18	21	0	NaN	0	0	0	0	0	0	0	0	0	NaN	NaN	NaN	NaN	0	2	0	0	0	0	301	0	0	0	0	26	18000	18000	18000	18000	93	NaN	0.15983431768849748	0.09489519392077728	0.02997106613866349	0.16028364883341087	7.191776219532694	6.743638140374846	0.000010028661032806482	NaN	-0.04192835290687236	0.25291662716733265	0.30389711051674106	0.00021550951853965112	NaN	15.882962415891118	900.1675509513087	94.78993072594537	95.59134075313145	93.98852470355564	1.602813752793604	0.00029404681437073216	57.754225323446626	006
DATA	2026-09-03T163000_AIU-1657.ghg	2026-09-03	17:00:00	246.708	1	18000	18000	0.22443502332783183	1	NaN	116.90619878662292	1	NaN	36.51828073095135	1	NaN	0.8670039348071599	1	NaN	0.8379937213844247	1	NaN	0.007223981917713015	2	NaN	NaN	NaN	NaN	NaN	NaN	NaN	NaN	NaN	NaN	-3.763198191903174e-10	-1.8744140951047436e-11	-1.8640991799110574e-12	NaN	15.813920905684045	421.9299866272413	430.9875965551825	0.1	0	787.6767242358524	21.01594106265998	21.467092207274757	0.3	0	0.07833421331592315	2.0266443316797624	2.0701504924192826	0	1	NaN	NaN	NaN	NaN	9	312.20568751186806	307.6685447574192	97312.76422482639	1.0931487817825147	1017.5224862869205	0.026285927663131772	0.05430199314571072	0.014407224629512194	2045.6678992010548	5459.735355200749	0.013179564273052956	37.46826111731633	3414.067455999694	291.0210450075522	0.06524015715029935	-0.7066045607679597	0.1910435711563222	0.7348768124545134	-4.8749814144336507e-14	-2.3796743479035336e-14	0.7348768124545134	5.944131040367336	245.72488832007298	275.275111679927	15.068092008791362	NaN	0.4531121183695812	0.8231015916962677	-68.23645417534392	-0.02935527679754183	3.2013062073740555	0.23195758129741745	0	18.877918151212885	-2.8647969109209037	6.480178412753987	16.136560502154023	24.609272921574085	34.51485518360603	51.70954249512121	0.22105643304138256	1.0152838360773548	117.40853509800708	1.0220760487714597	33.40935738834466	1.0930554666607053	0.7931929908880699	1.0930554666607053	0.7666525139337195	1.0930554666607053	-0.02503357321850641	1.3093295711604307	NaN	NaN	800000009	800000009	800000009	800000009	800101019	811101119	899999999	899999999	89999	89999	89	89	25	14	0	17	13	13	11	NaN	0	0	0	0	0	0	0	0	0	NaN	NaN	NaN	NaN	0	0	0	0	0	0	0	0	0	0	0	0	18000	18000	18000	18000	93	NaN	0.6608655856856803	0.7971102709617152	0.18822732674513995	0.24360841211187406	3.6017365304282043	0.8549890928576912	0.000002019999224123997	NaN	0.10555440907359233	0.02129752108998975	0.020584899604213877	-0.00002503357321850641	NaN	15.814936241869653	787.7083441705744	94.69071856541103	95.53789648755392	93.84353969595168	1.6943571581641883	0.00029666383462123716	51.73882643259769	063
DATA	2026-09-03T170000_AIU-1657.ghg	2026-09-03	17:30:00	246.729	1	18000	18000	0.14880557686247853	0	NaN	20.417121825557146	1	NaN	84.82872202553546	1	NaN	-1.52199881810585	1	NaN	1.947632341898495	1	NaN	0.09120636536569353	0	NaN	NaN	NaN	NaN	NaN	NaN	NaN	NaN	NaN	NaN	8.538948544387748e-12	4.3997907687582745e-13	4.1919878157900894e-14	NaN	15.748545801937677	421.4106753132863	430.7641442285802	0.1	1	811.4618103217584	21.713666377790894	22.19561454711703	0.2	0	0.07731363150270446	2.0058024067720104	2.050322423850402	0	0	NaN	NaN	NaN	NaN	9	312.88230950080026	308.2172761383056	97285.9041985677	1.0906112961979384	1017.9321515817167	0.026340079325197857	0.12620657575502248	0.014854939121524151	2113.0003049986576	5628.156710389415	0.013620745698592217	37.54338078572191	3515.1564053907573	291.53653173375494	0.526197955189137	0.1863259761549663	0.0800026787164529	0.5639167367947043	-7.062157061509955e-14	5.422055249912109e-16	0.5639167367947043	6.36880888230441	141.5010152024006	19.498984797599412	8.156050193143516	NaN	0.3693810470938279	0.817569011784557	-211.66057153393967	-0.009463737083780876	0.2406864248103503	0.049788734590809604	0	14.882602067895501	-2.2584922812493917	5.108715689594617	12.72142440572287	19.400974892376684	27.21014314259256	40.76575276487133	0.14621399587449677	1.0177245753560162	25.341787116280415	1.0233126630328633	77.58222191709203	1.0934041321501125	-1.3919819519183014	1.0934041321501125	1.7812556991792183	1.0934041321501125	0.06124329361843673	1.3128000172063272	NaN	NaN	800000009	800000009	800000009	800000009	800001019	810001119	899999999	899999999	89999	89999	89	89	24	11	1	10	42	10	0	NaN	0	0	0	0	0	0	0	0	0	NaN	NaN	NaN	NaN	0	0	0	0	0	0	0	0	0	3001	0	0	18000	18000	18000	18000	93	NaN	0.8495181041992287	0.5589423180751469	0.22667760129473824	0.09499172402195996	1.2608694111761873	0.3308461119256722	5.417985019769746e-7	NaN	0.02282697771270489	-0.03747893849404639	0.047960085042557936	0.00006124329361843673	NaN	15.749538351032466	811.5140848186293	94.60282068125407	95.49071667522854	93.7149272181193	1.7757860128548426	0.000297600379344658	54.129678130099215	100
DATA	2026-09-03T173000_AIU-1657.ghg	2026-09-03	18:00:00	246.749	1	18000	18000	0.12780283145969332	1	NaN	-8.460216395393129	0	NaN	97.23133211858773	0	NaN	1.4912205908942555	0	NaN	2.232754898052049	0	NaN	0.1900398010092109	0	NaN	NaN	NaN	NaN	NaN	NaN	NaN	NaN	NaN	NaN	1.0980965522959248e-10	5.936395375113528e-12	5.457379202745017e-13	NaN	15.688105018241233	419.65535526011047	429.39704080663586	0.1	0	848.1111599873676	22.686894926488968	23.213538024523384	0.1	0	0.07796758661888313	2.025121807642678	2.0721320497286833	0.4	0	NaN	NaN	NaN	NaN	9	312.7086364618937	308.3834297637939	97267.53117426216	1.0894134490168308	1018.4857057658182	0.026359256826029253	0.14468251739377277	0.015509460538973053	2207.2901829577677	5680.033733520849	0.014236523840393162	38.8605118651214	3472.743550563081	292.23470358627503	0.48082238080063644	-0.22015197916531123	0.05795249063763617	0.5319920553732957	2.2398431393572733e-14	6.999548709159716e-15	0.5319920553732957	4.537637132114617	185.60140928079977	335.3985907192002	6.253919711887577	NaN	0.34251048570174086	0.5938197129495195	407.2556955259975	0.004918531581032561	-0.08701121553158056	-0.0222617821942464	0	15.104109621999894	-2.2921069071663465	5.18475206494446	12.910765731384886	19.68973236073106	27.615129597706346	41.37249627282618	0.12617716349107014	1.0128840110495765	-2.3603940742165923	1.0207513677363658	88.4494103268542	1.0992875108978226	1.3565337330871055	1.0992875108978226	2.0310927540953214	1.0992875108978226	0.1370039807833501	1.3794067347185934	NaN	NaN	800000009	800000009	800000009	800000009	800000019	810000019	899999999	899999999	89999	89999	89	89	19	6	0	8	10	1	0	NaN	0	0	0	0	0	0	0	0	0	NaN	NaN	NaN	NaN	0	0	0	0	0	0	0	0	0	0	0	0	18000	18000	18000	18000	93	NaN	0.26878431866175506	0.7310244460534409	0.18783066118384306	0.07969864588516463	1.33889478947307	0.2237490100205614	0.000002013186624831566	NaN	-0.00212733970105502	0.03658750049695675	0.054781245270408674	0.0001370039807833501	NaN	15.689073141127588	848.1578655835292	94.59919229846531	95.48710408719381	93.71127884080676	1.7758273116615082	0.00029766762308200775	55.63364365247088	030
DATA	2026-09-03T180000_AIU-1657.ghg	2026-09-03	18:30:00	246.77	1	18000	18000	0.04698367220735987	0	NaN	17.242466893058253	1	NaN	11.913934574288557	2	NaN	-0.848152273622081	1	NaN	0.27354667012609807	2	NaN	0.10992286458721283	0	NaN	NaN	NaN	NaN	NaN	NaN	NaN	NaN	NaN	NaN	-3.8594433775043095e-11	-2.1346114600773616e-12	-1.9062471728277685e-13	NaN	15.714604383447542	420.00254023945325	429.99116297222264	-0.1	0	869.1557648704384	23.229832594058802	23.78229123822594	0.3	0	0.07761720343575705	2.015257707300261	2.0631851530153553	0	0	NaN	NaN	NaN	NaN	9	312.43884881507023	308.24584998236764	97248.2381497396	1.089457858034771	1018.7878617129965	0.026352724177967714	0.017725824224171155	0.01588456615301926	2259.6662612949	5637.048789453946	0.014580248364698373	40.08598019450158	3377.3825281590457	292.6113019224765	0.5915870520292958	0.008961246353195302	0.0007677223213066652	0.5916554178425605	-2.3427777266514256e-14	-2.455959617774105e-15	0.5916554178425605	3.7511924591979384	160.13216097597206	0.8678390240277563	0.07434608027927561	NaN	0.2076673691725127	0.5910141536501626	-44.53585313177229	-0.04497724550315103	1.4472521051331937	0.07480608769362251	0	11.211670750573791	-1.70141429130216	3.848603759525553	9.583567528352742	14.615545167514822	20.498509911034002	30.710503164293822	0.04618797738584108	1.0172273146942934	17.717869650580106	1.0230392918557156	10.897790960911827	1.0932430817421097	-0.7758130719387033	1.0932430817421097	0.25021577972411657	1.0932430817421097	0.08021120917118287	1.312092500376891	NaN	NaN	800000009	800000009	800000009	800000009	800000019	800001019	899999999	899999999	89999	89999	89	89	9	5	1	7	22	5	2	NaN	0	0	0	0	0	0	0	0	0	NaN	NaN	NaN	NaN	0	0	0	0	0	0	0	0	0	0	0	0	18000	18000	18000	18000	93	NaN	0.41429784149599747	0.622279285472863	0.14545118033146467	0.14458901482874037	2.724636640429025	0.1840951107217912	0.000001827304600540422	NaN	0.015963102586168683	-0.02093114532562478	0.006750727768845585	0.00008021120917118286	NaN	15.715548043939801	869.2010535928916	94.60510564549764	95.48878763453166	93.72141954973009	1.7673673737380236	0.00029733042159932663	52.942588463437914	066
DATA	2026-09-03T183000_AIU-1657.ghg	2026-09-03	19:00:00	246.791	0	18000	18000	0.029715807325897847	1	NaN	-8.68476394116509	1	NaN	52.46312169763663	1	NaN	1.9064917718624494	1	NaN	1.2043381210497492	1	NaN	0.12872518594535462	1	NaN	NaN	NaN	NaN	NaN	NaN	NaN	NaN	NaN	NaN	-1.0525351068944344e-10	-5.9071845189865945e-12	-5.1980392159793e-13	NaN	15.704862439394715	419.0155200158471	429.1066381069903	0.1	0	881.4102224916204	23.51657419158165	24.08292201387092	0.3	0	0.07755987454176358	2.0122743611391027	2.060735807648928	-0.2	0	NaN	NaN	NaN	NaN	9	312.00533390553784	308.0534736904567	97243.01682248263	1.0899604433982841	1018.943986611544	0.026337691527380882	0.07804111024402374	0.016089818416793994	2287.4360356788675	5577.4161183514725	0.014761837013670953	41.012468625973156	3289.980082672605	292.8078806044871	0.6041003370993776	-0.08429450658211578	-0.09449027420281698	0.6172286391949074	3.3582114022043286e-15	-6.7019696030842824e-15	0.6172286391949074	3.9732706347933577	168.94360543347977	352.0563945665203	-8.80592109611059	NaN	0.1651157107905609	0.5047959317107678	44.44408417312068	0.04507011534307763	-0.16554035787688026	-0.04735965963226369	1	2.9826273067531486	1	3	5	9	19	72	0.02933841855510581	1.0128632962981012	-5.365658833573923	1.0228364771528256	47.19808025048626	1.1115520254045952	1.7151619791871668	1.1115520254045952	1.083474361545408	1.1115520254045952	0.09111852796509129	1.425758653634204	NaN	NaN	800000009	800000009	800000009	800000009	800000019	800000019	899999999	899999999	89999	89999	89	89	12	10	1	15	20	6	0	NaN	0	0	0	0	0	0	0	0	0	NaN	NaN	NaN	NaN	0	0	0	0	0	0	0	0	0	0	0	0	18000	18000	18000	18000	93	NaN	0.42858471347204585	0.45086604026149674	0.1301411096879929	0.1209345593984467	2.365247573148449	0.12067257631080693	0.0000016117346676513764	NaN	-0.004831277772388513	0.046261613617781916	0.02922363770116952	0.00009111852796509129	NaN	15.705836170295512	881.461159036896	94.64429459910923	95.51313327365452	93.77545217302111	1.7376867339412345	0.00029701737858380906	49.14030381291882	184
DATA	2026-09-03T190000_AIU-1657.ghg	2026-09-03	19:30:00	246.812	0	18000	18000	0.007438857781462056	1	NaN	6.754555994825505	1	NaN	15.850903000589687	1	NaN	-0.8671735530148028	2	NaN	0.3634102255575844	1	NaN	0.03863239902097565	1	NaN	NaN	NaN	NaN	NaN	NaN	NaN	NaN	NaN	NaN	-1.1013432523510306e-10	-6.28960334817031e-12	-5.442397059679263e-13	NaN	15.76321379511016	418.61609773166396	428.86886273938364	0.1	1	900.2130993403412	23.9065269094859	24.49204668257117	0.3	0	0.07789548646751905	2.009529223972379	2.0587467075359016	0	1	NaN	NaN	NaN	NaN	9	311.804470767551	306.758147324335	97264.47396922142	1.0946415842687998	1019.1261502569006	0.02622115899852161	0.02354898261613147	0.01642931276662539	2325.8794895260958	5189.936413622634	0.015008851301405533	44.8151827722029	2864.0569240965383	293.0765931305967	0.2481844167947982	-0.03857806364357143	-0.05308992264865143	0.2567144554190619	2.2193842132059816e-14	-6.9867938522325554e-15	0.2567144554190619	1.9702049615311135	169.83541266587542	351.1645873341246	-11.935202939163947	NaN	0.0824360467099221	0.14634620548313446	-7.112837393467953	-0.2816175724528075	0.42613067498894047	0.07344796402158625	1	2.2511504207141875	1	2	3	5	9	22	0.007221250781339585	1.0301342532909656	7.572059910522328	1.0311214448955475	14.38907694585291	1.1015927609698473	-0.7871997563340369	1.1015927609698473	0.3298952557001522	1.1015927609698473	0.027081220585715614	1.330694423311651	NaN	NaN	800000009	800000009	800000009	800000019	800000019	800010119	899999999	899999999	89999	89999	89	89	13	1	0	46	6	9	3	NaN	0	0	0	0	0	0	0	0	0	NaN	NaN	NaN	NaN	0	1	0	0	0	0	301	0	0	0	0	21	18000	18000	18000	18000	93	NaN	0.08269039703005407	0.1586512572863841	0.05135075664983076	0.061632291839612836	1.4757018176571488	0.06774785414883837	0.0000013260676808184288	NaN	0.006787567373824294	-0.021146976342047062	0.008862156157330412	0.000027081220585715615	NaN	15.764242144026777	900.2830859145735	94.69119559415182	95.52263706906636	93.85975403319466	1.6628837824066447	0.0002952186206675834	58.26725438765574	155
DATA	2026-09-03T193000_AIU-1657.ghg	2026-09-03	20:00:00	246.833	0	18000	18000	0.00903666546345559	0	NaN	-22.58569071199131	2	NaN	63.38335791614269	1	NaN	8.72638221895136	2	NaN	1.4501059635302707	1	NaN	0.095219323352459	1	NaN	NaN	NaN	NaN	NaN	NaN	NaN	NaN	NaN	NaN	-3.0215635306020844e-10	-1.806922767237881e-11	-1.4704240047323073e-12	NaN	16.277933386742717	428.8250375486319	440.11130982869577	0.1	1	973.435380133349	25.644131445876393	26.319060903210342	0.1	1	0.07921549143972662	2.0251765273773454	2.0784772717411415	0.1	0	NaN	NaN	NaN	NaN	9	310.68006411234535	304.59555792312995	97305.67388869206	1.1021491201590163	1020.053964803538	0.02602528061693219	0.09396686643676154	0.01775609121661964	2495.988834669704	4594.936485742259	0.016110425433227965	54.32042080265024	2098.947651072555	294.2208137825445	-0.018608134885274637	-0.3401713250278572	0.1248755203600493	0.362845268179475	1.0654794576032743e-14	-1.856232888299534e-14	0.362845268179475	1.5327170207929173	254.1310871219564	266.86891287804355	20.130307648880265	NaN	0.090549055237619	0.0874039384393389	2.820623281798274	0.7101621875300319	-0.35633471394608945	-0.2218635443568889	1	2.3533575963608837	1	2	4	8	17	70	0.008752458193067355	1.032471708418253	-18.13703720310348	1.0645724115563444	48.44066354107163	1.3084741884760007	6.669128283772343	1.3084741884760007	1.1082419327042519	1.3084741884760007	0.04419231718586095	2.260981301606519	NaN	NaN	800000009	800000009	800000009	800000019	800000019	800000019	899999999	899999999	89999	89999	89	89	27	3	0	0	0	0	2	NaN	0	0	0	0	0	0	0	0	0	NaN	NaN	NaN	NaN	0	6	0	0	0	0	0	0	0	0	0	0	18000	18000	18000	18000	93	NaN	0.12931367108507635	0.027747881135500266	0.01774632465810119	0.3188409031592304	63.23949028242424	1.2300606003140397	0.000006664162642996219	NaN	-0.016132543221295696	0.1781352850721166	0.029601618714024478	0.00004419231718586096	NaN	16.279298331500566	973.5028560987453	94.75729171583387	95.52548089090983	93.98910308880275	1.5363776574730796	0.0002925419601767013	48.73478270211682	182
DATA	2026-09-03T200000_AIU-1657.ghg	2026-09-03	20:30:00	246.854	0	18000	18000	0.016130501655072762	1	NaN	-30.885915307843508	1	NaN	62.73028518130927	0	NaN	13.91470394614807	0	NaN	1.4329530465297664	0	NaN	0.026396021268815198	1	NaN	NaN	NaN	NaN	NaN	NaN	NaN	NaN	NaN	NaN	-3.534877193364334e-10	-2.063747516097211e-11	-1.667782085374036e-12	NaN	16.658694794722482	435.83729175364493	447.2168332124339	-0.1	0	972.5752302956071	25.445244037546242	26.109609420988306	0	0	0.07859699566510034	1.994891346045453	2.046977179928009	-1.4	0	NaN	NaN	NaN	NaN	9	309.5893825734456	303.0158888375611	97354.30122256136	1.1085326297861733	1019.9006617470011	0.025877378484142968	0.09285535741512886	0.01771907868078008	2477.8684364498167	4198.639576775601	0.01598426442728884	59.015983418913216	1720.7711403257845	294.1022377293328	-0.18027223594056327	-1.2462175326270803	0.4592875538955969	1.3403362543933484	-5.472423820680389e-15	-2.1219412666616547e-14	1.3403362543933484	2.7495211841284086	259.2310550465929	261.768944953407	20.03937971901741	NaN	0.12062843583750635	0.1427248895923556	4.877956624861753	0.4106432578327345	-0.4923605116503772	-0.22646673823445665	1	17.63067954225372	8	17	36	72	168	852	0.015721614155362853	1.0260079846553436	-26.220886790665098	1.0541173275140492	49.68040045031364	1.2626767218603057	11.020005125023205	1.2626767218603057	1.1348534598931959	1.2626767218603057	0.016831890104299738	1.9340989324009026	NaN	NaN	800000009	800000009	800000009	800000019	800000019	800000019	899999999	899999999	89999	89999	89	89	12	2	0	1	1	3	3	NaN	0	0	0	0	0	0	0	0	0	NaN	NaN	NaN	NaN	0	120	0	0	0	0	301	0	0	6001	0	16	18000	18000	18000	18000	93	NaN	0.23494056972749822	0.029308559211685032	0.02120065024552798	0.204781367980568	60.776665229217414	0.6289807382751275	8.972412639570972e-7	NaN	-0.023192150506506127	0.292616540017601	0.030134005301585654	0.000016831890104299737	NaN	16.659790682192618	972.6219500122071	94.8840395526886	95.57288676770528	94.19519147555032	1.3776922682921042	0.00029085889670467504	50.227466064646194	171
DATA	2026-09-03T203000_AIU-1657.ghg	2026-09-03	21:00:00	246.874	0	18000	18000	0.03246114483222774	0	NaN	2.5058922121409632	1	NaN	140.11765040227024	1	NaN	8.181549156586488	1	NaN	3.1952758045375234	1	NaN	0.04463579552484198	0	NaN	NaN	NaN	NaN	NaN	NaN	NaN	NaN	NaN	NaN	5.874986696276994e-10	3.4316481649342166e-11	2.681749720655885e-12	NaN	17.300228908628736	449.532056704469	461.65402548980745	0	0	1010.5265229768034	26.25769107607632	26.96574939327996	0.4	0	0.07897019421745863	1.989281227842181	2.0429236869049294	0	0	NaN	NaN	NaN	NaN	9	308.23100078328446	301.2697223198726	97395.96869222325	1.1150889092343443	1020.3246206922383	0.025717249953974914	0.2070538721340315	0.018398685790464088	2558.079251644818	3795.4692493499792	0.016499747812124876	67.39823414675065	1237.389997705161	294.62148311261063	-0.6332172104845792	-1.9400322942636812	0.6341627011846002	2.137019342451967	-3.971723623305728e-14	3.395901133624169e-14	2.137019342451967	3.3150948837244543	269.0764335974495	251.92356640255045	17.262566827254595	NaN	0.1706189119208168	0.16924888278889821	-170.19503352984862	-0.011769438616719086	0.017884200919346574	0.012908844094274818	1	22.10174543724643	10	19	35	60	113	359	0.03207192218764523	1.0121359313079292	10.850385232354736	1.024924213567021	126.14251772501461	1.1107884393723682	7.3655332253991865	1.1107884393723682	2.8765835970915927	1.1107884393723682	0.027074451944727806	1.306558237560232	NaN	NaN	800000009	800000009	800000009	800000019	800000019	800010019	899999999	899999999	89999	89999	89	89	8	0	0	10	4	1	13	NaN	0	0	0	0	0	0	0	0	0	NaN	NaN	NaN	NaN	0	391	0	0	0	0	301	0	0	6001	0	16	18000	18000	18000	18000	93	NaN	0.21895887405300965	0.08215132864717048	0.0373875628776163	0.043494773835311265	29.425513284483095	0.6657010004140007	2.8195627139642353e-7	NaN	0.009536681859041428	0.19453055229523714	0.07597323625341734	0.000027074451944727805	NaN	17.301319458431667	1010.5547818779361	94.96734441714815	95.59062230173747	94.34407056215073	1.24655222870244	0.00028889635023208234	45.74984056084668	029
DATA	2026-09-03T210000_AIU-1657.ghg	2026-09-03	21:30:00	246.895	0	18000	18000	0.08076617821115226	1	NaN	21.057439360818126	1	NaN	84.07606641918683	1	NaN	-8.033621027632265	1	NaN	1.9253779594497094	1	NaN	NaN	NaN	NaN	NaN	NaN	NaN	NaN	NaN	NaN	NaN	NaN	NaN	1.3356298536489811e-11	7.963616138493397e-13	NaN	NaN	17.241271465774677	447.2416750627435	459.4948059383837	0.1	1	1028.0008890028425	26.666527493421313	27.397113370352187	0.5	0	NaN	NaN	NaN	NaN	0	NaN	NaN	NaN	NaN	9	308.17230240037713	305.5827758139779	97003.29508161776	1.0949210291272176	1020.5327533996795	0.026412963807064167	0.12476449177234115	0.01819299178898958	2565.5069313909385	4852.69873086843	0.016615802697196858	52.86763250047917	2287.1917994774917	294.6688420661711	-0.5911816922274007	-1.1963235090967557	0.5889815804860161	1.4586243634995115	-2.5762057962377517e-14	7.746701606666973e-16	1.4586243634995115	2.9556389881344134	277.29698941312336	243.70301058687662	23.81548118053854	NaN	0.27159599907132936	0.23912209589890682	-81.47593669522952	-0.024585173012405304	0.25045699992468545	0.06938609495291803	0	18.001758315227775	-2.7318362755638828	6.179421093552029	15.387632252244078	23.467110085928258	32.91295556657781	49.30960496448415	0.07980436659369025	1.0120521176787092	25.878919941087602	1.0221978364095052	76.4390076141446	1.0999104912977578	-7.3038861718225725	1.0999104912977578	1.750486039257615	1.0999104912977578	NaN	1	NaN	NaN	800000009	800000019	800000009	800000019	800000019	800001019	899999999	899999999	89999	89999	89	89	26	9	0	5	7	3	3	NaN	0	0	0	0	0	0	0	0	0	NaN	NaN	NaN	NaN	0	1693	0	0	0	0	301	0	0	11997	0	16	18000	18000	18000	18000	93	NaN	0.23402454672103795	0.16806156526276073	0.07615807981401497	0.06140406379838583	18.50310107371973	0.25412266987587334	NaN	NaN	0.023159885204715222	-0.1981580923498851	0.047491563540870224	NaN	NaN	17.242519799043937	1028.0660954574237	94.96904428100586	95.56788416650559	94.37020229000515	1.197679559144708	0.0002884588870316901	38.687876372756946	097
DATA	2026-09-03T213000_AIU-1657.ghg	2026-09-03	22:00:00	246.916	0	18000	18000	0.04215703559336117	1	NaN	-0.5279962702650458	1	NaN	62.34904339907912	1	NaN	8.39595060022181	1	NaN	1.4200715779719302	1	NaN	0.026511751100785904	1	NaN	NaN	NaN	NaN	NaN	NaN	NaN	NaN	NaN	NaN	-9.915320819077407e-11	-5.7195974318946054e-12	-4.4548690844350904e-13	NaN	17.65362055869954	456.6139809790511	468.9663301598555	0.1	0	1018.3392413980896	26.33952244843208	27.052060811451664	0.1	1	0.07931621163884435	1.9866964961916447	2.040440730620519	0	0	NaN	NaN	NaN	NaN	9	307.29987107510044	300.0039070374907	97409.853357193	1.119918471083598	1020.3443225948059	0.02560554602175178	0.09202063825258107	0.018536539007991678	2566.417248849189	3524.6858754070563	0.01655168611520114	72.81265166793908	958.2686265578673	294.67463799797645	-0.5447733554057987	-1.6617152510649669	0.6182384644282205	1.854803057815196	-1.939996481360574e-14	-5.616593370242813e-15	1.854803057815196	3.0124418365780046	269.1511082098001	251.8488917901999	19.470263214559512	NaN	0.19401791288418455	0.09304316826285233	1187.8494766882022	0.0016863247737287106	-0.008468394084019646	-0.0023815289563343394	1	14.750498921332085	6	13	25	43	83	284	0.041659801224118456	1.01193559149665	3.2111804642461927	1.023638699286847	56.37320870267299	1.1060048706456331	7.59124197646675	1.1060048706456331	1.2839650309523138	1.1060048706456331	0.017685251201088742	1.3056459627695192	NaN	NaN	800000009	800000009	800000009	800000019	800000019	800000019	899999999	899999999	89999	89999	89	89	6	2	0	2	3	5	2	NaN	0	0	0	0	0	0	0	0	0	NaN	NaN	NaN	NaN	0	1237	0	0	0	0	301	0	0	12004	0	16	18000	18000	18000	18000	93	NaN	0.08697517984955723	0.0626301784246529	0.03648097825149454	0.14275583837173147	39.8255883511646	0.2535518168813841	1.922310752772697e-7	NaN	0.0028101632701832547	0.19963766710455033	0.033766251190223064	0.000017685251201088743	NaN	17.654953092845	1018.402173181171	94.9961256251865	95.56557710266114	94.42667442576091	1.1388985085090069	0.0002872906516212323	42.011813847961015	027
DATA	2026-09-03T220000_AIU-1657.ghg	2026-09-03	22:30:00	246.937	0	18000	18000	0.08989671096854653	1	NaN	-6.3101581140559535	2	NaN	-38.46603474912345	2	NaN	6.995206821684615	0	NaN	-0.875758683031628	2	NaN	0.007480176721854271	2	NaN	NaN	NaN	NaN	NaN	NaN	NaN	NaN	NaN	NaN	-2.9996432538790836e-10	-1.734148404909969e-11	-1.3503258630752138e-12	NaN	17.744177103024466	457.99520312323125	470.4516028207079	0.1	1	1025.8232001374606	26.477536951285217	27.19766410768509	0.1	1	0.07987756954169728	1.997163902330273	2.0514820953138453	0	0	NaN	NaN	NaN	NaN	9	307.06808598836267	299.59333561537	97420.35769140624	1.1215150526575426	1020.4152207948083	0.025567746324605307	-0.056749162660449486	0.018661215500952802	2580.143031038993	3440.5492906744016	0.016639291159519596	74.99218331306756	860.4062596354088	294.76181169889196	-0.4810454640298177	-1.9515748079645638	0.43247830066663756	2.055987949890028	3.191942338203821e-14	-1.6904944289401842e-14	2.055987949890028	4.2486287778445755	264.84685894600307	256.15314105399693	12.142899136978498	NaN	0.28311921653535393	0.2732497310072373	308.86969647891505	0.006485259068258065	0.16404493354230507	-0.019475510873371953	0	14.22645818522485	-2.15891991563482	4.883482727459449	12.16056248355414	18.545625072808477	26.01050285871245	38.96847301653785	0.08884239429523771	1.011867269918516	-8.46155036876599	1.0259840088008534	-34.157623949181854	1.126133211324987	6.211704575743919	1.126133211324987	-0.7776688177069452	1.126133211324987	0.00879275831869588	1.3951057926805635	NaN	NaN	800000009	800000009	800000009	800000009	800100019	800100019	899999999	899999999	89999	89999	89	89	16	19	0	12	9	5	7	NaN	0	0	0	0	0	0	0	0	0	NaN	NaN	NaN	NaN	0	0	0	0	0	0	0	0	0	0	0	0	18000	18000	18000	18000	93	NaN	0.2197156047259151	0.17772654611138194	0.14905731117717758	0.07160015503388492	20.798798138850746	0.22150590701347517	1.9236181034211805e-7	NaN	-0.007393803577861241	0.16313999063863235	-0.020424165717100835	0.00000879275831869588	NaN	17.745376123773482	1025.8876241415524	94.99244619369507	95.53514960564507	94.4497418759664	1.0854090010258894	0.00028718675352542455	55.75829045495022	153
DATA	2026-09-03T223000_AIU-1657.ghg	2026-09-03	23:00:00	246.958	0	18000	18000	0.02589978722413986	1	NaN	-6.8360213522810085	0	NaN	9.73671294894125	0	NaN	6.449990013726969	0	NaN	0.22157334108561988	0	NaN	-0.0030827481239089774	0	NaN	NaN	NaN	NaN	NaN	NaN	NaN	NaN	NaN	NaN	4.4317570160095174e-11	2.5266195254402618e-12	1.9722238063509608e-13	NaN	17.928282658357308	462.06054961361417	474.5618626863549	0.1	0	1022.1216745092493	26.342852335361638	27.05557330785912	0.3	0	0.07978457694785639	1.9904211299942451	2.0442731147903164	0.6	0	NaN	NaN	NaN	NaN	9	306.6505518747966	299.11511662970645	97430.34890017362	1.1234811039319854	1020.3281779379023	0.02552431668090791	0.014357952502348167	0.018597881116703865	2567.2817555415468	3344.761025063021	0.01655379966037218	76.75531185350304	777.4792695214742	294.68014058953	-0.5211483781926957	-1.9621624453547821	0.5664210546535593	2.107726240575017	2.7927270059270848e-15	2.4719361583378673e-15	2.107726240575017	2.9400138488228236	265.8742903427092	255.12570965729083	15.589040936806459	NaN	0.15183266395738299	0.10454017388635842	43.97611080015884	0.04554973060493482	-0.7020871815908205	-0.03927647881010073	1	22.708112647024567	10	21	41	75	156	616	0.025546734967050608	1.013819858292835	-6.131314328006513	1.0302013754482275	8.49791185887342	1.1457771168542172	5.629358379433958	1.1457771168542172	0.19338258534431155	1.1457771168542172	-0.0011155846406603789	1.4533280419586652	NaN	NaN	800000009	800000009	800000009	800000009	800000019	800010019	899999999	899999999	89999	89999	89	89	11	4	1	0	17	1	6	NaN	0	0	0	0	0	0	0	0	0	NaN	NaN	NaN	NaN	0	0	0	0	0	0	0	0	0	0	0	0	18000	18000	18000	18000	93	NaN	0.09234433089338398	0.07779805125644419	0.03893796562288864	0.10844354284910934	18.879699939336213	0.07813932353910945	3.914736905024701e-8	NaN	-0.00534869616594365	0.1475740912685643	0.005069540323389738	-0.0000011155846406603788	NaN	17.92959036043706	1022.1906768193461	95.00216711595323	95.52902569919164	94.47530513848199	1.0537202062606836	0.00028585035570560856	56.498878794034304	029
DATA	2026-09-03T230000_AIU-1657.ghg	2026-09-03	23:30:00	246.979	0	18000	18000	0.01847701368430705	1	NaN	13.66417632887182	1	NaN	32.27070754538593	1	NaN	6.700191036269189	1	NaN	0.7342247193881793	1	NaN	0.010833860006886874	1	NaN	NaN	NaN	NaN	NaN	NaN	NaN	NaN	NaN	NaN	-5.0714857540546934e-11	-2.9191920933903243e-12	-2.2402817877553405e-13	NaN	18.105826805288768	466.1774668077159	479.031603325022	0.1	0	1042.18741839186	26.83358765493514	27.573483131496015	0.1	1	0.07998081038029363	1.9939030734014707	2.0488819261617444	0.1	0	NaN	NaN	NaN	NaN	9	306.5084319356282	298.9145999450683	97445.5871998698	1.1241998389277283	1020.606797574489	0.025503217286237653	0.04757776181635402	0.01896001011949935	2615.5161020790506	3305.2940670997145	0.016865337872298197	79.13111659605158	689.7779650206639	294.98461200692384	-0.29557789751055324	-1.936782799505528	0.43116172187666985	2.006089314155516	-4.353004502465766e-14	-2.8010241170391052e-15	2.006089314155516	3.4996457019229226	259.67711891152794	261.32288108847206	12.411214290641338	NaN	0.128201802356354	0.2099962562581624	-13.246745460544382	-0.15121450064593311	0.42342351216360374	0.0928939331890628	1	28.972851933825616	13	23	40	62	104	258	0.018257547914838475	1.0120205501030184	15.376348293105822	1.0243069892753986	29.111124825434764	1.1085352331418883	6.044184105253053	1.1085352331418883	0.6623377385193145	1.1085352331418883	0.003468695547159885	1.3060861961235786	NaN	NaN	800000009	800000009	800000009	800000009	800001019	800001019	899999999	899999999	89999	89999	89	89	20	0	0	36	38	5	11	NaN	0	0	0	0	0	0	0	0	0	NaN	NaN	NaN	NaN	0	0	0	0	0	0	0	0	0	0	0	0	18000	18000	18000	18000	93	NaN	0.1680504208438182	0.1496048805362042	0.1023372111363024	0.03460050122045251	12.613223729210842	0.039364282760376165	1.746500608566007e-7	NaN	0.013401432783775681	0.15839765811645204	0.01735763584243336	0.000003468695547159885	NaN	18.107041540622706	1042.2637990216845	94.9605235426161	95.47347394582961	94.44757703081767	1.0258970467580697	0.00028631015199708713	48.83500024813939	064
