DATAH	filename	date	time	DOY	daytime	file_records	used_records	Tau	qc_Tau	rand_err_Tau	H	qc_H	rand_err_H	LE	qc_LE	rand_err_LE	co2_flux	qc_co2_flux	rand_err_co2_flux	h2o_flux	qc_h2o_flux	rand_err_h2o_flux	ch4_flux	qc_ch4_flux	rand_err_ch4_flux	none_flux	qc_none_flux	rand_err_none_flux	H_strg	LE_strg	co2_strg	h2o_strg	ch4_strg	none_strg	co2_v-adv	h2o_v-adv	ch4_v-adv	none_v-adv	co2_molar_density	co2_mole_fraction	co2_mixing_ratio	co2_time_lag	co2_def_timelag	h2o_molar_density	h2o_mole_fraction	h2o_mixing_ratio	h2o_time_lag	h2o_def_timelag	ch4_molar_density	ch4_mole_fraction	ch4_mixing_ratio	ch4_time_lag	ch4_def_timelag	none_molar_density	none_mole_fraction	none_mixing_ratio	none_time_lag	none_def_timelag	sonic_temperature	air_temperature	air_pressure	air_density	air_heat_capacity	air_molar_volume	ET	water_vapor_density	e	es	specific_humidity	RH	VPD	Tdew	u_unrot	v_unrot	w_unrot	u_rot	v_rot	w_rot	wind_speed	max_wind_speed	wind_dir	yaw	pitch	roll	u*	TKE	L	(z-d)/L	bowen_ratio	T*	model	x_peak	x_offset	x_10%	x_30%	x_50%	x_70%	x_90%	un_Tau	Tau_scf	un_H	H_scf	un_LE	LE_scf	un_co2_flux	co2_scf	un_h2o_flux	h2o_scf	un_ch4_flux	ch4_scf	un_none_flux	un_none_scf	spikes_hf	amplitude_resolution_hf	drop_out_hf	absolute_limits_hf	skewness_kurtosis_hf	skewness_kurtosis_sf	discontinuities_hf	discontinuities_sf	timelag_hf	timelag_sf	attack_angle_hf	non_steady_wind_hf	u_spikes	v_spikes	w_spikes	ts_spikes	co2_spikes	h2o_spikes	ch4_spikes	none_spikes	head_detect_LI-7200	t_out_LI-7200	t_in_LI-7200	aux_in_LI-7200	delta_p_LI-7200	chopper_LI-7200	detector_LI-7200	pll_LI-7200	sync_LI-7200	chopper_LI-7500	detector_LI-7500	pll_LI-7500	sync_LI-7500	not_ready_LI-7700	no_signal_LI-7700	re_unlocked_LI-7700	bad_temp_LI-7700	laser_temp_unregulated_LI-7700	block_temp_unregulated_LI-7700	motor_spinning_LI-7700	pump_on_LI-7700	top_heater_on_LI-7700	bottom_heater_on_LI-7700	calibrating_LI-7700	motor_failure_LI-7700	bad_aux_tc1_LI-7700	bad_aux_tc2_LI-7700	bad_aux_tc3_LI-7700	box_connected_LI-7700	mean_value_RSSI_LI-7200	mean_value_LI-7500	u_var	v_var	w_var	ts_var	co2_var	h2o_var	ch4_var	none_var	w/ts_cov	w/co2_cov	w/h2o_cov	w/ch4_cov	w/none_cov	co2_mean	h2o_mean	avg_signal_strength_7200_mean	co2_signal_strength_7200_mean	h2o_signal_strength_7200_mean	delta_signal_strength_7200_mean	flowrate_mean	rssi_77_mean	CHK
DATAU		[yyyy-mm-dd]	[HH:MM]	[ddd.ddd]	[1=daytime]	[#]	[#]	[kg+1m-1s-2]	[#]	[kg+1m-1s-2]	[W+1m-2]	[#]	[W+1m-2]	[W+1m-2]	[#]	[W+1m-2]	[µmol+1s-1m-2]	[#]	[µmol+1s-1m-2]	[mmol+1s-1m-2]	[#]	[mmol+1s-1m-2]	[µmol+1s-1m-2]	[#]	[µmol+1s-1m-2]	[µmol+1s-1m-2]	[#]	[µmol+1s-1m-2]	[W+1m-2]	[W+1m-2]	[µmol+1s-1m-2]	[mmol+1s-1m-2]	[µmol+1s-1m-2]	[µmol+1s-1m-2]	[µmol+1s-1m-2]	[mmol+1s-1m-2]	[µmol+1s-1m-2]	[µmol+1s-1m-2]	[mmol+1m-3]	[µmol+1mol_a-1]	[µmol+1mol_d-1]	[s]	[1=default]	[mmol+1m-3]	[mmol+1mol_a-1]	[mmol+1mol_d-1]	[s]	[1=default]	[mmol+1m-3]	[µmol+1mol_a-1]	[µmol+1mol_d-1]	[s]	[1=default]	[mmol+1m-3]	[µmol+1mol_a-1]	[µmol+1mol_d-1]	[s]	[1=default]	[K]	[K]	[Pa]	[kg+1m-3]	[J+1kg-1K-1]	[m+3mol-1]	[mm]	[kg+1m-3]	[Pa]	[Pa]	[kg+1kg-1]	[%]	[Pa]	[K]	[m+1s-1]	[m+1s-1]	[m+1s-1]	[m+1s-1]	[m+1s-1]	[m+1s-1]	[m+1s-1]	[m+1s-1]	[deg_from_north]	[deg]	[deg]	[deg]	[m+1s-1]	[m+2s-2]	[m]	[#]	[#]	[K]	[0=KJ/1=KM/2=HS]	[m]	[m]	[m]	[m]	[m]	[m]	[m]	[kg+1m-1s-2]	[#]	[W+1m-2]	[#]	[W+1m-2]	[#]	[µmol+1s-1m-2]	[#]	[mmol+1s-1m-2]	[#]	[µmol+1s-1m-2]	[#]	[µmol+1s-1m-2]	[#]	8u/v/w/ts/co2/h2o/ch4/none	8u/v/w/ts/co2/h2o/ch4/none	8u/v/w/ts/co2/h2o/ch4/none	8u/v/w/ts/co2/h2o/ch4/none	8u/v/w/ts/co2/h2o/ch4/none	8u/v/w/ts/co2/h2o/ch4/none	8u/v/w/ts/co2/h2o/ch4/none	8u/v/w/ts/co2/h2o/ch4/none	8co2/h2o/ch4/none	8co2/h2o/ch4/none	8aa	8U	[#]	[#]	[#]	[#]	[#]	[#]	[#]	[#]	[#_flagged_recs]	[#_flagged_recs]	[#_flagged_recs]	[#_flagged_recs]	[#_flagged_recs]	[#_flagged_recs]	[#_flagged_recs]	[#_flagged_recs]	[#_flagged_recs]	[#_flagged_recs]	[#_flagged_recs]	[#_flagged_recs]	[#_flagged_recs]	[#_flagged_recs]	[#_flagged_recs]	[#_flagged_recs]	[#_flagged_recs]	[#_flagged_recs]	[#_flagged_recs]	[#_flagged_recs]	[#_flagged_recs]	[#_flagged_recs]	[#_flagged_recs]	[#_flagged_recs]	[#_flagged_recs]	[#_flagged_recs]	[#_flagged_recs]	[#_flagged_recs]	[#_flagged_recs]	[#]	[#]	[m+2s-2]	[m+2s-2]	[m+2s-2]	[K+2]	--	--	--	--	[m+1s-1K+1]	--	--	--	--	--	--	--	--	--	--	--	--	241
DATA	2026-08-30T233000_AIU-1657.ghg	2026-08-31	00:00:00	243	0	18000	18000	0.015403041529014143	0	NaN	7.555608919320305	0	NaN	18.693478154423026	1	NaN	8.32518120069051	1	NaN	0.4239283150099051	1	NaN	0.013862459545224689	0	NaN	NaN	NaN	NaN	NaN	NaN	NaN	NaN	NaN	NaN	-2.4501636308914763e-10	-1.2762262007175131e-11	-1.0869812857510294e-12	NaN	18.504379436796725	468.99503883737964	480.73887707689073	0	0	963.8447639787188	24.42872586240353	25.040431703976207	0.1	1	0.08209212600595125	2.0132458272314255	2.0636583718715293	0.1	0	NaN	NaN	NaN	NaN	9	304.3618166919284	295.5483983753521	97794.69896646774	1.1421258578330786	1019.1613552518697	0.025125997728519103	0.027470554812641847	0.01751992706276808	2389.640715779464	2700.7434599930552	0.015339751694273094	88.48084800270546	311.10274421359145	293.51380995656115	-0.5033124315533715	-1.608491831663572	0.4701863958773744	1.749755589547522	1.2237224332107751e-14	-1.3240993243033186e-14	1.749755589547522	2.6659503872447847	268.37539918472817	252.62460081527186	15.587844136151967	NaN	0.116130490699527	0.0850869265887096	-17.84316085832555	-0.11226149984885447	0.40418422173257185	0.05589414249078319	1	28.3817711812462	12	23	40	63	107	273	0.015221711758779519	1.011912574164337	8.545455649821534	1.0232079665232865	16.927871437818727	1.1043017560175785	7.5388644048828155	1.1043017560175785	0.3838881109260473	1.1043017560175785	0.008033141653770406	1.3054155390073496	NaN	NaN	800000009	800000009	800000009	800000019	800000019	800000019	899999999	899999999	89999	89999	89	89	5	2	1	9	8	0	5	NaN	0	0	0	0	0	0	0	0	0	NaN	NaN	NaN	NaN	0	8	0	0	0	0	0	0	0	0	0	0	18000	18000	18000	18000	93	NaN	0.10292578475054731	0.04020194375488102	0.027046124671990877	0.09919142044385619	52.32067550055884	0.03784773264997177	1.0184579226633827e-7	NaN	0.007341390285724781	0.19416598997421164	0.009887167495545978	0.000008033141653770407	NaN	18.505804117414698	963.9103702952311	95.53404405721028	95.8986281530592	95.16945825746325	0.7291698447929486	0.0002816113192238845	51.40696203562065	004
DATA	2026-08-31T000000_AIU-1657.ghg	2026-08-31	00:30:00	243.02	0	18000	18000	0.01841408516825328	0	NaN	6.959839219355956	1	NaN	-4.639724720728021	2	NaN	9.642375067769562	0	NaN	-0.10521298572342157	2	NaN	0.017659692538719775	1	NaN	NaN	NaN	NaN	NaN	NaN	NaN	NaN	NaN	NaN	-5.316403102906347e-10	-2.755944671844306e-11	-2.3357340161423417e-12	NaN	18.667839861121283	473.04884127570676	484.94062894190347	0.1	0	967.7131851039445	24.522151695442506	25.138604365095084	0.1	1	0.08201618223358977	2.010934258893853	2.061486339632401	1	0	NaN	NaN	NaN	NaN	9	304.45987920633945	295.48853450062813	97784.59873356679	1.142198533609852	1019.214007388704	0.025123503165687244	-0.006817801474877717	0.017588676953564933	2398.5319718996034	2690.931733954942	0.015398966498387057	89.13388406083457	292.39976205533867	293.57396392837745	-0.3454670253068498	-1.2088269685958564	0.39333502047549634	1.317316417536574	1.3846924308815158e-14	-2.84789410154444e-14	1.317316417536574	2.316092056614494	266.94924728520255	254.05075271479745	17.3728215127609	NaN	0.12697092240521243	0.11337371430574489	-25.31576280118827	-0.07912461558954006	-1.5000543433671396	0.04708558281961885	1	17.54430447253324	8	14	25	41	71	191	0.018190978182779562	1.0122647052419051	6.5896036764434545	1.0218349359197345	-4.225604005136599	1.098002726968268	8.781740546668264	1.098002726968268	-0.09582215338747715	1.098002726968268	0.012379969774735081	1.3053209327348105	NaN	NaN	800000009	800000009	800000009	800000019	800000019	800000019	899999999	899999999	89999	89999	89	89	5	6	0	0	1	0	8	NaN	0	0	0	0	0	0	0	0	0	NaN	NaN	NaN	NaN	0	1	0	0	0	0	0	0	0	0	0	0	18000	18000	18000	18000	93	NaN	0.1355489029911242	0.053496779546229466	0.03770174607413609	0.12297795377985399	41.79679917758719	0.09088711544172733	4.1823318631563256e-7	NaN	0.005660467657987646	0.22617589374217578	-0.002467923194444064	0.00001237996977473508	NaN	18.669285058034752	967.7784261669044	95.47123677317302	95.82006182479859	95.12241581938002	0.6976502603822275	0.00028192513507545097	50.426842336102816	112
DATA	2026-08-31T003000_AIU-1657.ghg	2026-08-31	01:00:00	243.041	0	18000	18000	0.015153488457013115	1	NaN	-15.224952807623447	1	NaN	-22.805770219014537	1	NaN	14.41583618854999	1	NaN	-0.5169680503287927	1	NaN	0.01720903728434497	1	NaN	NaN	NaN	NaN	NaN	NaN	NaN	NaN	NaN	NaN	-4.56215064106119e-10	-2.3282669024856838e-11	-2.0071217212412414e-12	NaN	18.689207594828734	473.0832479843881	484.78773368573934	0.1	0	953.792781086296	24.14352692541229	24.740858508981702	0.1	1	0.08222331410705472	2.012297671740485	2.0620836437149697	-0.1	0	NaN	NaN	NaN	NaN	9	304.11009894053143	295.1124003102635	97772.59103846742	1.143679128125501	1018.989510948439	0.025094604429724138	-0.03349952966130576	0.017337048044278568	2361.20838360901	2629.992694026189	0.015159014113245316	89.78003585227822	268.78431041717886	293.32012540607593	-0.36090197253862893	-1.3735552936957902	0.37976732394194856	1.4700774125725606	1.090789232686636e-14	-2.4410615687759434e-14	1.4700774125725606	2.4001033409458503	265.72171609110137	255.2782839088987	14.971083103466837	NaN	0.11510765687687509	0.05734159952483936	8.62110811048583	0.2323483216227894	0.6675921339823678	-0.11349528835668038	1	20.56500281051375	9	20	42	82	190	944	0.014828456558884942	1.0219194692878146	-15.881225558099977	1.0459999267968654	-18.635281292290866	1.2237953300146287	11.779613661687751	1.2237953300146287	-0.42243015449537064	1.2237953300146287	0.013590284078728828	1.775222343445261	NaN	NaN	800000009	800000009	800000009	800000019	800000019	800000019	899999999	899999999	89999	89999	89	89	5	7	0	2	17	0	11	NaN	0	0	0	0	0	0	0	0	0	NaN	NaN	NaN	NaN	0	27	0	0	0	0	0	0	0	6002	0	0	18000	18000	18000	18000	93	NaN	0.05440712012185599	0.037214570503811106	0.02306150842401162	0.08429899730683185	37.77278948353446	0.10833767308074366	1.6145533916195384e-7	NaN	-0.013627309041472128	0.3029202706723034	-0.010863060573545712	0.000013590284078728828	NaN	18.69058985052866	953.8549403223408	95.46407670720419	95.79522015508014	95.13293378067017	0.6622869476808446	0.00028149360248385665	51.095883792527566	106
DATA	2026-08-31T010000_AIU-1657.ghg	2026-08-31	01:30:00	243.062	0	18000	18000	0.010467910033827063	0	NaN	6.760997032024455	0	NaN	15.052794162993685	1	NaN	10.890981171310324	1	NaN	0.34107327355358225	1	NaN	0.027622187182963623	0	NaN	NaN	NaN	NaN	NaN	NaN	NaN	NaN	NaN	NaN	-1.1096618100092509e-10	-5.514842704115265e-12	-4.884328169359848e-13	NaN	18.784547424274926	474.80466893950825	486.279422398885	0	0	933.5621301773568	23.597036869810644	24.167313866154583	0.1	1	0.08268275370520059	2.019004646983351	2.067798565984222	0.2	0	NaN	NaN	NaN	NaN	9	303.4749692747328	294.66422050187896	97771.05601562055	1.1456395347100596	1018.6674562897948	0.025056887274094896	0.022101548126272127	0.01697012909178206	2307.7260706882307	2558.9587919682863	0.014812799818467236	90.1822287225339	251.23272128005556	292.95019306958613	-0.501150349451461	-1.4525633406009837	0.4447143957307514	1.5996445933342187	-1.2472564937307495e-15	-5.90731192477523e-15	1.5996445933342187	2.5268940703511613	270.03499823045445	250.9650017695455	16.141366810865435	NaN	0.09558857659837511	0.061260985657981284	-11.116346002945235	-0.18019410330240584	0.4491522941731261	0.06060721481680774	1	30.84012347163713	14	25	42	65	108	262	0.010344375849910627	1.0119421592669124	7.547617389791807	1.0226492010085615	13.659872950164692	1.1019717546356975	9.883176338681013	1.1019717546356975	0.30951181109568293	1.1019717546356975	0.019245397571827923	1.3052106901865008	NaN	NaN	800000009	800000019	800000009	800000019	800000019	800000019	899999999	899999999	89999	89999	89	89	17	4	0	11	1	0	10	NaN	0	0	0	0	0	0	0	0	0	NaN	NaN	NaN	NaN	0	146	0	0	0	0	301	0	0	6002	0	21	18000	18000	18000	18000	93	NaN	0.06448052143458928	0.03137745983677645	0.026663990044596835	0.06265662622229255	28.78387453716277	0.0319851925283159	2.3356590655413154e-7	NaN	0.006467395980162386	0.2536281127342829	0.007942881299196215	0.000019245397571827923	NaN	18.785919983016115	933.6270780539512	95.48791039360893	95.80193020163642	95.17389044613307	0.6280388028555468	0.0002811594134416534	47.13511436066635	154
DATA	2026-08-31T013000_AIU-1657.ghg	2026-08-31	02:00:00	243.083	0	18000	18000	0.1270341456132209	1	NaN	28.54423682172781	0	NaN	44.16034173777965	1	NaN	20.468604166581496	1	NaN	1.0007883122178984	1	NaN	0.1915296015599621	1	NaN	NaN	NaN	NaN	NaN	NaN	NaN	NaN	NaN	NaN	4.409164829788115e-11	2.216454392189334e-12	1.9249685583006363e-13	NaN	18.952536109261537	479.28355096030475	491.116123660856	0.1	1	952.7299051897406	24.093227915934328	24.68804255193642	0.1	1	0.08274364311333571	2.0226408419844395	2.0725758851586358	0.6	0	NaN	NaN	NaN	NaN	9	303.5752333399455	294.85273591891035	97761.81026980041	1.1445820704031011	1018.9559962867916	0.025075289007686102	0.06485108263171982	0.017314256053076446	2356.0293867705414	2588.6303571296926	0.015127142474788791	91.0145158531996	232.60097035915123	293.2846256339186	-0.44950579149231484	-1.3661382262461648	0.4197548965552393	1.4981933396522142	-1.2996794715892917e-14	2.3264247087404242e-15	1.4981933396522142	3.352558403951222	269.21295826865935	251.7870417313406	16.270592863157493	NaN	0.3331476592998866	0.31962862046647267	-111.47003240645637	-0.017969852136545894	0.6463771723330642	0.0734648001964731	0	16.64941555496784	-2.5266130443226777	5.715205585703907	14.231670000697694	21.704194715484547	30.440441693220922	45.60532863117789	0.12552631057798463	1.0120121035047829	30.743609018781875	1.0223163434101685	40.128448028023605	1.1004746983222573	18.59979534085351	1.1004746983222573	0.9094151039943608	1.1004746983222573	0.14109888902854822	1.3051673724809012	NaN	NaN	800000009	800000019	800000009	800000019	800001019	800001019	899999999	899999999	89999	89999	89	89	10	3	0	4	13	0	9	NaN	0	0	0	0	0	0	0	0	0	NaN	NaN	NaN	NaN	0	184	0	0	0	0	301	0	0	3001	0	21	18000	18000	18000	18000	93	NaN	0.23352119977418123	0.26644197494707944	0.13929406621168466	0.05552828209468059	14.811073750685264	0.034260638903072474	7.053304478178029e-7	NaN	0.026360429402413368	0.4779127941619061	0.023366983638167353	0.00014109888902854822	NaN	18.953924957265667	952.7976074083099	95.2863665945265	95.56597333314684	95.00676495954727	0.5592132743762598	0.00028099792473464433	50.380979489969306	223
DATA	2026-08-31T020000_AIU-1657.ghg	2026-08-31	02:30:00	243.104	0	18000	18000	0.15756060054811585	1	NaN	61.45270299005773	0	NaN	49.54630901323371	0	NaN	-0.38245316933509493	1	NaN	1.1226040799298636	0	NaN	0.1817015684939243	0	NaN	NaN	NaN	NaN	NaN	NaN	NaN	NaN	NaN	NaN	-8.69870831904761e-11	-4.283261538986472e-12	-3.796832791816629e-13	NaN	19.0957957156242	482.85662342520425	494.6166069123591	0.1	1	940.2808364774661	23.775957626183423	24.35502158743096	0.1	1	0.08334978102455974	2.035177118441575	2.084743901095465	0.2	0	NaN	NaN	NaN	NaN	9	303.36094592454697	294.6279156497204	97723.48639118523	1.1451450563699561	1018.769475140431	0.02506599571065576	0.07274474437945515	0.017092589048140892	2324.092717609522	2553.278825479477	0.014926134425557768	91.023851152374	229.18610786995487	293.06419048624565	-0.6663650526911633	-1.5006059424626326	0.621178479216632	1.7554837740760185	1.7955975355079507e-14	-4.555300260114491e-15	1.7554837740760185	3.6270697112539594	274.94428328446224	246.05571671553776	20.722999038126453	NaN	0.3709313690571958	0.356086292210874	-71.44263311199923	-0.028037880362832918	1.2403083945898745	0.14200740818467072	0	18.293607330382297	-2.776125489574288	6.279603416233957	15.637100400840348	23.84756475303194	33.446548646749584	50.10902463197129	0.15570567885953032	1.0119129995911	63.42745995200954	1.023230662077097	44.862793839478776	1.1043964223564138	-0.3463006232119689	1.1043964223564138	1.0164865235026754	1.1043964223564138	0.1248384135428239	1.305426831608606	NaN	NaN	800000009	800000019	800000009	800000019	800000019	800001019	899999999	899999999	89999	89999	89	89	12	3	0	6	4	0	14	NaN	0	0	0	0	0	0	0	0	0	NaN	NaN	NaN	NaN	0	67	0	0	0	0	0	0	0	2997	0	0	18000	18000	18000	18000	93	NaN	0.289086950569235	0.2866287940088488	0.13645683984366416	0.14321471671929334	18.223347207442153	0.05446030547565677	8.383552366570496e-7	NaN	0.05436769154914583	-0.008891838623382234	0.02609996495529331	0.0001248384135428239	NaN	19.09721649195778	940.3460109898684	95.38038031175401	95.67033696068657	95.09041968154908	0.5799157477319242	0.00028141452412657804	52.85042402591524	216
DATA	2026-08-31T023000_AIU-1657.ghg	2026-08-31	03:00:00	243.124	0	18000	18000	0.0695589342917526	1	NaN	21.882952581569597	1	NaN	47.466519917250665	1	NaN	1.1608874735640373	2	NaN	1.075200594661529	1	NaN	0.15207701640268298	1	NaN	NaN	NaN	NaN	NaN	NaN	NaN	NaN	NaN	NaN	1.1973888264646285e-11	5.774392116635965e-13	5.264518445666175e-14	NaN	19.103513905995335	482.5810420358286	494.07946097789403	0	0	921.2644853595821	23.27240828693315	23.826918052059987	0.1	1	0.08399176534166834	2.0479436279135452	2.0967398129110797	0.3	0	NaN	NaN	NaN	NaN	9	303.11403497483997	294.3585013719432	97714.09243024461	1.1463031813031566	1018.4753843228384	0.025045482381708586	0.06967299853406708	0.016744289374207307	2274.65224218581	2511.471693398453	0.014607208326135698	90.57049092629087	236.81945121264334	292.71764708518674	-0.35583289916377636	-0.9623993738178539	0.34773060642959724	1.0833956717193545	-2.9664629933720305e-15	6.267898316282258e-16	1.0833956717193545	2.733863468425403	271.29112621618515	249.70887378381488	18.721211087505356	NaN	0.2463353340202516	0.16283475039457984	-58.75166885044881	-0.03409435066600151	0.4610186847428164	0.07609027850454264	0	18.5154719253739	-2.8097942978233497	6.355762352166553	15.826746919682677	24.136787660242824	33.852187886477545	50.71674613023111	0.06867077356584683	1.0129336059547098	24.389090252568817	1.021501764990497	43.33628262801995	1.0953066815786414	1.0598743649503495	1.0953066815786414	0.9816434179985701	1.0953066815786414	0.11155389674875979	1.3060926224092426	NaN	NaN	800000009	800000009	800000009	800000019	800000019	800000019	899999999	899999999	89999	89999	89	89	9	2	0	12	5	0	5	NaN	0	0	0	0	0	0	0	0	0	NaN	NaN	NaN	NaN	0	22	0	0	0	0	0	0	0	3005	0	0	18000	18000	18000	18000	93	NaN	0.17708049525263822	0.09019436039985064	0.058394645136670836	0.04142753022651925	16.491034250476304	0.023004743189125983	0.0000016051779310285524	NaN	0.02089034278050242	0.027177725517797634	0.02517169605471835	0.00011155389674875978	NaN	19.104910049076054	921.3293195447166	95.4614204894172	95.74940068774754	95.17344114049277	0.5759623293578612	0.0002804409669624875	53.09426765788945	157
DATA	2026-08-31T030000_AIU-1657.ghg	2026-08-31	03:30:00	243.145	0	18000	18000	0.09068664729452325	1	NaN	24.369337751946574	0	NaN	21.82980056183836	0	NaN	2.6038049959693375	1	NaN	0.49466493735770417	0	NaN	0.12566140644284102	0	NaN	NaN	NaN	NaN	NaN	NaN	NaN	NaN	NaN	NaN	2.1451067095537467e-11	1.04864483836784e-12	9.393039218761848e-14	NaN	19.111825582688876	482.94792425414573	494.62560011206733	0	0	934.2899893890325	23.60912143503243	24.179989749322015	0.1	1	0.08368727133284587	2.0442851217170337	2.0937159150048434	0.6	0	NaN	NaN	NaN	NaN	9	303.30852134450276	294.73749032069077	97721.33794697454	1.1447670277218416	1018.675507746356	0.025075869262615732	0.032054287940779226	0.01696596720508946	2307.7337935422943	2570.4556525706935	0.014820454113578728	89.77917169021559	262.7218590283992	292.9502470278758	-0.3967342900055773	-1.0802267906531382	0.36361115067948935	1.2068558675374843	3.098503012242702e-14	1.122397596332578e-15	1.2068558675374843	2.9884899643793057	271.1667409863087	249.8332590136913	17.53497782825157	NaN	0.28145768875865745	0.23139994307990752	-78.70351844613113	-0.025451212849791818	1.1163335039600724	0.07424678171753916	0	18.157888391740876	-2.755529617028436	6.233015496456929	15.521089893371615	23.67064140931893	33.19841114157768	49.7372694326502	0.0895650960102231	1.0125221915038436	25.32565532423308	1.0216291680195515	19.905949284525462	1.096647050076053	2.3743327406833057	1.096647050076053	0.4510703214159915	1.096647050076053	0.09149960137066193	1.3055912350039662	NaN	NaN	800000009	800000009	800000009	800000019	800000019	800001019	899999999	899999999	89999	89999	89	89	10	3	0	30	36	0	7	NaN	0	0	0	0	0	0	0	0	0	NaN	NaN	NaN	NaN	0	11	0	0	0	0	0	0	17997	3001	0	0	18000	18000	18000	18000	93	NaN	0.23440041817849602	0.14835718915167387	0.08004227882964518	0.034415896247186495	4.106104497040097	0.01932755996753156	6.061495681504142e-7	NaN	0.021717394246631466	0.0609784921888384	0.011584554936123263	0.00009149960137066193	NaN	19.113078973452236	934.3543253691507	95.34451170052424	95.61570210096572	95.07332759009468	0.5423756773571182	0.00028081287279039515	52.61180334103098	139
DATA	2026-08-31T033000_AIU-1657.ghg	2026-08-31	04:00:00	243.166	0	18000	18000	0.07402560087303639	1	NaN	28.411403028239608	0	NaN	40.53430350760134	1	NaN	1.2258106420836803	2	NaN	0.9185470994325897	1	NaN	0.17203156288569196	0	NaN	NaN	NaN	NaN	NaN	NaN	NaN	NaN	NaN	NaN	-8.226282725992083e-10	-4.0099156856966766e-11	-3.5918298217592384e-12	NaN	19.239390552274795	486.2546177378241	498.0599153069391	0	0	937.8274067222399	23.70256510572572	24.278016369358312	0.1	1	0.08400467020150901	2.0525037731192515	2.102334493321211	0.3	0	NaN	NaN	NaN	NaN	9	303.1067076704237	294.7787826710372	97718.97786632147	1.1445382195916654	1018.7299202730673	0.02507998807027699	0.059521852043231814	0.017030320322583635	2316.811728506737	2576.954760904996	0.014879643188026965	89.90502137077098	260.14303239825904	293.0135638950384	-0.4632195191215338	-1.2301646190041495	0.5144763146021684	1.4115818045835753	5.1994484119423215e-15	-4.2757501614412824e-14	1.4115818045835753	2.853653126704073	271.6339070762979	249.36609292370213	21.374842589333102	NaN	0.25431725118490517	0.18410677371167106	-49.80048014674785	-0.040222503760956395	0.7009224427135318	0.09581367512330033	0	14.20718249818219	-2.15599475576002	4.876866007858045	12.144085916186224	18.52049726796347	25.975260755133398	38.91567392342434	0.07313985695853056	1.012110276822226	30.39997964095323	1.0220660088269882	36.87427046985201	1.099257096916446	1.1151264299518584	1.099257096916446	0.8356071586976601	1.099257096916446	0.12594100005729525	1.3052020698679845	NaN	NaN	800000009	800000009	800000009	800000019	800000019	800000019	899999999	899999999	89999	89999	89	89	16	14	0	18	6	0	9	NaN	0	0	0	0	0	0	0	0	0	NaN	NaN	NaN	NaN	0	21	0	0	0	0	0	0	18000	3001	0	0	18000	18000	18000	18000	93	NaN	0.11025722781404125	0.137275483615363	0.12068083599393786	0.04175593912074331	5.036314391843164	0.017562840081812556	9.330226856539091e-7	NaN	0.026072575362263654	0.02864653608012886	0.02146595218039975	0.00012594100005729525	NaN	19.240777208487188	937.8935369456289	95.31773149024116	95.58641688368056	95.04904189046223	0.5373691110892433	0.00028139805868300353	51.98715419104372	154
DATA	2026-08-31T040000_AIU-1657.ghg	2026-08-31	04:30:00	243.187	0	18000	18000	0.06739319145315571	1	NaN	23.611790255741127	0	NaN	17.865300954437178	0	NaN	5.868981705942599	0	NaN	0.4048142404420191	0	NaN	0.04924647127404599	0	NaN	NaN	NaN	NaN	NaN	NaN	NaN	NaN	NaN	NaN	2.290205745474338e-10	1.1015263323502371e-11	9.93634493675808e-13	NaN	19.33407233789184	488.39222541341627	500.1406956075035	0	0	929.9160057491354	23.4903304155578	24.055399702856207	0.1	1	0.08388329832861241	2.0486219488733846	2.097902368693578	0.8	0	NaN	NaN	NaN	NaN	9	303.0228390435113	294.6996228857112	97721.3002041706	1.1449655733229904	1018.6065983023977	0.02507265723596292	0.026231962780642836	0.016882764254196637	2296.121375519323	2564.508199954601	0.014745215618316302	89.5345694570199	268.38682443527796	292.86893366888194	-0.29706459151855574	-1.6689666169064232	0.396408240546618	1.740929761091891	2.4369749151609823e-14	1.1845439002448973e-14	1.740929761091891	3.151906640281831	261.0925582817224	259.9074417182776	13.161649300846056	NaN	0.24261173147047901	0.15259151185969996	-52.022974873182065	-0.038504141773572455	1.3216564510141489	0.08344843681373303	0	16.87292712978415	-2.560531788114227	5.791929876514133	14.422724333122764	21.99556462723681	30.849092137345714	46.21756146233744	0.06659983572394547	1.0119122775692524	24.29974771252806	1.0231731715892083	16.1799350588026	1.104163946858221	5.3153172793244625	1.104163946858221	0.36662512083814564	1.104163946858221	0.0318116806683599	1.3053991753974716	NaN	NaN	800000009	800000009	800000009	800000019	800000019	800001019	899999999	899999999	89999	89999	89	89	15	8	1	42	39	0	8	NaN	0	0	0	0	0	0	0	0	0	NaN	NaN	NaN	NaN	0	8	0	0	0	0	0	0	18000	0	0	0	18000	18000	18000	18000	93	NaN	0.09286085038090018	0.14087186886528907	0.07145030447321066	0.03288090215819991	8.14715808507762	0.011842153363123454	2.4671956698254884e-7	NaN	0.020835448381690116	0.13647585101781454	0.009413450362694841	0.000031811680668359896	NaN	19.335424320591827	929.9810791524274	95.34577698898316	95.61200989405314	95.07955139033	0.5324576478252805	0.0002810333592464707	57.00605295922148	171
DATA	2026-08-31T043000_AIU-1657.ghg	2026-08-31	05:00:00	243.208	0	18000	18000	0.16358032717960272	1	NaN	-5.246680962426003	2	NaN	-17.309351766706467	2	NaN	24.7298414466404	1	NaN	-0.3921291520965675	2	NaN	0.13540817120721724	1	NaN	NaN	NaN	NaN	NaN	NaN	NaN	NaN	NaN	NaN	-2.6943682875792787e-10	-1.2756828150342446e-11	-1.1649457337645725e-12	NaN	19.402257031476022	489.7484360750538	501.37418045661946	0.1	1	918.6244501923171	23.187760428703474	23.738196031286545	0.1	1	0.0838882221796363	2.046338346723559	2.0949147275444218	0.3	0	NaN	NaN	NaN	NaN	9	302.6775633858575	294.46851329792867	97730.25962188195	1.1461015267016732	1018.4287904685569	0.025050698003168108	-0.025409969055857573	0.016679912473163885	2266.7537163814554	2528.470239849999	0.014553608109367448	89.6492147962133	261.7165234685435	292.6616734964655	-0.4426928045922007	-1.7934912471638556	0.3851669289054892	1.8870456634680788	-1.3953313988288749e-14	-1.3886880702632899e-14	1.8870456634680788	3.659293614145811	264.8653341354168	256.1346658645832	11.777467488878058	NaN	0.37779307303782245	0.2707861376684016	884.0335866830075	0.0022658641370356235	0.30311250433523973	-0.011898080604508258	0	17.38877254485378	-2.638813319995391	5.969002914773786	14.863661235346541	22.668021224574876	31.792222076549915	47.63054197204172	0.16175999156165724	1.0112533117761175	-6.160275825549707	1.024357896305514	-15.466904172430695	1.1191219376376484	22.09753970049283	1.1191219376376484	-0.35039001462549463	1.1191219376376484	0.10268049153940112	1.3827643428739418	NaN	NaN	800000009	800000009	800000009	800000019	800000019	800000019	899999999	899999999	89999	89999	89	89	13	11	0	28	6	0	11	NaN	0	0	0	0	0	0	0	0	0	NaN	NaN	NaN	NaN	0	10	0	0	0	0	0	0	18000	3001	0	0	18000	18000	18000	18000	93	NaN	0.11981513466848148	0.2610658899100343	0.1606912507582874	0.050911388056263114	12.615303991606917	0.020200437554667133	4.0639624824209465e-7	NaN	-0.005277720645895334	0.5667028893004376	-0.008985934016258915	0.00010268049153940111	NaN	19.403650350468425	918.689036747159	95.36996244049071	95.62943208143444	95.11048887379967	0.5189403315832201	0.00028066045733188125	52.57252187256122	168
DATA	2026-08-31T050000_AIU-1657.ghg	2026-08-31	05:30:00	243.229	0	18000	18000	0.10275306434645164	1	NaN	48.39421721470277	1	NaN	47.5962440474187	1	NaN	-27.363472662797772	1	NaN	1.0780970285397993	1	NaN	0.1472598752519266	0	NaN	NaN	NaN	NaN	NaN	NaN	NaN	NaN	NaN	NaN	-5.894430454792526e-10	-2.776776484448413e-11	-2.554123572318611e-12	NaN	19.427310046191522	490.16190862106635	501.74765410805617	0.1	1	915.1910113468598	23.09078157542256	23.636568413859525	0.1	1	0.0841807379292703	2.0519897336621393	2.1004917293863823	0.1	0	NaN	NaN	NaN	NaN	9	302.75774703386094	294.3181858684554	97737.68492923329	1.1468164625750665	1018.3704810563806	0.02503600734028081	0.06986068744937898	0.016619898111668068	2257.444907702885	2505.2673900028894	0.014492203987331746	90.10794283720274	247.8224823000046	292.59548593626926	-0.6595285403762615	-1.4302634283123377	0.6158584163605878	1.691127718104252	-2.5847435761857978e-14	-3.034095014069153e-14	1.691127718104252	3.3696014293302903	275.7555524224265	245.24444757757345	21.356527848692892	NaN	0.2993301283611075	0.26365431050170657	-47.67207275403761	-0.04201831144063998	1.0167654650751239	0.1384341749601725	0	16.713468842136855	-2.536333377769739	5.737193006427622	14.286421787175708	21.787694644493662	30.557551530914036	45.78078050824864	0.101543201550118	1.0119147592144462	50.44850549191972	1.0229811229622678	43.13677156607953	1.1033798385794327	-24.79968520906399	1.1033798385794327	0.977086032247803	1.1033798385794327	0.10107878368608506	1.3053198154811927	NaN	NaN	800000009	800000009	800000009	800000019	800000019	800000019	899999999	899999999	89999	89999	89	89	10	3	0	22	7	0	2	NaN	0	0	0	0	0	0	0	0	0	NaN	NaN	NaN	NaN	0	0	0	0	0	0	301	0	18000	0	0	21	18000	18000	18000	18000	93	NaN	0.2190668037704024	0.19686599067998756	0.1113758265530231	0.07313185427177132	47.933413681304245	0.046458022030836155	9.095050183221068e-7	NaN	0.04319650246123166	-0.6355647237412031	0.025040697449256112	0.00010107878368608506	NaN	19.428816143211563	915.2538635942293	95.32894289482964	95.57313714472453	95.08475317255655	0.48838872772620906	0.0002805182152224007	55.24437353473283	203
DATA	2026-08-31T053000_AIU-1657.ghg	2026-08-31	06:00:00	243.249	1	18000	18000	0.09353779496965313	1	NaN	46.201137883531715	1	NaN	53.74423058001274	1	NaN	-22.439719952167078	2	NaN	1.2170603477648116	1	NaN	0.1096432874730369	0	NaN	NaN	NaN	NaN	NaN	NaN	NaN	NaN	NaN	NaN	1.8195661679701312e-10	8.427189024974277e-12	7.823541446948701e-13	NaN	19.52083530980951	492.22260735634853	503.70554944092464	0.1	1	904.0933601479089	22.796933838273777	23.32875799071726	0.1	1	0.08393322914754335	2.0433932759257227	2.091063103139653	0.3	0	NaN	NaN	NaN	NaN	9	302.5383962546454	294.06845776028104	97745.18950065105	1.148007156932168	1018.197458875027	0.025012843806525048	0.07886551053515979	0.016423592534373442	2228.888333425773	2467.1335740044387	0.014306176085402104	90.34323706308425	238.24524057866574	292.3909393957749	-0.8229165470083453	-1.4149188586459793	0.6852045861710782	1.7744555065716372	1.004805805055663e-14	9.32114911627666e-15	1.7744555065716372	3.049446588518284	281.18227477621895	239.8177252237811	22.715102964768015	NaN	0.28544422838988226	0.23329084180385945	-43.30280489546809	-0.046257973469280664	0.8596483266189642	0.1384697159743388	0	18.442706391378614	-2.7987518473083384	6.330784299035282	15.764548035654194	24.04193043758562	33.719149282957396	50.51743005935029	0.0924364055174993	1.011915104725111	48.622559398727596	1.0233065323819146	48.650529310025725	1.1046998119491644	-20.312957157631615	1.1046998119491644	1.1017113740767233	1.1046998119491644	0.0717878399182119	1.3054638595927262	NaN	NaN	800000009	800000009	800000009	800000009	800000019	800000019	899999999	899999999	89999	89999	89	89	19	0	0	18	5	0	10	NaN	0	0	0	0	0	0	0	0	0	NaN	NaN	NaN	NaN	0	0	0	0	0	0	0	0	18000	2997	0	0	18000	18000	18000	18000	93	NaN	0.23916673494531157	0.14823094294332645	0.07918400571908088	0.10133778639042886	110.244472354188	0.04935054647188495	5.987053479237794e-7	NaN	0.041596923468390036	-0.5199410661763273	0.028199980042828306	0.0000717878399182119	NaN	19.52259955185513	904.1566318469794	95.40223206032647	95.65111294131808	95.15335309346517	0.4977604217992899	0.00027996305224304603	53.45894563992732	107
DATA	2026-08-31T060000_AIU-1657.ghg	2026-08-31	06:30:00	243.27	1	18000	18000	0.1544275717858543	1	NaN	21.4664122681725	1	NaN	20.011346199074552	1	NaN	6.459205176838991	2	NaN	0.4531561699801257	1	NaN	0.08744772154217137	1	NaN	NaN	NaN	NaN	NaN	NaN	NaN	NaN	NaN	NaN	-9.558938061032196e-11	-4.458706438518739e-12	-4.1400467735911196e-13	NaN	19.38546848581568	488.4791208256471	499.868525636203	0.1	0	904.2229649312648	22.784800855505303	23.316052467718787	0.1	1	0.08395989779076696	2.0438277367889963	2.0914817315349477	0	0	NaN	NaN	NaN	NaN	9	302.56574534776473	294.04781252710535	97756.19930526619	1.1482223907840978	1018.1901714876835	0.025008270889462204	0.029364519814712144	0.016417853128105217	2227.9529981049573	2464.0038595944284	0.014298495883618676	90.42002874425997	236.05086148947112	292.3842009558457	-0.5385379180010011	-1.4327771902558561	0.5482026221864464	1.6258535238496892	-4.439219942602654e-14	-4.93098119760503e-15	1.6258535238496892	3.6650658607360884	271.5997329227014	249.40026707729868	19.70505735818232	NaN	0.36673251395942874	0.3718180229733724	-197.6639681270328	-0.010133865160051155	1.0727120531833705	0.050067411432388395	0	19.67948067581753	-2.98643711647767	6.755328888924574	16.8217240922775	25.654190627737265	35.98036712383856	53.905146432829646	0.1526067926160784	1.011931180379084	22.31566366926463	1.022741415139627	18.153016715236323	1.1023702843989829	5.859378893146216	1.1023702843989829	0.41107436983135703	1.1023702843989829	0.06235128792477392	1.3052350004467608	NaN	NaN	800000009	800000009	800000009	800000019	800000019	810000019	899999999	899999999	89999	89999	89	89	4	4	0	13	12	0	9	NaN	0	0	0	0	0	0	0	0	0	NaN	NaN	NaN	NaN	0	0	0	0	0	0	301	0	18000	4	0	16	18000	18000	18000	18000	93	NaN	0.27441132811888036	0.35809727685752946	0.11112744097033499	0.063796871198074	21.775785740795296	0.03489662890518898	3.9539732396338307e-7	NaN	0.01908775690235193	0.14995044202795718	0.010520020054459676	0.00006235128792477392	NaN	19.386936982092998	904.2862454930483	95.25162170579698	95.46194015630084	95.0413013203939	0.4206381424797916	0.00027943393635925727	53.396462120903756	126
DATA	2026-08-31T063000_AIU-1657.ghg	2026-08-31	07:00:00	243.291	1	18000	18000	0.10308029479891934	1	NaN	12.592545715319222	1	NaN	34.4833702604138	1	NaN	32.43526521264674	2	NaN	0.7809263062413615	1	NaN	0.06336199614332509	0	NaN	NaN	NaN	NaN	NaN	NaN	NaN	NaN	NaN	NaN	2.0293151770935797e-10	9.527385359579506e-12	8.94559297295335e-13	NaN	19.128203548428285	482.0059828603649	493.166129443698	0	0	898.0456485983719	22.62958852409846	23.15354369069359	0.1	1	0.08432062460258764	2.05308524075858	2.100621439581202	0.7	0	NaN	NaN	NaN	NaN	9	302.6769017240736	294.1162734646267	97772.22028342015	1.1482112266159923	1018.1024298487487	0.025009994561814904	0.05060402464444022	0.016304889278696208	2213.1386059064534	2474.395550132233	0.014200252445492953	89.44158527072125	261.25694422577953	292.27714152274723	-0.44055367126883177	-1.5733776883108253	0.5078727255817407	1.7110054332855305	-5.562073535972344e-15	1.0609021239008737e-14	1.7110054332855305	3.6247246750427156	266.64251385290436	254.35748614709559	17.267128739358842	NaN	0.29962423039542674	0.27401855347941906	-183.77866196700361	-0.010899524343906937	0.365177348392051	0.03595202373832909	0	16.43881424609953	-2.494653483196861	5.642912971418021	14.051651169427997	21.429654639292508	30.0553953327672	45.028459018584805	0.10186678818213915	1.0119126816348663	14.416974133996876	1.023056904557605	31.24371856170707	1.1036896966124037	29.38802936387059	1.1036896966124037	0.7075596597832597	1.1036896966124037	0.044834538649889094	1.305347938638446	NaN	NaN	800000009	800000009	800000009	800000009	800000019	800000019	899999999	899999999	89999	89999	89	89	9	5	0	19	2	0	9	NaN	0	0	0	0	0	0	0	0	0	NaN	NaN	NaN	NaN	0	0	0	0	0	0	0	0	18000	0	0	0	18000	18000	18000	18000	93	NaN	0.2108902080013694	0.22083230491152903	0.11631459404593968	0.06301761773268362	83.8438612925438	0.015892199452731067	4.270829649458355e-7	NaN	0.012332776368370112	0.7520168513350207	0.018105902266997223	0.000044834538649889095	NaN	19.129659219847788	898.1124552458587	95.40692823876275	95.64923310979208	95.16462935468887	0.48460940178400763	0.00028012102667061194	53.744331266615156	029
DATA	2026-08-31T070000_AIU-1657.ghg	2026-08-31	07:30:00	243.312	1	18000	18000	0.25549707054884074	1	NaN	43.38230959574647	0	NaN	73.81459501908842	1	NaN	-4.740812593738032	2	NaN	1.6717180189141032	1	NaN	0.1705900408348381	1	NaN	NaN	NaN	NaN	NaN	NaN	NaN	NaN	NaN	NaN	9.14414467723502e-11	4.283498371842556e-12	4.01877128911425e-13	NaN	19.207469181267353	484.0248163382634	495.2540781245999	0.2	0	899.7578873615645	22.67373916204558	23.199764572585245	0.1	1	0.0844151404060731	2.0558523909752626	2.1035476824418753	-0.4	0	NaN	NaN	NaN	NaN	9	302.6586039106581	294.1649225499347	97789.09497414937	1.1482001396639177	1018.1286762206183	0.025009814915729373	0.10832732762563388	0.016336817688469066	2217.839184683878	2481.8032734034964	0.014228196918048549	89.36402044640616	263.9640887196183	292.31117914800365	-0.38756534182971597	-1.6608168064186772	0.5355522954920108	1.7875501726880423	-5.802466518567143e-14	4.7607233368116585e-15	1.7875501726880423	4.820541995459965	264.1353774595417	256.8646225404583	17.433655841046118	NaN	0.4717198641837403	0.4951537388003014	-208.19727863588	-0.009621163221365914	0.5877199432514373	0.07866983501447951	0	19.28826225536361	-2.927068211843462	6.621036264992719	16.487316470597765	25.144197904822583	35.26509507853316	52.83353856933034	0.25248815706165945	1.011917048000182	47.01788919578771	1.0233594922682054	66.80586441667066	1.104911906516231	-4.290670202555547	1.104911906516231	1.512987604762992	1.104911906516231	0.11925634454601579	1.3054905775426577	NaN	NaN	800000009	800000009	800000009	800000019	800000019	800011019	899999999	899999999	89999	89999	89	89	18	2	1	27	15	0	8	NaN	0	0	0	0	0	0	0	0	0	NaN	NaN	NaN	NaN	0	6	0	0	0	0	0	0	18000	0	0	0	18000	18000	18000	18000	93	NaN	0.3971320112290248	0.39984863175125734	0.19332683462032066	0.03323376676432969	15.939109403972926	0.01778675146302588	4.812340574976913e-7	NaN	0.0402200737878012	-0.10979909138568972	0.03871764932710111	0.0001192563445460158	NaN	19.20885529837644	899.8235610460885	95.41347792265151	95.65914797549777	95.16781224060058	0.4913393068859975	0.0002802658437495766	54.39915659364725	064
DATA	2026-08-31T073000_AIU-1657.ghg	2026-08-31	08:00:00	243.333	1	18000	18000	0.06860306522595974	1	NaN	16.26102748656854	0	NaN	17.89604929113094	0	NaN	11.833892079133674	1	NaN	0.4053566207238777	0	NaN	0.06919994650654325	0	NaN	NaN	NaN	NaN	NaN	NaN	NaN	NaN	NaN	NaN	4.112161308629585e-10	1.9280081676078485e-11	1.8096723836214893e-12	NaN	19.172062430447536	483.252045174156	494.455174615074	0.1	1	898.8920954588958	22.657522898085723	23.182787435241153	0.1	1	0.08437205963841549	2.0560608303387458	2.1037260515224143	0.2	0	NaN	NaN	NaN	NaN	9	302.6865357530382	294.3061348339469	97816.27701776936	1.1479753243525646	1018.1220166895334	0.025014867459788273	0.026267109022907274	0.01632183621501856	2216.869028518783	2503.415415011679	0.01421793297188139	88.55378197423302	286.5463864928961	292.30415927844547	-0.48911483144293444	-1.8013204236278988	0.44686367378934355	1.9192904235339023	-2.688162933214593e-14	2.1448716451595624e-14	1.9192904235339023	3.5545210414418134	266.19131782285876	254.8086821771412	13.463598395499956	NaN	0.24445869207059262	0.22991513839514885	-77.31962120647354	-0.025906748749466087	0.9086378352023932	0.05691282167468875	0	14.72989427340811	-2.2353182842854884	5.056296045364256	12.590892079798044	19.201904859246447	26.930944590616555	40.34746245737391	0.0677919462872103	1.0119648274341175	17.041766260137134	1.023917136763419	16.165174396069737	1.1070743100354075	10.689338531173387	1.1070743100354075	0.3661512303640333	1.1070743100354075	0.049324043955215814	1.3058189023702744	NaN	NaN	800000009	800000009	800000009	800000019	800000019	800010019	899999999	899999999	89999	89999	89	89	4	6	0	47	15	0	6	NaN	0	0	0	0	0	0	0	0	0	NaN	NaN	NaN	NaN	0	0	0	0	0	0	301	0	18000	0	0	16	18000	18000	18000	18000	93	NaN	0.16373504318445645	0.1942200369677829	0.10187519663805839	0.03670139484093325	13.821731103119497	0.012204384900825583	3.7789567572279767e-7	NaN	0.01458082918589784	0.2735929887984417	0.009371619130162028	0.000049324043955215814	NaN	19.173465076728206	898.9577425321916	95.513837220086	95.7852928322686	95.2423801176283	0.5429115452700216	0.0002804370355443097	52.925332333670774	241
DATA	2026-08-31T080000_AIU-1657.ghg	2026-08-31	08:30:00	243.354	1	18000	18000	0.23637977392613946	1	NaN	-10.101537264663321	2	NaN	133.65416273718722	1	NaN	-71.42138755463108	1	NaN	3.0294724996197844	1	NaN	0.054242413658338234	1	NaN	NaN	NaN	NaN	NaN	NaN	NaN	NaN	NaN	NaN	1.8077044083410123e-10	8.979914270095763e-12	8.216567122357649e-13	NaN	18.540337924063767	468.76714977787105	479.94329066594304	0.1	1	921.0059140669554	23.286378006377735	23.841561622583566	0.1	1	0.0842714828383189	2.0608394414591595	2.109973071996959	1.3	0	NaN	NaN	NaN	NaN	9	303.0070793846978	295.0304962548149	97832.0026343316	1.1450662060523942	1018.4958843805092	0.02507240452830877	0.196309817975362	0.016736350053336863	2278.7640848885208	2616.884154766298	0.014616054482155477	87.07928781402352	338.12006987777704	292.7467186239142	-0.6068236006086816	-0.6645348253026484	0.3993797622370687	0.9845535083377637	-5.569662054914513e-14	9.750115751637769e-15	0.9845535083377637	2.646652726567986	293.40093651819006	227.59906348180996	23.931587768296378	NaN	0.45434929409252367	0.4519874567995201	799.2975365936963	0.0025060755329441575	-0.07557966813593844	-0.019063723771695507	0	22.408481777037693	-3.4005735621414614	7.692106656624164	19.154433188034165	29.21171918386613	40.96985150712919	61.380303242094136	0.23384437732042548	1.0108422389059193	-2.1204887998976965	1.020668386120306	121.21158600765095	1.1026517112708258	-64.7723907962893	1.1026517112708258	2.7474427950855516	1.1026517112708258	0.03610139713572044	1.375618392395394	NaN	NaN	800000009	800000009	800000009	800000009	800000019	800000019	899999999	899999999	89999	89999	89	89	15	1	0	19	0	0	5	NaN	0	0	0	0	0	0	0	0	0	NaN	NaN	NaN	NaN	0	0	0	0	0	0	0	0	18000	0	0	0	18000	18000	18000	18000	93	NaN	0.28489343032717546	0.49579791417432584	0.12328356909753893	0.05819975290145071	78.84130905627197	0.07570555190673546	6.467520902835898e-7	NaN	-0.0018182186445803656	-1.6627289040358926	0.07052777412433595	0.00003610139713572044	NaN	18.542481210961764	921.0590434752324	95.61237000952826	95.94423927561444	95.28049806510076	0.6637401132020754	0.0002809928969751731	58.526484010696144	200
DATA	2026-08-31T083000_AIU-1657.ghg	2026-08-31	09:00:00	243.374	1	18000	18000	0.010305301880103337	1	NaN	18.252386813867762	0	NaN	23.00032676963312	0	NaN	0.4029812255238629	1	NaN	0.5219377672848852	0	NaN	0.04919935040285505	0	NaN	NaN	NaN	NaN	NaN	NaN	NaN	NaN	NaN	NaN	-4.450880706013335e-11	-2.3694282100692875e-12	-2.1327980903544614e-13	NaN	17.595465939312135	447.99903575134573	458.9445171067977	0	0	936.6953670448376	23.849247452508507	24.431930611402358	0.1	1	0.084314944913173	2.073438872581727	2.1240969872436284	0.6	0	NaN	NaN	NaN	NaN	9	303.2822670389812	296.2195872060782	97840.62476298767	1.1403252561316937	1018.8409837814769	0.025171237959663764	0.03382156732006056	0.01707359197614325	2334.0511875081015	2812.9102280060965	0.014972563208905597	82.97638382731363	478.859040497995	293.13320971765785	-0.5571367311060208	-0.3379900944854166	0.35819940933504335	0.7436030244463409	-1.0503695622124901e-14	-2.5295611502217115e-15	0.7436030244463409	2.4737594466361195	309.7566729253325	211.24332707466752	28.797003490130496	NaN	0.09506397886435194	0.1295977496408859	-4.052619787868131	-0.49427286665195036	0.7935707608278866	0.16526029613352333	1	9.066963460336199	4	7	12	18	30	70	0.010151089862915776	1.0151916709703195	19.36265840553223	1.0220364184776671	21.041890740504535	1.093073196381478	0.3686681064524284	1.093073196381478	0.47749571484573394	1.093073196381478	0.03259720235906769	1.3091983149794935	NaN	NaN	800000009	800000009	800000009	800000019	800000019	810010019	899999999	899999999	89999	89999	89	89	21	1	1	32	3	3	7	NaN	0	0	0	0	0	0	0	0	0	NaN	NaN	NaN	NaN	0	19	0	0	0	0	0	0	18000	0	0	0	18000	18000	18000	18000	93	NaN	0.0579466119082656	0.16293679905927866	0.03831208831422757	0.07618835667460686	5.24279537757208	0.08009098881423056	0.000001197534228297929	NaN	0.016665940766970817	0.009506619165335985	0.012312890197633639	0.000032597202359067694	NaN	17.59687859607118	936.7479723079362	95.79758660295275	96.2624783384535	95.33269393963286	0.9297845877740147	0.0002825852273882548	61.37579455288061	071
DATA	2026-08-31T090000_AIU-1657.ghg	2026-08-31	09:30:00	243.395	1	18000	18000	0.09266116038849768	1	NaN	-10.646144462804603	2	NaN	48.43601537807104	1	NaN	9.312562668608837	1	NaN	1.1006467970319647	1	NaN	0.06989169610601276	2	NaN	NaN	NaN	NaN	NaN	NaN	NaN	NaN	NaN	NaN	-1.8424143789620542e-10	-1.0042000072850817e-11	-8.830798875645481e-13	NaN	17.301931468387092	443.15425799058977	454.12311669462093	0.1	1	943.0343089478322	24.153931611914032	24.751784522544405	0.1	1	0.08292916007505535	2.052624618304094	2.103430740562027	0	1	NaN	NaN	NaN	NaN	9	304.42759419688474	297.63191904195145	97835.3253187934	1.1347207429664152	1019.0432958600842	0.025292620705779468	0.0713219124476713	0.01720872898729746	2363.7416356197555	3062.299267373949	0.015165607127538684	77.18845969116414	698.5576317541936	293.3374649076633	-0.4552290472416345	0.3244499597102689	0.20900007698579795	0.5968100987655638	2.119349087960885e-14	-1.0648605228430064e-14	0.5968100987655638	2.4712762624200955	16.47815798532406	144.52184201467588	20.49925950121511	NaN	0.28576192994011534	0.18409138426614177	188.73274570179808	0.010613420541048782	-0.2197981064236045	-0.032218576972613586	0	20.396239969862474	-3.095208104624045	7.001369160272632	17.43439915640232	26.58855875800133	37.29083171200479	55.868461183816045	0.09151926366066017	1.0124771188290096	-7.638381547990523	1.0211253085052554	43.93837093195171	1.1023625671758503	8.44782192892013	1.1023625671758503	0.9984435518812279	1.1023625671758503	0.05148880854158236	1.3900149555784378	NaN	NaN	800000009	800000009	800000009	800000009	800000019	801010019	899999999	899999999	89999	89999	89	89	8	3	1	38	17	0	0	NaN	0	0	0	0	0	0	0	0	0	NaN	NaN	NaN	NaN	0	0	0	0	0	0	0	0	18000	0	0	0	18000	18000	18000	18000	93	NaN	0.18757590712900668	0.1189061708616951	0.06170069054158177	0.06987568692644035	6.226338788679787	0.0562480675907617	3.4359006480241976e-7	NaN	-0.006605713261988779	0.21895766288812957	0.025878488974445276	0.00005148880854158236	NaN	17.303340531910884	943.1044702814434	95.7378435766432	96.28036400286356	95.1953247786628	1.0850381976233556	0.00028477493821507465	62.957054360882424	205
DATA	2026-08-31T093000_AIU-1657.ghg	2026-08-31	10:00:00	243.416	1	18000	18000	0.026397087915888084	1	NaN	31.387555446904987	1	NaN	38.90785197390728	1	NaN	-1.506321792546332	0	NaN	0.885633680740051	1	NaN	0.034703050991497314	1	NaN	NaN	NaN	NaN	NaN	NaN	NaN	NaN	NaN	NaN	-2.1837249305899998e-10	-1.2053335546620944e-11	-1.0587034047409338e-12	NaN	17.038782234284422	439.0627096934002	449.9674921795042	0.1	1	940.4763241867911	24.23460066700494	24.83650340908892	0.1	1	0.08260663470651712	2.0608687898532283	2.112053564578103	0.7	0	NaN	NaN	NaN	NaN	9	305.36706092919235	299.37979609198413	97814.64854362569	1.127822737280579	1019.1261122984291	0.02544653241378906	0.0573890625119553	0.01716176901436155	2371.1348080869006	3397.4854959757463	0.015216725507540515	69.79087360035716	1026.3506878888456	293.38797646485324	-0.0003463887157506419	-0.19789192737144087	0.1063646636965719	0.2246659221760432	8.128087498536573e-15	-1.2816203062892832e-14	0.2246659221760432	1.5501639354144567	251.10029004961416	269.8997099503859	28.2574881998283	NaN	0.15298807726048522	0.10397204489248354	-9.82195976746244	-0.2039409697681456	0.8067151964069973	0.1784970862732552	1	0.49878012341226413	1	1	1	2	5	NaN	0.025548485840771497	1.033215356886722	32.930050139758514	1.0331582814872822	35.241740880057684	1.1040275253803975	-1.3643878960602203	1.1040275253803975	0.8021844205694981	1.1040275253803975	0.016746681729090596	1.335224961380061	NaN	NaN	800000009	800000009	800000009	800000019	800000019	800010019	899999999	899999999	89999	89999	89	89	7	0	0	25	14	2	4	NaN	0	0	0	0	0	0	0	0	0	NaN	NaN	NaN	NaN	0	1	0	0	0	0	0	0	18000	0	0	0	18000	18000	18000	18000	93	NaN	0.1153143387154111	0.038819539283610704	0.05381021178594532	0.21637930702028674	2.4481271670051368	0.05403903183255257	7.653374772085184e-7	NaN	0.028649933402910513	-0.035581474962545954	0.02091993410250704	0.000016746681729090597	NaN	17.040102043047995	940.5488012883843	95.64806947453818	96.26014171981811	95.03599784723917	1.2241424590084353	0.000286623028756973	62.6811375428659	148
DATA	2026-08-31T100000_AIU-1657.ghg	2026-08-31	10:30:00	243.437	1	18000	18000	0.1545219676102488	1	NaN	75.33133248610771	2	NaN	93.55058427546659	1	NaN	-17.476092679778223	1	NaN	2.131975342930636	1	NaN	0.051433644629991435	1	NaN	NaN	NaN	NaN	NaN	NaN	NaN	NaN	NaN	NaN	-1.5423084852300679e-9	-8.615963325866552e-11	-7.567618209782554e-12	NaN	16.770490659589175	434.1332137070838	444.9237033028667	0.1	1	936.8679084862428	24.252449387794492	24.85525008243984	0	0	0.08228747472887278	2.0643006773402033	2.115609386920844	0	1	NaN	NaN	NaN	NaN	9	306.20906052992075	300.6079123299005	97803.44100084553	1.1230787354663954	1019.1638388860989	0.025553847160543014	0.1381520022219052	0.017102283766135026	2372.6092594737606	3651.7188483069704	0.015228036313084265	64.97239678168988	1279.1095888332097	293.39803368951	-0.10244768580872732	-0.28119984285722366	0.11459693835181135	0.32047049510052006	-4.42117762981997e-14	-9.196561487294312e-14	0.32047049510052006	2.071630889256257	271.0178663791688	249.98213362083118	20.952242949141702	NaN	0.370928337170777	0.28754183486273377	-58.325015067850444	-0.034343754522305064	0.8052470550508701	0.17743178697131295	0	22.105310420430985	-3.3545661391338144	7.588037740512146	18.89528687225835	28.816504701157985	40.415557575707226	60.54986992724523	0.15064829995200346	1.0257133181023583	79.44741466039534	1.0282349995638507	85.18218097599626	1.0982412425179449	-15.912799486304731	1.0982412425179449	1.9412632310571785	1.0982412425179449	0.01592554176195957	1.324262149164339	NaN	NaN	800000009	800000009	800000009	800000019	800010019	810010019	899999999	899999999	89999	89999	89	89	19	0	0	29	1	2	8	NaN	0	0	0	0	0	0	0	0	0	NaN	NaN	NaN	NaN	0	1	0	0	0	0	0	0	4	0	0	0	18000	18000	18000	18000	93	NaN	0.39601290616275314	0.09405586387281321	0.08501489968990122	0.2604213371589198	8.84413984512907	0.1761533380630484	0.0000017860842589409268	NaN	0.0694105616896239	-0.4167429954810818	0.05084007088911793	0.00001592554176195957	NaN	16.771690776635715	936.9176965247254	95.5485900387234	96.20919424947104	94.88798688443504	1.3212065995997866	0.00028784004904284485	62.31862603431249	004
DATA	2026-08-31T103000_AIU-1657.ghg	2026-08-31	11:00:00	243.458	1	18000	18000	0.04304070544060151	1	NaN	44.57103290733624	1	NaN	-12.518671900971173	1	NaN	-3.411843100812268	1	NaN	-0.2853991614277573	1	NaN	0.024473981316401914	0	NaN	NaN	NaN	NaN	NaN	NaN	NaN	NaN	NaN	NaN	-7.786173248834383e-11	-4.4667048406083516e-12	-3.8574071506106693e-13	NaN	16.52674386464256	429.2218811299018	440.05751924352126	0.1	1	948.0920146587341	24.623231372676788	25.24484093190962	0.1	1	0.08187639540300093	2.0577722876601148	2.1097204217361862	0	1	NaN	NaN	NaN	NaN	9	307.13401887088355	300.98344208345236	97803.16478476235	1.1215156111286235	1019.3842403571133	0.025585842165627867	-0.018493865660518673	0.01734203760289712	2408.875937667585	3732.6935175052095	0.015463037188974276	64.53452249349381	1323.8175798376246	293.64370089752714	-0.24168948087123157	0.5080526235991448	0.1588377411181247	0.5846030289977604	-5.425263970906778e-14	-4.7112566834730096e-15	0.5846030289977604	2.8475616048086376	45.55875333919471	115.44124666080526	15.765563661728534	NaN	0.19590116956592937	0.20627875555394876	-14.522802615261176	-0.13792792294064904	-3.5603643309701654	0.19900886901376982	1	2.2337291014914804	1	2	3	5	9	25	0.04230672648761347	1.0173489894852283	43.1536407870835	1.023105605440389	-11.45056908591776	1.093279452491754	-3.12074199605247	1.093279452491754	-0.26104868318643343	1.093279452491754	0.008501811789954263	1.3122630307248853	NaN	NaN	800000009	800000009	800000009	800000019	810000019	810010019	899999999	899999999	89999	89999	89	89	29	2	1	22	21	4	2	NaN	0	0	0	0	0	0	0	0	0	NaN	NaN	NaN	NaN	0	1	0	0	0	0	0	0	0	0	0	0	18000	18000	18000	18000	93	NaN	0.22287916932730362	0.12576916463671292	0.06390917714388097	0.1944439701376942	2.521964557791315	0.08327324840394512	2.4490757775875415e-7	NaN	0.03774628405719392	-0.08186308657140669	-0.006847810866157681	0.000008501811789954264	NaN	16.52792041215229	948.1567859337046	95.4523976152208	96.14421714464825	94.76057364993625	1.3836427066922177	0.00028878413368753776	63.883038845313024	028
DATA	2026-08-31T110000_AIU-1657.ghg	2026-08-31	11:30:00	243.479	1	18000	18000	0.16988150484204806	1	NaN	14.378122117592502	2	NaN	172.4027021075707	1	NaN	-10.32150392851313	2	NaN	3.9331043857632104	1	NaN	0.14752884925148144	1	NaN	NaN	NaN	NaN	NaN	NaN	NaN	NaN	NaN	NaN	-1.0751761090987755e-11	-6.146203752527669e-13	-5.4138061777654226e-14	NaN	16.232035729265665	422.14089125001726	432.5796991315737	0.1	1	927.8982118938663	24.131525132854964	24.728255655702206	0.2	0	0.08173274551502738	2.060211353511603	2.1111567865660184	0.4	0	NaN	NaN	NaN	NaN	9	307.70120647091335	301.68551278347445	97815.10036328125	1.119252229002842	1019.1203393089746	0.02564239410854158	0.25486516419745603	0.016958248457769953	2361.0607124931084	3888.2800898493074	0.015151409144727191	60.722495754790465	1527.219377356199	293.31911413008015	-0.6212497949475018	0.28776126448659567	0.15236028072912775	0.7014068065003408	1.867590575185852e-13	-6.623790922048545e-16	0.7014068065003408	2.3859973512343498	5.853447605804604	155.1465523941954	12.54586059298732	NaN	0.38959113464854905	0.38305081580258465	-354.098403751708	-0.00565690208929765	0.08339847312034164	0.03235487043298363	0	24.698126774698935	-3.7480360240434907	8.478067691515147	21.111587294608206	32.196502685395515	45.15605280767188	67.65199561605958	0.16726193637483963	1.0156614739969163	24.625731856832456	1.022245661618382	157.7308267547121	1.0930184394181544	-9.443119673266965	1.0930184394181544	3.5983879538728702	1.0930184394181544	0.10186805413044786	1.3098638955705142	NaN	NaN	800000009	800000009	800000009	800000009	800000019	810001019	899999999	899999999	89999	89999	89	89	11	8	0	16	0	2	1	NaN	0	0	0	0	0	0	0	0	0	NaN	NaN	NaN	NaN	0	0	0	0	0	0	0	0	0	0	0	0	18000	18000	18000	18000	93	NaN	0.14598354626012366	0.5490434469069084	0.07107463843813717	0.07237942390368789	8.667228785664022	0.3312911792809237	4.903579956413761e-7	NaN	0.02158915821691564	-0.24813364576059374	0.09455361710422708	0.00010186805413044787	NaN	16.233248511250363	927.945265504491	95.42092378955417	96.12035076861912	94.72149828381009	1.3988530281186118	0.00028950692147999596	62.75228850809741	234
DATA	2026-08-31T113000_AIU-1657.ghg	2026-08-31	12:00:00	243.499	1	18000	18000	0.05165270665668543	0	NaN	22.571580088870117	1	NaN	-9.676388545921743	2	NaN	-7.104028684837632	1	NaN	-0.2210254845406492	2	NaN	0.052793747915174646	0	NaN	NaN	NaN	NaN	NaN	NaN	NaN	NaN	NaN	NaN	-4.853509164993258e-10	-2.6580687838692488e-11	-2.4445308238204913e-12	NaN	16.04703212250951	419.2287999492076	429.0802461997266	0.1	1	878.830423690956	22.959449515029462	23.498972999261035	0.1	1	0.08082289189283226	2.0479507177860037	2.0960754564070743	0.1	0	NaN	NaN	NaN	NaN	9	308.5298669077555	302.95535700988773	97805.09875694444	1.1149453613432845	1018.4857177262046	0.025752960430412804	-0.014322451398234067	0.01606530979098687	2246.153572568125	4184.06434685949	0.01440905567931276	53.68353319551746	1937.9107742913648	292.51488036712317	-0.5393368114278481	-0.06738838074493328	0.26912243740735503	0.6065082656787573	-2.2421716758292817e-14	-3.0245525327921156e-14	0.6065082656787573	4.259220218894991	333.8779878370044	187.12201216299567	26.341746777458596	NaN	0.2152383972545126	0.5172450472891659	-38.026661499464595	-0.05267619930369651	-2.3326450753554377	0.09234931630236375	0	14.846018809748278	-2.2529406306864375	5.0961578409052155	12.690153586889457	19.35328492058562	27.14325727906768	40.665545553110945	0.05079027019849019	1.0169803479057073	21.641262959243804	1.022906746897341	-8.851625661622531	1.0931764306160265	-6.498519805109932	1.0931764306160265	-0.2021864708664611	1.0931764306160265	0.03580961409467039	1.3117379026689502	NaN	NaN	800000009	800000009	800000009	800000009	800010019	801010019	899999999	899999999	89999	89999	89	89	0	0	0	40	3	8	1	NaN	0	0	0	0	0	0	0	0	0	NaN	NaN	NaN	NaN	0	0	0	0	0	0	0	0	0	0	0	0	18000	18000	18000	18000	93	NaN	0.30441688289784696	0.6526321944190842	0.0774410172614007	0.09959528310716406	10.942738217627259	1.1677550552089473	5.652934460849256e-7	NaN	0.019057857436005757	-0.17128990012254341	-0.005329290583005278	0.000035809614094670394	NaN	16.048045756850108	878.864138449922	95.36863022083706	96.09843572298686	94.638823498408	1.4596127733654436	0.00029054504445715184	62.78068466059373	020
DATA	2026-08-31T120000_AIU-1657.ghg	2026-08-31	12:30:00	243.52	1	18000	18000	0.053952603757047544	0	NaN	-11.627632802283246	1	NaN	25.029766527816765	2	NaN	-4.445577532900662	1	NaN	0.5718766421689764	2	NaN	0.013305314046550415	2	NaN	NaN	NaN	NaN	NaN	NaN	NaN	NaN	NaN	NaN	7.087023059863514e-10	3.7602789211266335e-11	3.581299196800027e-12	NaN	15.948729703204142	416.8418173919926	426.2696509864357	0.1	1	846.2181033577691	22.117065037649443	22.617293181929767	0.2	0	0.08059402713043483	2.043982170726023	2.0902115147399707	0.1	0	NaN	NaN	NaN	NaN	9	309.11717296006947	303.2303225623237	97793.34973068576	1.114158415458416	1018.015555496354	0.025779430899196387	0.03705760641254967	0.01545998126822715	2163.4820517752783	4250.628030935306	0.013875927384945705	50.897938752340714	2087.1459791600278	291.9136456880906	-0.7717858361525697	-0.21243479750151945	0.3623005717037046	0.8786601301596216	9.917910413530464e-14	4.4436285470683677e-14	0.8786601301596216	5.184392116748129	325.6103812569229	195.38961874307714	24.351475013499876	NaN	0.22005575546555217	1.3872408960048697	78.86776683638321	0.025398208677007088	-0.46455218786643127	-0.04658619255923263	0	13.704647584384377	-2.0797331437990962	4.704362033957801	11.714526630252877	17.865392253352763	25.056466657420717	37.539152938845305	0.053325599647554595	1.0117580320453405	-9.954718236760597	1.0224429380548867	22.521284188928572	1.1113827398937295	-4.000041905748644	1.1113827398937295	0.5145631847977585	1.1113827398937295	0.01102532336950122	1.4137301448514397	NaN	NaN	800000009	800000009	800000009	800000009	800000019	800000019	899999999	899999999	89999	89999	89	89	0	9	0	28	20	3	5	NaN	0	0	0	0	0	0	0	0	0	NaN	NaN	NaN	NaN	0	0	0	0	0	0	0	0	0	0	0	0	18000	18000	18000	18000	93	NaN	0.5079178652668327	2.1676967005501564	0.09886722619275	0.06996589760005267	3.3222795490466375	0.9496185352472047	4.276373798852975e-7	NaN	-0.008776626421778178	-0.10545171188324676	0.013565250061764927	0.00001102532336950122	NaN	15.949792691751137	846.2513114572305	95.40564890522427	96.12740635808309	94.68388817193772	1.4435175290173938	0.000290370972021871	62.189777522246075	208
DATA	2026-08-31T123000_AIU-1657.ghg	2026-08-31	13:00:00	243.541	1	18000	18000	0.16953537727755613	1	NaN	21.830485260224137	2	NaN	14.077857290285689	2	NaN	-1.421348274585925	2	NaN	0.32186775361860026	2	NaN	0.08369567689460976	1	NaN	NaN	NaN	NaN	NaN	NaN	NaN	NaN	NaN	NaN	2.2785293178395594e-10	1.1319090621621913e-11	1.1563616707825232e-12	NaN	15.848486846741844	415.5274030020222	424.2856034675672	0.1	1	787.3081001386767	20.642228710959618	21.077311393353334	0.2	0	0.08043163011327858	2.0450684400824883	2.0881729844148262	1	0	NaN	NaN	NaN	NaN	9	309.1025173043145	303.92704112074114	97760.95658702256	1.1118610636839956	1017.2016726475242	0.02584722478271323	0.020857030434485297	0.014391214951386216	2018.5453330888572	4423.426752472054	0.012943357242588336	45.63306789155677	2404.881419383197	290.80918413766284	-0.702125726788428	0.1219638438393444	0.37083338433289587	0.8033511774796973	-3.468983203846483e-14	1.437695181800894e-14	0.8033511774796973	3.4991690856721194	350.8543231652029	170.14567683479714	27.49092191288532	NaN	0.39048549625484463	0.5290191199592275	-234.60544208076257	-0.008538165109189734	1.5506965875615237	0.04943117050106917	0	22.934269941973454	-3.480363944674186	7.872592719165936	19.60386900329949	29.89713715984175	41.93115996416611	62.82051848407148	0.16709236120258916	1.0146207526028372	22.362870844405407	1.0218100260261311	12.876994883931726	1.0932564171359913	-1.3001051284102565	1.0932564171359913	0.2944119499996155	1.0932564171359913	0.058870560049995885	1.3083949072739698	NaN	NaN	800000009	800000009	800000009	800000009	800001019	800001119	899999999	899999999	89999	89999	89	89	2	0	0	22	10	34	0	NaN	0	0	0	0	0	0	0	0	0	NaN	NaN	NaN	NaN	0	0	0	0	0	0	0	0	0	0	0	0	18000	18000	18000	18000	93	NaN	0.21189373428044195	0.7602126714639151	0.0859318341740978	0.06903359419271606	0.5306813207204303	0.4153967867994257	0.0000011367113729767635	NaN	0.01977288169955463	-0.034312587770434784	0.007770168468898541	0.000058870560049995885	NaN	15.8495958430137	787.3413349723464	95.36394647110835	96.10003926213582	94.62785622406005	1.4721736861599855	0.00029177865966630636	62.82956827131911	022
DATA	2026-08-31T130000_AIU-1657.ghg	2026-08-31	13:30:00	243.562	1	18000	18000	0.30592637186911414	1	NaN	37.376366728480214	1	NaN	135.5968337571994	1	NaN	-2.460818858479979	1	NaN	3.099676511554958	1	NaN	0.0428579550302237	2	NaN	NaN	NaN	NaN	NaN	NaN	NaN	NaN	NaN	NaN	-3.7836938204996437e-10	-1.9252803765489347e-11	-1.9221513284872483e-12	NaN	15.81240510100172	414.11368936243537	423.0275583445769	0.1	1	804.5924086685427	21.071603507402596	21.52517342729054	0.2	0	0.08032847506528802	2.0412549729439142	2.085193340245851	0.1	0	NaN	NaN	NaN	NaN	9	309.7148910217285	303.75231798129613	97732.63215755209	1.1119963042424175	1017.4388462490366	0.025839852216661612	0.20085903794876128	0.014694755160575472	2059.9356823217986	4379.528746346117	0.01321475179774697	47.03555568713695	2319.5930640243187	291.1315068186364	-1.510220487829033	0.2477041155832081	0.7324406346480782	1.6966415455302108	-1.2360124729545634e-13	-2.3928642077731397e-14	1.6966415455302108	4.632444281944764	350.31463172546376	170.68536827453627	25.5755128291248	NaN	0.5245136395907661	1.0704873370052614	-332.0476015946262	-0.006032568795498921	0.2756433590138734	0.06298376776764136	0	22.068632279299287	-3.3490000897119043	7.575447321564583	18.863934948876892	28.768691039813763	40.348498235825346	60.44940281629053	0.30232445248516654	1.0119140855274495	44.9740177386852	1.0230020545727898	122.88324811923894	1.103460689984561	-2.2300920012967653	1.103460689984561	2.8090502359430016	1.103460689984561	0.016990705236812665	1.3053256356538039	NaN	NaN	800000009	800000009	800000009	800000009	800000019	800000019	899999999	899999999	89999	89999	89	89	21	0	1	0	0	11	5	NaN	0	0	0	0	0	0	0	0	0	NaN	NaN	NaN	NaN	0	0	0	0	0	0	0	0	0	0	0	0	18000	18000	18000	18000	93	NaN	0.29074353568311656	1.6795318961106545	0.17069924221675198	0.09988098685695708	0.7469479446831929	1.4403207133682565	3.934782994355341e-7	NaN	0.03975118025358866	-0.05886598108081048	0.07414828533886227	0.000016990705236812665	NaN	15.813444051838998	804.5903700112048	95.41034531826443	96.13421996180216	94.68646831152174	1.4477485970954096	0.0002919263111996567	62.51405128076346	096
DATA	2026-08-31T133000_AIU-1657.ghg	2026-08-31	14:00:00	243.583	1	18000	18000	0.1989343641975836	1	NaN	-18.033788461989918	2	NaN	286.12233527237896	1	NaN	0.4153170153165468	2	NaN	6.541595504045607	1	NaN	0.12796514574667472	0	NaN	NaN	NaN	NaN	NaN	NaN	NaN	NaN	NaN	NaN	-6.520962863191424e-11	-3.3438748578398962e-12	-3.3316080753316865e-13	NaN	15.715632602315624	411.7240498912823	420.6041545264952	0.1	0	805.8795892024626	21.112736380861413	21.568097947054163	0.2	0	0.08029232735301298	2.0418142929333025	2.085852343592983	0.1	0	NaN	NaN	NaN	NaN	9	309.5798835228814	303.90585203694354	97712.13271113198	1.1111839750688142	1017.4663027048873	0.0258583369713646	0.4238953886621553	0.014712915085105192	2063.5238691399322	4418.082849304699	0.013240755280145252	46.7063189968174	2354.558980164767	291.159181080846	-1.572165597797875	-0.08432751288185468	0.9096487023419603	1.8183169575187648	-2.2632093467487318e-14	-4.149347995212481e-15	1.8183169575187648	5.426629839121515	337.92972226567304	183.07027773432702	30.017838389913013	NaN	0.4231184083447511	1.0801642645688014	361.2149563938613	0.005545451439767796	-0.06302824435157203	-0.03769806390670529	0	19.00447420063069	-2.884002279676419	6.52362100917122	16.244738709728928	24.77425151376058	34.74624000492353	52.056199121289715	0.19676472074207738	1.01102658773038	-0.6573857956590444	1.0237268617756525	256.3006845766894	1.1163541593536654	0.37202980061184393	1.1163541593536654	5.8597851311209235	1.1163541593536654	0.0844804543387324	1.3777893366328702	NaN	NaN	800000009	800000009	800000009	800000019	800001019	800001019	899999999	899999999	89999	89999	89	89	13	1	1	0	13	4	1	NaN	0	0	0	0	0	0	0	0	0	NaN	NaN	NaN	NaN	0	4	0	0	0	0	0	0	0	0	0	0	18000	18000	18000	18000	93	NaN	0.3528507592967783	1.6460639329597846	0.16141383688104022	0.09154415166897727	0.2582799048800411	1.257164078609098	5.316771382098462e-7	NaN	-0.0005814525928599141	0.009827615458458058	0.1547932849549615	0.0000844804543387324	NaN	15.71670590658853	805.895989341832	95.42217701763579	96.13884729936387	94.70550520790948	1.4333417107231068	0.00029143048865080343	61.876577191444845	196
DATA	2026-08-31T140000_AIU-1657.ghg	2026-08-31	14:30:00	243.604	1	18000	18000	0.4342254098567031	1	NaN	24.669938533384503	0	NaN	-44.256403301252035	2	NaN	-3.252721822957863	1	NaN	-1.0127136739612197	2	NaN	0.06425883772565126	0	NaN	NaN	NaN	NaN	NaN	NaN	NaN	NaN	NaN	NaN	1.180408378823432e-10	5.697407125066107e-12	6.021977872424855e-13	NaN	15.654224360715483	411.8884293378224	420.2430179463909	0.1	1	755.5731644248591	19.88037457325285	20.28362054743764	0.1	1	0.0798616770275432	2.038029896388773	2.0793685214714563	-0.6	0	NaN	NaN	NaN	NaN	9	310.1048156738281	304.798354397244	97688.34452539062	1.1081808237521746	1016.7978325474346	0.025940592306792944	-0.06562384607268704	0.01381018412036456	1942.6018232433466	4648.0931576142075	0.012462031307855375	41.79352171677328	2705.491334370861	290.20239586364386	-0.6271683820387871	0.133523320645791	0.4610310123497034	0.7897583497081627	-2.709953802512196e-13	7.540510162775517e-15	0.7897583497081627	5.952442621311114	353.0187532902846	167.98124670971538	35.71558786549195	NaN	0.6259682439070454	1.4809071858598788	-854.6706829685139	-0.0023437097351258905	-0.5574320706871942	0.034976030854122236	0	20.619721042298774	-3.129122219561749	7.078082980602857	17.625427415851732	26.879888906820607	37.699426388050696	56.48061046423115	0.42791708294248804	1.0147419375521003	21.5951228807399	1.0218549785270552	-40.4831712181422	1.093204953307089	-2.9753998215229003	1.093204953307089	-0.9263712818878359	1.093204953307089	0.04612341635187426	1.3085666590364218	NaN	NaN	800000009	800000009	800000009	800000009	800000019	800010119	899999999	899999999	89999	89999	89	89	4	4	0	24	33	11	6	NaN	0	0	0	0	0	0	0	0	0	NaN	NaN	NaN	NaN	0	0	0	0	0	0	0	0	0	0	0	0	18000	18000	18000	18000	93	NaN	0.6805841212170066	1.9931229882603572	0.28810726224239364	0.12269380525358484	0.2419695699275089	0.6027368233819979	5.804451118312247e-7	NaN	0.019165071202179182	-0.07874962572487536	-0.024518181120815333	0.00004612341635187426	NaN	15.655284474562176	755.5853275163641	95.35905419688754	96.10896176317003	94.60914383506775	1.4998166934549788	0.00029271565641263603	62.65245107817654	189
DATA	2026-08-31T143000_AIU-1657.ghg	2026-08-31	15:00:00	243.624	1	18000	18000	0.08605615953074548	0	NaN	3.646376309329449	2	NaN	47.19126901144706	0	NaN	0.4717562243434303	1	NaN	1.0794122520920495	0	NaN	0.04844155575828454	0	NaN	NaN	NaN	NaN	NaN	NaN	NaN	NaN	NaN	NaN	-3.348079865170073e-10	-1.650149178549221e-11	-1.7100113224689425e-12	NaN	15.681337365036832	411.4832166374021	420.00106523709735	0.1	0	772.8772016659849	20.280540466931445	20.700354851170445	0.2	0	0.08009147190491568	2.040272070687901	2.082506426544073	0.1	0	NaN	NaN	NaN	NaN	9	310.2607830183241	304.3626797220313	97665.91398175739	1.1093431356891073	1017.0101987872392	0.02590946232972974	0.0699459139355648	0.014105091831891183	1981.2488272541982	4534.546812492011	0.012714814179770727	43.69232272111843	2553.2979852378126	290.5137361167886	-0.814984562845792	0.669148101293915	0.4197245166544137	1.1349571309186064	3.897569435508653e-14	-2.135072913254812e-14	1.1349571309186064	4.867512434944689	20.38791776595258	140.61208223404742	21.70422707033389	NaN	0.2785210540961605	0.4519409008772479	-509.30254279278506	-0.003933025719871541	0.07726802829661047	0.011604120968564594	0	18.023577190778337	-2.735147374106441	6.186910807470734	15.406282698897698	23.495553193847503	32.95284742985768	49.369370244926635	0.08497328878404861	1.0127436605337106	6.46781968782271	1.0215401483976312	43.06402498156545	1.0958397184575377	0.43049746819494406	1.0958397184575377	0.9850092435154558	1.0958397184575377	0.034353802425479696	1.3058533116214663	NaN	NaN	800000009	800000009	800000009	800000019	800000019	800000019	899999999	899999999	89999	89999	89	89	19	8	1	12	21	3	0	NaN	0	0	0	0	0	0	0	0	0	NaN	NaN	NaN	NaN	0	3	0	0	0	0	0	0	0	0	0	0	18000	18000	18000	18000	93	NaN	0.5025994753594881	0.3214332035758746	0.07984912281913309	0.03329090649163003	0.18282111309516655	0.8820984518786651	4.093718123100197e-7	NaN	0.005732798740773945	0.01138491203893932	0.02604949952896687	0.000034353802425479695	NaN	15.682402858788176	772.9043786881551	95.42223621601038	96.14764476585388	94.69682840326126	1.4508153312220127	0.00029131724046439756	63.64700110181167	030
DATA	2026-08-31T150000_AIU-1657.ghg	2026-08-31	15:30:00	243.645	1	18000	18000	0.48481405065686206	1	NaN	-67.31730024842189	1	NaN	360.3769565250504	1	NaN	-0.08056360957058822	2	NaN	8.249700379382395	1	NaN	0.1735697483220456	1	NaN	NaN	NaN	NaN	NaN	NaN	NaN	NaN	NaN	NaN	-7.468830670287886e-10	-3.4364356294424256e-11	-3.813676093857063e-12	NaN	15.646781531690019	412.489311619524	420.4693062239351	0.1	1	719.9139987937199	18.97878034445886	19.345942742321864	0.2	0	0.07989437611779512	2.041874347893186	2.0813763321145426	0.1	0	NaN	NaN	NaN	NaN	9	310.3046502982246	305.20024456787115	97641.00724761284	1.1065652496747809	1016.303546940715	0.02598738895536452	0.5345805845839792	0.013160138105998077	1853.60430556163	4755.015591013504	0.011892780936204021	38.98208681091928	2901.4112854518735	289.46422382592704	-1.2403932649592257	-0.8479621580040987	0.7602771400256543	1.683934857056148	1.624662008141174e-13	-4.7733974269155485e-14	1.683934857056148	6.193657623332674	306.6425653882533	214.3574346117467	26.839221586798924	NaN	0.6619102175792104	1.974606024072036	370.14187737863995	0.005411708651250263	-0.1867969053780012	-0.090433041241891	0	24.52022923073319	-3.7210393854135715	8.417001221427993	20.959523149695947	31.964595269733294	44.8307993597909	67.16470668219569	0.47952444966233554	1.0110309307445142	-44.61234054990023	1.0234707357793809	323.0283747931179	1.1156201270425614	-0.07221419515275085	1.1156201270425614	7.394721715223827	1.1156201270425614	0.1255743492173047	1.3831598967925354	NaN	NaN	800000009	800000009	800000009	800000009	800001019	800001019	899999999	899999999	89999	89999	89	89	22	22	2	7	25	16	4	NaN	0	0	0	0	0	0	0	0	0	NaN	NaN	NaN	NaN	0	0	0	0	0	0	0	0	0	0	0	0	18000	18000	18000	18000	93	NaN	1.209494846849408	2.5308148049415	0.208902396353164	0.07986775839369581	0.112461656140906	1.37389746549768	0.0000014192343933157396	NaN	-0.039669300257595914	-0.0019129740301327594	0.19588822628791838	0.0001255743492173047	NaN	15.647847385588772	719.9465024769852	95.3418206278483	96.09360287412008	94.590042409473	1.5035550731188698	0.0002929328161230336	62.97628299033198	048
DATA	2026-08-31T153000_AIU-1657.ghg	2026-08-31	16:00:00	243.666	1	18000	18000	0.08792221759346855	0	NaN	-12.129643628049712	0	NaN	145.24922832167937	0	NaN	3.909336403533159	1	NaN	3.3259999106588545	0	NaN	0.15933713207509295	1	NaN	NaN	NaN	NaN	NaN	NaN	NaN	NaN	NaN	NaN	3.283645906381031e-10	1.3972655289658547e-11	1.6694039261716048e-12	NaN	15.689117978004871	413.97366538820086	421.39678674655516	0	0	667.6074203964696	17.615514858728424	17.931385445480878	0.2	0	0.07976339683811086	2.0401561278648015	2.0767389537625047	0	0	NaN	NaN	NaN	NaN	9	310.68217514885794	305.4998717108832	97626.60922526041	1.1058908430821537	1015.5496354358726	0.02601673819833015	0.21552479421069376	0.01220105229077051	1720.20428826571	4836.1143523003075	0.0110327817316633	35.56996718755195	3115.910064034598	288.29725900891776	-1.016379883185597	-0.20451734530625296	0.6309059590006694	1.2136299850358407	-8.209554130533403e-14	2.092944874902777e-14	1.2136299850358407	4.132152592396477	329.6227959164089	191.3772040835912	31.322213061908514	NaN	0.28196369014721906	1.0828810576160268	158.74007955444645	0.01261874131361358	-0.0835091777643495	-0.03830376277492951	0	16.570509195543845	-2.5146386998574033	5.688119585919787	14.16422203145389	21.601332306676603	30.29617570230127	45.38919188807477	0.08698670902798052	1.0107546149974143	-3.1816144739540744	1.0215482742265483	131.18097853905957	1.1072430617555649	3.530693971868107	1.1072430617555649	3.0038570802921885	1.1072430617555649	0.11304158731230575	1.3808090377745308	NaN	NaN	800000009	800000009	800000009	800000009	800001019	800001119	899999999	899999999	89999	89999	89	89	3	0	1	30	20	25	4	NaN	0	0	0	0	0	0	0	0	0	NaN	NaN	NaN	NaN	0	0	0	0	0	0	0	0	0	0	0	0	18000	18000	18000	18000	93	NaN	0.5818353507386658	1.482954219519535	0.10097254497385295	0.04048605103169416	1.8056459592202974	0.8526010333128204	0.000001330983886436873	NaN	-0.002832918868695988	0.09350471626950536	0.07955229375437874	0.00011304158731230575	NaN	15.690165879296035	667.6040303357136	95.34894423908658	96.10388685099284	94.59400429047477	1.5098801748653266	0.0002936419003364993	64.57025663310505	233
DATA	2026-08-31T160000_AIU-1657.ghg	2026-08-31	16:30:00	243.687	1	18000	18000	0.3612190309460576	1	NaN	-35.93206499938653	1	NaN	326.6275650713225	1	NaN	0.456153677386585	1	NaN	7.481940601284762	1	NaN	0.17224404154743328	1	NaN	NaN	NaN	NaN	NaN	NaN	NaN	NaN	NaN	NaN	-1.269540050816826e-10	-4.944164736368256e-12	-6.444604193997808e-13	NaN	15.68032838279277	414.148859403145	420.93810052435646	0.1	0	610.663102711866	16.1288348874911	16.393238728209614	0.3	0	0.07959852073512057	2.0380378413519638	2.071447882222371	1.3	0	NaN	NaN	NaN	NaN	9	310.6565891316732	305.8601059451633	97600.70684461805	1.1049202334749852	1014.7318085277116	0.026054328939199796	0.4848297509632526	0.011155213796933317	1574.6079442453035	4935.204510522632	0.010095944900791668	31.90562702899124	3360.596566277328	286.9291094247471	-1.1113362243560891	-1.5529966629491863	0.8030249537806067	2.071645702115018	4.7038849198311055e-14	-8.096386885685315e-15	2.071645702115018	4.857068713337619	286.5877978277522	234.41220217224787	22.806899121539416	NaN	0.5717680035416073	0.8368940825020408	446.62804726471785	0.004484940012763588	-0.11000928532024049	-0.05605058213274831	0	22.290916785913655	-3.3827326211697506	7.651750399568953	19.053940401858675	29.0584613442347	40.75490520792366	61.0582745175403	0.357107762670594	1.0115126824595408	-15.819263788004259	1.0252423688751118	290.9741891854587	1.1225310601798406	0.4063617422875628	1.1225310601798406	6.665241494597113	1.1225310601798406	0.11905657374294898	1.3828956620156396	NaN	NaN	800000009	800000009	800000009	800000009	800001019	800001019	899999999	899999999	89999	89999	89	89	17	1	1	14	38	12	9	NaN	0	0	0	0	0	0	0	0	0	NaN	NaN	NaN	NaN	0	0	0	0	0	0	0	0	0	0	0	0	18000	18000	18000	18000	93	NaN	0.723390361649069	0.7525749614599003	0.19782284189511234	0.042230597809895395	0.7639793021345921	1.649805796205331	6.520220631602698e-7	NaN	-0.014109254498257565	0.010761092949941592	0.17650599402738704	0.00011905657374294898	NaN	15.681402902323917	610.6586041148215	95.37247676531474	96.1171047592163	94.62784686194524	1.489253406276306	0.00029352473203390325	64.21006811827209	153
DATA	2026-08-31T163000_AIU-1657.ghg	2026-08-31	17:00:00	243.708	1	18000	18000	1.168545294914642	1	NaN	-202.34047494416916	1	NaN	1661.0122365423608	1	NaN	1.4853799770168123	1	NaN	38.05059869234957	1	NaN	0.3066199639104339	1	NaN	NaN	NaN	NaN	NaN	NaN	NaN	NaN	NaN	NaN	2.0379045236185993e-10	8.757741638133704e-12	1.0376047775355205e-12	NaN	15.633497883922841	413.4506287999212	420.9295922535858	0.1	0	671.8378303837072	17.767730260121326	18.089133097639618	0.1	0	0.07959839092533305	2.0400227966190445	2.0769250405093054	-0.1	0	NaN	NaN	NaN	NaN	9	310.7003972880046	305.9242183406798	97587.40719867311	1.1038494456168673	1015.6477901180474	0.02606334182141274	2.465678795264252	0.01228447629498399	1734.3718300154915	4953.0234484072635	0.011128760669095614	35.01642679630784	3218.651618391772	288.4248957116841	-1.1743027019926442	-0.9705089812184711	0.7589055662180665	1.7020024021632136	-4.0587459838167565e-13	1.3035499404866631e-14	1.7020024021632136	6.625651645291444	301.4277817598887	219.5722182401113	26.48028406350998	NaN	1.0288874114409883	2.7265747926002675	462.24065680454214	0.004333456978551776	-0.12181757033010808	-0.17541306605401188	0	25.076998978045076	-3.8055313425995823	8.608122258636916	21.435441555597606	32.69040086738039	45.84875203048028	68.68978527815158	1.1558548528565866	1.010979269608716	-99.32571772438834	1.023390987471733	1489.4763298616915	1.1151652451547167	1.3319819492856706	1.1151652451547167	34.121040677761144	1.1151652451547167	0.19121935033924953	1.3806006406633444	NaN	NaN	800000009	800000009	800000009	800000019	800001019	800001019	899999999	899999999	89999	89999	89	89	25	6	4	18	26	21	4	NaN	0	0	0	0	0	0	0	0	0	NaN	NaN	NaN	NaN	0	2	0	0	0	0	0	0	0	0	0	0	18000	18000	18000	18000	93	NaN	1.0229611299321362	3.952985232467996	0.47720322280040334	0.05775355636147665	0.8753525719455632	3.8731547188330997	5.39895429586057e-7	NaN	-0.08859490365010214	0.03534405289222503	0.9053995567277058	0.00019121935033924954	NaN	15.634533327257273	671.7545365560818	95.3242311929067	96.09769702317979	94.55076792611017	1.5469282294246895	0.0002937927662666576	63.70959364848668	209
DATA	2026-08-31T170000_AIU-1657.ghg	2026-08-31	17:30:00	243.729	1	18000	17995	0.1809628607391308	0	NaN	-49.21113597425107	1	NaN	401.8452245414773	0	NaN	0.821071065431327	0	NaN	9.191171648151007	0	NaN	0.11213506250245328	0	NaN	NaN	NaN	NaN	NaN	NaN	NaN	NaN	NaN	NaN	-4.2007363045936433e-10	-2.2692588016852363e-11	-2.1516647897669116e-12	NaN	15.629645576761373	410.7301422978239	420.05015124995964	0.1	1	844.3212860921872	22.187848104331987	22.691319658194857	0.2	0	0.08005681772330805	2.040817652853168	2.087126498578146	0.1	0	NaN	NaN	NaN	NaN	9	310.111103992886	304.33056986660415	97599.26716840277	1.1078973048174063	1018.0852083199695	0.02592441963222124	0.5955879228001852	0.015422718632191367	2166.098592229803	4526.274452697673	0.01392071139186786	47.85610362046875	2360.17586046787	291.9329809368316	-2.869798084772998	-0.5999531405085591	1.6464040809130278	3.36226054425028	-2.369553888764653e-13	-2.687672144555488e-14	3.36226054425028	12.590811242201864	329.1919448108114	191.7625810349047	29.319010430109756	NaN	0.40415222458933164	4.382904845606112	115.28323745222343	0.017375466236625597	-0.1224629110135702	-0.10795301672177939	0	14.361635486608261	-2.1794335926371193	4.92988472069316	12.276110007641226	18.721842337651978	26.257650078230366	39.3387445874956	0.17829076635322652	1.014987284201866	-24.709819083562117	1.0342729657047334	347.2622124973493	1.1571809718413997	0.7095442159965459	1.1571809718413997	7.942726221573859	1.1571809718413997	0.07270008001679167	1.410058721688217	NaN	NaN	800000009	800000009	800000009	800100009	800100019	810100019	899999999	899999999	89999	89999	89	89	29	2	1	4	17	8	1	NaN	0	0	0	0	0	0	0	0	0	NaN	NaN	NaN	NaN	0	0	0	0	0	0	0	0	0	0	0	0	18000	18000	18000	18000	93	NaN	1.1596892898211129	7.309475584526097	0.29664481686501615	0.15101860218304908	0.20595993954660347	1.7565904080282189	2.820026756799256e-7	NaN	-0.021907152533946816	0.01881203248515862	0.21058423186652542	0.00007270008001679166	NaN	15.630841588428234	844.3007501660869	95.3775717332628	96.12780787277222	94.62733406066891	1.5004694673584449	0.00029218176881840935	63.88964866767436	233
DATA	2026-08-31T173000_AIU-1657.ghg	2026-08-31	18:00:00	243.749	1	18000	18000	0.18536903096833796	0	NaN	-13.962957464234838	2	NaN	261.6513134965313	0	NaN	0.37611314885098185	2	NaN	5.974471655350187	0	NaN	0.08977107234232248	0	NaN	NaN	NaN	NaN	NaN	NaN	NaN	NaN	NaN	NaN	8.286667713022348e-11	4.646531891715547e-12	4.244546694213664e-13	NaN	15.676284662077519	408.62775819053775	418.2100937121946	0.2	0	879.006606135385	22.912731341800843	23.450035709979232	0.2	0	0.08029611484892667	2.0315794544302475	2.079220065184297	0	0	NaN	NaN	NaN	NaN	9	308.9880059322781	302.59541291809074	97625.85477061632	1.1142457178715177	1018.4493704493224	0.02576959012458462	0.3871457632666921	0.016022273689937454	2237.4750004075513	4098.299944498567	0.014379479708070068	54.595198758233145	1860.8249440910158	292.4526847926513	-2.8620189015650075	-0.6235252518598576	1.6978760307953942	3.385663738260441	9.001547653971806e-14	5.28611714551766e-15	3.385663738260441	7.488007973845327	328.7094752037001	192.2905247962999	30.098617327813592	NaN	0.40787595433694135	1.90080446893392	417.75460008113447	0.0047949202704433815	-0.05336475203446645	-0.030166775706725317	0	16.26723220291025	-2.4686152461751294	5.584014408378115	13.90498541959111	21.2059801167385	29.741688634531272	44.55846921978246	0.18273666736138477	1.014405229366186	1.7198339135099852	1.0318789370225725	230.76414394185164	1.133847351789898	0.3317140956031228	1.133847351789898	5.269202812811488	1.133847351789898	0.05944026262379472	1.3139711024561405	NaN	NaN	800000009	800000009	800000009	800000009	800000019	800000119	899999999	899999999	89999	89999	89	89	25	2	0	7	3	13	8	NaN	0	0	0	0	0	0	0	0	0	NaN	NaN	NaN	NaN	0	0	0	0	0	0	0	0	0	0	0	0	18000	18000	18000	18000	93	NaN	0.6197801923639465	2.9605556520467977	0.2212730934570958	0.026280604304078005	0.5676497638050791	0.44063372221213176	2.0774230404547344e-7	NaN	0.0015155354198075116	0.008748645414249996	0.13897023863649896	0.00005944026262379472	NaN	15.677368007086162	879.0418542581527	95.5702605588701	96.25204788102045	94.88847230826482	1.363572121547334	0.000289647370033587	63.150304314242625	060
DATA	2026-08-31T180000_AIU-1657.ghg	2026-08-31	18:30:00	243.77	1	18000	18000	0.25730250840895047	1	NaN	-37.055222390651174	0	NaN	265.0223131947873	0	NaN	-0.7562087348125178	2	NaN	6.052928893160453	0	NaN	0.13278452081321032	0	NaN	NaN	NaN	NaN	NaN	NaN	NaN	NaN	NaN	NaN	3.529477819821892e-10	1.905593840038892e-11	1.8075196798959776e-12	NaN	15.683248456634129	408.4527536516877	417.66335713854767	0.1	1	846.7513659646568	22.052697057177056	22.54998504604128	0.4	0	0.08031720746581975	2.0336699919869705	2.0795292198948596	0.1	0	NaN	NaN	NaN	NaN	9	309.3675658942329	302.84696021355523	97636.5233500434	1.1138071405099903	1017.9684832062289	0.02578819422101411	0.39222979227679733	0.015409749297425565	2153.7262304925857	4158.07379180363	0.013835204261996152	51.79624841526376	2004.3475613110445	291.84137262324384	-2.200335206837646	-1.9003505191988013	1.4783722776223338	3.2616547502013336	6.604647555269939e-14	2.2504762515121012e-14	3.2616547502013336	7.566272317209057	300.1840059904596	220.81599400954047	26.952929819621815	NaN	0.4806367907340547	0.7929775635481133	257.5651940650935	0.007777060123635197	-0.13981925500520465	-0.06799673863219537	0	18.25067913032293	-2.7696109695972235	6.264867554308143	15.600406021091592	23.791603508638843	33.368062205793876	49.99143764131754	0.25365932282277004	1.0143625140430022	-20.809085449283945	1.0328782578562443	230.14951205657974	1.1515223770260892	-0.656703464821496	1.1515223770260892	5.256457897755048	1.1515223770260892	0.09222976330313737	1.4003598593935147	NaN	NaN	800000009	800000009	800000009	800000009	800000019	800000019	899999999	899999999	89999	89999	89	89	12	12	0	15	5	7	21	NaN	0	0	0	0	0	0	0	0	0	NaN	NaN	NaN	NaN	0	0	0	0	0	0	0	0	0	0	0	0	18000	18000	18000	18000	93	NaN	0.47211391101239003	0.883382565588648	0.2304586504951887	0.009582962784152755	0.44462068938385896	0.7327748224880835	3.3797758050860117e-7	NaN	-0.018353067570064288	-0.017317189672302353	0.13861214885570716	0.00009222976330313737	NaN	15.684358479811209	846.7865839896922	95.61071317100524	96.27541571850247	94.94600746133592	1.32940862828162	0.00028954744973614456	64.28358250697808	048
DATA	2026-08-31T183000_AIU-1657.ghg	2026-08-31	19:00:00	243.791	0	18000	18000	0.07615866215189866	1	NaN	-6.14695980538187	1	NaN	34.192717247796196	2	NaN	-2.9296587690377294	2	NaN	0.7808597034549117	2	NaN	0.043766997961876795	1	NaN	NaN	NaN	NaN	NaN	NaN	NaN	NaN	NaN	NaN	4.994697366194965e-10	2.7066860217138207e-11	2.5511701168029224e-12	NaN	15.728174992024263	409.77116871840855	419.0771917824982	0.1	1	852.3285451909643	22.205987933887528	22.71029241318988	0.2	0	0.08033569822082605	2.033345086604306	2.079522948098013	0.1	0	NaN	NaN	NaN	NaN	9	309.23092243025036	302.74371199837344	97623.80734289902	1.1139767682897364	1018.0525245515792	0.02578276027192418	0.050599708783878275	0.015520134586231183	2168.41458619401	4133.448377301628	0.0139321887386026	52.460183078652136	1965.033791107618	291.9500781820515	-1.6362832954517705	-1.378636558192808	0.9893359193950766	2.357296617730909	-3.8472475065117516e-14	3.175636950077024e-14	2.357296617730909	4.6815245431029116	300.88447205974853	220.11552794025147	24.815073729045302	NaN	0.2614698310535073	0.31601555084228805	249.95396484390938	0.008013875680071291	-0.17977394896213045	-0.020729673793526394	0	19.379245311425052	-2.940875241615663	6.65226780393113	16.56508741848759	25.262803507406524	35.4314411225709	53.08275525551683	0.07523673970939294	1.0122536203198957	-4.014284020310689	1.0272720596283966	30.239876830408328	1.1307161546839704	-2.5909763090424356	1.1307161546839704	0.6905886152065795	1.1307161546839704	0.031795237579639146	1.3914572108670338	NaN	NaN	800000009	800000009	800000009	800000019	800001019	800001119	899999999	899999999	89999	89999	89	89	13	8	1	5	8	16	16	NaN	0	0	0	0	0	0	0	0	0	NaN	NaN	NaN	NaN	0	6	0	0	0	0	0	0	0	0	0	0	18000	18000	18000	18000	93	NaN	0.15672179219427912	0.41660667552233327	0.058702633967963706	0.0065213762645909	3.1976789705593225	0.4897659444483529	2.8119819530052255e-7	NaN	-0.003539661870246014	-0.06832004202490198	0.018209754773971434	0.000031795237579639145	NaN	15.729255201710728	852.361702812292	95.5984025071462	96.2684593158298	94.9283438765208	1.34011052214437	0.0002901818436253557	64.36783271204101	242
DATA	2026-08-31T190000_AIU-1657.ghg	2026-08-31	19:30:00	243.812	0	18000	18000	0.051137532008248	1	NaN	-21.879148456565563	1	NaN	127.1093022604498	1	NaN	8.795922792403392	1	NaN	2.901218485604678	1	NaN	0.05404567160473808	1	NaN	NaN	NaN	NaN	NaN	NaN	NaN	NaN	NaN	NaN	-2.101975989930817e-10	-1.1626652443461439e-11	-1.0628909552723711e-12	NaN	15.917676946744914	413.9205541354754	423.6193934941375	0.1	1	880.453908387378	22.895173137998277	23.43164470032017	0.4	0	0.08048976266469893	2.0327371718082605	2.0803675469872056	0.1	0	NaN	NaN	NaN	NaN	9	309.01372810109456	302.18569629584425	97612.10907313367	1.1156068343483638	1018.4288563709471	0.02573832184202998	0.18799895786718313	0.016029445491739232	2235.445611413187	4002.540442992587	0.014368364371935905	55.8506689252041	1767.0948315793999	292.4381105383376	-1.0813554994544428	-1.617167431571365	0.8065777374762614	2.10597432665444	6.299298146446222e-14	-1.3205293693064054e-14	2.10597432665444	4.592743874842767	284.76956058454425	236.2304394154557	22.5193266381006	NaN	0.21409883252178036	0.192716562303601	38.55469987531711	0.05195475535999162	-0.1721286173983923	-0.08994442580679413	0	20.32429838100951	-3.084290690963181	6.9766739408458935	17.372904568288938	26.494775631053056	37.15929954298863	55.671402026330504	0.05046242558849549	1.0133783981225513	-14.008246804093467	1.029273578713514	111.35939075601407	1.141433168747694	7.706033987126645	1.141433168747694	2.541733116786597	1.141433168747694	0.03715417708354347	1.4398516867246889	NaN	NaN	800000009	800000009	800000009	800000009	800001019	811001119	899999999	899999999	89999	89999	89	89	23	25	1	10	25	14	4	NaN	0	0	0	0	0	0	0	0	0	NaN	NaN	NaN	NaN	0	0	0	0	0	0	0	0	0	0	0	0	18000	18000	18000	18000	93	NaN	0.253471407291153	0.09701983801367754	0.034941879302371505	0.04039758378042829	23.87800539011384	1.0109605546230482	3.5213035081794913e-7	NaN	-0.01232939942853016	0.20298910011329632	0.06695326272458549	0.00003715417708354347	NaN	15.918713637567706	880.4825635182126	95.61037174563938	96.2652816005283	94.95546208000184	1.3098154591421283	0.0002890614192761455	64.40629176214004	242
DATA	2026-08-31T193000_AIU-1657.ghg	2026-08-31	20:00:00	243.833	0	18000	18000	0.00630087844564737	2	NaN	-14.520262664598071	0	NaN	115.73549865553345	0	NaN	11.790035534073471	0	NaN	2.6395099455395825	0	NaN	0.07475700165316919	1	NaN	NaN	NaN	NaN	NaN	NaN	NaN	NaN	NaN	NaN	-8.100899142732359e-11	-4.598214520564931e-12	-4.035394677277973e-13	NaN	16.37583864002266	424.68261975174215	435.17278225322957	0.1	1	929.5217443675346	24.105741280903796	24.701181573240973	0.1	1	0.08157486091305813	2.05360290172424	2.104329319879065	0	1	NaN	NaN	NaN	NaN	9	308.3828431972928	301.3671513112387	97613.2265889757	1.1181332114402363	1019.0973592852846	0.025668309342461726	0.17104024447096494	0.01692302595894007	2353.6703636006973	3817.042121735327	0.01513507137234748	61.662153273033766	1463.3717581346295	293.2684328859144	-0.08685647286020935	-0.2634263967185916	0.17184374291334809	0.32629401671553687	-3.258556241190607e-14	-4.946860628519938e-15	0.32629401671553687	1.854971640697809	269.2483275082359	251.75167249176405	31.779593359079325	NaN	0.0750678153489688	0.20755797940361037	2.5046073558880817	0.7997660772220092	-0.12546075174234228	-0.16975066018687057	1	2.741122039685815	1	3	5	9	20	85	0.006129246820209787	1.0280020743938174	-7.78236134739063	1.0546607135279924	91.77806188344292	1.2610366386088672	9.349478970793298	1.2610366386088672	2.0931270866573715	1.2610366386088672	0.035456063570484926	2.05870053715044	NaN	NaN	800000009	800000009	800000009	800000009	800000019	800100019	899999999	899999999	89999	89999	89	89	9	5	0	15	0	0	0	NaN	0	0	0	0	0	0	0	0	0	NaN	NaN	NaN	NaN	0	0	0	0	0	0	0	0	0	0	0	0	18000	18000	18000	18000	93	NaN	0.30840692009211734	0.08793365205954337	0.018775386655560004	0.06688065275240083	27.409532531952333	0.8004980786755143	0.0000043992581949900165	NaN	-0.006829708507466823	0.2459148687284298	0.055054519546514746	0.00003545606357048492	NaN	16.37691355745053	929.5556034444407	95.60722616873848	96.24701352988349	94.967436732822	1.2795741083456402	0.0002883321694066077	64.50484799416861	255
DATA	2026-08-31T200000_AIU-1657.ghg	2026-08-31	20:30:00	243.854	0	18000	18000	0.054348111631680664	1	NaN	46.13869858943663	1	NaN	64.0477046998512	1	NaN	-25.077643246253853	1	NaN	1.459381061122665	1	NaN	0.21696596357589493	1	NaN	NaN	NaN	NaN	NaN	NaN	NaN	NaN	NaN	NaN	1.0732479372782954e-10	6.085378347842988e-12	5.238111703723564e-13	NaN	16.908684932342084	437.007500658422	448.1110562947597	0	0	958.7322891923008	24.778579953256084	25.408158028428463	0.1	1	0.08252480844573855	2.0694414598006063	2.122022155441802	0	1	NaN	NaN	NaN	NaN	9	307.66917535400387	300.44102093505865	97626.26416927083	1.121441721286678	1019.460039422827	0.025586010786227697	0.09456789276074869	0.017451333939421977	2419.6890741799034	3616.226221870256	0.01556151658010308	66.9119940435717	1196.5371476903524	293.7163210375026	0.15221117189852532	-0.14125559969307555	0.09039675140680022	0.2264794868421123	1.2287091889207891e-14	6.347317615608536e-15	0.2264794868421123	2.423896002977432	203.86205201728774	317.13794798271226	23.524351963385005	NaN	0.22014249018378462	0.21663696892189435	-19.883072558716073	-0.10074398683024008	0.7203802041877674	0.1833219842620466	0	18.70390043176631	-2.8383890506302283	6.420443760873324	15.987812772886215	24.382423249022906	34.196695292352665	51.23288100170074	0.05261089631328184	1.033020066946859	48.8622280232546	1.0330286491137588	58.02098769908728	1.103871327251789	-22.717904367248533	1.103871327251789	1.32205722269819	1.103871327251789	0.15104544701549194	1.3349357577021295	NaN	NaN	800000009	800000009	800000009	800000009	800000019	801001019	899999999	899999999	89999	89999	89	89	2	1	0	0	2	0	0	NaN	0	0	0	0	0	0	0	0	0	NaN	NaN	NaN	NaN	0	0	0	0	0	0	0	0	0	0	0	0	18000	18000	18000	18000	93	NaN	0.08809526983595745	0.29970773544689233	0.04547093256093893	0.21494082413438012	46.93654530125123	0.38911684597882273	0.000005620344125820455	NaN	0.042739196169673095	-0.5960333682411622	0.034685867442437665	0.00015104544701549194	NaN	16.910161787562924	958.7746731643504	95.62279100248549	96.23797720040216	95.00760838826496	1.2303693102896147	0.00028754037217165913	64.52473842182866	022
DATA	2026-08-31T203000_AIU-1657.ghg	2026-08-31	21:00:00	243.874	0	18000	18000	0.1759217796354557	1	NaN	19.82610785378265	1	NaN	85.36455752796894	1	NaN	-8.676806353466159	2	NaN	1.9433528097030919	1	NaN	0.12356331169871777	1	NaN	NaN	NaN	NaN	NaN	NaN	NaN	NaN	NaN	NaN	7.828585963722691e-10	4.285392036672171e-11	3.706249325058396e-12	NaN	17.234905890293827	443.8172506464076	454.86813218935765	0.1	1	943.4440497596318	24.29469281516883	24.899621469996372	0.5	0	0.08159437556073205	2.0371818562395174	2.0879069133254258	0.2	0	NaN	NaN	NaN	NaN	9	307.0385140253703	299.5152473858791	97637.14190352017	1.1252411288370907	1019.1628359525625	0.02550432876483472	0.12592926206876034	0.01716533597363294	2372.7006510539304	3424.746657037495	0.015254806755395525	69.28105605062143	1052.0460059835646	293.39865689072604	-0.4480730204891148	-1.0100274822680684	0.5420918290419213	1.2307674425908242	-1.8205857114396822e-14	4.542285297961222e-14	1.2307674425908242	3.654632079974854	274.923250821417	246.076749178583	26.132612449307807	NaN	0.3954003104749555	0.48445075988952263	-268.10128472885117	-0.007471430068027721	0.23225221834350632	0.04372313381626171	0	23.990244560925618	-3.64061216707633	8.235074634562432	20.506500225183768	31.273706725823228	43.86181835344173	65.71299656322705	0.17375702311519053	1.012458526748758	24.692641140734462	1.0216670871028197	77.82144803278075	1.09692841351411	-7.910093536249299	1.09692841351411	1.771631389761693	1.09692841351411	0.08724022161355591	1.3055188829666136	NaN	NaN	800000009	800000009	800000009	800000019	800000019	800000019	899999999	899999999	89999	89999	89	89	12	2	0	16	1	0	1	NaN	0	0	0	0	0	0	0	0	0	NaN	NaN	NaN	NaN	0	96	0	0	0	0	0	0	0	0	0	0	18000	18000	18000	18000	93	NaN	0.7420992484151415	0.1480716117088736	0.0787306596550301	0.0732386480587339	39.61616120771004	0.36788318693854777	0.000001010367151187949	NaN	0.02153170239441193	-0.20676629723843365	0.046309649924329364	0.0000872402216135559	NaN	17.23617854156229	943.5012853132222	95.67512020534939	96.24551193555196	95.10472888819376	1.1407821493148833	0.0002866706400123399	63.913224359177654	034
DATA	2026-08-31T210000_AIU-1657.ghg	2026-08-31	21:30:00	243.895	0	18000	18000	0.21708206448600184	1	NaN	60.36699417266666	1	NaN	-55.287244892046274	1	NaN	-30.237485341932693	1	NaN	-1.2574348994498423	1	NaN	0.034997522112210494	1	NaN	NaN	NaN	NaN	NaN	NaN	NaN	NaN	NaN	NaN	-1.4411056713681303e-11	-7.753923984313013e-13	-6.656555993126991e-14	NaN	17.595298381830023	451.3998028478852	462.6361896034422	0.1	1	946.7217348779975	24.287738417499277	24.892316488989454	0.1	1	0.08127376862186324	2.0202100144352344	2.070497721488782	0.3	0	NaN	NaN	NaN	NaN	9	306.21377288140195	298.53549055666065	97662.59537557147	1.1292313360646227	1019.1379108320398	0.0254142751269634	-0.08148178148434977	0.017221229076798787	2372.639834503793	3231.7835879848594	0.015250399565437906	73.41580182920677	859.1437534810666	293.3982421836603	-0.7322003710455454	-0.9865066636512118	0.6788557637314226	1.4036231434181679	-2.073940550159945e-14	-8.190288337799965e-16	1.4036231434181679	3.0418172551052067	287.58337106706006	233.41662893293997	28.923755501338846	NaN	0.43845044069648664	0.4500777325060426	-120.07668261142182	-0.016681839941249867	-1.0918792262218724	0.11963635213643815	0	21.712864064098138	-3.295010890492572	7.453323605929002	18.559829629458086	28.304911239807385	39.69804047198508	59.47489855713443	0.21448227381473053	1.0121212379234519	56.22114887045815	1.0220447781985333	-50.3000944098898	1.0991479348232778	-27.50993236119241	1.0991479348232778	-1.1440087904564131	1.0991479348232778	0.015316013386164624	1.3052070848815973	NaN	NaN	800000009	800000009	800000009	800000019	800000019	800000019	899999999	899999999	89999	89999	89	89	13	3	0	10	1	0	13	NaN	0	0	0	0	0	0	0	0	0	NaN	NaN	NaN	NaN	0	64	0	0	0	0	0	0	0	0	0	0	18000	18000	18000	18000	93	NaN	0.35461359681432075	0.4213180697472378	0.12422379845052668	0.09604267543442649	19.724711407155006	0.26504242860820837	4.5088217699819427e-7	NaN	0.04885216751707683	-0.7165531126051519	-0.029798076159779634	0.000015316013386164624	NaN	17.59669757651001	946.7812916893279	95.70942073588901	96.2407020640903	95.17814038530986	1.0625617314312146	0.0002854971931244815	63.900770414149214	137
DATA	2026-08-31T213000_AIU-1657.ghg	2026-08-31	22:00:00	243.916	0	18000	18000	0.20810488997931278	1	NaN	-27.60863061079106	2	NaN	95.92408122032366	1	NaN	6.706815016464773	2	NaN	2.1802256258238466	1	NaN	0.06013925847544261	1	NaN	NaN	NaN	NaN	NaN	NaN	NaN	NaN	NaN	NaN	1.4245183253812083e-9	7.534748038062245e-11	6.574246191322784e-12	NaN	17.690575544289096	452.4592632315897	463.5530449323469	0.1	1	935.7129845195502	23.932065212464007	24.518851976910174	0.1	1	0.08164317497511135	2.0228456594699282	2.0724435127666068	0.2	0	NaN	NaN	NaN	NaN	9	305.531240052965	297.85546000477046	97694.27136672733	1.1323302425368176	1018.9202848564431	0.025348162792307418	0.14127862055338525	0.01701329702082204	2338.6528238694823	3103.4903298314307	0.015025031021609275	75.35556986886145	764.8375059619484	293.16501518040224	-0.7889918024714317	-1.8473169392021969	0.6735880016393361	2.1186808948454656	-3.253884156784867e-14	8.052413681029579e-14	2.1186808948454656	4.0416900095236645	274.1273998165934	246.87260018340663	18.537665923159857	NaN	0.42870109151268676	0.32944999423708266	245.4609191354389	0.008160565873603455	-0.28781751422125224	-0.05581834579861167	0	19.860583891609785	-3.013920228174823	6.817495762414378	16.976528397252128	25.890276960388306	36.31148156221499	54.401216198468035	0.20566785581696395	1.01184936825771	-21.53375746884693	1.0260456814726489	85.18058921368632	1.1261260588334974	5.955652090505797	1.1261260588334974	1.9360404714213284	1.1261260588334974	0.04595856910656637	1.3913629703373687	NaN	NaN	800000009	800000009	800000009	800000019	800010019	800111019	899999999	899999999	89999	89999	89	89	71	2	3	26	3	2	12	NaN	0	0	0	0	0	0	0	0	0	NaN	NaN	NaN	NaN	0	4	0	0	0	0	0	0	0	0	0	0	18000	18000	18000	18000	93	NaN	0.1862797226202959	0.3242025600967718	0.14841770575709773	0.7596032990792847	37.29792931217213	0.2199021646939097	2.917131492981125e-7	NaN	-0.01866407634700492	0.15466734049400083	0.050278664074559415	0.00004595856910656637	NaN	17.691816555525115	935.7703411230101	95.73760603141784	96.23439328490363	95.24081607988145	0.9935755546059902	0.00028473863775919505	63.605952197640114	139
DATA	2026-08-31T220000_AIU-1657.ghg	2026-08-31	22:30:00	243.937	0	18000	18000	0.07324495960527887	1	NaN	-0.048154332193827934	1	NaN	47.11503196468859	0	NaN	10.61033728680646	1	NaN	1.0707712119558	0	NaN	0.02076112825966127	0	NaN	NaN	NaN	NaN	NaN	NaN	NaN	NaN	NaN	NaN	3.718592616259826e-11	1.959179004938295e-12	1.72129343580603e-13	NaN	17.649047946170523	451.1409522464409	462.1251248399376	0.1	1	929.8583566829362	23.768827971214886	24.347540472221308	0.1	1	0.08169539799851676	2.0231778469436885	2.0724372514546516	0	0	NaN	NaN	NaN	NaN	9	305.6574626100329	297.7686473151312	97717.1215592448	1.1329958584396274	1018.8251474189688	0.025334849146953668	0.06938597453473583	0.01690613134878163	2323.244470801563	3087.4366293727476	0.014921617959014356	75.24832894379308	764.1921585711848	293.0582995664458	-0.2530470661287457	-2.056617940238792	0.5138808968054567	2.134896659299927	1.5566464080789353e-14	2.1069649918803033e-15	2.134896659299927	4.212764560203253	258.01443957797756	262.9855604220224	13.928170248558992	NaN	0.2542580493212354	0.2595133256368147	29363.73119578228	0.00006821680755229497	-0.0010220587822145227	-0.00016407132120864213	0	13.373954639755652	-2.0295492136301414	4.590845847275137	11.43185527497454	17.434300601062468	24.451854485534202	36.63333373059658	0.07236687624907173	1.0121337744797074	2.732724455987358	1.0249139514781653	42.41710685226237	1.1107554348010806	9.552361351899764	1.1107554348010806	0.964002676383536	1.1107554348010806	0.013808141646548663	1.306549912694122	NaN	NaN	800000009	800000009	800000009	800000009	800000019	800000019	899999999	899999999	89999	89999	89	89	26	9	0	8	22	3	9	NaN	0	0	0	0	0	0	0	0	0	NaN	NaN	NaN	NaN	0	0	0	0	0	0	0	0	0	0	0	0	18000	18000	18000	18000	93	NaN	0.19863486685914464	0.18009220367299467	0.14029958074149004	0.07036499952399904	27.387527022874373	0.06749345140016595	1.9476522211764842e-7	NaN	0.0023673794046776297	0.24790154354480298	0.02501766240336711	0.000013808141646548663	NaN	17.650340115973037	929.9241112387364	95.75166044976976	96.24247548887465	95.26084460110135	0.9816310690873211	0.0002841504072259542	62.26210977024504	106
DATA	2026-08-31T223000_AIU-1657.ghg	2026-08-31	23:00:00	243.958	0	18000	18000	0.02412520029575629	0	NaN	-9.180045015949075	1	NaN	22.221662380572514	1	NaN	9.468676793650062	1	NaN	0.5047376128222989	1	NaN	0.006620564742704082	0	NaN	NaN	NaN	NaN	NaN	NaN	NaN	NaN	NaN	NaN	-1.7888017022794915e-10	-9.284608574766197e-12	-8.157015607327582e-13	NaN	17.959941279264367	458.14223162170384	469.30197238418737	0.1	0	932.194018997536	23.779445685661454	24.358681632516188	0.1	1	0.08189813389318684	2.0228137408290228	2.0720868167437563	0	0	NaN	NaN	NaN	NaN	9	305.1474342532688	297.17997018771695	97735.97764626736	1.1354546472327536	1018.8193296548059	0.02527988496808206	0.032706997310884965	0.01695045761239008	2324.73078917427	2980.47504422888	0.01492834403707844	77.9986664768647	655.7442550546102	293.0686205356746	-0.37458997318414555	-1.7364114304466285	0.5258976012571058	1.8525686467183664	1.9780464491838786e-14	-9.95995295566334e-15	1.8525686467183664	3.325674386334294	263.17366089045186	257.8263391095482	16.49160323461179	NaN	0.14576409741408297	0.15912699702242805	29.025850588651316	0.06901089750607284	-0.41311243320728386	-0.0544411480335458	1	19.88611494021068	9	18	37	69	146	607	0.023788719468817294	1.0141445539924947	-7.711450951318714	1.0305093696110532	19.34650222693954	1.1486139520160592	8.243567629516027	1.1486139520160592	0.4394319013245297	1.1486139520160592	0.005565469510181726	1.4807498214739485	NaN	NaN	800000009	800000009	800000009	800000009	800000019	800100019	899999999	899999999	89999	89999	89	89	13	3	0	0	1	2	13	NaN	0	0	0	0	0	0	0	0	0	NaN	NaN	NaN	NaN	0	0	0	0	0	0	0	0	0	0	0	0	18000	18000	18000	18000	93	NaN	0.1990095532961712	0.08021763750625761	0.03902680324242731	0.07452464297957034	20.194664354321752	0.08112963330156406	6.3513856903973e-8	NaN	-0.006666058680620394	0.21347409880110105	0.011379457697882157	0.000005565469510181726	NaN	17.96125822603999	932.2559123293299	95.74722416898939	96.21895482423571	95.27549569871691	0.9434602543513004	0.00028373900350642445	62.39413608150129	241
DATA	2026-08-31T230000_AIU-1657.ghg	2026-08-31	23:30:00	243.979	0	18000	18000	0.07377895550662748	1	NaN	-10.879472111456474	2	NaN	96.28380713918861	1	NaN	29.098027203509073	1	NaN	2.1855763939171484	1	NaN	0.03414379097082739	1	NaN	NaN	NaN	NaN	NaN	NaN	NaN	NaN	NaN	NaN	-2.761676714174378e-10	-1.4091781955934612e-11	-1.2458639140411495e-12	NaN	18.182199324836176	462.747036933506	473.93775699673506	0.2	0	927.7682179448419	23.612214680135956	24.183234402508027	0.1	1	0.08202461171668632	2.019827957465051	2.0686739304131674	-0.1	0	NaN	NaN	NaN	NaN	9	304.555800251431	296.5237041778565	97734.19526844619	1.138019492717642	1018.710553491983	0.025224519112919206	0.1416253503258312	0.01686819534285774	2308.3398219443184	2865.0582591945745	0.014822413368839342	80.56868702534653	556.7184372502561	292.95448075361276	-0.5809754783557309	-2.1270249713692224	0.5873008076814829	2.281817252538463	4.67846057141921e-14	-1.5188903525009953e-14	2.281817252538463	3.8519893224341373	266.2771237239856	254.72287627601435	14.914830889083946	NaN	0.2546193474653941	0.21721753372409525	130.53294224904323	0.015345551594005245	-0.11299378820499927	-0.03685665489167043	0	16.0948963857726	-2.4424626210486533	5.524857099133824	13.757675355120302	20.98132297371394	29.426603797113845	44.0864147173564	0.07288826854890783	1.0122198945790846	-5.11760848323273	1.0270881778685468	85.18855002509208	1.1302435258121948	25.7449182755541	1.1302435258121948	1.933721666175075	1.1302435258121948	0.022909074570709884	1.3943995163189817	NaN	NaN	800000009	800000009	800000009	800000009	800000019	800000019	899999999	899999999	89999	89999	89	89	8	1	0	19	0	4	6	NaN	0	0	0	0	0	0	0	0	0	NaN	NaN	NaN	NaN	0	0	0	0	0	0	0	0	0	0	0	0	18000	18000	18000	18000	93	NaN	0.1989588016503711	0.14692007952458622	0.08855618627323311	0.10230090409482935	35.13182134901405	0.09787290137644372	8.639791054837697e-8	NaN	-0.004414347837647835	0.6651121670148274	0.04995711363412925	0.000022909074570709884	NaN	18.183450660807303	927.8285534685594	95.73673893123203	96.17764434221056	95.2958337082333	0.881809515067276	0.00028296280362054754	60.28780872355555	124
