DATAH	filename	date	time	DOY	daytime	file_records	used_records	Tau	qc_Tau	rand_err_Tau	H	qc_H	rand_err_H	LE	qc_LE	rand_err_LE	co2_flux	qc_co2_flux	rand_err_co2_flux	h2o_flux	qc_h2o_flux	rand_err_h2o_flux	ch4_flux	qc_ch4_flux	rand_err_ch4_flux	none_flux	qc_none_flux	rand_err_none_flux	H_strg	LE_strg	co2_strg	h2o_strg	ch4_strg	none_strg	co2_v-adv	h2o_v-adv	ch4_v-adv	none_v-adv	co2_molar_density	co2_mole_fraction	co2_mixing_ratio	co2_time_lag	co2_def_timelag	h2o_molar_density	h2o_mole_fraction	h2o_mixing_ratio	h2o_time_lag	h2o_def_timelag	ch4_molar_density	ch4_mole_fraction	ch4_mixing_ratio	ch4_time_lag	ch4_def_timelag	none_molar_density	none_mole_fraction	none_mixing_ratio	none_time_lag	none_def_timelag	sonic_temperature	air_temperature	air_pressure	air_density	air_heat_capacity	air_molar_volume	ET	water_vapor_density	e	es	specific_humidity	RH	VPD	Tdew	u_unrot	v_unrot	w_unrot	u_rot	v_rot	w_rot	wind_speed	max_wind_speed	wind_dir	yaw	pitch	roll	u*	TKE	L	(z-d)/L	bowen_ratio	T*	model	x_peak	x_offset	x_10%	x_30%	x_50%	x_70%	x_90%	un_Tau	Tau_scf	un_H	H_scf	un_LE	LE_scf	un_co2_flux	co2_scf	un_h2o_flux	h2o_scf	un_ch4_flux	ch4_scf	un_none_flux	un_none_scf	spikes_hf	amplitude_resolution_hf	drop_out_hf	absolute_limits_hf	skewness_kurtosis_hf	skewness_kurtosis_sf	discontinuities_hf	discontinuities_sf	timelag_hf	timelag_sf	attack_angle_hf	non_steady_wind_hf	u_spikes	v_spikes	w_spikes	ts_spikes	co2_spikes	h2o_spikes	ch4_spikes	none_spikes	head_detect_LI-7200	t_out_LI-7200	t_in_LI-7200	aux_in_LI-7200	delta_p_LI-7200	chopper_LI-7200	detector_LI-7200	pll_LI-7200	sync_LI-7200	chopper_LI-7500	detector_LI-7500	pll_LI-7500	sync_LI-7500	not_ready_LI-7700	no_signal_LI-7700	re_unlocked_LI-7700	bad_temp_LI-7700	laser_temp_unregulated_LI-7700	block_temp_unregulated_LI-7700	motor_spinning_LI-7700	pump_on_LI-7700	top_heater_on_LI-7700	bottom_heater_on_LI-7700	calibrating_LI-7700	motor_failure_LI-7700	bad_aux_tc1_LI-7700	bad_aux_tc2_LI-7700	bad_aux_tc3_LI-7700	box_connected_LI-7700	mean_value_RSSI_LI-7200	mean_value_LI-7500	u_var	v_var	w_var	ts_var	co2_var	h2o_var	ch4_var	none_var	w/ts_cov	w/co2_cov	w/h2o_cov	w/ch4_cov	w/none_cov	co2_mean	h2o_mean	avg_signal_strength_7200_mean	co2_signal_strength_7200_mean	h2o_signal_strength_7200_mean	delta_signal_strength_7200_mean	flowrate_mean	rssi_77_mean	CHK
DATAU		[yyyy-mm-dd]	[HH:MM]	[ddd.ddd]	[1=daytime]	[#]	[#]	[kg+1m-1s-2]	[#]	[kg+1m-1s-2]	[W+1m-2]	[#]	[W+1m-2]	[W+1m-2]	[#]	[W+1m-2]	[µmol+1s-1m-2]	[#]	[µmol+1s-1m-2]	[mmol+1s-1m-2]	[#]	[mmol+1s-1m-2]	[µmol+1s-1m-2]	[#]	[µmol+1s-1m-2]	[µmol+1s-1m-2]	[#]	[µmol+1s-1m-2]	[W+1m-2]	[W+1m-2]	[µmol+1s-1m-2]	[mmol+1s-1m-2]	[µmol+1s-1m-2]	[µmol+1s-1m-2]	[µmol+1s-1m-2]	[mmol+1s-1m-2]	[µmol+1s-1m-2]	[µmol+1s-1m-2]	[mmol+1m-3]	[µmol+1mol_a-1]	[µmol+1mol_d-1]	[s]	[1=default]	[mmol+1m-3]	[mmol+1mol_a-1]	[mmol+1mol_d-1]	[s]	[1=default]	[mmol+1m-3]	[µmol+1mol_a-1]	[µmol+1mol_d-1]	[s]	[1=default]	[mmol+1m-3]	[µmol+1mol_a-1]	[µmol+1mol_d-1]	[s]	[1=default]	[K]	[K]	[Pa]	[kg+1m-3]	[J+1kg-1K-1]	[m+3mol-1]	[mm]	[kg+1m-3]	[Pa]	[Pa]	[kg+1kg-1]	[%]	[Pa]	[K]	[m+1s-1]	[m+1s-1]	[m+1s-1]	[m+1s-1]	[m+1s-1]	[m+1s-1]	[m+1s-1]	[m+1s-1]	[deg_from_north]	[deg]	[deg]	[deg]	[m+1s-1]	[m+2s-2]	[m]	[#]	[#]	[K]	[0=KJ/1=KM/2=HS]	[m]	[m]	[m]	[m]	[m]	[m]	[m]	[kg+1m-1s-2]	[#]	[W+1m-2]	[#]	[W+1m-2]	[#]	[µmol+1s-1m-2]	[#]	[mmol+1s-1m-2]	[#]	[µmol+1s-1m-2]	[#]	[µmol+1s-1m-2]	[#]	8u/v/w/ts/co2/h2o/ch4/none	8u/v/w/ts/co2/h2o/ch4/none	8u/v/w/ts/co2/h2o/ch4/none	8u/v/w/ts/co2/h2o/ch4/none	8u/v/w/ts/co2/h2o/ch4/none	8u/v/w/ts/co2/h2o/ch4/none	8u/v/w/ts/co2/h2o/ch4/none	8u/v/w/ts/co2/h2o/ch4/none	8co2/h2o/ch4/none	8co2/h2o/ch4/none	8aa	8U	[#]	[#]	[#]	[#]	[#]	[#]	[#]	[#]	[#_flagged_recs]	[#_flagged_recs]	[#_flagged_recs]	[#_flagged_recs]	[#_flagged_recs]	[#_flagged_recs]	[#_flagged_recs]	[#_flagged_recs]	[#_flagged_recs]	[#_flagged_recs]	[#_flagged_recs]	[#_flagged_recs]	[#_flagged_recs]	[#_flagged_recs]	[#_flagged_recs]	[#_flagged_recs]	[#_flagged_recs]	[#_flagged_recs]	[#_flagged_recs]	[#_flagged_recs]	[#_flagged_recs]	[#_flagged_recs]	[#_flagged_recs]	[#_flagged_recs]	[#_flagged_recs]	[#_flagged_recs]	[#_flagged_recs]	[#_flagged_recs]	[#_flagged_recs]	[#]	[#]	[m+2s-2]	[m+2s-2]	[m+2s-2]	[K+2]	--	--	--	--	[m+1s-1K+1]	--	--	--	--	--	--	--	--	--	--	--	--	241
DATA	2026-07-30T233000_AIU-1657.ghg	2026-07-31	00:00:00	212	0	18000	18000	0.04630841944259832	1	NaN	19.137012928547957	0	NaN	67.17456737184315	0	NaN	0.7473091202702203	1	NaN	1.5218943002248009	0	NaN	0.0002724719020009845	0	NaN	NaN	NaN	NaN	NaN	NaN	NaN	NaN	NaN	NaN	1.8102164135517018e-10	7.251233403443319e-12	8.865195944569557e-13	NaN	17.26025697639674	437.50116731158107	445.30518699454	0.1	1	691.3988349807267	17.52510393069957	17.83771168180913	0.1	1	0.08452887677068367	2.058162671250909	2.094875583574945	0	0	NaN	NaN	NaN	NaN	9	302.17001105329723	294.5429691741666	97416.61587298365	1.1446017706280016	1015.207410453475	0.025137705962881333	0.09861875065456709	0.012562895703706462	1707.6942658207306	2540.031825582611	0.010975778673497643	67.2312153186913	832.3375597618804	288.18378494044845	-0.9874141337690858	0.12412863896031096	0.6133051795500274	1.1689900914207814	1.9504974436996204e-13	1.0487772088371327e-14	1.1689900914207814	2.523310610898603	348.1651131671552	172.83488683284477	31.644369379470774	NaN	0.20114200386624503	0.24563388937295097	-36.457770520243	-0.054943019592703514	0.28488479609575296	0.08187704970054073	0	16.816704700890373	-2.5519998176220775	5.772630536030095	14.374666246518327	21.92227301288198	30.746299606103882	46.06355951928554	0.045730711100655734	1.0126328309365455	22.77428784455861	1.0215774547782104	61.27875926379419	1.0962129158436213	0.6817189521025737	1.0962129158436213	1.3883199862260194	1.0962129158436213	-0.008248759023845536	1.3057186872877073	NaN	NaN	800000009	800000009	800000009	800000019	800000019	800000019	899999999	899999999	89999	89999	89	89	20	11	1	20	5	1	3	NaN	0	18000	0	0	0	0	0	0	0	NaN	NaN	NaN	NaN	0	0	0	0	0	0	301	0	0	18000	0	16	18000	18000	18000	18000	87	NaN	0.07665461809512591	0.36508982760753217	0.049523333043243856	0.06597775344294139	2.0237563596239285	0.24478095836327943	5.255953200125825e-8	NaN	0.019599076713217492	0.017442616225866143	0.035521871063952194	-0.000008248759023845537	NaN	17.26152401059474	691.4372717836544	86.09789197180005	85.8490634006924	86.34671866162617	-0.4976544219983969	0.00028191407825215717	33.87067427394853	140
DATA	2026-07-31T000000_AIU-1657.ghg	2026-07-31	00:30:00	212.02	0	18000	18000	0.0779012036879136	1	NaN	19.23902716218441	0	NaN	119.71773077058243	0	NaN	3.5311655628225913	0	NaN	2.711156813638038	0	NaN	0.00333348467715183	0	NaN	NaN	NaN	NaN	NaN	NaN	NaN	NaN	NaN	NaN	5.030358826630725e-10	1.9685888777756836e-11	2.4442942297435386e-12	NaN	17.3892758834156	439.9269398583563	447.63347523280913	0.1	1	680.5147759129798	17.216173054181752	17.5177618741287	0.1	1	0.08449597367931752	2.0530107145374363	2.088974867359738	1.2	0	NaN	NaN	NaN	NaN	9	301.84832531229654	294.10630844980926	97437.8638378669	1.146686018768762	1015.0236305224898	0.025094965674949926	0.17568296152374485	0.012362457385688499	1677.9570993911545	2472.8805805661627	0.010781030886696005	67.8543522310725	794.9234811750082	287.9110895663951	-0.7571321308840309	-0.40308826846355456	0.5116295095373962	0.9987461994017913	-6.330663874122549e-14	2.8927937312376816e-14	0.9987461994017913	2.673425036156458	312.9696862774613	208.03031372253875	30.81527177530653	NaN	0.2606452564229142	0.353651650319628	-78.91551175177881	-0.02538284242900888	0.16070323951472615	0.06341801026566017	0	16.89955996396771	-2.5645734234517144	5.801072066652068	14.445489679211484	22.030283216429133	30.897785452340067	46.29051292128271	0.0768777886303037	1.013312233297076	25.951532924629035	1.021492589432173	109.3790148894275	1.0945219326724276	3.226217271133854	1.0945219326724276	2.4770237422455037	1.0945219326724276	-0.008622319860326995	1.306589133929095	NaN	NaN	800000009	800000009	800000009	800000019	800000019	800001119	899999999	899999999	89999	89999	89	89	19	7	0	51	7	11	14	NaN	0	18000	0	0	0	0	0	0	0	NaN	NaN	NaN	NaN	0	0	0	0	0	0	301	151	0	18000	0	16	18000	18000	18000	18000	87	NaN	0.24027335284021925	0.3848874837846673	0.08214246401436939	0.04569218255582053	1.4254788732299273	0.20719491573894164	1.4242134248947085e-7	NaN	0.022296790117215505	0.08238046851897311	0.06325004154078202	-0.000008622319860326995	NaN	17.39053458707572	680.5542393651587	86.1053454254998	85.83673173438179	86.37395682017008	-0.537220497652889	0.000281115379633977	31.99791242079241	174
DATA	2026-07-31T003000_AIU-1657.ghg	2026-07-31	01:00:00	212.041	0	18000	18000	0.05073316765398871	1	NaN	25.39957951334068	0	NaN	54.55169617182764	0	NaN	-0.07922230180761107	2	NaN	1.2346615760301003	0	NaN	0.007769442269534321	1	NaN	NaN	NaN	NaN	NaN	NaN	NaN	NaN	NaN	NaN	-1.0687394900982811e-10	-4.15650106254429e-12	-5.140850325033513e-13	NaN	17.63089218890827	445.2001633608799	453.0444263539003	0.1	1	685.6939674799701	17.31455578463017	17.619631883786642	0.1	1	0.08480811149931859	2.0549902824821267	2.0911984547842204	0.9	0	NaN	NaN	NaN	NaN	9	301.2538116760254	293.49549147322796	97450.99526963917	1.1491843031861215	1015.0658961668048	0.025039472499555238	0.0800060701267505	0.012460657890875394	1687.7732997782691	2381.5536322093885	0.010843045677119094	70.86858246448587	693.7803324311194	288.0015722249955	-0.23007371666702817	-1.4751822309330942	0.29566518103507505	1.522009996300401	-3.996499325080535e-14	-6.061743663605596e-15	1.522009996300401	3.883522680661385	259.8646015391944	261.1353984608056	11.201479648873578	NaN	0.21011214047708796	0.262745153506572	-31.31601775483038	-0.06396407153942903	0.4656056785720604	0.10363142210114189	0	13.288645963691234	-2.0166032929143873	4.56156213936703	11.358934701760607	17.323092125899517	24.295883017881696	36.39966005033051	0.05013199974572757	1.011991700137842	28.150961468944992	1.0223908645407953	49.55538894055158	1.1008226822166567	-0.07196645117094258	1.1008226822166567	1.1215807922343504	1.1008226822166567	-0.003235898429910596	1.3051697706827243	NaN	NaN	800000009	800000009	800000009	800000019	800000019	800011019	899999999	899999999	89999	89999	89	89	6	2	0	19	14	3	11	NaN	0	18000	0	0	0	0	0	0	0	NaN	NaN	NaN	NaN	0	0	0	0	0	0	301	0	0	18000	0	16	18000	18000	18000	18000	87	NaN	0.23484913857060494	0.19328644378155901	0.09735472466098004	0.06613271427182604	5.482087352571194	0.07652018066078654	5.275978039704201e-7	NaN	0.02413288872030388	-0.0018337612533071489	0.028578752540785447	-0.000003235898429910596	NaN	17.632242920173653	685.742054981923	86.06027793418036	85.77355872938367	86.34699850548637	-0.5734397592312747	0.0002807278682464837	33.334996097299765	079
DATA	2026-07-31T010000_AIU-1657.ghg	2026-07-31	01:30:00	212.062	0	18000	18000	0.0681818446901402	0	NaN	4.079270717100145	2	NaN	90.21089121388965	0	NaN	13.572661061025961	1	NaN	2.040092669254096	0	NaN	0.011176837577562016	2	NaN	NaN	NaN	NaN	NaN	NaN	NaN	NaN	NaN	NaN	-2.3552884118616885e-10	-8.908911962526743e-12	-1.1204715070943002e-12	NaN	17.913895695850545	451.022817176098	458.8508131009312	0.1	0	677.5956560414274	17.060002295585576	17.35609735632692	0.1	1	0.08522102689069089	2.0570385419573323	2.0927407031572605	0	1	NaN	NaN	NaN	NaN	9	300.5474485058254	292.6643708227232	97451.10658006024	1.152560780810568	1014.904676158304	0.02496853719173659	0.13219800496766543	0.012312345103481068	1662.9620543083547	2262.033105534383	0.010682599398204488	73.5162562492867	599.0710512260284	287.7719678923046	-0.3264540655388473	-1.55173568311789	0.35864053303316035	1.6257548766965564	1.641702803656249e-14	-1.3147829215100608e-14	1.6257548766965564	3.3059055530757075	262.88062722161476	258.1193727783853	12.744240443442411	NaN	0.24322177571539813	0.2855650671192746	-302.4390743541126	-0.006623152131641092	0.0452192707799351	0.01433807943414083	0	14.34023788449806	-2.176186423964419	4.9225396163141415	12.257819659188259	18.69394840220956	26.21852843715775	39.280133240272434	0.06737794382568865	1.01193121693549	9.226671189238088	1.0227410634450813	81.83368385984058	1.1023686941479627	12.312270053637976	1.1023686941479627	1.8506445983854016	1.1023686941479627	0.003001802412517329	1.3052349050670664	NaN	NaN	800000009	800000009	800000009	800000019	800000019	800001019	899999999	899999999	89999	89999	89	89	9	4	0	33	2	2	9	NaN	0	18000	0	0	0	0	0	0	0	NaN	NaN	NaN	NaN	0	1	0	0	0	0	301	0	0	18000	0	16	18000	18000	18000	18000	87	NaN	0.2708964659215396	0.19239597569076083	0.10783769262624877	0.10566086585931272	17.174145012842718	0.09387988617820454	7.001593402541785e-8	NaN	0.007887801140087294	0.3127564293771296	0.04701009595432555	0.000003001802412517329	NaN	17.915299386554278	677.6389170261517	86.01547792731392	85.69616224500868	86.33479363801743	-0.6386300905495922	0.00027998043348068476	31.48005787960689	158
DATA	2026-07-31T013000_AIU-1657.ghg	2026-07-31	02:00:00	212.083	0	18000	18000	0.18388123676265683	1	NaN	57.3537024692228	1	NaN	298.88640981419144	1	NaN	14.81909848388159	1	NaN	6.757008205078651	1	NaN	0.024424059731823294	1	NaN	NaN	NaN	NaN	NaN	NaN	NaN	NaN	NaN	NaN	-2.6408945826620394e-10	-9.91502369442601e-12	-1.2608535060348287e-12	NaN	17.90012233069859	450.0934207194562	457.8300112725311	0.1	0	672.0455189964435	16.89839102415154	17.18885501749461	0.1	1	0.08546131355369553	2.0595290832157005	2.0949300300314087	0.6	0	NaN	NaN	NaN	NaN	9	300.3096781760322	292.3242395462319	97451.47004553577	1.153977109462361	1014.8064046371746	0.02493942601842472	0.43785413168909654	0.012209944657413485	1647.214776145108	2214.6550995600205	0.010580751175473585	74.37793706443752	567.4403234149124	287.62467527638677	-0.35341108071801935	-1.2672597728571138	0.4181448904796657	1.3804679906866628	5.5540749735289645e-14	-1.4753500193308306e-14	1.3804679906866628	3.741763008419351	266.58262564458175	254.41737435541825	17.63191687316703	NaN	0.3991812290348978	0.458995541858436	-95.09282534144224	-0.02106468067183437	0.19189130246797723	0.12269050511046951	0	16.864509210903424	-2.5592543364475375	5.789040277365844	14.415528822673306	21.984591019791957	30.83370149687422	46.194503478369256	0.18167293860661132	1.0121553500096527	73.74048491820987	1.0219846516096371	272.00319514958824	1.0988341870389382	13.48620079232797	1.0988341870389382	6.149251893306092	1.0988341870389382	-0.011295350626304938	1.305231314123416	NaN	NaN	800000009	800000009	800000009	800000019	800000019	800011019	899999999	899999999	89999	89999	89	89	27	1	3	30	0	0	8	NaN	0	18000	0	0	0	0	0	0	0	NaN	NaN	NaN	NaN	0	0	0	0	0	0	301	151	0	18000	0	16	18000	18000	18000	18000	87	NaN	0.40428257301266785	0.3200384355478416	0.1936700751563626	0.07580001338098859	5.578960508560514	0.31031145182125136	1.0026087452541842e-7	NaN	0.06296882589219517	0.3421209513135469	0.1559955943115805	-0.000011295350626304938	NaN	17.901444012247545	672.0772083807461	85.97697004021538	85.63627688047622	86.31766333092584	-0.6813865447209947	0.00027974900267306824	31.809063324663367	084
DATA	2026-07-31T020000_AIU-1657.ghg	2026-07-31	02:30:00	212.104	0	18000	18000	0.010279997304901266	1	NaN	-0.8567418944226449	2	NaN	35.48597219671908	1	NaN	14.640678068607482	1	NaN	0.8016756426134323	1	NaN	0.009453784514030754	2	NaN	NaN	NaN	NaN	NaN	NaN	NaN	NaN	NaN	NaN	7.233913210173519e-10	2.6557639148902172e-11	3.412785200019701e-12	NaN	18.198428492406407	456.45938701472755	464.23903541516245	0.1	0	668.1132091807832	16.757850604867066	17.043462401582456	0.1	1	0.08585578181274815	2.0620835249350695	2.0972285679612233	1.4	0	NaN	NaN	NaN	NaN	9	299.6476464801365	291.5935034681281	97461.04008634845	1.1570444755235985	1014.7121643623022	0.024874641043088914	0.05194858164135041	0.012139932895941247	1633.675648245417	2115.796920750306	0.0104921920917928	77.21325389140284	482.121272504889	287.4970439065582	-0.25271130827776944	-1.836618452957921	0.4880172152852081	1.917078806280981	1.4129820836349407e-14	3.975020817424971e-14	1.917078806280981	3.155715257710534	258.8344734140875	262.1655265859125	14.747688787080873	NaN	0.09425870610151588	0.12811188974173174	83.81594365998714	0.02389879434067935	-0.024143114627753006	-0.007741687035941612	1	37.73831467203961	16	34	66	118	240	893	0.010158465139094592	1.0119636346773453	1.1932035664186695	1.0239074271362756	32.05491406284331	1.1070368844898235	13.22510412591593	1.1070368844898235	0.7241634437346534	1.1070368844898235	0.005819425982767474	1.30581240128042	NaN	NaN	800000009	800000009	800000009	800000019	800000019	800000019	899999999	899999999	89999	89999	89	89	11	13	2	10	2	1	5	NaN	0	18000	0	0	0	0	0	0	0	NaN	NaN	NaN	NaN	0	0	0	0	0	0	301	0	0	18000	0	16	18000	18000	18000	18000	87	NaN	0.15803259355011914	0.053699597690868066	0.04449158824247624	0.110025028624619	18.91588314113956	0.10461372104469455	1.1399252386962416e-7	NaN	0.0010162992918642541	0.3345780305076179	0.018320398574069776	0.000005819425982767474	NaN	18.199825078434426	668.1535907234373	85.92633238771228	85.5596755540636	86.29298952060276	-0.733312480063898	0.00027923408284550525	32.14541616095437	053
DATA	2026-07-31T023000_AIU-1657.ghg	2026-07-31	03:00:00	212.124	0	18000	18000	0.07493937221715317	1	NaN	-16.51119261502541	2	NaN	120.24292129622813	1	NaN	34.32175345593227	1	NaN	2.7147035778033946	1	NaN	-0.01886583051442922	1	NaN	NaN	NaN	NaN	NaN	NaN	NaN	NaN	NaN	NaN	-4.580862047346092e-10	-1.6511462256907257e-11	-2.149753949533558e-12	NaN	18.348593886025444	459.16190754746833	466.8890308986488	0.1	0	661.364852914417	16.550235366008987	16.82875522591483	0.1	1	0.0861081642869442	2.0617387648335304	2.0964352618466937	-0.1	0	NaN	NaN	NaN	NaN	9	299.19456481509735	290.9272409416779	97467.41465178118	1.1598617432654477	1014.5816573098227	0.024816181796045087	0.17591279184165995	0.012017773276182659	1613.5413523233806	2029.052216309716	0.010361384316675624	79.52192355394213	415.5108639863354	287.30551085222476	-0.5162684179110871	-2.2106775129603258	0.5891124716798075	2.345353203662373	-9.530560486037261e-15	-2.496573893237096e-14	2.345353203662373	3.6259715593468242	264.1449268954252	256.8550731045748	14.547517425607873	NaN	0.2541861676369065	0.18281826391544134	85.28806258419128	0.02348628799045188	-0.1373152983729392	-0.05519926565284732	0	17.319238935991	-2.6282613265880848	5.945134276955558	14.804224952311525	22.57737714274236	31.665092462941644	47.44007864480783	0.07399679341573334	1.0127381033408323	-9.437283854358832	1.028275678610277	105.89636396845404	1.1354773364272248	30.226718187018626	1.1354773364272248	2.3908038414445145	1.1354773364272248	-0.015940968505388793	1.4064211575621484	NaN	NaN	800000009	800000009	800000009	800000019	800000019	800000019	899999999	899999999	89999	89999	89	89	7	5	1	24	6	0	3	NaN	0	18000	0	0	0	0	0	0	0	NaN	NaN	NaN	NaN	0	0	0	0	0	0	301	0	0	18000	0	21	18000	18000	18000	18000	87	NaN	0.12469157526017435	0.16747015747093189	0.07347479509977646	0.13325652328608523	30.412389310119384	0.18035463193269774	3.5353253638053955e-8	NaN	-0.008019619950538471	0.7627386234896235	0.060329355630815755	-0.000015940968505388792	NaN	18.350002964534166	661.4020284452102	85.81805919011434	85.41323380745783	86.2228853386773	-0.8096516913506714	0.00027796603119026656	31.879384153895916	018
DATA	2026-07-31T030000_AIU-1657.ghg	2026-07-31	03:30:00	212.145	0	18000	18000	0.05603135395057212	0	NaN	20.286787028291048	0	NaN	25.291685439271312	1	NaN	7.618208715790987	0	NaN	0.5709109533932699	1	NaN	0.007112320503892319	2	NaN	NaN	NaN	NaN	NaN	NaN	NaN	NaN	NaN	NaN	6.985866598346294e-10	2.483489606219053e-11	3.2737190093195553e-12	NaN	18.4242615822531	460.45265940421143	468.11532554456926	0	0	654.9861996021813	16.369184519741314	16.641593840011044	0.1	1	0.0863398327542871	2.065521517159382	2.0998950873157516	-0.1	0	NaN	NaN	NaN	NaN	9	298.83881231943764	290.75458534615797	97462.11445937093	1.1605673295627918	1014.4760381894524	0.02480280297608023	0.036995029779883885	0.01189271673787148	1595.8032778148408	2007.0881429092547	0.010247330279710438	79.50838050897653	411.2848650944138	287.13502382367875	-0.5441447310170495	-2.5393841559799535	0.5506874520045093	2.654773446027229	3.8993905497557106e-14	3.7916670728748926e-14	2.654773446027229	4.204248525176415	263.0945625660718	257.90543743392817	11.971958047479594	NaN	0.21972546288866762	0.26488341973909957	-44.83391764892921	-0.04467822811482192	0.8021128950461729	0.07841890027527154	0	12.980649927461481	-1.9698637061602098	4.45583706686683	11.095664322408648	16.92158818602498	23.732768033356162	35.55601119052613	0.05531921635759547	1.0128732407988796	21.27264862857339	1.0276258511390424	22.579414530839834	1.1201214010543523	6.801234855989796	1.1201214010543523	0.5096866757977132	1.1201214010543523	-0.000926694803691088	1.3090927018254088	NaN	NaN	800000009	800000009	800000009	800000019	800000019	800000019	899999999	899999999	89999	89999	89	89	18	6	0	28	15	0	6	NaN	0	18000	0	0	0	0	0	0	0	NaN	NaN	NaN	NaN	0	0	0	0	0	0	301	151	17996	18000	0	16	18000	18000	18000	18000	87	NaN	0.25673573738769967	0.16013570164820648	0.1128954004422929	0.1001181466742794	10.704922040182826	0.1014198130170151	2.4454693338044914e-8	NaN	0.01806797297697561	0.17149771895602428	0.012852092911422558	-9.26694803691088e-7	NaN	18.425629544629	655.0277643157655	85.7741017420027	85.34914012357925	86.1990602938334	-0.8499181601670118	0.0002784236608745738	34.176748043590656	069
DATA	2026-07-31T033000_AIU-1657.ghg	2026-07-31	04:00:00	212.166	0	18000	18000	0.05072438112808251	0	NaN	45.405457553708445	0	NaN	78.34972617476933	0	NaN	9.735567946315838	1	NaN	1.7685974245155602	0	NaN	0.007939077395433994	0	NaN	NaN	NaN	NaN	NaN	NaN	NaN	NaN	NaN	NaN	2.207466901059698e-10	7.90136103370781e-12	1.0296434156903098e-12	NaN	18.47030953216097	461.43215968426205	469.1813496169441	0.1	0	661.1224111576923	16.516406585659915	16.793779475588646	0.1	1	0.08615228879047732	2.06120603621692	2.095821475842899	0	0	NaN	NaN	NaN	NaN	9	298.73524193657767	290.7567387868565	97443.83948393766	1.1602761220214666	1014.559147085911	0.024807638318401787	0.1146051131086083	0.011997339204687362	1609.8537826182262	2007.3608005155766	0.010340072485319486	80.19753012038227	397.50701789735035	287.27020441545926	-0.3157950999915837	-2.278344816325436	0.4235261982153956	2.3387937249425024	2.249217389121914e-14	1.1951434258402657e-14	2.3387937249425024	4.71545660603225	258.8913305287854	262.10866947121457	10.433107254612333	NaN	0.20908732246337008	0.3473227314026387	-17.258654811399364	-0.11606350679642481	0.5795228620509231	0.18447674614638276	0	10.875121627826765	-1.6503416635104733	3.73307733640053	9.295890400098779	14.176819395591407	19.883190777815013	29.788642976905255	0.050104274979961436	1.0123763121683544	48.93644479870828	1.0259336318674823	70.30875963713726	1.1143664968509106	8.736414791567755	1.1143664968509106	1.587087757495798	1.1143664968509106	-0.009538532110438296	1.3074306484652978	NaN	NaN	800000009	800000009	800000009	800000019	800000019	800011019	899999999	899999999	89999	89999	89	89	24	9	0	65	8	1	17	NaN	0	18000	0	0	0	0	0	0	0	NaN	NaN	NaN	NaN	0	14	0	0	0	0	301	0	18000	18000	0	16	18000	18000	18000	18000	87	NaN	0.33081827738540387	0.2047064923722235	0.15912069304765009	0.06654014005135812	6.8112729373506316	0.06496994779526895	3.6048081982882264e-8	NaN	0.04157130800890651	0.22037052383878514	0.040033282398065875	-0.000009538532110438296	NaN	18.471702709462903	661.1700069254324	85.6590255020989	85.21493323940705	86.10311880832246	-0.8881856711672449	0.00027770460923461033	33.05193898048929	125
DATA	2026-07-31T040000_AIU-1657.ghg	2026-07-31	04:30:00	212.187	0	18000	18000	0.09237365953157296	1	NaN	69.55018639502083	0	NaN	37.1899146849757	0	NaN	-1.1558989757439344	2	NaN	0.839256834511152	0	NaN	0.01501950259943015	0	NaN	NaN	NaN	NaN	NaN	NaN	NaN	NaN	NaN	NaN	7.835703112784538e-11	2.786985980010385e-12	3.6466020834978996e-13	NaN	18.55689027223663	463.22424917415566	470.9841176377473	0.1	1	660.0274701185796	16.475860168091952	16.751861495649514	0.1	1	0.08636059043581165	2.0634522368458117	2.098018902920341	0	1	NaN	NaN	NaN	NaN	9	298.57138155280217	290.46577980976474	97432.52640067942	1.1613214437587893	1014.5305389963435	0.024785691006381873	0.05438384287632264	0.011978484087432848	1605.7152814238111	1970.8138428813845	0.010314529325027105	81.47473122454888	365.0985614575734	287.23049579719054	-0.45670129604255877	-2.082433616724266	0.52656759784433	2.195991638638431	-3.88537045311514e-14	4.222530282731534e-15	2.195991638638431	4.5029840760680475	263.3697770654327	257.6302229345673	13.873898078036914	NaN	0.2820316524275885	0.30045196347451514	-27.64939319875946	-0.07244643618760764	1.8701356801745586	0.20930657753910167	0	14.215494082880744	-2.1572560708043245	4.879719105922562	12.151190533776079	18.531332258062434	25.99045698280633	38.93844064159364	0.09126037781945828	1.0121989601480403	70.31098153775073	1.0252124518819423	33.449365219230835	1.11182721828139	-1.039639034499145	1.11182721828139	0.7548446563562597	1.11182721828139	-0.007947760114303391	1.3067967219618533	NaN	NaN	800000009	800000009	800000009	800000019	800000019	800000019	899999999	899999999	89999	89999	89	89	8	3	0	23	1	0	14	NaN	0	18000	0	0	0	0	0	0	0	NaN	NaN	NaN	NaN	0	0	0	0	0	0	301	0	18000	18000	0	16	18000	18000	18000	18000	87	NaN	0.17873448479898116	0.27396972558119115	0.148199716568858	0.11606847942187988	9.731670717878691	0.03816778389777086	8.5219280690573e-8	NaN	0.05967680873419119	-0.02619995444313011	0.019022848269353312	-0.00000794776011430339	NaN	18.5582837277475	660.0733279534418	85.59133336893717	85.13004644097222	86.05261841286554	-0.9225724862350355	0.00027746522574064624	33.68316525056626	033
DATA	2026-07-31T043000_AIU-1657.ghg	2026-07-31	05:00:00	212.208	0	18000	18000	0.1245718516682392	1	NaN	40.39872178420988	0	NaN	109.57520396114018	1	NaN	18.543951085122305	1	NaN	2.472212428129757	1	NaN	0.007620749812113537	0	NaN	NaN	NaN	NaN	NaN	NaN	NaN	NaN	NaN	NaN	-6.195120256860272e-11	-2.1732949579751847e-12	-2.874485106538541e-13	NaN	18.63297498908666	464.5897250330977	472.2871355357097	0.2	0	653.6588301254843	16.29815830973435	16.56818928155071	0.1	1	0.08645547927390743	2.063393946854928	2.0975806483288264	0.2	0	NaN	NaN	NaN	NaN	9	298.33675325520835	290.2359018996648	97451.62583514606	1.1625476866811217	1014.4257775001071	0.024761221454383923	0.16019936534280824	0.011860998792590068	1588.7080652421755	1942.3529784624839	0.01020259119559321	81.79296363010988	353.64491322030835	287.0663623940515	-0.3683366122037281	-1.8843620898864286	0.4061830829231545	1.962518036234025	1.7397032901030254e-14	-3.324815420236842e-15	1.962518036234025	4.059233001886407	262.06015964404287	258.9398403559571	11.94486697370875	NaN	0.32734414082070806	0.33900003335959866	-74.4357782990716	-0.026910446102301096	0.36868488785598713	0.10464825709559608	0	15.686858782557826	-2.380541340541663	5.384790994028141	13.408890948985661	20.449404747384932	28.68058092151838	42.968736506547636	0.12309588854129197	1.0119903527602558	45.893392560633075	1.0241092247845802	98.91246469975962	1.1077997529810464	16.73944323892585	1.1077997529810464	2.2316419745329683	1.1077997529810464	-0.010208945446948295	1.3059472297201533	NaN	NaN	800000009	800000009	800000009	800000019	800000019	800000019	899999999	899999999	89999	89999	89	89	15	7	0	49	17	0	7	NaN	0	18000	0	0	0	0	0	0	0	NaN	NaN	NaN	NaN	0	0	0	0	0	0	301	151	18000	18000	0	16	18000	18000	18000	18000	87	NaN	0.2739648866693755	0.2479629115825253	0.15607226846729647	0.08128741067634494	6.652338651766138	0.06789062546825243	3.943202244895902e-8	NaN	0.03891518597426166	0.42135826689879036	0.056173958793395644	-0.000010208945446948295	NaN	18.634400039937763	653.7029160413159	85.5590294702318	85.08370681508381	86.03435224024456	-0.950643681026169	0.0002771539183288243	32.702691766315034	123
DATA	2026-07-31T050000_AIU-1657.ghg	2026-07-31	05:30:00	212.229	1	18000	18000	0.08233758794783692	1	NaN	52.603355317802404	1	NaN	53.258027429989355	1	NaN	3.3354024502969275	2	NaN	1.2009720177751453	1	NaN	0.00043975925073312975	1	NaN	NaN	NaN	NaN	NaN	NaN	NaN	NaN	NaN	NaN	-7.623575605871709e-10	-2.6341207134184155e-11	-3.529052409803993e-12	NaN	18.76230688630472	467.1672332469295	474.83182728799875	0.1	0	648.2808560678939	16.141702389339663	16.406531741959633	0.1	1	0.0868531615002258	2.0677125913964947	2.1016365836604907	0	1	NaN	NaN	NaN	NaN	9	297.9884161326091	289.6964452161486	97441.90836567391	1.1646657038281556	1014.327061945083	0.02471766292269703	0.07782298675182941	0.011767839174333493	1573.3001930377045	1876.9742880749445	0.010104048857671022	83.82108391326483	303.67409503724	286.91632485854865	-0.5637203337552432	-2.115271690505324	0.6386080390127806	2.2803454051599132	1.5009949186864892e-14	-4.063240012045869e-14	2.2803454051599132	3.7433454296681274	265.92251232018043	255.07748767981963	16.263118435626904	NaN	0.26588780986162935	0.2483607697132406	-30.63163240573932	-0.06539318484458854	0.9877075411204902	0.16746949877750794	0	18.630590524435377	-2.827263989361326	6.395278841991821	15.92514856671807	24.286856380742655	34.06266140075598	51.032073807916035	0.08133716970426993	1.0122996441504464	54.566279053138665	1.0256347092239844	47.8371492938709	1.1133194225855136	2.9959078972600395	1.1133194225855136	1.078730859636017	1.1133194225855136	-0.01606795839674916	1.3071611940349472	NaN	NaN	800000009	800000009	800000009	800000019	800000019	800000019	899999999	899999999	89999	89999	89	89	7	5	0	41	0	0	8	NaN	0	18000	0	0	0	0	0	0	0	NaN	NaN	NaN	NaN	0	0	0	0	0	0	301	0	18000	18000	0	21	18000	18000	18000	18000	87	NaN	0.3110632794929662	0.1186718245192908	0.06698643541422418	0.15515461267495861	15.104353633651241	0.053801542256736064	1.1906851715409475e-7	NaN	0.0461896892329054	0.07526710668228057	0.027101283977370855	-0.000016067958396749163	NaN	18.763795016030336	648.3230635276734	85.45222343614367	84.95074708557131	85.95369914287991	-1.0029524218837378	0.00027722040347483314	33.770847008175316	112
DATA	2026-07-31T053000_AIU-1657.ghg	2026-07-31	06:00:00	212.249	1	18000	18000	0.07365978127702326	0	NaN	39.39005547482091	0	NaN	27.26446659566056	0	NaN	9.629243673367545	0	NaN	0.6145422377959647	0	NaN	0.009483871096334041	1	NaN	NaN	NaN	NaN	NaN	NaN	NaN	NaN	NaN	NaN	7.980147260820199e-10	2.739426375595478e-11	3.674730031156954e-12	NaN	18.911490282743987	470.0197548933003	477.72781995256946	0.1	0	649.1939758645728	16.13484653255998	16.39944912744991	0.1	1	0.08708438454153236	2.068865115266065	2.102793363475427	0	0	NaN	NaN	NaN	NaN	9	297.6726681948061	289.23470500876016	97460.72799310695	1.1667533422884515	1014.314523365546	0.02467350067006382	0.03982233700917851	0.011783894931908172	1572.9356993246818	1822.5555746842058	0.010099731026949901	86.30385383980537	249.61987535952403	286.91275990577566	-0.7146491313221086	-2.208156761330074	0.6227077263787759	2.4030074024019275	-2.268454795063121e-14	4.21973474406815e-14	2.4030074024019275	3.7498221837185155	268.9336854307892	252.06631456921076	15.018851003545995	NaN	0.2512613481423452	0.2643441048593562	-34.5250582609341	-0.05801872903040264	1.4447396334205296	0.1324674600660488	0	16.83532330255968	-2.5548252622564194	5.77902169948608	14.390581147191998	21.946544240579225	30.780340348053812	46.11455875376187	0.07275280665750988	1.012466524127145	40.11715670255637	1.0262675756064712	24.441060569149247	1.1155189652479793	8.632075270210192	1.1155189652479793	0.5509025457575724	1.1155189652479793	-0.004089696609259912	1.3077418778567271	NaN	NaN	800000009	800000009	800000009	800000019	800000019	800000019	899999999	899999999	89999	89999	89	89	14	3	1	66	18	0	10	NaN	0	18000	0	0	0	0	0	0	0	NaN	NaN	NaN	NaN	0	0	0	0	0	0	301	0	18000	18000	0	16	18000	18000	18000	18000	87	NaN	0.3036174896050384	0.14800623423584897	0.07706448587782509	0.09609959759173368	7.658731045923514	0.03304371476336575	5.489044781480501e-8	NaN	0.0338983412459481	0.2164772795611289	0.013815667805917505	-0.000004089696609259912	NaN	18.912880080329046	649.2403526914416	84.97848003090749	84.40293284437391	85.55402671305336	-1.1510936459700214	0.000276525833695713	32.54333298057983	162
DATA	2026-07-31T060000_AIU-1657.ghg	2026-07-31	06:30:00	212.27	1	18000	18000	0.011808595030220047	1	NaN	16.070742275713656	1	NaN	7.3884332695679005	1	NaN	8.500453477669813	1	NaN	0.16653616291665874	1	NaN	0.002686252475160869	1	NaN	NaN	NaN	NaN	NaN	NaN	NaN	NaN	NaN	NaN	4.2734921013850175e-10	1.4677828931690923e-11	1.9791449498308097e-12	NaN	18.835202096255244	468.0442342948961	475.69123204429076	0.1	0	646.9179483754316	16.075549083659844	16.338194531794084	0.1	1	0.08722982100695768	2.072288231222899	2.106145679470566	0	0	NaN	NaN	NaN	NaN	9	297.64928790431554	289.23821361957073	97471.6802147632	1.1668966264535765	1014.2811161029239	0.024671027551127492	0.010791543356999486	0.011741764661021205	1567.3310867887246	1822.963808286208	0.010062386328690219	85.97708191816452	255.63272149748332	286.85785200666817	-0.6698116445201788	-2.1439955043229983	0.6016972586086916	2.3253825390049623	-5.137784189174554e-15	2.268885717045032e-14	2.3253825390049623	3.508031776251616	268.34947297423935	252.65052702576065	14.99601995944465	NaN	0.1005965119351575	0.1745927043211642	-5.431091552531833	-0.36882088630345533	2.1751218004373376	0.13497778279532122	1	39.60315644585358	18	31	52	78	126	286	0.01166444162851228	1.0123583628174195	16.163234570807845	1.0258646038009247	6.631626411087503	1.114120852347032	7.629740938572836	1.114120852347032	0.1494776464921466	1.114120852347032	-0.00241526843709928	1.307367748878544	NaN	NaN	800000009	800000009	800000009	800000019	800000019	800000019	899999999	899999999	89999	89999	89	89	12	3	0	47	0	3	2	NaN	0	18000	0	0	0	0	0	0	0	NaN	NaN	NaN	NaN	0	0	0	0	0	0	301	151	18000	18000	0	21	18000	18000	18000	18000	87	NaN	0.17288237542032747	0.11459393996686898	0.06170909325513197	0.08624349397686477	15.673952360439579	0.01837129421027647	3.6440259755732206e-8	NaN	0.013656441591673469	0.191309783667149	0.0037480350176655143	-0.00000241526843709928	NaN	18.83665201585685	646.9656559170414	85.01988218095568	84.44871849822998	85.59104758665296	-1.1423273457487428	0.00027643413572028895	31.407484836635774	000
DATA	2026-07-31T063000_AIU-1657.ghg	2026-07-31	07:00:00	212.291	1	18000	18000	0.07324938165945369	1	NaN	54.89858914429107	0	NaN	24.97592123735143	0	NaN	-4.8416209744747265	2	NaN	0.5630347053589024	0	NaN	0.007130881633557425	1	NaN	NaN	NaN	NaN	NaN	NaN	NaN	NaN	NaN	NaN	-2.4023431921222567e-10	-8.326736261879272e-12	-1.1129032580929587e-12	NaN	18.804667372013174	467.42760623954763	475.12532964037007	0.1	1	651.7865815865977	16.201458690171165	16.46826866463997	0.1	1	0.08711401291161897	2.070921300112861	2.105025788466445	-0.2	0	NaN	NaN	NaN	NaN	9	297.6701041497125	289.3756246921861	97484.15363796154	1.1664359013516306	1014.3548400625331	0.024679590004194896	0.036484648907256875	0.011829624825594515	1579.8091415497495	1839.0150743945796	0.01014168443536992	85.90517628409528	259.20593284483016	286.97986407166434	-0.5546729637040448	-2.270200359634266	0.4802331477871339	2.385811318143424	1.3851177108916263e-14	-1.2775249594138759e-14	2.385811318143424	4.813440081229623	264.7299594490635	256.2700405509366	11.612237838668896	NaN	0.25059450427565355	0.2864754358407316	-24.579790562726973	-0.08149377818692725	2.1980606289785367	0.1851564549857097	0	14.608684749918726	-2.21692427146664	5.014688738284919	12.487284002172279	19.043896003590266	26.709334923883194	40.01545079403883	0.07234923288648816	1.0124417182747163	55.184535673953114	1.0261776095728206	22.395741203355975	1.1152085126617206	-4.341449082843711	1.1152085126617206	0.5048694472525869	1.1152085126617206	-0.009845285738391512	1.3076564248495268	NaN	NaN	800000009	800000009	800000009	800000019	800000019	800010019	899999999	899999999	89999	89999	89	89	31	4	0	79	12	0	9	NaN	0	18000	0	0	0	0	0	0	0	NaN	NaN	NaN	NaN	0	0	0	0	0	0	301	0	18000	18000	0	21	18000	18000	18000	18000	87	NaN	0.24807664396410944	0.21558638382142753	0.10928784389592622	0.07987736478174794	4.908424202810382	0.02307380739776084	6.555107055770634e-8	NaN	0.04664086634100874	-0.108910160158798	0.012665221061062593	-0.000009845285738391511	NaN	18.80605392110593	651.8332910347505	84.97167480807835	84.39881172688803	85.54453784476387	-1.1457257171935509	0.00027680673547244325	33.49282017623876	117
DATA	2026-07-31T070000_AIU-1657.ghg	2026-07-31	07:30:00	212.312	1	18000	18000	0.11241645691631459	0	NaN	70.66298360979012	0	NaN	45.388187197194	1	NaN	-2.155952919249371	0	NaN	1.0233667766506958	1	NaN	0.003463552639180222	1	NaN	NaN	NaN	NaN	NaN	NaN	NaN	NaN	NaN	NaN	-2.006739807529726e-10	-7.01916711596385e-12	-9.243880148457058e-13	NaN	18.914719409422077	470.2595787617959	478.12410943657443	0.1	1	661.5983596285537	16.44872224503831	16.72380750964393	0.1	1	0.08712908300634395	2.0731533413562815	2.1078243587750993	-0.1	0	NaN	NaN	NaN	NaN	9	297.73236308881974	289.55456947133973	97503.27321127783	1.1658339905433683	1014.4979727095883	0.02469000897403995	0.06631416712696508	0.012005098104493208	1604.2344625492162	1860.1037504427925	0.010297433598498796	86.24435395968277	255.86928789357626	287.21626559108626	-0.29479163616536674	-2.388777473435998	0.3934304529726016	2.4388414150318334	1.86091584453426e-14	-1.0609408281944163e-14	2.4388414150318334	4.609719102909366	258.03512548255344	262.9648745174466	9.283440054167169	NaN	0.3105250139884045	0.3869507437285712	-36.341576664408265	-0.05511868729574877	1.5568584685435214	0.1924010704410224	0	14.77123420259163	-2.2415917780295556	5.070486705294765	12.62622882949053	19.255795632142423	27.006527165858206	40.460698928034375	0.11102647861311074	1.0125193406164619	71.76365432230261	1.0264563284496906	40.66419674760249	1.1161707552939686	-1.9315619129275183	1.1161707552939686	0.9168550347667632	1.1161707552939686	-0.017930800069788626	1.307920658378632	NaN	NaN	800000009	800000009	800000009	800000019	800000019	800011119	899999999	899999999	89999	89999	89	89	7	3	0	90	36	1	11	NaN	0	18000	0	0	0	0	0	0	0	NaN	NaN	NaN	NaN	0	0	0	0	0	0	301	0	18000	18000	0	16	18000	18000	18000	18000	87	NaN	0.33851320733032164	0.27215534633391125	0.16323293379290943	0.07010164918464945	2.860881388039583	0.016971664726399938	2.269856847963306e-8	NaN	0.06067595894461119	-0.04848806155970282	0.02301584177527863	-0.000017930800069788628	NaN	18.916182155271088	661.6474879470568	84.75411436631946	84.15927123599582	85.34895770857071	-1.1896896343363612	0.00027613213070435446	32.879685183737	190
DATA	2026-07-31T073000_AIU-1657.ghg	2026-07-31	08:00:00	212.333	1	18000	18000	0.3660795678418238	1	NaN	209.41486781465042	1	NaN	334.6352591930143	1	NaN	-28.7433634392121	1	NaN	7.552056468935797	1	NaN	-0.006034998372050032	1	NaN	NaN	NaN	NaN	NaN	NaN	NaN	NaN	NaN	NaN	-1.5898372210343477e-10	-5.775371187163572e-12	-7.431543902355318e-13	NaN	18.53168804134946	462.2424228895122	470.13686324265365	0.1	1	673.197077961739	16.79179185969689	17.078571680618754	0.1	1	0.08662462511378465	2.0704767409930698	2.105837526427174	-0.1	0	NaN	NaN	NaN	NaN	9	298.6556709450616	290.52270007816446	97513.21379959674	1.1619157642289961	1014.7103239646026	0.02477003509918005	0.4893732591870396	0.01221589284329495	1637.8608107008536	1977.9172734837498	0.010513578711448984	82.80734652850535	340.05646278289623	287.5365957763192	-0.4778173981120431	-1.726234163851809	0.5298722212781739	1.8678753773389134	1.3854820024446537e-13	-8.57901998720769e-15	1.8678753773389134	4.867164612408716	266.4719583786093	254.52804162139063	16.4797487607181	NaN	0.5613069544350491	0.5698009949355579	-72.43784728412481	-0.027652671567436147	0.6258003664038941	0.3164392641466581	0	21.284374397835588	-3.2299859305135175	7.3062369694068305	18.19356310743965	27.746331683700355	38.91462470228733	58.30119897708301	0.36175996136445604	1.011940532227711	224.78653035875163	1.0236943329364776	302.5032598167566	1.1062203408840021	-25.983398041879	1.1062203408840021	6.826900744657075	1.1062203408840021	-0.07677045651945405	1.3056786972968148	NaN	NaN	800000009	800000009	800000009	800000019	800000019	800011019	899999999	899999999	89999	89999	89	89	22	9	0	45	7	1	0	NaN	0	18000	0	0	0	0	0	0	0	NaN	NaN	NaN	NaN	0	0	0	0	0	0	301	151	18000	18000	0	26	18000	18000	18000	18000	87	NaN	0.49941096552763825	0.42619525460175894	0.21399576974171855	0.26904219637251053	5.443416928256938	0.2467485292178352	2.0471708120685002e-7	NaN	0.19065735373946105	-0.6546046144123839	0.17199138936273978	-0.00007677045651945405	NaN	18.533324854320924	673.2121157677693	85.21350116475423	84.7022509651184	85.72475189293755	-1.0225004616810174	0.0002775312383277601	32.01994557799236	106
DATA	2026-07-31T080000_AIU-1657.ghg	2026-07-31	08:30:00	212.354	1	18000	18000	0.05918765081616038	1	NaN	78.6036989450872	1	NaN	101.17704168644414	1	NaN	11.912211743742674	1	NaN	2.286169174476069	1	NaN	0.024432259345956112	1	NaN	NaN	NaN	NaN	NaN	NaN	NaN	NaN	NaN	NaN	-5.170030306571219e-11	-1.9560878125844115e-12	-2.462561708275783e-13	NaN	18.003789851602583	451.90980334411904	459.77099880163746	0.2	0	681.1757730760141	17.09806725088822	17.395496621993665	0.1	1	0.0857547071552934	2.0617526404443534	2.09761785153659	-1.4	0	NaN	NaN	NaN	NaN	9	298.985281115214	291.7949256135714	97522.38328904969	1.1568237496236708	1014.9084989214703	0.024876166165471825	0.14814376250604924	0.012385637525115213	1667.8915422165967	2142.652799615598	0.010706589944357916	77.84236169835003	474.7612573990011	287.8178241100669	-0.7222973160462771	0.1774493734467483	0.38393303743828916	0.8370222638262927	-4.436320740162462e-14	-2.8716344442950803e-15	0.8370222638262927	1.8578863209118905	354.8027033680098	166.19729663199018	27.30255356463004	NaN	0.22619445454974973	0.18289611963348207	-12.631007749353953	-0.15858592123043022	0.7768926392282396	0.29598312061496446	0	16.253858883577198	-2.4665857933717423	5.579423780611072	13.89355410736675	21.188546644323885	29.71723794158901	44.52183762625535	0.05835087003806597	1.0143405021647238	83.21840030402787	1.0217135067368703	92.53355370438291	1.0934092297986802	10.894559346216571	1.0934092297986802	2.0908632487920378	1.0934092297986802	-0.006180913215678658	1.3080018519545227	NaN	NaN	800000009	800000009	800000009	800000019	800000019	800001019	899999999	899999999	89999	89999	89	89	10	0	0	43	2	0	3	NaN	0	18000	0	0	0	0	0	0	0	NaN	NaN	NaN	NaN	0	10	0	0	0	0	301	0	18000	18000	0	26	18000	18000	18000	18000	87	NaN	0.05995556202859123	0.23764533151922124	0.06819134571915164	0.1961234258747536	12.242896399589936	0.1351706560518298	1.4184533100360094e-7	NaN	0.07088025604268593	0.27573059342971606	0.05291769460781569	-0.000006180913215678658	NaN	18.005560833451792	681.2432242431181	85.79124446953671	85.41083574718894	86.17165268749662	-0.7608175704379716	0.000279112033733529	31.51741790129244	093
DATA	2026-07-31T083000_AIU-1657.ghg	2026-07-31	09:00:00	212.374	1	18000	18000	0.04034393945278008	1	NaN	19.190214539907416	0	NaN	66.01179337417103	1	NaN	4.902988019432884	1	NaN	1.4946012972305371	1	NaN	-0.0033150142782902106	0	NaN	NaN	NaN	NaN	NaN	NaN	NaN	NaN	NaN	NaN	-1.81765346516812e-10	-6.987773360894792e-12	-8.972296427123448e-13	NaN	17.361292292966176	439.6743448112213	447.233852557509	0.1	1	667.4362199412757	16.90280756489826	17.193424714224363	0.5	0	0.08569876700673448	2.0797757744114156	2.115534242611226	1	0	NaN	NaN	NaN	NaN	9	299.86958618927	293.88644907045375	97526.72665265443	1.1487274113692496	1014.8423878496164	0.025053357386574916	0.0968501640605388	0.012157595999546954	1648.9176791447137	2439.661356666752	0.010583534334795279	67.58797382426832	790.7436775220383	287.6406629591176	-0.44126758877305455	-0.08227511654783136	0.2647912670345634	0.5211532354330191	2.595482124148708e-14	-1.0469574698103155e-14	0.5211532354330191	2.7674341946903422	330.4383759381101	190.56162406188992	30.536500187705023	NaN	0.18740477806187864	0.24013769745726188	-29.424904727161422	-0.06807498676965933	0.2907088803228322	0.08783823237108974	1	2.0008286547618943	1	2	3	5	9	25	0.03960736480541044	1.0185969112307371	22.6881298865943	1.023808989486293	60.353154598382446	1.0937587904632948	4.482695876077096	1.0937587904632948	1.3664816322047142	1.0937587904632948	-0.011050261169071054	1.3140429034083407	NaN	NaN	800000009	800000009	800000009	800000019	800000019	800010019	899999999	899999999	89999	89999	89	89	8	0	0	12	2	1	4	NaN	0	18000	0	0	0	0	0	0	0	NaN	NaN	NaN	NaN	0	21	0	0	0	0	301	0	18000	18000	0	16	18000	18000	18000	18000	87	NaN	0.056657479325359465	0.3616709284707561	0.06194698711840819	0.13281649366921813	11.268409869903744	0.1079576275123458	1.2360975977007562e-7	NaN	0.019461805000956248	0.11423804345906148	0.034823729380995073	-0.000011050261169071054	NaN	17.362919808387765	667.489207946488	86.1608451669481	85.92865748002794	86.3930335820516	-0.4643756676200212	0.00028112320816338387	33.43535947436232	055
DATA	2026-07-31T090000_AIU-1657.ghg	2026-07-31	09:30:00	212.395	1	18000	18000	0.06807902313664164	1	NaN	32.32734902927946	0	NaN	96.86045794424311	0	NaN	1.8557725003274048	0	NaN	2.196867600952121	0	NaN	0.004506549155862489	1	NaN	NaN	NaN	NaN	NaN	NaN	NaN	NaN	NaN	NaN	-2.7756751268285317e-10	-1.0849854456481327e-11	-1.400018452414039e-12	NaN	17.01935736550477	433.8489176741804	441.3333794182671	0	0	665.2707608817273	16.958748404555614	17.251309013769372	0.1	0	0.08584367143557076	2.1002894066747197	2.1365221482476113	0	1	NaN	NaN	NaN	NaN	9	300.77741006215416	295.67928229485847	97509.47475650784	1.1415358995057538	1014.9145379064314	0.02521065321229603	0.14235702054169744	0.012121726831619403	1654.0822205184961	2722.3043578694555	0.010618787229440351	60.760370740214476	1068.2221373509594	287.6890616076535	-0.07171230489247891	-0.11806761409138397	0.1615375600374052	0.21254881668232678	1.230829619535148e-14	-1.6308930279907835e-14	0.21254881668232678	2.115776658241538	282.2737992530451	238.72620074695493	49.46438841496929	NaN	0.24420911556119343	0.14890188752204636	-38.648728358741124	-0.051828354646161645	0.33375176739189505	0.11425867251602156	0	14.483362051878805	-2.1979060685410188	4.971669511484521	12.380160044804956	18.880525209489527	26.48020506224171	39.672172508372455	0.06580234890293248	1.0345986772762106	37.03943863442225	1.0340773266309384	87.64558493911537	1.1051379029705721	1.67922256158182	1.1051379029705721	1.9878673919761665	1.1051379029705721	-0.009858713085522393	1.3372713245938428	NaN	NaN	800000009	800000009	800000009	800000019	800000019	800010019	899999999	899999999	89999	89999	89	89	4	1	1	28	10	1	2	NaN	0	18000	0	0	0	0	0	0	0	NaN	NaN	NaN	NaN	0	4	0	0	0	0	301	151	18000	18000	0	16	18000	18000	18000	18000	87	NaN	0.10297110257887693	0.08878360841980454	0.10604906404541127	0.1320983169886633	0.5157529972753506	0.1231483420068107	9.769773152755262e-7	NaN	0.0319701996591715	0.043064818998857626	0.050980228224508393	-0.000009858713085522392	NaN	17.02064752337653	665.3178841559986	86.13183700455559	85.98515166134304	86.2785206940969	-0.2933704304612409	0.000283203064793876	32.35176412153242	253
DATA	2026-07-31T093000_AIU-1657.ghg	2026-07-31	10:00:00	212.416	1	18000	18000	0.08198528555907861	1	NaN	30.493517062143653	1	NaN	65.70750647240382	1	NaN	-2.1526180608219456	2	NaN	1.4921309862080412	1	NaN	0.0028913314330211797	2	NaN	NaN	NaN	NaN	NaN	NaN	NaN	NaN	NaN	NaN	-1.45058945963325e-10	-5.586984331100312e-12	-7.308810897826725e-13	NaN	16.867398275531887	431.4749470624992	438.7665332671477	0.1	1	649.6523826641555	16.61837367210705	16.89921107654082	0.2	0	0.08498657115939612	2.0910079990945882	2.126344384634023	0	1	NaN	NaN	NaN	NaN	9	301.51543875037294	296.9493129056434	97481.2350903439	1.1364716432553619	1014.7538088092315	0.025326275207833027	0.09669008790628106	0.011824206135519955	1620.4141331261742	2939.455458188761	0.010404312510297355	55.12633738374944	1319.0413250625868	287.37112506181364	-0.19078558847982313	-0.634323619766842	0.09610983255250344	0.6693300346456935	-1.4918713110386495e-14	-8.599959732601428e-15	0.6693300346456935	2.189764337926608	267.7397167283658	253.2602832716342	8.255701123927544	NaN	0.26858926756365314	0.20028550727184394	-54.49740070574122	-0.03675588145599348	0.4640796569407253	0.09844633871273693	0	18.802866708322448	-2.8534075649119606	6.454415681070918	16.072407657583202	24.51143578580231	34.3776372095723	51.503964965630026	0.08068921831760327	1.0160624587584162	33.842523474343594	1.0224367694127816	60.11528849871399	1.0930248879003464	-1.9694135830310617	1.0930248879003464	1.3651390766356295	1.0930248879003464	-0.009107906017783158	1.3104325823961076	NaN	NaN	800000009	800000009	800000009	800000019	800000019	800000119	899999999	899999999	89999	89999	89	89	13	0	0	40	5	7	8	NaN	0	18000	0	0	0	0	0	0	0	NaN	NaN	NaN	NaN	0	1	0	0	0	0	301	0	18000	18000	0	16	18000	18000	18000	18000	87	NaN	0.20708095999570303	0.12669047825441823	0.06679957629356664	0.14003333761895043	0.6753972264963493	0.09879743078287684	9.156076615348191e-7	NaN	0.029345630497848017	-0.050721037658039994	0.03515831875594697	-0.000009107906017783158	NaN	16.8686814005358	649.6925765409619	86.08613335206772	85.97373159387377	86.19853510920208	-0.22481139276962872	0.0002844203801068943	33.47048606453998	038
DATA	2026-07-31T100000_AIU-1657.ghg	2026-07-31	10:30:00	212.437	1	18000	18000	0.10200900404516106	1	NaN	-31.574718498082323	2	NaN	31.540619961334382	1	NaN	4.243556937714621	1	NaN	0.7164676845908013	1	NaN	0.023995409127777628	1	NaN	NaN	NaN	NaN	NaN	NaN	NaN	NaN	NaN	NaN	-2.6329079509413176e-10	-1.0518481809803314e-11	-1.3309031524589609e-12	NaN	16.70851201431535	428.97038618612083	436.4500003309828	0.2	0	667.505978052224	17.13739062708152	17.436201625388353	0.5	0	0.08445950913247992	2.0815198898019536	2.1178136902877966	1.3	0	NaN	NaN	NaN	NaN	9	302.42813424767394	297.2684025668823	97458.83595912905	1.1347667340077758	1015.053008114599	0.0253593168296974	0.046427105961483923	0.01217760661555245	1670.6381527173999	2996.3336410045536	0.010731374343820873	55.75607902454082	1325.6954882871537	287.843322620475	-0.44278243017476443	0.2948653470023814	0.2160808760988069	0.5741888176809651	1.0099155475904481e-13	-1.5757884057452402e-14	0.5741888176809651	1.676409155628251	14.661127485399334	146.33887251460064	22.106150923083746	NaN	0.2998236975591755	0.1818980855783619	73.20600628457875	0.027362508920555115	-1.0010810991283539	-0.09142778811281115	0	20.854280316517592	-3.1647174943599263	7.158599589114923	17.82592515556304	27.185660610527584	38.12827555016628	57.123104655629234	0.10069350836660163	1.0130643543948237	-29.213703141988606	1.0226784411252388	28.410565438248643	1.1101722008979027	3.82243127172744	1.1101722008979027	0.6453662630097612	1.1101722008979027	0.023260230633233243	1.4217116893479123	NaN	NaN	800000009	800000009	800000009	800000019	800000019	800000119	899999999	899999999	89999	89999	89	89	12	4	0	47	7	19	8	NaN	0	18000	0	0	0	0	0	0	0	NaN	NaN	NaN	NaN	0	0	0	0	0	0	301	0	5	18000	0	16	18000	18000	18000	18000	87	NaN	0.07343477116082413	0.2261073568241041	0.06425404317179556	0.09567630873831007	0.7923817068797525	0.1445367226581605	8.503644083723561e-8	NaN	-0.025362455228635897	0.09862487200762367	0.016651487119770145	0.000023260230633233243	NaN	16.709706994359816	667.5418021322658	86.0000202776591	85.92109979396398	86.07893943129645	-0.1578414716790974	0.0002856588848905328	31.48249977710509	252
DATA	2026-07-31T103000_AIU-1657.ghg	2026-07-31	11:00:00	212.458	1	18000	18000	0.06825763463513637	1	NaN	64.28267909956342	1	NaN	45.40121030377102	0	NaN	-1.4632717702534341	0	NaN	1.0321645052788786	0	NaN	0.026729013021441452	2	NaN	NaN	NaN	NaN	NaN	NaN	NaN	NaN	NaN	NaN	-6.376361860316576e-11	-2.585918917705081e-12	-3.2243792677617983e-13	NaN	16.58599713483189	427.2603383277187	434.79421108839256	0	0	672.6413070577307	17.327444957960193	17.63297943862786	0.2	0	0.08387156574274685	2.075042044404861	2.1116312181081405	0	1	NaN	NaN	NaN	NaN	9	303.211286406623	298.1109021199774	97473.03545938207	1.1316427412973715	1015.1807587172351	0.02542748390408242	0.06688425994207133	0.012279648457163955	1689.4117020883364	3151.1507051639715	0.010851170611571242	53.61253269543093	1461.739003075635	288.016629450712	-0.4962816115761012	0.36363326797583323	0.22390225255831808	0.6547188788083131	4.8841150948368774e-14	-3.844424793083871e-15	0.6547188788083131	3.049733080156268	17.230814131106058	143.76918586889394	19.997691159115455	NaN	0.24559580600106445	0.2048714847098717	-19.76631081197648	-0.10133909251221093	1.415880296350252	0.22783492726934917	0	17.462591426979923	-2.6500156201531038	5.994342548232084	14.926760505514391	22.764251592905566	31.927186536401436	47.8327433266439	0.06716557358307867	1.0162592380858164	65.90207847995191	1.0225340613390241	41.536552396659836	1.0930423370289626	-1.3387146322536831	1.0930423370289626	0.9443042326104604	1.0930423370289626	0.0021587368840936434	1.3107121701889628	NaN	NaN	800000009	800000009	800000009	800000019	800000019	800000019	899999999	899999999	89999	89999	89	89	8	9	0	33	7	11	2	NaN	0	18000	0	0	0	0	0	0	0	NaN	NaN	NaN	NaN	0	19	0	0	0	0	301	151	0	18000	0	21	18000	18000	18000	18000	87	NaN	0.17909614863513476	0.16345340385533805	0.06719341692927058	0.12368060821128354	0.5795062452099584	0.29196014654163616	3.031083747222427e-7	NaN	0.057364919988251495	-0.034640537781394566	0.024434786666823225	0.0000021587368840936435	NaN	16.58718424109897	672.6759823560583	85.94237677489386	85.88894876310562	85.99579571617974	-0.10684866151006446	0.00028578336793644765	31.876961204482452	190
DATA	2026-07-31T110000_AIU-1657.ghg	2026-07-31	11:30:00	212.479	1	18000	18000	0.3201305712782605	1	NaN	274.9593803557262	1	NaN	-391.76448619788306	1	NaN	-11.393266588148588	0	NaN	-8.91595237859668	1	NaN	-0.004941408684799766	1	NaN	NaN	NaN	NaN	NaN	NaN	NaN	NaN	NaN	NaN	1.6717705811561204e-9	6.379693561791411e-11	8.547367352487773e-12	NaN	16.288561010833387	421.1876636831068	428.0680302500666	-0.1	0	621.5926334808258	16.07306801897927	16.335631739054087	0.1	1	0.0832795577170172	2.069472338584718	2.1032784766019965	0	1	NaN	NaN	NaN	NaN	9	303.808648050944	299.2040445120956	97484.20833428972	1.128175909107088	1014.5062478015125	0.025517798919218026	-0.5777537141330649	0.01135037906605916	1567.2906077077141	3362.395443855958	0.01006082382581861	46.612322490847845	1795.104836148244	286.8574548091492	-0.14603279994636648	-0.1098881321597145	0.1981681594162329	0.26957670458728117	6.295893627152854e-14	1.0263463912154301e-13	0.26957670458728117	4.51010796862723	304.0389272892837	216.96107271071622	47.31639518789261	NaN	0.5326907604635065	0.4221802572408514	-47.14850146153189	-0.042484913367486644	-0.7018486617412335	0.45098472124419964	0	17.461038358487723	-2.6497799360176355	5.9938094300759355	14.925432965926197	22.76222701127086	31.9243470318719	47.82848923143318	0.31108201126121054	1.0290873778922949	245.1536908088557	1.0304332528650224	-355.8968341734214	1.1007810370321645	-10.350166113749724	1.1007810370321645	-8.099660221832254	1.1007810370321645	-0.052066719795170587	1.3291653423822718	NaN	NaN	800000009	800000009	800000009	800000019	811010019	811110119	899999999	899999999	89999	89999	89	89	7	3	0	20	0	8	9	NaN	0	18000	0	0	0	0	0	0	0	NaN	NaN	NaN	NaN	0	0	0	0	0	0	301	0	0	18000	0	16	18000	18000	18000	18000	87	NaN	0.3186512684799865	0.20953118742867705	0.3161780585730392	0.19637795249053377	1.4136828431573427	0.558673530481899	4.135201230557207e-7	NaN	0.21419379638733216	-0.26842909407180143	-0.21006275954813258	-0.00005206671979517059	NaN	16.28969406007336	621.621728086683	85.92958798853556	85.90050989617242	85.95866802003647	-0.05815802387885067	0.0002876685258815997	33.38513635662925	149
DATA	2026-07-31T113000_AIU-1657.ghg	2026-07-31	12:00:00	212.499	1	18000	18000	0.40621189411246755	0	NaN	-33.482798426095684	2	NaN	383.55193674947554	1	NaN	7.7786801610528125	1	NaN	8.73898851750081	1	NaN	0.033365753467537305	1	NaN	NaN	NaN	NaN	NaN	NaN	NaN	NaN	NaN	NaN	4.758299821390242e-10	1.6750524173729722e-11	2.4433693815849582e-12	NaN	16.21099412725601	420.8218948223218	427.14972857463573	0.1	1	570.6715827113542	14.814088196730172	15.036845349944846	0.3	0	0.08324285602502898	2.078465459091125	2.109719022764681	0	1	NaN	NaN	NaN	NaN	9	305.1661841371324	300.3744181450753	97452.15564964968	1.123948685058204	1013.8358971669186	0.02562604075620705	0.5662864559340524	0.010417132963245535	1444.0520765632525	3602.145970394749	0.00926833502430414	40.088660715906606	2158.0938938314966	285.604178432157	0.6220851045155228	0.5921703369770908	0.22812442490134158	0.8886486023688778	1.7608259796058697e-14	2.935230118546509e-14	0.8886486023688778	4.88457804268449	117.41127082936583	43.58872917063417	14.87489712779569	NaN	0.6011779955192009	1.0897311393268438	556.31062086622	0.0036006862441004873	-0.0872966480363926	-0.048876998051451306	0	16.936165116039014	-2.570128396502115	5.813637430817121	14.476779212641905	22.07800172916146	30.964711344940874	46.39078010389309	0.40177253486859477	1.0110494343405647	-10.304823744222322	1.0205588942944985	348.11483608437067	1.1017971571212097	7.0599929494981195	1.1017971571212097	7.931576571076073	1.1017971571212097	0.013519286995529541	1.3768072545642567	NaN	NaN	800000009	800000009	800000009	800000019	800000019	800000019	899999999	899999999	89999	89999	89	89	20	6	0	8	1	3	1	NaN	0	18000	0	0	0	0	0	0	0	NaN	NaN	NaN	NaN	0	1	0	0	0	0	301	0	0	18000	0	16	18000	18000	18000	18000	87	NaN	1.1703370461682436	0.5744899074545369	0.4346353250309071	0.29465528880169123	0.9502411697134587	0.5747556900257149	1.1863443011972333e-7	NaN	-0.009043289208846153	0.18364086882753122	0.20631204919093368	0.00001351928699552954	NaN	16.212109619143593	570.678781970527	85.93045256275602	85.9163265616099	85.94457948091296	-0.02826041025381916	0.00028911042252891797	32.798789209720844	022
DATA	2026-07-31T120000_AIU-1657.ghg	2026-07-31	12:30:00	212.52	1	18000	18000	0.20272837966787494	0	NaN	1.6921669937372947	1	NaN	104.89565912030007	0	NaN	-0.5548272138656808	2	NaN	2.391413061684769	0	NaN	0.03706270502957726	0	NaN	NaN	NaN	NaN	NaN	NaN	NaN	NaN	NaN	NaN	-9.738091970228067e-11	-3.5185468952775605e-12	-5.019548127315992e-13	NaN	16.17224298598768	420.43007051589905	426.91529413919807	0.1	1	584.3320798570008	15.190890821504503	15.425213556540298	0.1	0	0.08336063393423924	2.0875671075040283	2.1197682759508867	0	1	NaN	NaN	NaN	NaN	9	305.6821379911635	300.9896980146411	97421.44737829467	1.1211370137659897	1014.0630541766832	0.02568662667858559	0.154963566397173	0.010656901769119462	1480.3155432870108	3734.055600951533	0.009505441028409247	39.643639556673676	2253.7400576645223	285.98243177934484	0.552669357298223	-0.6014904527944355	0.13327993897685114	0.827645893745083	-3.7242678598809266e-14	-6.021485070849829e-15	0.827645893745083	6.231600551398914	208.42217422474164	312.5778257752584	9.266975187223592	NaN	0.4252339486260296	1.3715059812547528	-3895.002823393556	-0.0005142743383828362	0.016131906772201367	0.0035001901600994444	0	15.315411479564922	-2.3241727792596234	5.257285154928206	13.091383381143928	19.96518567290252	28.00145678460621	41.951284796832724	0.19984739589479084	1.0144159185071433	7.92548127561773	1.0217383226068524	95.9386050748706	1.0933623543769413	-0.5074504455404011	1.0933623543769413	2.187209987714941	1.0933623543769413	0.0230030486622409	1.3081076414549506	NaN	NaN	800000009	800000009	800000009	800000019	800000019	800000119	899999999	899999999	89999	89999	89	89	22	5	0	27	3	15	5	NaN	0	18000	0	0	0	0	0	0	0	NaN	NaN	NaN	NaN	0	0	0	0	0	0	301	151	0	18000	0	16	18000	18000	18000	18000	87	NaN	0.6003194368517326	1.8630580259824383	0.2796344996753346	0.22108391967547927	0.3131627972933328	0.2492264000234619	1.9642884519900106e-7	NaN	0.0069711109244531754	-0.013235807796866922	0.05704890253461762	0.0000230030486622409	NaN	16.173313661816184	584.3596966002372	85.90166724268596	85.89781342421638	85.90551672236124	-0.007708209997750282	0.0002893837064459351	33.94114572799874	209
DATA	2026-07-31T123000_AIU-1657.ghg	2026-07-31	13:00:00	212.541	1	18000	18000	0.50158470043728	0	NaN	62.58730843155241	0	NaN	222.33326325057308	0	NaN	0.2610211666925319	2	NaN	5.070741684110039	0	NaN	0.07080333215870467	1	NaN	NaN	NaN	NaN	NaN	NaN	NaN	NaN	NaN	NaN	-3.2880776639121977e-10	-1.150165730994587e-11	-1.7101264992805283e-12	NaN	16.099636478400726	419.2312855917481	425.47066891374203	0.1	0	563.1634058453116	14.664661462853735	14.882914363576223	0.2	0	0.08373407742972257	2.100305055524302	2.1315637158030563	0.9	0	NaN	NaN	NaN	NaN	9	306.03727040523955	301.3915697965617	97396.31099214645	1.1195772358381981	1013.7816724250237	0.025727560785034936	0.3285840611303305	0.010271366426703009	1428.667050474821	3822.465595122805	0.009174325895446691	37.375537200326896	2393.7985446479843	285.44117182015594	1.2288214723019057	-0.05668514787457355	0.09770794229055957	1.2340025359643236	-1.3521016031769068e-13	-2.042330377038937e-14	1.2340025359643236	7.2524239120343585	163.64116392327765	357.3588360767223	4.541416047704153	NaN	0.6693374283210545	2.1328951345292513	-410.5845767425822	-0.004878653786490991	0.28150222560722066	0.08238396107715142	0	16.947990862102433	-2.571922999091259	5.817696826760097	14.486887682511671	22.093417783518976	30.986332580373062	46.42317265447545	0.4954166189652964	1.0124502918066536	74.78978164697702	1.0216724934250738	202.67997764362565	1.0969670800018738	0.23794804005612094	1.0969670800018738	4.622510352909932	1.0969670800018738	0.02746860204170353	1.3055105972724774	NaN	NaN	800000009	800000009	800000009	800000019	800000019	800000019	899999999	899999999	89999	89999	89	89	11	10	0	14	8	10	4	NaN	0	18000	0	0	0	0	0	0	0	NaN	NaN	NaN	NaN	0	0	0	0	0	0	301	0	0	18000	0	16	18000	18000	18000	18000	87	NaN	1.5590415926680383	2.1689109838280736	0.5378376925623911	0.21303425757571315	0.15498166193323046	0.227736872796201	3.078469189588324e-7	NaN	0.06589368117176934	0.006212958029957487	0.12069636215074428	0.00002746860204170353	NaN	16.100743012359665	563.1867622742596	85.90050304031372	85.89895217090182	85.9020516488817	-0.0031055345583460977	0.0002890571388383655	32.01155423262417	248
DATA	2026-07-31T130000_AIU-1657.ghg	2026-07-31	13:30:00	212.562	1	18000	18000	0.44741803235901856	0	NaN	80.75803202008369	0	NaN	257.4714350671738	0	NaN	-0.1037828397588181	2	NaN	5.873619887379714	0	NaN	0.03523575736941948	1	NaN	NaN	NaN	NaN	NaN	NaN	NaN	NaN	NaN	NaN	-2.931203259434295e-10	-1.0852681078723987e-11	-1.5188372913313446e-12	NaN	16.05551648183507	418.76480932951984	425.3598546400568	0.1	1	594.4500756497554	15.504625644838578	15.748804970255968	0.2	0	0.08319353864563606	2.0899558896529644	2.122870197355547	-0.3	0	NaN	NaN	NaN	NaN	9	306.48556449042434	301.65095929443726	97375.09275042904	1.1180136242128444	1014.2566794156297	0.025755313856303374	0.38061056870220544	0.010847988903023884	1510.1693385342985	3880.4926918484007	0.009702912977166613	38.91694839953319	2370.323353314102	286.2877589194169	0.9776318745445368	0.9200326628267652	0.5178434914470623	1.4388836174019506	1.2950628146560055e-13	-1.82566737280025e-14	1.4388836174019506	8.754812065739397	117.73854691213819	43.261453087861824	21.093597181774374	NaN	0.6326058355621104	1.8544837048850595	-268.63622653401563	-0.007456552028906498	0.31365821998472987	0.1125790451835941	0	14.955768198404055	-2.269595523830803	5.133831254545608	12.783965713625719	19.496354333047947	27.34391416430267	40.96616613166478	0.44207985749916684	1.0120751370353076	94.73700798799501	1.0221412666232732	234.14307491901695	1.0996329280984518	-0.0943795307569457	1.0996329280984518	5.3414368897962285	1.0996329280984518	-0.006903890666685063	1.3051832471104838	NaN	NaN	800000009	800000009	800000009	800000019	800000019	800000019	899999999	899999999	89999	89999	89	89	27	15	0	12	32	10	0	NaN	0	18000	0	0	0	0	0	0	0	NaN	NaN	NaN	NaN	0	0	0	0	0	0	301	0	0	18000	0	16	18000	18000	18000	18000	87	NaN	2.0040528275014164	1.0481629804632253	0.6567516018054774	0.32947890080345343	0.20273064976098423	0.2222568305157865	1.3290917275254468e-7	NaN	0.08354581350711077	-0.002469066659228238	0.13973754299469293	-0.000006903890666685063	NaN	16.056629112027892	594.4761658020038	85.85358459960091	85.86518139161004	85.84199279615615	0.023194313092605813	0.00028983971712942655	33.140798071137574	055
DATA	2026-07-31T133000_AIU-1657.ghg	2026-07-31	14:00:00	212.583	1	18000	18000	0.3314186098917115	0	NaN	21.590795208956518	1	NaN	178.18844069330976	0	NaN	0.06117562834076954	2	NaN	4.066819605925733	0	NaN	0.027293180673255632	2	NaN	NaN	NaN	NaN	NaN	NaN	NaN	NaN	NaN	NaN	-3.984682954833558e-10	-1.5165267661262944e-11	-2.066181607930983e-12	NaN	15.988712863361844	417.9452288087706	424.7007475792667	0.2	0	608.5129303394941	15.906538448546513	16.16364610681324	0.2	0	0.08290643152096823	2.087532822353858	2.1212749641307425	0	1	NaN	NaN	NaN	NaN	9	306.9304059702555	302.1202150923874	97356.07950572771	1.1158885402553267	1014.4942290886206	0.025800417200759727	0.2635299104639875	0.011109736153628723	1549.013616937363	3987.417908965976	0.009955955055409657	38.847536232766124	2438.404292028613	286.67718514632827	0.7432735337639054	0.6972524043577227	0.3708119548374885	1.0844897266580364	-3.120024706374609e-14	-2.4921849487737464e-14	1.0844897266580364	5.575868644485035	117.82983164891277	43.17016835108723	19.994075541538752	NaN	0.5449768281280096	1.242864085064622	-642.3784339016324	-0.003118255368309477	0.12116832677220439	0.03499614463241105	0	15.17778119337274	-2.303286852348917	5.2100411313881185	12.973739082536442	19.78577069461689	27.749824726518476	41.57429412045281	0.32718829984406234	1.0129292827697853	31.92341019418414	1.0215023422198664	162.68189165937912	1.0953182242704553	0.05585192228634378	1.0953182242704553	3.712911477059069	1.0953182242704553	0.006315590578921802	1.306086907405802	NaN	NaN	800000009	800000009	800000009	800000019	800000019	800000019	899999999	899999999	89999	89999	89	89	30	7	1	1	22	8	6	NaN	0	18000	0	0	0	0	0	0	0	NaN	NaN	NaN	NaN	0	0	0	0	0	0	301	151	0	18000	0	16	18000	18000	18000	18000	87	NaN	0.9543231019480871	1.0616278832430806	0.4697771849380762	0.24410083217975664	0.18951167521333365	0.18999866614927308	9.434651589880834e-8	NaN	0.028199335844293433	0.00146430110611901	0.09734347825856132	0.000006315590578921802	NaN	15.989852986234293	608.5445846810267	85.80658116467794	85.83906220669216	85.77410194481745	0.06496393159508115	0.0002902631417479521	33.47198164314695	004
DATA	2026-07-31T140000_AIU-1657.ghg	2026-07-31	14:30:00	212.604	1	18000	18000	0.2749820157428496	1	NaN	16.11272951230565	1	NaN	51.62429096936775	0	NaN	-0.5560749865286946	2	NaN	1.1780508762370119	0	NaN	0.021076564897883992	1	NaN	NaN	NaN	NaN	NaN	NaN	NaN	NaN	NaN	NaN	3.3318097327262725e-10	1.266368339145032e-11	1.7344813597251569e-12	NaN	15.961443007332317	416.7537376220349	423.46143121791965	0.1	1	606.6692786509766	15.840152376079862	16.095101232104835	0	0	0.08309245602653331	2.09072870440406	2.1243791945503108	-0.2	0	NaN	NaN	NaN	NaN	9	306.78242934955495	301.9656268080532	97341.12800290623	1.1163165386648368	1014.4527220853874	0.025791176584754584	0.07633769678015837	0.011067333425818383	1542.311897922176	3951.9136051760233	0.009914153416606543	39.02696394734266	2409.601707253847	286.61061586814054	-0.1207397083183985	-1.2164695537019208	0.3564648632278125	1.273359120972838	-1.6647294999124527e-14	2.0874113519659324e-14	1.273359120972838	8.974753291310273	256.6682817203165	264.3317182796835	16.256657074557964	NaN	0.4963162172363129	1.8025475000497204	-650.095761786168	-0.0030812383617090356	0.31211526995821487	0.02866760947248642	0	18.661481017038145	-2.831951740790079	6.40588254848744	15.951553295186176	24.327125257694775	34.11913907325115	51.116687652893184	0.27162575268725303	1.0123562034247207	18.935787700221244	1.021743960331199	47.040435791331056	1.0974449981367187	-0.5066996409595182	1.0974449981367187	1.0734486723591148	1.0974449981367187	0.009634895805159636	1.3054086988477864	NaN	NaN	800000009	800000009	800000009	800000019	800000019	800110119	899999999	899999999	89999	89999	89	89	2	1	1	15	6	35	9	NaN	0	18000	0	0	0	0	0	0	0	NaN	NaN	NaN	NaN	0	0	0	0	0	0	301	0	0	18000	0	21	18000	18000	18000	18000	87	NaN	2.710473455336325	0.6621829558789323	0.2324385888841834	0.19546144367577778	0.7149960159032598	0.2524887431973153	2.0401434102408259e-7	NaN	0.016721075389771124	-0.013278774142086678	0.028131226709352034	0.000009634895805159636	NaN	15.962516230711364	606.6874059312604	85.81173836368984	85.84521772554186	85.77826054212781	0.06695214844215243	0.00029026662592595025	32.59199025623005	095
DATA	2026-07-31T143000_AIU-1657.ghg	2026-07-31	15:00:00	212.624	1	18000	18000	0.5673749465954099	0	NaN	85.6460829919731	1	NaN	158.35726579880333	0	NaN	1.3505920916034295	0	NaN	3.6146199212069865	0	NaN	0.0009694383520855165	2	NaN	NaN	NaN	NaN	NaN	NaN	NaN	NaN	NaN	NaN	7.65074808786024e-10	2.8861899514142862e-11	4.00309363883638e-12	NaN	15.908437035078823	416.15305581661084	422.7904756876627	0	0	600.1343997485194	15.699076144646313	15.949468058157938	0.1	0	0.08323756365733896	2.0968420939175774	2.1302856099175167	0	1	NaN	NaN	NaN	NaN	9	306.8805491434734	302.2365806110162	97326.18575665468	1.1152044062462134	1014.3819267826849	0.025818282219368452	0.23422737089421272	0.010957249385143978	1528.341052431917	4014.3263279848843	0.009825328275043463	38.07216772033367	2485.9852755529673	286.47101931914995	-0.27310703202845527	-0.8754028580683852	0.4271739266162005	1.0116299612202055	-1.5913838295693267e-13	4.8092393180989403e-14	1.0116299612202055	5.364040216723761	268.3268088188988	252.6731911811012	24.977544314314656	NaN	0.7132763741002971	1.6547615833172469	-362.979801849806	-0.005518488879524056	0.5408408800186566	0.10614356910561183	0	20.52888439882036	-3.115337408463886	7.046901700366295	17.54778161923576	26.761474167825863	37.533348032910624	56.23179482479267	0.5599562232360268	1.0132487559768686	93.76107821446121	1.0214891749785777	144.66696940539276	1.0946331871724426	1.2338307548414065	1.0946331871724426	3.3021289355788177	1.0946331871724426	-0.029806420026919696	1.3065072640662625	NaN	NaN	800000009	800000009	800000009	800000019	800000019	800000119	899999999	899999999	89999	89999	89	89	15	11	0	30	16	33	0	NaN	0	18000	0	0	0	0	0	0	0	NaN	NaN	NaN	NaN	0	0	0	0	0	0	301	0	0	18000	0	16	18000	18000	18000	18000	87	NaN	2.15787852155429	0.7734121202923685	0.37823252478783503	0.34453233752271145	0.05639723364910586	0.4520351911628958	3.5182417208661937e-7	NaN	0.08288321970160215	0.032363605635351816	0.08661544398112654	-0.000029806420026919694	NaN	15.909530052914597	600.1485471786398	85.81566560554504	85.84985510169135	85.78147757254706	0.06837806380488241	0.000291100556936322	33.944259892559245	206
DATA	2026-07-31T150000_AIU-1657.ghg	2026-07-31	15:30:00	212.645	1	18000	18000	0.42329032831335683	1	NaN	-40.88684291960075	2	NaN	138.6655894063808	1	NaN	0.44826071881190593	1	NaN	3.1672307758281995	1	NaN	0.12119223973197614	1	NaN	NaN	NaN	NaN	NaN	NaN	NaN	NaN	NaN	NaN	4.0180591275394964e-10	1.5085763349989145e-11	2.0930575190359888e-12	NaN	15.86317765202241	416.046921525757	422.6488833102897	0.1	0	595.5814397977502	15.62044061923123	15.868310623046035	0.1	0	0.08263328688421048	2.087964361651098	2.1210968287116274	-0.1	0	NaN	NaN	NaN	NaN	9	307.31279215070936	302.9127609896939	97295.40378936488	1.1123963264041794	1014.3579686834174	0.02588423087611048	0.20523655427366733	0.010874587934586021	1520.2047468935416	4173.834201012683	0.009775821509351907	36.42226005347073	2653.629454119141	286.3892035180093	0.3164040552157235	-1.0652476562237732	0.2268903200431132	1.134170759884249	-2.570984852738549e-14	2.5329471910864156e-14	1.134170759884249	7.650932020290831	234.45732005489833	286.54267994510167	11.539855044317314	NaN	0.6168639631571493	2.1179631901436293	491.7062326888967	0.0040737738650292125	-0.2948593309604417	-0.05874127742440663	0	21.022041395418505	-3.1901758853095243	7.2161865387608595	17.96932480259548	27.404354120226113	38.434996307049026	57.582628241279316	0.4187753708767972	1.0107813346976604	-31.989843534762457	1.0212935592983678	125.37721980531421	1.105987113302566	0.40530374488122517	1.105987113302566	2.8637139960614864	1.105987113302566	0.09279342976230286	1.3804686493298686	NaN	NaN	800000009	800000009	800000009	800000019	800000119	810010119	899999999	899999999	89999	89999	89	89	18	3	0	44	15	26	4	NaN	0	18000	0	0	0	0	0	0	0	NaN	NaN	NaN	NaN	0	0	0	0	0	0	301	151	0	18000	0	21	18000	18000	18000	18000	87	NaN	1.7870874737575482	2.1822462707104013	0.2665926358193093	0.17214798321335628	0.04178368504888807	0.3745358470917523	2.9463566978349135e-7	NaN	-0.028350539294618334	0.010657495132418236	0.07530159382713623	0.00009279342976230286	NaN	15.86424002376382	595.5989271030736	85.78277404530843	85.83986214319864	85.72568991576301	0.11416965942871343	0.0002915288324875292	34.01977835093604	147
DATA	2026-07-31T153000_AIU-1657.ghg	2026-07-31	16:00:00	212.666	1	18000	18000	0.48116661411859285	0	NaN	-29.943477628216904	2	NaN	187.0768510449783	1	NaN	1.7464034711011482	1	NaN	4.273640473991058	1	NaN	0.04354895210989068	2	NaN	NaN	NaN	NaN	NaN	NaN	NaN	NaN	NaN	NaN	1.6194535473653616e-9	6.098668475320828e-11	8.434813825350503e-12	NaN	15.835318747368143	415.8928762566249	422.5102437679169	0.1	0	596.3391750158244	15.66202857539917	15.91123072569477	0.1	0	0.08247718232883577	2.0856023000783503	2.1187867994769367	0.7	0	NaN	NaN	NaN	NaN	9	307.3492995376587	303.07072642278024	97262.67223430703	1.1114249143427706	1014.3857834285681	0.025906444493000697	0.27693190271462054	0.010894191205614046	1523.7393692018031	4211.881800547932	0.009802003774637543	36.17716359000333	2688.1424313461284	286.4247936182387	0.3581060865306792	-0.5280539961711642	0.2838470211857569	0.6983194995979201	2.353801020349022e-14	1.0226845276698441e-13	0.6983194995979201	7.656049715567111	216.85637596976244	304.1436240302375	23.983376014474644	NaN	0.6579724036850236	2.312445120040778	814.5966029885241	0.0024590085358215264	-0.16005976934590208	-0.04036558740926955	0	17.42598332194848	-2.644460198979609	5.981776170411373	14.895468447938054	22.716529230691457	31.86025524484769	47.7324680554182	0.4755876640994621	1.0117306449268288	-18.30401083475631	1.0204875576682522	170.0394589656358	1.1001966965960868	1.587355676038993	1.1001966965960868	3.8844331083826478	1.1001966965960868	0.030122182165799982	1.3782487632955627	NaN	NaN	800000009	800000009	800000009	800000019	800000019	810111119	899999999	899999999	89999	89999	89	89	9	10	0	35	30	13	2	NaN	0	18000	0	0	0	0	0	0	0	NaN	NaN	NaN	NaN	0	0	0	0	0	0	301	0	0	18000	0	16	18000	18000	18000	18000	87	NaN	1.492330155849369	2.6477421358268227	0.4848179484053647	0.18925771451953052	0.056681683502878256	0.4069578516031789	5.464364818948447e-7	NaN	-0.016235399597622265	0.041777233449440634	0.10223346363846171	0.000030122182165799983	NaN	15.836386468637137	596.3594169521332	85.75610976282755	85.82730643675062	85.68491488265992	0.1423880310269703	0.0002918680181772085	32.51799798995781	198
DATA	2026-07-31T160000_AIU-1657.ghg	2026-07-31	16:30:00	212.687	1	18000	18000	0.15380374651977488	1	NaN	0.05135994658474592	2	NaN	9.467835772630954	1	NaN	0.48429079125095387	2	NaN	0.21636707064938376	1	NaN	0.01851530752187744	1	NaN	NaN	NaN	NaN	NaN	NaN	NaN	NaN	NaN	NaN	-3.3741303903987877e-10	-1.247339829662125e-11	-1.7498940872235808e-12	NaN	15.839946840639847	416.3817494585082	422.8911837226021	0	0	585.5670738238914	15.392693237993365	15.633332326787205	0.1	0	0.08214925361878353	2.0807087207675186	2.1132371316745213	0	1	NaN	NaN	NaN	NaN	9	307.52052212354874	303.4542135873065	97245.9092899846	1.1099427560331598	1014.2473406335392	0.025943696245788538	0.014020586178080068	0.01069147334571468	1497.2779716125292	4305.505633118434	0.00963245472579603	34.775891595525934	2808.227661505905	286.15657079536413	-0.004126368127444919	-0.9707033747044113	0.27641072471292805	1.009299240717485	6.359925156065974e-14	-2.1301399710142532e-14	1.009299240717485	7.762215732222909	251.24355746618733	269.7564425338127	15.894327271989667	NaN	0.3722486802759701	1.7244405952896475	-85986.14922163378	-0.000023295612353065203	0.005424676538350416	0.00012255948795863336	0	14.55922042177601	-2.2094178688363835	4.9977092350968935	12.44500263844457	18.97941425611176	26.618898356199985	39.879960335949086	0.1517909862839409	1.0132600774598626	0.6199218239561927	1.0214896674179996	8.649496870196455	1.0946111565464862	0.4424318063584316	1.0946111565464862	0.1976656910130762	1.0946111565464862	0.01399638076800849	1.3065214787707307	NaN	NaN	800000009	800000009	800000009	800000019	800000019	800000119	899999999	899999999	89999	89999	89	89	15	0	0	7	26	23	3	NaN	0	18000	0	0	0	0	0	0	0	NaN	NaN	NaN	NaN	0	0	0	0	0	0	301	0	0	18000	0	16	18000	18000	18000	18000	87	NaN	2.293583561456011	0.9120897743708906	0.24320785475239376	0.2012777444173461	0.06074081776213693	0.3609614853246154	2.9622744326609285e-7	NaN	0.0005506713310158278	0.011657809615116163	0.0052083710080372825	0.000013996380768008489	NaN	15.841019896998908	585.5724249067848	85.74069615067376	85.82282439952427	85.65857098642985	0.16425426734983892	0.0002923780558921862	33.589681856662565	010
DATA	2026-07-31T163000_AIU-1657.ghg	2026-07-31	17:00:00	212.708	1	18000	18000	0.656019589650219	1	NaN	4.769162899246175	2	NaN	207.75419301471047	0	NaN	3.1383796485756523	1	NaN	4.7500114841737515	0	NaN	0.0832464119897425	0	NaN	NaN	NaN	NaN	NaN	NaN	NaN	NaN	NaN	NaN	5.671896132115003e-10	2.0814555766392925e-11	2.9289767917201693e-12	NaN	15.83677394873447	417.15019093536057	423.6353937304409	0.2	0	581.1732211548344	15.3084536633568	15.546445707093737	0.2	0	0.08178136952988428	2.075857499236455	2.108129705143998	0.1	0	NaN	NaN	NaN	NaN	9	308.01197423044835	303.93635879362284	97229.97337618827	1.108035913733527	1014.2151022089975	0.025989175963602885	0.3078007441744591	0.010614354996346867	1488.8398005377785	4425.7784539956565	0.00957943227722809	33.64017914619365	2936.938653457878	286.0701613107595	0.8356208696756767	-0.12275746024121452	0.1307706349309318	0.8546534916810726	3.333533440027144e-14	3.581471927600665e-14	0.8546534916810726	7.211691424852259	169.35729774704987	351.6427022529502	8.801408039950383	NaN	0.7694519163236174	1.6450157415557394	-8177.210066203272	-0.0002449612989984066	0.022955796126379432	0.005515396777674274	0	20.23037930582974	-3.0700381089625406	6.944434561553605	17.292623955415994	26.37234263101951	36.987585519607315	55.414143128913445	0.6468318270999431	1.0142042524275112	17.223072497869065	1.021670891961816	189.9901968498077	1.0934995408154964	2.8700328911296578	1.0934995408154964	4.343862349161434	1.0934995408154964	0.052893908214198974	1.307811686605595	NaN	NaN	800000009	800000009	800000009	800000019	800001019	800001119	899999999	899999999	89999	89999	89	89	11	11	1	27	32	20	1	NaN	0	18000	0	0	0	0	0	0	0	NaN	NaN	NaN	NaN	0	0	0	0	0	0	301	151	0	18000	0	16	18000	18000	18000	18000	87	NaN	1.3895772191980336	1.4438820541533566	0.456572209760089	0.16151514835762332	0.1823909758878278	0.22729823513794506	2.680629365236828e-7	NaN	0.015325925833302253	0.07574971183591211	0.11464897221938553	0.00005289390821419897	NaN	15.837832904734922	581.2009712013222	85.7235436935425	85.8177368320889	85.62934617360432	0.18838436251340857	0.0002925313145323243	33.27895555562445	200
DATA	2026-07-31T170000_AIU-1657.ghg	2026-07-31	17:30:00	212.729	1	18000	18000	0.43725355552955086	1	NaN	-36.53182505224895	1	NaN	297.6548242141713	0	NaN	0.22979386514768232	2	NaN	6.80503477874023	0	NaN	0.1586177031260082	0	NaN	NaN	NaN	NaN	NaN	NaN	NaN	NaN	NaN	NaN	3.297603471585897e-10	1.2232837871087974e-11	1.7036539401909633e-12	NaN	15.872625751568032	418.1435357398288	424.731768301364	0.1	0	588.8132368868716	15.511513508593076	15.755911543337756	0.2	0	0.08200337498380465	2.0810718404435837	2.1138610242769436	0	0	NaN	NaN	NaN	NaN	9	308.0620128750271	303.8716531491697	97223.58015070847	1.1081133969295354	1014.3260687569069	0.02598535170548116	0.44096625366236686	0.01075673253847473	1508.4894046653237	4409.469696551481	0.009707248886513324	34.210222735969126	2900.980291886158	286.2707191278357	0.5777385291427309	-0.3352053369112522	0.21673665773900663	0.7022244689256328	-2.2226115917727083e-14	2.0775412481832953e-14	0.7022244689256328	6.447162075797703	191.1224140646534	329.87758593534653	17.97746961742137	NaN	0.6281662110743155	1.4703543755970923	580.829657950075	0.0034486875327089024	-0.12273217861896045	-0.051741022195856606	0	17.17822874471224	-2.606862486040733	5.896730041372821	14.683691561671528	22.393556116816395	31.407280860390212	47.05382988476086	0.43218966389132657	1.0117168272665993	-18.127217592590192	1.0205044592727095	270.5160426782769	1.1003222628395846	0.20884233002307603	1.1003222628395846	6.184583379398852	1.1003222628395846	0.11155536038980843	1.378602950788094	NaN	NaN	800000009	800000009	800000009	800000019	800000019	800001119	899999999	899999999	89999	89999	89	89	18	4	0	14	42	12	0	NaN	0	18000	0	0	0	0	0	0	0	NaN	NaN	NaN	NaN	0	20	0	0	0	0	301	0	0	18000	0	16	18000	18000	18000	18000	87	NaN	0.592208625965161	1.890506158611669	0.4579939666173548	0.11422394208736385	0.7318296047104177	0.37470666631373256	4.6285115888725156e-7	NaN	-0.01612758558212722	0.0055123695268856875	0.1632413742621765	0.00011155536038980842	NaN	15.873655861248881	588.8376257521584	85.69391211043464	85.80177489683363	85.58604904768202	0.21572785416907708	0.00029278138185165716	33.496491013637815	166
DATA	2026-07-31T173000_AIU-1657.ghg	2026-07-31	18:00:00	212.749	1	18000	18000	0.5046576042227453	1	NaN	-0.27728697119100965	1	NaN	246.8589980564465	0	NaN	0.41798698281532204	2	NaN	5.643395456620039	0	NaN	0.17556306929595056	0	NaN	NaN	NaN	NaN	NaN	NaN	NaN	NaN	NaN	NaN	6.03792916625362e-11	2.2373428458831773e-12	3.116738748575227e-13	NaN	15.896540151657637	418.66795905482275	425.26538131634175	0.2	0	589.0431868824603	15.513659355712834	15.758125547541955	0.2	0	0.08205687959352942	2.0818907882510045	2.114697484668535	-0.1	0	NaN	NaN	NaN	NaN	9	308.0577739096747	303.8105692109911	97207.04872737337	1.1081468328800592	1014.3253854689161	0.025984546444818617	0.3656920255889785	0.010758554011073137	1508.4415559029949	4394.121715965858	0.009708599701640437	34.328624772093484	2885.6801600628633	286.27023354709854	0.8317697791125915	0.12128651946064034	0.17350599656392884	0.8582865000053714	2.9442548080727135e-14	3.798266231928465e-15	0.8582865000053714	5.836181658002963	152.70374806581003	8.296251934189952	11.662943845048183	NaN	0.6748383517705219	1.0941311283390767	94866.49691149696	0.000021114935885834763	-0.0011232605389073383	-0.0003655569992691162	0	18.69956007810903	-2.837730385217544	6.4189538579164225	15.9841027038611	24.376765159668317	34.18875974158236	51.220992100600135	0.4976030462229053	1.0141770796087126	14.620995684305585	1.0216627366246305	225.74727076885793	1.0935193024291523	0.38224015057329347	1.0935193024291523	5.160764372502393	1.0935193024291523	0.12436716815493758	1.307774345572471	NaN	NaN	800000009	800000009	800000009	800000019	800000019	800001019	899999999	899999999	89999	89999	89	89	15	17	1	15	31	1	0	NaN	0	18000	0	0	0	0	0	0	0	NaN	NaN	NaN	NaN	0	0	0	0	0	0	301	0	0	18000	0	16	18000	18000	18000	18000	87	NaN	1.0792463662176686	0.6814750519624255	0.42754083849805913	0.10824760559892949	0.4503717803436116	0.31946621747185666	0.0000011635062109942283	NaN	0.013007754887397938	0.01008889460347291	0.13621386384827477	0.00012436716815493758	NaN	15.897547790557647	589.0746951467238	85.71097030830383	85.8117262702518	85.61021651204427	0.2015076677952363	0.00029273805222732746	33.53342329311371	077
DATA	2026-07-31T180000_AIU-1657.ghg	2026-07-31	18:30:00	212.77	1	18000	18000	0.20414296747938251	0	NaN	-5.847294071202778	1	NaN	188.1103598937579	0	NaN	2.848191037695169	0	NaN	4.301352600703767	0	NaN	0.0948872792268626	0	NaN	NaN	NaN	NaN	NaN	NaN	NaN	NaN	NaN	NaN	2.510705685862471e-10	9.345763457197747e-12	1.2962346946576725e-12	NaN	15.868944029738117	418.33909153035006	424.95656131100475	0.2	0	590.7000492034839	15.572108735630636	15.81843512746301	0.2	0	0.08192866226716325	2.0809537639883264	2.1138711961072256	0.3	0	NaN	NaN	NaN	NaN	9	308.0105875337389	304.0482902904036	97187.58202484957	1.1070340687507763	1014.3651251328895	0.02601008722316063	0.2787276485256041	0.010788483783865079	1513.8215527565287	4454.114036866769	0.009745394553249166	33.98704074989111	2940.2924841102404	286.32474636820046	0.5225842186815499	0.2184462158058599	0.17672671727654943	0.5933340942625094	-4.1841585836349196e-14	1.5821504450185554e-14	0.5933340942625094	6.33617818938899	138.3145113021809	22.6854886978191	17.328733034652235	NaN	0.4294244010165916	0.8454152560303523	1159.0269509945083	0.0017282600704679309	-0.031084380862942622	-0.012125870381660487	0	15.336561583088834	-2.3273823890669987	5.2645453010515935	13.10946217152784	19.99275696894112	28.040125919327462	42.009218207084096	0.20069132225863043	1.0171987766182733	5.6095296380162	1.0230239292523025	172.0676246755355	1.093235059462661	2.6052869536539482	1.093235059462661	3.934517616749262	1.093235059462661	0.06552695752583156	1.3120489304896223	NaN	NaN	800000009	800000009	800000009	800000019	800001019	811101019	899999999	899999999	89999	89999	89	89	20	1	0	9	28	10	1	NaN	0	18000	0	0	0	0	0	0	0	NaN	NaN	NaN	NaN	0	0	0	0	0	0	301	151	0	18000	0	16	18000	18000	18000	18000	87	NaN	0.8749640675936661	0.5316756563399877	0.28419078812705084	0.0907175975371719	0.3259067854511492	0.26082187263163764	7.466714483089158e-7	NaN	0.004995410141889222	0.06883594932514409	0.10395640100434525	0.00006552695752583156	NaN	15.869986601837052	590.7326772303868	85.66901304986742	85.78828486569722	85.54974218495687	0.23853755522643447	0.0002927764598862267	33.91405767030376	215
DATA	2026-07-31T183000_AIU-1657.ghg	2026-07-31	19:00:00	212.791	1	18000	18000	0.1806285656228098	0	NaN	8.71744219511126	2	NaN	-45.65078309372517	2	NaN	8.26860116756442	1	NaN	-1.0433297708068565	2	NaN	0.10657888995368438	0	NaN	NaN	NaN	NaN	NaN	NaN	NaN	NaN	NaN	NaN	-1.0167174871097166e-10	-4.386654844941585e-12	-5.334365267524848e-13	NaN	15.742009244279721	413.45383567066716	420.96322029673735	0.1	0	679.1932075137307	17.838576540669802	18.162570952786428	0.1	1	0.08259288191497294	2.0949230431441928	2.132972231555926	0.1	0	NaN	NaN	NaN	NaN	9	307.5830542848375	303.5318742559497	97173.01857493714	1.1077955099802559	1015.6144755836588	0.025969801489884384	-0.0676077691482843	0.012377882630168622	1733.893303336496	4324.684238460892	0.011173436359558121	40.09294569800939	2590.7909351243957	288.42059959199594	0.5978367762336919	-0.44069894271827686	0.030237639968014506	0.743329458585711	-1.140253893971645e-14	-6.458625905579162e-15	0.743329458585711	5.877133052623931	197.3960048295079	323.6039951704921	2.3313583170656202	NaN	0.4037973052206517	0.9959700349792165	-646.551355518678	-0.003098129766340167	-0.19095931338600627	0.019188329924885672	0	12.318921846471968	-1.8694439169067756	4.228687230153195	10.53002911150614	16.05895879996134	22.52291805396046	33.74343545786019	0.1779250785945092	1.0151945248508887	5.82240746676696	1.0220376335449703	-41.76376246275865	1.0930716104525455	7.5645557788671445	1.0930716104525455	-0.9544935215862981	1.0930716104525455	0.08357019794581293	1.3092023770325838	NaN	NaN	800000009	800000009	800000009	800000019	800000019	810011019	899999999	899999999	89999	89999	89	89	42	17	0	19	42	8	4	NaN	0	18000	0	0	0	0	0	0	0	NaN	NaN	NaN	NaN	0	0	0	0	0	0	301	0	0	18000	0	21	18000	18000	18000	18000	87	NaN	0.5766800673254	0.9806981006396489	0.4345619019933842	0.08903845609830442	5.391977645447697	0.9676776651093418	9.159509826011577e-7	NaN	0.005175044782840963	0.20001902369296712	-0.025238344179087376	0.00008357019794581293	NaN	15.742991312337352	679.2723848546426	85.67115555233426	85.7730619576772	85.56925340228611	0.20380746240541503	0.0002920053950349233	34.90310497824352	183
DATA	2026-07-31T190000_AIU-1657.ghg	2026-07-31	19:30:00	212.812	0	18000	18000	0.4642834930888238	1	NaN	-61.81154245182121	1	NaN	241.2624131799671	0	NaN	19.005626831879166	0	NaN	5.509558978198573	0	NaN	0.17077669148983723	0	NaN	NaN	NaN	NaN	NaN	NaN	NaN	NaN	NaN	NaN	1.5189088192229606e-10	7.003613815056773e-12	7.96919671366306e-13	NaN	15.797479948696477	413.24208455066963	421.26911011115186	0.1	0	728.4140259872456	19.054389148932128	19.42451134716893	0.4	0	0.08288399125611383	2.095643228453836	2.1363500741245556	0	0	NaN	NaN	NaN	NaN	9	307.00284559461807	302.7148438156107	97163.27955843353	1.1101600514739611	1016.272821688931	0.025902493441150403	0.35701942178726753	0.013255870487022476	1851.8835546409057	4126.585843050845	0.011940503956544498	44.8768940008717	2274.7022884099397	289.4496473112716	0.8862547506920607	-0.35203767109740286	0.1940287064057148	0.9731521689362905	1.1015731392081693e-13	9.614880500913646e-15	0.9731521689362905	6.3354430678466045	182.66394107068754	338.3360589293124	11.500803222906082	NaN	0.6466939885539841	1.6019746101655818	374.608848432694	0.005347177484943731	-0.2562004650335382	-0.08471783535533171	0	15.37782715551207	-2.333644598885822	5.278710436712478	13.144735362179997	20.04655081029026	28.115572546696438	42.12225100305835	0.4592406752287614	1.0109807735509282	-46.51790186587831	1.0209765229065069	218.49560805650282	1.1041979988795783	17.212154750474134	1.1041979988795783	4.9896476753164585	1.1041979988795783	0.1293299256728112	1.3819570065163373	NaN	NaN	800000009	800000009	800000009	800000019	800000019	800000019	899999999	899999999	89999	89999	89	89	29	13	0	9	12	10	8	NaN	0	18000	0	0	0	0	0	0	0	NaN	NaN	NaN	NaN	0	24	0	0	0	0	301	0	0	18000	0	16	18000	18000	18000	18000	87	NaN	1.0801399897263742	1.4836075995309395	0.6402016310738502	0.08176149828543483	5.799802804893565	0.19660501212146628	5.996479382671238e-7	NaN	-0.041231032589755634	0.4545002736279269	0.1317555103712863	0.0001293299256728112	NaN	15.798549526790431	728.4683678536483	85.70671447033352	85.76538160620795	85.64804408221775	0.11733412062769662	0.00029064827479629055	34.29461963452898	066
DATA	2026-07-31T193000_AIU-1657.ghg	2026-07-31	20:00:00	212.833	0	18000	18000	0.3047753417979914	0	NaN	-70.03077656318327	1	NaN	290.993319800031	1	NaN	18.30593945084139	1	NaN	6.636034333696635	1	NaN	0.07189854033742975	0	NaN	NaN	NaN	NaN	NaN	NaN	NaN	NaN	NaN	NaN	-3.5623976783361456e-10	-1.6111870265092788e-11	-1.853691229498757e-12	NaN	15.946631251919289	414.92406363461896	422.85945266985584	0.1	1	721.2278838453533	18.76602021105201	19.12491882424247	0.1	1	0.08297818817785649	2.0843512351442426	2.124214283317586	0.4	0	NaN	NaN	NaN	NaN	9	306.5903714548747	301.2936021772589	97174.91090929396	1.1156528672978712	1016.0716097394054	0.025777795781463924	0.4300150248235419	0.013118409846367408	1824.0754998630168	3800.7469209135893	0.01175850502508043	47.99255351168086	1976.6714210505725	289.21242036132963	0.6712265984166602	-0.36693807230497005	0.08979424003954535	0.7702283433327957	2.0862902943296356e-14	-2.2339499936122156e-14	0.7702283433327957	6.253404639745123	189.66401396909805	331.335986030902	6.69484180611029	NaN	0.5226673489196647	1.3483966476705753	174.5569442015381	0.011475338372601677	-0.2406611141840233	-0.11819801113472606	0	13.595578005200217	-2.06318141436477	4.666921976910411	11.621295594428274	17.723209041195346	24.857052680713956	37.24039446375434	0.30127432010674854	1.0116207106201496	-51.68457674580749	1.0211136193269135	263.5723606858059	1.1040357913207466	16.5809293455443	1.1040357913207466	6.0107057994542155	1.1040357913207466	0.05525267082223314	1.3904447722302928	NaN	NaN	800000009	800000009	800000009	800000019	800000019	800000019	899999999	899999999	89999	89999	89	89	21	16	2	8	8	6	5	NaN	0	18000	0	0	0	0	0	0	0	NaN	NaN	NaN	NaN	0	0	0	0	0	0	301	151	0	18000	0	16	18000	18000	18000	18000	87	NaN	0.8394375755302529	1.2883546047393415	0.5690011150715565	0.09145154898633012	6.25319847365493	0.3113925913221836	3.8086767150860296e-7	NaN	-0.04559398597968542	0.43559641435114704	0.15790682412294862	0.00005525267082223314	NaN	15.947702402326493	721.2446461988076	85.76269920603434	85.76931093406677	85.75608545727201	0.013224706955254042	0.00028940538114855175	32.12886479992337	121
DATA	2026-07-31T200000_AIU-1657.ghg	2026-07-31	20:30:00	212.854	0	18000	18000	0.11134977506794329	1	NaN	25.27464480311932	0	NaN	-20.65875101728611	2	NaN	-8.423921901042725	1	NaN	-0.4704995331534653	2	NaN	-0.005408981421503608	2	NaN	NaN	NaN	NaN	NaN	NaN	NaN	NaN	NaN	NaN	-7.0525799768588225e-12	-3.095630915753076e-13	-3.645582141523132e-14	NaN	16.067329555238064	415.98403889961094	423.7207713228603	0.1	1	705.2528616193207	18.25903506947559	18.59862807168054	0.1	1	0.08305438560178022	2.0731380522035496	2.111695575777732	0	1	NaN	NaN	NaN	NaN	9	306.4262888192071	299.9440028814195	97191.29044082582	1.121078061151085	1015.7507354743108	0.02565800318778989	-0.03048836974834455	0.01282359407243516	1775.0952034159359	3512.299400396823	0.011438627261395452	50.53940456258894	1737.204196980887	288.78674247990904	0.21835355611010895	-0.313287929036207	-0.08171262105088702	0.39051831504386103	8.167247030529031e-14	-4.389391499447792e-16	0.39051831504386103	2.6500686749791025	216.1245038640145	304.8754961359855	-12.077903374876264	NaN	0.31515684572676406	0.27203878540254656	-106.03373779833595	-0.01889115711274526	-1.2234352784430618	0.07042637203250957	0	16.412903984523226	-2.4907215010402286	5.63401881707374	14.029503467536102	21.39587799647135	30.008023110951633	44.957486797956044	0.10890683365693937	1.0224314795405702	23.540086578403727	1.0261404885142726	-18.850085901087528	1.0959499667900312	-7.686411019032068	1.0959499667900312	-0.42930749341735824	1.0959499667900312	-0.009517262618299428	1.3195323603900324	NaN	NaN	800000009	800000009	800000009	800000019	800000019	800011019	899999999	899999999	89999	89999	89	89	17	3	0	4	41	11	1	NaN	0	18000	0	0	0	0	0	0	0	NaN	NaN	NaN	NaN	0	6	0	0	0	0	301	0	0	18000	0	16	18000	18000	18000	18000	87	NaN	0.1863493750658711	0.22853296421762084	0.1291952315216012	0.09317791935375143	7.295928057982593	0.11686287168472254	2.1427663462113802e-7	NaN	0.020672121866947762	-0.20088694408874674	-0.011220096116831538	-0.000009517262618299427	NaN	16.068454337945294	705.2981476604926	85.84306784481473	85.78876456705729	85.89737224875556	-0.10860756527073372	0.00028749352658956524	33.004851901904225	058
DATA	2026-07-31T203000_AIU-1657.ghg	2026-07-31	21:00:00	212.874	0	18000	18000	0.09687455214921951	1	NaN	68.9988243356168	1	NaN	72.33488561543071	1	NaN	-2.527543633147029	2	NaN	1.6452441059250393	1	NaN	0.023767049897894806	2	NaN	NaN	NaN	NaN	NaN	NaN	NaN	NaN	NaN	NaN	3.5820194556600913e-10	1.601431510832735e-11	1.80367331513253e-12	NaN	16.537089651737563	426.022611893442	434.29435939207	0.1	1	739.3320107156763	19.046407856199075	19.416217045063846	0.2	0	0.08327008740184735	2.0665124887676383	2.106636343775886	0	1	NaN	NaN	NaN	NaN	9	305.1542917455039	298.5876019210207	97195.20037391766	1.1258784757098739	1016.1595473436038	0.025540945569546187	0.10661181806394254	0.013437884455560637	1851.7159980014176	3241.8028575250605	0.011935466167507965	57.11994465373202	1390.086859523643	289.4482273004221	0.22658277020703263	-0.4816637360737144	0.018000173877967856	0.5326008943503922	-1.0215885086389957e-14	2.166051905804191e-14	0.5326008943503922	2.155706343206302	225.80691301816933	295.1930869818307	1.9367793795014534	NaN	0.29333176515187004	0.28182775147844763	-31.321424301574876	-0.06395303038308132	0.953880326879203	0.2056028719789945	0	24.030317650522136	-3.6466934130255706	8.248830429457593	20.540754099451195	31.325946045370657	43.935084741880566	65.82276296399242	0.0951289884248672	1.0183494406201004	72.12973416903667	1.023666357982984	66.14080292079218	1.0936499470993168	-2.311108449143917	1.0936499470993168	1.5043607968790316	1.0936499470993168	-0.002745110403972987	1.3136897046618297	NaN	NaN	800000009	800000009	800000009	800000019	800000019	800000019	899999999	899999999	89999	89999	89	89	3	6	0	3	2	0	7	NaN	0	18000	0	0	0	0	0	0	0	NaN	NaN	NaN	NaN	0	0	0	0	0	0	301	0	0	18000	0	21	18000	18000	18000	18000	87	NaN	0.27999615018030066	0.24050983181950322	0.0431495209570914	0.3282727571582936	41.660242250481225	0.6637383149094077	0.0000012820226528213411	NaN	0.06304649002885761	-0.06017430692747864	0.03916902660045968	-0.0000027451104039729867	NaN	16.538472059349353	739.3882917058046	85.82383122126262	85.72871457587348	85.91894863976373	-0.19023372230264704	0.00028674684828405974	33.587545523067504	112
DATA	2026-07-31T210000_AIU-1657.ghg	2026-07-31	21:30:00	212.895	0	18000	18000	0.01580458169561949	2	NaN	1.7176864305773683	0	NaN	67.40267999187171	1	NaN	5.648141062090827	0	NaN	1.5313657320778458	1	NaN	0.012602762399158115	1	NaN	NaN	NaN	NaN	NaN	NaN	NaN	NaN	NaN	NaN	-2.93109481628318e-11	-1.3271272989945931e-12	-1.4352677737166593e-13	NaN	17.074104504480523	438.0963365819999	446.9622436613294	0.1	1	773.0732580843767	19.835919487748306	20.23734585068828	0.1	0	0.0836066845201086	2.06488527906019	2.106673076594526	0.2	0	NaN	NaN	NaN	NaN	9	304.3208955790203	297.4472963795286	97202.68118896967	1.1299417953904756	1016.5783439820464	0.02544144659231919	0.0992324994386444	0.014049644307628253	1928.6217516947038	3028.6400179076704	0.012433954000943118	63.67946471984769	1100.0182662129666	290.0884324860628	-0.03943421460703022	-0.8121647155927335	0.2580588689957955	0.85308907061478	-4.582618475516917e-14	-1.7166902167630594e-15	0.85308907061478	3.646680640040842	253.77978220440696	267.220217795593	17.607780459220677	NaN	0.1182669689144267	0.4633633774685441	-82.47543689456016	-0.024287231149328032	0.02548394857273493	0.012643971017279826	1	10.280398777297513	4	9	16	27	50	152	0.015583052445031905	1.0142160370292672	5.699018919212867	1.0216744660464665	61.63989714482897	1.0934911171818231	5.1652372601319145	1.0934911171818231	1.400437285695128	1.0934911171818231	0.005890908064973808	1.3078280530891895	NaN	NaN	800000009	800000009	800000009	800000019	800000019	800000019	899999999	899999999	89999	89999	89	89	12	4	0	0	4	0	4	NaN	0	18000	0	0	0	0	0	0	0	NaN	NaN	NaN	NaN	0	8	0	0	0	0	301	151	0	18000	0	16	18000	18000	18000	18000	87	NaN	0.8372459570955286	0.06213987110214287	0.02734092673941663	0.2851551432586	20.371135675881536	0.30607424197855326	2.6982685068525636e-7	NaN	0.004961387771734939	0.13407124772887485	0.036350387175513685	0.000005890908064973808	NaN	17.075456332561668	773.1084227749267	85.75566952768962	85.61761482959324	85.8937231648763	-0.2761082165439865	0.00028554115948564783	33.649132837843595	184
DATA	2026-07-31T213000_AIU-1657.ghg	2026-07-31	22:00:00	212.916	0	18000	18000	0.07774097380382308	1	NaN	31.5324190702685	1	NaN	30.955718112503593	1	NaN	-7.5338564708029425	1	NaN	0.7026244252153192	1	NaN	0.03405427667632949	1	NaN	NaN	NaN	NaN	NaN	NaN	NaN	NaN	NaN	NaN	1.1730638728525102e-9	5.270213047875956e-11	5.630915424588889e-12	NaN	17.47656897842716	446.9194162437576	456.0768495164746	0.1	1	785.1681736497517	20.078706653112462	20.490121797980663	0.2	0	0.08389064236563544	2.062778459553678	2.105045041432184	-0.1	0	NaN	NaN	NaN	NaN	9	303.4561584608289	296.4515497660365	97228.852937048	1.1339375000510485	1016.6933797628203	0.025349452454721713	0.04553006275395268	0.014273219539344906	1952.7532812701331	2852.609906106554	0.012587307094705256	68.45497090541168	899.8566248364207	290.2846987383761	-0.32985261536682076	-1.1586339029313282	0.507936778418138	1.307377160484399	-4.36827080409739e-14	6.712209211662336e-14	1.307377160484399	3.455044488520934	266.89117488003944	254.10882511996053	22.862184139302943	NaN	0.26183664600396644	0.4299744663764263	-48.76458763981615	-0.04107693916731645	1.0186298685001904	0.10445945290758628	0	20.54500553013757	-3.117783852336995	7.052435563068429	17.561561719815685	26.78248969068235	37.56282260252961	56.275953101051705	0.07679757838801506	1.0122841818141919	32.884984214404	1.0218133977286816	28.196081326218973	1.0978730609532783	-6.862229103482445	1.0978730609532783	0.6399869440327041	1.0978730609532783	0.01717447167730163	1.3053377306701734	NaN	NaN	800000009	800000009	800000009	800000019	800000019	800000019	899999999	899999999	89999	89999	89	89	13	0	0	13	0	0	5	NaN	0	18000	0	0	0	0	0	0	0	NaN	NaN	NaN	NaN	0	0	0	0	0	0	301	0	0	18000	0	16	18000	18000	18000	18000	87	NaN	0.6786079536875049	0.1304721467413003	0.05086883232404722	0.25049692788774286	15.31935160995004	0.22597595476725268	7.136762062643954e-7	NaN	0.028524531766111288	-0.17751905961548511	0.016555827378776814	0.000017174471677301633	NaN	17.477897800136326	785.2203671060829	85.68326611158584	85.50540873421565	85.86112340418498	-0.35571621347301446	0.00028395178557709893	33.58612990856171	047
DATA	2026-07-31T220000_AIU-1657.ghg	2026-07-31	22:30:00	212.937	0	18000	18000	0.05516027986690832	1	NaN	17.396380896838714	1	NaN	98.59013939056679	1	NaN	9.017933117971697	1	NaN	2.2352311418628275	1	NaN	0.021976830452861456	1	NaN	NaN	NaN	NaN	NaN	NaN	NaN	NaN	NaN	NaN	-3.4581226900687413e-10	-1.5075130251464762e-11	-1.657083143555687e-12	NaN	17.540938431774105	446.6775796362819	455.54809942393297	0.1	0	764.6690279420428	19.472191408258333	19.85888746615435	0.1	1	0.0840536788382809	2.055309589075584	2.0961257509131443	0.6	0	NaN	NaN	NaN	NaN	9	302.40467848290336	295.27887700937197	97256.47391603162	1.139027402428191	1016.3240093143511	0.025242006877356556	0.1448429779927112	0.01390099039643558	1894.3046666960452	2656.813850952635	0.012204263362585744	71.29986415935078	762.5091842565901	289.8055800132107	-0.6790921888746662	-2.184093507952143	0.6929855918139347	2.389907881683121	2.0612085445566704e-14	-1.971458199639199e-14	2.389907881683121	3.5273656192117833	268.2718452319691	252.72815476803083	16.85575925458864	NaN	0.22006255163722893	0.11883197796825856	-52.478414115073846	-0.03816997967216832	0.17645152957865903	0.06828831646594992	0	19.25241907574176	-2.921628871051974	6.60873246131217	16.456678259756682	25.097472700134983	35.1995623145886	52.735358547308294	0.054482108843776376	1.0124475912831596	22.754746190829522	1.026199008512812	88.39921329430527	1.115282995362562	8.085780161151028	1.115282995362562	2.004182930392646	1.115282995362562	0.007671809729319552	1.3076765401130035	NaN	NaN	800000009	800000009	800000009	800000019	800000019	800000019	899999999	899999999	89999	89999	89	89	11	3	0	14	3	0	3	NaN	0	18000	0	0	0	0	0	0	0	NaN	NaN	NaN	NaN	0	0	0	0	0	0	301	0	0	18000	0	21	18000	18000	18000	18000	87	NaN	0.11986572130891078	0.07552790946694493	0.04227032516066141	0.07182432981831831	32.9941952579863	0.34443501530114196	8.480167802214696e-8	NaN	0.01965647498458492	0.20815565238300188	0.051594527312918054	0.000007671809729319552	NaN	17.54212868134839	764.7079616860074	85.68291194322373	85.45764643499587	85.90817491679722	-0.4505232202170606	0.000283300036541833	34.41910341601901	155
DATA	2026-07-31T223000_AIU-1657.ghg	2026-07-31	23:00:00	212.958	0	18000	18000	0.06430649817470373	1	NaN	8.29062159223529	1	NaN	44.560556792412385	1	NaN	4.568706747404783	1	NaN	1.0095800238286317	1	NaN	0.006647047831172403	1	NaN	NaN	NaN	NaN	NaN	NaN	NaN	NaN	NaN	NaN	-1.8763347844953162e-10	-8.16230402114599e-12	-8.855881699683591e-13	NaN	17.852486975911283	453.6710508493505	462.80463435322787	0.1	0	776.6067518176463	19.735289636072	20.132612576398042	0.1	1	0.08425975684629058	2.0539969040226063	2.095349227924414	0	1	NaN	NaN	NaN	NaN	9	301.7944383426242	294.56802190854097	97240.5371456809	1.1414746081754983	1016.4582178718063	0.02518536616553838	0.06542078554409533	0.014120498506864835	1919.5849351939476	2543.932418801723	0.012370400888228826	75.457387193412	624.3474836077755	290.0143793290941	-0.8157563368904006	-2.231069744553821	0.7266620375532724	2.4841836331200065	-2.188445884009774e-14	-1.0510215114718145e-14	2.4841836331200065	3.5940781843641423	271.08416189921013	249.91583810078993	17.008611167684357	NaN	0.23735276904874641	0.14784278356502634	-138.15289627367918	-0.014499153141399827	0.18605291740086577	0.03010488717011516	0	19.353424856738943	-2.9369568880010943	6.643404477386107	16.543016482174693	25.229143936936946	35.38423309639305	53.01202902987373	0.0635070143320706	1.0125889061396074	10.690593632887559	1.0266974605278898	39.89350093590524	1.116987873889671	4.090202637111216	1.116987873889671	0.9038415254348158	1.116987873889671	0.0007670291351174188	1.308154526900679	NaN	NaN	800000009	800000009	800000009	800000019	800000019	800000019	899999999	899999999	89999	89999	89	89	8	2	0	40	7	2	8	NaN	0	18000	0	0	0	0	0	0	0	NaN	NaN	NaN	NaN	0	0	0	0	0	0	301	151	0	18000	0	16	18000	18000	18000	18000	87	NaN	0.12565473599800936	0.1214963271611454	0.048534503970897945	0.09933721430727599	28.737426446305914	0.23483433890955738	6.305249966650992e-8	NaN	0.00921395390046983	0.10508774449334014	0.02322199551327072	7.670291351174188e-7	NaN	17.853823130313184	776.6534129554514	85.57867832014296	85.32098811721804	85.83636796442667	-0.5153801587008752	0.00028223197010488035	32.66216618100533	014
DATA	2026-07-31T230000_AIU-1657.ghg	2026-07-31	23:30:00	212.979	0	18000	18000	0.06877061686110288	1	NaN	24.252724113084582	1	NaN	92.00800472878649	1	NaN	5.643635755851506	1	NaN	2.0841316361378954	1	NaN	0.028020626807983097	0	NaN	NaN	NaN	NaN	NaN	NaN	NaN	NaN	NaN	NaN	-1.7292274550633673e-10	-7.534519102146033e-12	-8.210587583478272e-13	NaN	17.7721324509218	451.2187792171273	460.2677912775412	0.1	0	774.3600822740394	19.660319996098355	20.054599846473735	0.1	1	0.08438430098145913	2.0549546269251664	2.0961659196708107	-0.1	0	NaN	NaN	NaN	NaN	9	301.7490025719536	294.35238252951535	97247.87656523674	1.1424296867314312	1016.4112232604197	0.025165029765032515	0.13505173002173562	0.01407822584387072	1912.4372256870918	2510.5291779695895	0.012323056733714158	76.17665799183384	598.0919522824977	289.95558961635464	-0.5433480740700284	-2.179709066481998	0.5082544785098146	2.303189388440583	4.8547646535379714e-14	-9.729994190841608e-15	2.303189388440583	3.4360796254516264	264.9971679968147	256.0028320031853	12.748635149717176	NaN	0.24535037152979552	0.1897545675558777	-52.1650394595107	-0.03839928083548676	0.2635936317125313	0.08512847914734975	0	17.415276966355915	-2.642835468213053	5.978101024993617	14.88631681620657	22.70257241486768	31.840680612207503	47.703141688758116	0.06793306675246316	1.012329048998945	29.10135800507388	1.0257509241696285	82.61310489923667	1.1137216648739785	5.067366411059358	1.1137216648739785	1.871321804962573	1.1137216648739785	0.011061428954678173	1.3072663740515624	NaN	NaN	800000009	800000009	800000009	800000019	800000019	800010019	899999999	899999999	89999	89999	89	89	29	11	0	24	2	2	8	NaN	0	18000	0	0	0	0	0	0	0	NaN	NaN	NaN	NaN	0	0	0	0	0	0	301	0	0	18000	0	16	18000	18000	18000	18000	87	NaN	0.17982050525792237	0.13217304375864372	0.0675155860951893	0.09824784769377055	19.24338218500225	0.15081454549236387	9.243547120805606e-8	NaN	0.02506191910161602	0.13007849744034666	0.04803653591846757	0.000011061428954678174	NaN	17.77351381566788	774.4055058265103	85.52805310694376	85.24777270041571	85.80833632787069	-0.560558437046078	0.0002822208314804205	34.25112444601909	177
