DATAH	filename	date	time	DOY	daytime	file_records	used_records	Tau	qc_Tau	rand_err_Tau	H	qc_H	rand_err_H	LE	qc_LE	rand_err_LE	co2_flux	qc_co2_flux	rand_err_co2_flux	h2o_flux	qc_h2o_flux	rand_err_h2o_flux	ch4_flux	qc_ch4_flux	rand_err_ch4_flux	none_flux	qc_none_flux	rand_err_none_flux	H_strg	LE_strg	co2_strg	h2o_strg	ch4_strg	none_strg	co2_v-adv	h2o_v-adv	ch4_v-adv	none_v-adv	co2_molar_density	co2_mole_fraction	co2_mixing_ratio	co2_time_lag	co2_def_timelag	h2o_molar_density	h2o_mole_fraction	h2o_mixing_ratio	h2o_time_lag	h2o_def_timelag	ch4_molar_density	ch4_mole_fraction	ch4_mixing_ratio	ch4_time_lag	ch4_def_timelag	none_molar_density	none_mole_fraction	none_mixing_ratio	none_time_lag	none_def_timelag	sonic_temperature	air_temperature	air_pressure	air_density	air_heat_capacity	air_molar_volume	ET	water_vapor_density	e	es	specific_humidity	RH	VPD	Tdew	u_unrot	v_unrot	w_unrot	u_rot	v_rot	w_rot	wind_speed	max_wind_speed	wind_dir	yaw	pitch	roll	u*	TKE	L	(z-d)/L	bowen_ratio	T*	model	x_peak	x_offset	x_10%	x_30%	x_50%	x_70%	x_90%	un_Tau	Tau_scf	un_H	H_scf	un_LE	LE_scf	un_co2_flux	co2_scf	un_h2o_flux	h2o_scf	un_ch4_flux	ch4_scf	un_none_flux	un_none_scf	spikes_hf	amplitude_resolution_hf	drop_out_hf	absolute_limits_hf	skewness_kurtosis_hf	skewness_kurtosis_sf	discontinuities_hf	discontinuities_sf	timelag_hf	timelag_sf	attack_angle_hf	non_steady_wind_hf	u_spikes	v_spikes	w_spikes	ts_spikes	co2_spikes	h2o_spikes	ch4_spikes	none_spikes	head_detect_LI-7200	t_out_LI-7200	t_in_LI-7200	aux_in_LI-7200	delta_p_LI-7200	chopper_LI-7200	detector_LI-7200	pll_LI-7200	sync_LI-7200	chopper_LI-7500	detector_LI-7500	pll_LI-7500	sync_LI-7500	not_ready_LI-7700	no_signal_LI-7700	re_unlocked_LI-7700	bad_temp_LI-7700	laser_temp_unregulated_LI-7700	block_temp_unregulated_LI-7700	motor_spinning_LI-7700	pump_on_LI-7700	top_heater_on_LI-7700	bottom_heater_on_LI-7700	calibrating_LI-7700	motor_failure_LI-7700	bad_aux_tc1_LI-7700	bad_aux_tc2_LI-7700	bad_aux_tc3_LI-7700	box_connected_LI-7700	mean_value_RSSI_LI-7200	mean_value_LI-7500	u_var	v_var	w_var	ts_var	co2_var	h2o_var	ch4_var	none_var	w/ts_cov	w/co2_cov	w/h2o_cov	w/ch4_cov	w/none_cov	co2_mean	h2o_mean	avg_signal_strength_7200_mean	co2_signal_strength_7200_mean	h2o_signal_strength_7200_mean	delta_signal_strength_7200_mean	flowrate_mean	rssi_77_mean	CHK
DATAU		[yyyy-mm-dd]	[HH:MM]	[ddd.ddd]	[1=daytime]	[#]	[#]	[kg+1m-1s-2]	[#]	[kg+1m-1s-2]	[W+1m-2]	[#]	[W+1m-2]	[W+1m-2]	[#]	[W+1m-2]	[µmol+1s-1m-2]	[#]	[µmol+1s-1m-2]	[mmol+1s-1m-2]	[#]	[mmol+1s-1m-2]	[µmol+1s-1m-2]	[#]	[µmol+1s-1m-2]	[µmol+1s-1m-2]	[#]	[µmol+1s-1m-2]	[W+1m-2]	[W+1m-2]	[µmol+1s-1m-2]	[mmol+1s-1m-2]	[µmol+1s-1m-2]	[µmol+1s-1m-2]	[µmol+1s-1m-2]	[mmol+1s-1m-2]	[µmol+1s-1m-2]	[µmol+1s-1m-2]	[mmol+1m-3]	[µmol+1mol_a-1]	[µmol+1mol_d-1]	[s]	[1=default]	[mmol+1m-3]	[mmol+1mol_a-1]	[mmol+1mol_d-1]	[s]	[1=default]	[mmol+1m-3]	[µmol+1mol_a-1]	[µmol+1mol_d-1]	[s]	[1=default]	[mmol+1m-3]	[µmol+1mol_a-1]	[µmol+1mol_d-1]	[s]	[1=default]	[K]	[K]	[Pa]	[kg+1m-3]	[J+1kg-1K-1]	[m+3mol-1]	[mm]	[kg+1m-3]	[Pa]	[Pa]	[kg+1kg-1]	[%]	[Pa]	[K]	[m+1s-1]	[m+1s-1]	[m+1s-1]	[m+1s-1]	[m+1s-1]	[m+1s-1]	[m+1s-1]	[m+1s-1]	[deg_from_north]	[deg]	[deg]	[deg]	[m+1s-1]	[m+2s-2]	[m]	[#]	[#]	[K]	[0=KJ/1=KM/2=HS]	[m]	[m]	[m]	[m]	[m]	[m]	[m]	[kg+1m-1s-2]	[#]	[W+1m-2]	[#]	[W+1m-2]	[#]	[µmol+1s-1m-2]	[#]	[mmol+1s-1m-2]	[#]	[µmol+1s-1m-2]	[#]	[µmol+1s-1m-2]	[#]	8u/v/w/ts/co2/h2o/ch4/none	8u/v/w/ts/co2/h2o/ch4/none	8u/v/w/ts/co2/h2o/ch4/none	8u/v/w/ts/co2/h2o/ch4/none	8u/v/w/ts/co2/h2o/ch4/none	8u/v/w/ts/co2/h2o/ch4/none	8u/v/w/ts/co2/h2o/ch4/none	8u/v/w/ts/co2/h2o/ch4/none	8co2/h2o/ch4/none	8co2/h2o/ch4/none	8aa	8U	[#]	[#]	[#]	[#]	[#]	[#]	[#]	[#]	[#_flagged_recs]	[#_flagged_recs]	[#_flagged_recs]	[#_flagged_recs]	[#_flagged_recs]	[#_flagged_recs]	[#_flagged_recs]	[#_flagged_recs]	[#_flagged_recs]	[#_flagged_recs]	[#_flagged_recs]	[#_flagged_recs]	[#_flagged_recs]	[#_flagged_recs]	[#_flagged_recs]	[#_flagged_recs]	[#_flagged_recs]	[#_flagged_recs]	[#_flagged_recs]	[#_flagged_recs]	[#_flagged_recs]	[#_flagged_recs]	[#_flagged_recs]	[#_flagged_recs]	[#_flagged_recs]	[#_flagged_recs]	[#_flagged_recs]	[#_flagged_recs]	[#_flagged_recs]	[#]	[#]	[m+2s-2]	[m+2s-2]	[m+2s-2]	[K+2]	--	--	--	--	[m+1s-1K+1]	--	--	--	--	--	--	--	--	--	--	--	--	241
DATA	2026-08-24T233000_AIU-1657.ghg	2026-08-25	00:00:00	237	0	18000	18000	0.790717336618941	1	NaN	80.7709226606106	1	NaN	588.2125034935458	1	NaN	14.695451240225816	1	NaN	13.289776949455966	1	NaN	0.029733012098067658	1	NaN	NaN	NaN	NaN	NaN	NaN	NaN	NaN	NaN	NaN	1.1391720525134982e-9	3.844895677779133e-11	5.898287561220621e-12	NaN	16.661362094062515	417.44618224093335	423.41184551383765	0.1	0	562.3487598736976	14.08950490193444	14.290855987422061	0.1	1	0.08626748222585738	2.0703766428550585	2.0999640972978226	-0.2	0	NaN	NaN	NaN	NaN	9	300.08531730397544	291.69244358995223	97597.74254383681	1.1594505055292792	1013.21486760882	0.02484822817410552	0.8611775463247465	0.010217745945668896	1375.4727290461144	2128.951662209755	0.008812576213423257	64.60798304919881	753.4789331636405	284.86540606856	-1.047238082964601	-1.7868611729559702	0.974938054635986	2.28912312124222	-3.10943669464866e-14	6.837208423190421e-14	2.28912312124222	6.751437361971055	281.3735829708505	239.62641702914942	25.207658092839317	NaN	0.8258183394949332	1.5906234441028808	-598.1978307418447	-0.0033485577798165705	0.1373158886982022	0.08325623214101842	0	22.098651472036686	-3.353555618024592	7.585751939011645	18.889594903324877	28.807824089392778	40.40338289427978	60.5316300359495	0.7811013159728347	1.012310849373144	112.60582905805033	1.0256792784734294	528.2681183411139	1.113473410700368	13.197846575413477	1.113473410700368	11.935423712629811	1.113473410700368	-0.0286998022826514	1.3072010082947025	NaN	NaN	800000009	800000009	800000009	800000009	800000019	800000019	899999999	899999999	89999	89999	89	89	6	0	0	1	11	0	7	NaN	0	18000	0	0	0	0	0	0	0	NaN	NaN	NaN	NaN	0	0	0	0	0	0	0	0	0	0	0	0	18000	18000	18000	18000	100	NaN	1.6571971643232404	1.1023423628781146	0.4217073610044068	0.3538455805471227	15.828726284838236	0.6612124733119417	9.166433399154713e-8	NaN	0.09585330774477886	0.33263096586920754	0.30081358310273565	-0.0000286998022826514	NaN	16.662677734638223	562.3651338869021	98.51413881365457	98.90505855708652	98.12322022162542	0.7818378182616499	0.00027858873716064006	55.96366762246024	138
DATA	2026-08-25T000000_AIU-1657.ghg	2026-08-25	00:30:00	237.02	0	18000	18000	1.6252636944605838	1	NaN	-206.83048852500866	1	NaN	437.8380475714401	1	NaN	93.80071954087474	1	NaN	9.880813285431119	1	NaN	0.028857116082971087	0	NaN	NaN	NaN	NaN	NaN	NaN	NaN	NaN	NaN	NaN	3.5171742048822523e-9	1.2195842069363577e-10	1.7906640830577176e-11	NaN	17.053832451845164	425.3993947067283	431.76831105722493	0.1	1	591.3436046795242	14.750773012733973	14.97161592081576	0.1	1	0.0868244888399709	2.0730054464931253	2.1040416878397794	1.1	0	NaN	NaN	NaN	NaN	9	299.0575071868896	290.4884515753852	97615.76346267361	1.1641783422252217	1013.5599570873526	0.024741096117342244	0.6402767008959365	0.010743619966678813	1440.2942093727156	1973.640507790612	0.009228500116351035	72.97652250687995	533.3462984178964	285.56450482281883	0.142144260950521	-0.41606577642286974	0.49235501240262763	0.6600978559805332	-9.95533745111414e-14	2.0623951917046696e-13	0.6600978559805332	4.303016136751771	232.1378362315994	288.8621637684006	48.23489949082617	NaN	1.1815501488264044	1.6404540561476204	684.3593108993585	0.0029269712095647583	-0.472390395654825	-0.14835201120794803	0	19.577067061757944	-2.9708954554298765	6.72017360931773	16.73418247533228	25.52068413835167	35.79312237419072	53.62461967739646	1.6060577111268237	1.0119584640082984	-178.48218135785638	1.0206020322077445	397.88852164900715	1.1004038160157683	85.24208856390463	1.1004038160157683	8.979261196318433	1.1004038160157683	0.049840178619225205	1.3803415578973888	NaN	NaN	800000009	800000009	800000009	800000009	800000019	800000019	899999999	899999999	89999	89999	89	89	11	3	0	17	6	1	3	NaN	0	18000	0	0	0	0	0	0	0	NaN	NaN	NaN	NaN	0	0	0	0	0	0	0	0	0	0	0	0	18000	18000	18000	18000	100	NaN	1.0528831942938148	1.059355139064923	1.168669778936503	0.1118157828718171	7.0674162000036045	0.14196575848803594	2.6982789441696776e-7	NaN	-0.1512606300493877	2.140566181932054	0.2254837156079833	0.0000498401786192252	NaN	17.055210830251465	591.3863685515067	98.50707269499037	98.87777889209323	98.13636661020914	0.7414147051191924	0.00027751788632789	56.31316015119903	166
DATA	2026-08-25T003000_AIU-1657.ghg	2026-08-25	01:00:00	237.041	0	18000	18000	0.9133690379892705	1	NaN	-112.70544432549198	2	NaN	472.63254896429663	1	NaN	87.7594782692347	1	NaN	10.66862492640764	1	NaN	0.06650989709169648	1	NaN	NaN	NaN	NaN	NaN	NaN	NaN	NaN	NaN	NaN	1.008152741479248e-9	3.4769192135907563e-11	5.198985390335315e-12	NaN	16.87961889188077	421.2786047308623	427.4896293595096	0.1	1	582.1446376980152	14.529065039432734	14.743270982430447	0.1	1	0.08704721854403896	2.080501806591524	2.1111752085055393	0.4	0	NaN	NaN	NaN	NaN	9	299.3733949737549	290.74077105204265	97611.53116037327	1.1632156345948366	1013.4407681989782	0.024763660008111678	0.691326895231215	0.010572498427562643	1418.5847031141568	2005.3398197534457	0.00908902710136387	70.74036475715972	586.7551166392889	285.3335080701662	-0.2058975665573571	-0.3570717763549898	0.5268620557003827	0.6689377303758275	-1.485053619308554e-14	5.9726036940572e-14	0.6689377303758275	4.764546598340614	280.96895092959517	240.03104907040478	51.96272125169543	NaN	0.8861209967371215	1.0329105445353524	529.722646565103	0.0037814128072280154	-0.23846314557147844	-0.10789299936943425	0	16.754111876121364	-2.542501114978717	5.751144444787807	14.321162841333738	21.840676944113465	30.63185995946857	45.89210807499189	0.9026133365435454	1.0119161782905988	-83.78858023367899	1.0206197814836868	429.43410132383883	1.1005938920716536	79.7382930265446	1.1005938920716536	9.693516385345399	1.1005938920716536	0.0533709987031651	1.3807981192588639	NaN	NaN	800000009	800000009	800000009	800000009	800000019	800000019	899999999	899999999	89999	89999	89	89	10	1	0	3	6	2	2	NaN	0	18000	0	0	0	0	0	0	0	NaN	NaN	NaN	NaN	0	0	0	0	0	0	0	0	0	0	0	0	18000	18000	18000	18000	100	NaN	0.731592733990565	0.36407789655826345	0.9701504585218764	0.20028993144384394	11.639418109317894	0.25939275869118306	0.0000034703826748872076	NaN	-0.07107653207349315	2.003732141827694	0.24358698451425417	0.0000533709987031651	NaN	16.88102228202397	582.1794998810689	98.52951209894816	98.88878869628907	98.17023714150324	0.7185546436640956	0.00027769290260039266	56.19620679855346	004
DATA	2026-08-25T010000_AIU-1657.ghg	2026-08-25	01:30:00	237.062	0	18000	18000	0.11166110232489253	1	NaN	28.378961140905705	0	NaN	53.47248407085719	0	NaN	4.272608369882454	1	NaN	1.206688506411623	0	NaN	0.03280408089160815	0	NaN	NaN	NaN	NaN	NaN	NaN	NaN	NaN	NaN	NaN	1.7584221739932166e-11	6.115694507957132e-13	9.033546896581857e-14	NaN	16.944126915555053	422.4076042092503	428.7057641067502	0	0	589.3073088601099	14.691101507866946	14.910148005716245	0.1	1	0.08704710812745467	2.077929959247626	2.10891220248552	0.8	0	NaN	NaN	NaN	NaN	9	299.10327088080504	290.4541011572943	97628.57263020833	1.16449522703838	1013.5257724585829	0.024734924745530327	0.07819341521547317	0.010702828346203412	1434.6559986638747	1969.35916000925	0.009190959393988708	72.84887529896457	534.7031613453753	285.50480835353756	-0.5920220725252991	-0.5078613116853863	0.5321103988962146	0.9442217551389558	-3.8993402841341415e-15	1.0377767959108885e-15	0.9442217551389558	3.2344897911935964	300.37562596299585	220.62437403700406	34.30123726522886	NaN	0.30965785353440534	0.5091422331020375	-89.78999707082507	-0.022308721075243863	0.530720830236731	0.07765007594812925	0	17.893688555608506	-2.715436272605858	6.1423242422071525	15.295255847145748	23.32623023955237	32.71536957891176	49.0135851500794	0.11016198116646794	1.0136083351311487	30.998944220513604	1.0215277786721784	48.874246228798484	1.0940830436654236	3.9051956746978345	1.0940830436654236	1.1029222264234586	1.0940830436654236	0.01580414564427708	1.306991438641854	NaN	NaN	800000009	800000009	800000009	800000009	800000019	800000019	899999999	899999999	89999	89999	89	89	9	4	1	25	12	0	6	NaN	0	18000	0	0	0	0	0	0	0	NaN	NaN	NaN	NaN	0	0	0	0	0	0	0	0	0	0	0	0	18000	18000	18000	18000	100	NaN	0.5733422232054223	0.34444108186531186	0.10050116113334097	0.13202150795433298	2.964429728312356	0.1763370754312202	4.775773330815779e-7	NaN	0.026264817845844463	0.09803535481020297	0.027687568255808082	0.00001580414564427708	NaN	16.945514410215907	589.348637675236	98.51715354071723	98.87230458916557	98.1620043657091	0.7102999482535668	0.0002770093481295691	56.036520320079944	237
DATA	2026-08-25T013000_AIU-1657.ghg	2026-08-25	02:00:00	237.083	0	18000	18000	0.3820195333156976	0	NaN	-0.32622550525419247	2	NaN	-203.2009349477331	1	NaN	2.6895804062595556	2	NaN	-4.582584659381915	1	NaN	0.014778312890506637	2	NaN	NaN	NaN	NaN	NaN	NaN	NaN	NaN	NaN	NaN	-2.34170160624681e-9	-8.201195498368399e-11	-1.1892334781997631e-11	NaN	17.156587785026534	426.88348709478817	433.36246137028724	0.2	0	600.8644745110703	14.9504741481592	15.177383223681556	0.1	1	0.08712975432565094	2.0738742049299663	2.1053501884958963	0	1	NaN	NaN	NaN	NaN	9	298.59111228858103	289.78486592949764	97611.96415060764	1.1668708831234618	1013.6579209906047	0.02468213191182718	-0.29695148592794807	0.010915084228875861	1459.7366004718351	1887.5561983941889	0.009354149106590555	77.33473587243044	427.81959792235375	285.76879289867907	-0.7850945232963368	0.6376781880323572	0.7758013973790492	1.2747057268945006	1.9379444168815848e-13	-1.3648993818517557e-13	1.2747057268945006	4.191605724780333	20.08457730233414	140.91542269766586	37.489220130011944	NaN	0.5721783003551276	1.2085926344498545	49273.72810644612	0.00004065249529470755	0.0016054330918216667	-0.0004820280459577576	0	18.531729837973092	-2.812261498783705	6.361343167456555	15.84064393884518	24.15798149131486	33.881912535904135	50.76127907161245	0.37798505701107915	1.0106736396843863	-11.887933285038477	1.021566783222241	-183.51360783726744	1.1072799305865293	2.4289977014528543	1.1072799305865293	-4.138596332143857	1.1072799305865293	0.021565895636539593	1.377626319432897	NaN	NaN	800000009	800000009	800000009	800000009	800000019	800110019	899999999	899999999	89999	89999	89	89	29	1	1	31	7	0	5	NaN	0	18000	0	0	0	0	0	0	0	NaN	NaN	NaN	NaN	0	0	0	0	0	0	0	0	0	0	0	0	18000	18000	18000	18000	100	NaN	1.0628342161181359	1.0399894948658737	0.31436155791569986	0.17384816082780355	7.3939914806211355	0.33695358632124645	1.1347993373762223e-7	NaN	-0.01005060344105226	0.06086301671815521	-0.10370016307644349	0.000021565895636539594	NaN	17.157999513758455	600.8813395008237	98.49410350693597	98.82775601069133	98.16045087856716	0.6673171815441689	0.00027656047465118014	56.23089224847156	078
DATA	2026-08-25T020000_AIU-1657.ghg	2026-08-25	02:30:00	237.104	0	18000	18000	0.16263545685316136	1	NaN	-48.20701140602646	2	NaN	121.20895779900144	1	NaN	27.828686150447353	1	NaN	2.7324298974455714	1	NaN	0.03449854177883639	1	NaN	NaN	NaN	NaN	NaN	NaN	NaN	NaN	NaN	NaN	3.5061363771720105e-10	1.1894402717949675e-11	1.7814177505960646e-12	NaN	17.239019793959578	428.09099554455634	434.39968910897596	0.1	1	584.8256366383818	14.52278563403167	14.736805095362119	0.1	1	0.08758899415260789	2.080588664280684	2.111249893909808	1	0	NaN	NaN	NaN	NaN	9	298.27963643391934	289.37720853847924	97611.10702690973	1.1686944876115006	1013.4094745961373	0.024647626536247105	0.177061457354473	0.010617679605958429	1417.96543507126	1839.200807104283	0.00908507716816405	77.096825403408	421.23537203302317	285.32687332773617	0.1056506350757302	-0.3697533702421362	0.2130226322665876	0.43961148000836664	-2.9751734582145815e-14	2.0338374333792076e-14	0.43961148000836664	3.240663121157337	235.05362777305527	285.94637222694473	28.98431833381425	NaN	0.37304147460939124	0.3900606001945824	92.39783216388554	0.02167908005078639	-0.39771822381285754	-0.10911064752722753	0	21.00637862449897	-3.187798999395128	7.210810016350726	17.955936501589512	27.383936116440978	38.40635976642354	57.539725485161426	0.16035772126336628	1.0142040905286638	-40.47330221815963	1.0225367944397972	109.52095135006319	1.1067193656086838	25.145205745217872	1.1067193656086838	2.4689455903238526	1.1067193656086838	0.03087543171431928	1.4109402263087374	NaN	NaN	800000009	800000009	800000009	800000009	800000019	800000019	899999999	899999999	89999	89999	89	89	12	0	0	3	0	0	2	NaN	0	18000	0	0	0	0	0	0	0	NaN	NaN	NaN	NaN	0	0	0	0	0	0	0	0	0	0	0	0	18000	18000	18000	18000	100	NaN	0.4050258784593596	0.27741820504045295	0.09767711688935223	0.24354544299156491	16.737271722663557	0.24887285566813555	2.4520690227382224e-7	NaN	-0.0341729667521716	0.6289055508381941	0.06175068131098719	0.00003087543171431928	NaN	17.240417494032872	584.8595178030723	98.53473250367907	98.85128126949733	98.2181839972602	0.6330988017701425	0.00027609191184941055	55.95724858289287	031
DATA	2026-08-25T023000_AIU-1657.ghg	2026-08-25	03:00:00	237.124	0	18000	18000	0.3451419458020968	1	NaN	98.96826567748987	1	NaN	101.58505850170722	1	NaN	-3.143574164686638	1	NaN	2.2898347831239936	1	NaN	0.03997311256349191	2	NaN	NaN	NaN	NaN	NaN	NaN	NaN	NaN	NaN	NaN	2.367210840968271e-10	8.081276029368845e-12	1.2071189678668597e-12	NaN	17.121592905612427	425.1917856038341	431.454503833655	0.1	1	584.5035682421156	14.515361814916838	14.729160914825664	0.1	1	0.08730865539634644	2.073031352771252	2.103565365147699	0.3	0	NaN	NaN	NaN	NaN	9	298.2707298016018	289.2815415462918	97606.25264973959	1.169026140533907	1013.4034022529856	0.024640703552532985	0.1483812939464348	0.01061523360438144	1417.170111548177	1828.011711703122	0.009080407388951411	77.52522057026799	410.8416001549451	285.3183486128895	-0.5173168876746502	-0.8633569443331172	0.5259352631782679	1.1356099139477716	9.287277271270215e-14	1.3825879718190844e-14	1.1356099139477716	3.7396972309270864	281.9297192717099	239.07028072829013	27.589279720735792	NaN	0.5433588691193728	0.8203618183061369	-139.07470772322364	-0.014403050222377053	0.9742403768545019	0.15374557281942672	0	23.756764650521923	-3.60518068990131	8.154928536719934	20.306925109427443	30.969342081861676	43.43494261262562	65.07345891654002	0.34079966927991456	1.0127414340845962	103.16370484024073	1.0215407793345264	92.69985904886103	1.0958491150257619	-2.8686195221435544	1.0958491150257619	2.089552979262262	1.0958491150257619	0.0007467206292820404	1.3058504921753922	NaN	NaN	800000009	800000009	800000009	800000009	800000019	800000019	899999999	899999999	89999	89999	89	89	0	3	0	12	4	0	5	NaN	0	18000	0	0	0	0	0	0	0	NaN	NaN	NaN	NaN	0	0	0	0	0	0	0	0	0	0	0	0	18000	18000	18000	18000	100	NaN	1.140883102909461	0.34748373146424577	0.15235680223856682	0.15052327566294582	6.41831184556926	0.2510331421159458	9.274785697271215e-8	NaN	0.08708038685620008	-0.07172621447752939	0.05224663779765815	7.467206292820404e-7	NaN	17.122915976404755	584.5335522010637	98.52758045789929	98.8345571746826	98.22060530598958	0.6139558442450234	0.00027615329506968734	55.7194567607244	150
DATA	2026-08-25T030000_AIU-1657.ghg	2026-08-25	03:30:00	237.145	0	18000	18000	0.1213964934389139	1	NaN	52.40569162871536	0	NaN	61.73697959520928	0	NaN	-4.1351239765226975	0	NaN	1.3915233787772885	0	NaN	0.04250863193133987	0	NaN	NaN	NaN	NaN	NaN	NaN	NaN	NaN	NaN	NaN	2.98691741405733e-10	1.0140434330766807e-11	1.5120894228243907e-12	NaN	17.24912038155258	427.8938624254822	434.201411381782	0.1	1	585.5989578735235	14.526781329952389	14.740919443307764	0.1	1	0.08732150530583654	2.0726961367718943	2.1032495835545046	0.2	0	NaN	NaN	NaN	NaN	9	297.85735984802244	289.21173432922365	97602.58113042534	1.169259248037529	1013.4084333328245	0.02463568413216499	0.09017071494476829	0.010625749325513497	1418.231676936964	1819.8848728361772	0.009087590577836036	77.92974699145327	401.6531958992132	285.3297261144737	-0.11229308470127704	-1.6197315580677636	0.2892089440475265	1.6491761186694092	-4.616868371851603e-14	1.731634627149886e-14	1.6491761186694092	4.039854288218225	254.96586793460892	266.0341320653911	10.09994097459238	NaN	0.32221641721356264	0.3435951546804271	-54.76927306849965	-0.036573426809859845	0.8488541547112225	0.13725730424734142	0	15.129740349277023	-2.2959964689146295	5.19355026420955	12.932674491562185	19.723144602361145	27.661990741670134	41.44270280570239	0.11996607879238977	1.0119234925482525	54.991640048026895	1.0228254336872515	55.98551395570919	1.1027313180343425	-3.7498925702896533	1.1027313180343425	1.2618879649285084	1.1027313180343425	0.016940475726547197	1.3052625810664302	NaN	NaN	800000009	800000009	800000009	800000009	800001019	800001119	899999999	899999999	89999	89999	89	89	11	3	0	14	7	0	14	NaN	0	18000	0	0	0	0	0	0	0	NaN	NaN	NaN	NaN	0	0	0	0	0	0	0	0	17997	0	0	0	18000	18000	18000	18000	100	NaN	0.3251462019083834	0.19651544419788777	0.1655286632545831	0.10678167505153147	1.8303364600918377	0.08298394006168791	1.6694800109965332e-7	NaN	0.046408907451186865	-0.09374332292997238	0.03154585598930944	0.000016940475726547196	NaN	17.2504829615487	585.6394772243743	98.52242846552531	98.82113936593797	98.22371942520141	0.5974174482160151	0.00027563202564326474	54.830842585563644	244
DATA	2026-08-25T033000_AIU-1657.ghg	2026-08-25	04:00:00	237.166	0	18000	18000	0.04835050145974709	0	NaN	52.35606631563101	0	NaN	39.71170494117308	0	NaN	7.844224960822218	1	NaN	0.8945166230220352	0	NaN	0.02467089987488726	1	NaN	NaN	NaN	NaN	NaN	NaN	NaN	NaN	NaN	NaN	-7.937245722509703e-10	-2.647215360046731e-11	-3.988099393926022e-12	NaN	17.399042695042585	430.67003245136067	436.946163923305	0.1	0	580.2896203881421	14.363626437617476	14.572946801570508	0.1	1	0.08742215379600463	2.0687728900257327	2.098921007296609	1	0	NaN	NaN	NaN	NaN	9	297.334320678711	288.55312695142965	97605.54846289063	1.1720363522400488	1013.30393223032	0.02457883527375794	0.05796467717182788	0.010530708634392195	1402.3456998736146	1744.7575219454993	0.00898496758591611	80.37481897827975	342.41182207188467	285.15867684557094	-0.34166345825205807	-1.8444039005382298	0.5517480636295405	1.9552456604591362	3.1868925144245216e-14	-4.5618864564147655e-14	1.9552456604591362	3.7627595461918193	261.4946961054112	259.5053038945888	16.39087157593667	NaN	0.20310936588449088	0.22875706135933616	-13.73051616888464	-0.14588672234619393	1.3184038910741467	0.21704823009460006	0	12.614078935841382	-1.9142351439419227	4.330005107663967	10.782324952186181	16.44372587590942	23.062559348853217	34.55191645312838	0.04777785014212097	1.0119857070990574	53.60686209218998	1.0240766247447777	35.85140659369936	1.107674948188843	7.081702961368128	1.107674948188843	0.8075623850522732	1.107674948188843	0.003984639925881968	1.3059244690325507	NaN	NaN	800000009	800000009	800000009	800000009	800000019	800001019	899999999	899999999	89999	89999	89	89	14	8	0	35	7	0	4	NaN	0	18000	0	0	0	0	0	0	0	NaN	NaN	NaN	NaN	0	0	0	0	0	0	0	0	17901	0	0	0	18000	18000	18000	18000	100	NaN	0.23000670458422995	0.12387930130613575	0.10362811682830664	0.1895370662187939	4.797775511074929	0.10105069599916919	7.656102085706448e-8	NaN	0.04513771563863141	0.17659726814466395	0.020138279144804584	0.000003984639925881969	NaN	17.400419380619923	580.3238144917032	98.51697425206503	98.7920082728068	98.24193786154854	0.550068533910644	0.00027521580084188227	54.879318230205094	098
DATA	2026-08-25T040000_AIU-1657.ghg	2026-08-25	04:30:00	237.187	0	18000	18000	0.1153129523133496	0	NaN	-15.059794551585211	2	NaN	69.23081447383717	0	NaN	19.504077329415647	1	NaN	1.558895581731086	0	NaN	0.016207119931302853	1	NaN	NaN	NaN	NaN	NaN	NaN	NaN	NaN	NaN	NaN	-2.3704347287405418e-11	-7.627382182407543e-13	-1.199125512991448e-13	NaN	17.38118103142995	429.60739085090086	435.62933000587594	0.1	0	559.2767811783087	13.823539280272744	14.01730808924815	0.1	1	0.08792571829971685	2.0767779978350376	2.1058888348636633	0	0	NaN	NaN	NaN	NaN	9	297.0348468172097	288.1885315568713	97607.09340711805	1.1737786753854507	1012.9936680109369	0.02454739064270813	0.10101643369617437	0.010147725504688499	1349.6374186134165	1704.350096448697	0.008645348324594621	79.18780427950895	354.7126778352806	284.57866546975623	-0.1359362054880822	-1.8777689836133256	0.3456297485007557	1.9141460056200974	-4.018481761938992e-15	-1.3637938207157182e-15	1.9141460056200974	4.144506023277387	255.14055605231306	265.85944394768694	10.402731283527615	NaN	0.31343387943885975	0.3768093490533857	175.40576706078284	0.011419806962822788	-0.21753022358672983	-0.040409191682709934	0	14.736330949571228	-2.236295074726097	5.058505548000511	12.59639405377139	19.210295716709496	26.942712887515302	40.3650935105927	0.11399097182687189	1.011597238494339	-10.899115298722396	1.0251615051487397	61.6557598253803	1.1228604540745377	17.36999220040296	1.1228604540745377	1.388325304426122	1.1228604540745377	0.012247487091447186	1.39320304405973	NaN	NaN	800000009	800000009	800000009	800000009	800000019	800000019	899999999	899999999	89999	89999	89	89	16	8	0	47	16	0	15	NaN	0	18000	0	0	0	0	0	0	0	NaN	NaN	NaN	NaN	0	0	0	0	0	0	0	0	18000	0	0	0	18000	18000	18000	18000	100	NaN	0.36342867838001125	0.22289807620236063	0.16729194352439955	0.14572785170220903	9.837972196966081	0.1112143353131853	2.840414149967232e-7	NaN	-0.009166389364061191	0.43236642143679427	0.03455760006909761	0.000012247487091447187	NaN	17.38254303108011	559.3187763564464	98.56608329306707	98.82499926122031	98.30716668701172	0.5178416576228186	0.0002747602242258533	54.99596668222215	211
DATA	2026-08-25T043000_AIU-1657.ghg	2026-08-25	05:00:00	237.208	0	18000	18000	0.12871383816691165	0	NaN	39.236030626461464	1	NaN	11.852311186677811	2	NaN	1.8806129007233592	1	NaN	0.2667661128764659	2	NaN	0.03231311081580864	1	NaN	NaN	NaN	NaN	NaN	NaN	NaN	NaN	NaN	NaN	-8.913334043194569e-10	-2.8865695118051003e-11	-4.5015950627220165e-12	NaN	17.49586631034301	431.73866598335326	437.86074305187367	0.1	0	566.6009377558755	13.981790251050606	14.180052774695222	0.1	1	0.08836121816933157	2.082912443012966	2.1124482513799596	0	1	NaN	NaN	NaN	NaN	9	296.65820246039505	287.73356942749024	97615.01263563368	1.1756593042958712	1013.0738073828774	0.024506649455136083	0.017286444114394988	0.010280959259734079	1365.1987339306843	1655.0813040804296	0.008744845740740833	82.48529728206886	289.88257014974533	284.7519496614175	-0.23898293011704816	-1.727377491474946	0.45321765534097697	1.8017636032662112	5.797421529663485e-14	-5.09453712384924e-14	1.8017636032662112	4.301767213166484	258.87687702586277	262.12312297413723	14.56872715693436	NaN	0.33088103672091035	0.5365239943820698	-79.21164969954336	-0.025287947007768825	3.310411784544047	0.09956131286377992	0	15.742103367060036	-2.3889249193748445	5.403754672175554	13.456113188911466	20.52142164281609	28.781585641344957	43.1200599823176	0.127197651589487	1.0119199258671687	39.17968815962063	1.0234174748811706	10.724680846260748	1.1051434869327807	1.701691158623048	1.1051434869327807	0.2413859521688442	1.1051434869327807	0.01488817926764989	1.3055225812113815	NaN	NaN	800000009	800000009	800000009	800000009	800000019	800100019	899999999	899999999	89999	89999	89	89	12	2	1	29	2	0	5	NaN	0	18000	0	0	0	0	0	0	0	NaN	NaN	NaN	NaN	0	0	0	0	0	0	0	0	18000	0	0	0	18000	18000	18000	18000	100	NaN	0.6720616437408813	0.24291853998052496	0.1580678050427333	0.24176778715788108	2.4116217045263153	0.1242331819285891	1.7425841254233292e-7	NaN	0.03289564473811452	0.04229425675527959	0.005999466699002957	0.000014888179267649889	NaN	17.49728660000695	566.6264744234118	98.5199444096883	98.75757852723862	98.28230635833741	0.4752715282175289	0.00027489457133924585	54.64349114990234	236
DATA	2026-08-25T050000_AIU-1657.ghg	2026-08-25	05:30:00	237.229	0	18000	18000	0.07872962121918409	1	NaN	95.39201194492145	0	NaN	63.470572091029425	1	NaN	2.725671559586172	1	NaN	1.4267742917977817	1	NaN	0.02829525596625495	1	NaN	NaN	NaN	NaN	NaN	NaN	NaN	NaN	NaN	NaN	3.638587324704361e-11	1.1366897671693295e-12	1.8146196495592737e-13	NaN	17.735307462523075	435.9270861490897	441.9456358645834	0.2	0	554.0486103872693	13.618303309454696	13.806321989901164	0.1	1	0.0884487152306685	2.07236734268428	2.100979113498735	-1	0	NaN	NaN	NaN	NaN	9	295.7192266159057	286.4278298712836	97626.45407161459	1.1813204206872525	1012.8455090505934	0.02439257883731993	0.09245497410849625	0.010060511907236114	1329.863288662046	1520.5562171969823	0.008516327772767398	87.45900175355156	190.6929285349363	284.3559135847813	-0.6811535627098853	-2.5615730337268876	0.7413437889935823	2.752311246314358	-2.8673500819925636e-15	2.0516065663891936e-15	2.752311246314358	3.920837823598121	265.89105261380564	255.10894738619442	15.625780980526672	NaN	0.25815778449291055	0.15986503696349946	-15.473929875027855	-0.1294499856324568	1.5029329152431512	0.308827428529523	0	15.53390808799825	-2.3573304825546915	5.332287970063234	13.278150995732474	20.250018069478447	28.400938270741417	42.54978085812098	0.07771538830055388	1.0130506060744082	96.69898091816066	1.0281701015084663	56.57256608484475	1.1219319978492646	2.42944453390336	1.1219319978492646	1.271711917061727	1.1219319978492646	-0.005554809922762137	1.309668935351166	NaN	NaN	800000009	800000009	800000009	800000009	800000019	800010019	899999999	899999999	89999	89999	89	89	17	11	0	47	21	0	8	NaN	0	18000	0	0	0	0	0	0	0	NaN	NaN	NaN	NaN	0	0	0	0	0	0	0	0	18000	0	0	0	18000	18000	18000	18000	100	NaN	0.10922013440140432	0.1110323646754776	0.09947757485011696	0.18910478567057817	2.207035688809515	0.06575061336190613	1.6259912797886012e-7	NaN	0.08081853599298242	0.06007880822280825	0.03144872637082009	-0.0000055548099227621365	NaN	17.73673450136803	554.0816181343293	98.43713077884249	98.61813916397095	98.25612116071912	0.36201873018095637	0.0002730390907042117	54.236515726481485	165
DATA	2026-08-25T053000_AIU-1657.ghg	2026-08-25	06:00:00	237.249	1	18000	18000	0.08322355548592779	1	NaN	37.35348743271247	0	NaN	46.84925644016489	0	NaN	5.655164712708449	2	NaN	1.0533729670936156	0	NaN	0.06426835972887641	0	NaN	NaN	NaN	NaN	NaN	NaN	NaN	NaN	NaN	NaN	-2.297154497772538e-10	-7.195354470908151e-12	-1.1577044634823632e-12	NaN	17.593897874118728	432.389705768847	438.32626533349367	0.1	1	551.0919350526716	13.54370028483213	13.729650556991501	0.1	1	0.08866854240178748	2.079623451840844	2.1081759551247434	-1	0	NaN	NaN	NaN	NaN	9	295.9469051310222	286.6595028008355	97631.91926367188	1.1804652488026646	1012.8078514753428	0.024410941874958614	0.06825856826766628	0.009997872452626703	1322.6521450341288	1543.6985041082112	0.008469433947985725	85.68072985198752	221.04635907408237	284.27395533606085	-0.42650807987989	-2.0621473096127194	0.5016979191897992	2.1647312698959613	-1.9731309504659412e-14	-1.3056541047403355e-14	2.1647312698959613	3.7423529274893705	262.6855566969148	258.3144433030853	13.400707036709916	NaN	0.2655195660504031	0.2849330951496518	-42.99608536738963	-0.04658796220363007	0.7973122792337107	0.11766691288640063	0	14.590051787078822	-2.214096647469254	5.008292645103795	12.47135682578598	19.019606054656716	26.67526792513315	39.96441222209131	0.0822233229213101	1.012164827801656	39.22085107274576	1.0250588655694322	42.157924131271464	1.111279964693839	5.088874894155465	1.111279964693839	0.9478916209776382	1.111279964693839	0.03896116960920776	1.3066714365269363	NaN	NaN	800000009	800000009	800000009	800000009	800000019	800000019	899999999	899999999	89999	89999	89	89	8	2	0	20	1	0	9	NaN	0	18000	0	0	0	0	0	0	0	NaN	NaN	NaN	NaN	0	0	0	0	0	0	0	0	18000	0	0	0	18000	18000	18000	18000	100	NaN	0.29052568998412803	0.15625481668079966	0.12308568363437596	0.2077363429187736	8.795293156431802	0.0653214316984553	3.8673625717365786e-7	NaN	0.0328047511311629	0.12593024828860877	0.02345670303616608	0.00003896116960920776	NaN	17.595396811845973	551.1259928055352	98.40321576266818	98.56765320883856	98.23877836524116	0.32887471820827724	0.00027353614432084017	53.72948443232641	231
DATA	2026-08-25T060000_AIU-1657.ghg	2026-08-25	06:30:00	237.27	1	18000	18000	0.0486841259835503	1	NaN	73.35772171761967	0	NaN	35.90368922460245	1	NaN	7.1242771849275055	0	NaN	0.8067978182858105	1	NaN	0.0009295080352083505	0	NaN	NaN	NaN	NaN	NaN	NaN	NaN	NaN	NaN	NaN	-2.7808086654122495e-10	-8.418791110773894e-12	-1.3985278863991412e-12	NaN	17.64422407149296	432.8783646797822	438.6266661531177	0.1	0	534.172086764432	13.10522573501916	13.279253347733718	0.1	1	0.08873655963740942	2.0750836156428245	2.102639176692677	0	0	NaN	NaN	NaN	NaN	9	295.3581317164103	286.0506696314483	97651.5956722404	1.1834133637854123	1012.550743668115	0.024354187465591242	0.05228049862492052	0.009696737865919913	1280.089483041706	1483.5328129415157	0.008193872202780209	86.28656352423869	203.44332989980967	283.7820377298998	-0.606054479714619	-2.6586285623312147	0.6726442238814678	2.8085686953938986	-1.1980522355217293e-14	-1.5760447465100417e-14	2.8085686953938986	3.9810474055744427	263.84157134620455	257.15842865379545	13.856864199982091	NaN	0.2028268538604085	0.14259576874457672	-9.759455901595057	-0.20524709780927633	2.0431806118506732	0.3018332739677605	0	14.236310237243641	-2.1604150025381315	4.8868646181055535	12.168983869439923	18.558468217641817	26.02851555195363	38.9954593133556	0.048051890488905326	1.0131573490285664	73.60801231533186	1.0284879790995254	31.971802204939344	1.1229798368718693	6.344082904259996	1.1229798368718693	0.7184437260540638	1.1229798368718693	-0.02016069009689379	1.3100121898193309	NaN	NaN	800000009	800000009	800000009	800000019	800000019	800010019	899999999	899999999	89999	89999	89	89	15	13	0	56	13	0	7	NaN	0	18000	0	0	0	0	0	0	0	NaN	NaN	NaN	NaN	0	40	0	0	0	0	0	0	18000	0	0	0	18000	18000	18000	18000	100	NaN	0.12294909106898495	0.08587401580737554	0.07636843061279293	0.1484087376804658	8.504930991434085	0.07491397284880265	3.4742662857901935e-8	NaN	0.061428770660878325	0.15655725283817074	0.017729524939580445	-0.00002016069009689379	NaN	17.645595652633247	534.2055808656037	98.4969725833469	98.6670015212165	98.32694343736435	0.34005833024614324	0.00027252333320373304	53.647007982346764	242
DATA	2026-08-25T063000_AIU-1657.ghg	2026-08-25	07:00:00	237.291	1	18000	18000	0.36707670979075835	1	NaN	111.69764942402745	1	NaN	87.92294446536505	1	NaN	7.8085590373938745	1	NaN	1.97662515408278	1	NaN	0.027663093256444095	0	NaN	NaN	NaN	NaN	NaN	NaN	NaN	NaN	NaN	NaN	-1.4981303920526342e-10	-4.670255224468136e-12	-7.539572756948376e-13	NaN	17.61872702846427	432.61441212979275	438.5285280834763	0.1	0	549.2442606442518	13.48627415308715	13.67064015405291	0.1	1	0.08866896701422249	2.0782373116079373	2.1066481460496553	0	0	NaN	NaN	NaN	NaN	9	295.86704074577045	286.52191990809956	97683.0798934742	1.1816767579643082	1012.7731770089507	0.02438644691295284	0.12808530998456413	0.009965480632336975	1317.7341690140954	1529.918031588944	0.008433338952612265	86.13103067002365	212.1838625748485	284.2178341364338	-0.464906831480553	-2.211920005272833	0.5429596914563328	2.324550214176949	-1.4288964187281617e-14	-8.503056944081721e-15	2.324550214176949	5.8792781718443665	262.8697924621749	258.130207537825	13.507711666836297	NaN	0.5573513640775772	0.744061875057926	-133.03646963013034	-0.01505677357170589	1.2704038758395748	0.167457298710172	0	19.618515667185566	-2.9771854412132615	6.734401574286079	16.769612119843675	25.574716581707793	35.8689036442671	53.73815382912629	0.3625960199758428	1.0123572504056004	114.25907820634542	1.0258603277171081	78.91743321274166	1.1141130785177311	7.008767052427705	1.1141130785177311	1.77416924026471	1.1141130785177311	-0.011681171835913341	1.3073639019946977	NaN	NaN	800000009	800000009	800000009	800000019	800000019	800001019	899999999	899999999	89999	89999	89	89	15	6	0	54	7	0	8	NaN	0	18000	0	0	0	0	0	0	0	NaN	NaN	NaN	NaN	0	29	0	0	0	0	0	0	18000	0	0	0	18000	18000	18000	18000	100	NaN	0.6656982682792932	0.5637535306414839	0.2586719511950749	0.15411609712895039	6.848837091935362	0.13265982862067846	5.6764069948886135e-8	NaN	0.09547283784193993	0.1732561321083669	0.04385731441415661	-0.000011681171835913341	NaN	17.62007591544258	549.2680800822764	98.37404927656388	98.52371350606285	98.2243860244751	0.299329384955267	0.0002730800604654683	53.57481160185071	064
DATA	2026-08-25T070000_AIU-1657.ghg	2026-08-25	07:30:00	237.312	1	18000	18000	0.434169620567242	1	NaN	127.26463967539875	0	NaN	202.746159819699	1	NaN	11.410596767264437	1	NaN	4.558744374661171	1	NaN	0.0431254364268667	1	NaN	NaN	NaN	NaN	NaN	NaN	NaN	NaN	NaN	NaN	8.365387811778751e-10	2.636551086004205e-11	4.1994300186465215e-12	NaN	17.653571056471492	433.6266807539115	439.63507528202786	0.1	1	556.39431175272	13.66677698375619	13.856145838789326	0.1	1	0.08862103933361135	2.0788321291028504	2.1076367302580605	-0.3	0	NaN	NaN	NaN	NaN	9	295.8473078079224	286.69100372653537	97714.53163389757	1.1812790355166463	1012.8776689608134	0.024392983982287772	0.2954066354780439	0.010096154109138819	1335.8009302833148	1546.8689784640792	0.008546798686495903	86.35514376981438	211.06804818076444	284.42310464617725	-0.37811422624736785	-1.8972213591332547	0.5277348073479731	2.0052239975944923	7.062570649706567e-15	4.7386377436151346e-14	2.0052239975944923	4.834052032825446	262.2713050007824	258.7286949992177	15.258834792589266	NaN	0.6062523956529919	0.7815819158307826	-150.3124752819995	-0.013326239197658126	0.6277043165136863	0.1754465334597177	0	18.985618117223005	-2.881140796272068	6.517148325919348	16.22862081323714	24.74967070463244	34.71176507061493	52.004549387539896	0.4290129262114364	1.0120199043915619	136.16387661062421	1.024303023925637	182.8965647222327	1.1085290755876807	10.293457355834507	1.1085290755876807	4.112426525433604	1.1085290755876807	-0.009619503925955558	1.3060832697078033	NaN	NaN	800000009	800000009	800000009	800000009	800000019	800011019	899999999	899999999	89999	89999	89	89	15	14	3	43	19	0	10	NaN	0	18000	0	0	0	0	0	0	0	NaN	NaN	NaN	NaN	0	0	0	0	0	0	0	0	18000	0	0	0	18000	18000	18000	18000	100	NaN	0.5435025311971172	0.6874597544669773	0.33220154599747065	0.1232254249241958	0.8881520598045517	0.08378893588437053	1.2254321352470485e-7	NaN	0.11380266033788775	0.2545682004650865	0.10170470269944085	-0.000009619503925955559	NaN	17.65494098845598	556.428242158065	98.38798861524796	98.55429377746583	98.2216830715603	0.33261094247219136	0.00027287731192094115	53.86065525374593	063
DATA	2026-08-25T073000_AIU-1657.ghg	2026-08-25	08:00:00	237.333	1	18000	18000	0.29903331674008043	1	NaN	106.79397604700598	0	NaN	153.6417971566395	1	NaN	0.5782707204909318	2	NaN	3.4563636217605676	1	NaN	0.07512348516105781	1	NaN	NaN	NaN	NaN	NaN	NaN	NaN	NaN	NaN	NaN	-8.682442282013692e-11	-2.8042681850467353e-12	-4.3915326505434844e-13	NaN	17.496673468608936	430.45838230959527	436.52742713119846	0.1	1	565.1101747467277	13.903009168262718	14.099028084991955	0.1	1	0.08849723420847601	2.0810085775669855	2.1103487759472115	0.2	0	NaN	NaN	NaN	NaN	9	296.3424500944349	287.2122681003146	97737.81288259549	1.1793101584609273	1013.0200007465593	0.024431514544472007	0.22397236269008478	0.010254469858945505	1359.2142056423947	1600.169851102793	0.008695312073227811	84.9418706836441	240.95564546039827	284.6855152621781	-0.8174366782690736	-1.3393341704744062	0.7241777568877232	1.7281354596069827	-3.682925420052711e-15	-4.962338868351748e-15	1.7281354596069827	4.203868151833181	282.3969957034676	238.60300429653245	24.77471920793706	NaN	0.503553674203607	0.5954383012297827	-102.66651618170916	-0.019510742883830978	0.6950841374116988	0.177523122137891	0	19.543900561485497	-2.965862311056356	6.708788623040611	16.705832249740443	25.47744825553237	35.73248343377997	53.53377149479946	0.2955131322978377	1.0119121083211113	113.52155543861434	1.0231230850886743	139.17262843571478	1.1039656208520068	0.5238122542662517	1.1039656208520068	3.1308616468446293	1.1039656208520068	0.023773032664686326	1.305379052992645	NaN	NaN	800000009	800000009	800000009	800000009	800000019	800000019	899999999	899999999	89999	89999	89	89	4	7	0	38	7	0	6	NaN	0	18000	0	0	0	0	0	0	0	NaN	NaN	NaN	NaN	0	0	0	0	0	0	0	0	18000	0	0	0	18000	18000	18000	18000	100	NaN	0.3414617536877827	0.63624783856001	0.21316701021177265	0.1827918776741262	4.187447480645357	0.08774087436688881	3.7931563746014026e-7	NaN	0.09502377367000181	0.01297800847888806	0.07757044373826691	0.000023773032664686325	NaN	17.49813733249238	565.1467411743406	98.42028081300525	98.61252221086289	98.22804104148015	0.3844837379852843	0.00027335310088852165	54.29860157263712	012
DATA	2026-08-25T080000_AIU-1657.ghg	2026-08-25	08:30:00	237.354	1	18000	18000	0.0571888140327227	0	NaN	80.97430696715763	1	NaN	97.71643819581251	0	NaN	7.0706892234741305	1	NaN	2.2010697681128386	0	NaN	0.011053036002569221	0	NaN	NaN	NaN	NaN	NaN	NaN	NaN	NaN	NaN	NaN	9.441470206546148e-11	3.0930838217715397e-12	4.985610651066851e-13	NaN	17.097148323538217	422.7936500980347	428.73200880002287	0.1	1	560.1131150241689	13.850980519530342	14.045524810061078	0.1	1	0.09028225786869695	2.1357275269042875	2.1657249408709522	-0.1	0	NaN	NaN	NaN	NaN	9	296.9293623402913	288.544265552869	97758.42552681078	1.1741369338878804	1013.0162251257458	0.024539644648313465	0.14262932097371192	0.010171079362211117	1354.4132571832824	1743.765548152165	0.008662600646188652	77.67175229597397	389.35229096888247	284.6320334208668	-0.8752164944984406	0.23679798662321788	0.47873875357090584	1.0253136070887916	-1.263758251784039e-14	5.522248522315127e-15	1.0253136070887916	2.925674095382926	356.1394405541166	164.86055944588338	27.834509377600195	NaN	0.2206968682340116	0.36909633729375935	-11.401235207928806	-0.175691489866552	0.8286661739030482	0.3084721201552411	0	13.036689797203252	-1.9783679725967247	4.475073740701589	11.143566360195734	16.99464181608726	23.83522678824387	35.709513075777544	0.056444670667883015	1.0131835894520171	85.20529582811321	1.0214876378015907	89.25865356842941	1.0947559064500005	6.458690180902953	1.0947559064500005	2.010557563695013	1.0947559064500005	-0.018139195932631795	1.3064183533885902	NaN	NaN	800000009	800000009	800000009	800000019	800000019	800000019	899999999	899999999	89999	89999	89	89	4	0	0	13	0	0	3	NaN	0	18000	0	0	0	0	0	0	0	NaN	NaN	NaN	NaN	0	7	0	0	0	0	0	0	18000	0	0	0	18000	18000	18000	18000	100	NaN	0.248980003489086	0.37653688989705947	0.11267578120137327	0.2051730971132204	5.179881419290382	0.14412860725863058	8.876407528475382e-7	NaN	0.07163601813906777	0.16072069833289546	0.05003153992910236	-0.000018139195932631797	NaN	17.098789501206102	560.1560053269831	98.5686530019972	98.84120743687947	98.29609946611193	0.5451083264394462	0.0002750232771035776	55.53287656061735	030
DATA	2026-08-25T083000_AIU-1657.ghg	2026-08-25	09:00:00	237.374	1	18000	18000	0.1756032988809303	1	NaN	-2.0110421990823353	2	NaN	174.56812387123568	1	NaN	1.8507081902268698	1	NaN	3.939616480062079	1	NaN	0.17641590579432273	1	NaN	NaN	NaN	NaN	NaN	NaN	NaN	NaN	NaN	NaN	-2.9875328050529693e-11	-1.0098001744169347e-12	-1.5785207464913576e-13	NaN	16.79214617340654	418.8482205018388	424.8631212934002	0.1	0	567.5824582096913	14.157267341185918	14.36057382398491	0.1	1	0.08872455247355089	2.117891551396627	2.1483056893716523	0	0	NaN	NaN	NaN	NaN	9	297.2914467764961	290.511880938431	97753.92580946494	1.1659951456017594	1013.2277793089199	0.024708120498708956	0.2552871479080227	0.010325105945334282	1384.2996854947153	1976.5653615665235	0.008855187763243722	70.03561391957162	592.2656760718082	284.9622885681553	-0.316273895583391	-0.7754382262991754	0.30845674626912567	0.8924568248114244	1.3061277525930988e-14	-1.779125058942304e-15	0.8924568248114244	2.4038246421717036	273.18881440277573	247.8111855972242	20.220045537449625	NaN	0.388077053289246	0.3609932590406332	2496.1414346362894	0.0008024785664005733	-0.011520099743786632	-0.0043863106802876995	0	20.153025308641745	-3.0582993414556308	6.917881437490733	17.226502922063204	26.271503883169988	36.846157741955615	55.20225854647588	0.17319003144676148	1.0139342167329686	8.03927980541762	1.0215963270061583	159.608907950537	1.093724191918753	1.692115986737129	1.093724191918753	3.6020200606065886	1.093724191918753	0.13063379765630434	1.3074369118284115	NaN	NaN	800000009	800000009	800000009	800000019	800000019	801000019	899999999	899999999	89999	89999	89	89	7	1	0	21	0	1	2	NaN	0	18000	0	0	0	0	0	0	0	NaN	NaN	NaN	NaN	0	2	0	0	0	0	0	0	18000	0	0	0	18000	18000	18000	18000	100	NaN	0.4540948250127854	0.1506338587732479	0.11725783429523308	0.19191287390780193	1.1930765459072432	0.19096483465548697	0.0000018031147004066096	NaN	0.0068047678570874745	0.04240957037564237	0.09027757225397699	0.00013063379765630435	NaN	16.793556352941014	567.6081989228354	98.52418337779577	98.91190240711634	98.13646304194128	0.7754361275202737	0.0002769688352095223	54.56366751562218	156
DATA	2026-08-25T090000_AIU-1657.ghg	2026-08-25	09:30:00	237.395	1	18000	18000	0.01916983396256179	0	NaN	102.98869616398457	1	NaN	81.47319990468361	0	NaN	-3.737339779562493	2	NaN	1.8430196203156082	0	NaN	0.014036442887848022	2	NaN	NaN	NaN	NaN	NaN	NaN	NaN	NaN	NaN	NaN	8.907286552659048e-11	2.9026355563833864e-12	4.6978236044154e-13	NaN	16.437558040225813	413.3113773528677	418.9541288162115	-0.1	0	535.6540417286986	13.468661782348144	13.652543270122294	0.1	1	0.08669390807604437	2.0918045885272196	2.120363041184728	0	1	NaN	NaN	NaN	NaN	9	298.57638781568744	292.96058164381674	97753.17505498088	1.156543020862754	1012.8968184582177	0.02491657457076721	0.1194276713964514	0.009740716517315303	1316.9576181733134	2304.013643251961	0.008422269073958837	57.159280372772265	987.0560250786477	284.20895571805494	-0.006312234756613832	-0.07252674986110472	0.011473304002679858	0.07369946036286995	4.533068795752383e-14	5.4188624191386785e-15	0.07369946036286995	2.495351690781536	255.97410077968436	265.02589922031564	8.956056712057743	NaN	0.12874437982536907	0.20352147684174116	-1.7795130345053507	-1.1256450282516752	1.2640806582345137	0.6828640999496466	1	0.044567650847727125	1	NaN	NaN	NaN	NaN	NaN	0.017819546039102723	1.0757756634482176	101.89872613310231	1.0620783862697936	71.44646110725955	1.1403391944405943	-3.277393075483901	1.1403391944405943	1.6162029940746896	1.1403391944405943	-0.018571758167481724	1.4026915371156428	NaN	NaN	800000009	800000009	800000009	800000019	800001019	800001119	899999999	899999999	89999	89999	89	89	4	2	0	24	0	0	1	NaN	0	18000	0	0	0	0	0	0	0	NaN	NaN	NaN	NaN	0	25	0	0	0	0	0	0	18000	0	0	0	18000	18000	18000	18000	100	NaN	0.1951888924358263	0.12898041771724253	0.08287364353041352	0.3970038596980042	1.870808731488806	0.25441855419184667	3.7738585636136746e-7	NaN	0.08698447679868815	-0.08277659802271305	0.04082018314018465	-0.000018571758167481723	NaN	16.43897079279559	535.7124844643304	98.3883746089935	98.85823096889919	97.91851844490901	0.9397095507780823	0.0002792234521701984	55.30029705947591	051
DATA	2026-08-25T093000_AIU-1657.ghg	2026-08-25	10:00:00	237.416	1	18000	18000	0.07296003403484827	0	NaN	25.080623882959973	0	NaN	94.05164992157923	0	NaN	1.8635507353124534	0	NaN	2.129587379766689	0	NaN	0.0421476382413797	0	NaN	NaN	NaN	NaN	NaN	NaN	NaN	NaN	NaN	NaN	-3.574387771783773e-10	-1.1330115125494647e-11	-1.8959592898448106e-12	NaN	16.200512178158416	409.08841872666517	414.46288682704613	0.1	1	513.5247762413638	12.967308464035515	13.137668666127485	0.1	1	0.08593223098761632	2.0822028177672363	2.1095581084827395	-1.2	0	NaN	NaN	NaN	NaN	9	299.59345894877123	293.9465089797549	97772.34567141984	1.1531095860150127	1012.6408465308136	0.024995526688811543	0.13799726220888145	0.009348508852593956	1268.18425134979	2448.6970131862704	0.008107216318356272	51.79016613817874	1180.5127618364804	283.6418659589956	-0.2536204064098891	0.27741917051151177	-0.046413991032823725	0.3787333696394448	-4.0102391747877643e-14	-2.2063424492237806e-14	0.3787333696394448	2.997381456055919	28.566017721485764	132.4339822785142	-7.039326295594922	NaN	0.25154009621161977	0.3931562524035336	-54.503326995171285	-0.03675188489277846	0.2666686220164381	0.0853896215609047	0	14.000414595741066	-2.1246169288489063	4.805889277949757	11.967343823074103	18.250954424211493	25.597223084230855	38.349304604929365	0.07132643440726849	1.022903144411398	29.974751874057446	1.0264375142753521	85.79293782013201	1.096263309210391	1.6999116176338318	1.096263309210391	1.9425874804663248	1.096263309210391	0.021554409271957127	1.3202101478947894	NaN	NaN	800000009	800000009	800000009	800000019	800000019	800010119	899999999	899999999	89999	89999	89	89	14	1	0	67	4	5	2	NaN	0	18000	0	0	0	0	0	0	0	NaN	NaN	NaN	NaN	0	12	0	0	0	0	0	0	18000	0	0	0	18000	18000	18000	18000	100	NaN	0.31862391738547424	0.34522167461158004	0.12246691281001293	0.09015952681164845	1.0315932659988782	0.08350914958624081	1.3541094439649994e-7	NaN	0.025670218945720642	0.043048559900009865	0.0491940831784333	0.00002155440927195713	NaN	16.20177345423176	513.5590641944299	98.2677527347141	98.79079893281724	97.74470692655777	1.0460884302987	0.00028056786473219596	55.200941541014764	106
DATA	2026-08-25T100000_AIU-1657.ghg	2026-08-25	10:30:00	237.437	1	18000	18000	0.01486162772183126	1	NaN	43.35672303687856	1	NaN	73.87095223376592	1	NaN	-2.5880239763167303	2	NaN	1.6732534819393328	1	NaN	0.007154428882720684	1	NaN	NaN	NaN	NaN	NaN	NaN	NaN	NaN	NaN	NaN	4.6325144477602596e-10	1.5069513539240236e-11	2.4623615706966402e-12	NaN	16.093991908186815	407.0809725175662	412.5440018333473	0.1	1	523.5356126694919	13.242294861889695	13.420006545615221	0.3	0	0.08554582536268603	2.0766083679783924	2.1044764658693413	0.8	0	NaN	NaN	NaN	NaN	9	300.1399036331177	294.32502612182583	97784.01267279105	1.1516436981623883	1012.8030547751933	0.025024727460972323	0.10842682562966875	0.009535614638440758	1295.232067712821	2506.31911713254	0.008280004183287061	51.67865731298757	1211.0870494197193	283.9586764839024	-0.728309787182028	0.754661721561853	0.046876752811805866	1.0498318389389285	5.910566546159012e-14	2.8784123132333355e-14	1.0498318389389285	4.05883197816413	27.018020727374847	133.98197927262518	2.5592035673755302	NaN	0.11359889877773452	0.44862041032505556	-2.9044691808019367	-0.6896613030842818	0.5869251948949494	0.32721951060592874	1	10.438150030761427	5	8	14	21	33	75	0.014669848245835584	1.0130730374835417	46.91172875558404	1.0214895903269847	67.46318501155476	1.0949816884737011	-2.3635317408131145	1.0949816884737011	1.5281109260116366	1.0949816884737011	-0.009416839891360936	1.3062732413627027	NaN	NaN	800000009	800000009	800000009	800000019	800010019	800010119	899999999	899999999	89999	89999	89	89	18	7	2	55	8	14	2	NaN	0	18000	0	0	0	0	0	0	0	NaN	NaN	NaN	NaN	0	5	0	0	0	0	0	0	4	0	0	0	18000	18000	18000	18000	100	NaN	0.5381767910322529	0.2539716132818898	0.10509241633596843	0.07923100333144041	0.9288420895735612	0.10108176939244173	2.692676523902924e-8	NaN	0.04021965116153625	-0.05994070303876989	0.038753887517013766	-0.000009416839891360937	NaN	16.095204869934797	523.5699645907919	98.20964043977526	98.74989308166502	97.66939014901055	1.080498512042893	0.00028107262803435634	55.179774880356256	241
DATA	2026-08-25T103000_AIU-1657.ghg	2026-08-25	11:00:00	237.458	1	18000	18000	0.08204146927045575	0	NaN	28.95504241425849	0	NaN	165.67647470213925	0	NaN	0.35417546624450447	0	NaN	3.754207040706286	0	NaN	0.011072197158223855	0	NaN	NaN	NaN	NaN	NaN	NaN	NaN	NaN	NaN	NaN	1.5652876992841341e-10	5.190958769767204e-12	8.319072242950716e-13	NaN	16.034714096165114	406.5093972396586	412.06446240591805	0.2	0	531.758729058338	13.481058603853137	13.665281058642826	0.3	0	0.0852200812809453	2.0726746717587647	2.100998353691479	0.1	0	NaN	NaN	NaN	NaN	9	300.70461546834315	294.72800846653047	97784.3580768957	1.1499687599396284	1012.9458167837265	0.02505890216576165	0.24327261623776733	0.009694306582019991	1318.59026480463	2568.965303808577	0.008430060815329389	51.32767900172788	1250.3750390039472	284.22761666657425	-0.9240923375697666	1.013593195582242	0.21494013952369953	1.3883504881924866	-1.7936133281279304e-14	9.76186846797905e-15	1.3883504881924866	3.7676058207113656	28.644587660468346	132.35541233953163	8.90617808153562	NaN	0.26709988037315185	0.39617710155267216	-56.53542130896346	-0.035430884808537136	0.17476858115381314	0.09306325837935307	0	14.379126224231634	-2.1820878795511636	4.935888724919804	12.291060827092084	18.74464328065456	26.289628724990543	39.38665442761474	0.08105715699763996	1.0121434344513767	38.05826100541162	1.0220048487461302	150.76019705064328	1.0989404228921595	0.3222881412555521	1.0989404228921595	3.4162061586797146	1.0989404228921595	-0.007526846323028472	1.3052210837284055	NaN	NaN	800000009	800000009	800000009	800000019	800000019	800010119	899999999	899999999	89999	89999	89	89	22	2	2	54	6	8	2	NaN	0	18000	0	0	0	0	0	0	0	NaN	NaN	NaN	NaN	0	2	0	0	0	0	0	0	0	0	0	0	18000	18000	18000	18000	100	NaN	0.3398491505192571	0.32333176491469895	0.12917328767138822	0.0671674002620115	0.26713218049371606	0.2609836621267369	1.1109342207169706e-8	NaN	0.03267207237743039	0.00818658037461636	0.08677652918080832	-0.000007526846323028472	NaN	16.035922706110608	531.7850967240204	98.16493834008111	98.71737573581272	97.61249954689873	1.104874717877972	0.0002819694753755659	55.107135122599416	032
DATA	2026-08-25T110000_AIU-1657.ghg	2026-08-25	11:30:00	237.479	1	18000	18000	0.14013257077209113	0	NaN	68.62856929574492	1	NaN	289.5343821111756	0	NaN	-1.351360861860716	2	NaN	6.56445376164927	0	NaN	0.017269708325512258	1	NaN	NaN	NaN	NaN	NaN	NaN	NaN	NaN	NaN	NaN	7.590802082982094e-10	2.521623892827016e-11	4.044197380336643e-12	NaN	15.947047184470499	405.10778108022447	410.6338716374815	0.1	1	529.7523866490126	13.45746403047721	13.641037806091061	0.3	0	0.0849620445145422	2.0717198800026195	2.0999802892093653	-0.1	0	NaN	NaN	NaN	NaN	9	301.14957318369557	295.3014476267497	97789.89366471354	1.1478109281965128	1012.946826723633	0.025106236887694942	0.4253766037548727	0.009659094155328184	1316.3569806727326	2660.4685528881587	0.008415231043761663	49.478389032026634	1344.1115722154261	284.202085380369	-0.9487809601113311	0.9112434495157616	0.34034801357561295	1.3588181279700275	8.254588448509119e-14	4.760004780304497e-14	1.3588181279700275	4.369203203627574	24.843859787115434	136.15614021288457	14.50553677321476	NaN	0.34940922508159145	0.6220901937620018	-53.40031203136283	-0.037511016767534024	0.2370308106254299	0.16893264216974846	0	16.53770578760928	-2.509660656146975	5.676859237492613	14.136182171731386	21.55856975139094	30.23620061048652	45.29933827164365	0.13844491554423777	1.0121900845633736	84.26977044927382	1.0219309678062072	263.5620015550331	1.0985437217918508	-1.2301384415146368	1.0985437217918508	5.9755962657015536	1.0985437217918508	-0.01937558153669322	1.3052554530999956	NaN	NaN	800000009	800000009	800000009	800000009	800000019	800010119	899999999	899999999	89999	89999	89	89	5	7	1	34	0	5	1	NaN	0	18000	0	0	0	0	0	0	0	NaN	NaN	NaN	NaN	0	0	0	0	0	0	0	0	0	0	0	0	18000	18000	18000	18000	100	NaN	0.7574938949775034	0.3308614884476076	0.15582500409889277	0.13043058930411722	0.953700844894579	0.5259491633160923	6.358526171043004e-8	NaN	0.07247943635568814	-0.031305553484786086	0.15207178491965057	-0.00001937558153669322	NaN	15.948243998018814	529.7648108129913	98.12485809580485	98.6938873837789	97.55582638337879	1.1380577953060471	0.0002824577240648473	55.005285550408885	248
DATA	2026-08-25T113000_AIU-1657.ghg	2026-08-25	12:00:00	237.499	1	18000	18000	0.27764510734744124	1	NaN	66.09004416192612	1	NaN	124.3188764554358	1	NaN	-6.452048900474806	2	NaN	2.8199109400529614	1	NaN	0.05411624743945169	1	NaN	NaN	NaN	NaN	NaN	NaN	NaN	NaN	NaN	NaN	9.590733684807616e-10	3.178696001580204e-11	5.1359720224304635e-12	NaN	15.82687704436841	402.8069889741438	408.2573869256841	0.1	1	524.5566442755892	13.350396406991427	13.531041170415799	0.3	0	0.08475514009015428	2.0710513251796203	2.0990748059266697	0	1	NaN	NaN	NaN	NaN	9	301.68158015865754	295.7766215091282	97764.4944437934	1.145715911233555	1012.8991332147021	0.025153168798317325	0.1827302289154319	0.009564367388654491	1305.5448600302543	2738.4366932583007	0.008347939742197389	47.67482349489209	1432.8918332280464	284.07793745480245	-1.2828087435562605	0.7244888045590329	0.6396512946011018	1.606124552816751	5.871085765562919e-14	6.059776453637285e-14	1.606124552816751	5.260077907897567	10.456353449084418	150.54364655091555	23.469297153023152	NaN	0.4922735936689037	0.8839963204513261	-155.04076076576342	-0.012919828244562706	0.5316171288405844	0.11568747919284945	0	20.33201369631193	-3.0854615198262008	6.979322358921969	17.37949950376718	26.504833323772797	37.17340560003507	55.69253547024621	0.2743693551833441	1.0119392056809995	72.11757705030358	1.022671763128471	112.80494658247149	1.102069370375939	-5.854485274619217	1.102069370375939	2.558741777834757	1.102069370375939	0.01917169217576062	1.3052168327092037	NaN	NaN	800000009	800000009	800000009	800000009	800000019	800010019	899999999	899999999	89999	89999	89	89	4	0	0	39	7	11	6	NaN	0	18000	0	0	0	0	0	0	0	NaN	NaN	NaN	NaN	0	0	0	0	0	0	0	0	0	0	0	0	18000	18000	18000	18000	100	NaN	0.7963957904690708	0.7870448900587136	0.184551960374868	0.07970668959459272	1.4829284147623247	0.6630241859852963	1.1435810806483856e-7	NaN	0.06214382534128149	-0.14925196370634383	0.06523156469705835	0.000019171692175760617	NaN	15.828088236856582	524.5717938209019	98.10757642110188	98.68163381067913	97.53351938629149	1.1481108448902768	0.00028324739461822897	54.92822895081838	208
DATA	2026-08-25T120000_AIU-1657.ghg	2026-08-25	12:30:00	237.52	1	18000	18000	0.15352299239884395	0	NaN	25.47851452329606	0	NaN	288.1586766983841	0	NaN	1.0407735410369938	0	NaN	6.539194661309004	0	NaN	0.048802767328199076	0	NaN	NaN	NaN	NaN	NaN	NaN	NaN	NaN	NaN	NaN	-1.7033410434092987e-10	-5.5532319029931e-12	-9.131557447363847e-13	NaN	15.759607666155722	401.84587749803273	407.18033813415525	0.2	0	513.7946766971729	13.100977961182792	13.27489202909302	0.2	0	0.08448675813234445	2.068627946914081	2.09608875955773	0	1	NaN	NaN	NaN	NaN	9	302.17816611735026	296.2382317725288	97728.17145985243	1.1436139940469494	1012.7721951121122	0.02520178800202555	0.42373981405282346	0.00936757451044717	1280.6780566907082	2816.083257488419	0.008191203115045651	45.477279596942985	1535.4052007977107	283.7889377478872	-1.628344477774609	1.381407187422663	0.70121235983803	2.247552074892046	2.7823433208287693e-14	-1.0808270608584248e-14	2.247552074892046	5.383029199695128	21.309631188431922	139.690368811568	18.17916024230533	NaN	0.3663928440175035	0.646093121848222	-165.7679868710611	-0.012083756567292249	0.08841834927623726	0.06003933732070949	0	16.507151860590827	-2.5050239798441205	5.666371063070843	14.110065134462637	21.518739621670065	30.180338287221574	45.215646331944676	0.1516637282840244	1.012259121781166	41.547749954725965	1.0254692115767166	258.96451902839044	1.1127341991849977	0.9353298764424512	1.1127341991849977	5.876690647324869	1.1127341991849977	0.016599416067511245	1.307016733313687	NaN	NaN	800000009	800000009	800000009	800000009	800000019	800010119	899999999	899999999	89999	89999	89	89	7	10	0	23	5	3	9	NaN	0	18000	0	0	0	0	0	0	0	NaN	NaN	NaN	NaN	0	0	0	0	0	0	0	0	0	0	0	0	18000	18000	18000	18000	100	NaN	0.7005415624493113	0.4195092921455068	0.17213538910162593	0.06770671138368636	0.09891085129004137	1.0285635678829668	4.6398344055900985e-8	NaN	0.035872056801753996	0.02388498586810984	0.15006969904189102	0.000016599416067511246	NaN	15.760781783132451	513.7890899417431	98.08526408131917	98.6660377989875	97.50448960494995	1.1615460069510655	0.0002835370793359794	54.856318880187146	146
DATA	2026-08-25T123000_AIU-1657.ghg	2026-08-25	13:00:00	237.541	1	18000	18000	0.44341551498696224	1	NaN	9.488180252163916	1	NaN	36.11269094991923	1	NaN	0.19657560611108968	2	NaN	0.8200508403384412	1	NaN	0.06121495901469507	1	NaN	NaN	NaN	NaN	NaN	NaN	NaN	NaN	NaN	NaN	-1.0010187580421327e-9	-3.1438698313812784e-11	-5.3804524404422386e-12	NaN	15.70621699768386	401.6788128047937	406.81089783986477	0.1	0	493.2804843809709	12.615406967517451	12.7765888353318	0.3	0	0.08442054946161819	2.073026600849068	2.099512809372822	-0.6	0	NaN	NaN	NaN	NaN	9	302.2976756303575	296.923110821069	97695.33003272876	1.1408031904872975	1012.5204601348529	0.025268543977888806	0.05313929445393099	0.008996546759822085	1232.796943239708	2934.8270549484064	0.007886151471910928	42.005778199471465	1702.0301117086983	283.2182644656402	-0.7503167331890687	0.42312869696600974	0.491899898879037	0.99195695713917	-5.550846631381171e-14	-6.373391875266651e-14	0.99195695713917	4.970481370598044	10.420104960200547	150.57989503979945	29.728346223588467	NaN	0.6234477743597732	1.1233327347322815	-2192.396372244484	-0.0009136577789304174	0.262738112352858	0.013175536632116902	0	21.82232467805523	-3.311621960962312	7.490897892560072	18.653394915925233	28.447604205284623	39.898169384970906	59.774728137049884	0.4375752758588445	1.0133468215649408	11.442216069276142	1.0214950787843362	32.99581168123367	1.0944628760400608	0.17960920412607434	1.0944628760400608	0.749272413245769	1.0944628760400608	0.043862004100435614	1.306635604906236	NaN	NaN	800000009	800000009	800000009	800000019	800000019	800010119	899999999	899999999	89999	89999	89	89	6	0	0	22	29	30	6	NaN	0	18000	0	0	0	0	0	0	0	NaN	NaN	NaN	NaN	0	16	0	0	0	0	0	0	0	0	0	0	18000	18000	18000	18000	100	NaN	1.1922952323369775	0.806340249478351	0.24802998764923428	0.1194459254218902	0.09267490194063692	0.31662039780438117	1.9397868533036272e-7	NaN	0.009905938094188538	0.004596464902859329	0.019174988091074745	0.000043862004100435616	NaN	15.707388285921912	493.2927223523929	98.04172047254772	98.64110009765625	97.44234509743583	1.1987459736102162	0.0002846186184696207	54.683111136003916	058
DATA	2026-08-25T130000_AIU-1657.ghg	2026-08-25	13:30:00	237.562	1	18000	18000	0.09089521342950718	1	NaN	11.861874707995314	1	NaN	79.97069462632831	1	NaN	0.2589904859830418	1	NaN	1.8169124316151055	1	NaN	0.0420159226799719	1	NaN	NaN	NaN	NaN	NaN	NaN	NaN	NaN	NaN	NaN	1.6892835169419646e-10	5.283290864292313e-12	9.102106846078559e-13	NaN	15.647886157051873	401.30562439113845	406.4064183493999	0.1	0	489.3928884637222	12.550968016150154	12.710497058196957	0.2	0	0.08431310096163858	2.0753292012946853	2.1017076670025316	0.2	0	NaN	NaN	NaN	NaN	9	302.5057095336914	297.45054378424754	97651.29771006943	1.1382949504619873	1012.4987171433302	0.02532484338676871	0.11773592556865883	0.00893069481504978	1225.9470734332115	3029.2292635020513	0.007845677266182353	40.47059389674291	1803.2821900688398	283.1350334301779	-0.7101708058995244	-0.008834306144169031	0.4745260882193104	0.8541637003044245	-1.518263752963992e-13	1.0795602038430426e-14	0.8541637003044245	4.037794973771495	340.28729490703415	180.71270509296576	33.748238269484894	NaN	0.28258109404702214	0.6513712245894825	-163.24476190046664	-0.012270531542208547	0.14832776885859505	0.036421760924967045	0	19.599489330891767	-2.974298121276602	6.72787044872778	16.753348693745522	25.549913830747585	35.834117433383305	53.68603774634481	0.08962187156575077	1.014207936539489	16.35270903495182	1.0216720068979201	73.1329445887997	1.0934975348794558	0.23684597150151984	1.0934975348794558	1.6615606104822147	1.0934975348794558	0.02576080535153346	1.3078167919327306	NaN	NaN	800000009	800000009	800000009	800000009	800000119	800000119	899999999	899999999	89999	89999	89	89	12	2	0	58	14	47	6	NaN	0	18000	0	0	0	0	0	0	0	NaN	NaN	NaN	NaN	0	0	0	0	0	0	0	0	0	0	0	0	18000	18000	18000	18000	100	NaN	0.3094481891804496	0.9266395441708927	0.06665471582762271	0.043982388173989466	0.010220724827738064	0.30166498863276797	3.487845996095296e-7	NaN	0.014188628522945166	0.0060743465141669985	0.04261374951144172	0.00002576080535153346	NaN	15.649053785851006	489.4109642553602	97.98158696428933	98.60308796776664	97.3600922694736	1.242989680293534	0.0002850704657531526	54.697622447490694	033
DATA	2026-08-25T133000_AIU-1657.ghg	2026-08-25	14:00:00	237.583	1	18000	18000	0.08162848070438536	0	NaN	1.8037113717797528	1	NaN	150.1975437607051	0	NaN	0.1440249019496309	1	NaN	3.415030236385456	0	NaN	0.13490562936275657	0	NaN	NaN	NaN	NaN	NaN	NaN	NaN	NaN	NaN	NaN	-5.194034582294758e-10	-1.636743498197377e-11	-2.8066125156891796e-12	NaN	15.603711674306147	401.12857195258835	406.26389313125634	0.1	1	491.7039581855013	12.64035831264204	12.802182486454656	0	0	0.08431513456917476	2.0828203292385674	2.109484975179977	0	0	NaN	NaN	NaN	NaN	9	303.0797969097561	298.2300247768826	97615.43923090279	1.1348643556599114	1012.5693132848799	0.02540053546375945	0.22129395931777754	0.008967498382919261	1234.2251077627334	3173.5940188385102	0.00790182398292416	38.890453550024084	1939.3689110757769	283.2355663886433	-0.391659997803627	-1.2441131918624755	0.29464133100912543	1.337171904425466	4.6507602065092723e-14	-3.3287173530945944e-14	1.337171904425466	4.392472860767561	268.47455359380035	252.52544640619965	12.729393408199831	NaN	0.26819388956725904	0.5480118405915834	-917.5812198182108	-0.002183022011279666	0.012008927220896687	0.005852608143029023	0	14.028504707242247	-2.128879711641554	4.815531704233404	11.991354827895728	18.287572721567845	25.648580766936576	38.426247772217636	0.08064242236117682	1.0122275387362776	10.57765556928247	1.0218797216234934	136.75966129560965	1.0982591089930323	0.13113927375633963	1.0982591089930323	3.109494115206216	1.0982591089930323	0.09775312429910563	1.3052864905081194	NaN	NaN	800000009	800000009	800000009	800000009	800000119	800001119	899999999	899999999	89999	89999	89	89	24	0	1	36	17	42	6	NaN	0	18000	0	0	0	0	0	0	0	NaN	NaN	NaN	NaN	0	0	0	0	0	0	0	0	0	0	0	0	18000	18000	18000	18000	100	NaN	0.6606564494482363	0.2968429622620295	0.1385242694729009	0.04267877130677629	0.01053867218336672	0.1691022580520745	6.599374552588223e-7	NaN	0.009204934532475948	0.00337366352845178	0.07999424266980519	0.00009775312429910563	NaN	15.604850681596332	491.72835527716785	97.93431040869818	98.5735820503235	97.29504165903725	1.2785254620048747	0.0002858822867387464	54.929150275283384	173
DATA	2026-08-25T140000_AIU-1657.ghg	2026-08-25	14:30:00	237.604	1	18000	18000	0.11607468989131794	1	NaN	38.99445205483855	1	NaN	110.07079632792363	0	NaN	0.1411400809363608	0	NaN	2.5038649759736216	0	NaN	0.03895124723869373	1	NaN	NaN	NaN	NaN	NaN	NaN	NaN	NaN	NaN	NaN	4.711375944449494e-10	1.531349209281383e-11	2.5467710134867576e-12	NaN	15.535097526690867	400.87800964606873	406.17033966488304	0	0	504.94079848656514	13.029828872243222	13.201846675218917	0.2	0	0.08397618135160101	2.0794485073701354	2.1069010677334488	0.1	0	NaN	NaN	NaN	NaN	9	303.73330945671927	298.7209361916	97575.9925193511	1.1323739050829138	1012.7986441927881	0.025452632347085027	0.16225045044309067	0.009224881619275802	1271.7395237510555	3267.5619751552117	0.008146497881899127	38.92013474941503	1995.8224514041563	283.6838465536307	-0.5930934603051207	0.014004463359215406	0.39044019695158033	0.7102109018076245	-6.040629031717684e-14	3.032730200988358e-14	0.7102109018076245	4.238142885828886	342.3526494928603	178.64735050714003	33.35003298330055	NaN	0.3201649896531492	0.5853665940462277	-72.19254744851277	-0.027746631346242452	0.35426701137571515	0.10619792187455919	0	18.640729128435222	-2.8288025616332875	6.398759096660212	15.933814892927371	24.30007307502417	34.08119800240959	51.05984501500423	0.11429641788030159	1.015558422949691	44.81003704979225	1.0221982560534277	100.70302313085767	1.0930237534665974	0.12912810036261851	1.0930237534665974	2.2907690414160236	1.0930237534665974	0.014752751509261867	1.3097173396506308	NaN	NaN	800000009	800000009	800000009	800000019	800010019	800010119	899999999	899999999	89999	89999	89	89	22	7	1	38	26	25	5	NaN	0	18000	0	0	0	0	0	0	0	NaN	NaN	NaN	NaN	0	2	0	0	0	0	0	0	0	0	0	0	18000	18000	18000	18000	100	NaN	0.3718895034285058	0.7018492074657237	0.09699447719822601	0.09635535097644363	0.016441353612393916	0.3483680652691216	5.759523572171799e-7	NaN	0.039071702814362556	0.0033300517069943017	0.05907605962819137	0.000014752751509261868	NaN	15.536206008474117	504.9582297923584	97.87585883882312	98.54495671590169	97.20676389588252	1.3381868161294173	0.00028688554244581593	54.77669809281386	115
DATA	2026-08-25T143000_AIU-1657.ghg	2026-08-25	15:00:00	237.624	1	18000	18000	0.2038760631905261	0	NaN	114.14806205824448	1	NaN	191.27794328943924	0	NaN	-0.7226175328064534	1	NaN	4.354748260126418	0	NaN	0.037104460030104404	2	NaN	NaN	NaN	NaN	NaN	NaN	NaN	NaN	NaN	NaN	5.364223519017934e-10	1.7411477254351137e-11	2.8933663974463333e-12	NaN	15.475749533574549	400.78201879991315	406.0644266190108	0.1	1	502.3199723922011	13.00879238075666	13.180251536521414	0.2	0	0.08347343006306716	2.0749939273657447	2.10234286926518	-0.3	0	NaN	NaN	NaN	NaN	9	304.6586407021416	299.57232661919994	97537.6982318665	1.1287215550933645	1012.8106484658234	0.025535196838367785	0.28218768725619187	0.009180208956349308	1269.1880205496866	3436.2914868708413	0.008133280448950005	36.9348184052173	2167.103466321155	283.65372893884154	0.398452195471065	1.1501986420582515	0.38953518489905725	1.278068358321581	-1.4618040564711934e-14	3.466212416645981e-14	1.278068358321581	6.905802139803184	90.10712564128306	70.89287435871694	17.74518805668556	NaN	0.4250007632801347	1.230847195722559	-57.671488076312734	-0.03473293419010508	0.5967654194478511	0.23494367356923013	0	13.705049021769975	-2.079794063471116	4.704499834421781	11.714869772892264	17.865915567528827	25.05720061299348	37.540252538037514	0.2013897489498543	1.0123457835050524	123.4818777682034	1.02175315780876	174.28433550090674	1.0975050783519444	-0.6584183955591016	1.0975050783519444	3.9678616035797067	1.0975050783519444	-0.010132204009778151	1.3053980923129038	NaN	NaN	800000009	800000009	800000009	800000019	800000119	800000119	899999999	899999999	89999	89999	89	89	29	4	2	25	25	25	1	NaN	0	18000	0	0	0	0	0	0	0	NaN	NaN	NaN	NaN	0	0	0	0	0	0	0	0	0	0	0	0	17883	17883	17883	17883	100	NaN	0.8892637942488427	1.203678496391762	0.3687521008045134	0.4399347702483675	0.03883860598449488	0.21729796433951726	1.1944456002656426e-7	NaN	0.10801601414691112	-0.017034501061619186	0.10265591477155105	-0.00001013220400977815	NaN	15.476861845693243	502.3299691719227	97.82798156378004	98.52570881144206	97.13025717989603	1.3954441657430612	0.0002874818760109419	54.68403406830593	162
DATA	2026-08-25T150000_AIU-1657.ghg	2026-08-25	15:30:00	237.645	1	18000	18000	0.5126441832445935	1	NaN	35.98863939772722	1	NaN	175.39654618761531	0	NaN	1.0575963320003405	1	NaN	3.996080545869924	0	NaN	0.07935945861078518	1	NaN	NaN	NaN	NaN	NaN	NaN	NaN	NaN	NaN	NaN	-1.1870442563171597e-9	-3.8691546682454745e-11	-6.42409292255514e-12	NaN	15.431900599803635	400.8057412750271	406.1112636292972	0.1	1	503.0007089278835	13.064208825079515	13.237141607284226	0.3	0	0.08351496828967879	2.083122375563968	2.11069696143461	0.3	0	NaN	NaN	NaN	NaN	9	305.1261409505208	300.3181156667554	97504.19185356532	1.1255080869300362	1012.8625115368076	0.025607563799956823	0.25894601937237105	0.009193262151002869	1274.156811118084	3590.280536354565	0.008168099596759574	35.48905992766277	2316.123725236481	283.71233084912404	0.6336740147805354	0.35182200844439804	0.22245198382816864	0.7581598563251322	5.788580579409364e-14	-7.692145556797226e-14	0.7581598563251322	6.523577394186343	131.96053721516853	29.039462784831485	17.062242223231195	NaN	0.674891109452966	1.080716217933102	-732.3232399644317	-0.0027352675576665965	0.2051844245509343	0.04677702568794108	0	17.88534226004855	-2.71416969005442	6.139459229027156	15.28812155923363	23.315350000339873	32.70010988871372	48.990723353483105	0.5050467263894336	1.0150430771217427	45.788656119868534	1.0219741915608453	160.4569638199672	1.0931064754809292	0.9675144697455337	1.0931064754809292	3.6557102491884756	1.0931064754809292	0.04368294275960241	1.3089888584491811	NaN	NaN	800000009	800000009	800000009	800000019	800000019	800000019	899999999	899999999	89999	89999	89	89	7	7	0	9	15	5	2	NaN	0	18000	0	0	0	0	0	0	0	NaN	NaN	NaN	NaN	0	2	0	0	0	0	0	0	0	0	0	0	18000	18000	18000	18000	100	NaN	1.0828489065025664	0.6006353163552447	0.4779482130083929	0.2939883338255844	0.06983514043338301	0.19055379048091578	3.588190673719483e-7	NaN	0.04016601816799024	0.02510373694505229	0.09485334980788043	0.00004368294275960241	NaN	15.432989282352116	503.0286109289709	97.77545723554823	98.4949393149482	97.05597305594549	1.4389665678673313	0.00028914913494696115	54.66820396582287	068
DATA	2026-08-25T153000_AIU-1657.ghg	2026-08-25	16:00:00	237.666	1	18000	18000	0.263924315566677	0	NaN	-31.656817178142	2	NaN	283.7602401060152	0	NaN	0.9088916969621558	1	NaN	6.467239070919263	0	NaN	0.2404118889321454	1	NaN	NaN	NaN	NaN	NaN	NaN	NaN	NaN	NaN	NaN	6.682403360881768e-10	2.2010551675562266e-11	3.6269248141454848e-12	NaN	15.42059206476462	401.1964176419243	406.56908107977574	0.2	0	507.92464952980623	13.214638515015968	13.391603717276116	0.4	0	0.08369642625273922	2.091256648662011	2.119261928972012	0.2	0	NaN	NaN	NaN	NaN	9	305.40278215789795	300.6829035311939	97481.03202934017	1.1238113637231941	1012.9563412780956	0.025644759887297093	0.4190770917955682	0.00928563149614784	1288.5221400749947	3667.765675375601	0.00826262466806216	35.130983113937404	2379.2435353006063	283.88063056391184	0.5516552035944923	0.0028916534984075254	0.13720903187180794	0.5684700024979673	3.281765546917051e-14	4.333428530380988e-14	0.5684700024979673	5.559473875822079	160.6996710575694	0.300328942428649	13.967145783737676	NaN	0.48461069264356693	1.1321342083648895	308.1914549534547	0.0064995312744882	-0.11156184942018214	-0.057383906337365155	0	14.342599316731787	-2.176544780416351	4.923350219584142	12.259838175944505	18.69702676762359	26.222845888421187	39.286601569007686	0.26064235983071454	1.0125917971971021	-14.359223688419114	1.0207839633867362	257.9363251225229	1.1001174028947864	0.826177001264183	1.1001174028947864	5.878680815249115	1.1001174028947864	0.17182018747529815	1.3818684525721388	NaN	NaN	800000009	800000009	800000009	800000019	800000019	800001019	899999999	899999999	89999	89999	89	89	6	6	0	4	27	4	1	NaN	0	18000	0	0	0	0	0	0	0	NaN	NaN	NaN	NaN	0	1	0	0	0	0	0	0	0	0	0	0	18000	18000	18000	18000	100	NaN	0.7507747589488807	1.0855635073102048	0.4279301504706934	0.29202359164538355	0.04599024726579702	0.33454796205749543	9.55530084820352e-7	NaN	-0.012613825370577167	0.02147091734075021	0.15277678955445378	0.00017182018747529814	NaN	15.421669383149416	507.95103830548106	97.72141250864665	98.46675953674317	96.9760669225057	1.4906929127938215	0.00028894163824992977	54.65933152811616	046
DATA	2026-08-25T160000_AIU-1657.ghg	2026-08-25	16:30:00	237.687	1	18000	18000	0.35805072626240353	1	NaN	70.13460272342788	0	NaN	242.4238318964392	0	NaN	0.051136914122605695	2	NaN	5.527112002168166	0	NaN	0.15253234109879274	0	NaN	NaN	NaN	NaN	NaN	NaN	NaN	NaN	NaN	NaN	2.81198464519403e-11	9.227911451592421e-13	1.5195853241616485e-13	NaN	15.400271212397723	401.2255338302304	406.57886157272674	0.2	0	505.3809213410841	13.166763569037165	13.342440326246843	0.3	0	0.08322245344570127	2.0828577857498596	2.110648191464286	0.6	0	NaN	NaN	NaN	NaN	9	305.7952751074897	301.05088325839574	97460.76141080729	1.1222247223212944	1012.9404720507181	0.025681484601378816	0.3581568577404971	0.009238760424565819	1283.5870190520377	3747.4000921992765	0.008232540453622933	34.252734895427864	2463.813073147239	283.82299939353453	0.5358808910657943	0.48839281508676624	0.2878701656335617	0.7801058283974621	4.976575239581435e-14	1.8259318984787036e-15	0.7801058283974621	4.607768089558427	118.65448514954511	42.345514850454876	21.654836249040446	NaN	0.5648489991291136	0.8870041677499027	-220.2471127080227	-0.009094784378197367	0.28930572615232236	0.10922856349693943	0	15.985923088374982	-2.4259255027468924	5.48745009250808	13.664526619518705	20.839265274589444	29.22736585422038	43.78791997299532	0.3528181522182733	1.014830796009875	83.37529550218693	1.0218892265397255	221.76190376790143	1.093171675465786	0.046778484359116725	1.093171675465786	5.056032941772971	1.093171675465786	0.08875421803202269	1.3086894884359752	NaN	NaN	800000009	800000009	800000009	800000009	800000019	800000019	899999999	899999999	89999	89999	89	89	11	7	0	12	24	6	2	NaN	0	18000	0	0	0	0	0	0	0	NaN	NaN	NaN	NaN	0	0	0	0	0	0	0	0	0	0	0	0	18000	18000	18000	18000	100	NaN	0.7926932945827031	0.5380362060368737	0.4432788348802285	0.2047901372493161	0.04631892432232635	0.22352979483954752	4.2040156357129316e-7	NaN	0.07334552652375256	0.0012173741023011342	0.1315793713289956	0.00008875421803202269	NaN	15.401338096697707	505.4102156691501	97.69499260923598	98.44697129143609	96.94301462173462	1.5039548243946501	0.0002897120945433724	54.69013989374373	241
DATA	2026-08-25T163000_AIU-1657.ghg	2026-08-25	17:00:00	237.708	1	18000	18000	0.2985725958935661	1	NaN	-13.990762095933356	2	NaN	127.99493692015888	0	NaN	-0.059645176146235476	2	NaN	2.9186691331882377	0	NaN	0.19796410947065574	0	NaN	NaN	NaN	NaN	NaN	NaN	NaN	NaN	NaN	NaN	2.633000026275954e-11	8.628439671633129e-13	1.4306784489554878e-13	NaN	15.39786390789296	401.38412953335995	406.7341099892784	0.1	1	504.59376557312305	13.153508212181833	13.328829074876996	0.3	0	0.08366650905100742	2.095521015795144	2.1234518572374905	-0.1	0	NaN	NaN	NaN	NaN	9	305.7126546012031	301.214325611204	97450.37951913988	1.121501960847358	1012.9378942109141	0.025698164701756652	0.1891297598305978	0.009223468866182765	1282.1582004201466	3783.2506156421273	0.008224211092073271	33.89038503341464	2501.0924152219804	283.8062775634652	0.480105032771797	-0.12838383045178614	0.17084047114830683	0.5255185220298829	1.2140664190709282e-14	1.709977463124788e-15	0.5255185220298829	4.521775929566399	175.97105448141326	345.02894551858674	18.97098790371009	NaN	0.5159705966331852	0.6125395057603451	841.4862268476913	0.002380431118289189	-0.10930715255292138	-0.02386896362449418	0	17.001822285546375	-2.580092125281838	5.836175412446031	14.532901973619529	22.163592480785777	31.08475359108052	46.57062526317153	0.2947580408848598	1.0129413094117978	-6.175166108809171	1.0207454125514168	116.45143640508753	1.0991271629738957	-0.054265946794412954	1.0991271629738957	2.655442638039468	1.0991271629738957	0.14418105542035198	1.3788992934569506	NaN	NaN	800000009	800000009	800000009	800000019	800000019	810001019	899999999	899999999	89999	89999	89	89	20	10	0	29	11	7	4	NaN	0	18000	0	0	0	0	0	0	0	NaN	NaN	NaN	NaN	0	14	0	0	0	0	0	0	0	0	0	0	18000	18000	18000	18000	100	NaN	0.4247614899119413	0.48323829340267954	0.31707922820606926	0.07775526139536791	0.11360692309716519	0.24086269514684688	9.541018776063808e-7	NaN	-0.005435829030006634	-0.0014131278126316936	0.06914980882721815	0.000144181055420352	NaN	15.398917449461802	504.621029782972	97.66510566499497	98.42930277167426	96.90090689765083	1.5283938547141043	0.00028977654077203224	54.631702539867824	225
DATA	2026-08-25T170000_AIU-1657.ghg	2026-08-25	17:30:00	237.729	1	18000	18000	0.2742805173600627	1	NaN	-2.6754978687533364	0	NaN	266.965998556735	0	NaN	0.9116190152698349	0	NaN	6.088150333914682	0	NaN	0.2988851768718195	0	NaN	NaN	NaN	NaN	NaN	NaN	NaN	NaN	NaN	NaN	-9.330097118581913e-11	-3.0762967647113893e-12	-5.076769864360592e-13	NaN	15.400720155756241	401.49059070351836	406.87676402927605	0.1	0	507.78877204848743	13.237849397981641	13.415440985353259	0.3	0	0.08379967644760977	2.09975800881244	2.1279271884631865	0.6	0	NaN	NaN	NaN	NaN	9	305.7532119522095	301.302611388301	97455.52786035786	1.121196640514562	1012.9872069105027	0.02570433885158103	0.3945121416376714	0.009280380702115194	1290.4476569137923	3802.739699603843	0.008277210586232275	33.93468285636871	2512.2920426900505	283.9030635866379	0.5141671288404901	0.01147792597392106	0.12011491242458844	0.5281355615289565	-8.410133912329633e-15	-6.058221319666441e-15	0.5281355615289565	4.534370515221806	159.7211794155936	1.2788205844066045	13.1459282189682	NaN	0.494602817619576	0.5465642776598607	3876.1651828127624	0.0005167736423829179	-0.01002186751577934	-0.0047627992307843385	0	18.50488492074574	-2.8081876790261013	6.352128176072685	15.817697307360467	24.122986430455224	33.832831465465325	50.68774668435308	0.26931306331678445	1.0184449056503255	13.287528217240254	1.0237210131816887	244.09630761819807	1.093691261296375	0.8335250061240079	1.093691261296375	5.566607825592637	1.093691261296375	0.21973185642876142	1.3138281180001412	NaN	NaN	800000009	800000009	800000009	800000019	800000019	800001019	899999999	899999999	89999	89999	89	89	21	11	0	26	33	1	0	NaN	0	18000	0	0	0	0	0	0	0	NaN	NaN	NaN	NaN	0	4	0	0	0	0	0	0	0	0	0	0	18000	18000	18000	18000	100	NaN	0.4868842913942395	0.370493142618696	0.23575112130678594	0.06236438789353512	0.13272561650162157	0.3206873608906894	0.0000016588681769948945	NaN	0.011699261580236434	0.021712715962576047	0.14500605705183137	0.0002197318564287614	NaN	15.40177422130404	507.8127908199548	97.65028300857543	98.42108597395155	96.87948036236233	1.5416053966813614	0.00028982802681437326	54.658490142680975	123
DATA	2026-08-25T173000_AIU-1657.ghg	2026-08-25	18:00:00	237.749	1	18000	18000	0.04650478500131702	0	NaN	2.5776552360417275	0	NaN	97.03694505185285	0	NaN	0.9076360936092756	0	NaN	2.213792204038532	0	NaN	0.14597646666080163	0	NaN	NaN	NaN	NaN	NaN	NaN	NaN	NaN	NaN	NaN	1.3990223693632624e-10	4.521617343224453e-12	7.605636651290931e-13	NaN	15.374976304462006	401.1324049289692	406.40120699607155	0.1	1	496.91671150019545	12.964533511223712	13.134820329550065	0.5	0	0.08358442713619166	2.0979389531881205	2.1254950044006113	0.5	0	NaN	NaN	NaN	NaN	9	305.77844456227615	301.70520778653037	97451.882852896	1.1197749308950273	1012.847729860748	0.02573964734292121	0.14345373482169688	0.009076305310737949	1263.757099536249	3892.7248790680383	0.008105472859160483	32.46458814317251	2628.9677795317893	283.58944508256656	0.37131560653387863	-0.02093100785423444	0.013948191303067733	0.37216654710768815	-1.7642188706151684e-14	9.099346507332497e-15	0.37216654710768815	2.4262930527564657	164.22634052364162	356.7736594763583	2.147854792429561	NaN	0.2037902725935421	0.20832340493891222	-281.4079458927764	-0.007118135892165717	0.02656364784221439	0.011152352291058942	0	14.289098203599773	-2.1684257800899522	4.904985018739466	12.214106229123248	18.62728266320871	26.125028790311003	39.14005373142961	0.04545132198000859	1.0231778301579828	8.29189420165728	1.0266115289320452	88.5011226781012	1.096448746811929	0.8277961886028403	1.096448746811929	2.019056714210699	1.096448746811929	0.10752743845013234	1.3206050901089175	NaN	NaN	800000009	800000009	800000009	800000019	800001019	800001119	899999999	899999999	89999	89999	89	89	3	12	0	32	30	14	2	NaN	0	18000	0	0	0	0	0	0	0	NaN	NaN	NaN	NaN	0	14	0	0	0	0	0	0	0	0	0	0	18000	18000	18000	18000	100	NaN	0.17409810742180187	0.16616311650482465	0.07638558595119792	0.09827539034766097	0.22170217325702002	0.25393447526937063	0.0000018289152760318257	NaN	0.0073110348267825444	0.021587124030716786	0.052652607386707045	0.00010752743845013234	NaN	15.376026231324046	496.94398929715754	97.6244789407518	98.40552383889093	96.84343103981018	1.562090288526485	0.000290292068206731	54.54465168121415	240
DATA	2026-08-25T180000_AIU-1657.ghg	2026-08-25	18:30:00	237.77	1	18000	18000	0.430225107032001	1	NaN	-60.683306353899546	0	NaN	318.8563189848851	0	NaN	11.939456575988977	0	NaN	7.270147348602685	0	NaN	0.22522550608061662	0	NaN	NaN	NaN	NaN	NaN	NaN	NaN	NaN	NaN	NaN	8.761915834587114e-11	3.0023945424462734e-12	4.760174807350299e-13	NaN	15.466642037478922	402.2950877588904	407.9183279360277	0.2	0	529.9863924735481	13.785210891576138	13.977899179587949	0.4	0	0.08402719356249284	2.1041213753997203	2.1335325718466733	0	0	NaN	NaN	NaN	NaN	9	305.4181912409464	301.11054795949644	97451.74112575228	1.1216348378003227	1013.2850855192297	0.025688951955253517	0.471105548189454	0.009669896419095185	1343.7531540682469	3760.452915219196	0.00862125184882734	35.73381144143165	2416.6997611509487	284.512682259421	0.6184386092901769	0.04840247132935981	0.14228521830982627	0.6364386820747588	1.5947534075878552e-14	5.665040810639538e-15	0.6364386820747588	5.940902301521201	156.5248338786838	4.475166121316191	12.918491274406998	NaN	0.6193300187882154	0.8902311463794679	335.551802081067	0.005969570085980538	-0.1903155206303945	-0.08621125444733495	0	19.396041093644072	-2.943424066365942	6.6580332524561845	16.57944420051129	25.284698505851182	35.462149169207265	53.12876150511684	0.4250674444212885	1.0121337511926711	-40.84741194972574	1.0207566558663816	289.6217234719158	1.1009406171695686	10.844777992371993	1.1009406171695686	6.603578099692298	1.1009406171695686	0.16554769499385005	1.3832091166171565	NaN	NaN	800000009	800000009	800000009	800000019	800000019	810000019	899999999	899999999	89999	89999	89	89	18	32	3	8	5	0	1	NaN	0	18000	0	0	0	0	0	0	0	NaN	NaN	NaN	NaN	0	13	0	0	0	0	0	0	0	0	0	0	18000	18000	18000	18000	100	NaN	0.9543016655523404	0.49752239267115034	0.32863823453544516	0.12531358575916307	2.9434284277574276	0.4542994317205189	0.0000025608361860102668	NaN	-0.035940275758455875	0.2824861566137899	0.17201084232366687	0.00016554769499385006	NaN	15.467871328149664	530.0514584431266	97.64280836613975	98.4165660302904	96.86904845937094	1.5475167204737668	0.00028947604883999	54.71047513735128	139
DATA	2026-08-25T183000_AIU-1657.ghg	2026-08-25	19:00:00	237.791	0	18000	18000	0.3951430060590104	1	NaN	-93.65061707155421	1	NaN	228.81732958319049	0	NaN	14.91556877084175	0	NaN	5.2095746571700605	0	NaN	0.08631531878276102	0	NaN	NaN	NaN	NaN	NaN	NaN	NaN	NaN	NaN	NaN	5.660738707783422e-10	1.9890536200605452e-11	3.037668255839878e-12	NaN	15.647443264309585	403.74684917624336	409.5571285849502	0.1	1	549.8152321846711	14.1867373393835	14.390897218297551	0.3	0	0.08396738330934332	2.0887293526389574	2.1187880420696255	-0.4	0	NaN	NaN	NaN	NaN	9	305.1046600774129	299.60830431504303	97482.28379319035	1.127439939856482	1013.4655130212875	0.025552780927453746	0.3375804377846199	0.0100045866616894	1383.3265186051854	3443.5857371950146	0.008873720282574821	40.17110721721071	2060.2592185898293	284.95163403993075	0.8206332134879591	-0.16693178388719934	0.2534751896807416	0.8749598638423582	1.3114848822164074e-14	3.6176764549739954e-14	0.8749598638423582	6.286298973921027	172.49812742727386	348.5018725727261	16.839949595033424	NaN	0.5920119072212161	0.9921844761432763	189.95525232330223	0.010545115102112262	-0.40928113811198863	-0.138445170650092	0	16.77871710877996	-2.546235053962254	5.759590624935313	14.342195024135076	21.872752349936498	30.676846172204943	45.95950561923223	0.3907155844144892	1.0113315716626865	-78.66387215224783	1.0212550705450714	207.01507358693152	1.1053172390710166	13.494378123856825	1.1053172390710166	4.713194070463009	1.1053172390710166	0.07478023551412988	1.3908052830355793	NaN	NaN	800000009	800000009	800000009	800000019	800000019	800000019	899999999	899999999	89999	89999	89	89	31	32	2	11	15	0	2	NaN	0	18000	0	0	0	0	0	0	0	NaN	NaN	NaN	NaN	0	20	0	0	0	0	0	0	0	0	0	0	18000	18000	18000	18000	100	NaN	0.7096485441050936	0.8432802460537244	0.43144016212773467	0.3787820459036174	9.111441671338458	0.3329952219292139	4.0715528193350605e-7	NaN	-0.06884508330669782	0.3497824913589856	0.12216885795651367	0.00007478023551412988	NaN	15.648629545417046	549.8540297029899	97.80774787648518	98.48861337449816	97.12688086234199	1.3617335479292694	0.00028686054820557024	54.997379472035085	045
DATA	2026-08-25T190000_AIU-1657.ghg	2026-08-25	19:30:00	237.812	0	18000	18000	0.16774360213791503	1	NaN	-105.67575694979932	1	NaN	141.6302670773797	1	NaN	47.224599347911976	1	NaN	3.2237974731973313	1	NaN	-0.008137471750231905	2	NaN	NaN	NaN	NaN	NaN	NaN	NaN	NaN	NaN	NaN	2.895726269110417e-10	1.0711225323747279e-11	1.546211679631742e-12	NaN	15.753354386969427	405.6572190265684	411.8369008587892	0.2	0	582.7129803104951	15.005167869451657	15.233752888830299	0.5	0	0.08411713775001593	2.0908724473063565	2.1227242814906853	0.1	0	NaN	NaN	NaN	NaN	9	304.14466434987384	299.36749555031827	97498.10026135732	1.1281787842997297	1013.9145298272097	0.025528101074106982	0.20890207626318705	0.010591979750293834	1463.367789028117	3395.0192607821105	0.00938856491337795	43.10337222331401	1931.6514717539935	285.80668154016166	0.6958032910579293	-0.3156398845458851	0.208419163179935	0.7919654690350286	-1.2203766768399186e-14	1.8381648745905516e-14	0.7919654690350286	3.8805547461134453	185.40064969044874	335.5993503095512	15.258063038769617	NaN	0.38559733013997377	0.6558823391328831	46.52697770045027	0.043052441809058546	-0.746138231117388	-0.23958635148441798	0	12.10686106310806	-1.8372628748955644	4.1558936255014975	10.34876274338885	15.782516151361873	22.13520330865328	33.162568118513235	0.16566684967736833	1.0125357152899999	-95.50001489416402	1.02385332654318	126.66543138707884	1.1181445918308175	42.23478760523072	1.1181445918308175	2.883166896974191	1.1181445918308175	0.011886991646485878	1.4440137440906724	NaN	NaN	800000009	800000009	800000009	800000019	800000019	800000019	899999999	899999999	89999	89999	89	89	13	10	0	17	18	5	4	NaN	0	18000	0	0	0	0	0	0	0	NaN	NaN	NaN	NaN	0	5	0	0	0	0	0	0	0	0	0	0	18000	18000	18000	18000	100	NaN	0.3757682793247416	0.5221437812640508	0.4138526176769736	0.18721100851119488	22.925531542389862	0.155693282888832	6.477760470987823e-7	NaN	-0.08348802051724799	1.0946030348709395	0.07472331256796759	0.000011886991646485878	NaN	15.75439928012205	582.7482076252189	97.84664656745063	98.50799496735466	97.18529701423645	1.3226903040740197	0.000286079375485618	55.156347688798554	105
DATA	2026-08-25T193000_AIU-1657.ghg	2026-08-25	20:00:00	237.833	0	18000	18000	0.008724240585021418	0	NaN	12.911641276218354	1	NaN	18.96325891469965	1	NaN	-0.4115868445588074	2	NaN	0.43097867924274325	1	NaN	0.030084273994187203	0	NaN	NaN	NaN	NaN	NaN	NaN	NaN	NaN	NaN	NaN	4.550212871155499e-11	1.70852982088688e-12	2.437237954170801e-13	NaN	15.703585946696764	402.18964140365836	408.3564598083074	0.1	1	589.6437297444113	15.101557123753919	15.333110975028164	0.3	0	0.0841133739665091	2.0759173107086326	2.10774758120871	0.6	0	NaN	NaN	NaN	NaN	9	304.5208214450412	297.78196728686544	97529.5575098622	1.1345100788205413	1013.9261061991833	0.02538470735676874	0.02792741841492976	0.010720236408796732	1473.2432599236029	3089.895089006591	0.009449220953542958	47.67939420225604	1616.6518290829883	285.9093076659846	0.3596165737444328	0.015687323251468765	-0.13262691218006079	0.3836144810312791	-2.2943056256570623e-14	2.897562943012155e-15	0.3836144810312791	2.215992278851292	158.5022064975342	2.497793502465623	-20.226344568506704	NaN	0.08769193181461342	0.07097835648901246	-4.4798625231754166	-0.44713425682986413	0.6808767065986587	0.12799916906983114	1	3.78070687124273	2	3	5	8	13	33	0.008530559415813824	1.022704392498404	13.762626962900159	1.0263121751359237	17.30018496172811	1.096130414596759	-0.3754907619365901	1.096130414596759	0.39318193665969053	1.096130414596759	0.01917164069328545	1.3199248365337242	NaN	NaN	800000009	800000009	800000009	800000019	800000019	811000019	899999999	899999999	89999	89999	89	89	6	9	0	1	3	2	2	NaN	0	18000	0	0	0	0	0	0	0	NaN	NaN	NaN	NaN	0	2	0	0	0	0	0	0	0	0	0	0	18000	18000	18000	18000	100	NaN	0.06897603714173489	0.04732650531998465	0.02565417051630538	0.2005477972051225	9.697059343143717	0.25809877784108787	4.5098408297272794e-7	NaN	0.011964282933336798	-0.009677913879836908	0.01013388692300921	0.00001917164069328545	NaN	15.704923249223572	589.7019374410966	97.88682633548312	98.50512376234266	97.2685308511522	1.2365935752921553	0.0002850870140132931	55.22914506416957	176
DATA	2026-08-25T200000_AIU-1657.ghg	2026-08-25	20:30:00	237.854	0	18000	18000	0.026028813900864808	1	NaN	-8.867377517716745	2	NaN	56.864409570709824	0	NaN	3.767799949712064	1	NaN	1.2906554567274953	0	NaN	0.03322279741095469	0	NaN	NaN	NaN	NaN	NaN	NaN	NaN	NaN	NaN	NaN	-7.744997135628747e-10	-3.052081761754971e-11	-4.036412224539608e-12	NaN	16.13667473993573	411.1652151337432	417.93698314592814	0.1	1	635.9001792598053	16.202844651870638	16.469700653014243	0.1	0	0.08409850906730958	2.0637589646503027	2.0977484570180676	-0.1	0	NaN	NaN	NaN	NaN	9	303.5634270545113	296.42168610095575	97563.54637301898	1.1396360389591	1014.5079447286328	0.025259945849250977	0.08363447359594169	0.011558823893441893	1581.2310203072648	2847.471547992737	0.010142557358925995	55.531056014305705	1266.2405276854724	286.99371356575307	-0.0054781754726688295	-0.8974120297573902	0.26829991999452596	0.9366766830816451	2.3744282496506328e-14	-4.799623999646654e-14	0.9366766830816451	2.9300155999361404	251.34975287264388	269.65024712735607	16.644831876359778	NaN	0.15112771008092213	0.32121912323178864	33.40254794146631	0.05996847915644568	-0.15593897104814441	-0.050749231440860146	1	6.943513448269145	3	6	13	23	48	188	0.02571488771351684	1.012207954817666	-5.423874832996377	1.0239347208810787	50.81453698731358	1.1190579102375107	3.366939204167173	1.1190579102375107	1.153341078169551	1.1190579102375107	0.023051809224658083	1.4398040473702944	NaN	NaN	800000009	800000009	800000009	800000019	800000019	800000019	899999999	899999999	89999	89999	89	89	3	2	0	20	2	0	5	NaN	0	18000	0	0	0	0	0	0	0	NaN	NaN	NaN	NaN	0	1	0	0	0	0	0	0	0	0	0	0	18000	18000	18000	18000	100	NaN	0.5583575202910609	0.05731762434297257	0.02676310182954376	0.21111198388761235	20.096919921181104	0.4454741515985519	6.216558894978846e-7	NaN	-0.004691244105930384	0.08644981055738717	0.029613281283014166	0.000023051809224658084	NaN	16.137953320319955	635.9353426366306	97.94045645650228	98.50831735356648	97.37259756384955	1.135718840854042	0.00028346427279757336	55.185395795133395	049
DATA	2026-08-25T203000_AIU-1657.ghg	2026-08-25	21:00:00	237.874	0	18000	18000	0.10521259205544266	1	NaN	-64.59391627285716	2	NaN	231.87657911600513	1	NaN	3.17527889411651	1	NaN	5.255806102306899	1	NaN	0.08056637188421911	1	NaN	NaN	NaN	NaN	NaN	NaN	NaN	NaN	NaN	NaN	-3.349278026270874e-10	-1.3771043788207836e-11	-1.7205301833086664e-12	NaN	16.404555785692068	415.99716715954025	423.23634061925156	-0.1	0	674.497173059091	17.104328633782792	17.401977780620307	0.1	1	0.08427049994556453	2.055757862033002	2.091532114670436	0.1	0	NaN	NaN	NaN	NaN	9	302.41791500600186	295.02556151868987	97577.33009353469	1.144798034977593	1014.9814760919783	0.02513742194129688	0.340576235429487	0.012261400870047259	1669.442411293102	2616.0961897418138	0.01071053626527866	63.81425950006302	946.6537784487118	287.8322263330547	-0.3447971487491285	-1.3562966314188674	0.7099614840888913	1.569226221764561	3.110123284836656e-14	-2.041675538201461e-14	1.569226221764561	3.1258958610621583	265.2635588452397	255.73644115476037	26.89955269136688	NaN	0.30315827165907644	0.31935191588968725	37.02172324405853	0.05410607136774676	-0.27857024853097206	-0.18337292067385805	0	18.980668587372264	-2.8803896860218092	6.515449312488145	16.224390029564173	24.743218492584756	34.7027157514762	51.99099185846821	0.10388711165117279	1.0127588531744005	-50.084841156996504	1.027072369857355	204.56722021302036	1.1334982157676432	2.8013091242195776	1.1334982157676432	4.636801389887932	1.1334982157676432	0.060906307088742305	1.450796190291288	NaN	NaN	800000009	800000009	800000009	800000019	800000019	800000019	899999999	899999999	89999	89999	89	89	21	13	0	7	1	0	4	NaN	0	18000	0	0	0	0	0	0	0	NaN	NaN	NaN	NaN	0	2	0	0	0	0	0	0	0	0	0	0	18000	18000	18000	18000	100	NaN	0.2240942446771022	0.33148746049668026	0.08312212660559205	0.2372691453811647	20.543884431172895	0.5961892675766689	5.456365706548894e-7	NaN	-0.0431041722184367	0.07164343093467893	0.11858611292204552	0.0000609063070887423	NaN	16.405771261639398	674.5463001966065	97.97294099638196	98.49226992670694	97.45361298031277	1.0386575922436143	0.0002818591639030881	54.851852708943696	030
DATA	2026-08-25T210000_AIU-1657.ghg	2026-08-25	21:30:00	237.895	0	18000	18000	0.16187982076832666	1	NaN	98.9968895437052	1	NaN	100.00629192981808	1	NaN	-11.243986973388653	1	NaN	2.2638765782820096	1	NaN	0.06112278982835858	1	NaN	NaN	NaN	NaN	NaN	NaN	NaN	NaN	NaN	NaN	-5.040025258914028e-10	-2.1063137139926303e-11	-2.5789474163715306e-12	NaN	16.561803868455737	417.96418582420256	425.39474562331213	0.1	1	692.1464243633777	17.46744612047785	17.77798206431713	0.1	1	0.08474564928313291	2.0553165542671206	2.0918559351053756	0.1	0	NaN	NaN	NaN	NaN	9	301.3220997568766	293.69973690965446	97593.24897569444	1.1499945591755125	1015.1568592811477	0.025020374239974337	0.14669920227267422	0.012580282831310826	1705.1620872270225	2411.757596699416	0.0109394281311472	70.70205105026322	706.5955094723934	288.16072759015884	-0.9638776435266211	-1.4895426167967276	0.9506113799870464	2.0128237167485046	2.7462321696024462e-14	-3.043162024466102e-14	2.0128237167485046	3.8183807857477303	283.90675989897034	237.09324010102966	28.18223670713975	NaN	0.3751875897756886	0.29393730053667844	-45.796197633103354	-0.04373943915710762	0.9899066112078102	0.2260185818910133	0	20.154395857148266	-3.0585073274791057	6.918351902442136	17.227674446312832	26.27329053156941	36.84866354173956	55.20601269116874	0.15995624616679904	1.0120256298058017	102.95963301026933	1.0243378996459809	90.20518077888342	1.1086535281710677	-10.142020647278075	1.1086535281710677	2.0420054784984987	1.1086535281710677	0.017771652946550694	1.3061092864349775	NaN	NaN	800000009	800000009	800000009	800000009	800000019	800000019	899999999	899999999	89999	89999	89	89	22	4	0	8	12	0	7	NaN	0	18000	0	0	0	0	0	0	0	NaN	NaN	NaN	NaN	0	0	0	0	0	0	0	0	0	0	0	0	18000	18000	18000	18000	100	NaN	0.28101146839943775	0.1972837032619725	0.10957942941194665	0.18290866353046323	3.8827848721468667	0.3154282266494155	1.821681465417915e-7	NaN	0.08819379825406248	-0.2582696738688864	0.05200029730878407	0.000017771652946550696	NaN	16.56317220332125	692.1773881948795	98.00838081084358	98.48074565463597	97.53601508416071	0.9447321920196273	0.0002805249296054374	54.48201936937277	154
DATA	2026-08-25T213000_AIU-1657.ghg	2026-08-25	22:00:00	237.916	0	18000	18000	0.18053916017527327	1	NaN	60.5812547218026	1	NaN	79.95848976811354	1	NaN	0.3695042850008851	2	NaN	1.8086200906039922	1	NaN	0.04999976731746653	1	NaN	NaN	NaN	NaN	NaN	NaN	NaN	NaN	NaN	NaN	1.2764126342471496e-9	5.1945878970759965e-11	6.512285860671492e-12	NaN	16.677244698716184	419.53872226926336	426.826300476437	0.1	0	678.7100906410459	17.073873374342227	17.37045431171525	0.1	1	0.08508767614202305	2.0556392506620256	2.0913466383470185	0.2	0	NaN	NaN	NaN	NaN	9	300.65129558987087	292.8833166063098	97625.28978298612	1.1537516262082512	1014.9174541629089	0.024942634226005962	0.11719858187113869	0.012335152762511868	1667.2889485656767	2292.998033791096	0.010691341604475782	72.7121839615836	625.7090852254194	287.8122249192871	-0.8912714379789826	-1.7152391018859692	0.7548611243651951	2.07514463830212	5.2508453344285104e-14	7.653618192370878e-14	2.07514463830212	3.5811564493733146	278.4572616980365	242.54273830196348	21.331483880187875	NaN	0.39557564588780125	0.3245386592183356	-87.7243911888909	-0.022834014267330307	0.7576588164370466	0.13078732899792905	0	22.130359765186693	-3.3583674738414833	7.596636369971144	18.916698675400625	28.849159051953556	40.46135576699941	60.61848396332404	0.17838479021858872	1.0120770944319	64.04470092311976	1.0246284248655626	72.05302259363785	1.1097173566064074	0.33297152901244587	1.1097173566064074	1.6298024716265391	1.1097173566064074	0.019837952064936454	1.3063254142574987	NaN	NaN	800000009	800000009	800000009	800000009	800000019	800001019	899999999	899999999	89999	89999	89	89	19	3	0	14	14	1	11	NaN	0	18000	0	0	0	0	0	0	0	NaN	NaN	NaN	NaN	0	0	0	0	0	0	0	0	0	0	0	0	18000	18000	18000	18000	100	NaN	0.3000268212271404	0.25263552669393896	0.09641497051559184	0.10592879594352336	5.373931570082774	0.21304882542426898	2.0983867052496754e-7	NaN	0.05469405894435899	0.008449491298036791	0.041357895800792514	0.000019837952064936454	NaN	16.678570644902795	678.748887833585	98.06034052658082	98.4984544330173	97.62222826046414	0.8762274631990354	0.0002798741098457765	54.40605187744554	240
DATA	2026-08-25T220000_AIU-1657.ghg	2026-08-25	22:30:00	237.937	0	18000	18000	0.04216068545218687	0	NaN	-7.454233713029848	1	NaN	82.51014119921113	0	NaN	9.883839765937974	0	NaN	1.8654263401056606	0	NaN	0.019770942075306722	0	NaN	NaN	NaN	NaN	NaN	NaN	NaN	NaN	NaN	NaN	-1.7528476073577966e-10	-7.0021121324617406e-12	-8.978997947254562e-13	NaN	16.68392437225354	418.9847894865481	426.1167973336114	0	0	666.4738496013728	16.737213580152574	17.02211637754984	0.1	1	0.08546374599924716	2.059710216288385	2.094770843294074	0.3	0	NaN	NaN	NaN	NaN	9	300.2657595969306	292.3778894246419	97638.2501265191	1.1560476266931599	1014.716973050861	0.02489628572333709	0.1208796268388468	0.012114441376260507	1634.6306007305411	2222.0699532223452	0.010479188829714143	73.56341767549098	587.4393524918041	287.5060765184257	-0.6933867388997498	-2.1763453204549204	0.6383398799668082	2.3716538377056544	-2.4726486631872266e-14	-1.0506206862654552e-14	2.3716538377056544	3.6547112199424987	268.67195350201246	252.32804649798754	15.613925186516518	NaN	0.19097036066427237	0.16114351946453456	80.21875129438762	0.024970470964438257	-0.09034324271767355	-0.03327487138519137	1	20.072598651454303	9	18	35	63	127	471	0.04163961971939166	1.0125137005646703	-2.657550104921923	1.0278419269748846	72.8043328758275	1.1333136084075863	8.721186874148376	1.1333136084075863	1.6459930651735157	1.1333136084075863	0.012273409961486506	1.3983759353857845	NaN	NaN	800000009	800000009	800000009	800000009	800100019	800100019	899999999	899999999	89999	89999	89	89	17	2	5	19	2	1	10	NaN	0	18000	0	0	0	0	0	0	0	NaN	NaN	NaN	NaN	0	0	0	0	0	0	0	0	0	0	0	0	18000	18000	18000	18000	100	NaN	0.16953016021024045	0.09434221436160779	0.058414664357220876	0.12387868908525251	11.902953753139654	0.16851690393134	6.23396744066187e-8	NaN	-0.002265483012892505	0.22082209828620533	0.04167685518740263	0.000012273409961486505	NaN	16.685151984475834	666.5136201075302	98.09665663401286	98.51390740648905	97.67940703625149	0.8345002347230892	0.000279253765070785	53.754642135408204	008
DATA	2026-08-25T223000_AIU-1657.ghg	2026-08-25	23:00:00	237.958	0	18000	18000	0.024088422434838448	0	NaN	7.309546627818288	1	NaN	11.129371628692299	2	NaN	0.8176121669735616	1	NaN	0.2515309549071778	2	NaN	0.012262734640914864	0	NaN	NaN	NaN	NaN	NaN	NaN	NaN	NaN	NaN	NaN	-5.49367929236864e-10	-2.2097558392700828e-11	-2.8024101327213385e-12	NaN	16.791481274701184	421.0138238360327	428.2663838261333	0.1	0	675.4139042719232	16.934693601926252	17.226417707664346	0.1	1	0.08565592340453934	2.0611372068043368	2.0966432172815566	-0.2	0	NaN	NaN	NaN	NaN	9	300.0448158815172	292.0201652319579	97675.8932497118	1.1578230123563757	1014.8211123736648	0.024856242138800833	0.01629920587798512	0.012277124684868192	1654.5550223309097	2173.037468900601	0.010603628148556194	76.14019758103821	518.4824465696915	287.693485753687	-0.6560978173624348	-2.127239028759709	0.5733477187495106	2.298768765670355	-3.088289217703483e-14	-3.2717061720133466e-14	2.298768765670355	3.511046831373253	268.1411718541917	252.8588281458083	14.442905513064904	NaN	0.1442391288627822	0.1793869291669823	-35.25910520316772	-0.05681085746384849	0.6567798139630602	0.043129624708974496	1	31.236271155753403	14	26	46	74	131	360	0.023795187266230405	1.0123232973679597	7.800423842471647	1.0257283785795186	9.993616704860017	1.1136480372796316	0.7341746580641287	1.1136480372796316	0.2258621633470536	1.1136480372796316	0.0072307459090300745	1.3072456264908308	NaN	NaN	800000009	800000009	800000009	800000019	800000019	800000019	899999999	899999999	89999	89999	89	89	12	12	2	44	16	1	9	NaN	0	18000	0	0	0	0	0	0	0	NaN	NaN	NaN	NaN	0	1	0	0	0	0	0	0	0	0	0	0	18000	18000	18000	18000	100	NaN	0.13764157489855217	0.14812510146966376	0.07300718196574861	0.06915274765952557	5.449994427914773	0.11991499748238775	7.195635337610592e-8	NaN	0.006638753298462643	0.01856327069918137	0.005710821577483336	0.000007230745909030074	NaN	16.792811914761863	675.4573991259332	98.0915004005432	98.49422490607368	97.68877500406902	0.8054554387562812	0.0002789761720729682	53.70716794914669	005
DATA	2026-08-25T230000_AIU-1657.ghg	2026-08-25	23:30:00	237.979	0	18000	18000	0.05365123673880201	1	NaN	16.85530389069125	0	NaN	65.86731239603041	0	NaN	6.054338286580387	1	NaN	1.488358948708076	0	NaN	0.03612852086805951	0	NaN	NaN	NaN	NaN	NaN	NaN	NaN	NaN	NaN	NaN	2.1038515593713386e-10	8.588504075375066e-12	1.0643113491571602e-12	NaN	16.977886544200935	425.3561381258385	432.8726312440327	0.1	0	693.0842964020559	17.36421426458046	17.671058307310496	0.1	1	0.08588893666573699	2.065266185022496	2.101761624198145	0	0	NaN	NaN	NaN	NaN	9	299.92654725307887	291.8220123782688	97683.44225998264	1.158509339192073	1015.0598437393538	0.024837456121331387	0.09644565987628331	0.012598035196537027	1696.6512081848182	2146.2869906924593	0.010874349278291279	79.05052844947942	449.6357825076411	288.0830086535299	-0.43092017787811265	-1.8283728474647984	0.5809216103465665	1.9662424536197678	2.4953646748035495e-14	1.2391716447710285e-14	1.9662424536197678	3.623298129453498	264.2617427679804	256.7382572320195	17.1843792509948	NaN	0.21519892581999653	0.2016448321466718	-50.786851241462756	-0.0394413111077982	0.2558978539969555	0.06660476516856935	0	13.431694494679387	-2.038311459376604	4.610666071011424	11.481210434526526	17.509570333502698	24.55742135551701	36.79149213863318	0.05301543440209622	1.0119927780254245	20.329811983664055	1.0241259623410084	59.45434149651732	1.107863794940673	5.464876020165097	1.107863794940673	1.3434493982969977	1.107863794940673	0.02073628712548861	1.305959150453396	NaN	NaN	800000009	800000009	800000009	800000009	800000019	800001019	899999999	899999999	89999	89999	89	89	16	11	2	29	11	2	14	NaN	0	18000	0	0	0	0	0	0	0	NaN	NaN	NaN	NaN	0	0	0	0	0	0	0	0	0	0	0	0	18000	18000	18000	18000	100	NaN	0.14344239879417997	0.1604190255116667	0.09942823998749696	0.056086761872330776	4.22085458388065	0.0669683007295211	1.8213630002743885e-7	NaN	0.017287897374538775	0.13813282980353764	0.033957671939832575	0.000020736287125488613	NaN	16.979175833240017	693.1334211746973	98.05359849421183	98.44707286834716	97.66012750116985	0.7869472206632291	0.0002782679798595685	53.43147999911838	114
