DATAH	filename	date	time	DOY	daytime	file_records	used_records	Tau	qc_Tau	rand_err_Tau	H	qc_H	rand_err_H	LE	qc_LE	rand_err_LE	co2_flux	qc_co2_flux	rand_err_co2_flux	h2o_flux	qc_h2o_flux	rand_err_h2o_flux	ch4_flux	qc_ch4_flux	rand_err_ch4_flux	none_flux	qc_none_flux	rand_err_none_flux	H_strg	LE_strg	co2_strg	h2o_strg	ch4_strg	none_strg	co2_v-adv	h2o_v-adv	ch4_v-adv	none_v-adv	co2_molar_density	co2_mole_fraction	co2_mixing_ratio	co2_time_lag	co2_def_timelag	h2o_molar_density	h2o_mole_fraction	h2o_mixing_ratio	h2o_time_lag	h2o_def_timelag	ch4_molar_density	ch4_mole_fraction	ch4_mixing_ratio	ch4_time_lag	ch4_def_timelag	none_molar_density	none_mole_fraction	none_mixing_ratio	none_time_lag	none_def_timelag	sonic_temperature	air_temperature	air_pressure	air_density	air_heat_capacity	air_molar_volume	ET	water_vapor_density	e	es	specific_humidity	RH	VPD	Tdew	u_unrot	v_unrot	w_unrot	u_rot	v_rot	w_rot	wind_speed	max_wind_speed	wind_dir	yaw	pitch	roll	u*	TKE	L	(z-d)/L	bowen_ratio	T*	model	x_peak	x_offset	x_10%	x_30%	x_50%	x_70%	x_90%	un_Tau	Tau_scf	un_H	H_scf	un_LE	LE_scf	un_co2_flux	co2_scf	un_h2o_flux	h2o_scf	un_ch4_flux	ch4_scf	un_none_flux	un_none_scf	spikes_hf	amplitude_resolution_hf	drop_out_hf	absolute_limits_hf	skewness_kurtosis_hf	skewness_kurtosis_sf	discontinuities_hf	discontinuities_sf	timelag_hf	timelag_sf	attack_angle_hf	non_steady_wind_hf	u_spikes	v_spikes	w_spikes	ts_spikes	co2_spikes	h2o_spikes	ch4_spikes	none_spikes	head_detect_LI-7200	t_out_LI-7200	t_in_LI-7200	aux_in_LI-7200	delta_p_LI-7200	chopper_LI-7200	detector_LI-7200	pll_LI-7200	sync_LI-7200	chopper_LI-7500	detector_LI-7500	pll_LI-7500	sync_LI-7500	not_ready_LI-7700	no_signal_LI-7700	re_unlocked_LI-7700	bad_temp_LI-7700	laser_temp_unregulated_LI-7700	block_temp_unregulated_LI-7700	motor_spinning_LI-7700	pump_on_LI-7700	top_heater_on_LI-7700	bottom_heater_on_LI-7700	calibrating_LI-7700	motor_failure_LI-7700	bad_aux_tc1_LI-7700	bad_aux_tc2_LI-7700	bad_aux_tc3_LI-7700	box_connected_LI-7700	mean_value_RSSI_LI-7200	mean_value_LI-7500	u_var	v_var	w_var	ts_var	co2_var	h2o_var	ch4_var	none_var	w/ts_cov	w/co2_cov	w/h2o_cov	w/ch4_cov	w/none_cov	co2_mean	h2o_mean	avg_signal_strength_7200_mean	co2_signal_strength_7200_mean	h2o_signal_strength_7200_mean	delta_signal_strength_7200_mean	flowrate_mean	rssi_77_mean	CHK
DATAU		[yyyy-mm-dd]	[HH:MM]	[ddd.ddd]	[1=daytime]	[#]	[#]	[kg+1m-1s-2]	[#]	[kg+1m-1s-2]	[W+1m-2]	[#]	[W+1m-2]	[W+1m-2]	[#]	[W+1m-2]	[µmol+1s-1m-2]	[#]	[µmol+1s-1m-2]	[mmol+1s-1m-2]	[#]	[mmol+1s-1m-2]	[µmol+1s-1m-2]	[#]	[µmol+1s-1m-2]	[µmol+1s-1m-2]	[#]	[µmol+1s-1m-2]	[W+1m-2]	[W+1m-2]	[µmol+1s-1m-2]	[mmol+1s-1m-2]	[µmol+1s-1m-2]	[µmol+1s-1m-2]	[µmol+1s-1m-2]	[mmol+1s-1m-2]	[µmol+1s-1m-2]	[µmol+1s-1m-2]	[mmol+1m-3]	[µmol+1mol_a-1]	[µmol+1mol_d-1]	[s]	[1=default]	[mmol+1m-3]	[mmol+1mol_a-1]	[mmol+1mol_d-1]	[s]	[1=default]	[mmol+1m-3]	[µmol+1mol_a-1]	[µmol+1mol_d-1]	[s]	[1=default]	[mmol+1m-3]	[µmol+1mol_a-1]	[µmol+1mol_d-1]	[s]	[1=default]	[K]	[K]	[Pa]	[kg+1m-3]	[J+1kg-1K-1]	[m+3mol-1]	[mm]	[kg+1m-3]	[Pa]	[Pa]	[kg+1kg-1]	[%]	[Pa]	[K]	[m+1s-1]	[m+1s-1]	[m+1s-1]	[m+1s-1]	[m+1s-1]	[m+1s-1]	[m+1s-1]	[m+1s-1]	[deg_from_north]	[deg]	[deg]	[deg]	[m+1s-1]	[m+2s-2]	[m]	[#]	[#]	[K]	[0=KJ/1=KM/2=HS]	[m]	[m]	[m]	[m]	[m]	[m]	[m]	[kg+1m-1s-2]	[#]	[W+1m-2]	[#]	[W+1m-2]	[#]	[µmol+1s-1m-2]	[#]	[mmol+1s-1m-2]	[#]	[µmol+1s-1m-2]	[#]	[µmol+1s-1m-2]	[#]	8u/v/w/ts/co2/h2o/ch4/none	8u/v/w/ts/co2/h2o/ch4/none	8u/v/w/ts/co2/h2o/ch4/none	8u/v/w/ts/co2/h2o/ch4/none	8u/v/w/ts/co2/h2o/ch4/none	8u/v/w/ts/co2/h2o/ch4/none	8u/v/w/ts/co2/h2o/ch4/none	8u/v/w/ts/co2/h2o/ch4/none	8co2/h2o/ch4/none	8co2/h2o/ch4/none	8aa	8U	[#]	[#]	[#]	[#]	[#]	[#]	[#]	[#]	[#_flagged_recs]	[#_flagged_recs]	[#_flagged_recs]	[#_flagged_recs]	[#_flagged_recs]	[#_flagged_recs]	[#_flagged_recs]	[#_flagged_recs]	[#_flagged_recs]	[#_flagged_recs]	[#_flagged_recs]	[#_flagged_recs]	[#_flagged_recs]	[#_flagged_recs]	[#_flagged_recs]	[#_flagged_recs]	[#_flagged_recs]	[#_flagged_recs]	[#_flagged_recs]	[#_flagged_recs]	[#_flagged_recs]	[#_flagged_recs]	[#_flagged_recs]	[#_flagged_recs]	[#_flagged_recs]	[#_flagged_recs]	[#_flagged_recs]	[#_flagged_recs]	[#_flagged_recs]	[#]	[#]	[m+2s-2]	[m+2s-2]	[m+2s-2]	[K+2]	--	--	--	--	[m+1s-1K+1]	--	--	--	--	--	--	--	--	--	--	--	--	241
DATA	2026-09-20T233000_AIU-1657.ghg	2026-09-21	00:00:00	264	0	18000	18000	0.046188968651983985	1	NaN	13.296786690682357	1	NaN	7.081678818141136	2	NaN	-7.317127827752634	2	NaN	0.16053220526066955	2	NaN	0.06037781847113333	1	NaN	NaN	NaN	NaN	NaN	NaN	NaN	NaN	NaN	NaN	-4.971129009700014e-10	-2.566032898063687e-11	-2.2671493140476934e-12	NaN	18.17846619741603	463.9121234063755	475.29376821169836	0.1	1	938.3490592959514	23.946547517646835	24.534053393023353	0.1	1	0.08290530599687249	2.029738266502385	2.079535973506617	0.1	0	NaN	NaN	NaN	NaN	9	303.46822137790264	295.12901697794604	97210.93043402777	1.1371306426622927	1018.8744202135679	0.025241015965996223	0.010402486900891387	0.01709585676911205	2328.4905903293457	2632.659141182108	0.015034206385544755	88.44633754158596	304.16855085276256	293.0947027394824	-0.572396843241402	-1.637518006544795	0.6180128966917118	1.841478565823762	-3.8864178439757394e-14	-2.7346251084740213e-14	1.841478565823762	2.9926555829244164	270.26714922352494	250.73285077647512	19.609446902555685	NaN	0.20154125153925515	0.159517706049322	-52.76533527275942	-0.03796242342904468	1.8776319898355145	0.05694449277167421	0	18.178099997523056	-2.7585968061827564	6.239953486675324	15.53836647000138	23.696989278765805	33.23536440310855	49.79263215218934	0.045644390895079795	1.0119308801415705	13.506526392129068	1.0235824268859581	6.404212847044184	1.105784424608815	-6.617137721343071	1.105784424608815	0.1451749560656543	1.105784424608815	0.04395092918265209	1.3056140813592327	NaN	NaN	800000009	800000009	800000009	800000009	800000019	800000019	899999999	899999999	89999	89999	89	89	9	0	0	10	2	0	6	NaN	0	0	0	0	0	0	0	0	0	NaN	NaN	NaN	NaN	0	0	0	0	0	0	0	0	0	0	0	0	18000	18000	18000	18000	93	NaN	0.18491640060718617	0.09319169703187638	0.040927314459581476	0.11625469692416578	17.068777868208795	0.05942490168580309	3.142175793419633e-7	NaN	0.011657693954759067	-0.17112216307035316	0.0037542897778098496	0.00004395092918265209	NaN	18.179865274080147	938.4122818970617	92.20623587883844	92.34671433258055	92.06575821261936	0.28095619182040865	0.0002836050982296002	58.35112643305464	062
DATA	2026-09-21T000000_AIU-1657.ghg	2026-09-21	00:30:00	264.02	0	18000	18000	0.021768285939412452	1	NaN	3.1427159926816257	1	NaN	31.885392246724447	1	NaN	10.43178994759112	1	NaN	0.7225854886753003	1	NaN	0.03401629264641548	0	NaN	NaN	NaN	NaN	NaN	NaN	NaN	NaN	NaN	NaN	-3.38623501068789e-10	-1.734137657684314e-11	-1.5457780185944088e-12	NaN	18.184056929174183	463.5485084062626	474.8202465436108	0.1	0	931.2306378862493	23.73895852040689	24.316199778318314	0.1	1	0.08300816511928022	2.0293172459644944	2.0786625295309538	0.2	0	NaN	NaN	NaN	NaN	9	303.29794027286107	294.8234076538086	97184.29882335069	1.1380876706671703	1018.7496097457595	0.02522178830233859	0.04682353966615945	0.01696057530653053	2307.6728814260305	2583.994546269718	0.01490269664074991	89.30641454941969	276.32166484368736	292.9498214408095	-0.42568236732795434	-1.824245190948246	0.5544227502808197	1.953576356475657	-2.7229641155894165e-14	-1.8621999611401754e-14	1.953576356475657	2.7405453263275636	264.1347716100015	256.8652283899985	16.48706427491822	NaN	0.1383006615469569	0.08769894424297381	-72.12194363221184	-0.027773793926226843	0.09856287695518232	0.019599171095366987	1	26.472930358823415	12	22	41	68	124	367	0.021510490081268777	1.0119846575865867	4.959012543014273	1.0240691571047986	28.78670959578843	1.1076428217898637	9.418008894540723	1.1076428217898637	0.6523632659016008	1.1076428217898637	0.024399725044178464	1.305919341774664	NaN	NaN	800000009	800000009	800000009	800000009	800000019	800000019	899999999	899999999	89999	89999	89	89	6	3	0	12	2	0	8	NaN	0	0	0	0	0	0	0	0	0	NaN	NaN	NaN	NaN	0	0	0	0	0	0	0	0	0	0	0	0	18000	18000	18000	18000	93	NaN	0.08072577269165623	0.05401947662458223	0.04065263916970917	0.04306671584747926	11.237427766236992	0.028917760462769962	2.1765292005887218e-7	NaN	0.004277125887280876	0.24331666004110264	0.01685397123426946	0.000024399725044178465	NaN	18.185422400870813	931.2987338950466	92.03920787811279	92.13188047154745	91.9465333213806	0.1853439948372546	0.0002837145958538814	58.39023213556076	025
DATA	2026-09-21T003000_AIU-1657.ghg	2026-09-21	01:00:00	264.041	0	18000	18000	0.039025971884084486	0	NaN	-4.658159781456763	2	NaN	4.690927905431505	2	NaN	24.348938139090478	1	NaN	0.10628364613887052	2	NaN	0.08652540793404268	1	NaN	NaN	NaN	NaN	NaN	NaN	NaN	NaN	NaN	NaN	-8.02195020001696e-10	-4.044075903656558e-11	-3.639563375041537e-12	NaN	18.365804101579858	467.969126134023	479.2759912846881	0	0	925.8684480279977	23.59155341864149	24.161562204056313	0.1	1	0.08332575782028213	2.0350005366683876	2.084169328720389	0.2	0	NaN	NaN	NaN	NaN	9	303.08611876932775	294.6097763807509	97178.2386733941	1.1389059680592633	1018.661128083972	0.025205084124458068	0.00688718026979881	0.016866430510158067	2293.200570613414	2550.445032151796	0.014809326654859024	89.9137421785034	257.244461538382	292.8484246707999	-0.5217662816838551	-1.6786589653392379	0.5894437542428049	1.8540711728604051	1.0125002797084298e-14	-4.367873116607455e-14	1.8540711728604051	3.0881560331720994	268.26646086585015	252.7335391341498	18.537098630443758	NaN	0.18511129936480653	0.20085996030509246	116.66794784262369	0.01716924002727837	-0.9930145752321623	-0.02169021462854139	1	15.165617832357524	7	13	26	46	93	333	0.03856680504086113	1.011905752699423	-4.3059717994115365	1.0257307063374443	4.166559391043886	1.1258516836492867	21.62712770492725	1.1258516836492867	0.0944028842186098	1.1258516836492867	0.06435260846152473	1.4065427352115953	NaN	NaN	800000009	800000009	800000009	800000009	800000019	800000019	899999999	899999999	89999	89999	89	89	4	3	1	4	9	0	5	NaN	0	0	0	0	0	0	0	0	0	NaN	NaN	NaN	NaN	0	0	0	0	0	0	0	0	0	0	0	0	18000	18000	18000	18000	93	NaN	0.23636375830413558	0.09773356095324942	0.06762260135279992	0.116732492691647	26.732795987846654	0.03355041600648464	4.455393417592446e-7	NaN	-0.0037115351562208134	0.5582879869905296	0.002436939242028903	0.00006435260846152473	NaN	18.367193698883057	925.9341194885724	92.01333996751573	92.09348611153497	91.93319284735784	0.16029314422524352	0.0002832637483758542	57.80208238919578	183
DATA	2026-09-21T010000_AIU-1657.ghg	2026-09-21	01:30:00	264.062	0	18000	18000	0.03487921811205727	1	NaN	14.532550863529972	1	NaN	8.69164222102762	1	NaN	11.882455899353609	0	NaN	0.19691306506435066	1	NaN	0.0414920314349558	1	NaN	NaN	NaN	NaN	NaN	NaN	NaN	NaN	NaN	NaN	-7.662860591609055e-11	-3.866416121135775e-12	-3.490109864545485e-13	NaN	18.305154067393644	466.1482731118669	477.3762777088896	0.1	0	923.6151687731984	23.520239947636455	24.086766474683703	0.1	1	0.08337225768219333	2.0352942142835895	2.0843178707303127	0.5	0	NaN	NaN	NaN	NaN	9	303.0747212253147	294.526498594496	97189.66026258681	1.1393928917837455	1018.6187389216052	0.025194998137649263	0.012759966616169922	0.01682217751328145	2286.537304754634	2537.4702833253377	0.01476415873276684	90.1108998115297	250.93297857070365	292.8015514368498	-0.3306799786701073	-1.907018056283325	0.43729727143787706	1.9842620842245065	2.3761119655871003e-14	-4.186176507117551e-15	1.9842620842245065	3.4838942876073347	260.8373611219512	260.1626388780488	12.731518773966249	NaN	0.17496316147166757	0.17476922503487252	-31.578779445960222	-0.06343183730162347	1.6720143896824802	0.07156654757443481	1	19.928542875764247	9	16	29	47	83	228	0.034465462075696354	1.0120049467334047	14.8046918198795	1.0242074131176702	7.843279091485579	1.1081643429548487	10.722647750666482	1.1081643429548487	0.1776930166687142	1.1081643429548487	0.02865127555258657	1.3060152567415328	NaN	NaN	800000009	800000009	800000009	800000009	800000019	800001019	899999999	899999999	89999	89999	89	89	8	4	0	12	12	0	15	NaN	0	0	0	0	0	0	0	0	0	NaN	NaN	NaN	NaN	0	0	0	0	0	0	0	0	0	0	0	0	18000	18000	18000	18000	93	NaN	0.18312082829062618	0.08728238653304493	0.07913523524607392	0.049528672373808605	19.83219985025525	0.01775270998328758	2.4646408369839893e-7	NaN	0.012755991003390395	0.2766660883948054	0.004584840703524034	0.00002865127555258657	NaN	18.306467406292345	923.6821873167488	91.92646226162381	91.98221129141913	91.87071212175157	0.11149612874827514	0.00028299303739913744	57.88160222487981	210
DATA	2026-09-21T013000_AIU-1657.ghg	2026-09-21	02:00:00	264.083	0	18000	18000	0.034930282532196474	0	NaN	23.89553848341226	0	NaN	26.990830261093564	0	NaN	6.192876629081309	1	NaN	0.6113567187536108	0	NaN	0.12851265423441513	0	NaN	NaN	NaN	NaN	NaN	NaN	NaN	NaN	NaN	NaN	-2.678960439399248e-10	-1.3352685412699192e-11	-1.217054915363131e-12	NaN	18.4809335153051	470.320025878134	481.609955740187	0	0	921.1412297608086	23.442060795237243	24.00478236276154	0.1	1	0.08395910086804102	2.047471535966979	2.0966206445818156	0.1	0	NaN	NaN	NaN	NaN	9	302.87978329722085	294.3021879984538	97194.02298394097	1.1403465088925278	1018.5699123107921	0.025174679634604957	0.03961591537523398	0.0167797941780874	2279.039359967588	2502.8091347906707	0.014714645107637906	91.05925530986212	223.76977482308257	292.74866323058654	-0.4579601928514693	-1.4759333360855056	0.5153790027793963	1.6290249437350683	-1.1216841026651378e-14	-1.449580692003816e-14	1.6290249437350683	3.175181985615616	268.2383403322325	252.76165966776747	18.443701709979266	NaN	0.1750179652895181	0.18404089787271116	-19.223588598792333	-0.10420010757647191	0.8853206163819618	0.11754563610503957	1	14.873321167433563	7	12	21	34	58	152	0.03451848176202318	1.011929863341393	25.12478828731379	1.0227527385004072	24.483278958758024	1.1024189327973388	5.617534718282786	1.1024189327973388	0.5545593427013453	1.1024189327973388	0.09411571715916314	1.3052381641762092	NaN	NaN	800000009	800000009	800000009	800000009	800000019	800000019	899999999	899999999	89999	89999	89	89	6	8	0	30	7	0	7	NaN	0	0	0	0	0	0	0	0	0	NaN	NaN	NaN	NaN	0	0	0	0	0	0	0	0	0	0	0	0	18000	18000	18000	18000	93	NaN	0.15999142911410158	0.12387502443670713	0.08421534219461366	0.034714573846801246	4.544448632855155	0.011418055959154133	0.000001457065965960761	NaN	0.021630907005106188	0.14481531694389232	0.014296073100557773	0.00009411571715916314	NaN	18.482319866816205	921.2101881467104	91.839049507565	91.87234937032062	91.80574865129262	0.06659820430287902	0.0002828240015029831	57.24093072393206	186
DATA	2026-09-21T020000_AIU-1657.ghg	2026-09-21	02:30:00	264.104	0	18000	18000	0.0987001225985912	1	NaN	21.78380161337567	0	NaN	11.564617325283649	0	NaN	8.04574712000872	1	NaN	0.2619030086827663	0	NaN	0.13360183189223612	1	NaN	NaN	NaN	NaN	NaN	NaN	NaN	NaN	NaN	NaN	2.588382252339578e-10	1.2761548845247733e-11	1.172357706215162e-12	NaN	18.589802227268756	472.80318177750377	484.08760396170146	-0.1	0	916.5364541205398	23.310702632845036	23.867060584858777	0.1	1	0.08419891566809855	2.0516736963154223	2.1006411167257437	0.4	0	NaN	NaN	NaN	NaN	9	302.7366820119222	294.1373992479112	97197.20737304687	1.1410799456135745	1018.4915972317361	0.025159759250709377	0.016971314962643255	0.016695663279419157	2266.3429572981045	2477.6099628501156	0.014631457982938845	91.47295140398208	211.26700555201114	292.65875794292947	-0.4484648320496269	-1.4104560294832693	0.4929051790350533	1.5599559071366573	-5.069492832140188e-14	1.3923667507031179e-14	1.5599559071366573	3.1382664131697586	268.63844365003376	252.3615563499662	18.41961056618137	NaN	0.29410391769389793	0.23048410428027138	-100.06234575431615	-0.02001851930313753	1.8836595280805257	0.06373226311563387	0	16.173217281960373	-2.454348119209099	5.551742128334512	13.824622879195445	21.083422172063486	29.569799374513757	44.30094778595207	0.09753321714046578	1.0119641850472836	22.143218102591867	1.022514275357493	10.500111854551797	1.1013803934165127	7.305148310340433	1.1013803934165127	0.2377952342789904	1.1013803934165127	0.0995123154103345	1.3051836890467343	NaN	NaN	800000009	800000009	800000009	800000009	800000019	800000019	899999999	899999999	89999	89999	89	89	18	1	1	25	1	0	3	NaN	0	0	0	0	0	0	0	0	0	NaN	NaN	NaN	NaN	0	0	0	0	0	0	0	0	0	0	0	0	18000	18000	18000	18000	93	NaN	0.1857076539373721	0.15853468106084878	0.11672587356232189	0.03994354357958514	5.278357053332005	0.011840791251974203	0.0000011461652125645173	NaN	0.019053168780690372	0.18818364239097438	0.006125703603648002	0.0000995123154103345	NaN	18.591182881841732	916.6039391002678	91.7710426949395	91.78361795849273	91.75846807691785	0.02514832123027781	0.00028315425337900195	56.997780568864655	159
DATA	2026-09-21T023000_AIU-1657.ghg	2026-09-21	03:00:00	264.124	0	18000	18000	0.1142197339658336	1	NaN	50.689289451043905	1	NaN	73.24865036499024	1	NaN	-9.401164515257356	1	NaN	1.6587802583528126	1	NaN	0.18083125451190052	1	NaN	NaN	NaN	NaN	NaN	NaN	NaN	NaN	NaN	NaN	8.257163307611052e-10	4.048677961986436e-11	3.7402652480390725e-12	NaN	18.640396660508067	474.0370188170939	485.317312372321	0.1	1	913.9817192730213	23.243130355451136	23.796229213017497	0.1	1	0.08443581075197747	2.0569545191113487	2.1059022803288743	0.1	0	NaN	NaN	NaN	NaN	9	302.7120790083144	294.08980798678925	97190.93515342881	1.1412203727379349	1018.4519364149081	0.02515731183924004	0.10748896074126225	0.016648885972319623	2259.6275337631664	2470.3738180141745	0.014588668735712103	91.46905287312275	210.7462842510081	292.6110263000917	-0.37088703894568575	-1.3125786061266669	0.5153341382154676	1.4580771814035145	-5.2567869454691306e-15	4.4297143767894435e-14	1.4580771814035145	3.768659459044185	266.7783647416178	254.2216352583822	20.697502029737997	NaN	0.316363093944194	0.2623790496988727	-53.52016397828805	-0.03742701537335747	0.6920167019933413	0.13785430563227363	0	19.49048013887439	-2.9577555558278106	6.6904511206406205	16.66016927596283	25.407809339360988	35.634813863676925	53.3874446810592	0.11285947018754239	1.0120527216371902	54.265328605402274	1.022196245401411	66.59563492789633	1.0999016744009902	-8.54727721037179	1.0999016744009902	1.5081168589512235	1.0999016744009902	0.12617865047362858	1.3051737253991824	NaN	NaN	800000009	800000009	800000009	800000009	800000019	800001019	899999999	899999999	89999	89999	89	89	1	0	0	13	0	0	14	NaN	0	0	0	0	0	0	0	0	0	NaN	NaN	NaN	NaN	0	0	0	0	0	0	0	0	0	0	0	0	18000	18000	18000	18000	93	NaN	0.3110395032172999	0.12900134611866418	0.08471725006178134	0.06883148763671862	11.552979224903481	0.04962337614243717	0.0000017595562686773121	NaN	0.04668876465611051	-0.22014474367367134	0.03884324693960849	0.00012617865047362858	NaN	18.641823116743105	914.0471604501568	91.76181394746568	91.77061864683363	91.75301229519316	0.01760691310339663	0.0002830745973672795	56.94562802028652	195
DATA	2026-09-21T030000_AIU-1657.ghg	2026-09-21	03:30:00	264.145	0	18000	18000	0.08591497316515238	1	NaN	27.029918430328387	0	NaN	26.410959571248668	1	NaN	7.8138313816083675	0	NaN	0.5979859082912649	1	NaN	0.09763910529966191	0	NaN	NaN	NaN	NaN	NaN	NaN	NaN	NaN	NaN	NaN	3.2076412414023174e-10	1.5278705354885276e-11	1.4324975192928262e-12	NaN	18.898131637894416	480.0353475878582	491.26826843261705	0	0	900.1598474491283	22.865146329514097	23.400195217296787	0.1	1	0.08439699035269259	2.0538547799421516	2.101915382740776	0.2	0	NaN	NaN	NaN	NaN	9	302.352821609497	293.8934646369086	97195.81762282985	1.1422048394786597	1018.2315413870474	0.02513925315668452	0.03874948685727396	0.016389903922342516	2222.992726922723	2440.7153004788397	0.014349356048800681	91.07955878699157	217.7225735561169	292.34842415277154	-0.6071408013234565	-1.696739061930102	0.6150489202857226	1.9041608575054125	1.2230215262342836e-14	1.6973324680257677e-14	1.9041608575054125	3.5807082797106737	270.6886332779427	250.31136672205727	18.84460734414838	NaN	0.2742599745864962	0.19894897425218996	-65.38873843101965	-0.03063371534707195	1.0234356823503499	0.0847406443307634	0	17.986750900914217	-2.729558842542825	6.174269533857417	15.374804140208001	23.447546405668007	32.88551722684332	49.268497331641754	0.08489982072390445	1.0119570622480962	28.134764209720615	1.0238509265150861	23.86203868010795	1.106819074652895	7.059718756707216	1.106819074652895	0.5402743067820699	1.106819074652895	0.06892395595590299	1.305775757117661	NaN	NaN	800000009	800000009	800000009	800000009	800000019	800000019	899999999	899999999	89999	89999	89	89	8	1	0	15	2	0	13	NaN	0	0	0	0	0	0	0	0	0	NaN	NaN	NaN	NaN	0	0	0	0	0	0	0	0	17996	0	0	0	18000	18000	18000	18000	93	NaN	0.20394993992365112	0.11612650295099251	0.07782150562973626	0.08020527607649876	15.714056486403884	0.05113890823894752	5.056754909546157e-7	NaN	0.024190939648144606	0.18163017148717303	0.013900003438197955	0.000068923955955903	NaN	18.89959285306931	900.2213455726641	91.72607771513198	91.7132994465298	91.73885812462701	-0.02555717199327603	0.00028209357899160946	57.512360533184506	227
DATA	2026-09-21T033000_AIU-1657.ghg	2026-09-21	04:00:00	264.166	0	18000	18000	0.17684876452822973	1	NaN	37.24288420127878	0	NaN	36.647264479432344	0	NaN	15.926864130419187	1	NaN	0.8300186659754251	0	NaN	0.17735109560591722	1	NaN	NaN	NaN	NaN	NaN	NaN	NaN	NaN	NaN	NaN	5.419377691006211e-10	2.6334558226233467e-11	2.4570001949274856e-12	NaN	18.673375866262646	474.3980088106758	485.59215930493843	0.1	1	907.401425160926	23.052576693753895	23.596537688525686	0.1	1	0.08466006755628602	2.063519228086605	2.1122111373231482	0	0	NaN	NaN	NaN	NaN	9	302.5757253224408	294.22566126526766	97189.52738416978	1.1407598318715122	1018.3449304615324	0.025169297696964323	0.05378520955520754	0.016504530406070018	2241.0700159542853	2491.0790826741763	0.014468015041336922	89.96382457470978	250.00906671989105	292.47847432549406	-0.325959455739078	-1.8312327182110484	0.4772840849003989	1.9202767854483744	-4.2891591865318394e-14	2.902194937765618e-14	1.9202767854483744	4.170335363852209	261.09294079934443	259.90705920065557	14.391703362984366	NaN	0.39373489383006205	0.4300798596114295	-140.41905598972906	-0.014265157858250496	1.0162527743968643	0.08142359542406928	0	16.866771770355996	-2.559597688573476	5.789816940809594	14.41746282446332	21.987540494549908	30.83783817715985	46.200700979238974	0.17475772488345995	1.0119653631687195	38.78199999394409	1.0239214705998845	33.10237826102784	1.107088565977085	14.38626016010073	1.107088565977085	0.7497310436431742	1.107088565977085	0.12871928500613605	1.305821822980289	NaN	NaN	800000009	800000009	800000009	800000019	800000019	800011019	899999999	899999999	89999	89999	89	89	4	1	0	54	43	0	13	NaN	0	0	0	0	0	0	0	0	0	NaN	NaN	NaN	NaN	0	991	0	0	0	0	0	0	18000	0	0	0	18000	18000	18000	18000	93	NaN	0.42986758916099077	0.24193396322446734	0.1883581668374009	0.040199445875825864	5.457916686829317	0.014721583752865941	5.532269523802083e-7	NaN	0.03338420785663569	0.37063852973185185	0.019315597564467185	0.00012871928500613605	NaN	18.67466860423122	907.4677218497544	91.48918074713815	91.43416241582234	91.54419450336032	-0.11003375943450827	0.00028248518877565696	52.72485416140423	193
DATA	2026-09-21T040000_AIU-1657.ghg	2026-09-21	04:30:00	264.187	0	18000	18000	0.14814126033075622	1	NaN	29.23827700826201	0	NaN	57.90553454279781	1	NaN	16.523255085773147	1	NaN	1.3113351887730866	1	NaN	0.10747514595502883	0	NaN	NaN	NaN	NaN	NaN	NaN	NaN	NaN	NaN	NaN	-4.504990529348362e-10	-2.1661754043704993e-11	-2.0443619737893096e-12	NaN	18.725160120647143	475.74817066500987	486.886094306163	0.1	1	900.3788361373621	22.87583024326292	23.411385114911287	0.1	1	0.08497466321933496	2.0698814438613478	2.1183402354857943	0	0	NaN	NaN	NaN	NaN	9	302.4760898284912	294.10030558899274	97174.36198180733	1.1411449152248898	1018.2412470037666	0.025162500589658195	0.084974520232496	0.016382412653215446	2223.5404899453897	2471.9683641979123	0.01435611939784782	89.95020009759992	248.42787425252254	292.35237842245135	-0.46897478598624354	-1.9251439420605845	0.4994455315715172	2.043419287995022	-2.8876267972102706e-14	-2.4058488687533153e-14	2.043419287995022	3.8942545397339146	264.69087747700974	256.3091225229902	14.147357406555352	NaN	0.3603027839947791	0.3696726723813946	-137.03938097940872	-0.014616966201131497	0.5049306122310655	0.06983814149364169	0	16.076056932582926	-2.4396036613440444	5.518390124497642	13.741571673888737	20.956763843754572	29.3921592681477	44.03481053635015	0.1463774452861099	1.012049773386868	32.12124027781922	1.0244795793579966	52.20599414196242	1.1091740612263177	14.896900011802309	1.1091740612263177	1.1822627616473982	1.1091740612263177	0.07435025137474126	1.3062122941589778	NaN	NaN	800000009	800000009	800000009	800000019	800000019	800000019	899999999	899999999	89999	89999	89	89	10	3	0	42	13	0	8	NaN	0	0	0	0	0	0	0	0	0	NaN	NaN	NaN	NaN	0	1235	0	0	0	0	0	0	18000	0	0	0	18000	18000	18000	18000	93	NaN	0.2801437892880138	0.2813560217001297	0.1778455337746457	0.04898565128920073	10.938825859665643	0.023748973190704303	4.110704818041505e-7	NaN	0.027643995979669177	0.3836212642257221	0.03044533660767295	0.00007435025137474126	NaN	18.72658698244475	900.445701600392	91.68663452402751	91.66638128662107	91.70688746854994	-0.040506935003799135	0.00028259864666324575	53.548751329478975	061
DATA	2026-09-21T043000_AIU-1657.ghg	2026-09-21	05:00:00	264.208	0	18000	18000	0.20673066936605583	1	NaN	29.80467471430251	1	NaN	29.614193034003875	1	NaN	7.070191457985999	1	NaN	0.6707654752952799	1	NaN	0.1316567329940411	1	NaN	NaN	NaN	NaN	NaN	NaN	NaN	NaN	NaN	NaN	-5.400762404777396e-10	-2.6191777646815593e-11	-2.485947936662936e-12	NaN	18.4479675004954	468.7933302605373	479.6992003994393	0.1	1	894.6608397015225	22.73480991800873	23.263705848461978	0.1	1	0.08491520882850555	2.0700194984843105	2.11817582319763	0	0	NaN	NaN	NaN	NaN	9	302.7639195319282	294.2839851064201	97179.91753137998	1.1405592073311401	1018.1636932973303	0.025176776378563297	0.04346560279913413	0.01627218971888549	2209.959592220738	2500.014618319983	0.014266852272370602	88.39786679750846	290.05502609924497	292.25408584520517	-0.41372455018284376	-0.5971589867058198	0.4164842766006667	0.8373923880016028	-2.8112291122555995e-14	-2.927565003912959e-14	0.8373923880016028	3.1558497597241026	285.715047267283	235.28495273271696	29.825397408454283	NaN	0.42573910028453565	0.514674041769093	-221.79336341991709	-0.009031379339369905	1.0064321077423897	0.06028446444400416	0	20.702826362563503	-3.141733772534299	7.106610347765422	17.69646459366768	26.98822508516653	37.85136941857708	56.70824881160493	0.2038085486295205	1.0143375768886276	31.13577599780797	1.0217125566370955	27.084244277798067	1.0934103506915902	6.466183033217172	1.0934103506915902	0.6134617939833985	1.0934103506915902	0.0947012732880345	1.3079978117978426	NaN	NaN	800000009	800000009	800000009	800000019	800000019	800000019	899999999	899999999	89999	89999	89	89	8	0	0	5	0	0	3	NaN	0	0	0	0	0	0	0	0	0	NaN	NaN	NaN	NaN	0	209	0	0	0	0	0	0	18000	0	0	0	18000	18000	18000	18000	93	NaN	0.6003927411665148	0.29701744965170845	0.13193789271996276	0.11904902311226301	61.74014948858247	0.040002584589294767	9.597610049699737e-7	NaN	0.02681169392044446	0.16658596029567121	0.015804396740774627	0.0000947012732880345	NaN	18.44942483033555	894.7267028174475	91.88557881206937	91.90304557079742	91.86811703279284	0.03493350524597576	0.0002832180796556512	57.108084842847624	011
DATA	2026-09-21T050000_AIU-1657.ghg	2026-09-21	05:30:00	264.229	0	18000	18000	0.1070685495093736	0	NaN	8.080729274307066	1	NaN	48.44910101440424	1	NaN	22.850191153296446	1	NaN	1.0978350251356643	1	NaN	0.20201224584020197	0	NaN	NaN	NaN	NaN	NaN	NaN	NaN	NaN	NaN	NaN	3.023337520025748e-10	1.491426887670124e-11	1.410495677285897e-12	NaN	18.11871477833839	460.7788994592494	471.4962178031088	0	0	893.804883227519	22.73044393398461	23.259134384054374	0.1	1	0.08453032022903204	2.0646063100914653	2.1126272657080496	0.1	0	NaN	NaN	NaN	NaN	9	303.1422383371988	294.7136953436433	97201.57023567281	1.1391518585764147	1018.1691222438277	0.025207922641025532	0.07113970962879104	0.016248963174849314	2210.0275000449487	2566.717011604381	0.014264088718738046	86.10327862608915	356.68951155943205	292.25457864797187	-0.15664778381463776	-1.0873541357240841	0.33016835907618497	1.147121915920607	2.324237046454875e-14	1.6686269180859684e-14	1.147121915920607	3.496039295782616	259.197814318527	261.802185681473	16.72768202030861	NaN	0.30657740797697003	0.3611162577666441	-305.523294186583	-0.00655629223078718	0.1667880126796287	0.022725260157916656	0	16.273083280250802	-2.469503169735159	5.586022893888535	13.90998683249863	21.213607586992655	29.7523862700152	44.5744962271018	0.10572554617622712	1.0127027325156392	10.830407254714327	1.021552432901105	44.20647426108849	1.0959729728333074	20.849228694229723	1.0959729728333074	1.0016989947275279	1.0959729728333074	0.15499448766399965	1.3058034504086484	NaN	NaN	800000009	800000009	800000009	800000019	800000019	800001119	899999999	899999999	89999	89999	89	89	3	1	0	5	14	0	2	NaN	0	0	0	0	0	0	0	0	0	NaN	NaN	NaN	NaN	0	1	0	0	0	0	0	0	18000	0	0	0	18000	18000	18000	18000	93	NaN	0.4133951524644898	0.18393741867881228	0.12489994438998613	0.0843988987857006	57.950317899505215	0.033327822316006124	0.000001693959295000436	NaN	0.009337771502515935	0.5377933036190263	0.02583822257921074	0.00015499448766399964	NaN	18.120106116506776	893.8723255384037	92.07716749784679	92.13915930302937	92.01517865965101	0.12398332961465819	0.0002830953291979514	58.73459852441156	047
DATA	2026-09-21T053000_AIU-1657.ghg	2026-09-21	06:00:00	264.249	0	18000	18000	0.18905319823994188	1	NaN	-11.723699546854412	2	NaN	54.75260416852285	1	NaN	29.76476175959245	1	NaN	1.24140224343348	1	NaN	0.08977454385651062	1	NaN	NaN	NaN	NaN	NaN	NaN	NaN	NaN	NaN	NaN	-5.530112968026945e-10	-2.7861700664301577e-11	-2.6069065328439993e-12	NaN	17.675631014102773	450.4898111922461	460.95179645023944	0.1	1	890.5299823256291	22.69648440153699	23.22357797683613	0.1	1	0.08332328512855798	2.0406753783343174	2.0880671621084743	0.2	0	NaN	NaN	NaN	NaN	9	303.5877979566786	295.32355248175725	97222.53641471354	1.1370593887768687	1018.1612200968681	0.02525463854244544	0.0804428653744895	0.01619467470246675	2207.201680929334	2664.0520945160165	0.014242593537605201	82.85129579383546	456.8504135866824	292.2340606318417	-0.10946974974067306	-1.5837814687787133	0.33473720969911835	1.6224661372467333	8.890292870482405e-14	-3.128665089022655e-14	1.6224661372467333	4.848315930157058	254.95395132710587	266.0460486728942	11.906420472588142	NaN	0.40775607497491595	0.598979023941347	495.5417081757975	0.004042242997817217	-0.21412131395193693	-0.02483502146436257	0	18.424545160851903	-2.795995810509434	6.324550136292041	15.749024088954117	24.01825543936582	33.68594476132717	50.46768363529217	0.1870092948554558	1.0109294213748352	-8.354195042867687	1.0231090121501585	49.1465149681739	1.1140689060857991	26.717164079346578	1.1140689060857991	1.1142957465665722	1.1140689060857991	0.0670752102316311	1.3815342665387824	NaN	NaN	800000009	800000009	800000009	800000009	800001019	800011119	899999999	899999999	89999	89999	89	89	12	1	0	19	20	10	6	NaN	0	0	0	0	0	0	0	0	0	NaN	NaN	NaN	NaN	0	0	0	0	0	0	0	0	18000	0	0	0	18000	18000	18000	18000	93	NaN	0.8247414692150098	0.21123504443548127	0.16198153423220316	0.032007976759162934	20.348760503723504	0.01931272689956785	2.6256019658233617e-7	NaN	-0.007216139334883501	0.6904063212613141	0.028794853559284347	0.0000670752102316311	NaN	17.676934009539067	890.5957220028665	92.40891665882536	92.55196065923901	92.26586919742161	0.28609462246877754	0.0002832179918995178	59.24170422634548	104
DATA	2026-09-21T060000_AIU-1657.ghg	2026-09-21	06:30:00	264.27	1	18000	18000	0.42529619024033727	1	NaN	37.73605704996211	1	NaN	158.12612706514963	1	NaN	-10.307420801107522	1	NaN	3.585670054435261	1	NaN	0.18634450470553854	1	NaN	NaN	NaN	NaN	NaN	NaN	NaN	NaN	NaN	NaN	5.628084920955762e-10	2.911436418394859e-11	2.6960141905124197e-12	NaN	17.430428239465396	444.5814688617548	455.0468274967505	0.1	1	901.684752048478	22.9984212670299	23.539799492295117	0.1	1	0.08349675340777697	2.046455506198845	2.094628658484669	0.2	0	NaN	NaN	NaN	NaN	9	303.9867451816135	295.4637105441624	97238.77989192709	1.1365789872874705	1018.3368044399718	0.025262403458726528	0.2323514195274049	0.016405072423523875	2236.938297555036	2686.872216368453	0.01443372841396249	83.25436110908385	449.93391881341677	292.4488315363138	-0.8458647018402486	-0.9275513030515484	0.7417563121229926	1.4580949695360206	1.006006414807883e-13	3.228885052986156e-14	1.4580949695360206	4.880951865570441	293.36272163360206	227.63727836639794	30.578344205211167	NaN	0.6117104994676482	0.8547173436042849	-519.8781128708737	-0.00385301852570494	0.23864530011801566	0.05329905660729001	0	23.040669482316787	-3.4965104854133404	7.9091162382816025	19.694817730081702	30.035839706704465	42.125692258306636	63.111963309119176	0.42023126801029353	1.012052701965813	46.53359705373184	1.0221962970937375	143.76346298154718	1.099904828290384	-9.37119333963527	1.099904828290384	3.259982102277502	1.099904828290384	0.1291707018167774	1.3051737191947121	NaN	NaN	800000009	800000009	800000009	800000009	800001019	800101019	899999999	899999999	89999	89999	89	89	34	7	1	17	33	1	7	NaN	0	0	0	0	0	0	0	0	0	NaN	NaN	NaN	NaN	0	0	0	0	0	0	0	0	18000	0	0	0	18000	18000	18000	18000	93	NaN	0.32338855964725965	1.177591902995083	0.20845422456622714	0.045196807979855244	10.072476484010114	0.1026835989609818	8.197863800844569e-7	NaN	0.04020458299809251	-0.24231318253626716	0.08429413518480208	0.0001291707018167774	NaN	17.43157460338652	901.7464993850559	92.40699673461913	92.56096777386134	92.25302571063571	0.30794193215916404	0.0002836086710077425	59.05360227817959	142
DATA	2026-09-21T063000_AIU-1657.ghg	2026-09-21	07:00:00	264.291	1	18000	18000	0.0754383330211006	1	NaN	39.83236150777416	0	NaN	59.55017198577383	1	NaN	2.7965580228095783	1	NaN	1.3500035172495708	1	NaN	0.09536973057544099	0	NaN	NaN	NaN	NaN	NaN	NaN	NaN	NaN	NaN	NaN	1.1380177857606466e-10	5.909272016863849e-12	5.437014210247941e-13	NaN	17.483664017061894	445.73830385818746	456.29954413852676	0.1	1	907.8568702616316	23.145410544466976	23.693813587309318	0.1	1	0.0835302671868429	2.044843754358088	2.093293901089022	0.3	0	NaN	NaN	NaN	NaN	9	303.74692045338946	295.19069701300725	97265.50730902777	1.1378790675288095	1018.4159786079333	0.02523212516816177	0.08748022791777219	0.016529733519385265	2251.8539724907787	2642.5774997744825	0.014526792864977944	85.21430204726074	390.7235272837038	292.55561815016176	-1.5015022864286591	-0.24308185614273264	1.0291985655364884	1.8365314024646315	2.8005098562686492e-14	6.50903486048509e-15	1.8365314024646315	3.2614924989272183	331.8040325404884	189.19596745951156	34.083704779484826	NaN	0.2574826602244097	0.27015210316216787	-36.73861584462229	-0.054523012202519025	0.6688874302040616	0.133495539411219	0	16.06890889442233	-2.4385189189758663	5.515936434307292	13.735461638379194	20.947445654082443	29.379090374640285	44.01523095241184	0.07454901914275967	1.0119292498890953	42.702854399684846	1.023561667949689	53.85735383732465	1.105701779661219	2.5292154487319616	1.105701779661219	1.220947222915029	1.105701779661219	0.06201884569193001	1.3056014916330538	NaN	NaN	800000009	800000009	800000009	800000009	800000019	800000019	899999999	899999999	89999	89999	89	89	22	1	1	17	2	0	7	NaN	0	0	0	0	0	0	0	0	0	NaN	NaN	NaN	NaN	0	0	0	0	0	0	0	0	18000	0	0	0	18000	18000	18000	18000	93	NaN	0.11931934874870745	0.3300591749435107	0.09092568263211756	0.06563949779196704	4.201393030628788	0.08558695025523357	3.4269469393177095e-7	NaN	0.03684983883958037	0.06532997548500902	0.031537231113118146	0.00006201884569193	NaN	17.48495407036672	907.9196180759782	92.36058142089844	92.5103077791002	92.21085386742485	0.2994562563250475	0.0002834917109188003	59.01424597930909	090
DATA	2026-09-21T070000_AIU-1657.ghg	2026-09-21	07:30:00	264.312	1	18000	18000	0.08497824438038754	1	NaN	22.971279914431328	0	NaN	45.645895185938606	0	NaN	2.668437591765516	1	NaN	1.0349801829660272	0	NaN	0.08794186948611794	0	NaN	NaN	NaN	NaN	NaN	NaN	NaN	NaN	NaN	NaN	-3.389082485311392e-10	-1.7512410463714092e-11	-1.619733675614917e-12	NaN	17.406849510437905	443.80012454269877	454.2164383722943	0	0	899.4643677988873	22.9324897771707	23.470732101142875	0.1	1	0.0831920157169818	2.038053606308973	2.0858882165104187	0.2	0	NaN	NaN	NaN	NaN	9	303.9234529715644	295.3771975792779	97296.56830381944	1.1376161490321017	1018.2976032823152	0.02524000654376331	0.06706671585619856	0.016372558071589726	2231.8510678600587	2672.766345311911	0.014391988093277075	83.50341105479619	440.9152774518525	292.41226748611496	-1.447042904480755	-0.8605141517954177	1.0268869863055519	1.9720331273819327	4.8812726248532096e-14	-1.946982125214072e-14	1.9720331273819327	4.338587477741536	310.2612869015022	210.73871309849775	31.380896864100347	NaN	0.27331030260781103	0.38195168493812315	-76.20465396213712	-0.026285796153542748	0.503249631119245	0.07255355898614373	0	15.90140950328746	-2.413100240154363	5.458439313603235	13.592285678113251	20.72909328081661	29.072848066454902	43.55642417009517	0.08397087848175967	1.0119966102158462	25.271942881911027	1.02415204171112	41.19828700772791	1.1079561433555822	2.408432506799252	1.1079561433555822	0.9341346127938439	1.1079561433555822	0.06115857869306338	1.3059780354956698	NaN	NaN	800000009	800000009	800000009	800000009	800000019	800000019	899999999	899999999	89999	89999	89	89	21	11	1	11	8	0	9	NaN	0	0	0	0	0	0	0	0	0	NaN	NaN	NaN	NaN	0	0	0	0	0	0	0	0	18000	0	0	0	18000	18000	18000	18000	93	NaN	0.22448356539149245	0.43425279669103184	0.10516700779372196	0.05074563928689898	2.471330408028207	0.06807674737911013	4.0168715300676275e-7	NaN	0.02181565019643177	0.06221600279527616	0.024131098345779915	0.00006115857869306338	NaN	17.408147934920475	899.5290507031488	92.4427619934082	92.60481909900243	92.28070423465304	0.32411410155395426	0.0002834277576362688	59.10828410021465	202
DATA	2026-09-21T073000_AIU-1657.ghg	2026-09-21	08:00:00	264.333	1	18000	18000	0.17327456257545537	1	NaN	46.1769434667541	1	NaN	101.74015572193518	1	NaN	-1.060239511734535	2	NaN	2.3073630680472346	1	NaN	0.11177702059698104	1	NaN	NaN	NaN	NaN	NaN	NaN	NaN	NaN	NaN	NaN	-1.2755919916495722e-9	-6.525068922207668e-11	-6.098223150040642e-12	NaN	17.40772450840717	443.8551633005094	454.16685772212367	0.1	1	890.4618635091326	22.704638716555987	23.232115505734996	0.1	1	0.08322111559309747	2.040541722807364	2.0879478238058957	0.1	0	NaN	NaN	NaN	NaN	9	303.81610600365536	295.5988674808078	97346.50065646702	1.1374452811711755	1018.1716024949446	0.025245992076369208	0.1495171268094608	0.016206041554825825	2210.809995073505	2709.0396470810824	0.014247754879372486	81.60862457127911	498.22965200757744	292.26025620711397	-0.536235818859785	-1.3547794748203603	0.5075714906705264	1.5429209626432767	1.1219030520933415e-13	-7.327735402944347e-14	1.5429209626432767	3.393252097163642	272.5941749245952	248.40582507540478	19.206144054190002	NaN	0.3903032332070979	0.34634650491209307	-110.43914622967517	-0.018137590414129476	0.4538713661197823	0.1021578020664468	0	18.827696046119982	-2.8571755127149343	6.46293878926059	16.093631402086647	24.543803335307878	34.42303315797732	51.57197636856562	0.171224019019118	1.011975793863993	51.493954882021434	1.0224581365426946	92.39642316025095	1.1011265614197925	-0.9628679834654631	1.1011265614197925	2.0954567339399395	1.1011265614197925	0.07111428483055128	1.3051779743617957	NaN	NaN	800000009	800000009	800000009	800000009	800000019	800001019	899999999	899999999	89999	89999	89	89	13	6	0	35	22	6	8	NaN	0	0	0	0	0	0	0	0	0	NaN	NaN	NaN	NaN	0	0	0	0	0	0	0	0	18000	0	0	0	18000	18000	18000	18000	93	NaN	0.19620662993231153	0.35589201373783746	0.14059436615403714	0.035262428659929373	0.2297614361428833	0.05152227474682169	3.785236705147382e-7	NaN	0.04446361354010126	-0.024873451701945295	0.05413124411674931	0.00007111428483055129	NaN	17.409025970661176	890.5253979818416	92.53551015090942	92.71777219072979	92.35325419976976	0.3645245527128388	0.0002834854827395045	59.27643573549058	074
DATA	2026-09-21T080000_AIU-1657.ghg	2026-09-21	08:30:00	264.354	1	18000	18000	0.05544647917229146	1	NaN	9.399480069783836	1	NaN	16.995255078558895	0	NaN	5.607078329909995	1	NaN	0.3855679746293846	0	NaN	0.0535107539456546	1	NaN	NaN	NaN	NaN	NaN	NaN	NaN	NaN	NaN	NaN	-1.4336222938981085e-10	-7.373121985071122e-12	-6.848972732571191e-13	NaN	17.450534266873063	445.4314134205469	455.874842978337	0.1	1	897.481285007579	22.90854544541393	23.445651211694354	0.1	1	0.0833680069508652	2.0475632669224595	2.095569721112601	0	1	NaN	NaN	NaN	NaN	9	303.77648286183677	295.95475851101344	97373.15980230035	1.136300228664319	1018.2952830741297	0.025269467143269567	0.02498480475598412	0.016336394972593267	2231.275812108594	2768.1762658658718	0.014376829785378225	80.60454240657475	536.9004537572778	292.4081282856424	-0.12224363633827465	0.014123909223793243	0.16967992672856708	0.20960503088326843	-2.477131215042647e-14	-8.215349008652428e-15	0.20960503088326843	1.2832013217758909	347.5906746669638	173.40932533303618	54.04927576604411	NaN	0.22089731643391072	0.1499617415821084	-98.3814339272585	-0.020360548937323447	0.5530649599747497	0.03677448211192628	0	16.659213298861168	-2.528099889758428	5.7185688341279475	14.240044964814652	21.71696706419139	30.458355093888066	45.63216616962626	0.05357374704397649	1.0349561535574079	10.153653742036546	1.034315415996688	15.374385688458418	1.1054266116998266	5.072320740757208	1.1054266116998266	0.34879563287923065	1.1054266116998266	0.03794797530980588	1.3378028287786274	NaN	NaN	800000009	800000009	800000009	800000009	800000019	800001019	899999999	899999999	89999	89999	89	89	2	0	0	12	4	0	2	NaN	0	0	0	0	0	0	0	0	0	NaN	NaN	NaN	NaN	0	0	0	0	0	0	0	0	18000	0	0	0	18000	18000	18000	18000	93	NaN	0.07842269869186573	0.16035011384199047	0.06115067063036059	0.020996738715646397	2.60742527697788	0.03143666099663812	7.621189464474883e-7	NaN	0.008775169681537564	0.131180809947715	0.009020583666894233	0.00003794797530980588	NaN	17.451819847236642	897.5457048707021	92.57569478649563	92.78475829230413	92.36663044844734	0.41812677391950187	0.00028372354604976464	59.63482366124788	102
DATA	2026-09-21T083000_AIU-1657.ghg	2026-09-21	09:00:00	264.374	1	18000	18000	0.08980294093673967	1	NaN	10.67929708481859	1	NaN	47.432019021411286	0	NaN	0.8674751548242098	1	NaN	1.07677130731104	0	NaN	0.09253154090154272	0	NaN	NaN	NaN	NaN	NaN	NaN	NaN	NaN	NaN	NaN	-1.664929732124687e-11	-8.620623090896095e-13	-7.947250977446818e-14	NaN	17.556346783330216	449.42552492103346	460.13291901735147	0.1	0	909.0272433240531	23.27021965562574	23.824623886681486	0.1	1	0.08380215179181347	2.064670832439317	2.1138608384719855	0.7	0	NaN	NaN	NaN	NaN	9	303.9103377965291	296.616631802661	97387.01401101572	1.1337695581372005	1018.5153455726872	0.025322376929313998	0.0697747807137554	0.016559636820415346	2266.8250964179065	2881.1603491737674	0.014605822410352121	78.67750564691637	614.3352527558609	292.66218010222786	0.4206880537732614	0.30509402738352964	0.14018176716538627	0.5382487640285522	4.1655320300089447e-14	-9.483349541178698e-16	0.5382487640285522	3.561685045911168	125.04939139554864	35.950608604451375	15.09620034448581	NaN	0.2814380958526057	0.2187681031537868	-179.1140633781496	-0.011183376459787026	0.22514953622357609	0.03285998915397438	0	18.20795324750167	-2.7631271520415863	6.2502011413431955	15.563884579075017	23.735906005199038	33.2899456652752	49.87440482892316	0.08819501850414298	1.0182314427715797	13.333342579875294	1.0235986933693046	43.37234024180664	1.0936006394160744	0.7932284634429221	1.0936006394160744	0.9846110805915216	1.0936006394160744	0.06717236265623101	1.3135224463023394	NaN	NaN	800000009	800000009	800000009	800000019	800000019	810001019	899999999	899999999	89999	89999	89	89	4	7	0	5	6	0	0	NaN	0	0	0	0	0	0	0	0	0	NaN	NaN	NaN	NaN	0	3	0	0	0	0	0	0	18000	0	0	0	18000	18000	18000	18000	93	NaN	0.2185885618568777	0.1394655120668157	0.07948213238388022	0.088326621090692	7.06913295580409	0.03598993113184748	0.0000011831127322942908	NaN	0.011546401874229133	0.02056511321126397	0.025526868077253025	0.00006717236265623101	NaN	17.55757025998396	909.0928512413018	92.6392508621216	92.89737799962363	92.38112327575683	0.5162521386361832	0.00028464315162434807	59.78010433302986	220
DATA	2026-09-21T090000_AIU-1657.ghg	2026-09-21	09:30:00	264.395	1	18000	18000	0.21673949523639294	0	NaN	12.112583400386775	1	NaN	74.48832758845276	1	NaN	-0.8569583477541524	2	NaN	1.6915748397770178	1	NaN	0.05961290141124014	0	NaN	NaN	NaN	NaN	NaN	NaN	NaN	NaN	NaN	NaN	7.111850364409247e-10	3.674946555241654e-11	3.425136113364345e-12	NaN	17.54061605022962	449.6206170979622	460.31535376317703	0.1	1	906.3861474532349	23.233499768762865	23.786134929138775	0.1	1	0.08447730816295129	2.0846116660530294	2.1341965204166238	0.1	0	NaN	NaN	NaN	NaN	9	304.3624939812554	296.975501598782	97406.579046658	1.1326428583116523	1018.5016187553452	0.02534792151061573	0.10961404961755075	0.01651684430343369	2263.7027832297163	2944.08786131023	0.014582570474204146	76.88978352100821	680.3850780805137	292.64000701684273	0.8302558194751898	0.08976162074207127	0.17595774680568008	0.8534301394908433	5.690088403677279e-14	4.0545043253005626e-14	0.8534301394908433	4.5747502808153495	154.82953603495298	6.170463965046982	11.898413739384216	NaN	0.43744406971770805	0.8336479949913416	-593.085140821182	-0.0033774240191324304	0.16261048935490502	0.02400266879641123	0	16.698200283602432	-2.5340163151056645	5.731951804372603	14.27337045298738	21.76779053636676	30.529635736256132	45.7389575609273	0.2137020489668117	1.014213463484634	16.384582101150244	1.0216736836273883	68.11959736035581	1.0934933627749746	-0.7836886595995757	1.0934933627749746	1.5469456856000323	1.0934933627749746	0.03969393284610382	1.3078244700726138	NaN	NaN	800000009	800000009	800000009	800000009	800000019	800000119	899999999	899999999	89999	89999	89	89	20	2	0	5	1	0	2	NaN	0	0	0	0	0	0	0	0	0	NaN	NaN	NaN	NaN	0	0	0	0	0	0	0	0	18000	0	0	0	18000	18000	18000	18000	93	NaN	0.6472552568654869	0.7816290857955894	0.2384116473216067	0.0389804275502482	1.4802984101463825	0.041879501352833734	3.426366581749968e-7	NaN	0.01420301855341601	-0.020337517076853093	0.040144812499813165	0.00003969393284610382	NaN	17.541907260309188	906.4496531138675	92.66311576546562	92.94112946743437	92.38509793429904	0.556030915879541	0.00028463438619736627	59.535783439424286	005
DATA	2026-09-21T093000_AIU-1657.ghg	2026-09-21	10:00:00	264.416	1	18000	18000	0.0594397870667983	0	NaN	21.23024328862953	0	NaN	70.11399493687287	0	NaN	-0.9895220313814913	2	NaN	1.5927932837110694	0	NaN	0.027649178437635	2	NaN	NaN	NaN	NaN	NaN	NaN	NaN	NaN	NaN	NaN	6.058181207923268e-10	3.157732994072933e-11	2.920144712380035e-12	NaN	17.555006121293914	450.6652482676415	461.5061321181187	0.1	1	915.0274667892405	23.490227097789802	24.055291354613168	0.1	1	0.08461806694367346	2.0916853892194958	2.142001490679358	0.4	0	NaN	NaN	NaN	NaN	9	304.09934169006345	297.33562102254234	97417.09517730035	1.1312823812113346	1018.6558323666194	0.02537591937721257	0.1032130047844773	0.016680928610411008	2288.9635145016696	3008.4371530421686	0.014745150183060128	76.08480410458439	719.473638540499	292.81863262982586	-0.35496216168675604	-1.3451307888155426	0.419597029115208	1.4530783330884705	1.8391962169631666e-15	3.450970718019176e-14	1.4530783330884705	3.387670518807085	265.78261025714505	255.2173897428549	16.7839860410132	NaN	0.22922031804628007	0.37311794693084266	-48.690841205626285	-0.04113915369711336	0.3027960866834671	0.08037173816269202	0	16.691538445178363	-2.533005355423275	5.729665010818403	14.26767601369993	21.759106157155866	30.517455770932543	45.720709753392285	0.05873157242609627	1.012058499567557	25.081035227994022	1.0221817684268404	63.74979609707774	1.0998308893428266	-0.8997038008022785	1.0998308893428266	1.4482165386924155	1.0998308893428266	0.012465168347678265	1.3051757579909011	NaN	NaN	800000009	800000009	800000009	800000009	800000019	800000119	899999999	899999999	89999	89999	89	89	10	2	2	5	18	4	3	NaN	0	0	0	0	0	0	0	0	0	NaN	NaN	NaN	NaN	0	0	0	0	0	0	0	0	18000	0	0	0	18000	18000	18000	18000	93	NaN	0.5488043131403533	0.13190434156894335	0.06552723915238867	0.06147738772363439	0.352603209225817	0.06889258012783775	5.140363243302807e-7	NaN	0.021764413010881136	-0.02338016378801758	0.037634096738228234	0.000012465168347678264	NaN	17.556258991868155	915.0876513979779	92.64776131651136	92.95231358528137	92.34320881440905	0.609104949027294	0.0002854982281051989	59.620321289274415	154
DATA	2026-09-21T100000_AIU-1657.ghg	2026-09-21	10:30:00	264.437	1	18000	18000	0.18256367486993896	0	NaN	25.342431105233324	0	NaN	64.86196227258391	0	NaN	1.6371549688456042	2	NaN	1.4749828939110645	0	NaN	0.08465405887052435	0	NaN	NaN	NaN	NaN	NaN	NaN	NaN	NaN	NaN	NaN	2.1114775543217056e-10	1.1041498793610415e-11	1.0216060455312943e-12	NaN	17.31319817148594	446.3429553335639	457.00979464713356	0.1	1	905.354908143505	23.340504817420268	23.898303280261377	0.1	1	0.08376725522499466	2.0803127287123426	2.1300286732208984	0.4	0	NaN	NaN	NaN	NaN	9	304.8173034379747	298.38456691487625	97429.77797157118	1.1275166197028257	1018.5923487923961	0.02546212606636689	0.09557889152543697	0.016518491147206688	2274.6701946819526	3202.918215899146	0.01465033052156729	71.01867863470848	928.2480212171936	292.7177741129488	0.6893494182921509	0.221714980197793	0.09255268363548906	0.730017912240446	-5.981522897327528e-14	1.2195768415561802e-14	0.730017912240446	4.677662308319378	143.17068705474128	17.8293129452587	7.283640304335509	NaN	0.4023886372654703	0.7484584312102062	-220.68350630991458	-0.009076799773096623	0.39071329662724613	0.05483769657598936	0	16.329844787654157	-2.478116947470915	5.605507282580354	13.95850571530504	21.287601944629987	29.856164408702817	44.729974789708685	0.1798061347707196	1.0153361847343843	28.860597964234174	1.022098943029993	59.34046887039598	1.093047687476944	1.4977891519304252	1.093047687476944	1.3494222720654874	1.093047687476944	0.05632675129173935	1.3094028289370934	NaN	NaN	800000009	800000009	800000009	800000009	800000019	800000019	899999999	899999999	89999	89999	89	89	3	0	0	11	1	0	1	NaN	0	0	0	0	0	0	0	0	0	NaN	NaN	NaN	NaN	0	0	0	0	0	0	0	0	4	0	0	0	18000	18000	18000	18000	93	NaN	0.6834277023713891	0.6001881847028679	0.21330097534615539	0.1781010621716247	2.1570030402722082	0.05302525802944308	3.0511284505121967e-7	NaN	0.02512939096955884	0.039048553638478326	0.03518051115792442	0.00005632675129173935	NaN	17.314470956346472	905.418385982381	92.65487976710003	93.00766405614218	92.30209540685019	0.7055687418364774	0.0002864977533641245	59.413807620684295	155
DATA	2026-09-21T103000_AIU-1657.ghg	2026-09-21	11:00:00	264.458	1	18000	18000	0.40413103534888933	1	NaN	-40.29726235397109	2	NaN	96.88141877640257	1	NaN	11.738041537255802	2	NaN	2.20393637949316	1	NaN	0.012437458277645072	1	NaN	NaN	NaN	NaN	NaN	NaN	NaN	NaN	NaN	NaN	-7.390607848392191e-10	-3.878484434802617e-11	-3.6213764256056727e-12	NaN	17.165105273321846	443.6257029838674	454.19985590151674	0.2	0	900.7999746436317	23.280837235540922	23.835753533951312	0.1	1	0.08410851834517293	2.0923314982713532	2.1422037961754725	-0.1	0	NaN	NaN	NaN	NaN	9	305.2424157248604	298.7677848629422	97438.23155186632	1.1261937369213935	1018.5666681079316	0.025492615411726694	0.14281507739115676	0.016456557610776683	2269.052095262687	3276.655036108173	0.014612545844698944	69.24903812754545	1007.602940845486	292.6779787695294	0.7250646545882695	-0.1486763045738524	0.09951781111415978	0.7468113494075196	6.14349864560795e-14	-4.305600071022423e-14	0.7468113494075196	5.408652383615105	172.58801173304005	348.41198826696	7.657840468240041	NaN	0.5990382415223261	1.0907246388300118	457.92564438406527	0.004374290945627816	-0.415944180658369	-0.058643303505124506	0	19.6418489744238	-2.9807263606071395	6.7424111435962235	16.789557079926098	25.605133904284852	35.911564371675254	53.80206737258605	0.3995079004708494	1.0115720737251785	-34.01788876992839	1.0206771999772926	87.94575900699327	1.1016042145784286	10.655407252365874	1.1016042145784286	2.000660809323956	1.1016042145784286	0.01408517505194438	1.381952687324536	NaN	NaN	800000009	800000009	800000009	800000009	800000019	810000019	899999999	899999999	89999	89999	89	89	24	5	0	24	4	1	2	NaN	0	0	0	0	0	0	0	0	0	NaN	NaN	NaN	NaN	0	0	0	0	0	0	0	0	0	0	0	0	18000	18000	18000	18000	93	NaN	0.7808899452745902	1.102632414664004	0.2979269177214294	0.20002127594920557	3.1150944795390023	0.061508358864396026	6.053865986741888e-7	NaN	-0.029655468463353624	0.2781105831144318	0.052218083374686135	0.000014085175051944379	NaN	17.16637074506234	900.8646577506264	92.6333698794047	93.0175782462226	92.24916017447578	0.7684188495477036	0.0002873060127361289	59.35742654291788	014
DATA	2026-09-21T110000_AIU-1657.ghg	2026-09-21	11:30:00	264.479	1	18000	18000	0.11987306353254278	1	NaN	-19.272774704045204	2	NaN	41.755911441122684	0	NaN	2.04692615866675	0	NaN	0.950244213764369	0	NaN	0.0015463627900433239	2	NaN	NaN	NaN	NaN	NaN	NaN	NaN	NaN	NaN	NaN	5.269298493495433e-12	2.7806954348253146e-13	2.5946611169334244e-14	NaN	16.947015532064484	438.5469510557841	448.9366210249084	0.2	0	894.3218681214811	23.142843516318564	23.69112347973587	0.4	0	0.08344898719135854	2.079315280022873	2.1285765950751965	-0.1	0	NaN	NaN	NaN	NaN	9	305.50459204949277	299.1438458311974	97441.84096555712	1.12487885057908	1018.496330716881	0.025523757654780835	0.061575825051931106	0.016339053714191133	2255.686179088555	3350.4491961116146	0.01452516749317484	67.32488830770531	1094.7630170230595	292.5829541506932	0.4098564597641545	-0.2722832766656424	0.16626097871750203	0.5193873442878147	-4.7111476204057894e-14	3.109278140169101e-16	0.5193873442878147	3.8964574754306733	194.59760403370024	326.4023959662998	18.669565229930086	NaN	0.3264434255673321	0.739544441641755	154.94970592692687	0.01292742046857867	-0.4615579935602771	-0.05153129990116605	0	14.689537419452654	-2.229193976000009	5.042442843347273	12.556395648024555	19.14929562419782	26.85715939042757	40.236918782066944	0.11831332902003155	1.013183083642648	-16.52538279279239	1.0216095046534663	37.83501629276972	1.1036313852229591	1.8547190539105802	1.1036313852229591	0.861015939277948	1.1036313852229591	0.0036478143795080444	1.3970582911913976	NaN	NaN	800000009	800000009	800000009	800000019	800000019	800000119	899999999	899999999	89999	89999	89	89	14	3	0	21	4	6	3	NaN	0	0	0	0	0	0	0	0	0	NaN	NaN	NaN	NaN	0	1	0	0	0	0	0	0	0	0	0	0	18000	18000	18000	18000	93	NaN	0.23064966102542686	1.0655230436210825	0.18291617863700052	0.12899746623073727	4.16983504273793	0.05732871046305855	2.9997067830807004e-7	NaN	-0.01442401973935368	0.04846123117821886	0.022497149847845135	0.0000036478143795080446	NaN	16.94825495644561	894.3841391837075	92.61555869229633	93.01118442789712	92.21993281979033	0.7912479838927579	0.00028742625545419287	59.172338339487695	017
DATA	2026-09-21T113000_AIU-1657.ghg	2026-09-21	12:00:00	264.499	1	18000	18000	0.39629224174860506	0	NaN	-22.869503119402495	1	NaN	91.00955376847963	0	NaN	6.509190291799105	1	NaN	2.0721588135512903	0	NaN	0.11221792296943942	0	NaN	NaN	NaN	NaN	NaN	NaN	NaN	NaN	NaN	NaN	-3.301252854289439e-10	-1.761532027852536e-11	-1.6389039836570535e-12	NaN	16.6685337941941	432.23955292201424	442.4441224645062	0.1	1	889.424634579685	23.064086569057242	23.608597300981085	0.1	1	0.0827507847559495	2.0666937397213214	2.1154854799668605	0.2	0	NaN	NaN	NaN	NaN	9	306.1108525043063	299.66205647616914	97427.02219921874	1.1227965364919865	1018.463185854338	0.0255718617002219	0.1342758911181236	0.01625281928894091	2247.668025640897	3454.5087844974983	0.014475302301626674	65.06476508983168	1206.840758856601	292.52571220466626	1.1831633166589968	0.24468389714986832	0.15805123440808075	1.2184932646961772	-3.3626520119840795e-14	-1.980529838466845e-14	1.2184932646961772	6.098743849648676	149.31567006156615	11.68432993843388	7.45285708599002	NaN	0.5940968544733068	1.3830418248212837	787.0059294095522	0.002545215893738967	-0.2512868393749135	-0.03366302009728457	0	16.87837218069324	-2.5613580955968223	5.793798986289628	14.427378680743518	22.002662801030148	30.85904742701745	46.232476300357	0.3920978350187595	1.010697347333338	-17.15137890374457	1.0214234752321214	82.2414343959192	1.1066143779831192	5.882076377556698	1.1066143779831192	1.8725211372437993	1.1066143779831192	0.084271839818766	1.3782794200661614	NaN	NaN	800000009	800000009	800000009	800000009	800000019	800001019	899999999	899999999	89999	89999	89	89	3	10	0	8	2	0	6	NaN	0	0	0	0	0	0	0	0	0	NaN	NaN	NaN	NaN	0	0	0	0	0	0	0	0	0	0	0	0	18000	18000	18000	18000	93	NaN	1.413373105186313	0.9246110899901515	0.4280994544661032	0.2045550728401909	1.9718895484671677	0.04538159155978265	5.600062783085305e-7	NaN	-0.014998666266151737	0.15396772103547313	0.04901463251858312	0.000084271839818766	NaN	16.66971126445977	889.485202492803	92.59009784486558	93.00495754581027	92.17523716820611	0.8297201867202902	0.00028834639904541995	59.19924860170153	214
DATA	2026-09-21T120000_AIU-1657.ghg	2026-09-21	12:30:00	264.52	1	18000	18000	0.40796424085436545	0	NaN	-26.146544368953226	2	NaN	139.69830012384762	0	NaN	5.796954078101747	1	NaN	3.182517630665775	0	NaN	0.08207491410360737	0	NaN	NaN	NaN	NaN	NaN	NaN	NaN	NaN	NaN	NaN	-2.624246930542226e-10	-1.4037398214955965e-11	-1.3107450332738234e-12	NaN	16.495690679087794	428.56015952101103	438.6150476824695	0.2	0	882.3734390164578	22.92417511571015	23.462022631073634	0.5	0	0.08239180686997367	2.063024469136047	2.1114271959193758	0.2	0	NaN	NaN	NaN	NaN	9	306.3763356484307	300.23883744642467	97385.42190950521	1.120220843550433	1018.3968666323118	0.025632026288792378	0.20622714246714222	0.016116308480988436	2233.0793048229543	3573.6308113175214	0.014386724344379574	62.487688928327366	1340.551506494567	292.4211020243963	0.8232858057194626	-0.14410619632490765	0.010204170869223428	0.8358649644658755	-4.066949759061621e-14	-1.5908681737522408e-14	0.8358649644658755	7.516923824405013	170.92835097715874	350.0716490228413	0.699479547848783	NaN	0.6034749178224309	1.3948087215228784	721.2549610645658	0.00277724259538325	-0.18716437025914678	-0.037978199459402284	0	19.798946650416028	-3.004566539025672	6.796337692090832	16.9238418105352	25.809926591321123	36.19878902712299	54.23238224563167	0.4034409181400243	1.0112118590627717	-17.46363991360227	1.0205648288558222	126.81549406453398	1.101587003657123	5.262366076266901	1.101587003657123	2.889029754436316	1.101587003657123	0.06019397744761068	1.3782925752215105	NaN	NaN	800000009	800000009	800000009	800000009	800000019	800000019	899999999	899999999	89999	89999	89	89	22	9	4	20	1	0	2	NaN	0	0	0	0	0	0	0	0	0	NaN	NaN	NaN	NaN	0	0	0	0	0	0	0	0	0	0	0	0	18000	18000	18000	18000	93	NaN	1.2226331163118431	1.2705900581096663	0.29639426862424717	0.2402685913524337	1.600327916883797	0.10063168467816533	3.864177487107995e-7	NaN	-0.01530784529168328	0.1380506518218794	0.0757895659390666	0.00006019397744761068	NaN	16.496882166196436	882.4354121261987	92.56924934387207	92.99817858166165	92.14031583107842	0.857863656908274	0.00028868325494436757	59.1725129035314	184
DATA	2026-09-21T123000_AIU-1657.ghg	2026-09-21	13:00:00	264.541	1	18000	18000	0.5700995112016006	1	NaN	-60.142696510697746	1	NaN	77.10837151758138	1	NaN	5.9694134742433205	1	NaN	1.7573165911586415	1	NaN	0.11003362020773892	1	NaN	NaN	NaN	NaN	NaN	NaN	NaN	NaN	NaN	NaN	3.5269255974310505e-11	1.882864607861258e-12	1.7829841449072079e-13	NaN	16.37347924157971	426.08035345152655	435.9977703890317	0.1	1	874.1053282773177	22.746485443391283	23.275931070671692	0.5	0	0.08277365960304933	2.0762161861348156	2.124542050971103	0	0	NaN	NaN	NaN	NaN	9	306.75721235317656	300.6382053273519	97354.33361957464	1.1184514098718359	1018.3052643533064	0.025674317168650807	0.11387411510707997	0.015965046782760263	2215.0629403777834	3658.193653454132	0.0142742426196143	60.55072940948004	1443.1307130763485	292.291083583916	0.6476028380522167	-0.3523914789552032	0.07989838860486309	0.7415881220699004	-6.005990768506617e-14	2.1540477411023203e-15	0.7415881220699004	6.523781543470893	189.5527125118274	331.4472874881726	6.185028264803889	NaN	0.7139483161852562	1.4376247837330203	519.0799199857457	0.003858943339698069	-0.7799762247213935	-0.07396410593753508	0	21.287853805704646	-3.2305139440812884	7.307431337534801	18.196537252954055	27.75086744326713	38.92098616957219	58.31072961428684	0.5635686594338026	1.0115883870731195	-54.74373377353176	1.020660266943069	70.0046054414931	1.1014756962243766	5.41946907653541	1.1014756962243766	1.5954202141566514	1.1014756962243766	0.0921216058315988	1.381652318659568	NaN	NaN	800000009	800000009	800000009	800000009	800000019	810000019	899999999	899999999	89999	89999	89	89	14	3	0	26	30	7	0	NaN	0	0	0	0	0	0	0	0	0	NaN	NaN	NaN	NaN	0	0	0	0	0	0	0	0	0	0	0	0	18000	18000	18000	18000	93	NaN	0.6851673215612867	1.8440150641901476	0.34606718171460626	0.15930437815258686	0.46767888520320644	0.05164012757254837	8.379790649492291e-7	NaN	-0.048066146378092346	0.14238069714814855	0.04191499926060852	0.0000921216058315988	NaN	16.374672977987142	874.1628858900692	92.55727058050368	92.99435303412544	92.12018957477144	0.8741602116409215	0.0002891379553249055	59.129906926684924	037
DATA	2026-09-21T130000_AIU-1657.ghg	2026-09-21	13:30:00	264.562	1	18000	18000	0.4148325039755935	1	NaN	-81.95761927093287	0	NaN	81.93583902455829	0	NaN	1.0306917447414534	2	NaN	1.8685009044403345	0	NaN	0.23389447375960587	0	NaN	NaN	NaN	NaN	NaN	NaN	NaN	NaN	NaN	NaN	-3.104254660262614e-10	-1.6692030135190216e-11	-1.5783093378441126e-12	NaN	16.319527574787962	426.0026815221303	435.98980654815995	0.2	0	877.5248034817586	22.90678560836138	23.443807889530465	0.1	1	0.08297406488652354	2.087444919775482	2.136382577454675	0.3	0	NaN	NaN	NaN	NaN	9	307.1580049684313	301.2789487382546	97324.15190904702	1.1156585296426484	1018.4119254392242	0.025737015228765692	0.12107885860773367	0.01603838984692498	2229.981490815297	3797.507617334915	0.014375715705828167	58.72223878198024	1567.5261265196177	292.3988116931026	0.7880819233529585	-0.41386359673898926	0.11123459962406362	0.8970670715029408	5.3408944258973124e-14	-1.9021718894965913e-14	0.8970670715029408	7.645746296448428	188.7063450953632	332.29365490463687	7.122900186649911	NaN	0.6097765852394373	1.2846881213629315	237.28073953556896	0.008441898840675732	-1.0002658207523578	-0.11829430148873109	0	17.867704311589687	-2.7114930633281467	6.133404692084424	15.273044906174723	23.29235715314539	32.66786209359578	48.94241028007879	0.41021802570129634	1.0112488432618445	-75.95276258983877	1.0211933806551694	74.14438214464103	1.1050849255809787	0.9326810282925411	1.1050849255809787	1.6908210954538208	1.1050849255809787	0.18789589082574684	1.3889025517397298	NaN	NaN	800000009	800000009	800000009	800000019	800000019	800000119	899999999	899999999	89999	89999	89	89	23	5	0	15	3	1	5	NaN	0	0	0	0	0	0	0	0	0	NaN	NaN	NaN	NaN	0	1	0	0	0	0	0	0	0	0	0	0	18000	18000	18000	18000	93	NaN	0.640079103094781	1.5381626057377167	0.3911345338933658	0.30215097737564556	0.2738308328347713	0.06827170704811776	0.0000017851041153653313	NaN	-0.06684806006419114	0.02456733546937195	0.04453716523724125	0.00018789589082574684	NaN	16.320643714338058	877.581449128765	92.50238812234667	92.97073376083374	92.03404339387681	0.9366886226071259	0.00029015480431553446	58.84706630798624	062
DATA	2026-09-21T133000_AIU-1657.ghg	2026-09-21	14:00:00	264.583	1	18000	18000	0.7174406068702764	0	NaN	17.258202489049445	0	NaN	165.52807659516907	0	NaN	-2.1216586703265845	1	NaN	3.775866132624472	0	NaN	0.23664083639309752	0	NaN	NaN	NaN	NaN	NaN	NaN	NaN	NaN	NaN	NaN	-1.751059063597708e-11	-9.476780480546414e-13	-8.927934533333812e-14	NaN	16.3265969559898	427.01123264222934	437.1128972658245	-0.1	0	883.5999799365943	23.10996698285923	23.656671889141627	0.5	0	0.08324264543979533	2.0972575894373398	2.146871724097671	0	0	NaN	NaN	NaN	NaN	9	307.700633239746	301.57564946662046	97278.60485047744	1.1139529601911733	1018.5346065656992	0.025774423405016348	0.24467612539406577	0.0161571650167477	2248.7083766941196	3863.5669567313507	0.014504351255527754	58.202909432597714	1614.8585800372311	292.53314941154827	1.6677769978833876	0.20752751235652342	0.028850802102129775	1.6808867159436676	4.6847387218124566e-14	-1.0725193182130281e-15	1.6808867159436676	8.463294766686188	153.90693837968388	7.093061620316099	0.9834751836541146	NaN	0.8025268122645447	2.380964002233706	-2568.006889836692	-0.0007800212717215036	0.10426148146007712	0.018953672306824307	0	18.73917274531212	-2.8437417602922612	6.432551604703167	16.01796301599161	24.42840427212467	34.261184331041825	51.329497333098544	0.7089920611366038	1.0119162769187127	26.928245985479286	1.0229426289806323	150.0414011281428	1.1032160147171637	-1.9231579690859757	1.1032160147171637	3.4225990941515723	1.1032160147171637	0.17205243972067527	1.3053030160310874	NaN	NaN	800000009	800000009	800000009	800000009	800000019	800000019	899999999	899999999	89999	89999	89	89	16	13	0	27	7	3	1	NaN	0	0	0	0	0	0	0	0	0	NaN	NaN	NaN	NaN	0	0	0	0	0	0	0	0	0	0	0	0	18000	18000	18000	18000	93	NaN	2.7071106366506914	1.4533672259604213	0.6014501418562997	0.13377145386525202	0.5912180351973501	0.10671294674266367	5.570096976344284e-7	NaN	0.02373369868556093	-0.05074123047601452	0.09030297679908351	0.00017205243972067528	NaN	16.327751842854617	883.657322784025	92.49297769588894	92.96945910347833	92.0164972559611	0.9529617064860161	0.0002915239103862809	58.58258417722914	102
DATA	2026-09-21T140000_AIU-1657.ghg	2026-09-21	14:30:00	264.604	1	18000	18000	0.3083181790965757	1	NaN	-3.8757381077934605	2	NaN	68.9182664783143	1	NaN	1.8610583930133826	2	NaN	1.5779644656085077	1	NaN	NaN	NaN	NaN	NaN	NaN	NaN	NaN	NaN	NaN	NaN	NaN	NaN	-4.548305574149575e-10	-2.4851503093449694e-11	NaN	NaN	16.478524101140653	428.23746845525693	438.4976479329893	0.1	1	900.3706677108037	23.398482354688205	23.95908866812371	0.5	0	NaN	NaN	NaN	NaN	0	NaN	NaN	NaN	NaN	9	307.66302896033386	305.3926752151158	97064.82887495653	1.0976258024998842	1018.6999518170738	0.026352598077223587	0.10225209737143129	0.015999965469068227	2254.8888971556494	4802.345960618079	0.014576885339819547	46.95390368888453	2547.4570634624292	292.57727031278756	0.6817499862281975	-0.1968658129306078	0.1496924639131465	0.7252220527364986	-6.570073007895321e-14	-2.7601413489662816e-14	0.7252220527364986	5.73706835040007	177.10688805442794	343.89311194557206	11.912001509887057	NaN	0.5299957809063812	0.9774906811832926	3289.042293506314	0.0006090222688698164	-0.056236732376502736	-0.006540055253504619	0	16.61620299683115	-2.521572910490565	5.703804789252424	14.203280405536237	21.660898791587503	30.379718544344918	45.51435428895517	0.303645413870815	1.0153888878682316	0.3691101045750354	1.0221220734270802	63.051884686662504	1.0930405462232395	1.7026435107497697	1.0930405462232395	1.4436467805890785	1.0930405462232395	NaN	1	NaN	NaN	800000009	800000009	800000009	800000019	800001009	810001009	899999999	899999999	89999	89999	89	89	19	3	0	16	55	1	1	NaN	0	0	0	0	0	0	0	0	0	NaN	NaN	NaN	NaN	0	8193	0	0	0	0	0	0	0	5996	0	0	18000	18000	18000	18000	93	NaN	0.6317239327601963	0.9689568049407555	0.3543006246656334	0.16931718521645614	0.4305483658480299	0.22622688427697663	NaN	NaN	0.00033010746163770284	0.04593621284264991	0.03894864976964186	NaN	NaN	16.479835188582864	900.4648330472238	92.5827744310167	92.99637968190511	92.16916963407729	0.827210423525829	0.00028941900192067907	32.00366420224631	063
DATA	2026-09-21T143000_AIU-1657.ghg	2026-09-21	15:00:00	264.624	1	18000	18000	0.06133821483667764	1	NaN	-89.89557164006055	2	NaN	233.99810998292912	1	NaN	3.0397524026415126	2	NaN	5.3448667940143695	1	NaN	NaN	NaN	NaN	NaN	NaN	NaN	NaN	NaN	NaN	NaN	NaN	NaN	-6.468626928347495e-11	-3.786598656843422e-12	NaN	NaN	16.710896782254164	430.8582868586425	442.0063687289603	0.1	0	978.2208807410359	25.22154126958719	25.874126621998446	0.1	1	NaN	NaN	NaN	NaN	0	NaN	NaN	NaN	NaN	9	305.3725689519246	302.9446971638298	97064.82887495653	1.1057477117919856	1019.6547427156379	0.02615641079980669	0.34634736825213114	0.01737593834810558	2429.1546331934587	4176.783556377875	0.015714197879682666	58.158499247206194	1747.6289231844166	293.77965798867973	0.5235865830512366	-0.6454435766789244	0.059716512106546486	0.8332504920164353	-4.0257198906225154e-14	-3.870903526384494e-15	0.8332504920164353	5.440340728608254	211.95088820723606	309.04911179276394	4.109736300324999	NaN	0.2355252868958469	0.6915773442150062	12.447848910364085	0.16091936963761005	-0.38417221253034356	-0.3385256370184523	0	7.902767091185666	-1.1992753951579926	2.712764209226837	6.755166447903898	10.302055058445468	14.448778700977472	21.646903406266514	0.06037627598160338	1.0159323979400015	-74.50097658342304	1.0320797877962793	201.91008621036127	1.1589223419930432	2.622912936007372	1.1589223419930432	4.6119283409642415	1.1589223419930432	NaN	1	NaN	NaN	800000009	800000019	800000009	800000019	800000009	810100009	899999999	899999999	89999	89999	89	89	16	4	0	7	5	0	2	NaN	0	0	0	0	0	0	0	0	0	NaN	NaN	NaN	NaN	0	8822	0	0	0	0	300	0	0	12000	0	20	18000	18000	18000	18000	93	NaN	0.5182199181167856	0.41641282954563474	0.4485219407675919	1.3955558848007368	9.6334368701835	1.5458137179757017	NaN	NaN	-0.06607737361895845	0.07036700020666341	0.12372792023197964	NaN	NaN	16.712319417796976	978.3279418402691	92.43058414925473	92.74360222795269	92.11756613286336	0.6260364431655979	0.0002863154650387716	22.152860413327094	141
DATA	2026-09-21T150000_AIU-1657.ghg	2026-09-21	15:30:00	264.645	1	18000	18000	0.1898161007170403	0	NaN	-33.93797088271078	1	NaN	168.78125520369545	1	NaN	10.927981242901387	1	NaN	3.852658068197578	1	NaN	NaN	NaN	NaN	NaN	NaN	NaN	NaN	NaN	NaN	NaN	NaN	NaN	-7.053679235864835e-12	-4.100318107074161e-13	NaN	NaN	16.796526112951337	430.4151966410767	441.4605950508603	0.1	1	976.3854841413726	25.020123049739297	25.662194309078764	0.1	1	NaN	NaN	NaN	NaN	0	NaN	NaN	NaN	NaN	9	304.66704971737323	302.2640050079613	97064.82887495653	1.108320532173515	1019.5249811411043	0.026095980188801167	0.24965224281920306	0.01727709102395778	2409.911224330271	4016.213569042767	0.015588532849856956	60.004558594842216	1606.302344712496	293.65066614573425	-0.27035071571196356	-1.3913989021406155	0.3045233451942545	1.4497637332104851	2.4686538347822526e-14	-4.19948695845264e-16	1.4497637332104851	4.145629195187069	261.99564183694656	259.0043581630535	12.125301508851146	NaN	0.41384130455523965	0.5737430071264475	178.85980294751582	0.011199274331012121	-0.20107665890831525	-0.07257529132718459	0	16.168863932807522	-2.4536874816798253	5.5502477644445145	13.820901701816176	21.077747141767915	29.561840063832843	44.289023288175756	0.18774978650539004	1.0110056807526167	-23.48833419967706	1.0228772556963803	151.58455988499253	1.1134462199299857	9.814556866148907	1.1134462199299857	3.4601204793167617	1.1134462199299857	NaN	1	NaN	NaN	800000009	800000019	800000009	800000019	800001009	800011009	899999999	899999999	89999	89999	89	89	13	1	0	7	22	0	1	NaN	0	0	0	0	0	0	0	0	0	NaN	NaN	NaN	NaN	0	11184	0	0	0	0	300	150	0	15000	0	15	18000	18000	18000	18000	93	NaN	0.5917244694488625	0.3244882595853106	0.23127328521872206	0.1955174849997231	1.408998621465816	0.27380914536123924	NaN	NaN	-0.020786863638417894	0.26264130094008825	0.09259414933257039	NaN	NaN	16.797673268377075	976.4532974881496	92.29660893207127	92.5138588778178	92.07935874938963	0.43449933315564876	0.0002849823449651012	16.443008362289827	000
DATA	2026-09-21T153000_AIU-1657.ghg	2026-09-21	16:00:00	264.666	1	18000	18000	0.05700271696366235	1	NaN	24.31199388003508	1	NaN	4.827132058125702	2	NaN	-2.651391983826169	2	NaN	0.10958570816367971	2	NaN	0.04205050268787852	0	NaN	NaN	NaN	NaN	NaN	NaN	NaN	NaN	NaN	NaN	-6.876864243804807e-10	-4.080497547466109e-11	-3.4341566110713105e-12	NaN	16.78500408467061	429.73916433369044	440.9839289158847	0.1	1	995.9651023125693	25.499261639394547	26.166487756891534	0.1	1	0.08382066404198549	2.0674810308810745	2.1215797479632292	0.2	0	NaN	NaN	NaN	NaN	9	304.4310352774726	296.647210184963	97291.68464580625	1.131579932144732	1019.7952203897381	0.025349801624429916	0.007101153889006445	0.01812624451356719	2481.5315881960114	2886.4760856986964	0.016018527722749323	85.97097341256286	404.94449750268495	294.1262697217346	-0.3630987137893018	-0.10570563740813997	0.3061635879323568	0.486570139148501	1.4645969947472506e-13	-4.097028638846327e-14	0.486570139148501	2.215281865752314	324.76861616633937	196.23138383366057	38.99319362653056	NaN	0.22444253211382909	0.25330004431156594	-39.89246362793962	-0.05021249172981841	5.036529680001138	0.09386792312416345	0	17.552071008400404	-2.663594491848096	6.025057992978621	15.003246305894143	22.880897264448713	32.09078374928686	48.07784176286159	0.05591707745807392	1.0194151689419468	24.219089434318455	1.0242894555086526	4.411748942961746	1.0941538425087933	-2.423235088903744	1.0941538425087933	0.10015566724365729	1.0941538425087933	0.026424428627251438	1.3152117577912064	NaN	NaN	800000009	800000009	800000009	800000019	800000019	800010019	899999999	899999999	89999	89999	89	89	12	0	0	35	9	0	3	NaN	0	0	0	0	0	0	0	0	0	NaN	NaN	NaN	NaN	0	9	0	0	0	0	300	0	0	3004	0	15	18000	18000	18000	18000	93	NaN	0.11906874812027834	0.3321267221345125	0.05540461836834103	0.05523993064099868	1.6152593564654996	0.1331561956162604	9.483909082902736e-7	NaN	0.020987446489361808	-0.06303634008437296	0.002605379366887856	0.00002642442862725144	NaN	16.786225916630798	996.035115096454	92.10850508202444	92.29297676383123	91.92403307554457	0.3689432977305612	0.0002842244728122346	58.21929304329981	067
DATA	2026-09-21T160000_AIU-1657.ghg	2026-09-21	16:30:00	264.687	1	18000	18000	0.038569462930154015	1	NaN	12.911157619079686	1	NaN	30.30073873813127	1	NaN	1.5674354622490783	1	NaN	0.6880232352299221	1	NaN	0.1690422683050747	1	NaN	NaN	NaN	NaN	NaN	NaN	NaN	NaN	NaN	NaN	3.70631127839534e-10	2.219519140236749e-11	1.874900837774115e-12	NaN	16.706686277704495	428.5648573228292	439.8534969243151	0.1	1	1000.4774876693582	25.664544400401237	26.340562947704157	0.1	1	0.08451362485683887	2.0866247726852074	2.1415876438583608	0.2	0	NaN	NaN	NaN	NaN	9	304.86796273549396	296.84941409132216	97286.99742230904	1.1306833003919543	1019.894054976055	0.025368303001910817	0.04458390564289895	0.01823043102190857	2497.4962121947074	2921.843168487939	0.01612337514455988	85.47673739405965	424.3469562932314	294.2306437437539	-0.28218221843049135	-0.23914846381736157	0.277395833237219	0.46234969497335193	-1.8766748616365023e-15	2.2184598530119696e-14	0.46234969497335193	1.9048769213447256	300.7188381524254	220.28116184757465	36.867731541045	NaN	0.18469337045666523	0.14604397247770384	-41.85857453842281	-0.04785399460178261	0.42610042384319613	0.060620266049159155	1	1.627199038497058	1	1	2	4	7	21	0.03781094759633124	1.0200607332543121	14.515895620685463	1.0246762387533548	27.684549755711476	1.0944999649806497	1.4321018843310698	1.0944999649806497	0.628618782314978	1.0944999649806497	0.12703321076071641	1.3161372927648765	NaN	NaN	800000009	800000009	800000009	800000009	800000019	800001019	899999999	899999999	89999	89999	89	89	16	6	0	12	11	0	1	NaN	0	0	0	0	0	0	0	0	0	NaN	NaN	NaN	NaN	0	0	0	0	0	0	0	0	0	0	0	0	18000	18000	18000	18000	93	NaN	0.12681196062696123	0.1297127648505118	0.035563219477934595	0.021951448318585767	0.7319297358790755	0.12922685893094024	0.000009342849660028934	NaN	0.012587741000384902	0.03728721049482326	0.0163671601257103	0.00012703321076071642	NaN	16.70790752420638	1000.540593740126	92.2368905198839	92.46460235129463	92.00917731221517	0.4554275447006057	0.00028532960641314276	56.59548302067108	095
DATA	2026-09-21T163000_AIU-1657.ghg	2026-09-21	17:00:00	264.708	1	18000	18000	0.027786950901304498	1	NaN	12.65470576020367	1	NaN	46.26829738223735	1	NaN	0.9902089265306391	1	NaN	1.0508472687488462	1	NaN	0.10214227837032507	0	NaN	NaN	NaN	NaN	NaN	NaN	NaN	NaN	NaN	NaN	-5.732305209848279e-10	-3.440392924653314e-11	-2.9155443810800506e-12	NaN	16.64334626400952	427.7580580879647	439.0292646713256	0	0	998.8939638259257	25.67301884032491	26.34948978808743	0.1	1	0.08465078691036225	2.092446917389033	2.14758182607089	0.3	0	NaN	NaN	NaN	NaN	9	305.0755350155301	297.10153372361924	97250.97905837673	1.12930189575901	1019.9033914929536	0.025399252277917377	0.06809490301492523	0.018214229394125526	2497.395937983603	2966.4703698874982	0.01612875127769412	84.18745601960337	469.0744319038954	294.22998999352274	-0.06274979676368682	-0.4082186098806592	0.22589111352287541	0.47075127786903553	5.920523801913674e-14	-3.4442023370289e-14	0.47075127786903553	1.5571408112637712	259.7388861789128	261.2611138210872	28.675760116900676	NaN	0.15686115852694718	0.13845076657853225	-26.156380530933244	-0.07658169667745426	0.27350705507183587	0.07004345178834073	1	2.3140249549870586	1	2	3	6	10	29	0.027246664897165915	1.019829436232938	15.222630879739185	1.024536934324743	42.278375217181214	1.0943726466440626	0.9048187832244842	1.0943726466440626	0.9602280100579188	1.0943726466440626	0.07402094541592305	1.3158050707863718	NaN	NaN	800000009	800000009	800000009	800000009	800000019	800001019	899999999	899999999	89999	89999	89	89	16	3	0	10	5	0	2	NaN	0	0	0	0	0	0	0	0	0	NaN	NaN	NaN	NaN	0	0	0	0	0	0	0	0	0	0	0	0	18000	18000	18000	18000	93	NaN	0.11244910733149564	0.12634391184643087	0.038108513979138	0.04953633196177042	0.578445158193837	0.08646159432803673	0.0000053435271255066305	NaN	0.013216626696835232	0.023587443867008284	0.02503189003885982	0.00007402094541592305	NaN	16.644599977758205	998.9647517750828	92.30620967780219	92.5599273961385	92.05249219385783	0.5074338311238389	0.00028567703068094674	58.14496987039267	222
DATA	2026-09-21T170000_AIU-1657.ghg	2026-09-21	17:30:00	264.729	1	18000	18000	0.03503597966723967	1	NaN	13.692486289155491	1	NaN	-77.12108124504971	1	NaN	5.679478095917654	1	NaN	-1.7517640630235016	1	NaN	-0.142468394186022	1	NaN	NaN	NaN	NaN	NaN	NaN	NaN	NaN	NaN	NaN	4.866651047505339e-10	2.928355980881881e-11	2.4946731063500795e-12	NaN	16.678074363374893	428.8344074901744	440.19305098028326	0.1	1	1003.5512785864696	25.80377737634398	26.48724843835932	0.1	1	0.08549276119015277	2.1144188758071634	2.1704240138734243	0	1	NaN	NaN	NaN	NaN	9	305.31958410220676	297.2117259792752	97254.97068706597	1.1288731722226366	1019.9807305250771	0.025407629783187183	-0.1135143112839229	0.01830096235880998	2510.218771396699	2986.1613665803593	0.016211708107809173	84.0617255145628	475.94259518366016	294.31340417574336	0.05100355494976787	-0.19806924792049432	0.21432961662710578	0.296259977305126	-1.9677019387418803e-14	2.9179933734991135e-14	0.296259977305126	1.157782751473405	236.55983857554088	284.44016142445906	46.340152513940275	NaN	0.17617105566596247	0.07908614618730081	-34.247492055709294	-0.0584889543661072	-0.17754531015518396	0.0675010671331407	1	0.7043388639455719	1	1	1	2	4	22	0.03410875667270161	1.0271843093970103	8.816480344637002	1.0291891493367435	-70.15270296012189	1.0993315722829522	5.166301268072593	1.0993315722829522	-1.5934810817683154	1.0993315722829522	-0.10970933541917977	1.3263935569718888	NaN	NaN	800000009	800000009	800000009	800000009	800000019	800000019	899999999	899999999	89999	89999	89	89	5	6	0	23	5	0	5	NaN	0	0	0	0	0	0	0	0	0	NaN	NaN	NaN	NaN	0	0	0	0	0	0	0	0	0	0	0	0	18000	18000	18000	18000	93	NaN	0.06721794873269218	0.04002779577038842	0.05092654787152101	0.015866471795518082	1.4825559059817475	0.18506693393281082	0.000011499482927684278	NaN	0.007656990784035481	0.1347412354337497	-0.041559250701202775	-0.00010970933541917977	NaN	16.679339311117456	1003.6170222381331	92.31426263576084	92.57966592576767	92.04886176681518	0.5308089093284475	0.00028600901277968664	57.03930958064396	169
DATA	2026-09-21T173000_AIU-1657.ghg	2026-09-21	18:00:00	264.749	1	18000	18000	0.06056571756254733	1	NaN	0.42751539393613835	0	NaN	81.06894288131741	1	NaN	0.9563426771647636	1	NaN	1.8411377963954905	1	NaN	0.1353240191391605	1	NaN	NaN	NaN	NaN	NaN	NaN	NaN	NaN	NaN	NaN	1.46087182986601e-11	8.759896621034109e-13	7.288335196790024e-14	NaN	16.764405642479907	430.6317028165875	442.04630095026596	0.1	1	1005.2521880353753	25.82217769754094	26.50663678270821	0.1	1	0.08363814346981985	2.066957000496055	2.12174507895368	1.1	0	NaN	NaN	NaN	NaN	9	305.2161452314589	297.0438522813585	97285.38206618924	1.1298564089904508	1019.988383196707	0.02538534089517147	0.11930572920642778	0.018330092631170684	2512.794272796814	2956.208145862921	0.016223382445163085	85.00058686034525	443.41387306610704	294.3301131302988	0.020823665421326326	-0.41221170659168316	0.10611094601310753	0.42615918264964275	5.504129485454392e-14	8.71412838021681e-16	0.42615918264964275	1.6799807615272997	248.10805211569368	272.8919478843064	14.417971748496226	NaN	0.23152708652623252	0.19388541843080187	-2490.3376580463487	-0.0008043487570964239	0.005273479321939704	0.001602254395378802	0	17.13339429458499	-2.6000586852615073	5.881339825484866	14.645367748035717	22.335109882934436	31.32530918634313	46.93102137984362	0.05931080113382217	1.021158311888145	5.270540864592039	1.025347193571015	74.02600562985052	1.095141392427459	0.8732595478333277	1.095141392427459	1.6811872961120367	1.095141392427459	0.10107715642057973	1.3177060339640632	NaN	NaN	800000009	800000009	800000009	800000009	800000019	800000119	899999999	899999999	89999	89999	89	89	14	6	0	15	15	0	4	NaN	0	0	0	0	0	0	0	0	0	NaN	NaN	NaN	NaN	0	0	0	0	0	0	0	0	0	0	0	0	18000	18000	18000	18000	93	NaN	0.2170253498959693	0.10811992209172805	0.06262556487390634	0.024120791671183195	4.0432898423080434	0.15268076361934177	0.0000012413819001264356	NaN	0.004573373868526982	0.02275575200184897	0.04380906143414568	0.00010107715642057973	NaN	16.76564321518475	1005.3172013923728	92.27190464994644	92.52339981206259	92.02041182454427	0.5029881603949582	0.0002854849303225313	58.02776624196323	001
DATA	2026-09-21T180000_AIU-1657.ghg	2026-09-21	18:30:00	264.77	0	18000	18000	0.09055463034621483	1	NaN	20.084365902496113	1	NaN	33.89770761114613	1	NaN	2.957101463754197	1	NaN	0.7695494059555664	1	NaN	0.10699268489983497	1	NaN	NaN	NaN	NaN	NaN	NaN	NaN	NaN	NaN	NaN	6.843890530813279e-10	4.038524146487677e-11	3.3899628949708516e-12	NaN	16.793754664556335	430.8602172017871	442.1004945229424	0	0	990.9858057729825	25.424711033821417	26.08799065774768	0.1	1	0.08318397981933305	2.051751828780891	2.1052779113221436	0.1	0	NaN	NaN	NaN	NaN	9	304.96261578114826	296.6506292656792	97286.59068337674	1.1315398513324806	1019.7523319987693	0.025351421140264913	0.0498668015059207	0.018072095372662265	2474.1469413435043	2887.0709895343316	0.015971240740112597	85.69747506425432	412.9240481908273	294.0777910939121	-0.25268812469453583	-0.9809912405451191	0.3585234250919413	1.0745855706863645	6.2005953430739794e-15	4.075259325573864e-14	1.0745855706863645	2.301112935334956	265.4445047228171	255.5554952771829	19.48978446006212	NaN	0.28289182937173557	0.24860660382775546	-96.68896353461825	-0.02071694562412819	0.5924992372018703	0.061528051203735785	0	21.447674942325712	-3.254767418157426	7.36229276193223	18.333149956746457	27.95921043629421	39.213190179652656	58.748504467929514	0.08939527270500452	1.0129688920468543	21.847820797937594	1.0214975413489609	30.950602875196733	1.0952196229531659	2.7000077443651223	1.0952196229531659	0.7026439170990585	1.0952196229531659	0.07729081424307882	1.3061383170832788	NaN	NaN	800000009	800000009	800000009	800000009	800000019	800010019	899999999	899999999	89999	89999	89	89	8	2	0	26	3	0	1	NaN	0	0	0	0	0	0	0	0	0	NaN	NaN	NaN	NaN	0	0	0	0	0	0	0	0	0	0	0	0	18000	18000	18000	18000	93	NaN	0.37662971095580683	0.06725653661156547	0.05332696008813866	0.026011809806577055	1.9313699890268419	0.13484108678874465	0.0000010340016425880158	NaN	0.018934051931889018	0.07023522264745319	0.01827785570701584	0.00007729081424307882	NaN	16.794976203545865	991.0571483978937	92.25996373070612	92.49285735575359	92.02706903584799	0.46578755780557346	0.00028517279675320935	54.66603671561873	128
DATA	2026-09-21T183000_AIU-1657.ghg	2026-09-21	19:00:00	264.791	0	18000	18000	0.03620558508301089	0	NaN	4.5963720560277155	1	NaN	5.104703612831425	2	NaN	4.6811051792720955	1	NaN	0.11587803293013714	2	NaN	0.05102308803505803	0	NaN	NaN	NaN	NaN	NaN	NaN	NaN	NaN	NaN	NaN	-2.480425504749783e-10	-1.4660717763786413e-11	-1.223141694983308e-12	NaN	16.88063371853709	432.6497786157338	444.00386733915514	0.2	0	997.7409365748873	25.572049161338562	26.243140028289883	0.1	1	0.08324139104095642	2.052455711985168	2.106318594636658	0.1	0	NaN	NaN	NaN	NaN	9	304.92549143134227	296.56609104919437	97325.64913845486	1.1322531257617965	1019.8358277512173	0.02533402554012646	0.007508896533872886	0.018189305645597904	2489.483883049767	2872.3930971117525	0.01606469898977746	86.66933107286017	382.9092140619855	294.17833375588134	-0.17839579171198972	-1.0178293718057374	0.3032348332734827	1.076918312928933	2.3152220182162163e-14	-1.4693912243507535e-14	1.076918312928933	2.6599699189728505	260.9413007434015	260.0586992565985	16.35431459893557	NaN	0.17881997132135774	0.2010855462003014	-106.74371139166114	-0.018765508280392085	0.9004189870052507	0.02226001032378987	1	7.724717535619741	3	7	12	21	39	120	0.03574238286602487	1.0129594666008213	4.8416746047297705	1.0214985756298514	4.66079351128445	1.0952434602546122	4.27403161867214	1.0952434602546122	0.10580116397426274	1.0952434602546122	0.038698864516480774	1.3061267164669608	NaN	NaN	800000009	800000009	800000009	800000009	800001019	800001019	899999999	899999999	89999	89999	89	89	14	2	0	46	26	19	5	NaN	0	0	0	0	0	0	0	0	0	NaN	NaN	NaN	NaN	0	0	0	0	0	0	0	0	0	0	0	0	18000	18000	18000	18000	93	NaN	0.2556770027429546	0.09462892804504193	0.051865161612606306	0.016236471131799705	3.7125017786438006	0.0226981818834329	0.0000011695502454622172	NaN	0.004192970481970488	0.11112077431573397	0.002750730063147871	0.00003869886451648078	NaN	16.881844569423585	997.812871665069	92.17744242327451	92.38994127810784	91.96494859218177	0.42500442859079957	0.0002850040842733709	55.49484454220273	234
DATA	2026-09-21T190000_AIU-1657.ghg	2026-09-21	19:30:00	264.812	0	18000	18000	0.5603433253509826	1	NaN	1.9162735165310965	2	NaN	195.7580118477913	1	NaN	54.79458338243408	1	NaN	4.4685734679226465	1	NaN	NaN	NaN	NaN	NaN	NaN	NaN	NaN	NaN	NaN	NaN	NaN	NaN	2.5648480071290773e-9	1.4864875050158946e-10	NaN	NaN	17.053282814981078	436.8647905670352	448.2131013234452	0	0	988.3428473543823	25.31900723763248	25.976711791491134	0.1	1	NaN	NaN	NaN	NaN	0	NaN	NaN	NaN	NaN	9	304.7269937184652	302.2949540164219	97101.53105231053	1.1085033528357533	1019.6936630499978	0.0260912490083238	0.2895635607213875	0.017486649186241626	2439.3876209324367	4023.2908307925386	0.015775007934353644	60.631650147247925	1583.903209860102	293.8478873157612	0.01781810052430447	-0.5353088228098359	0.3537930284612161	0.6419053882560478	-1.1871851939015964e-14	1.5040200968671516e-13	0.6419053882560478	3.972459875230868	249.09357676322657	271.90642323677343	33.44667890150575	NaN	0.7109819840220736	0.8118664759291963	-16067.799266734502	-0.00012466548571757796	0.009788991512751295	0.0023844716875408745	0	18.126965889324435	-2.7508370079869633	6.222400802028111	15.494657803396224	23.630330804341792	33.14187494493411	49.652567907834246	0.5512804223989582	1.0164397329993802	13.657984246257037	1.0226250757340956	179.090726781648	1.0930661534835608	50.1292471711852	1.0930661534835608	4.088108897783973	1.0930661534835608	NaN	1	NaN	NaN	800000009	800000009	800000009	800000019	800000009	810100019	899999999	899999999	89999	89999	89	89	17	2	1	19	4	0	9	NaN	0	0	0	0	0	0	0	0	0	NaN	NaN	NaN	NaN	0	5066	0	0	0	0	0	0	0	5996	0	0	18000	18000	18000	18000	93	NaN	0.7812825253568739	0.3295170437878009	0.5129333827137176	0.11697768973624054	16.17117552125917	0.2645198864907234	NaN	NaN	0.012083141909313557	1.3416393758103562	0.10941253219179309	NaN	NaN	17.054469647990324	988.4032913531013	92.1595142967139	92.35734888742155	91.96167823521121	0.39567081781012137	0.0002848018829859535	35.69468389906557	136
DATA	2026-09-21T193000_AIU-1657.ghg	2026-09-21	20:00:00	264.833	0	18000	18000	1.2537955349026026	1	NaN	-76.69283635519932	1	NaN	379.39328482835504	1	NaN	100.44537933909129	1	NaN	8.606199388335954	1	NaN	-0.04121037670594677	2	NaN	NaN	NaN	NaN	NaN	NaN	NaN	NaN	NaN	NaN	6.445928917915394e-11	3.7024186518073496e-12	3.108703948944047e-13	NaN	17.318035797248026	442.943511597144	454.5070017647091	0.2	0	994.7149521024247	25.44183064874182	26.10601547332766	0.1	1	0.08352038465895777	2.0525805584062606	2.106165258224266	0	1	NaN	NaN	NaN	NaN	9	303.0689238645765	295.832353892839	97214.84183949632	1.1338254726001584	1019.7474232776249	0.025300151126366393	0.5576817203641697	0.018120911367512038	2473.9869854827134	2747.7109427251185	0.015982099366630077	90.03810943188472	273.72395724240505	294.0767396164275	0.4030882387349308	-0.2092161436403143	0.6257999701153301	0.7732251454541611	-3.415248844158339e-13	3.722090076138833e-15	0.7732251454541611	5.393171191622332	188.43080723401079	332.5691927659892	54.031236626468754	NaN	1.0515750046189998	2.055654222355887	1299.8884331326528	0.001540978401640708	-0.20214600369085778	-0.0630776810559582	0	21.61395956586105	-3.280001751309098	7.419372892229195	18.475287551939047	28.17597923730628	39.517211505235856	59.20398381359209	1.239667966681114	1.011396251739336	-53.38168892491954	1.0204498788236513	344.7105784483025	1.1006139890924582	91.26304075229528	1.1006139890924582	7.819453026789559	1.1006139890924582	-0.031455318301817824	1.377097739876025	NaN	NaN	800000009	800000009	800000009	800000019	800000019	800000019	899999999	899999999	89999	89999	89	89	19	1	0	11	9	0	8	NaN	0	0	0	0	0	0	0	0	0	NaN	NaN	NaN	NaN	0	157	0	0	0	0	300	150	0	3004	0	20	18000	18000	18000	18000	93	NaN	0.3575325624322148	3.0310040167699204	0.7227718655096389	0.06370796958801131	18.624938785440115	0.1377162627881378	4.420182686981198e-7	NaN	-0.04616932061305434	2.3692632876530015	0.20299940516099563	-0.00003145531830181782	NaN	17.319224725764197	994.7788362136928	91.758726017846	91.85573258760239	91.66172240447997	0.19401242914009842	0.0002846100230575151	55.26892939849361	201
DATA	2026-09-21T200000_AIU-1657.ghg	2026-09-21	20:30:00	264.854	0	18000	18000	0.024585038223570384	1	NaN	7.516606761780162	2	NaN	42.848694756033105	1	NaN	8.509664372789858	1	NaN	0.9721637758317087	1	NaN	0.12625847557908434	0	NaN	NaN	NaN	NaN	NaN	NaN	NaN	NaN	NaN	NaN	6.926135165137817e-10	3.920120740570335e-11	3.4093065470064137e-12	NaN	17.201604417028438	439.78909984034925	451.0156031553478	0	0	973.5929871206563	24.891607377786517	25.527015833439023	0.1	1	0.08467282425150674	2.082129157356405	2.135279701323507	-0.9	0	NaN	NaN	NaN	NaN	9	304.05740047200527	296.02265454101564	97268.92893012153	1.133965170085024	1019.4340746290401	0.025302348621748405	0.06299621267389471	0.017727475790429346	2421.8294448881543	2779.585385206251	0.015633174861182157	87.12916170079984	357.7559403180967	293.7306618778845	-0.024130774514219633	-0.3267601800895717	0.120880294572316	0.3492371045388155	2.173674376484386e-14	4.026447183194962e-14	0.3492371045388155	2.7940430752406877	255.22354509400702	265.7764549059929	20.250590308425686	NaN	0.14724331492150303	0.3641061177946337	-36.4212856463064	-0.054998058537868794	0.1754220707206448	0.044159828991510934	1	1.4593163230136141	1	1	2	4	6	18	0.024003785906079413	1.0242150267364183	9.920252793019987	1.0272717548225696	39.053981050503864	1.0971658612888142	7.7560418830328555	1.0971658612888142	0.8860681963707213	1.0971658612888142	0.09406194716123167	1.3220984121507258	NaN	NaN	800000009	800000009	800000009	800000009	800000019	800000119	899999999	899999999	89999	89999	89	89	7	9	0	0	4	0	1	NaN	0	0	0	0	0	0	0	0	0	NaN	NaN	NaN	NaN	0	0	0	0	0	0	0	0	0	0	0	0	18000	18000	18000	18000	93	NaN	0.47505242186296526	0.1654678604853314	0.08769195324097066	0.07409965887806323	6.552289063169708	0.14315104205964788	0.0000030576366533557323	NaN	0.008581513263534351	0.20125703040741497	0.02299206948974004	0.00009406194716123167	NaN	17.202824255023845	973.6574637549033	92.09522256130644	92.25137152184381	91.93907313452827	0.3122978930895552	0.0002845110314309648	56.396874521149506	050
DATA	2026-09-21T203000_AIU-1657.ghg	2026-09-21	21:00:00	264.874	0	18000	18000	0.03298465961307528	1	NaN	12.544128734173965	1	NaN	13.156068229292782	0	NaN	-0.46183030902876254	2	NaN	0.2984663040108848	0	NaN	0.013748153746860692	0	NaN	NaN	NaN	NaN	NaN	NaN	NaN	NaN	NaN	NaN	2.273835976798596e-10	1.264399100927089e-11	1.1168209855199641e-12	NaN	17.380569122661658	444.342140717059	455.5992145462032	0	0	966.4714692057596	24.708281905965766	25.334247638493203	0.1	1	0.08536668666751494	2.098172486017478	2.151328107366518	-0.1	0	NaN	NaN	NaN	NaN	9	304.32025725131564	295.94507084486224	97354.25143771702	1.1353368443002858	1019.3275441715616	0.02527354771535886	0.019340616499905334	0.0176169666636734	2406.101527453133	2766.5517081402895	0.01551695142469443	86.97113885033959	360.4501806871567	293.6250221572277	0.18560056603615782	-0.25222429187990825	0.10637658972323472	0.33072744423228967	3.902743632279283e-14	1.3082632454387552e-14	0.33072744423228967	2.062785925059413	214.65231207591592	306.3476879240841	18.76239297720366	NaN	0.17044867807738984	0.15109852081169758	-33.87409029109779	-0.0591336913489429	0.9534861415695385	0.06359286233399288	1	0.9603236112676774	1	1	1	2	5	14	0.03217540896755658	1.0251512155240883	13.082555329001783	1.0278722317221058	11.983668699130265	1.097833106004308	-0.4206744235557333	1.097833106004308	0.2718685585072105	1.097833106004308	0.006760415486933382	1.3234520356458417	NaN	NaN	800000009	800000009	800000009	800000009	800000019	810000119	899999999	899999999	89999	89999	89	89	13	7	0	19	7	0	3	NaN	0	0	0	0	0	0	0	0	0	NaN	NaN	NaN	NaN	0	0	0	0	0	0	0	0	0	0	0	0	18000	18000	18000	18000	93	NaN	0.11277489121304464	0.12383119062787853	0.06559095978247198	0.02602772855951535	13.977771558446193	0.0614104283019822	0.0000011536744736317114	NaN	0.011304571065674703	-0.010901361275248891	0.007045204580343567	0.000006760415486933382	NaN	17.381850665516307	966.5405648146362	92.22818289989894	92.4143091875712	92.04205559370254	0.37225373163488085	0.0002846230267298072	57.17664279164208	138
DATA	2026-09-21T210000_AIU-1657.ghg	2026-09-21	21:30:00	264.895	0	18000	18000	0.047809413624555194	1	NaN	3.258258801841762	2	NaN	10.878211528451851	1	NaN	6.022106438645447	2	NaN	0.24677419822509447	1	NaN	0.037465747547763814	1	NaN	NaN	NaN	NaN	NaN	NaN	NaN	NaN	NaN	NaN	2.227427449780549e-10	1.2339855237177292e-11	1.064866978377124e-12	NaN	17.75506783192201	453.75835879327406	465.4590803064027	0.1	1	983.6233579404195	25.138023959971456	25.786239055178076	0.1	1	0.08488171156785557	2.085941475276091	2.139730060812671	0	1	NaN	NaN	NaN	NaN	9	304.4427520726522	295.88104410129125	97413.81742751737	1.136090943205119	1019.5740155506489	0.025252629099444875	0.01599096804498612	0.01793821933297473	2449.447738755262	2755.8357699117787	0.015789422000291414	88.8822100902506	306.3880311565167	293.9147200719707	0.10141041742489555	-0.06639925492195915	0.2198522370416086	0.25105365950067754	-2.718482276392666e-14	1.2545305210131811e-14	0.25105365950067754	2.7721875623301573	194.21508415589585	326.78491584410415	61.130078354306164	NaN	0.20513990956923459	0.1875865800662887	-227.46551049240466	-0.008806170199885692	0.29952155217057685	0.013712087029177387	0	14.906596514757245	-2.26213353113183	5.116952206743065	12.741934498011588	19.432254077226045	27.254012644092153	40.83147727218754	0.04638870662074783	1.030626139577945	3.8285717561333996	1.0314455155831823	9.871538508276554	1.1019773178548893	5.464818867931046	1.1019773178548893	0.22393763848557746	1.1019773178548893	0.027514520920785056	1.331414943204072	NaN	NaN	800000009	800000009	800000009	800000009	800000019	810000019	899999999	899999999	89999	89999	89	89	4	1	0	1	3	0	2	NaN	0	0	0	0	0	0	0	0	0	NaN	NaN	NaN	NaN	0	0	0	0	0	0	0	0	0	0	0	0	18000	18000	18000	18000	93	NaN	0.043542050863793265	0.26199882455998513	0.06963228470879901	0.026912204210105165	11.56132445076291	0.030021676423496898	0.0000013332722975791213	NaN	0.0033052547252781276	0.14156055103526632	0.005800875796192007	0.000027514520920785055	NaN	17.756362614720913	983.6940568692615	92.11678196589153	92.29308544794718	91.9404777399699	0.3526076777726427	0.00028383661827117773	57.10691022703382	090
DATA	2026-09-21T213000_AIU-1657.ghg	2026-09-21	22:00:00	264.916	0	18000	18000	0.0826600175225535	1	NaN	8.469481563168328	1	NaN	20.799722683554855	1	NaN	4.702873440289177	1	NaN	0.4718486154332711	1	NaN	0.059952805889129164	0	NaN	NaN	NaN	NaN	NaN	NaN	NaN	NaN	NaN	NaN	-4.2870193546949987e-10	-2.3164408241033043e-11	-2.126539283905243e-12	NaN	17.408017809721937	444.6943800381678	455.64281216827203	0.2	0	940.6219049838228	24.028541299716363	24.62012703907914	0.1	1	0.08635098343270606	2.121077722191074	2.173298925171179	0.9	0	NaN	NaN	NaN	NaN	9	304.40876589457196	295.8879133080376	97446.81904861111	1.1369307894659297	1018.9362138562801	0.02524466304042057	0.030575790280075968	0.01715191527597181	2342.1329999423997	2756.9837067195813	0.015086156021888437	84.95273273592193	414.8507067771816	293.18903296665957	0.30738050828069036	0.18859348328503397	0.2850360957928726	0.4596692884164785	3.1907483110393e-14	-2.4626694443641982e-14	0.4596692884164785	2.829345181565787	129.4687795746039	31.531220425396103	38.32266998785192	NaN	0.26963777363824304	0.2659854685501194	-198.72531979426915	-0.01007974223955817	0.4071920425104831	0.027114092218898538	0	13.948057866956592	-2.11667159326231	4.787916907219366	11.922590078780997	18.182702140372918	25.501498285690644	38.20589141337401	0.08102841483683848	1.020136179252679	9.567614679646033	1.024721975199156	19.003127273377924	1.0945420921688949	4.296658368770612	1.0945420921688949	0.43109225201040685	1.0945420921688949	0.04347373511811041	1.316243445089961	NaN	NaN	800000009	800000009	800000009	800000009	800000019	810000019	899999999	899999999	89999	89999	89	89	45	4	2	8	1	0	0	NaN	0	0	0	0	0	0	0	0	0	NaN	NaN	NaN	NaN	0	0	0	0	0	0	0	0	0	0	0	0	18000	18000	18000	18000	93	NaN	0.2070080362290052	0.1829153728375661	0.1420475280336675	0.020827710097409222	40.24931032183761	0.13769658900967624	5.834126563873016e-7	NaN	0.008258908429524005	0.11113891506503071	0.01115078767481485	0.00004347373511811041	NaN	17.409204107136848	940.6837474620181	92.36556734593708	92.56863791698879	92.16249586995441	0.40614036853031904	0.00028410908546195256	55.575492567038445	099
DATA	2026-09-21T220000_AIU-1657.ghg	2026-09-21	22:30:00	264.937	0	18000	18000	0.10160027865312825	0	NaN	4.903300838603674	0	NaN	43.26307818285769	0	NaN	19.30038321687238	0	NaN	0.9813530750960704	0	NaN	0.10447158461209875	0	NaN	NaN	NaN	NaN	NaN	NaN	NaN	NaN	NaN	NaN	3.853382640495083e-10	2.0534885118247137e-11	1.9526453536528723e-12	NaN	17.1779602515944	438.44596142670025	448.93534616923563	0.1	0	915.4228200057124	23.36502311979052	23.92400812269536	0.1	1	0.087046803808199	2.1366876204787726	2.1878057524667693	1	0	NaN	NaN	NaN	NaN	9	304.28668747541644	295.7993335689969	97469.60098220487	1.1378251545579534	1018.5540182693959	0.02523120680202264	0.06359167926622536	0.016687181359825883	2277.9903633635545	2742.2128287018286	0.014665857309428947	83.07124594854884	464.2224653382741	292.7412517737435	0.5217535371237098	-0.5635640990022697	0.09726619404441525	0.7741394962725892	-1.839704610016474e-15	2.243213154563811e-14	0.7741394962725892	5.171883827189614	208.2061603300283	312.79383966997165	7.217963233367488	NaN	0.2988200156535885	0.6236933784473995	-467.2269110514228	-0.0042872102454294195	0.11333684621050681	0.014158565639800093	0	11.285724285230009	-1.712652200886606	3.8740239416040794	9.646867375974002	14.712081429117642	20.633903390549076	30.913347268529627	0.1001099160977304	1.014887262056467	7.410628615176238	1.0219112956369436	39.576422878183635	1.0931528176768674	17.65570458656359	1.0931528176768674	0.8977272520612533	1.0931528176768674	0.07836994372244296	1.3087694595689465	NaN	NaN	800000009	800000009	800000009	800000009	800000019	810000019	899999999	899999999	89999	89999	89	89	21	8	0	18	4	0	1	NaN	0	0	0	0	0	0	0	0	0	NaN	NaN	NaN	NaN	0	0	0	0	0	0	0	0	0	0	0	0	18000	18000	18000	18000	93	NaN	0.32241894180630776	0.6287219177601551	0.29624589732833606	0.012343823656739906	9.781161379754021	0.037394489643831845	0.0000016916827087216062	NaN	0.006394335980989327	0.45613520199019586	0.023192787319441844	0.00007836994372244296	NaN	17.179144617120215	915.4890556562226	92.44356344180638	92.64224251386854	92.24488756349352	0.39735234523481877	0.0002841183873291205	57.384485859433546	216
DATA	2026-09-21T223000_AIU-1657.ghg	2026-09-21	23:00:00	264.958	0	18000	18000	0.06924008417620642	1	NaN	10.922059112602486	0	NaN	36.013169146953594	0	NaN	3.659113888759084	0	NaN	0.8168157846852054	0	NaN	0.11634202265198176	0	NaN	NaN	NaN	NaN	NaN	NaN	NaN	NaN	NaN	NaN	-1.0966618839403334e-10	-5.849247926357195e-12	-5.535421617090058e-13	NaN	17.28252589629377	440.9765567011732	451.5982819561426	0	0	921.7953157804005	23.520295978453202	24.086825237213745	0.1	1	0.0872338765896857	2.1403956575844285	2.1919509937271555	0	0	NaN	NaN	NaN	NaN	9	304.11884882863365	295.6921542867025	97462.67234288194	1.1380892487527106	1018.6409845170502	0.02522385762305839	0.05292966284760131	0.016802970708422377	2292.9657992180796	2724.432898630205	0.014764194220126058	84.16304913844422	431.4670994121252	292.8467751840885	0.2780348910583857	-0.41306149432028416	0.037536158748944864	0.4993317153451906	-8.230347847350392e-14	-6.345495389510813e-15	0.4993317153451906	4.017056805939883	217.05519762507288	303.9448023749272	4.311150535016197	NaN	0.24665540305671962	0.31616215084955224	-117.9625148348698	-0.016980818040409244	0.30327958830933377	0.03819587144295668	0	15.142936595206834	-2.2979990501459207	5.198080108407346	12.943954444104728	19.74034724171076	27.686117687956603	41.478849367744765	0.06794237481356927	1.0191001472379793	12.887723632761656	1.0241029647128186	32.91894824618286	1.0939951324577792	3.3447259317676177	1.0939951324577792	0.7466356663307449	1.0939951324577792	0.08611402162095912	1.3147615493546572	NaN	NaN	800000009	800000009	800000009	800000009	800000019	810000019	899999999	899999999	89999	89999	89	89	9	4	0	16	13	0	3	NaN	0	0	0	0	0	0	0	0	0	NaN	NaN	NaN	NaN	0	0	0	0	0	0	0	0	0	0	0	0	18000	18000	18000	18000	93	NaN	0.14517331520756893	0.39036497946372195	0.09678600702781356	0.023341790077635195	3.0916300751423096	0.03817132644514402	0.0000013302370505565541	NaN	0.011116773262722233	0.08639957947372415	0.01928678430072999	0.00008611402162095911	NaN	17.283794604831282	921.8622362056408	92.40940220642089	92.60313642289903	92.21566878255209	0.38747125771807356	0.0002840873104610687	57.495268790792544	096
DATA	2026-09-21T230000_AIU-1657.ghg	2026-09-21	23:30:00	264.979	0	18000	18000	0.009765114496011654	1	NaN	3.896901304223011	1	NaN	20.107475125878505	0	NaN	0.32073392433631687	1	NaN	0.4560330907541451	0	NaN	0.10088543139455122	1	NaN	NaN	NaN	NaN	NaN	NaN	NaN	NaN	NaN	NaN	-1.4218540330497743e-11	-7.571904282088166e-13	-7.213792647388857e-14	NaN	17.25587712896172	440.186759338194	450.7531296472376	0.1	1	918.9399677245107	23.441590560475664	24.00428928150799	0.1	1	0.08754788934989921	2.1474808818225966	2.1990296341363744	0.1	0	NaN	NaN	NaN	NaN	9	304.0398968870375	295.6351878373888	97460.69597265625	1.1383196465631258	1018.5947766094635	0.025219509538179846	0.029550944280868602	0.016749630618228817	2285.2465595434396	2715.0238105127087	0.014714347300251012	84.17040582461377	429.77725096926906	292.79245775659757	0.15783528386410273	-0.41135810978102794	0.06231892514777832	0.44498440393642236	-3.3970639502692683e-15	-8.239824741585459e-16	0.44498440393642236	1.580052690563039	230.008534659597	290.99146534040307	8.050591213657802	NaN	0.09262037907190546	0.12045664008359781	-17.505074078742172	-0.11442967856003113	0.19380361183228137	0.03628667510580725	1	5.3112672111974355	2	4	8	12	22	58	0.009568336822889373	1.0205655044094548	5.0251879342264925	1.0249831886771081	18.36655676012325	1.0947874110805065	0.29296457110313934	1.0947874110805065	0.4165494470785527	1.0947874110805065	0.07663108807009847	1.3168570962814787	NaN	NaN	800000009	800000009	800000009	800000009	800000019	810001019	899999999	899999999	89999	89999	89	89	12	0	0	9	3	0	2	NaN	0	0	0	0	0	0	0	0	0	NaN	NaN	NaN	NaN	0	0	0	0	0	0	0	0	0	0	0	0	18000	18000	18000	18000	93	NaN	0.1229234657958209	0.08240528023756301	0.03558453413381171	0.025036448220789737	1.6489736324448816	0.033380046601118485	0.0000028087026440377384	NaN	0.004333977297556263	0.0075658253489627935	0.010757411225311054	0.00007663108807009847	NaN	17.257129470337315	919.0059754669251	92.41402454291449	92.6073829328749	92.22066865624322	0.3867191285689668	0.00028383503219326186	58.31474808318151	225
