DATAH	filename	date	time	DOY	daytime	file_records	used_records	Tau	qc_Tau	rand_err_Tau	H	qc_H	rand_err_H	LE	qc_LE	rand_err_LE	co2_flux	qc_co2_flux	rand_err_co2_flux	h2o_flux	qc_h2o_flux	rand_err_h2o_flux	ch4_flux	qc_ch4_flux	rand_err_ch4_flux	none_flux	qc_none_flux	rand_err_none_flux	H_strg	LE_strg	co2_strg	h2o_strg	ch4_strg	none_strg	co2_v-adv	h2o_v-adv	ch4_v-adv	none_v-adv	co2_molar_density	co2_mole_fraction	co2_mixing_ratio	co2_time_lag	co2_def_timelag	h2o_molar_density	h2o_mole_fraction	h2o_mixing_ratio	h2o_time_lag	h2o_def_timelag	ch4_molar_density	ch4_mole_fraction	ch4_mixing_ratio	ch4_time_lag	ch4_def_timelag	none_molar_density	none_mole_fraction	none_mixing_ratio	none_time_lag	none_def_timelag	sonic_temperature	air_temperature	air_pressure	air_density	air_heat_capacity	air_molar_volume	ET	water_vapor_density	e	es	specific_humidity	RH	VPD	Tdew	u_unrot	v_unrot	w_unrot	u_rot	v_rot	w_rot	wind_speed	max_wind_speed	wind_dir	yaw	pitch	roll	u*	TKE	L	(z-d)/L	bowen_ratio	T*	model	x_peak	x_offset	x_10%	x_30%	x_50%	x_70%	x_90%	un_Tau	Tau_scf	un_H	H_scf	un_LE	LE_scf	un_co2_flux	co2_scf	un_h2o_flux	h2o_scf	un_ch4_flux	ch4_scf	un_none_flux	un_none_scf	spikes_hf	amplitude_resolution_hf	drop_out_hf	absolute_limits_hf	skewness_kurtosis_hf	skewness_kurtosis_sf	discontinuities_hf	discontinuities_sf	timelag_hf	timelag_sf	attack_angle_hf	non_steady_wind_hf	u_spikes	v_spikes	w_spikes	ts_spikes	co2_spikes	h2o_spikes	ch4_spikes	none_spikes	head_detect_LI-7200	t_out_LI-7200	t_in_LI-7200	aux_in_LI-7200	delta_p_LI-7200	chopper_LI-7200	detector_LI-7200	pll_LI-7200	sync_LI-7200	chopper_LI-7500	detector_LI-7500	pll_LI-7500	sync_LI-7500	not_ready_LI-7700	no_signal_LI-7700	re_unlocked_LI-7700	bad_temp_LI-7700	laser_temp_unregulated_LI-7700	block_temp_unregulated_LI-7700	motor_spinning_LI-7700	pump_on_LI-7700	top_heater_on_LI-7700	bottom_heater_on_LI-7700	calibrating_LI-7700	motor_failure_LI-7700	bad_aux_tc1_LI-7700	bad_aux_tc2_LI-7700	bad_aux_tc3_LI-7700	box_connected_LI-7700	mean_value_RSSI_LI-7200	mean_value_LI-7500	u_var	v_var	w_var	ts_var	co2_var	h2o_var	ch4_var	none_var	w/ts_cov	w/co2_cov	w/h2o_cov	w/ch4_cov	w/none_cov	co2_mean	h2o_mean	avg_signal_strength_7200_mean	co2_signal_strength_7200_mean	h2o_signal_strength_7200_mean	delta_signal_strength_7200_mean	flowrate_mean	rssi_77_mean	CHK
DATAU		[yyyy-mm-dd]	[HH:MM]	[ddd.ddd]	[1=daytime]	[#]	[#]	[kg+1m-1s-2]	[#]	[kg+1m-1s-2]	[W+1m-2]	[#]	[W+1m-2]	[W+1m-2]	[#]	[W+1m-2]	[µmol+1s-1m-2]	[#]	[µmol+1s-1m-2]	[mmol+1s-1m-2]	[#]	[mmol+1s-1m-2]	[µmol+1s-1m-2]	[#]	[µmol+1s-1m-2]	[µmol+1s-1m-2]	[#]	[µmol+1s-1m-2]	[W+1m-2]	[W+1m-2]	[µmol+1s-1m-2]	[mmol+1s-1m-2]	[µmol+1s-1m-2]	[µmol+1s-1m-2]	[µmol+1s-1m-2]	[mmol+1s-1m-2]	[µmol+1s-1m-2]	[µmol+1s-1m-2]	[mmol+1m-3]	[µmol+1mol_a-1]	[µmol+1mol_d-1]	[s]	[1=default]	[mmol+1m-3]	[mmol+1mol_a-1]	[mmol+1mol_d-1]	[s]	[1=default]	[mmol+1m-3]	[µmol+1mol_a-1]	[µmol+1mol_d-1]	[s]	[1=default]	[mmol+1m-3]	[µmol+1mol_a-1]	[µmol+1mol_d-1]	[s]	[1=default]	[K]	[K]	[Pa]	[kg+1m-3]	[J+1kg-1K-1]	[m+3mol-1]	[mm]	[kg+1m-3]	[Pa]	[Pa]	[kg+1kg-1]	[%]	[Pa]	[K]	[m+1s-1]	[m+1s-1]	[m+1s-1]	[m+1s-1]	[m+1s-1]	[m+1s-1]	[m+1s-1]	[m+1s-1]	[deg_from_north]	[deg]	[deg]	[deg]	[m+1s-1]	[m+2s-2]	[m]	[#]	[#]	[K]	[0=KJ/1=KM/2=HS]	[m]	[m]	[m]	[m]	[m]	[m]	[m]	[kg+1m-1s-2]	[#]	[W+1m-2]	[#]	[W+1m-2]	[#]	[µmol+1s-1m-2]	[#]	[mmol+1s-1m-2]	[#]	[µmol+1s-1m-2]	[#]	[µmol+1s-1m-2]	[#]	8u/v/w/ts/co2/h2o/ch4/none	8u/v/w/ts/co2/h2o/ch4/none	8u/v/w/ts/co2/h2o/ch4/none	8u/v/w/ts/co2/h2o/ch4/none	8u/v/w/ts/co2/h2o/ch4/none	8u/v/w/ts/co2/h2o/ch4/none	8u/v/w/ts/co2/h2o/ch4/none	8u/v/w/ts/co2/h2o/ch4/none	8co2/h2o/ch4/none	8co2/h2o/ch4/none	8aa	8U	[#]	[#]	[#]	[#]	[#]	[#]	[#]	[#]	[#_flagged_recs]	[#_flagged_recs]	[#_flagged_recs]	[#_flagged_recs]	[#_flagged_recs]	[#_flagged_recs]	[#_flagged_recs]	[#_flagged_recs]	[#_flagged_recs]	[#_flagged_recs]	[#_flagged_recs]	[#_flagged_recs]	[#_flagged_recs]	[#_flagged_recs]	[#_flagged_recs]	[#_flagged_recs]	[#_flagged_recs]	[#_flagged_recs]	[#_flagged_recs]	[#_flagged_recs]	[#_flagged_recs]	[#_flagged_recs]	[#_flagged_recs]	[#_flagged_recs]	[#_flagged_recs]	[#_flagged_recs]	[#_flagged_recs]	[#_flagged_recs]	[#_flagged_recs]	[#]	[#]	[m+2s-2]	[m+2s-2]	[m+2s-2]	[K+2]	--	--	--	--	[m+1s-1K+1]	--	--	--	--	--	--	--	--	--	--	--	--	241
DATA	2026-08-04T233000_AIU-1657.ghg	2026-08-05	00:00:00	217	0	18000	18000	0.09298589887906285	1	NaN	4.655426782319786	1	NaN	25.909157453155302	0	NaN	7.488079283973115	0	NaN	0.5885611723985411	0	NaN	0.029858422295064902	0	NaN	NaN	NaN	NaN	NaN	NaN	NaN	NaN	NaN	NaN	1.1740594706294555e-10	7.146717582188746e-12	5.901479699034932e-13	NaN	16.456284711793604	420.39445138921894	431.43495354650827	0.2	0	1001.7245482822527	25.59018935886727	26.262245186170375	0.1	1	0.0827184930386203	2.0458170115697922	2.0995447595336763	0.6	0	NaN	NaN	NaN	NaN	9	305.5557293921577	297.29673342339686	97656.11283306652	1.133297680923356	1019.8609658997393	0.02531049997768487	0.03813876397142546	0.018219127261586063	2499.7087600506015	3001.429770162969	0.016076206250366633	83.28393304084788	501.72101011236737	294.2450628796286	0.4372356743042813	-0.15392679149912958	0.10167241548233667	0.47455850228980134	2.271223967300316e-14	7.134413940882118e-15	0.47455850228980134	2.6778286104496325	180.39438102876443	340.60561897123563	12.371314661422167	NaN	0.2864419006724791	0.25689878726626925	-434.2285206546752	-0.004613008829958883	0.17968267747559785	0.014061705040854685	0	16.939754088934514	-2.5706730369853528	5.814869409073148	14.479847012692996	22.082680317805924	30.97127313203804	46.40061085667881	0.09118701793477306	1.0197273798949817	6.1347998566805835	1.0244756675765188	23.6760807104454	1.0943178379065381	6.842691423451553	1.0943178379065381	0.5378338468140808	1.0943178379065381	0.020702187245196353	1.3156578277023505	NaN	NaN	800000009	800000009	800000009	800000019	800000019	800000019	899999999	899999999	89999	89999	89	89	6	5	0	10	11	0	3	NaN	0	18000	0	0	0	0	0	0	0	NaN	NaN	NaN	NaN	0	2	0	0	0	0	0	0	0	0	0	0	18000	18000	18000	18000	100	NaN	0.16966782560312424	0.24551045102359506	0.09861929790581919	0.025680813937422706	10.053378275002913	0.024549556717894612	1.904677758296041e-7	NaN	0.005307810738398611	0.17774160245558165	0.013970445819017336	0.000020702187245196354	NaN	16.457448322366723	1001.7945503503179	100.10442419391208	100.8391657363044	99.36970427619086	1.4694575654798092	0.000283713403410123	52.6242524194834	020
DATA	2026-08-05T000000_AIU-1657.ghg	2026-08-05	00:30:00	217.02	0	18000	18000	0.1480321516209272	1	NaN	11.332793971935718	1	NaN	55.360208235533804	1	NaN	20.960673172353587	1	NaN	1.2643940769116557	1	NaN	NaN	NaN	NaN	NaN	NaN	NaN	NaN	NaN	NaN	NaN	NaN	NaN	-2.4378767078204995e-10	-1.4756265349337332e-11	NaN	NaN	16.505033051426445	421.1710386059442	432.1888875536893	0.1	0	999.0359501164905	25.493133361455104	26.160034612573725	0.1	1	NaN	NaN	NaN	NaN	0	NaN	NaN	NaN	NaN	9	305.3040424075656	302.8507512034261	96942.98252162436	1.104591110302377	1019.8044482851084	0.02618340949031871	0.08193273618387528	0.01754493704169184	2452.0165401861714	4154.183091226135	0.015883648599063042	59.025240013252336	1702.1665510399635	293.93174694889854	0.5446258138721259	-0.035104940564978405	0.036393831152930295	0.546968138865521	-1.0347679098693318e-14	-1.477050485282007e-14	0.546968138865521	4.122241379646353	164.68801159423026	356.3119884057698	3.8151301107927478	NaN	0.366081054635537	0.34549040757404403	-370.4634112086353	-0.005407011703166298	0.20471010375755036	0.027481554422242926	0	21.054012732888857	-3.19502765911686	7.227161264323431	17.99665342099994	27.446031987625126	38.49345010867993	57.67020268779968	0.14540701159100622	1.0180537375825098	14.498526643726679	1.0234977463572668	50.625295664954166	1.093528590962036	19.167924227672323	1.093528590962036	1.156251503035051	1.093528590962036	NaN	1	NaN	NaN	800000009	800000019	800000009	800000019	800000009	800000019	899999999	899999999	89999	89999	89	89	11	9	1	3	0	0	1	NaN	0	18000	0	0	0	0	0	0	0	NaN	NaN	NaN	NaN	0	13583	0	0	0	0	0	0	0	11996	0	0	18000	18000	18000	18000	100	NaN	0.3948804981792212	0.20256537714611986	0.09353493982274692	0.03267609650321304	15.24837483037857	0.042891684545879646	NaN	NaN	0.012870796545933382	0.5149053092717736	0.031060224920271096	NaN	NaN	16.506247893089206	999.1066990633054	100.13338290807935	100.85429945352342	99.41245724317763	1.4418404404587224	0.0002835282682337695	15.316806761333568	095
DATA	2026-08-05T003000_AIU-1657.ghg	2026-08-05	01:00:00	217.041	0	18000	18000	0.10234692657261901	1	NaN	6.995535974017063	0	NaN	41.51753382719521	0	NaN	13.15556387444943	1	NaN	0.9426965427821984	0	NaN	0.01816418783187743	0	NaN	NaN	NaN	NaN	NaN	NaN	NaN	NaN	NaN	NaN	-3.2015784246124836e-10	-1.9173103978064377e-11	-1.5837521522995958e-12	NaN	16.731986455033546	426.80134640865725	437.9963584080547	0.1	0	1002.0186093075414	25.559600632495943	26.23002971663155	0.1	1	0.08276954691064461	2.0427566364533263	2.096338203731343	0	1	NaN	NaN	NaN	NaN	9	305.16418285624184	296.82680424681894	97638.62741085936	1.1349019066519639	1019.834642504706	0.02527501784845433	0.06108673597228645	0.01822289559005486	2496.2737423681187	2917.8698322234904	0.016056802339696134	85.55123723479794	421.5960898553717	294.2226721306209	0.33482960306270343	-0.10782653955422704	0.09518192566532127	0.36441326086285825	-2.312647513058117e-14	-1.9134478940779566e-14	0.36441326086285825	3.2638156472425455	178.85032717239937	342.1496728276006	15.14081879789093	NaN	0.30030201062291734	0.22497945033600014	-332.9356243328348	-0.00601647842286023	0.16849594205508373	0.020126797094914443	0	18.615387476131225	-2.8249568681274355	6.390060127478946	15.912153229689272	24.267037671817242	34.03486537969243	50.99043030326463	0.09999556083495532	1.0235147012330343	9.347890271964891	1.0268252816485306	37.857511688168124	1.0966788881734923	11.995821216509318	1.0966788881734923	0.8595921312502423	1.0966788881734923	0.010173149192095726	1.3210896979575089	NaN	NaN	800000009	800000009	800000009	800000019	800000019	800000019	899999999	899999999	89999	89999	89	89	27	19	1	13	7	6	1	NaN	0	18000	0	0	0	0	0	0	0	NaN	NaN	NaN	NaN	0	11	0	0	0	0	301	0	0	18000	0	21	18000	18000	18000	18000	100	NaN	0.18435042144154648	0.17998500506696785	0.08562347416348591	0.021380729888787513	19.403382363554975	0.03466938034060302	3.3054832570607286e-7	NaN	0.008076543191644178	0.3111495878262375	0.022296242375561093	0.000010173149192095726	NaN	16.733185874573994	1002.0901026144795	100.14019304529826	100.85785484568278	99.42246194415623	1.4353679177827303	0.0002832455659259318	41.9317681141299	056
DATA	2026-08-05T010000_AIU-1657.ghg	2026-08-05	01:30:00	217.062	0	18000	18000	0.02330843461859774	1	NaN	2.9101306868610783	1	NaN	8.594904725012514	0	NaN	9.664663825761368	1	NaN	0.19510901148521406	0	NaN	-0.025149074422853593	2	NaN	NaN	NaN	NaN	NaN	NaN	NaN	NaN	NaN	NaN	1.5900710103962958e-10	9.401000008180437e-12	7.904338148158872e-13	NaN	16.878361723492578	430.18111680825405	441.4077313496596	0.2	0	997.9018400007159	25.433660862891532	26.097413630570053	0.1	1	0.08390334618840474	2.068373215545403	2.1223524068938837	0.2	0	NaN	NaN	NaN	NaN	9	304.96010002221	296.579578557658	97607.30515671789	1.1355381729288665	1019.7575092083231	0.02526207041746876	0.01264306394424187	0.018142399614446306	2483.1770044189825	2874.730479521368	0.015976917418506546	86.37947181860409	391.5534751023856	294.13705431283415	0.1820894495100538	-0.02790530014609532	0.09413785341822777	0.20687486276808234	5.523421788874479e-15	9.420766283158364e-15	0.20687486276808234	1.4726976903354394	169.7128202235681	351.28717977643197	27.067979400948403	NaN	0.1432701397821348	0.05936358262883082	-86.88596860778176	-0.02305435540509813	0.3385878936379765	0.01754115384615766	1	0.4980494347202073	1	1	1	2	6	NaN	0.022513779644227704	1.0352963823457237	3.344535588359383	1.0345418396562585	7.773260000757076	1.10570143339801	8.740753637317987	1.10570143339801	0.1764572294037918	1.10570143339801	-0.02042952911101977	1.3383080991234868	NaN	NaN	800000009	800000009	800000009	800000019	800000019	800100019	899999999	899999999	89999	89999	89	89	5	12	0	18	8	0	2	NaN	0	18000	0	0	0	0	0	0	0	NaN	NaN	NaN	NaN	0	0	0	0	0	0	301	0	0	18000	0	16	18000	18000	18000	18000	100	NaN	0.03348098506194662	0.041690978927962474	0.04355520126775255	0.024107423294059384	10.04877347096978	0.01772416790400906	0.0000017513485552719123	NaN	0.002888265889208537	0.22657367772327786	0.004574040761906758	-0.000020429529111019772	NaN	16.879613373859524	997.9731992489166	100.1580835916731	100.86992602411905	99.44621321233113	1.4237255253659358	0.00028329304766440254	32.33590893406365	225
DATA	2026-08-05T013000_AIU-1657.ghg	2026-08-05	02:00:00	217.083	0	18000	18000	0.023150113656552833	1	NaN	13.495924608806009	0	NaN	15.017267604059848	0	NaN	0.37634650671204456	2	NaN	0.34089770969811484	0	NaN	0.0022034610146979268	1	NaN	NaN	NaN	NaN	NaN	NaN	NaN	NaN	NaN	NaN	4.4372555407282355e-11	2.604938127763817e-12	2.186782122910668e-13	NaN	16.913053530177624	431.15849271968335	442.3552192964782	0.1	1	992.8988221047885	25.311618555336864	25.968934315006916	0.1	1	0.0833514382125345	2.054585803262972	2.107941207032454	0.9	0	NaN	NaN	NaN	NaN	9	304.8647246432834	296.5722202978011	97613.36259816939	1.1356897353010407	1019.6871213219065	0.025259876044902884	0.02209017158843784	0.01805691260603881	2471.414953111235	2873.455088843199	0.015899512027598286	86.00847678834548	402.04013573196426	294.0598240577669	0.3010094973173376	-0.07391427794971492	0.016542187004817528	0.31039278649956303	-2.8817105164733488e-15	2.6235685547916757e-15	0.31039278649956303	1.4987673708060087	174.7962757357344	346.2037242642656	3.054989628790853	NaN	0.1427732065652012	0.08367819497696838	-18.541381245615334	-0.10803402257173764	0.8986937547252237	0.081626146685849	1	1.205006760687511	1	1	2	3	5	13	0.022556873349303418	1.026299757863726	14.12144820108499	1.0286144251347837	13.668559785373317	1.098672269782935	0.3425466511377405	1.098672269782935	0.31028152714318175	1.098672269782935	-0.0024502376055232956	1.3251104624085086	NaN	NaN	800000009	800000009	800000009	800000019	800000019	800000019	899999999	899999999	89999	89999	89	89	2	18	0	9	8	0	2	NaN	0	18000	0	0	0	0	0	0	0	NaN	NaN	NaN	NaN	0	0	0	0	0	0	301	151	0	18000	0	16	18000	18000	18000	18000	100	NaN	0.05334799001103678	0.06050297561218531	0.05350542433071468	0.0233298554689057	5.7018348253231474	0.023237908100715136	5.181869403581345e-7	NaN	0.01219418003399056	0.00887744881969795	0.008041264942344183	-0.0000024502376055232955	NaN	16.9142964346302	992.9698386699658	100.14180870056153	100.85492752075196	99.42869474665324	1.426234196417861	0.0002829332242318843	35.08504648355615	117
DATA	2026-08-05T020000_AIU-1657.ghg	2026-08-05	02:30:00	217.104	0	18000	18000	0.008823735123990034	1	NaN	6.129043525096178	1	NaN	58.9014567661213	1	NaN	11.831241332120426	1	NaN	1.3370876196469474	1	NaN	0.08121628229132545	2	NaN	NaN	NaN	NaN	NaN	NaN	NaN	NaN	NaN	NaN	-2.7134179872374776e-10	-1.5779283466870388e-11	-1.3316907318626516e-12	NaN	16.987081078590318	433.08654227058327	444.2757113918912	-0.1	0	987.846210478916	25.18519206519944	25.835873501507095	0.1	1	0.08336916221591446	2.0549448345950743	2.108036129394248	0	1	NaN	NaN	NaN	NaN	9	304.952340868632	296.5738068652885	97602.03650298923	1.1356066965100018	1019.6143262753083	0.02526294244078085	0.0866432777531222	0.017964541139842232	2458.7854015699522	2873.730043242109	0.015819333573015796	85.5607647403087	414.94464167215665	293.97653852083045	0.24695975065080117	-0.2024987540163665	0.09317812503754559	0.3326815696806728	1.0809373087289286e-14	-1.5973421064418987e-14	0.3326815696806728	1.7038407995849196	200.3506092989586	320.6493907010414	16.26509979530868	NaN	0.08814795858529328	0.0979648836523727	-9.607328340232748	-0.2084970898321013	0.10405589032258802	0.06005049238133571	1	3.3170055962588747	2	3	5	7	13	34	0.008608123857511628	1.0250474168410413	9.520576311947313	1.0278057888264591	53.656116372063686	1.0977584802762324	10.77763601438387	1.0977584802762324	1.2180162063612499	1.0977584802762324	0.05828112900670974	1.3232995223400386	NaN	NaN	800000009	800000009	800000009	800000019	800000019	800000019	899999999	899999999	89999	89999	89	89	16	0	0	19	5	0	1	NaN	0	18000	0	0	0	0	0	0	0	NaN	NaN	NaN	NaN	0	0	0	0	0	0	301	0	0	18000	0	16	18000	18000	18000	18000	100	NaN	0.04864551765747451	0.08832394338051466	0.05896030626675622	0.01983174230098491	12.642592264237521	0.06649393857523234	0.000001747049981731723	NaN	0.008222414470568444	0.27931119120735043	0.0315658792943628	0.00005828112900670974	NaN	16.988284734018805	987.9137728347914	100.14330006408692	100.85541034211053	99.43124252192179	1.424194926914241	0.00028325946467036074	40.555014342696964	101
DATA	2026-08-05T023000_AIU-1657.ghg	2026-08-05	03:00:00	217.124	0	18000	18000	0.06266358386827084	1	NaN	-5.675914168878408	2	NaN	36.43688540561369	1	NaN	11.73983514054265	2	NaN	0.826960564274421	1	NaN	0.04088294129270137	1	NaN	NaN	NaN	NaN	NaN	NaN	NaN	NaN	NaN	NaN	6.505442595503625e-10	3.741119553557542e-11	3.162531868081421e-12	NaN	17.008251286862677	433.23603565749744	444.30561488153865	0.1	1	978.102573760029	24.914335658334117	25.55091985190364	0.1	1	0.08268328545734546	2.0358460670672947	2.087863806757744	0.8	0	NaN	NaN	NaN	NaN	9	304.7992416127523	296.35936507001907	97598.13241170051	1.1365004555841316	1019.4545468031282	0.02524568555060538	0.05358704456498248	0.01778348761239195	2432.244879514261	2836.7745831159027	0.015647585115354575	85.73980089890301	404.5297036016418	293.80028896472436	0.20362921026970246	-0.14507543548700164	0.049354447236796245	0.25484818759182537	-6.1104223114808954e-15	3.8248744599208066e-14	0.25484818759182537	1.788538668695917	196.46793549844574	324.5320645015543	11.166580551652826	NaN	0.234813362526344	0.11910577030493637	196.09007173998032	0.01021520356551327	-0.15577385678535363	-0.02086294102602388	0	18.817954850893326	-2.8556972487575174	6.459594952163905	16.08530477491944	24.531104703499278	34.405223146308124	51.54529372567612	0.06151876177325593	1.0186093162803644	-3.4316940518507084	1.0236127532713581	33.029362737052374	1.103166467233676	10.641943432147384	1.103166467233676	0.7496244572662956	1.103166467233676	0.029588101445200084	1.3948936995924488	NaN	NaN	800000009	800000009	800000009	800000019	800000019	800000019	899999999	899999999	89999	89999	89	89	19	10	0	17	8	10	0	NaN	0	18000	0	0	0	0	0	0	0	NaN	NaN	NaN	NaN	0	0	0	0	0	0	301	0	0	18000	0	16	18000	18000	18000	18000	100	NaN	0.06487405538079927	0.12238432486359888	0.050953160365474585	0.028541942563872	7.547912424971398	0.027777657053299407	9.578578739722536e-7	NaN	-0.0029619046982145474	0.2755296367557098	0.01940846197226037	0.000029588101445200085	NaN	17.009511786345964	978.1735554369852	100.16873864597744	100.86898401154413	99.46849700652228	1.4005026188426548	0.0002828020513697992	44.0233760641944	120
DATA	2026-08-05T030000_AIU-1657.ghg	2026-08-05	03:30:00	217.145	0	18000	18000	0.013020641524737855	1	NaN	13.56269362844934	1	NaN	3.9654005700551513	2	NaN	-10.843610122537296	1	NaN	0.08998407150800755	2	NaN	-0.013385377722946788	2	NaN	NaN	NaN	NaN	NaN	NaN	NaN	NaN	NaN	NaN	1.0743561373059513e-10	6.103501734819285e-12	5.19609977190366e-13	NaN	17.2293908047332	438.2179715495836	449.40616622416286	0	0	978.8152458482353	24.89550770649333	25.53111784762425	0.1	1	0.08332956877316969	2.050325311192467	2.1026724083384885	0	1	NaN	NaN	NaN	NaN	9	304.4861764729818	296.2049939331075	97591.70315060172	1.1370260238534553	1019.4408852756724	0.025234197580910563	0.005830967833718889	0.017778138382213655	2430.2467110144175	2810.428847543347	0.01563564774178377	86.47245110434821	380.1821365289293	293.7869514992264	0.22393143904306806	0.034969098034093246	0.06793820237415746	0.2366088048891126	-9.741056911368631e-15	6.23560141784472e-15	0.2366088048891126	1.0840847191718932	152.12438350864295	8.875616491356974	16.686392141333208	NaN	0.10701163234534744	0.061186412929534986	-7.766885280898055	-0.257902611865073	3.4202581526992386	0.10934086634901616	1	1.1703135755844487	1	1	2	3	4	11	0.012617163174990445	1.0319785314774386	13.478026469584803	1.0323386822818017	3.5949648835630397	1.1030429221119307	-9.830632974622311	1.1030429221119307	0.08157803264420609	1.1030429221119307	-0.013860431090181563	1.3334007855744319	NaN	NaN	800000009	800000009	800000009	800000019	800000019	800000019	899999999	899999999	89999	89999	89	89	10	3	0	7	0	0	1	NaN	0	18000	0	0	0	0	0	0	0	NaN	NaN	NaN	NaN	0	0	0	0	0	0	301	0	17996	18000	0	16	18000	18000	18000	18000	100	NaN	0.03767147899764194	0.05167677915682584	0.03302456770460219	0.07584662993385423	30.40845335346034	0.02522961893401392	6.807231559882203e-7	NaN	0.011627700928664766	-0.25440333388058783	0.0021111278927492256	-0.000013860431090181563	NaN	17.230805353427204	978.8858378213398	100.1941287727356	100.88108033858406	99.5071718334622	1.3739112177226311	0.00028251933429338454	38.531290734727726	086
DATA	2026-08-05T033000_AIU-1657.ghg	2026-08-05	04:00:00	217.166	0	18000	18000	0.08862346136817927	1	NaN	6.627148346422583	1	NaN	46.963010171388575	1	NaN	24.86225120206562	1	NaN	1.0655212783599606	1	NaN	0.039629113696568366	2	NaN	NaN	NaN	NaN	NaN	NaN	NaN	NaN	NaN	NaN	-2.1191889970608173e-10	-1.1870032466802243e-11	-1.015551427180511e-12	NaN	17.380236862082896	441.57865959220743	452.77755485859694	0.1	1	973.5043741722321	24.73376859391128	25.3610427567572	0.1	1	0.08328905243705864	2.0475748928074733	2.0995035272116263	0	1	NaN	NaN	NaN	NaN	9	304.27375650702584	296.03302368357174	97612.35951448529	1.137997599249297	1019.3448057916709	0.02521421028184428	0.06904577883772545	0.01767663998661165	2414.9691283248894	2781.3314063554476	0.01553310832841159	86.8278092573432	366.3622780305582	293.68465730154486	0.08481866847588401	-0.08251794463065203	0.12120128441369891	0.1693905813545133	4.6627940067387153e-14	-1.2193096180893174e-14	0.1693905813545133	1.4245171068401827	205.2122855945836	315.78771440541635	45.68531592743204	NaN	0.27906391405708847	0.14000235976315945	-281.92639145926915	-0.007105046071181294	0.14111421568245347	0.0204720131059441	0	19.060732742476514	-2.8925397304483664	6.542932746063081	16.292827665141623	24.8475902049957	34.84909856215934	52.21029998331212	0.0851377501927034	1.0409420165271714	9.19078605497517	1.0383192061789517	42.29653342195015	1.1103276408703675	22.391815070528654	1.1103276408703675	0.9596458190707711	1.1103276408703675	0.026143796463663167	1.3467758278807145	NaN	NaN	800000009	800000009	800000009	800000019	800000019	800000019	899999999	899999999	89999	89999	89	89	3	2	1	17	0	0	5	NaN	0	18000	0	0	0	0	0	0	0	NaN	NaN	NaN	NaN	0	0	0	0	0	0	301	0	18000	18000	0	16	18000	18000	18000	18000	100	NaN	0.06029196558633004	0.15001561529896404	0.06969713864102482	0.029170421687525358	38.725817798926926	0.05434231173180628	9.049716265077269e-7	NaN	0.007923009862060827	0.5789145122109415	0.024810534094389904	0.000026143796463663167	NaN	17.381475978456926	973.571925847145	100.21723470603095	100.88880812687344	99.54570512877571	1.3430939217242948	0.0002823673286151865	43.67257047889251	063
DATA	2026-08-05T040000_AIU-1657.ghg	2026-08-05	04:30:00	217.187	0	18000	18000	0.047489686039111405	1	NaN	13.457829549470643	1	NaN	34.488020580018336	1	NaN	-0.38002180689367254	2	NaN	0.7823858856318084	1	NaN	0.11663653291912295	1	NaN	NaN	NaN	NaN	NaN	NaN	NaN	NaN	NaN	NaN	1.4009917015918197e-11	7.764668808816416e-13	6.658506818614376e-14	NaN	17.455862139319994	443.2888071320473	454.45394306743464	0.1	1	967.4503291502492	24.568245266012802	25.18704680955653	0.1	1	0.08296264492315918	2.0382426986959636	2.0895800129572555	-0.3	0	NaN	NaN	NaN	NaN	9	304.1527432378133	295.90597048629655	97613.01878637211	1.1385658410158295	1019.2473068313933	0.025203218476494208	0.050698605388941186	0.01756600204422105	2398.823873255059	2760.0032963404274	0.015428182904687048	86.91380464783259	361.1794230853684	293.5759354788612	-0.09662597366022414	-0.918587247776153	0.26439022852911925	0.9607503856384185	-1.4455991789764493e-14	8.025909522028319e-16	0.9607503856384185	2.677680323937902	257.0048467168251	263.99515328317483	15.973419734745207	NaN	0.20423048757397538	0.27530120366760624	-54.415931870480186	-0.03681091053935715	0.3902175109831568	0.05678278986990116	0	18.187176202967557	-2.7599741553751835	6.243069054298832	15.546124673904584	23.708821029231448	33.25195860136835	49.81749328504135	0.04685647877238451	1.013513761241062	15.332162697260054	1.0215133684234217	31.518645447082328	1.094210112484732	-0.3473024079723766	1.094210112484732	0.7150234463243689	1.094210112484732	0.08635706441256563	1.3068614172411515	NaN	NaN	800000009	800000009	800000009	800000019	800000019	800000119	899999999	899999999	89999	89999	89	89	5	0	0	27	0	0	4	NaN	0	18000	0	0	0	0	0	0	0	NaN	NaN	NaN	NaN	0	0	0	0	0	0	301	0	18000	18000	0	16	18000	18000	18000	18000	100	NaN	0.46039558882445736	0.04823241542622764	0.041974403084527476	0.04318931044567646	51.53993158142266	0.06667062036149196	0.000004800304424511149	NaN	0.013211912733933708	-0.008973664801305762	0.01847491000666966	0.00008635706441256563	NaN	17.45712448510933	967.5173738662822	100.22686140759787	100.89154588762919	99.56219219228956	1.3293645468155542	0.00028244995855816854	44.143379554430666	026
DATA	2026-08-05T043000_AIU-1657.ghg	2026-08-05	05:00:00	217.208	0	18000	18000	0.13192361795961743	1	NaN	51.74579120485388	1	NaN	88.64313333117175	1	NaN	2.233899416268673	2	NaN	2.0109925233219976	1	NaN	0.06295542527447977	1	NaN	NaN	NaN	NaN	NaN	NaN	NaN	NaN	NaN	NaN	1.7028142280700683e-10	9.278216333378226e-12	7.897482623247447e-13	NaN	17.70877828573316	449.85459503095	461.15826266810353	0.1	1	964.9078168737391	24.511471553722895	25.127380629235983	0.1	1	0.08213154816601904	2.018041343772225	2.068749436742725	0	1	NaN	NaN	NaN	NaN	9	304.17404978264705	295.9359602925736	97618.0411633867	1.1385337060310445	1019.2152218697177	0.025204475981590133	0.13031231551126543	0.017524535137674685	2393.4036721403777	2765.0246885022966	0.015392197038035554	86.55993858184279	371.6210163619189	293.5392922049124	-0.08101663715642796	-0.43645292069757924	0.2057613976330874	0.48927763104136596	3.3251777820620583e-14	9.615650501660623e-15	0.48927763104136596	2.273810797598047	261.51584718714673	259.48415281285327	24.868759844477793	NaN	0.34039904298943185	0.2441571186003658	-65.53012926378373	-0.030567618628322236	0.5837540851757915	0.13100108958478648	0	22.374215178294865	-3.395373473580853	7.6803440421413	19.12514261481589	29.16704921158414	40.907201235856164	61.286441719352986	0.12941972482360464	1.0193470751033162	56.19859191913158	1.0242489327860123	81.01780562995363	1.0941191586457746	2.0417332048491317	1.0941191586457746	1.838001379859819	1.0941191586457746	0.03171842928662205	1.3151144681193196	NaN	NaN	800000009	800000009	800000009	800000019	800000019	801000019	899999999	899999999	89999	89999	89	89	12	3	0	13	4	0	2	NaN	0	18000	0	0	0	0	0	0	0	NaN	NaN	NaN	NaN	0	0	0	0	0	0	301	0	18000	18000	0	16	18000	18000	18000	18000	100	NaN	0.37149328410245464	0.04735632721416164	0.06946462588411527	0.06606544713544191	28.273119834221337	0.08237174888028631	4.098427139979391e-7	NaN	0.04842990763337772	0.05275424659329684	0.04749022928248332	0.000031718429286622055	NaN	17.710001278893216	964.9683385391514	100.2265844578213	100.89053387578329	99.56262699551053	1.3279023564457886	0.0002827474304681851	42.29394517676738	174
DATA	2026-08-05T050000_AIU-1657.ghg	2026-08-05	05:30:00	217.229	1	18000	18000	0.07234391569341639	1	NaN	-1.397995257470234	2	NaN	47.723551107235394	1	NaN	19.737164006163056	1	NaN	1.082871525769616	1	NaN	-0.005545650797491787	1	NaN	NaN	NaN	NaN	NaN	NaN	NaN	NaN	NaN	NaN	-2.4825980213671724e-10	-1.3434849137270708e-11	-1.144412888327118e-12	NaN	17.87241932767136	454.2285328820073	465.675331244158	0.1	0	967.1854054450384	24.581070961109194	25.20052690112304	0.1	1	0.08238718813168971	2.026061441764604	2.077119257631121	-1.1	0	NaN	NaN	NaN	NaN	9	304.21921109602187	296.12327504730524	97636.89032307616	1.1380029899318895	1019.2587231251089	0.025215560436191168	0.07017007486987112	0.017566569953086957	2400.663109232404	2796.568995590194	0.01543631265339499	85.84315684747706	395.90588635778977	293.58835315379105	0.11957374132686964	-0.10190865587911555	0.09185656559910735	0.1819914349678142	3.737233309274048e-14	-1.3890665700325397e-14	0.1819914349678142	1.2538940881019673	201.4398326531359	319.56016734686403	30.313441243263235	NaN	0.2521327753342593	0.15054014476478175	985.8257280313776	0.0020319007133238905	-0.029293613426396574	-0.004780227365151962	0	18.671714648110203	-2.833504733786866	6.409395422874651	15.96030084910755	24.34046582936236	34.1378494147001	51.144719153854325	0.06964097263772985	1.0388125402806645	1.4467506124899676	1.0368912932832828	43.049619191289054	1.1085708074484453	17.804152764577417	1.1085708074484453	0.9768176452905337	1.1085708074484453	-0.006324173168522463	1.3435643641105304	NaN	NaN	800000009	800000009	800000009	800000019	800000019	800000019	899999999	899999999	89999	89999	89	89	5	6	0	17	7	0	3	NaN	0	18000	0	0	0	0	0	0	0	NaN	NaN	NaN	NaN	0	0	0	0	0	0	301	0	18000	18000	0	21	18000	18000	18000	18000	100	NaN	0.06601983458249398	0.17515661380597575	0.05990384114109378	0.02644366384130167	15.379713569236417	0.049491244238761556	1.752486584073015e-7	NaN	0.001247285388669118	0.46025836843034756	0.025251889355267846	-0.000006324173168522463	NaN	17.87370832589368	967.2531802439538	100.20769103092617	100.8872021783193	99.52822391827901	1.358981053895421	0.00028210477458196696	39.68997952100965	101
DATA	2026-08-05T053000_AIU-1657.ghg	2026-08-05	06:00:00	217.249	1	18000	18000	0.045534471519711274	0	NaN	18.218577365765142	0	NaN	53.09968744178805	1	NaN	18.539616304758958	1	NaN	1.2051760471555841	1	NaN	0.04436244967026555	1	NaN	NaN	NaN	NaN	NaN	NaN	NaN	NaN	NaN	NaN	5.058489899963646e-10	2.7281507031725646e-11	2.340843835511942e-12	NaN	17.920578767356574	455.6388294702129	467.1175743724855	0.1	1	966.4947550013796	24.57356676783756	25.192639783618386	0.1	1	0.08292845723913436	2.0418314709615193	2.0932705957083084	0	1	NaN	NaN	NaN	NaN	9	304.42867162916394	296.3949361652754	97659.00056853495	1.137220678092621	1019.2594986177056	0.025232978885021035	0.07809540785568185	0.01754908458336797	2400.473699936599	2842.8758036635522	0.015431556004417538	84.43821910345717	442.4021037269531	293.58707473441297	0.07712740785341723	-0.3425610641508486	0.12005304125619426	0.37109224248050693	1.902036412424644e-14	2.822726858117994e-14	0.37109224248050693	1.865971465238304	238.31147087198156	282.6885291280185	18.875489728630384	NaN	0.20010031683494311	0.1416148256892004	-37.81974424442759	-0.05296439835906979	0.3431014049892053	0.07854836863673037	0	17.88595718052291	-2.7142630066087827	6.139670311327207	15.288647184006399	23.316151611283274	32.70123415945968	48.99240771592951	0.04450097799493893	1.02322406318553	21.04578294934849	1.026640590492659	48.427408852368316	1.096480045084866	16.90830251573253	1.096480045084866	1.0991317649217276	1.096480045084866	0.02712108026666826	1.320671287883155	NaN	NaN	800000009	800000009	800000009	800000019	800000019	800000019	899999999	899999999	89999	89999	89	89	10	3	0	6	0	0	2	NaN	0	18000	0	0	0	0	0	0	0	NaN	NaN	NaN	NaN	0	0	0	0	0	0	301	0	18000	18000	0	21	18000	18000	18000	18000	100	NaN	0.1673523807623589	0.07386543550849492	0.04201183510754699	0.028618870500009178	72.80726640118648	0.07041276268994873	0.0000016535172522131159	NaN	0.018156643726076754	0.43739815631262075	0.02843326271658988	0.000027121080266668258	NaN	17.921793455891866	966.561484996779	100.19763237317403	100.88145843675402	99.51380950419107	1.3676622127691909	0.00028233968828054545	39.78165675820247	228
DATA	2026-08-05T060000_AIU-1657.ghg	2026-08-05	06:30:00	217.27	1	18000	18000	0.02929011461588072	1	NaN	10.333898011615226	1	NaN	36.5879338784273	1	NaN	14.790164237474135	1	NaN	0.8305066623217859	1	NaN	0.026340140601878368	1	NaN	NaN	NaN	NaN	NaN	NaN	NaN	NaN	NaN	NaN	9.402846831503959e-11	5.088378846384529e-12	4.3150930209524823e-13	NaN	17.899864856459285	455.0848771880726	466.5752515784369	0	0	968.6565709396021	24.627055017367642	25.248860083776627	0.1	1	0.08214489005533	2.0235588113606826	2.074651364660022	1.2	0	NaN	NaN	NaN	NaN	9	304.5015258755154	296.5058856936078	97684.44569186334	1.1370681203874151	1019.2923990234073	0.02523584912825063	0.053816831718451724	0.017585282617648225	2406.3255166469457	2861.9797446312996	0.015465460953787598	84.07905475784369	455.65422798435384	293.6265308663202	0.09367589484371339	-0.5905272321739844	0.08063413263281906	0.603323668157599	1.6073006381435013e-14	5.253026716629583e-15	0.603323668157599	2.2142485642080754	241.9862222933716	279.01377770662833	7.68055593174808	NaN	0.16049713850717054	0.18849937792829816	-34.41227342307794	-0.05820888307416094	0.2824400537606804	0.05555352332813708	1	3.529611446535529	2	3	5	9	16	47	0.028799594259557745	1.0170321967699314	12.366761211772502	1.0229343731247094	33.46897259547247	1.0931896332956679	13.529367446419917	1.0931896332956679	0.7597096030064202	1.0931896332956679	0.016101041222303884	1.3118135489956506	NaN	NaN	800000009	800000009	800000009	800000019	800000019	800000019	899999999	899999999	89999	89999	89	89	18	1	0	35	4	1	8	NaN	0	18000	0	0	0	0	0	0	0	NaN	NaN	NaN	NaN	0	9	0	0	0	0	301	151	18000	6006	0	21	18000	18000	18000	18000	100	NaN	0.2943957773547534	0.04404233646863702	0.03856064203320587	0.028336152328233496	31.912731956000027	0.046173381876929494	4.917287564308605e-7	NaN	0.01067015445242468	0.35004804042758625	0.019656119096446555	0.000016101041222303884	NaN	17.90114374436272	968.7241317466724	100.18333712387086	100.8727203678555	99.49397749794853	1.3787218988637129	0.00028205826335276165	47.385997442142454	022
DATA	2026-08-05T063000_AIU-1657.ghg	2026-08-05	07:00:00	217.291	1	18000	18000	0.021433521744185537	1	NaN	0.023765880271459847	2	NaN	34.47598535220412	1	NaN	39.414739056759	1	NaN	0.7825309936486403	1	NaN	0.006270318129010996	2	NaN	NaN	NaN	NaN	NaN	NaN	NaN	NaN	NaN	NaN	-9.334895340431604e-11	-5.050568345857292e-12	-4.284267026049992e-13	NaN	17.981646849527404	456.9642299193988	468.5484694438437	0.1	1	972.8822131647876	24.72367381371478	25.350429565325438	0.1	1	0.08252709201552129	2.0325772225364624	2.084103928252458	0	1	NaN	NaN	NaN	NaN	9	304.4495772823758	296.45748896020484	97709.97742702329	1.1375090399699883	1019.3471363396952	0.02522513696266065	0.05070800838843189	0.017661771684970615	2416.397609511296	2853.632771670842	0.015526708856253658	84.67794572237344	437.2351621595458	293.6942459776966	0.24616546723504804	-0.1709553395256876	0.03383431069183592	0.30160889567682264	-8.144325942010745e-14	-5.1913461645349485e-15	0.30160889567682264	1.531141739422868	195.77894598716648	325.22105401283346	6.4409648284765915	NaN	0.13726801059510774	0.1250367630628167	-9363.066550970758	-0.0002139363198045751	0.0006893459324996623	0.00014931643121573687	1	1.2060203215531697	1	1	2	3	6	20	0.020873274887921112	1.0268403908477546	2.0701484542784248	1.028965363165919	31.36820429147833	1.0990742419249695	35.86176215696421	1.0990742419249695	0.7119910228066844	1.0990742419249695	0.003053447465529143	1.3258962174790052	NaN	NaN	800000009	800000009	800000009	800000019	800000019	800001019	899999999	899999999	89999	89999	89	89	7	0	0	5	4	0	1	NaN	0	18000	0	0	0	0	0	0	0	NaN	NaN	NaN	NaN	0	5	0	0	0	0	301	0	18000	17996	0	21	18000	18000	18000	18000	100	NaN	0.06334017732213343	0.14545783422599443	0.041275514577505536	0.03207027390568528	118.58825079755479	0.054307437253047264	3.641301027591528e-7	NaN	0.0017853547638769433	0.9275566208998187	0.018415491808099132	0.0000030534474655291427	NaN	17.982879978304734	972.9502361642424	100.18939577060277	100.87533604727852	99.50345444276597	1.3718901709914209	0.00028232097473099006	41.14296091451682	127
DATA	2026-08-05T070000_AIU-1657.ghg	2026-08-05	07:30:00	217.312	1	18000	18000	0.11470285190030269	1	NaN	2.980584231815102	1	NaN	85.28021768254051	1	NaN	34.68430347027702	1	NaN	1.935784844734229	1	NaN	0.08089547567368917	1	NaN	NaN	NaN	NaN	NaN	NaN	NaN	NaN	NaN	NaN	-9.592102459150044e-10	-5.16840906109394e-11	-4.380401196813204e-12	NaN	18.04103807118022	458.79470415946736	470.42393185238177	0.1	1	972.0857865699955	24.720739965592692	25.34734509244107	0.1	1	0.08238755277615437	2.0296474102066586	2.081093583529146	0.4	0	NaN	NaN	NaN	NaN	9	304.47571810319687	296.5143178666232	97716.79412799713	1.1373716453015885	1019.3465285911294	0.025228212414684488	0.12543885793877804	0.01765752303374725	2416.2794254765945	2863.436218091309	0.015524848985544328	84.38390945153381	447.1567926147145	293.6934528561191	0.043986648912082635	-0.2640044481447313	0.12099815085640644	0.2937238948968956	-1.4863433074650633e-14	-5.316824021602733e-14	0.2937238948968956	1.8765206749478138	241.54065358200046	279.45934641799954	24.327088408507333	NaN	0.3175673971556217	0.19038355480281888	-924.4686433397122	-0.0021667581852897154	0.03495047635678491	0.00809545465924354	0	22.101541761367514	-3.353994230581353	7.5867440818092895	18.892065479173443	28.811591873445817	40.40866726498704	60.539546986207384	0.11164910840698672	1.027351257317563	7.980952301379606	1.02929797071424	77.56573402609837	1.099457366752263	31.54674707645333	1.099457366752263	1.760672949468183	1.099457366752263	0.05730815024190827	1.326636717365459	NaN	NaN	800000009	800000009	800000009	800000019	800000019	801000019	899999999	899999999	89999	89999	89	89	8	3	0	23	1	0	1	NaN	0	18000	0	0	0	0	0	0	0	NaN	NaN	NaN	NaN	0	5	0	0	0	0	301	0	18000	3005	0	16	18000	18000	18000	18000	100	NaN	0.26357199074887283	0.054854377920770546	0.062340740935994406	0.029913278732587104	32.90614693974488	0.05932391159969411	0.0000016019039802605928	NaN	0.006883835282176969	0.8160467264294465	0.045544835201053686	0.00005730815024190827	NaN	18.042295956533458	972.1518055222639	100.17331198014153	100.87069271066454	99.47594416575961	1.3947492195235354	0.00028228478903313055	50.1304735970945	108
DATA	2026-08-05T073000_AIU-1657.ghg	2026-08-05	08:00:00	217.333	1	18000	18000	0.03899751921309216	1	NaN	19.211333117084987	1	NaN	12.671775324693622	1	NaN	-19.8050657180571	2	NaN	0.2876979319935143	1	NaN	0.029994747906768936	1	NaN	NaN	NaN	NaN	NaN	NaN	NaN	NaN	NaN	NaN	-2.5395378474267817e-10	-1.3821412910323095e-11	-1.198077792687505e-12	NaN	17.421102771163472	443.12975247095034	454.08095858146044	0.1	1	948.1420211846888	24.117298696517473	24.71331714795651	0.1	1	0.08218753808062501	2.0261549791377065	2.0762279897280482	0	0	NaN	NaN	NaN	NaN	9	304.5521760762532	296.7292310750392	97724.69624343183	1.136901591203158	1019.0040894260198	0.025244456334891762	0.018642825993179724	0.017215412532249088	2357.4878909185786	2900.7768815250192	0.015142394614849994	81.27091421382197	543.2889906064406	293.2946299565479	-0.13315739544404145	-0.6004689643537813	0.1345454205919157	0.6296001424044528	-4.2372560211928e-15	-1.4577365628256253e-14	0.6296001424044528	1.7915235498187516	263.503331484854	257.49666851514604	12.339258243059554	NaN	0.18520685335960932	0.12882303515790194	-28.449765247342377	-0.07040831383264642	1.5160727384147714	0.08953681634656595	1	2.9308178782088397	1	2	4	7	13	38	0.0383599606102111	1.01662041860156	19.687281768144782	1.0227177642650755	11.592538848107388	1.093097507864934	-18.118297384778472	1.093097507864934	0.263195122048584	1.093097507864934	0.017994557651604515	1.3112268023585891	NaN	NaN	800000009	800000009	800000009	800000019	800000019	800000019	899999999	899999999	89999	89999	89	89	7	1	0	40	3	0	7	NaN	0	18000	0	0	0	0	0	0	0	NaN	NaN	NaN	NaN	0	0	0	0	0	0	301	0	18000	0	0	16	18000	18000	18000	18000	100	NaN	0.1728865734000338	0.048184430393513895	0.03657506652225618	0.028735762848240167	44.83983059116281	0.03820749705290251	4.672181238449185e-7	NaN	0.016993661210858633	-0.46869321349435555	0.006808463560854518	0.000017994557651604514	NaN	17.422394604833634	948.2076107770966	100.1840326769087	100.87756380208333	99.49049840821161	1.3870673502484963	0.00028267546703702665	48.7985369135538	081
DATA	2026-08-05T080000_AIU-1657.ghg	2026-08-05	08:30:00	217.354	1	18000	18000	0.060878462809491295	1	NaN	10.277605778807274	1	NaN	3.6264830501634227	1	NaN	-5.717220971619869	1	NaN	0.08233161715533122	1	NaN	0.017840709775778396	1	NaN	NaN	NaN	NaN	NaN	NaN	NaN	NaN	NaN	NaN	-4.4240767527440436e-10	-2.447296067275693e-11	-2.0962975097707447e-12	NaN	17.38974232365919	443.2503127789438	454.3918060255257	0.1	1	961.959983475246	24.519573414041744	25.13589483272026	0.1	1	0.08239927914006229	2.0313191478883836	2.0823781723613974	0.7	0	NaN	NaN	NaN	NaN	9	304.435724978129	296.6858152362262	97725.8188165645	1.1369064670519637	1019.2341804562419	0.025240472760877895	0.005335088791665462	0.01750532665047171	2396.83814296736	2893.199403637608	0.015397332285270224	82.84386274771884	496.36126067024816	293.56251937457176	-0.45275251996903676	0.47121617256394055	0.29100496373482626	0.7153414670928104	-6.545329576311834e-14	-2.5440726322465252e-14	0.7153414670928104	2.0856643359329605	27.144788344389326	133.85521165561065	24.0043292127985	NaN	0.23140325868156622	0.19504610114336762	-103.73287779930465	-0.01931017477289565	2.8340421385243	0.038328671665805274	0	19.180234617826297	-2.9106746010738824	6.583953872795509	16.394976070821556	25.00337296883472	35.06758610346708	52.53763413383387	0.05994928214646421	1.0154994460276767	10.350756122324283	1.0221715701765484	3.3178277022515776	1.0930293479985058	-5.230619820125529	1.0930293479985058	0.07532425117961587	1.0930293479985058	0.011196930760289025	1.3096340072208665	NaN	NaN	800000009	800000009	800000009	800000019	800000019	800000019	899999999	899999999	89999	89999	89	89	16	1	0	18	8	0	10	NaN	0	18000	0	0	0	0	0	0	0	NaN	NaN	NaN	NaN	0	0	0	0	0	0	301	0	18000	0	0	16	18000	18000	18000	18000	100	NaN	0.16212469811194388	0.18078720187128047	0.04718030230351092	0.11787955736926693	14.30480140280865	0.09588706688870607	1.000567980341205e-7	NaN	0.00893250688820326	-0.135342753846374	0.0019490217099778701	0.000011196930760289025	NaN	17.390788800001868	962.0111956530413	100.14271644274395	100.8611142838796	99.42433905961781	1.4367633407380869	0.00028285224020752737	50.988451150364405	021
DATA	2026-08-05T083000_AIU-1657.ghg	2026-08-05	09:00:00	217.374	1	18000	18000	0.010735668727690228	1	NaN	8.22836734665551	1	NaN	51.95527270235689	1	NaN	7.4237545089490125	1	NaN	1.1800696436901685	1	NaN	0.0111753095608029	2	NaN	NaN	NaN	NaN	NaN	NaN	NaN	NaN	NaN	NaN	3.3115876229679733e-10	1.848138213412067e-11	1.584288055102749e-12	NaN	17.026484505125016	435.17007016990823	446.0016979226006	0	0	950.2178482533334	24.28606842338099	24.890562323055136	0.1	1	0.08145596340188543	2.0120811586100946	2.062162990087524	0	1	NaN	NaN	NaN	NaN	9	304.405471935696	297.15358762064477	97735.33642884674	1.1353284980977965	1019.1091869844581	0.02527780655133508	0.07646851291112292	0.017313011696601693	2374.2437628623993	2975.7580628927635	0.015249341248466011	79.78618263590872	601.5143000303642	293.40917623031197	-0.5595269476728373	1.0142870590260564	0.22750971385479882	1.1805123096258328	-6.041371217591485e-15	1.9449626386299398e-14	1.1805123096258328	2.2035117536679882	42.116870101991424	118.88312989800856	11.111631354061839	NaN	0.09724197734354052	0.08817233837149753	-9.615309779862361	-0.20832402136384143	0.1583740575050863	0.07313371496633336	1	19.935985066970176	9	16	27	42	70	169	0.010602104580651988	1.0125978899776167	11.210372886409747	1.021592048399697	47.389587222175344	1.096343643146254	6.771375522043932	1.096343643146254	1.0763683914868516	1.096343643146254	0.004022636582425174	1.3056792329386568	NaN	NaN	800000009	800000009	800000009	800000019	800000019	800000019	899999999	899999999	89999	89999	89	89	39	0	0	34	8	5	0	NaN	0	18000	0	0	0	0	0	0	0	NaN	NaN	NaN	NaN	0	1	0	0	0	0	0	0	18000	0	0	0	18000	18000	18000	18000	100	NaN	0.09596290692335278	0.045272304115590654	0.03510946570405162	0.07190041006384598	24.569704357358084	0.10313191412536997	5.407953942608902e-8	NaN	0.00968897427137296	0.17542709785084762	0.027885646353863276	0.0000040226365824251734	NaN	17.027803730063916	950.2875344101411	100.04513176960415	100.80378196504381	99.28651370175677	1.5172721188200828	0.0002840932037830094	46.736853906642544	058
DATA	2026-08-05T090000_AIU-1657.ghg	2026-08-05	09:30:00	217.395	1	18000	18000	0.01867814558576959	1	NaN	12.188180940173435	0	NaN	60.92943253098532	1	NaN	6.213709560817874	1	NaN	1.385415891459761	1	NaN	0.012118545421617359	2	NaN	NaN	NaN	NaN	NaN	NaN	NaN	NaN	NaN	NaN	-3.631589166030686e-10	-2.0246815086470774e-11	-1.8001444326759047e-12	NaN	16.335340536114593	419.368560540534	429.40839150211843	0.2	0	910.7269685208875	23.380611930903274	23.94035201075598	0.1	1	0.08097273941945457	2.0095245818019314	2.0576333076645366	0	1	NaN	NaN	NaN	NaN	9	304.7363171776666	298.280552658338	97752.30496251342	1.1316262642207051	1018.6140660076752	0.025369268947186767	0.0897749497665925	0.016607440880176	2286.121771196573	3183.155756769638	0.01467572943935931	71.81934991194392	897.0339855730654	292.79862437167003	-0.34426227904623374	0.6495890209930266	0.20736656035130072	0.7638607879193033	-1.4111539212877832e-14	-2.2231487357131463e-14	0.7638607879193033	2.4414297541541528	43.077780764872045	117.92221923512793	15.751858305302859	NaN	0.1284740363384821	0.12505829741264823	-14.969788074865187	-0.13380950952560758	0.20003765723528122	0.08230208480729481	1	7.446300603654806	3	6	11	17	29	76	0.01840235899046932	1.0149864805617097	15.659100926870993	1.0219511304208158	55.738887710268024	1.0931225044837254	5.684367063463365	1.0931225044837254	1.2673930742228052	1.0931225044837254	0.003315173627005488	1.3089088806716909	NaN	NaN	800000009	800000009	800000009	800000019	800000019	810000019	899999999	899999999	89999	89999	89	89	11	1	0	3	0	0	3	NaN	0	18000	0	0	0	0	0	0	0	NaN	NaN	NaN	NaN	0	1	0	0	0	0	301	0	18000	0	0	21	18000	18000	18000	18000	100	NaN	0.14436492255249023	0.07098511768785457	0.03476655458495165	0.07609959158359468	35.33733864626602	0.5392153387872142	4.1663180699959234e-8	NaN	0.013584827735724836	0.14766158102520088	0.03292279738988311	0.000003315173627005488	NaN	16.33676305756675	910.8084867528135	99.94003925408256	100.73989763704935	99.14017698754202	1.599722871674433	0.00028529359062667934	53.16576394992388	154
DATA	2026-08-05T093000_AIU-1657.ghg	2026-08-05	10:00:00	217.416	1	18000	18000	0.20782008707000812	0	NaN	43.69032487301223	0	NaN	92.56093443162538	0	NaN	-1.358864967991559	0	NaN	2.1068033501531493	0	NaN	0.003304321995784621	0	NaN	NaN	NaN	NaN	NaN	NaN	NaN	NaN	NaN	NaN	-1.9309356249514548e-10	-1.0658037284100687e-11	-9.639060497311902e-13	NaN	16.19822470390812	416.82392449570943	426.63967053726975	0.1	0	894.0809864380326	23.007110494903888	23.54890270138847	0.1	1	0.08086011043167113	2.0159206171350497	2.063393335601686	-0.3	0	NaN	NaN	NaN	NaN	9	305.904482790629	299.3310023973252	97750.33875933159	1.1277930164321053	1018.4241382018033	0.025459123574584932	0.13652085708992406	0.016284462307081596	2249.556102543709	3387.7116315588282	0.014439229601367143	66.40341171862357	1138.155529015119	292.53920735980586	0.6128506981392596	0.5348979715404779	0.14173141450607932	0.8257055237951517	-9.229531833175066e-14	-1.1920662049376194e-14	0.8257055237951517	5.847965285467094	119.88544439237955	41.11455560762046	9.883701298390058	NaN	0.4292685394185743	0.7235576126474732	-155.77042460191007	-0.012859308852236625	0.4720168950464324	0.08861314042863735	0	17.556334917210727	-2.6642415564603277	6.0265216548933145	15.006891031013847	22.886455700224598	32.09857953449609	48.08952126968309	0.20486354923226519	1.0144317417560258	48.635703784111634	1.0217436137470612	84.65775861043463	1.093354418436217	-1.2428403316237489	1.093354418436217	1.9269171227811286	1.093354418436217	-0.012992338063078215	1.3081313845858658	NaN	NaN	800000009	800000009	800000009	800000009	800000019	800100019	899999999	899999999	89999	89999	89	89	1	10	0	15	13	0	4	NaN	0	18000	0	0	0	0	0	0	0	NaN	NaN	NaN	NaN	0	0	0	0	0	0	0	0	18000	8997	0	0	18000	18000	18000	18000	100	NaN	0.8995993472889139	0.34496690525240187	0.20254897275363082	0.3219317872732477	13.377273984955874	0.21442248515333623	9.54706322730341e-8	NaN	0.04234451076331287	-0.03238695572863625	0.05021319147788674	-0.000012992338063078215	NaN	16.199328479187173	894.1356841194967	99.8757971458435	100.70070958307055	99.05087429512872	1.6498439627024855	0.000286313594189576	46.1156890213079	010
DATA	2026-08-05T100000_AIU-1657.ghg	2026-08-05	10:30:00	217.437	1	18000	18000	0.5562932500878591	1	NaN	-15.789829995171514	0	NaN	145.75722535660364	1	NaN	9.660447643500905	1	NaN	3.3204418076883497	1	NaN	0.00924977074088275	2	NaN	NaN	NaN	NaN	NaN	NaN	NaN	NaN	NaN	NaN	-2.256243792891108e-11	-1.261414047487344e-12	-1.1309279672090927e-13	NaN	16.30098335216498	421.2697306509662	431.4308868489587	0.1	1	911.3505133206423	23.552222401614603	24.120309290418266	0.5	0	0.08170765067169732	2.045543678775814	2.0948828249749467	0.1	0	NaN	NaN	NaN	NaN	9	306.2738126220703	300.20590337562965	97749.40340981325	1.124261669663219	1018.7549045640078	0.025533781216043876	0.21516462913820505	0.016621551322849835	2302.8332337206134	3566.7339142190967	0.014784415204539478	64.5642004451234	1263.9006804984833	292.91597578508095	0.8705199607883143	0.05227275921731026	0.2042276256231474	0.8956820677868218	8.874192576116513e-14	-1.3841151445574906e-15	0.8956820677868218	5.2358805899253795	157.56364396330207	3.436356036697841	13.180147821900025	NaN	0.7034256379054519	1.095322627460655	1896.7407244805186	0.001056074757159343	-0.10832965540158139	-0.019598468907737275	0	18.701728775401758	-2.838059493398603	6.419698301518072	15.985956473688612	24.37959227562112	34.192724811903986	51.22693249847235	0.5502339329275533	1.0110122564198591	-6.880880540154639	1.0205086516728663	132.31828932838476	1.1015652189612761	8.769746427370183	1.1015652189612761	3.014294342752914	1.1015652189612761	0.003319390974645562	1.3756185313010842	NaN	NaN	800000009	800000009	800000009	800000019	800000019	800000019	899999999	899999999	89999	89999	89	89	16	12	1	18	3	1	7	NaN	0	18000	0	0	0	0	0	0	0	NaN	NaN	NaN	NaN	0	1	0	0	0	0	301	0	5	18000	0	16	18000	18000	18000	18000	100	NaN	0.9921834397412669	0.7340657119403998	0.4643961032396432	0.16117858311766953	3.029253081653285	0.11159752994433168	1.4310791208851305e-7	NaN	-0.006007681514481712	0.2293274054595118	0.0788232939959817	0.000003319390974645562	NaN	16.302078089334405	911.4038322073517	99.79262269295585	100.65106387668186	98.93418838077119	1.7168692848748652	0.00028758065612378736	41.79304834620169	104
DATA	2026-08-05T103000_AIU-1657.ghg	2026-08-05	11:00:00	217.458	1	18000	18000	0.46910478210858136	0	NaN	69.45632980468604	0	NaN	151.89397709404423	0	NaN	-2.927948512713315	1	NaN	3.4603261699441688	0	NaN	0.020372648687618643	0	NaN	NaN	NaN	NaN	NaN	NaN	NaN	NaN	NaN	NaN	-1.8162429002387274e-10	-1.0178041768176755e-11	-8.980675094419761e-13	NaN	16.44281865671109	425.1122212961754	435.4867612265557	0.1	0	921.4389498924634	23.822859508197702	24.40423824736937	0.1	1	0.08130388945937594	2.0358773780683035	2.085561414645112	-1.2	0	NaN	NaN	NaN	NaN	9	306.65294827779127	300.23123347750493	97761.63290298887	1.124191371603482	1018.9098706437559	0.02553274122997655	0.22422913581238213	0.016813233323693298	2329.5863652473395	3572.0373936415044	0.014955846262822555	65.21730061936582	1242.451028394165	293.1022973199662	1.319796033680801	0.45384424342254553	0.15081508401990584	1.403773969474864	3.2197863514271675e-14	-1.10458123887259e-14	1.403773969474864	6.464914469673378	142.0232112986792	18.976788701320803	6.167501323855457	NaN	0.6459736548828587	1.2287660195488983	-333.9822882132032	-0.005997623439004907	0.4572684917038058	0.09386874408672033	0	17.74103036120772	-2.6922698026464547	6.089921624081465	15.164765918628941	23.127224865144473	32.43626171171321	48.59543070490353	0.4634868455271505	1.0121210270272962	77.5899959297061	1.0220451778578548	138.19236946609112	1.0991488001898335	-2.6638326969083987	1.0991488001898335	3.1481871875277827	1.0991488001898335	-0.009358180866607863	1.3052069755617628	NaN	NaN	800000009	800000009	800000009	800000019	800000019	800000019	899999999	899999999	89999	89999	89	89	8	8	0	7	1	0	0	NaN	0	18000	0	0	0	0	0	0	0	NaN	NaN	NaN	NaN	0	0	0	0	0	0	301	0	0	3005	0	21	18000	18000	18000	18000	100	NaN	1.3113998808072254	0.6993054945008981	0.44682666378967323	0.2077150440179594	0.9985232686597776	0.08284360029263337	1.324193112885425e-7	NaN	0.06773758546050561	-0.06967526010368884	0.08234404563044588	-0.000009358180866607863	NaN	16.444015841026008	921.4978366412882	99.74765980805292	100.61576023546854	98.87954509947035	1.7362276558213736	0.0002872577866752787	50.99914573656956	206
DATA	2026-08-05T110000_AIU-1657.ghg	2026-08-05	11:30:00	217.479	1	18000	18000	0.8118485263373064	1	NaN	-137.56850239776907	2	NaN	204.27727332243336	1	NaN	59.967777520625205	1	NaN	4.653823868070043	1	NaN	0.20539851621250013	1	NaN	NaN	NaN	NaN	NaN	NaN	NaN	NaN	NaN	NaN	-8.648336598608796e-10	-4.818626770668333e-11	-4.280178391630042e-12	NaN	16.37330156961072	423.0176280515183	433.2285808980969	0.1	0	912.277504095339	23.569434928348706	24.138362492389987	0.3	0	0.08103367714568775	2.029139734016799	2.0781198444642084	1.4	0	NaN	NaN	NaN	NaN	9	306.7234519441393	300.26296192238095	97791.54788280628	1.1245252741540042	1018.7661706837321	0.02552762809741342	0.30156778665093875	0.01663770809670288	2305.5097871184275	3578.69021291342	0.014795317169922799	64.42328477606634	1273.1804257949925	292.93470172421905	0.8319067776496648	-0.03357754035017068	0.19024545412154387	0.8540431316566404	9.974265580068611e-14	-5.281974781836509e-14	0.8540431316566404	8.66693544566609	163.311325863746	357.68867413625384	12.871110822454789	NaN	0.8496751031925344	1.7392228537641912	383.80102305455955	0.005219110632009044	-0.6734400756398854	-0.1413261019531157	0	20.82919823634974	-3.16091119192717	7.149989722648252	17.80448537068282	27.152963585816106	38.08241750810027	57.05440095218499	0.8028175360286294	1.0112491193868927	-123.57668650177393	1.020844254599545	185.18182791061028	1.103117274666069	54.362105369783464	1.103117274666069	4.218793391191185	1.103117274666069	0.17350775826249762	1.3833594346063653	NaN	NaN	800000009	800000009	800000009	800000019	800000019	810101019	899999999	899999999	89999	89999	89	89	4	9	0	9	3	1	6	NaN	0	18000	0	0	0	0	0	0	0	NaN	NaN	NaN	NaN	0	133	0	0	0	0	301	0	0	3001	0	16	18000	18000	18000	18000	100	NaN	1.5933001563301858	1.3675614004162056	0.5175841507819907	0.30001876426339846	17.02153483000504	0.14187873013490723	3.128383151745041e-7	NaN	-0.10786804559991946	1.4212424759794944	0.11029610284879168	0.00017350775826249762	NaN	16.374795968373654	912.3529835674645	99.76930405426026	100.62293971252441	98.91566690360176	1.7072696507043328	0.0002872068888197343	50.208229023946544	221
DATA	2026-08-05T113000_AIU-1657.ghg	2026-08-05	12:00:00	217.499	1	18000	18000	0.6267736419803741	0	NaN	111.92576458950171	0	NaN	164.50543572644105	0	NaN	-2.567988720733137	1	NaN	3.7507086519949464	0	NaN	0.0018117324957905487	0	NaN	NaN	NaN	NaN	NaN	NaN	NaN	NaN	NaN	NaN	1.409221334764741e-10	7.837958559446236e-12	7.074325986682563e-13	NaN	15.942255949738808	413.1919215115328	422.9109877984759	-0.1	0	886.6935121940817	22.981352027614694	23.521917493906674	0.4	0	0.08003051952829672	2.0108415324825435	2.0581403811029184	-0.4	0	NaN	NaN	NaN	NaN	9	307.3491638539632	301.0748235427122	97798.71085524942	1.1218267373981468	1018.4506667835781	0.025594775851789785	0.24304592064927252	0.01618001943174657	2248.149482595142	3752.6327530137264	0.01442292191151808	59.90859299486903	1504.4832704185842	292.52915439381223	1.5736727407793973	0.6968000616982812	0.1775536738087533	1.7301738433284517	1.1641207684771807e-13	8.839535252774743e-15	1.7301738433284517	6.306615016677193	137.11691398266885	23.8830860173312	5.890169478979544	NaN	0.7474677663078027	1.5948585879679682	-321.14371110234845	-0.0062373944460074205	0.68037730239884	0.1310604990565046	0	16.999647656647475	-2.5797621169566582	5.83542893271593	14.531043133544278	22.160757632385256	31.080777675891017	46.56466861771105	0.6193953418839817	1.011912101363162	120.05177806143924	1.0231310148928885	149.00968027611793	1.1039916025697738	-2.326094432924671	1.1039916025697738	3.3974068672844786	1.1039916025697738	-0.034589969314757205	1.3053830727158762	NaN	NaN	800000009	800000009	800000009	800000019	800000019	800000019	899999999	899999999	89999	89999	89	89	7	3	0	10	1	2	12	NaN	0	18000	0	0	0	0	0	0	0	NaN	NaN	NaN	NaN	0	48	0	0	0	0	0	0	0	0	0	0	18000	18000	18000	18000	100	NaN	1.5626493356530242	0.9614243269683451	0.665643513314567	0.20548194112113746	1.2874577579064281	0.15116967051210184	7.690399809051076e-8	NaN	0.10507582611466412	-0.06093664781997038	0.08900179753775608	-0.00003458996931475721	NaN	15.94333212754462	886.7483732669077	99.70625392489963	100.58323396513197	98.8292757504781	1.7539575029545371	0.0002879686044406197	51.56065745328416	046
DATA	2026-08-05T120000_AIU-1657.ghg	2026-08-05	12:30:00	217.52	1	18000	18000	0.6634584208142226	1	NaN	53.632281059807006	0	NaN	232.16599085915638	0	NaN	-2.1372749132878703	1	NaN	5.2904916772516914	0	NaN	0.014656019430451566	0	NaN	NaN	NaN	NaN	NaN	NaN	NaN	NaN	NaN	NaN	-1.117247064936355e-10	-6.501179143207725e-12	-5.612435294425368e-13	NaN	15.919612623132148	411.340051899953	421.42715419173936	-0.1	0	926.3506416940008	23.935577457348664	24.522538578956087	0.1	1	0.07997138552763731	2.005118513985156	2.0542891100997367	0	1	NaN	NaN	NaN	NaN	9	307.356328344557	300.517441092476	97803.5253918284	1.1235536616448119	1018.9809147464409	0.02554613440807113	0.3428238606859096	0.01688392874952186	2341.6118017563304	3632.440956213738	0.015027256219168787	64.46386410633089	1290.8291544574076	293.1854380063055	1.0582954350859888	0.48028512938146195	0.28171337791332485	1.1958367199263313	-3.848871832905307e-14	-7.0180543420568425e-15	1.1958367199263313	6.0965435402296375	136.5900764728907	24.409923527109278	13.62572370175154	NaN	0.7684399686475141	1.3479047401635158	-728.3478891737633	-0.0027501967531920954	0.23100834390659336	0.06096161356656582	0	18.53865273851734	-2.813312075650016	6.3637195751886555	15.846561530106454	24.16700619136588	33.89456980604491	50.78024196873992	0.6552332527242748	1.0125530382588945	66.89748978139907	1.021613081918751	211.73003983224618	1.096518902292285	-1.9491455266478974	1.096518902292285	4.8248066368868425	1.096518902292285	-0.013691970969002272	1.3056248278408467	NaN	NaN	800000009	800000009	800000009	800000019	800000019	800000019	899999999	899999999	89999	89999	89	89	9	11	0	21	4	0	4	NaN	0	18000	0	0	0	0	0	0	0	NaN	NaN	NaN	NaN	0	147	0	0	0	0	0	0	0	0	0	0	18000	18000	18000	18000	100	NaN	1.390761784175799	0.7385723231039962	0.5664753730472362	0.07503343589990649	0.4689747952086266	0.2719996732452819	6.310525632512822e-8	NaN	0.05843189250911925	-0.05101452321343748	0.12627851887545288	-0.000013691970969002271	NaN	15.920731564337455	926.4010436594594	99.77098185263739	100.62810749265883	98.91385318374634	1.7142598137391933	0.00028706431927922596	50.974022487080084	025
DATA	2026-08-05T123000_AIU-1657.ghg	2026-08-05	13:00:00	217.541	1	18000	18000	0.5875372818536682	0	NaN	80.25576346187212	1	NaN	43.809998662426345	1	NaN	-4.794548627420603	1	NaN	1.0022023358070362	1	NaN	NaN	NaN	NaN	NaN	NaN	NaN	NaN	NaN	NaN	NaN	NaN	NaN	-1.357048595780007e-10	-8.206079498847072e-12	NaN	NaN	15.925636044420976	410.8099643646916	421.2751548076591	0.1	1	963.0239908623643	24.841698646447682	25.474529224605455	0.1	1	NaN	NaN	NaN	NaN	0	NaN	NaN	NaN	NaN	9	306.8993120006987	304.49581082844264	96842.54490969302	1.0977501414474267	1019.4811027312747	0.0263475199082508	0.06494271136029595	0.016990115913670147	2387.3827463078055	4564.016746130568	0.015477215872883433	52.308807769644126	2176.6339998227627	293.4985024017544	1.4152454355273596	0.25719817249724947	0.110765504650787	1.4426848372868837	4.020213909252092e-14	-8.521157911651536e-15	1.4426848372868837	7.80930034539777	150.69982414460873	10.300175855391304	4.4033509230614705	NaN	0.7315869736546552	1.7871150217002156	-417.1746112356331	-0.0048015865444615636	1.831905179460859	0.09802290852636825	0	18.035408707751863	-2.7369428524534585	6.190972184380405	15.416396101654628	23.510976771169194	32.974479216354084	49.40177860292585	0.5805299467301687	1.0120705833746704	81.78252174533749	1.02215200035241	39.83862492843758	1.099686516317332	-4.359923083786416	1.099686516317332	0.9113527545679527	1.099686516317332	NaN	1	NaN	NaN	800000009	800000019	800000009	800000019	800000009	800000019	899999999	899999999	89999	89999	89	89	21	15	2	4	14	0	1	NaN	0	18000	0	0	0	0	0	0	0	NaN	NaN	NaN	NaN	0	8475	0	0	0	0	0	0	0	14996	0	0	18000	18000	18000	18000	100	NaN	2.0881204340168593	0.9360958891647823	0.5500137202187898	0.7088620549364009	0.7235462918717313	0.8075884513781808	NaN	NaN	0.07307651302137268	-0.11777661406203754	0.024618792484730628	NaN	NaN	15.926897633320113	963.1461160073641	99.86689785872564	100.70072876103717	99.03306934907701	1.667661037458329	0.0002868742313100179	21.580446789157865	234
DATA	2026-08-05T130000_AIU-1657.ghg	2026-08-05	13:30:00	217.562	1	18000	18000	0.43793420852606507	1	NaN	-50.309159584960796	1	NaN	133.0066723582694	0	NaN	-0.779453468575551	0	NaN	3.0322628290789484	0	NaN	0.03290678781156337	0	NaN	NaN	NaN	NaN	NaN	NaN	NaN	NaN	NaN	NaN	-4.513787964883536e-11	-2.759307001230758e-12	-2.269861807473228e-13	NaN	15.860861296487126	410.68536731931476	421.26132457493026	0.1	1	969.5844368727696	25.10545506708243	25.75196999262103	0.1	1	0.07975997891486103	2.0049945729351073	2.0566271330127	0.1	0	NaN	NaN	NaN	NaN	9	307.3345003128052	300.98102643123684	97781.78306164537	1.121073045630947	1019.6597235821707	0.025591231570933026	0.19649063132431585	0.01767794202503449	2455.514650211748	3732.167681216775	0.015768769121627783	65.79325635795635	1276.6530310050266	293.95490848793787	0.9076844829977553	-0.477673524285047	0.023423053713081995	1.0259686914926038	1.1348372728042721e-13	-2.8458656062286184e-15	1.0259686914926038	6.919765744158986	188.7558143987402	332.24418560125986	1.3081868307895947	NaN	0.6250107396728375	1.6513883401821017	417.80827160239886	0.004794304316469399	-0.3782453819267581	-0.07041584685049183	0	16.384902548015262	-2.4864721750199115	5.6244068300457455	14.00556826076496	21.359375295924554	29.956827554414946	44.88078652521225	0.43320962377018796	1.0109060013827935	-41.701493099276654	1.0210870611201481	120.38316942818423	1.104861028248769	-0.7054764795270255	1.104861028248769	2.7444744194526955	1.104861028248769	0.029397830297620508	1.3818398212377478	NaN	NaN	800000009	800000009	800000009	800000019	800000019	810000019	899999999	899999999	89999	89999	89	89	28	17	0	4	2	0	3	NaN	0	18000	0	0	0	0	0	0	0	NaN	NaN	NaN	NaN	0	3	0	0	0	0	301	0	0	3005	0	21	18000	18000	18000	18000	100	NaN	0.8542948005481859	1.9381862257768507	0.5102956540391667	0.5512803947597361	0.23563346497041904	0.26131369033057444	1.1585880381079547e-7	NaN	-0.03648063834313495	-0.018519066253575855	0.07204365429611971	0.000029397830297620507	NaN	15.861983614161833	969.6503628219444	99.75316817749871	100.61464573076037	98.89168889851038	1.7229582634766847	0.00028789272601392854	49.12496157366632	150
DATA	2026-08-05T133000_AIU-1657.ghg	2026-08-05	14:00:00	217.583	1	18000	18000	0.5685917296746401	0	NaN	42.39636903282281	1	NaN	290.36397708133035	0	NaN	-5.808475205349715	1	NaN	6.623060779392505	0	NaN	0.07449685555650926	0	NaN	NaN	NaN	NaN	NaN	NaN	NaN	NaN	NaN	NaN	-8.567565729176563e-10	-5.160181587778228e-11	-4.294278789278672e-12	NaN	15.819145044673398	410.51123448148775	420.9183517414516	0.1	1	952.7754273997541	24.72478858882448	25.351601578234437	0.1	1	0.07928952187495242	1.9976166147220074	2.048259395244501	0.4	0	NaN	NaN	NaN	NaN	9	307.9771567416721	301.507303027617	97753.51749993817	1.1189553124177674	1019.4543140549054	0.025643391475638648	0.4291743385046343	0.01737448412109266	2417.5833712428002	3848.2618769754263	0.015527415552950887	62.82273526413229	1430.678505732626	293.7022016292926	1.1579842877037394	0.2771841472734387	0.15121783957274745	1.2002605954847707	-1.7483145208712575e-13	-5.415947388421868e-14	1.2002605954847707	7.358666695045084	147.53852143574989	13.461478564250083	7.237786600762398	NaN	0.7128430143098845	1.9284932227058698	-735.3610926588009	-0.0027239678846177617	0.14601111838658856	0.052137986494938504	0	17.228851228670038	-2.6145446432841224	5.914107101974296	14.726962899570717	22.459547637370022	31.49983490627824	47.192492711056474	0.5615495971051263	1.012540535343302	59.39698507932113	1.0216194435066268	264.7929314311577	1.0965699707766583	-5.296948995635724	1.0965699707766583	6.039797692710522	1.0965699707766583	0.03280410130979763	1.3056108522600252	NaN	NaN	800000009	800000009	800000009	800000019	800000019	800000019	899999999	899999999	89999	89999	89	89	3	10	0	0	10	1	3	NaN	0	18000	0	0	0	0	0	0	0	NaN	NaN	NaN	NaN	0	13	0	0	0	0	301	0	0	0	0	16	18000	18000	18000	18000	100	NaN	1.9029110241140286	1.3686068855339497	0.5854685357637609	0.25927008889512004	0.6854307361683507	0.26834983325426187	8.190413284442954e-8	NaN	0.052069557953460244	-0.13927623591263652	0.15880845539717908	0.00003280410130979763	NaN	15.820277183054163	952.8266691797842	99.6830772043864	100.57230318133037	98.79383015908134	1.7784952758550687	0.00028839371256698444	46.67745566276447	095
DATA	2026-08-05T140000_AIU-1657.ghg	2026-08-05	14:30:00	217.604	1	18000	18000	1.0162998240769288	0	NaN	134.24320175271183	0	NaN	242.36261070299042	0	NaN	-0.3715475955999588	1	NaN	5.5307914333782	0	NaN	0.06319965691145331	2	NaN	NaN	NaN	NaN	NaN	NaN	NaN	NaN	NaN	NaN	-2.1539137744330036e-10	-1.3241587347048025e-11	-1.0868406564821094e-12	NaN	15.701815712822333	408.4957440555284	419.0185738697112	0.1	1	965.298456867523	25.11303906412202	25.75994968689893	0.5	0	0.07922959544551504	2.000837234947036	2.052378701450946	0.8	0	NaN	NaN	NaN	NaN	9	308.45174260542126	301.99329976311145	97724.45854638275	1.1166569808506996	1019.6874470970786	0.025692363320067167	0.35839528488290734	0.017613676330652105	2454.8164469384787	3958.2489687836905	0.015773578308025737	62.01773729490306	1503.4325218452118	293.9502878832756	1.897665669775382	0.5814825352659575	0.15302328634927115	1.9906463923129436	-7.58157023718325e-14	-1.3717609567115772e-14	1.9906463923129436	9.25056017606004	143.96389295372472	17.036107046275266	4.408742014380164	NaN	0.9540058384318253	2.726747132989158	-556.6102012147021	-0.0035987482723611477	0.5538940241786042	0.12358176994685452	0	19.026394656933896	-2.8873287934900924	6.531145592475159	16.263475986082085	24.80282704245024	34.786317590216754	52.11624264715119	1.0042394813878635	1.0120094289386012	146.67170826836121	1.0242364411548732	218.6858224977913	1.1082685102068666	-0.3352505211310269	1.1082685102068666	4.990479637778246	1.1082685102068666	0.003976387074681146	1.3060353788625125	NaN	NaN	800000009	800000009	800000009	800000019	800000019	800010019	899999999	899999999	89999	89999	89	89	9	13	2	11	6	2	1	NaN	0	18000	0	0	0	0	0	0	0	NaN	NaN	NaN	NaN	0	18	0	0	0	0	301	0	0	3001	0	16	18000	18000	18000	18000	100	NaN	3.2446212218789494	1.3906581527832123	0.8182148913161541	0.18060042166197593	0.30492713697914303	0.1192777908868989	9.325259922810556e-8	NaN	0.1288129398142268	-0.00883531943159291	0.13152099381643645	0.000003976387074681147	NaN	15.702878545870997	965.3628203964133	99.64317905722723	100.55095978885227	98.73539752430386	1.8155645436843246	0.00028927634006767133	50.010564544244836	229
DATA	2026-08-05T143000_AIU-1657.ghg	2026-08-05	15:00:00	217.624	1	18000	18000	0.5683394125322105	0	NaN	27.827086319532885	0	NaN	175.1850067905499	0	NaN	-0.1704527315914448	2	NaN	4.013220980504819	0	NaN	NaN	NaN	NaN	NaN	NaN	NaN	NaN	NaN	NaN	NaN	NaN	NaN	6.7033839002835754e-12	4.0859000073925534e-13	NaN	NaN	15.745366790185637	408.38775760676896	418.8130085943699	0.1	1	959.7241518824011	24.89237624826973	25.52782445951578	0.5	0	NaN	NaN	NaN	NaN	0	NaN	NaN	NaN	NaN	9	308.36166431427	305.94181606593696	97018.67487188675	1.0945282439514639	1019.5493444368647	0.02642500405714914	0.2600567195367123	0.016974855584101126	2396.564948545731	4952.543174751827	0.015508832849135562	48.39059174210679	2555.9782262060958	293.56067284092416	1.2237145413731234	-0.024990513152274265	0.02051446027148191	1.224141596219939	1.9044833542507603e-14	4.2573691611058003e-16	1.224141596219939	7.7388760424361465	162.16992311591525	358.83007688408446	0.9602214474579898	NaN	0.7205935999798856	2.163947317122398	-1151.288160524501	-0.0017398771816496683	0.15884399486768166	0.03460525963665988	0	17.907052076858218	-2.7174642385122962	6.146911506609248	15.306678784115833	23.343650939175767	32.73980235783274	49.05018990513826	0.5613363804773518	1.01247564258868	38.11024342438656	1.0216562185228601	159.71662868013493	1.096848889425243	-0.15540220100944196	1.096848889425243	3.658864059759204	1.096848889425243	NaN	1	NaN	NaN	800000009	800000009	800000009	800000019	800000009	800000009	899999999	899999999	89999	89999	89	89	13	28	0	6	12	1	1	NaN	0	18000	0	0	0	0	0	0	0	NaN	NaN	NaN	NaN	0	2354	0	0	0	0	0	0	0	14996	0	0	18000	18000	18000	18000	100	NaN	2.4201819592573224	1.364490955323292	0.5432217196641812	0.07257553864249786	0.3356440917262906	0.1750414596843646	NaN	NaN	0.03415124181164239	-0.004210512285077373	0.09913432353579198	NaN	NaN	15.74653447214762	959.8026266267045	99.71891241327921	100.60386718792384	98.83395086161296	1.7699232599404118	0.0002885174745363961	26.582460785504164	206
DATA	2026-08-05T150000_AIU-1657.ghg	2026-08-05	15:30:00	217.645	1	18000	18000	0.07960028244515546	0	NaN	31.82748671369202	1	NaN	23.846614255751263	2	NaN	4.498349593777183	1	NaN	0.5436703884738557	2	NaN	0.03407676806191301	0	NaN	NaN	NaN	NaN	NaN	NaN	NaN	NaN	NaN	NaN	2.0779061296253645e-10	1.360382869039114e-11	1.0435903244908562e-12	NaN	15.774685167278614	407.468162637467	418.6359049569596	0.1	0	1032.7517282948818	26.6765038241065	27.407643942549676	0.1	1	0.07922546922477895	1.9933377595313904	2.0479704511018664	0.5	0	NaN	NaN	NaN	NaN	9	306.0844148470561	301.01777397297025	97685.33025983986	1.1191588641817183	1020.5604882674955	0.025619627493240534	0.03522984117310585	0.018763372233794384	2606.602092152855	3740.1738175734968	0.0167656021270165	69.69200414979467	1133.5717254206415	294.9287161315936	0.009842488981438038	-0.9121064142094281	0.20739560253189224	0.9354399613981921	1.6667840157977185e-14	1.317240951303142e-14	0.9354399613981921	3.6421244315124555	250.38174846451852	270.6182515354815	12.809439691750072	NaN	0.26669288836930527	0.6338095941441559	-51.28738194949244	-0.03905639016576519	1.3346752864933835	0.10448655765265823	0	14.513983820726086	-2.2025530401031337	4.982180973810769	12.406335072248613	18.920443777886096	26.536191422006798	39.756050277351044	0.07852757466146142	1.0136602688713943	32.86412309176134	1.021536912853496	21.797301923922408	1.0940167888200762	4.111773822620001	1.0940167888200762	0.4969488530977824	1.0940167888200762	0.017571793916161708	1.3070603299248216	NaN	NaN	800000009	800000009	800000009	800000019	800000019	800000019	899999999	899999999	89999	89999	89	89	15	7	0	36	2	3	4	NaN	0	18000	0	0	0	0	0	0	0	NaN	NaN	NaN	NaN	0	375	0	0	0	0	301	151	0	3005	0	21	18000	18000	18000	18000	100	NaN	0.8455574253110104	0.29625243290027126	0.12580933007703032	0.4177499002551314	1.4727349778588394	0.8690606448753397	4.126664341088993e-7	NaN	0.02877342492581267	0.10823008850274463	0.013080685045521066	0.00001757179391616171	NaN	15.775996060310215	1032.8302355637595	99.8110887158712	100.67007006963095	98.95211511357624	1.7179429519308995	0.0002873806828510067	54.15207683848557	080
DATA	2026-08-05T153000_AIU-1657.ghg	2026-08-05	16:00:00	217.666	1	18000	18000	0.2999406481767403	1	NaN	-27.1134008468367	0	NaN	73.64085834596226	1	NaN	0.6481033430297503	1	NaN	1.6809259363818918	1	NaN	0.06361520005033323	0	NaN	NaN	NaN	NaN	NaN	NaN	NaN	NaN	NaN	NaN	3.574018140656244e-10	2.306295956283684e-11	1.8096335135242716e-12	NaN	15.60620649846066	406.6877187252937	417.6482086105342	0.1	1	1007.060667401067	26.243354237540633	26.950629145120622	0.5	0	0.0790189450280997	1.9988731171711371	2.0527440052601675	-0.1	0	NaN	NaN	NaN	NaN	9	307.733005027771	302.24861093473	97644.05110962849	1.1143146898730192	1020.3395957957717	0.02573525906345311	0.10892400067754658	0.018375771943743485	2563.1947879482063	4017.1172139986993	0.016490648567001734	63.80682094652557	1453.922426050493	294.6541127012046	0.5015897128836161	-0.500407562201797	0.17540099204970722	0.7299078547265145	2.530662690205767e-14	2.2901261373215663e-14	0.7299078547265145	5.442394061691554	205.9324027968188	315.06759720318115	13.904581624059608	NaN	0.5188164466709413	1.1868434931628715	443.08042131582334	0.004520849723062374	-0.36818420447326755	-0.045963983873927236	0	16.95616523731201	-2.573163492066254	5.820502825247141	14.493875015494053	22.10407390719133	31.001277945339428	46.445563534597134	0.29648850416923644	1.0116434329121016	-22.348357173953794	1.0206785232436428	66.85646930577785	1.1014769267751041	0.5883948426657128	1.1014769267751041	1.5260654994410952	1.1014769267751041	0.04949981580901971	1.3820961863711843	NaN	NaN	800000009	800000009	800000009	800000019	800000019	810000019	899999999	899999999	89999	89999	89	89	12	1	0	5	47	0	6	NaN	0	18000	0	0	0	0	0	0	0	NaN	NaN	NaN	NaN	0	2	0	0	0	0	0	0	0	0	0	0	18000	18000	18000	18000	100	NaN	0.5289570670134502	1.5219808965030235	0.3227490228092693	0.27769360935451987	0.17791744019894606	0.33314911876853814	2.541294640158598e-7	NaN	-0.019655903325033648	0.015550705859336685	0.040332433228638644	0.000049499815809019705	NaN	15.607326808654774	1007.1193428126463	99.6370818430583	100.56146777492101	98.7127041246626	1.8487563748227183	0.000289609734036882	57.04292504063831	009
DATA	2026-08-05T160000_AIU-1657.ghg	2026-08-05	16:30:00	217.687	1	18000	18000	0.45141504304600827	0	NaN	-3.586020130970494	2	NaN	259.27676506416043	0	NaN	1.3952592296309776	0	NaN	5.921709789480613	0	NaN	0.04800660674399424	1	NaN	NaN	NaN	NaN	NaN	NaN	NaN	NaN	NaN	NaN	5.144354026903964e-10	3.2264018703903436e-11	2.5992571848868007e-12	NaN	15.564949284765147	407.0874460299995	417.75328936053086	0.1	0	976.1921753880607	25.531440690408335	26.20037398486955	0.3	0	0.07864409418411077	1.9942348778470875	2.046484577460352	0.5	0	NaN	NaN	NaN	NaN	9	308.52904382748073	302.84787731756103	97603.81138346228	1.111953660657568	1019.9465963681644	0.02579691526723335	0.3837267943583437	0.01783455751813946	2492.6343649734827	4158.293097782869	0.01603893952522515	59.94369098951954	1665.6587328093865	294.1989198303138	0.6762050306120936	0.08603190655090684	0.13569165004344483	0.6950301837052213	9.306511653635519e-14	3.3050888459618806e-14	0.6950301837052213	6.573095930985246	153.74935284097114	7.2506471590289046	11.258236122034003	NaN	0.637154374660332	1.3120913567309376	6202.5400650175725	0.0003229483371332846	-0.013830858041148038	-0.004962538990385325	0	17.27338018945064	-2.6213020848764086	5.929392453255168	14.765025585507727	22.51759563503514	31.581248048368817	47.31446443332502	0.44442070497403724	1.0157381012938622	12.260621938609477	1.022281325558413	237.21214012294848	1.0930164237368953	1.2765217423364503	1.0930164237368953	5.417768352679441	1.0930164237368953	0.024885664270672462	1.3099719327772024	NaN	NaN	800000009	800000009	800000009	800000019	800001019	810001019	899999999	899999999	89999	89999	89	89	8	0	0	17	19	1	4	NaN	0	18000	0	0	0	0	0	0	0	NaN	NaN	NaN	NaN	0	49	0	0	0	0	0	0	0	0	0	0	18000	18000	18000	18000	100	NaN	1.1998098846728744	0.9596408316581029	0.46473199713089797	0.2148354574186237	0.10295358581106452	0.31059809830150575	1.1508404171235847e-7	NaN	0.010810564668008431	0.03379334750647435	0.14342452821568957	0.00002488566427067246	NaN	15.566035150733217	976.2359565624225	99.52675013690524	100.4850691180759	98.56843043857151	1.9166417256659947	0.0002906220821120465	56.52777268136776	205
DATA	2026-08-05T163000_AIU-1657.ghg	2026-08-05	17:00:00	217.708	1	18000	18000	0.2780146726495111	1	NaN	-25.398854647839933	1	NaN	68.91538644341276	0	NaN	0.7264373396208677	0	NaN	1.5751094086206578	0	NaN	0.0448987073164487	0	NaN	NaN	NaN	NaN	NaN	NaN	NaN	NaN	NaN	NaN	-9.096383977617984e-11	-5.632074309368818e-12	-4.595685016492595e-13	NaN	15.532592585100572	407.2866452228799	417.8230427838336	0.2	0	961.7086951439971	25.217368316387585	25.869734950891544	0.3	0	0.07847393336326958	1.996278702512885	2.047921903435003	0.7	0	NaN	NaN	NaN	NaN	9	308.9125708007812	303.58179503760414	97577.22626994902	1.1090963257909978	1019.7855041597462	0.02586647664035879	0.10206708967861862	0.01756779599963776	2461.300895001894	4337.051536019751	0.015839738705390228	56.75055679095543	1875.7506410178576	293.99315676788075	0.44203886849974966	-0.6534921402550564	0.04164957478868038	0.7900538119139714	-1.5962041095949367e-14	-5.856320461494346e-15	0.7900538119139714	4.667446713736913	216.92456981833698	304.075430181663	3.0218847462112173	NaN	0.5006672976182153	1.0636710354433623	424.7964144753671	0.004715435280860061	-0.36855129106321177	-0.04485251566313826	0	15.99714785141678	-2.4276289038438987	5.491303190427518	13.674121378140683	20.85389788688085	29.247888301015347	43.81866633797361	0.27487643951373275	1.0114168865884976	-20.914667325250758	1.0207121065108078	62.53175294389534	1.1020862713579278	0.6591474356411254	1.1020862713579278	1.4292069954558981	1.1020862713579278	0.03553230547946939	1.3821123612061015	NaN	NaN	800000009	800000009	800000009	800000019	800000019	800001119	899999999	899999999	89999	89999	89	89	33	10	0	11	34	0	2	NaN	0	18000	0	0	0	0	0	0	0	NaN	NaN	NaN	NaN	0	1	0	0	0	0	0	0	0	0	0	0	18000	18000	18000	18000	100	NaN	0.5957852620555903	1.183901696523404	0.34765511230773005	0.21546531663370053	0.09159668039114174	0.2088129496785286	1.6076275303391054e-7	NaN	-0.018491530579583103	0.01749101749121952	0.03792517910924984	0.00003553230547946939	NaN	15.533614939971459	961.7727293097321	99.42578353797066	100.41407951715257	98.43748991097343	1.9765869619780096	0.0002918757785842494	56.194688584486215	085
DATA	2026-08-05T170000_AIU-1657.ghg	2026-08-05	17:30:00	217.729	1	18000	18000	0.6813987418164542	0	NaN	51.45488034753114	0	NaN	247.89793515312803	0	NaN	0.9888833970459919	2	NaN	5.663740039451077	0	NaN	0.10168418079649055	0	NaN	NaN	NaN	NaN	NaN	NaN	NaN	NaN	NaN	NaN	-3.1725513044716657e-10	-1.9351788585462338e-11	-1.5994340846769377e-12	NaN	15.599695445130827	408.1147812860234	418.5337630913611	0.1	1	951.5433456545626	24.894005511959914	25.529537970925936	0.4	0	0.07864548816075626	1.996926739894167	2.0479073569254527	-0.2	0	NaN	NaN	NaN	NaN	9	309.3613094728258	303.1945531667073	97558.93671050348	1.1104417865475948	1019.5913339112578	0.025838325016888097	0.3670103545564298	0.01736141900523319	2429.2841632270097	4241.917218936657	0.01563469532176963	57.26854245015113	1812.6330557096476	293.7805232132834	1.4420577500096299	0.04035943971363342	0.06856666594975386	1.444250956868674	-2.7219189495609327e-14	-2.0337264375644732e-14	1.444250956868674	9.555254819232882	159.396858882532	1.603141117467845	2.7211738004215134	NaN	0.7833444405927286	2.521061899383742	-802.9561115306094	-0.0024946568949847764	0.20756477989922406	0.05801654677087795	0	17.21501237041585	-2.6124445431533925	5.909356669760446	14.715133651678512	22.441507287953716	31.474533059712122	47.15458593430032	0.6732731906219929	1.012068728277974	65.79357482426269	1.0221564406635006	225.42157272169933	1.0997081253584258	0.8992235068952382	1.0997081253584258	5.150221144001373	1.0997081253584258	0.05398068491118546	1.305181746332344	NaN	NaN	800000009	800000009	800000009	800000009	800000019	800001019	899999999	899999999	89999	89999	89	89	16	14	0	14	36	0	4	NaN	0	18000	0	0	0	0	0	0	0	NaN	NaN	NaN	NaN	0	0	0	0	0	0	0	0	0	0	0	0	18000	18000	18000	18000	100	NaN	2.65916326809382	1.6745357411813475	0.7084247894923166	0.07786691124315176	0.48416773607483954	0.19745299866503438	2.132640533781276e-7	NaN	0.058111428617278596	0.023827756650498962	0.13647131683559965	0.00005398068491118546	NaN	15.600787108284516	951.5951171590104	99.48345133357577	100.44247052044338	98.52443022727965	1.9180426927440748	0.0002906539883600393	56.064952595498816	146
DATA	2026-08-05T173000_AIU-1657.ghg	2026-08-05	18:00:00	217.749	1	18000	18000	0.679668093853173	0	NaN	-8.263281399651293	1	NaN	375.4290670249634	0	NaN	10.79294426645211	0	NaN	8.576396780105902	0	NaN	0.08243637846374012	0	NaN	NaN	NaN	NaN	NaN	NaN	NaN	NaN	NaN	NaN	-2.066695977366057e-10	-1.2548575959168557e-11	-1.0386632691876276e-12	NaN	15.672767974783094	409.7081022550976	420.1602950440269	0.1	0	951.6199846319015	24.876679001365577	25.511315815818147	0.4	0	0.07876692363167088	1.9988577456939078	2.0498512369151993	0.2	0	NaN	NaN	NaN	NaN	9	309.2869053141276	303.06845660400387	97562.14909743924	1.1109477310528215	1019.5783046042434	0.02582672861879202	0.5557505113508624	0.017357125244238564	2427.6732888110173	4211.332963411545	0.015623710062209304	57.646196819460016	1783.659674600528	293.76976014520096	1.093307410521782	0.3130463920993348	0.3069798494835215	1.1779455698363563	2.594433214063869e-14	-1.3186541016183579e-14	1.1779455698363563	7.530920337937046	145.02200949303312	15.977990506966844	15.106031448622817	NaN	0.7821708531439779	1.9658204509361181	4977.599602932231	0.00040242288648930356	-0.02201023342473864	-0.009326886724763356	0	16.646134088222706	-2.526115069084123	5.714079164358414	14.228865052278882	21.699916992164248	30.43444212544067	45.596340185378686	0.671207142252698	1.0126055744461813	14.699795853584975	1.0215887174186071	342.4465752005634	1.096314269766263	9.844753976205377	1.096314269766263	7.822936375656601	1.096314269766263	0.04695754526248874	1.305687620664935	NaN	NaN	800000009	800000009	800000009	800000009	800000019	810000019	899999999	899999999	89999	89999	89	89	40	8	1	7	11	0	0	NaN	0	18000	0	0	0	0	0	0	0	NaN	NaN	NaN	NaN	0	0	0	0	0	0	0	0	0	0	0	0	18000	18000	18000	18000	100	NaN	1.8933098798474446	1.2701273982256984	0.7682036237990931	0.09083654595985456	3.5810228038575698	0.24044052286271161	2.62457261907649e-7	NaN	0.012977680903860537	0.2607460243443859	0.20719660070548263	0.00004695754526248874	NaN	15.67380246819904	951.6731681170845	99.52974339082506	100.46693991597493	98.59255029000175	1.8743888340128803	0.0002906057402304012	56.64706243202777	004
DATA	2026-08-05T180000_AIU-1657.ghg	2026-08-05	18:30:00	217.77	1	18000	18000	0.46142832589012117	1	NaN	-53.395178953408	0	NaN	210.29477449644784	0	NaN	13.055505311125792	0	NaN	4.800456544726771	0	NaN	0.07289591343938483	0	NaN	NaN	NaN	NaN	NaN	NaN	NaN	NaN	NaN	NaN	-1.6909560235459888e-10	-1.0193240043121378e-11	-8.435788952660167e-13	NaN	15.833432869533143	412.1975663760658	422.70068606665905	0.1	1	954.454046695733	24.847652338413543	25.480790153454652	0.5	0	0.0789893387075784	1.9975984687460797	2.0484988561390614	0.5	0	NaN	NaN	NaN	NaN	9	309.1807843831381	302.30606538586176	97576.12844138042	1.1139213780417743	1019.5429888985742	0.025758068779373446	0.3110695840982947	0.01738308514683869	2425.188072616293	4030.4692255145646	0.015605307061614532	60.17135814519642	1605.2811528982716	293.7531428797573	1.058529446406138	-0.5144770980870916	0.10751903281808133	1.18183400517293	-1.2748444554126718e-14	-1.0679655116356632e-14	1.18183400517293	7.870814929980652	186.9211437094001	334.07885629059984	5.2197825872092105	NaN	0.6436130719801711	1.6727236633263334	429.2144510403083	0.004666897852914755	-0.2539063516022359	-0.07304947665185695	0	15.131313095572585	-2.296235139232675	5.1940901371188195	12.934018851440726	19.725194835999933	27.664866223500127	41.44701080146511	0.45651120088750197	1.0107710938812888	-40.02737365636312	1.0214665889709118	189.99378956233122	1.1068507817065067	11.79518100081859	1.1068507817065067	4.337040388882032	1.1068507817065067	0.055859764040053404	1.3810950810191598	NaN	NaN	800000009	800000009	800000009	800000019	800000019	810001019	899999999	899999999	89999	89999	89	89	44	11	1	26	18	0	6	NaN	0	18000	0	0	0	0	0	0	0	NaN	NaN	NaN	NaN	0	1	0	0	0	0	0	0	0	0	0	0	18000	18000	18000	18000	100	NaN	1.0457258480698746	1.6394618634200344	0.6602596151627582	0.06561393901842921	8.195832461042489	0.15534801189302885	1.375852219451403e-7	NaN	-0.03524495935195473	0.31156481428732125	0.1145611231590989	0.0000558597640400534	NaN	15.834487979631174	954.5136494688735	99.59256353971693	100.50428310161166	98.68083817715114	1.8234472876588603	0.00028917844555689944	54.98013851688424	200
DATA	2026-08-05T183000_AIU-1657.ghg	2026-08-05	19:00:00	217.791	1	18000	18000	0.2902396743069744	1	NaN	-13.090421524357916	2	NaN	78.87876765249277	0	NaN	-0.22991972061653124	2	NaN	1.8004622702913473	0	NaN	0.08043502812785455	0	NaN	NaN	NaN	NaN	NaN	NaN	NaN	NaN	NaN	NaN	5.168652030929153e-10	3.118527864121443e-11	2.5819058709337513e-12	NaN	15.86893397293424	412.59231861748225	423.1255773136008	0.1	1	957.4587817551835	24.893930456753694	25.529459034558535	0.5	0	0.07927036593874466	2.0040797880839674	2.0552428609358437	0.6	0	NaN	NaN	NaN	NaN	9	308.8762789535523	302.23484418911414	97589.37467621527	1.1143154407411153	1019.5677098163229	0.025748504926128152	0.1166699551148793	0.017421929382064865	2430.03476280897	4013.923638946249	0.015634647735364583	60.540134327191936	1583.888876137279	293.78553621433093	0.6520927690635442	-0.6339174091228009	-0.02696385278830538	0.909836969138512	-5.5511446948412296e-14	3.257088371370572e-14	0.909836969138512	7.8900291621045	205.19028472305024	315.80971527694976	-1.6982616145757552	NaN	0.5103572807524887	1.3078052875338502	873.0036850601462	0.0022944920328280115	-0.1659562124756931	-0.022576421021885524	0	13.545287720978909	-2.055549669713028	4.649658949728505	11.578308215867384	17.65765057654938	24.7651060018939	37.10264158400333	0.2870784636048831	1.011011660931982	-8.163309211653141	1.020619951069267	71.56546009494234	1.1021904637774738	-0.2086025312073021	1.1021904637774738	1.6335309816787262	1.1021904637774738	0.05865799070759464	1.3773507910168967	NaN	NaN	800000009	800000009	800000009	800000009	800000019	810001019	899999999	899999999	89999	89999	89	89	55	18	3	22	30	5	6	NaN	0	18000	0	0	0	0	0	0	0	NaN	NaN	NaN	NaN	0	0	0	0	0	0	0	0	0	0	0	0	18000	18000	18000	18000	100	NaN	0.6264215438683197	1.4416253812069257	0.5475636499924548	0.06973772767880149	8.989613862811535	0.12938192423681355	1.8252509616670707e-7	NaN	-0.0071852523592401555	-0.00550836493839117	0.0431350699973665	0.00005865799070759464	NaN	15.870058497135297	957.5367658059171	99.66036552831862	100.5428179872301	98.77790364562142	1.7649215628438526	0.00028941113342362864	56.677508392389456	043
DATA	2026-08-05T190000_AIU-1657.ghg	2026-08-05	19:30:00	217.812	0	18000	18000	0.2844682099855209	0	NaN	-36.888329836254215	0	NaN	110.28319622141761	0	NaN	8.660544978022786	0	NaN	2.517139608871868	0	NaN	0.019851347733218727	0	NaN	NaN	NaN	NaN	NaN	NaN	NaN	NaN	NaN	NaN	7.708357243159525e-11	4.602066197747723e-12	3.85565537248095e-13	NaN	15.906128039610863	413.7027912198213	424.17960592537264	0.1	0	949.6323519917266	24.6990061738012	25.324496058293395	0.1	1	0.07956111282429092	2.01070992783548	2.0616301434773208	0.7	0	NaN	NaN	NaN	NaN	9	308.715388361613	302.17355020105305	97591.48866475615	1.1146485473705467	1019.455022257334	0.025742725423542265	0.16311064665489702	0.017289393083093494	2411.0593487534597	3999.7316044058102	0.01551107129137622	60.28052847590108	1588.6722556523505	293.6583874842489	0.9598220930392669	-0.4141479071303423	0.021805251806065278	1.0455871117573219	2.1213595221325625e-14	4.846155660235781e-15	1.0455871117573219	6.920572952055013	184.33942646005778	336.66057353994216	1.194964496918948	NaN	0.5051820289244611	1.3702023980344267	300.4640226798883	0.006666688351350754	-0.3344873117586548	-0.06425916465084182	0	13.665979769509953	-2.0738651537105177	4.691088624400109	11.681473963681846	17.814984851333993	24.985769559363245	37.43323580325723	0.2813911939261238	1.010935011918692	-29.771774939962437	1.0212690722551292	99.73077768147425	1.105809046968893	7.831863016279349	1.105809046968893	2.2762877693680834	1.105809046968893	0.017773087469089476	1.3843769872655458	NaN	NaN	800000009	800000009	800000009	800000019	800000019	800000019	899999999	899999999	89999	89999	89	89	32	19	0	16	19	0	1	NaN	0	18000	0	0	0	0	0	0	0	NaN	NaN	NaN	NaN	0	2	0	0	0	0	0	0	0	0	0	0	18000	18000	18000	18000	100	NaN	0.8010058044877821	1.4146514430810293	0.5247475485000419	0.10043823871928341	11.563368231965713	0.14044858523694156	1.7838711979137468e-7	NaN	-0.026199843863380496	0.20672066370748407	0.06008222021949302	0.000017773087469089474	NaN	15.907152950329886	949.6978412625847	99.62702627309163	100.52612134636773	98.72793561553956	1.798186037229172	0.00028909579872722846	56.98869154467406	017
DATA	2026-08-05T193000_AIU-1657.ghg	2026-08-05	20:00:00	217.833	0	18000	18000	0.20615850969688446	1	NaN	36.41159140178392	1	NaN	59.269871232672294	1	NaN	-8.468741258034697	1	NaN	1.3520994329700338	1	NaN	0.08028881092760858	1	NaN	NaN	NaN	NaN	NaN	NaN	NaN	NaN	NaN	NaN	-3.9006793716169113e-10	-2.2953576600843287e-11	-1.957752572429296e-12	NaN	15.934686213211261	413.3008677199323	423.6032026523922	0.1	1	937.6777883021232	24.320720117203635	24.926961777978075	0.4	0	0.07997625529482197	2.01606050442525	2.06631476756115	0.8	0	NaN	NaN	NaN	NaN	9	308.6596305686103	301.6459086305982	97615.51236353409	1.1170344334093667	1019.2266165262212	0.025691450299569967	0.08761604325645818	0.017058569248168044	2374.7163769999524	3879.3555499811346	0.015271301168490016	61.214197729607456	1504.6391729811821	293.41239682624644	0.8056704236816481	-0.6109134164135948	-0.14182512804843683	1.0209967683080816	-3.901218748699109e-14	-2.4479172789627348e-14	1.0209967683080816	6.704666929783453	198.17184724615618	322.8281527538438	-7.98469069051905	NaN	0.4296030466793149	1.5374629902138022	-187.2155430426409	-0.010699432148877546	0.6143355914988419	0.07444490682107495	0	11.256156386011622	-1.7081651581065305	3.8638742386182567	9.621593180438387	14.673536686219911	20.57984384058008	30.832356211736297	0.2034719066755734	1.013203803243436	39.52441459763418	1.0214879393151104	54.14181843070783	1.0947151933680892	-7.736022400473939	1.0947151933680892	1.2351152529545657	1.0947151933680892	0.05058400162737371	1.3064447468780114	NaN	NaN	800000009	800000009	800000009	800000019	800000019	810001019	899999999	899999999	89999	89999	89	89	20	16	0	39	29	1	7	NaN	0	18000	0	0	0	0	0	0	0	NaN	NaN	NaN	NaN	0	1	0	0	0	0	0	0	0	0	0	0	18000	18000	18000	18000	100	NaN	0.7385792961920964	1.7200128973590239	0.6163337868764842	0.0861454589673855	11.353178039141639	0.2300517221035832	5.506159733145959e-7	NaN	0.03471587604171383	-0.20370522162691523	0.032523099509442904	0.000050584001627373714	NaN	15.93567436433804	937.7372386870505	99.70352884356181	100.56559475792778	98.8414637957679	1.7241248348057259	0.0002882488471546418	56.23747682211186	199
DATA	2026-08-05T200000_AIU-1657.ghg	2026-08-05	20:30:00	217.854	0	18000	18000	0.10260588580577003	1	NaN	35.11923914807788	1	NaN	45.98265005160712	1	NaN	-9.140865530253294	2	NaN	1.047991726362154	1	NaN	0.01987785108959021	2	NaN	NaN	NaN	NaN	NaN	NaN	NaN	NaN	NaN	NaN	3.286590556168913e-10	1.9120957462252696e-11	1.6381830306673996e-12	NaN	16.108620092990595	416.3118482077838	426.6454061058892	0	0	937.1786181139142	24.22048321678352	24.82167620881147	0.1	1	0.08029253304544838	2.015091505896694	2.065109454787188	1.4	0	NaN	NaN	NaN	NaN	9	308.2078080105251	300.6745875481499	97639.44765907119	1.1209606440879747	1019.1465998251084	0.02560244430718135	0.06790986386826758	0.017047322115339603	2365.508955900632	3665.9831764035334	0.015207779332172256	64.52590866009605	1300.4742205029015	293.3495521514554	0.5343866436390744	-0.4146726667446305	-0.10396890134566754	0.6843478924435895	1.123196683689219e-14	2.0402682149037828e-14	0.6843478924435895	4.167500037316287	198.81070205318167	322.18929794681833	-8.738444390541234	NaN	0.3025456788380732	0.7073659259123922	-67.8056385001826	-0.029541790982391614	0.7637497862490081	0.10160781655704695	0	10.334242163564483	-1.5682611180823438	3.547410919153711	8.833554769149972	13.471728386769014	18.894290612486156	28.30709032803905	0.10100300637391034	1.0158696210083675	37.40965818274022	1.0223435977696957	42.06950307249898	1.0930162396347909	-8.362973210084718	1.0930162396347909	0.9588070957777528	1.0930162396347909	0.004460880703977459	1.3101588178273578	NaN	NaN	800000009	800000009	800000009	800000009	800000019	800000019	899999999	899999999	89999	89999	89	89	15	2	0	11	9	0	4	NaN	0	18000	0	0	0	0	0	0	0	NaN	NaN	NaN	NaN	0	0	0	0	0	0	0	0	0	0	0	0	18000	18000	18000	18000	100	NaN	0.3463699449430213	0.6898828178145009	0.3784790890672623	0.13819703784733117	23.076778599099477	0.12117305491925824	1.9747689968280604e-7	NaN	0.032745883692154254	-0.21942864937655904	0.025157290446114214	0.000004460880703977459	NaN	16.10979640584521	937.2484839923831	99.77434553400676	100.60808548016018	98.94060783301458	1.6674754375815355	0.0002873822718554746	56.91569695969014	180
DATA	2026-08-05T203000_AIU-1657.ghg	2026-08-05	21:00:00	217.874	0	18000	18000	0.1231357489605742	1	NaN	56.48926902729883	1	NaN	-58.186251529125414	1	NaN	-13.214218273826683	1	NaN	-1.3254331503534988	1	NaN	0.0048658221626084195	2	NaN	NaN	NaN	NaN	NaN	NaN	NaN	NaN	NaN	NaN	2.141216799868977e-10	1.2415965560612801e-11	1.0667119258219085e-12	NaN	16.141627805812757	416.26750283219224	426.56368564410957	0.1	1	935.9813305288127	24.137504336240248	24.734534264299665	0.1	1	0.08041440214597889	2.0131967073033206	2.0629921902408896	0	1	NaN	NaN	NaN	NaN	9	308.0123370107015	300.1388461921252	97655.6256882275	1.1231831663079097	1019.0870043224155	0.025552592077059896	-0.08588806814290673	0.017022063134723674	2357.795372553716	3552.726943883877	0.015155197874517683	66.36579196193868	1194.9315713301612	293.2967383742382	0.2436297300023058	-0.3630984418131579	-0.12023272161553328	0.4534885126828023	-1.5882717637653677e-15	1.3265185058336583e-14	0.4534885126828023	2.0959821974182686	217.13940331739332	303.8605966826067	-15.374587440855603	NaN	0.3311057975860096	0.25633218132961233	-55.260164845555494	-0.03624853464694481	-0.9708353355435322	0.14905183276007372	0	19.513913777998876	-2.96131170097251	6.69849513064058	16.680199998232577	25.438357454684983	35.67765802977236	53.451633049099414	0.12068419950760526	1.0203137565892746	52.029860245607885	1.0248296288479373	-53.15548986086393	1.0946423724328318	-12.071721876121252	1.0946423724328318	-1.2108366930906729	1.0946423724328318	-0.007052962453686225	1.316496645635383	NaN	NaN	800000009	800000009	800000009	800000019	800000019	800001019	899999999	899999999	89999	89999	89	89	3	8	1	2	36	3	4	NaN	0	18000	0	0	0	0	0	0	0	NaN	NaN	NaN	NaN	0	2	0	0	0	0	0	0	0	0	0	0	18000	18000	18000	18000	100	NaN	0.21034471315707368	0.20980102177284038	0.09251862772931066	0.12778092736223004	13.009224647142677	0.12693998254810893	4.61787016278225e-7	NaN	0.04545595747944836	-0.31609559004563653	-0.03170551333762017	-0.0000070529624536862256	NaN	16.142712278560538	936.0469120554847	99.83244456206428	100.64065750228035	99.02422787878248	1.6164232086108772	0.0002865676556183542	55.61617973185439	095
DATA	2026-08-05T210000_AIU-1657.ghg	2026-08-05	21:30:00	217.895	0	18000	18000	0.041695675225013176	1	NaN	-32.05877086771296	1	NaN	84.19409029239601	1	NaN	35.20006753472712	1	NaN	1.9157063988042111	1	NaN	0.08346892913252349	1	NaN	NaN	NaN	NaN	NaN	NaN	NaN	NaN	NaN	NaN	-2.5773363814077316e-10	-1.497956500503417e-11	-1.2362693776297972e-12	NaN	16.92018874629792	434.3605818492333	445.61008960893446	0	0	983.40701295723	25.245181879911275	25.899007022708656	0.1	1	0.0811609666540273	2.0222006003568587	2.0745735879068268	-1.2	0	NaN	NaN	NaN	NaN	9	306.8453440475464	298.97816893350523	97683.89998575518	1.1273932322898939	1019.6958707541473	0.025446409253476184	0.12413777464251287	0.017877500150963642	2466.709313102409	3317.761929610037	0.015857377567055225	74.34859298033903	851.052616507628	294.0288363933691	0.4344242607902809	0.012008607812943975	0.012423376925790645	0.4347677372103636	8.520580843251613e-15	-1.5232314603887877e-14	0.4347677372103636	1.7404277542096902	159.41659999074204	1.5834000092582203	1.6374351333035204	NaN	0.19231262412836456	0.09177308327180592	19.08621609987505	0.10495008489467504	-0.3807722223302928	-0.14500834286654907	1	0.9999779280945692	1	1	2	3	7	26	0.04104339179805683	1.0158925322294448	-26.545076528521637	1.0281655398070824	74.1298357548006	1.1357652345390994	30.992379819594955	1.1357652345390994	1.6867098415647637	1.1357652345390994	0.05879183122875118	1.5290242352973087	NaN	NaN	800000009	800000009	800000009	800000019	800000019	800000019	899999999	899999999	89999	89999	89	89	14	6	0	6	1	0	0	NaN	0	18000	0	0	0	0	0	0	0	NaN	NaN	NaN	NaN	0	11	0	0	0	0	0	0	0	0	0	0	18000	18000	18000	18000	100	NaN	0.06004969936532887	0.07182348218019761	0.05167298499808535	0.10491858616500943	35.67458363585991	0.1489489114089357	8.873600584748645e-7	NaN	-0.023090742471310943	0.8090755180969329	0.04403261856259227	0.00005879183122875118	NaN	16.921535292837337	983.4794756596185	99.86705514950222	100.65879046779209	99.07531778611079	1.583475697911451	0.0002856176518641104	57.50879465800745	091
DATA	2026-08-05T213000_AIU-1657.ghg	2026-08-05	22:00:00	217.916	0	18000	18000	0.00562227754283702	2	NaN	-0.729930114133989	2	NaN	1.3845853787812579	1	NaN	-2.027429276921159	1	NaN	0.031491065109549146	1	NaN	0.023531013082664233	1	NaN	NaN	NaN	NaN	NaN	NaN	NaN	NaN	NaN	NaN	3.2257849924236204e-10	1.865734703777689e-11	1.5043073402537456e-12	NaN	17.454799727502785	447.35295250926936	459.2352380791232	0.1	0	1009.553509473784	25.874071901700646	26.561321442508287	0.1	1	0.08139842988423611	2.0247239410697775	2.078503284500874	0.2	0	NaN	NaN	NaN	NaN	9	306.7534540049235	298.55219662902243	97713.50526592715	1.1290728101125287	1020.0485655246711	0.025402455433550256	0.0020406210190987845	0.018354555719110467	2528.924436313635	3234.9926612489476	0.01625630832194176	78.17403936048753	706.0682249353126	294.43442022403735	0.22341899988198746	-0.683705156047918	0.29913021429007713	0.779004284337474	2.2405794031164243e-14	1.848079062941575e-14	0.779004284337474	2.5468608119116327	232.9038078046724	288.0961921953276	22.581081140392623	NaN	0.07056594564460386	0.25630978971039614	41.42737425879194	0.04835208689517394	-0.5271831736201702	-0.008981385074727148	1	16.61795829543621	7	15	30	55	114	451	0.005551877219315546	1.0126804539690728	-0.6371219816965566	1.0241284460618343	1.2368273498655937	1.1194653634815894	-1.8110692327413862	1.1194653634815894	0.028130450603322348	1.1194653634815894	0.016673655575119014	1.4497726311369694	NaN	NaN	800000009	800000009	800000009	800000019	800000019	800000019	899999999	899999999	89999	89999	89	89	16	10	0	6	6	0	6	NaN	0	18000	0	0	0	0	0	0	0	NaN	NaN	NaN	NaN	0	4	0	0	0	0	0	0	0	0	0	0	18000	18000	18000	18000	100	NaN	0.4113576987448177	0.07456074643439327	0.026701134241581298	0.039301346434426614	104.51867418729893	0.13603758021071444	0.0000013326973805030728	NaN	-0.0005531969674590577	-0.04722791163598898	0.0007335680002488185	0.000016673655575119013	NaN	17.45599502804242	1009.6215460829366	99.90502408070034	100.67567343097262	99.13438059488932	1.5412883149650356	0.0002848798839905713	56.4719873149722	176
DATA	2026-08-05T220000_AIU-1657.ghg	2026-08-05	22:30:00	217.937	0	18000	18000	0.006205218492778011	2	NaN	8.684175064311274	1	NaN	5.209226724067599	1	NaN	-0.5471580420294822	2	NaN	0.11843213584878497	1	NaN	-0.007272434676634734	2	NaN	NaN	NaN	NaN	NaN	NaN	NaN	NaN	NaN	NaN	-1.6851575002094004e-10	-9.78960713455187e-12	-7.8075873127177e-13	NaN	17.586851118945912	450.0205779252668	462.10134101824053	0.1	1	1021.6752034568906	26.143103299275644	26.844912623039804	-0.1	0	0.08148251759842906	2.0232908668147385	2.0776059333453745	0	1	NaN	NaN	NaN	NaN	9	306.46383051384817	298.14602861019324	97748.1749088387	1.1308959178061189	1020.1956369573013	0.025358898866161918	0.0076744024030012655	0.018577254951448335	2556.1261038559296	3157.754276597428	0.01642702450238504	80.94759376306601	601.6281727414985	294.6090098338471	0.19873400952182776	-0.6031214814491299	0.2685840961525217	0.6894839698152547	-4.952481931844166e-14	-9.581917131225491e-15	0.6894839698152547	2.6140905602724485	232.76247868713563	288.2375213128643	22.926106407684482	NaN	0.07407424281923619	0.2619671606902198	-4.028879513712635	-0.4971853819858048	1.667075657158243	0.10161439849395894	1	11.558567158940834	5	9	15	23	38	87	0.006108665818866408	1.0158058529922203	8.880367331806365	1.0223132060560567	4.765919836320435	1.0930160185173032	-0.500594714770706	1.0930160185173032	0.10835352258555221	1.0930160185173032	-0.008089742614084627	1.3100698492769611	NaN	NaN	800000009	800000009	800000009	800000019	800000019	801000019	899999999	899999999	89999	89999	89	89	27	6	1	4	3	0	4	NaN	0	18000	0	0	0	0	0	0	0	NaN	NaN	NaN	NaN	0	859	0	0	0	0	301	0	0	3001	0	21	18000	18000	18000	18000	100	NaN	0.4074283803359039	0.08786467951752669	0.028641261527009007	0.056373633154234375	69.81064426738058	0.084884500549217	0.0000019118264022453633	NaN	0.007697059295952477	-0.013035408179637022	0.0028215088032864013	-0.000008089742614084628	NaN	17.58803619626589	1021.7454827541414	99.93530766487122	100.6918003446791	99.17880063968235	1.5130125357376203	0.0002849340493105249	51.708724461033476	085
DATA	2026-08-05T223000_AIU-1657.ghg	2026-08-05	23:00:00	217.958	0	18000	18000	0.02072402659196011	1	NaN	-1.0696625668500022	2	NaN	25.01350580380796	1	NaN	26.89749436348246	1	NaN	0.5685120378701221	1	NaN	-0.013059982745885308	1	NaN	NaN	NaN	NaN	NaN	NaN	NaN	NaN	NaN	NaN	-2.7059788282850315e-10	-1.5666324837159965e-11	-1.2417305223122528e-12	NaN	17.714058158624084	452.750978729792	464.9379886101793	-0.1	0	1025.559351745663	26.2121189899269	26.91768864769406	0	0	0.08128698739124417	2.0156483357338586	2.0699049300583856	0	1	NaN	NaN	NaN	NaN	9	306.2320227983263	297.83484138884927	97766.1404517553	1.1322557385632008	1020.2296023327866	0.025327775647733825	0.036839580053983904	0.01864918573431026	2563.345112509178	3099.6708854577	0.016470824654839487	82.69733165979885	536.3257729485222	294.65507068790197	0.10049456258882167	-0.7975654336539686	0.3032059782119832	0.8591528637518426	4.369495393680076e-15	-1.5275883166092163e-14	0.8591528637518426	2.460328327024918	243.81848310620921	277.18151689379073	20.66557422228553	NaN	0.13528972225852096	0.19943659436680478	199.305279574576	0.010050411129477785	-0.042763400510102065	-0.006844465544109938	1	7.865779719597574	3	7	13	23	46	162	0.020434457263716663	1.014170639548015	0.44953330306482064	1.0216608215062255	22.874200651611986	1.093524804856742	24.59705920160282	1.093524804856742	0.5198894760732934	1.093524804856742	-0.011236239378427592	1.3077655768415224	NaN	NaN	800000009	800000009	800000009	800000019	800000019	800000019	899999999	899999999	89999	89999	89	89	9	0	0	2	2	0	5	NaN	0	18000	0	0	0	0	0	0	0	NaN	NaN	NaN	NaN	0	706	0	0	0	0	0	0	0	0	0	0	18000	18000	18000	18000	100	NaN	0.29874457589384884	0.05763312839834666	0.04249548444141402	0.04540272723255088	139.09206550311148	0.05637049027865053	5.356964151263694e-7	NaN	0.00038915213755953	0.6397628348562735	0.013522184188706564	-0.000011236239378427591	NaN	17.715220269404995	1025.6292513393826	99.95339498244391	100.70017903603448	99.20659755304125	1.4935940212342493	0.0002842302720495758	52.73103900682212	052
DATA	2026-08-05T230000_AIU-1657.ghg	2026-08-05	23:30:00	217.979	0	18000	18000	0.006382593324817934	2	NaN	-16.57188272005677	1	NaN	6.3621045037092125	1	NaN	27.11986567826387	1	NaN	0.14457403865802493	1	NaN	0.01007634833444296	2	NaN	NaN	NaN	NaN	NaN	NaN	NaN	NaN	NaN	NaN	-4.4807527390059447e-11	-2.6049430488636305e-12	-2.0745703706417766e-13	NaN	17.633245710336887	450.2126637539902	462.31310379500593	0.1	1	1025.1313455032753	26.173690387935057	26.877164982697632	0.1	1	0.08164121347393674	2.0227101115917123	2.0770748249731334	0	1	NaN	NaN	NaN	NaN	9	306.08033678860124	297.6555240641913	97806.28624909707	1.1334196996972778	1020.2042993613138	0.025302136723267442	0.009368397705040015	0.01864071457799249	2560.6381341559127	3066.626231608416	0.01644643602274708	83.50017057060398	505.98809745250355	294.63781214898216	0.1504840419575794	-0.6267286366373013	0.24583528717487105	0.6898327473276182	9.09456955612136e-15	-2.5410822333061786e-15	0.6898327473276182	2.4859716388238278	237.49828779148072	283.5017122085193	20.87739554024247	NaN	0.07504179407520895	0.25660669905963035	2.195997631153234	0.9121594539007161	-2.6047800237162226	-0.19098125218262452	1	13.131502896848653	6	12	26	51	114	538	0.006130014188736017	1.0412036788668506	-15.122961381050118	1.083705832260789	4.535103858509911	1.402857509375672	19.33187476063289	1.402857509375672	0.10305682344200887	1.402857509375672	0.005820755624513233	2.6160954897694415	NaN	NaN	800000009	800000009	800000009	800000019	800000019	801000019	899999999	899999999	89999	89999	89	89	18	1	0	3	1	0	6	NaN	0	18000	0	0	0	0	0	0	0	NaN	NaN	NaN	NaN	0	3	0	0	0	0	0	0	0	0	0	0	18000	18000	18000	18000	100	NaN	0.3941791775786592	0.0796902540894081	0.0393439664511934	0.09523134875059712	100.43617465956325	0.09086233721182639	5.035565825768636e-7	NaN	-0.013078530121879726	0.5022879952552848	0.0026776609038186116	0.0000058207556245132336	NaN	17.63454030618326	1025.1999029276858	99.96751904784308	100.70632739872403	99.22868238300747	1.4776574965847877	0.00028405817213610535	55.50967192365562	049
