DATAH	filename	date	time	DOY	daytime	file_records	used_records	Tau	qc_Tau	rand_err_Tau	H	qc_H	rand_err_H	LE	qc_LE	rand_err_LE	co2_flux	qc_co2_flux	rand_err_co2_flux	h2o_flux	qc_h2o_flux	rand_err_h2o_flux	ch4_flux	qc_ch4_flux	rand_err_ch4_flux	none_flux	qc_none_flux	rand_err_none_flux	H_strg	LE_strg	co2_strg	h2o_strg	ch4_strg	none_strg	co2_v-adv	h2o_v-adv	ch4_v-adv	none_v-adv	co2_molar_density	co2_mole_fraction	co2_mixing_ratio	co2_time_lag	co2_def_timelag	h2o_molar_density	h2o_mole_fraction	h2o_mixing_ratio	h2o_time_lag	h2o_def_timelag	ch4_molar_density	ch4_mole_fraction	ch4_mixing_ratio	ch4_time_lag	ch4_def_timelag	none_molar_density	none_mole_fraction	none_mixing_ratio	none_time_lag	none_def_timelag	sonic_temperature	air_temperature	air_pressure	air_density	air_heat_capacity	air_molar_volume	ET	water_vapor_density	e	es	specific_humidity	RH	VPD	Tdew	u_unrot	v_unrot	w_unrot	u_rot	v_rot	w_rot	wind_speed	max_wind_speed	wind_dir	yaw	pitch	roll	u*	TKE	L	(z-d)/L	bowen_ratio	T*	model	x_peak	x_offset	x_10%	x_30%	x_50%	x_70%	x_90%	un_Tau	Tau_scf	un_H	H_scf	un_LE	LE_scf	un_co2_flux	co2_scf	un_h2o_flux	h2o_scf	un_ch4_flux	ch4_scf	un_none_flux	un_none_scf	spikes_hf	amplitude_resolution_hf	drop_out_hf	absolute_limits_hf	skewness_kurtosis_hf	skewness_kurtosis_sf	discontinuities_hf	discontinuities_sf	timelag_hf	timelag_sf	attack_angle_hf	non_steady_wind_hf	u_spikes	v_spikes	w_spikes	ts_spikes	co2_spikes	h2o_spikes	ch4_spikes	none_spikes	head_detect_LI-7200	t_out_LI-7200	t_in_LI-7200	aux_in_LI-7200	delta_p_LI-7200	chopper_LI-7200	detector_LI-7200	pll_LI-7200	sync_LI-7200	chopper_LI-7500	detector_LI-7500	pll_LI-7500	sync_LI-7500	not_ready_LI-7700	no_signal_LI-7700	re_unlocked_LI-7700	bad_temp_LI-7700	laser_temp_unregulated_LI-7700	block_temp_unregulated_LI-7700	motor_spinning_LI-7700	pump_on_LI-7700	top_heater_on_LI-7700	bottom_heater_on_LI-7700	calibrating_LI-7700	motor_failure_LI-7700	bad_aux_tc1_LI-7700	bad_aux_tc2_LI-7700	bad_aux_tc3_LI-7700	box_connected_LI-7700	mean_value_RSSI_LI-7200	mean_value_LI-7500	u_var	v_var	w_var	ts_var	co2_var	h2o_var	ch4_var	none_var	w/ts_cov	w/co2_cov	w/h2o_cov	w/ch4_cov	w/none_cov	co2_mean	h2o_mean	avg_signal_strength_7200_mean	co2_signal_strength_7200_mean	h2o_signal_strength_7200_mean	delta_signal_strength_7200_mean	flowrate_mean	rssi_77_mean	CHK
DATAU		[yyyy-mm-dd]	[HH:MM]	[ddd.ddd]	[1=daytime]	[#]	[#]	[kg+1m-1s-2]	[#]	[kg+1m-1s-2]	[W+1m-2]	[#]	[W+1m-2]	[W+1m-2]	[#]	[W+1m-2]	[µmol+1s-1m-2]	[#]	[µmol+1s-1m-2]	[mmol+1s-1m-2]	[#]	[mmol+1s-1m-2]	[µmol+1s-1m-2]	[#]	[µmol+1s-1m-2]	[µmol+1s-1m-2]	[#]	[µmol+1s-1m-2]	[W+1m-2]	[W+1m-2]	[µmol+1s-1m-2]	[mmol+1s-1m-2]	[µmol+1s-1m-2]	[µmol+1s-1m-2]	[µmol+1s-1m-2]	[mmol+1s-1m-2]	[µmol+1s-1m-2]	[µmol+1s-1m-2]	[mmol+1m-3]	[µmol+1mol_a-1]	[µmol+1mol_d-1]	[s]	[1=default]	[mmol+1m-3]	[mmol+1mol_a-1]	[mmol+1mol_d-1]	[s]	[1=default]	[mmol+1m-3]	[µmol+1mol_a-1]	[µmol+1mol_d-1]	[s]	[1=default]	[mmol+1m-3]	[µmol+1mol_a-1]	[µmol+1mol_d-1]	[s]	[1=default]	[K]	[K]	[Pa]	[kg+1m-3]	[J+1kg-1K-1]	[m+3mol-1]	[mm]	[kg+1m-3]	[Pa]	[Pa]	[kg+1kg-1]	[%]	[Pa]	[K]	[m+1s-1]	[m+1s-1]	[m+1s-1]	[m+1s-1]	[m+1s-1]	[m+1s-1]	[m+1s-1]	[m+1s-1]	[deg_from_north]	[deg]	[deg]	[deg]	[m+1s-1]	[m+2s-2]	[m]	[#]	[#]	[K]	[0=KJ/1=KM/2=HS]	[m]	[m]	[m]	[m]	[m]	[m]	[m]	[kg+1m-1s-2]	[#]	[W+1m-2]	[#]	[W+1m-2]	[#]	[µmol+1s-1m-2]	[#]	[mmol+1s-1m-2]	[#]	[µmol+1s-1m-2]	[#]	[µmol+1s-1m-2]	[#]	8u/v/w/ts/co2/h2o/ch4/none	8u/v/w/ts/co2/h2o/ch4/none	8u/v/w/ts/co2/h2o/ch4/none	8u/v/w/ts/co2/h2o/ch4/none	8u/v/w/ts/co2/h2o/ch4/none	8u/v/w/ts/co2/h2o/ch4/none	8u/v/w/ts/co2/h2o/ch4/none	8u/v/w/ts/co2/h2o/ch4/none	8co2/h2o/ch4/none	8co2/h2o/ch4/none	8aa	8U	[#]	[#]	[#]	[#]	[#]	[#]	[#]	[#]	[#_flagged_recs]	[#_flagged_recs]	[#_flagged_recs]	[#_flagged_recs]	[#_flagged_recs]	[#_flagged_recs]	[#_flagged_recs]	[#_flagged_recs]	[#_flagged_recs]	[#_flagged_recs]	[#_flagged_recs]	[#_flagged_recs]	[#_flagged_recs]	[#_flagged_recs]	[#_flagged_recs]	[#_flagged_recs]	[#_flagged_recs]	[#_flagged_recs]	[#_flagged_recs]	[#_flagged_recs]	[#_flagged_recs]	[#_flagged_recs]	[#_flagged_recs]	[#_flagged_recs]	[#_flagged_recs]	[#_flagged_recs]	[#_flagged_recs]	[#_flagged_recs]	[#_flagged_recs]	[#]	[#]	[m+2s-2]	[m+2s-2]	[m+2s-2]	[K+2]	--	--	--	--	[m+1s-1K+1]	--	--	--	--	--	--	--	--	--	--	--	--	241
DATA	2026-09-06T233000_AIU-1657.ghg	2026-09-07	00:00:00	250	0	18000	18000	0.034299352298548164	1	NaN	1.528896251500994	0	NaN	13.159459604349966	2	NaN	-6.5525103817104755	0	NaN	0.29863183019168626	2	NaN	0.03584946696191367	2	NaN	NaN	NaN	NaN	NaN	NaN	NaN	NaN	NaN	NaN	-1.807265245560159e-10	-8.428970488467085e-12	-9.13467232438476e-13	NaN	16.758300952347415	427.6149445213512	436.3167096412514	0.1	1	781.5965282971199	19.94368981892747	20.349534625457114	0.1	1	0.08470344255730503	2.0803684259056348	2.122702955222309	0	1	NaN	NaN	NaN	NaN	9	303.77635066392685	296.2512416519535	97499.57535449567	1.1379221920774782	1016.6130866554824	0.0252619851331565	0.01935134259642127	0.014226328406116949	1945.022880233568	2818.299197686717	0.012502022111146519	69.01406642098394	873.276317453149	290.2220587819974	0.17129639107582503	0.02918788582705495	0.14211673538588995	0.2244806289001207	-2.1283781805750653e-14	-1.0784298782431203e-14	0.2244806289001207	1.401689205830397	151.3300128709111	9.669987129088838	39.27856381007092	NaN	0.1736147726212127	0.0807731065728548	-293.7668666286725	-0.0068186723131440155	0.11618229756148991	0.0076124258747996	1	0.3822047451220244	1	1	1	3	16	NaN	0.03319606563155956	1.0332354646853001	2.2619181938783743	1.0331716487719893	11.919329951084082	1.1040435711030125	-5.935010676403001	1.1040435711030125	0.27048917090593927	1.1040435711030125	0.02653853810402728	1.3352545090350325	NaN	NaN	800000009	800000009	800000009	800000019	800000019	801000019	899999999	899999999	89999	89999	89	89	6	0	0	8	4	0	1	NaN	0	0	0	0	0	0	0	0	0	NaN	NaN	NaN	NaN	0	0	0	0	0	0	301	0	0	0	0	16	18000	18000	18000	18000	93	NaN	0.027209779172138956	0.10003790270430066	0.03429853126927	0.029799792161373566	12.2533924996694	0.17661049639340096	0.000002268828761007058	NaN	0.0019552785260989365	-0.152981995340655	0.006972181743118442	0.00002653853810402728	NaN	16.759500828919997	781.6477987756862	94.98029639816284	95.37084792285495	94.58974587885538	0.7810976686990923	0.00028398865725547584	46.01631225162572	226
DATA	2026-09-07T000000_AIU-1657.ghg	2026-09-07	00:30:00	250.02	0	18000	18000	0.023254539909231885	0	NaN	5.621280479814507	0	NaN	119.64288694947349	0	NaN	14.610424004548326	1	NaN	2.7147188590171267	0	NaN	0.07096533407953197	0	NaN	NaN	NaN	NaN	NaN	NaN	NaN	NaN	NaN	NaN	-1.3270935895186593e-11	-6.133781249793359e-13	-6.617752146185949e-14	NaN	16.815919520200094	428.79892986370646	437.46910382859045	0.1	1	777.2260574964312	19.818940101153128	20.219672580898894	0.1	1	0.08385511645433932	2.0580779755262317	2.0996916383373314	0.8	0	NaN	NaN	NaN	NaN	9	303.6275215538873	296.1085289014828	97514.81126250954	1.1387026508178741	1016.5392567336575	0.025245870626356918	0.1759137820643098	0.014146365242364166	1933.1586136628093	2794.0743581620504	0.012423230271927028	69.18780124858404	860.9157444992411	290.125495524892	0.2042373849075054	-0.20884418601359359	0.08013474984363711	0.3029032544526692	-1.0249849926632401e-14	-7.891888325966894e-16	0.3029032544526692	2.171571849931147	206.6389520546063	314.36104794539364	15.340547690117198	NaN	0.14290542303144216	0.2685376473470672	-44.562467060853265	-0.044950383856993875	0.04698382514113384	0.03398224439897456	1	1.1571938082717483	1	1	2	3	5	15	0.02264849030652218	1.0267589404197586	12.54951222753637	1.0289124564410914	108.86390916982496	1.0990133264719861	13.29412815352312	1.0990133264719861	2.4701418933033517	1.0990133264719861	0.047380527613058714	1.3257763369142448	NaN	NaN	800000009	800000009	800000009	800000019	800000019	800000019	899999999	899999999	89999	89999	89	89	9	2	0	26	0	0	9	NaN	0	0	0	0	0	0	0	0	0	NaN	NaN	NaN	NaN	0	0	0	0	0	0	301	0	0	14997	0	16	18000	18000	18000	18000	93	NaN	0.17463089071093163	0.3052776538343293	0.0571667501488735	0.056900190641937215	45.077054504944016	0.4158314324304389	9.838783393690411e-7	NaN	0.010841574525281188	0.3424098602916679	0.06362214436472453	0.000047380527613058715	NaN	16.817109095042163	777.2720755231579	94.9874207335578	95.37274141014947	94.60209922578599	0.7706419220401178	0.0002836647865640567	29.862047000938265	023
DATA	2026-09-07T003000_AIU-1657.ghg	2026-09-07	01:00:00	250.041	0	18000	18000	0.12657694399691502	1	NaN	59.60246643546521	1	NaN	-34.11457878571221	2	NaN	-33.04456192214012	1	NaN	-0.7740036817299021	2	NaN	0.01216881321494586	2	NaN	NaN	NaN	NaN	NaN	NaN	NaN	NaN	NaN	NaN	6.515890511761667e-10	3.011882245314804e-11	3.2574481858460223e-12	NaN	16.809959762480005	428.2703068456776	436.9196626841343	0.1	1	777.0176503377329	19.796215591033253	20.196020364244742	0.1	1	0.08403697519716397	2.061713918442454	2.1033523347245646	0	1	NaN	NaN	NaN	NaN	9	303.62010982428654	296.0254481851947	97540.15444852474	1.1393281173080783	1016.524613358138	0.025232229640466113	-0.05015543857609765	0.01413778394321683	1931.4438766848616	2780.055702259848	0.01240887829277887	69.47500638619694	848.6118255749866	290.1114962875434	0.0559365201427667	-0.3018033880071016	0.18429386245576967	0.3580201209947931	-1.2525950708077278e-14	3.876208274040726e-14	0.3580201209947931	2.0005389387080377	240.49989566626687	280.5001043337332	30.981307064480482	NaN	0.33331349336947125	0.22912220953414855	-53.33728288998811	-0.037555343869531826	-1.7471259665802403	0.1543990494549188	0	20.28490993696738	-3.078313342618199	6.963153162614457	17.339235918743984	26.443428816132865	37.08728490497971	55.56351097580796	0.12363408595042749	1.0238029668263775	56.390374975614236	1.027008657767753	-31.101525398702023	1.0968779938728	-30.126014111622474	1.0968779938728	-0.705642456183381	1.0968779938728	-0.003727671428461941	1.3215048761710133	NaN	NaN	800000009	800000009	800000009	800000019	800000019	800001019	899999999	899999999	89999	89999	89	89	11	3	0	37	9	0	3	NaN	0	0	0	0	0	0	0	0	0	NaN	NaN	NaN	NaN	0	5	0	0	0	0	301	0	0	18000	0	16	18000	18000	18000	18000	93	NaN	0.2840909238341343	0.08905347808838059	0.0851000171457822	0.056243005204802736	26.2703900352437	0.22171046550533585	5.971563576893925e-7	NaN	0.04868983113292144	-0.7755026417194515	-0.018164619682246527	-0.000003727671428461941	NaN	16.811158394454583	777.0683753433625	94.99284313625759	95.36872680197823	94.61696067259047	0.75176724307239	0.0002835243259808826	43.87904492048061	244
DATA	2026-09-07T010000_AIU-1657.ghg	2026-09-07	01:30:00	250.062	0	18000	18000	0.02562162717422955	0	NaN	14.053988535659041	0	NaN	58.084975696828096	0	NaN	-1.6367185377311346	2	NaN	1.3175207887778806	0	NaN	0.026199146577528896	0	NaN	NaN	NaN	NaN	NaN	NaN	NaN	NaN	NaN	NaN	1.830191750425558e-10	8.40734730385138e-12	9.106551651429472e-13	NaN	16.87502511901585	429.50270421365366	438.14737607187755	0.1	1	775.1876102806905	19.730055068972472	20.127165145679022	0.1	1	0.08396567618106426	2.0574699844540163	2.0988810226134	0.5	0	NaN	NaN	NaN	NaN	9	303.3980554894341	295.7655655574401	97559.25743238232	1.1405812987774324	1016.4814768061827	0.025205141744225244	0.08537534711280666	0.014105677406715476	1925.3658421369353	2736.600161298136	0.012367095113548754	70.35612543498563	811.2343191612006	290.0617867528885	-0.050337595057933726	-1.1055575550339407	0.2543883798128614	1.1355636612505364	-6.759569424344654e-15	1.0845564599267955e-14	1.1355636612505364	2.2691105714199495	253.60695715910265	267.3930428408974	12.945226712414472	NaN	0.1498788079943753	0.1211099129445282	-20.56888597803147	-0.09738495328037718	0.24195565836186622	0.08087860446202143	1	11.05059692115188	5	9	16	25	44	118	0.02529927415249776	1.0127415917068894	17.27415883293656	1.0215407345240974	53.00460968857935	1.0958476260479544	-1.4935639762562316	1.0958476260479544	1.202284658433184	1.0958476260479544	0.013975777064971722	1.3058506914012866	NaN	NaN	800000009	800000009	800000009	800000019	800000019	800000019	899999999	899999999	89999	89999	89	89	7	4	0	10	3	0	9	NaN	0	0	0	0	0	0	0	0	0	NaN	NaN	NaN	NaN	0	3	0	0	0	0	301	0	0	3004	0	16	18000	18000	18000	18000	93	NaN	0.14932020080206884	0.0525099232145692	0.04038970187241836	0.04335378331666414	37.61579787905782	0.2223635925850694	2.6280088390828383e-7	NaN	0.014899482796090916	-0.038403396090614814	0.030913850819576816	0.000013975777064971723	NaN	16.876183065813613	775.2354769187197	94.99783148829142	95.3646346965366	94.63102791807387	0.7336070061872388	0.0002830387825249798	48.02544504478244	044
DATA	2026-09-07T013000_AIU-1657.ghg	2026-09-07	02:00:00	250.083	0	18000	18000	0.04712054082509749	1	NaN	20.07292409507906	1	NaN	102.82245347584943	0	NaN	12.46843851430206	1	NaN	2.3316273191749115	0	NaN	0.0341245081615677	0	NaN	NaN	NaN	NaN	NaN	NaN	NaN	NaN	NaN	NaN	1.3009094242272254e-10	5.978526087894579e-12	6.459563961329672e-13	NaN	16.980833545868705	431.73549674393195	440.47498648640504	0.1	1	780.3798977663433	19.841057972863787	20.242694446911933	0.1	1	0.08431700037178952	2.063475267602593	2.1052455669434322	1.2	0	NaN	NaN	NaN	NaN	9	303.20056986236574	295.47436831561754	97551.60522465076	1.1415675404890708	1016.5381351417275	0.025182301126863274	0.15108945028253426	0.01419790308263651	1936.0462392513782	2688.6144497871064	0.012437199358834116	72.00906918448946	752.5682105357282	290.14904569900256	-0.015387044284384258	-1.004491986902402	0.16966503391032023	1.0188361677005322	2.7231768414076016e-14	7.661045735553575e-15	1.0188361677005322	2.7627309940261493	251.8776015752876	269.12239842471246	9.586026837125887	NaN	0.20316754251376512	0.2146980364366627	-35.869352072484936	-0.05584433183939668	0.19521926793736463	0.08513948673012073	0	13.555258489905917	-2.0570627723651747	4.653081592047526	11.586831079180747	17.670648480862624	24.78333574750612	37.12995306482502	0.046506010005355244	1.013214008676975	25.847768514005075	1.021488158916414	93.92782146701407	1.0946964580878629	11.389859190812613	1.0946964580878629	2.1299304496222	1.0946964580878629	0.0162756940767844	1.3064582919137282	NaN	NaN	800000009	800000009	800000009	800000019	800000019	800000019	899999999	899999999	89999	89999	89	89	17	3	0	3	0	2	13	NaN	0	0	0	0	0	0	0	0	0	NaN	NaN	NaN	NaN	0	0	0	0	0	0	301	0	0	0	0	16	18000	18000	18000	18000	93	NaN	0.2637828491035628	0.07899770475489484	0.08661551901486778	0.03955074586798247	22.141032695216268	0.21469634060664639	5.659815091330635e-7	NaN	0.022273977078100957	0.2926305204817489	0.05472259539131331	0.000016275694076784398	NaN	16.982028908620666	780.4285128809778	94.99868044323391	95.35314738167656	94.64421183607314	0.7089370414200772	0.0002829032056793545	47.242415682474686	125
DATA	2026-09-07T020000_AIU-1657.ghg	2026-09-07	02:30:00	250.104	0	18000	18000	0.1780002359331233	1	NaN	22.923131830429675	1	NaN	165.97310375930942	1	NaN	12.42593808398589	1	NaN	3.7624132095268252	1	NaN	0.009957043741536404	2	NaN	NaN	NaN	NaN	NaN	NaN	NaN	NaN	NaN	NaN	-5.89910920767147e-10	-2.744510945803913e-11	-2.9041287100268666e-12	NaN	17.129828657245096	434.94981300672947	443.93309857648137	0.1	1	796.9508716403634	20.23567424586683	20.6536140518193	0.1	1	0.08433006654064464	2.061007426236401	2.103574678175821	0	1	NaN	NaN	NaN	NaN	9	303.0273422249688	295.13574588088636	97536.7856117319	1.142531892354825	1016.7550255787344	0.02515726324036812	0.24380437597733826	0.014494694938565604	1974.2520508273694	2633.739588187565	0.012686468566484555	74.9600324831648	659.4875373601956	290.45776751573715	-0.04472078212025967	-0.3427665529823926	0.1765943208060608	0.3881680207562954	-1.247483922056407e-14	-3.443764281422879e-14	0.3881680207562954	3.327200827382963	258.4333969379361	262.56660306206396	27.06126630157787	NaN	0.3947081765857585	0.2877493208211067	-230.30631797904752	-0.008697546891363333	0.13811353352572295	0.04999345707647594	0	19.819040169145715	-3.0076158080141937	6.803235146845399	16.941017448128584	25.836120522368645	36.23552638785997	54.28742150643928	0.1740793472908159	1.022523571597251	32.2668807445746	1.0261982219786325	151.43385804427737	1.096010534914728	11.33742577114248	1.096010534914728	3.432825770985448	1.096010534914728	-0.006774003632974299	1.3196643923971578	NaN	NaN	800000009	800000009	800000009	800000019	800000019	800000019	899999999	899999999	89999	89999	89	89	11	3	0	3	2	0	6	NaN	0	0	0	0	0	0	0	0	0	NaN	NaN	NaN	NaN	0	58	0	0	0	0	301	0	0	14997	0	16	18000	18000	18000	18000	93	NaN	0.36676014614191915	0.0822642002865438	0.1264742952137505	0.07186439005176988	17.802038254625252	0.19187000818934036	2.954380962125388e-7	NaN	0.027776167635608865	0.29111101236042325	0.0881446463792654	-0.000006774003632974298	NaN	17.131126038213143	797.0055390887879	94.97549116346572	95.31224142456055	94.63874488703411	0.6734979663590578	0.0002827505795964195	41.23616901834086	019
DATA	2026-09-07T023000_AIU-1657.ghg	2026-09-07	03:00:00	250.124	0	18000	18000	0.025242876414172485	0	NaN	-8.301606803599032	2	NaN	66.86531552249451	0	NaN	14.702914631379462	1	NaN	1.5148777850345907	0	NaN	-0.01082395834671221	0	NaN	NaN	NaN	NaN	NaN	NaN	NaN	NaN	NaN	NaN	-4.797143399335941e-10	-2.1683745913770894e-11	-2.3744921543368784e-12	NaN	17.091810822353935	433.055486630304	441.7016649935554	0.1	0	772.5732841954771	19.574701769298365	19.965520886316714	0.1	1	0.08460112054750664	2.06147005192681	2.1026283753050707	0	1	NaN	NaN	NaN	NaN	9	302.5363486404418	294.53603501796476	97541.35335153116	1.145200197725532	1016.3671750811385	0.025104968415951546	0.09816408047024147	0.014050451133105574	1909.8550630513873	2538.953134329551	0.012268991186878069	75.22214716088934	629.0980712781638	289.93430397121614	-0.01826275386770924	-1.3015323747014285	0.40280810549636065	1.36256171252104	8.598699228640274e-15	-2.806691139514534e-14	1.36256171252104	2.7343151966454866	251.80390628284795	269.196093717152	17.19505406347992	NaN	0.14846658304139554	0.22268844349929115	33.84025344998026	0.05919281907745784	-0.12415415583893034	-0.04803982331749283	1	12.664914731868258	6	11	23	42	89	357	0.024944067394890284	1.011979161800349	-4.316922227508056	1.0248930376767211	59.51169812193708	1.1235659144776908	13.08593865471112	1.1235659144776908	1.348276737051789	1.1235659144776908	-0.009121510711440699	1.4302027265432233	NaN	NaN	800000009	800000009	800000009	800000019	800000019	800001019	899999999	899999999	89999	89999	89	89	22	3	0	11	3	0	3	NaN	0	0	0	0	0	0	0	0	0	NaN	NaN	NaN	NaN	0	0	0	0	0	0	301	0	0	18000	0	16	18000	18000	18000	18000	93	NaN	0.3154414495940798	0.08513964449264966	0.04479579291185284	0.16287071240996837	46.81281535860773	0.41461011764689965	0.000001264507734805899	NaN	-0.0037088748565104923	0.3350829855521738	0.03452443163022226	-0.000009121510711440699	NaN	17.093011302228472	772.6138479488274	95.02022751363118	95.33262002690633	94.70783936903211	0.6247819014175077	0.00028224460041706656	37.91342565811999	250
DATA	2026-09-07T030000_AIU-1657.ghg	2026-09-07	03:30:00	250.145	0	18000	18000	0.04518239298961671	0	NaN	-5.085949080411975	2	NaN	55.17764301741722	0	NaN	17.00513143114136	0	NaN	1.2493949021916546	0	NaN	0.012044932259632383	0	NaN	NaN	NaN	NaN	NaN	NaN	NaN	NaN	NaN	NaN	9.805930591558558e-11	4.361282752150543e-12	4.791202030913451e-13	NaN	17.311207627087672	437.429462638555	446.10854892391666	0	0	769.9327517972422	19.45509967539747	19.841110457009155	0.1	1	0.08458299022824729	2.0556163104328884	2.0964020207054173	-0.2	0	NaN	NaN	NaN	NaN	9	301.91688923051623	293.9644594730287	97542.023184779	1.1474870495031482	1016.2875372096089	0.02505607774229702	0.08096078966201921	0.013991850830094247	1898.1988187955592	2451.4032331413982	0.012193471670248998	77.43315310729501	553.204414345839	289.83790206053203	-0.20614935454749733	-1.5347901605106646	0.5691715919218344	1.6498589922267985	1.4716522513645186e-16	5.6644982850386194e-15	1.6498589922267985	3.4501980479708205	258.650046348273	262.34995365172693	20.180694655652307	NaN	0.19843154687269995	0.1975155925267648	131.87353816129075	0.015189552262941983	-0.09217409085064686	-0.02197844170359067	1	11.669639099058383	5	10	20	35	70	251	0.04468708973051929	1.0110838110533555	-1.8234412796383817	1.0235194121996378	49.44312413677485	1.11598213059472	15.237816955078955	1.11598213059472	1.1195474084570127	1.11598213059472	0.0074103583737086635	1.3863522933033836	NaN	NaN	800000009	800000009	800000009	800000019	800000019	800000019	899999999	899999999	89999	89999	89	89	4	3	1	8	1	0	8	NaN	0	0	0	0	0	0	0	0	0	NaN	NaN	NaN	NaN	0	1	0	0	0	0	301	151	17997	18000	0	16	18000	18000	18000	18000	93	NaN	0.2525666227193077	0.09464989673349991	0.047814665600721964	0.14787422377035037	46.11597405415397	0.3089155477579722	2.044566229820453e-7	NaN	-0.0015636062209032182	0.38937733309006284	0.02860819141337586	0.000007410358373708663	NaN	17.31248148748608	769.9860383343241	95.00788751771714	95.28492653444079	94.73084927961563	0.554078118595813	0.00028096255598939027	39.86304073121809	111
DATA	2026-09-07T033000_AIU-1657.ghg	2026-09-07	04:00:00	250.166	0	18000	18000	0.05188899690433135	1	NaN	9.451589287143909	1	NaN	105.52035966335112	1	NaN	20.06136927833769	1	NaN	2.3882881408508605	1	NaN	0.03252493585794961	0	NaN	NaN	NaN	NaN	NaN	NaN	NaN	NaN	NaN	NaN	2.071604426442369e-11	9.307563127361262e-13	1.013511585416137e-13	NaN	17.32990290355453	436.771413789222	445.5140985427649	0	0	778.6195241090458	19.62381164174011	20.016613902671576	0.1	1	0.08478480323124513	2.056532979416823	2.0976978060439206	0	0	NaN	NaN	NaN	NaN	9	301.52450246090365	293.52118353432104	97557.1544536856	1.1493243896337788	1016.3745256203831	0.025014414714841574	0.15476107152713575	0.014136692618006302	1914.9567524318775	2385.3347048265673	0.012300002284394942	80.28042138309098	470.3779523946898	289.97633463033713	-0.2286841182560406	-1.3856966247799616	0.37759143202435264	1.4543131888996155	-1.981479206948479e-14	1.195392979390244e-15	1.4543131888996155	3.000339756823657	260.3711632320676	260.62883676793234	15.048439192745892	NaN	0.21247915283783597	0.241555122542636	-87.13627846873678	-0.022988128885016394	0.08957123835909929	0.03807957748295019	0	13.966704505098168	-2.1195012925394843	4.794317694689022	11.938528944609482	18.20700991644336	25.535590287253655	38.256967444091465	0.05127081954420779	1.01205709925488	15.459237979843016	1.0221853349004242	95.94052065935536	1.0998518554846055	18.24006494901848	1.0998518554846055	2.1714634829602186	1.0998518554846055	0.017665118108349472	1.305175201679334	NaN	NaN	800000009	800000009	800000009	800000019	800000019	800000019	899999999	899999999	89999	89999	89	89	13	8	0	15	16	0	2	NaN	0	0	0	0	0	0	0	0	0	NaN	NaN	NaN	NaN	0	0	0	0	0	0	301	0	18000	18000	0	21	18000	18000	18000	18000	93	NaN	0.2634373793434093	0.13175961145611764	0.08791325428574509	0.1016008957864358	22.132730480671757	0.14122521993457124	1.8094922420045064e-7	NaN	0.013234017009585437	0.465399919222502	0.05540544578042636	0.000017665118108349474	NaN	17.331149779384955	778.6701618209212	94.93670228788588	95.17458250045777	94.69882489522298	0.4757587922439004	0.0002802084021499872	37.2981871815787	027
DATA	2026-09-07T040000_AIU-1657.ghg	2026-09-07	04:30:00	250.187	0	18000	18000	0.017049626221852972	0	NaN	19.68919007693312	0	NaN	16.092621630478323	1	NaN	16.835269979503238	1	NaN	0.36396767639294947	1	NaN	0.012176910713788337	0	NaN	NaN	NaN	NaN	NaN	NaN	NaN	NaN	NaN	NaN	1.0729810385217623e-9	4.713279951601391e-11	5.16528200532922e-12	NaN	17.63748643802135	443.5849669565707	452.40013786654976	0	0	774.7612328685285	19.485340900977775	19.872564596721595	0.1	1	0.08490605895800468	2.0523860870320427	2.0931722621239994	0.4	0	NaN	NaN	NaN	NaN	9	300.89017067294645	292.7718728446319	97571.58650742358	1.1524971848673613	1016.281203383794	0.02494686658236386	0.023585105430263126	0.01407494796560889	1901.7256063118691	2277.1907890601215	0.012212566026552811	83.51191368979582	375.46518274825235	289.8671247366585	-0.36568075299905095	-1.5176868501516176	0.5796439716167786	1.6652576143254703	-3.303663178241857e-15	6.083525803363475e-14	1.6652576143254703	3.174321130729655	264.5469784080542	256.4530215919458	20.369964639179493	NaN	0.12162910039648935	0.20094747669214869	-7.846363112828979	-0.25529024991526156	1.2234917671613643	0.1382090846344768	1	22.5399869750431	10	18	30	46	76	181	0.016848800791223452	1.011919271473263	20.302496740411062	1.0228844844072325	14.590198241172768	1.1029748441022407	15.263512191165336	1.1029748441022407	0.32998728696228663	1.1029748441022407	0.0037580106807662624	1.305280860983458	NaN	NaN	800000009	800000009	800000009	800000019	800000019	800000019	899999999	899999999	89999	89999	89	89	8	0	0	11	2	0	9	NaN	0	0	0	0	0	0	0	0	0	NaN	NaN	NaN	NaN	0	2	0	0	0	0	301	0	18000	18000	0	16	18000	18000	18000	18000	93	NaN	0.2853011549549801	0.06419767492441973	0.05239612350489751	0.11980927609950814	15.693466415814997	0.05871016712544294	1.7947906499681549e-7	NaN	0.01733387590307276	0.3883458839287063	0.008395787485581386	0.0000037580106807662625	NaN	17.638915767510714	774.8129039870171	94.89362947633532	95.10248509131537	94.68477478324043	0.41771106308366757	0.000279448420753599	35.73828614383274	133
DATA	2026-09-07T043000_AIU-1657.ghg	2026-09-07	05:00:00	250.208	0	18000	18000	0.04160029716139814	1	NaN	30.92358177285111	1	NaN	16.272553906916567	0	NaN	-0.9750903915209171	2	NaN	0.367791749736935	0	NaN	0.027248182641129933	2	NaN	NaN	NaN	NaN	NaN	NaN	NaN	NaN	NaN	NaN	2.2938640109803929e-10	9.831765691964729e-12	1.1116053410630588e-12	NaN	17.62357298904481	442.1822638150155	450.72459546753674	0.1	1	755.3666627755821	18.952441775803802	19.31857596191341	0.1	1	0.08540374568614442	2.0575019575532663	2.0972499654120447	0	1	NaN	NaN	NaN	NaN	9	300.2855268334282	292.08092139229143	97589.171855578	1.1556663108023704	1015.965068511583	0.024883506379675367	0.02383290538295339	0.013724874679661022	1850.04922058104	2181.2977730174557	0.011876157115051614	84.81415254102654	331.2485524364158	289.4340955305237	-0.5788792219307983	-1.8395989959836192	0.7513078870259038	2.0697075060776626	5.1722083778627653e-14	1.3015885101201145e-14	2.0697075060776626	3.335428928791649	268.46758208981726	252.53241791018274	21.284671698731742	NaN	0.18972824516401582	0.14609696783146703	-18.96264290671333	-0.10563400944975047	1.900352086694099	0.1388182521405822	1	18.557343158863585	8	15	26	42	72	186	0.04110407760327922	1.012072270856148	31.299940216836138	1.0246027258796946	14.664891908464854	1.1096265835770491	-0.8787554353443532	1.1096265835770491	0.33145542399615435	1.1096265835770491	0.012783780854668027	1.3063085967549637	NaN	NaN	800000009	800000009	800000009	800000019	800000019	800001019	899999999	899999999	89999	89999	89	89	11	6	1	19	16	0	9	NaN	0	0	0	0	0	0	0	0	0	NaN	NaN	NaN	NaN	0	0	0	0	0	0	301	0	18000	15001	0	21	18000	18000	18000	18000	93	NaN	0.11876601666563966	0.12568567640573788	0.04774224259155649	0.21828062767171866	12.205796402471346	0.06443632643337448	1.447449635450863e-7	NaN	0.026658289429433116	-0.02228906194323413	0.008407151955738613	0.000012783780854668027	NaN	17.624964447748443	755.4216981391132	94.8864193951963	95.06298836386327	94.70984136886015	0.3531506486747852	0.00027878207418931803	43.26736310508494	192
DATA	2026-09-07T050000_AIU-1657.ghg	2026-09-07	05:30:00	250.229	0	18000	18000	0.01969064575066146	0	NaN	-3.6344594817520166	2	NaN	43.197392651956285	0	NaN	20.031689506716862	1	NaN	0.976522639389595	0	NaN	0.010936189052542884	2	NaN	NaN	NaN	NaN	NaN	NaN	NaN	NaN	NaN	NaN	2.122681014008452e-10	8.972733968038138e-12	1.0412460456622897e-12	NaN	17.42907502440177	437.2745839159349	445.5093470497714	0.1	0	736.7402472197933	18.483928986829053	18.83201868284133	0.1	1	0.08549544339890841	2.0610287005802603	2.0998420315754602	0	1	NaN	NaN	NaN	NaN	9	300.40677185651987	292.2682039276059	97600.51082048244	1.1552660689650525	1015.7026916721754	0.024896568952630656	0.06327866703244575	0.013378566608248094	1804.5248259610935	2206.933655406393	0.011580506835307048	81.76615647418734	402.4088294452995	289.04372745364833	-0.4499666675886322	-1.8187240010533192	0.6189597445605729	1.9731543678421781	3.4176458987947402e-15	1.2178965384201797e-14	1.9731543678421781	3.1014080019684984	264.89637776911957	256.10362223088043	18.28177747597896	NaN	0.13055363563897665	0.09067489868343032	52.567958333883	0.038104960958867784	-0.08413608457887846	-0.023724782502875765	1	25.552666234718572	11	23	46	83	172	664	0.019459334215370563	1.011886919291832	-1.1176151172084827	1.0258912504574227	38.36077391504912	1.126082407712054	17.78883087909769	1.126082407712054	0.8671857696220201	1.126082407712054	0.006782369567433021	1.3999381284646693	NaN	NaN	800000009	800000009	800000009	800000019	800000019	800000019	899999999	899999999	89999	89999	89	89	11	7	0	15	0	0	5	NaN	0	0	0	0	0	0	0	0	0	NaN	NaN	NaN	NaN	0	0	0	0	0	0	301	0	18000	12005	0	16	18000	18000	18000	18000	93	NaN	0.08884285458680308	0.05525133949869246	0.037255603281365096	0.112387942280478	33.71706164571525	0.1215306796681117	6.580342142538956e-8	NaN	-0.0009524532020936071	0.45122347444635585	0.021996643771517645	0.000006782369567433021	NaN	17.430418208874784	736.7942385382896	94.97644061745535	95.16333944574993	94.78954157299465	0.3737979776644098	0.00027885873444675894	44.19612898339166	155
DATA	2026-09-07T053000_AIU-1657.ghg	2026-09-07	06:00:00	250.249	1	18000	18000	0.5638527142647616	1	NaN	118.35281254550402	1	NaN	218.62651832507487	1	NaN	25.934763423350674	1	NaN	4.944480972124067	1	NaN	0.04548346695030613	2	NaN	NaN	NaN	NaN	NaN	NaN	NaN	NaN	NaN	NaN	1.6126304341800291e-9	7.060902831838576e-11	7.852624298687927e-12	NaN	17.52527582274191	440.3750687269277	449.03324865551735	0.1	1	767.3442536043324	19.281823683466104	19.660922117184004	0.1	1	0.08533846555912622	2.0621651600823556	2.1027092286875053	0	1	NaN	NaN	NaN	NaN	9	300.83408662499323	292.72861843212604	97644.37246676508	1.1536167718183712	1016.1648477104203	0.024924587788948745	0.3204023669936395	0.013940389773804837	1883.2666044483017	2271.081302270497	0.012084073423994613	82.92378624074442	387.8146978221953	289.7136444157515	-0.6816548325606616	-0.48768638479011633	0.6140289263711821	1.0390008869500573	-3.459976940032196e-13	9.201740677241595e-14	1.0390008869500573	3.34180932367049	305.41837278850835	215.58162721149162	36.22659530952291	NaN	0.6991205322739359	1.0651891100694877	-248.01419088233752	-0.008076553978116144	0.5413470124860412	0.1444111735812415	0	26.439552352086633	-4.012304073874949	9.075842739781281	22.60013168623169	34.46662680412893	48.33993416233822	72.42203006449449	0.5565502041806553	1.0131210266913062	129.34763343654967	1.0214879898807958	199.68079645938465	1.0948800395512437	23.687310469172957	1.0948800395512437	4.51600247836343	1.0948800395512437	-0.005987133494052182	1.3063354797656062	NaN	NaN	800000009	800000009	800000009	800000019	800000019	800000019	899999999	899999999	89999	89999	89	89	16	5	0	17	9	0	5	NaN	0	0	0	0	0	0	0	0	0	NaN	NaN	NaN	NaN	0	3	0	0	0	0	301	0	18000	9002	0	16	18000	18000	18000	18000	93	NaN	0.207306425260488	1.7300415170246242	0.19303027785386342	0.1496820680591077	10.856290525842656	0.19224605894897362	1.0392276702073624e-7	NaN	0.11033994383787242	0.6020073627674406	0.11477312908905005	-0.000005987133494052183	NaN	17.52654822571184	767.389338022576	94.91546807903713	95.12193759875828	94.70899615436129	0.4129391157378754	0.00027904758978466917	46.98471236896489	057
DATA	2026-09-07T060000_AIU-1657.ghg	2026-09-07	06:30:00	250.27	1	18000	18000	0.07823889234626609	1	NaN	35.07649057651378	0	NaN	135.7053014593262	1	NaN	10.403913819040167	1	NaN	3.0703945319036237	1	NaN	0.018446719322506695	1	NaN	NaN	NaN	NaN	NaN	NaN	NaN	NaN	NaN	NaN	2.55516959587219e-10	1.122798559729156e-11	1.2466532317493568e-12	NaN	17.49994706334079	440.3724059816921	449.06218431541595	0.1	0	768.9867392676331	19.350946566500998	19.73279482476271	0.1	1	0.08538128192038694	2.0671726486071482	2.107963742349474	0	1	NaN	NaN	NaN	NaN	9	301.2878621181912	293.1564430199313	97697.49451838153	1.1525295616194158	1016.2126203003976	0.024947442913278974	0.1989615656673548	0.013977547290723938	1891.0461131789307	2332.1451860028865	0.012127712603817406	81.08612296218296	441.0990728239558	289.77848867448745	-1.0594341656053012	-0.22892343424797668	0.7408277525584276	1.312871832647976	-4.5075651718729103e-14	1.4601013286633342e-14	1.312871832647976	3.9931410611805407	328.8069410416026	192.19305895839742	34.35233113808884	NaN	0.2605465398166677	0.5141874894678599	-43.33276199575608	-0.0462259940918647	0.2584754626334695	0.1149460807276672	0	16.232356910356632	-2.4633227859803783	5.572042849007311	13.87517454405844	21.16051665059795	29.67792547683919	44.46294039039111	0.07729028271794111	1.012273336245732	42.4586185952032	1.021825239259313	123.5991180192493	1.0979471668899083	9.475787299047123	1.0979471668899083	2.796486592884932	1.0979471668899083	-0.0016774029163651183	1.3053281025651873	NaN	NaN	800000009	800000009	800000009	800000019	800000019	800000019	899999999	899999999	89999	89999	89	89	21	0	1	19	11	0	7	NaN	0	0	0	0	0	0	0	0	0	NaN	NaN	NaN	NaN	0	0	0	0	0	0	301	0	18000	0	0	21	18000	18000	18000	18000	93	NaN	0.12595149873266517	0.8116470232151235	0.09077645698793092	0.10097164624618517	11.437125263702658	0.3580870127083773	6.47250237312674e-8	NaN	0.036251768876999574	0.24106270551591472	0.07114222837057707	-0.0000016774029163651182	NaN	17.501219013067224	769.032325902733	94.96724860339697	95.2046460524665	94.72985324859617	0.4747931450605354	0.000279715548507132	46.223084984034	013
DATA	2026-09-07T063000_AIU-1657.ghg	2026-09-07	07:00:00	250.291	1	18000	18000	0.09653295366272215	1	NaN	41.95861699128002	0	NaN	65.7778854693752	1	NaN	-0.8359870380879381	2	NaN	1.4886548806189466	1	NaN	0.035170223018178376	1	NaN	NaN	NaN	NaN	NaN	NaN	NaN	NaN	NaN	NaN	7.365233376060655e-11	3.089781685281577e-12	3.667120308036828e-13	NaN	17.181863986756266	432.5730186210068	440.56792879552324	-0.1	0	720.794657204375	18.146827428800623	18.48222110570682	0.1	1	0.08554781517250545	2.0727122031936878	2.1110205284216104	0.2	0	NaN	NaN	NaN	NaN	9	301.5423036549886	293.4346091858148	97725.71756216807	1.1522979129056994	1015.5355132923827	0.024963903071050942	0.09646483626410773	0.013099146993927627	1773.8874308803652	2372.614580522737	0.011367847539440628	74.76509018542491	598.7271496423718	288.7761162606473	-1.3452512684895777	-0.9602854435509667	0.9576776605856264	1.910234438505817	8.449858596023034e-14	4.286632336129396e-15	1.910234438505817	3.722576253526724	305.4794818536494	215.52051814635058	30.088718563938063	NaN	0.2894379074544708	0.34253846514441916	-49.66162085561512	-0.04033497025446994	0.6378833355902731	0.12388133150003486	0	17.36807987262108	-2.635673127151239	5.961899790010216	14.845973450350359	22.641046236423527	31.75438927211923	47.573861536964955	0.09539206293625449	1.0119600173363485	45.025980677365155	1.0238774457069038	59.424145723883804	1.1069218525246327	-0.7552358246259616	1.1069218525246327	1.3448599620864554	1.1069218525246327	0.013472346805614798	1.3057927013577448	NaN	NaN	800000009	800000009	800000009	800000019	800001019	800011019	899999999	899999999	89999	89999	89	89	22	2	0	29	4	2	12	NaN	0	0	0	0	0	0	0	0	0	NaN	NaN	NaN	NaN	0	0	0	0	0	0	301	0	18000	6002	0	16	18000	18000	18000	18000	93	NaN	0.16613290310671683	0.4243447394158871	0.09459928776623441	0.09555330821371237	1.5981865238206854	0.23577507580831292	1.0180146495097926e-7	NaN	0.03847718487917289	-0.019202186150448816	0.03419362601219213	0.000013472346805614799	NaN	17.183104514863743	720.8360221062072	95.12541236368816	95.38424275843302	94.86657917764452	0.5176726357291147	0.0002798515044317659	48.905014744630904	245
DATA	2026-09-07T070000_AIU-1657.ghg	2026-09-07	07:30:00	250.312	1	18000	18000	0.0380366374724507	0	NaN	36.006667032708485	0	NaN	71.97197718645128	0	NaN	0.3250345705729386	1	NaN	1.6286090223388308	0	NaN	0.005778607196388902	0	NaN	NaN	NaN	NaN	NaN	NaN	NaN	NaN	NaN	NaN	1.87383897679963e-10	7.715877819713826e-12	9.343995416607284e-13	NaN	17.221033894447945	433.18870946808477	441.055976915574	0.1	1	709.1078534701613	17.837344598541026	18.161293855395073	0.1	1	0.08587358026557197	2.078931351522912	2.1166874347031133	0.1	0	NaN	NaN	NaN	NaN	9	301.40356822374133	293.28995823777615	97759.12602085344	1.1533962380879563	1015.3575163943666	0.024943069890669054	0.10553386464755622	0.0128865034088394	1744.2309645102691	2351.4938139033493	0.01117265947581207	74.17544346480514	607.2628493930802	288.5131781859341	-1.6235534461182048	-0.03952673817458033	0.9660582901505284	1.8896446161650549	-1.0714041307267765e-14	1.0881106141970693e-14	1.8896446161650549	3.4337284437392577	339.6053628272723	181.39463717272784	30.7463330346178	NaN	0.18159830616011827	0.2868272368011457	-14.295828023508108	-0.14011780197034376	0.5002873123719982	0.1693064917145538	1	17.000791488241568	7	14	24	37	63	160	0.03758746511247402	1.0119500572500064	39.53461226858547	1.0237878521015278	65.04000911961906	1.1065800598841125	0.2937289242379608	1.1065800598841125	1.471749836617685	1.1065800598841125	-0.00856272572344145	1.3057385914219268	NaN	NaN	800000009	800000009	800000009	800000019	800000019	800010019	899999999	899999999	89999	89999	89	89	17	0	0	18	3	1	7	NaN	0	0	0	0	0	0	0	0	0	NaN	NaN	NaN	NaN	0	82	0	0	0	0	301	0	18000	14997	0	16	18000	18000	18000	18000	93	NaN	0.14368352846249519	0.35312393000545506	0.07684701513434115	0.09892269343324102	0.43197359815852837	0.18053446527987044	2.3389416190826106e-8	NaN	0.033758253116029174	0.007459596165317324	0.037376841473894	-0.000008562725723441449	NaN	17.22230280035767	709.1519812793684	95.15700894037883	95.41028786892362	94.90373124101427	0.5065615839618783	0.0002799319737500304	44.51436612479364	161
DATA	2026-09-07T073000_AIU-1657.ghg	2026-09-07	08:00:00	250.333	1	18000	18000	0.09122293352748663	1	NaN	54.68025797947912	0	NaN	128.06481887047613	0	NaN	-0.0934899577945273	2	NaN	2.897840945464876	0	NaN	0.041747919457507165	1	NaN	NaN	NaN	NaN	NaN	NaN	NaN	NaN	NaN	NaN	1.5270138826201944e-10	6.234748013752482e-12	7.658408705194655e-13	NaN	17.218102348529317	432.92733137610105	440.71757965028553	0.1	1	703.0095183802649	17.676282122365382	17.994355425476215	0.1	1	0.0863536778635215	2.0901853374573176	2.1277968753246435	0	1	NaN	NaN	NaN	NaN	9	301.28453914811877	293.26923421408225	97782.44789271234	1.1538236660253698	1015.2660868013667	0.02493535870498084	0.18778009326612397	0.012774093730562095	1728.8937686540044	2348.4813724010487	0.011071097002686391	73.61752104877935	619.5876037470443	288.3756523409461	-1.436236663626863	-0.7815096433300153	0.9756017795839171	1.9040304380159323	2.617808524376077e-14	8.868653767472952e-15	1.9040304380159323	3.776875976193371	312.44774846719406	208.55225153280597	30.823004618382026	NaN	0.28117862043001524	0.34016882310231167	-34.948993801047635	-0.057314954799641604	0.42697329728613725	0.16600796927825343	0	15.755139092333163	-2.3909031409771915	5.4082294148263514	13.467255930810987	20.53841502727763	28.80541910467557	43.1557668534125	0.09014506920082499	1.011956997051723	61.111587611306106	1.0238503579713862	115.70546643620078	1.1068173597579352	-0.08446737573304225	1.1068173597579352	2.618174462043714	1.1068173597579352	0.011892326685860797	1.3057753988824388	NaN	NaN	800000009	800000009	800000009	800000019	800000019	800000019	899999999	899999999	89999	89999	89	89	5	2	0	24	2	0	8	NaN	0	0	0	0	0	0	0	0	0	NaN	NaN	NaN	NaN	0	33	0	0	0	0	301	0	18000	3004	0	21	18000	18000	18000	18000	93	NaN	0.2698975882590155	0.29652908694401353	0.11391097100159436	0.10500645507908868	0.34387818376663826	0.18860618428198794	1.0484959270752393e-7	NaN	0.052168006855787034	-0.0021441348109615477	0.06646020379490086	0.000011892326685860796	NaN	17.219405846156256	703.0542741503491	95.16992493269179	95.42134462738036	94.91850765016343	0.5028459260347815	0.00027957240269946244	47.973419128219966	074
DATA	2026-09-07T080000_AIU-1657.ghg	2026-09-07	08:30:00	250.354	1	18000	18000	0.13889394762118462	1	NaN	54.40543140633216	1	NaN	48.763055760709626	1	NaN	1.3368996039292462	1	NaN	1.103506329226365	1	NaN	0.021390795544821234	2	NaN	NaN	NaN	NaN	NaN	NaN	NaN	NaN	NaN	NaN	-5.057270070780708e-10	-2.0829579811256765e-11	-2.528517369942662e-12	NaN	17.23203795687017	433.5220749089358	441.40362194211116	0.1	1	709.7428156092581	17.855646490841465	18.180266909893668	0.1	1	0.0861561804761026	2.086394112351455	2.1243253141932352	0	1	NaN	NaN	NaN	NaN	9	301.085116742452	293.36265625096564	97819.18444311712	1.153810791090205	1015.3695171669614	0.024933934360174947	0.07150721013386845	0.012904451845828686	1747.0932910457232	2362.087937874421	0.011184201036667039	73.96393940430028	614.994646828698	288.5387264475402	-1.463785547151842	0.18773333979309062	0.879492567529339	1.717969473320106	3.496916136635984e-13	-2.934806714933242e-14	1.717969473320106	3.9740276049356327	348.3083984037743	172.69160159622572	30.79295534965139	NaN	0.3469559682871728	0.6262544906104652	-66.01311663118854	-0.03034396953549707	1.115710050520846	0.1338471654294228	0	19.609711412233597	-2.9758493615572674	6.731379358466351	16.76208637513121	25.56323934617533	35.85280665824181	53.714037610805505	0.13725887369322937	1.0119123367689116	56.30787136286664	1.0230837098680157	44.177329169792394	1.10380271232089	1.211176226518088	1.10380271232089	0.9997314890684568	1.10380271232089	0.00022035174921115777	1.3053600065617323	NaN	NaN	800000009	800000009	800000009	800000019	800000019	800000019	899999999	899999999	89999	89999	89	89	14	14	0	5	6	0	3	NaN	0	0	0	0	0	0	0	0	0	NaN	NaN	NaN	NaN	0	2	0	0	0	0	301	0	18000	0	0	21	18000	18000	18000	18000	93	NaN	0.32868859712343756	0.8234680945086902	0.1003522895888027	0.13589881466363998	0.5666113818431622	0.25828443512390387	8.887317816662611e-8	NaN	0.048062946558347266	0.030748571425064167	0.025380546962913916	2.2035174921115777e-7	NaN	17.23337478299652	709.781447408834	95.1542038675944	95.41713765250311	94.89127124320137	0.5258708228129481	0.0002799132831811828	49.42889124932975	016
DATA	2026-09-07T083000_AIU-1657.ghg	2026-09-07	09:00:00	250.374	1	18000	18000	0.12116907189501364	1	NaN	65.33415667984241	0	NaN	138.4294543287013	0	NaN	-1.057715903786389	1	NaN	3.1338703357946645	0	NaN	0.016668191001253697	0	NaN	NaN	NaN	NaN	NaN	NaN	NaN	NaN	NaN	NaN	3.316798835858728e-10	1.366902913174011e-11	1.6664128488166099e-12	NaN	17.128104830916314	432.22183452310094	440.06041723421214	0.1	1	705.8750786273661	17.812514836887324	18.13555467358575	0.1	1	0.08605434148594382	2.087621941932715	2.1254821237984123	0.1	0	NaN	NaN	NaN	NaN	9	300.86087381066216	293.7642667117217	97851.87792168696	1.1526374252414662	1015.3536800731539	0.024959726530705176	0.20307479775949425	0.012859977550855469	1743.4555653846137	2421.3697107298863	0.011157001559411826	72.00286505851577	677.9141453452726	288.5062508680658	-1.4905919789253836	0.5946565376389746	0.9005921474792189	1.8402573356719572	-1.8834208561402525e-14	1.9364657494808708e-14	1.8402573356719572	4.068037101598253	2.749026359885079	158.25097364011492	29.30008928011517	NaN	0.32422726463107704	0.43217574339279685	-44.87058104631681	-0.04464172188749546	0.4719671618780364	0.17217920309879692	0	17.75009096499824	-2.6936447842276996	6.093031836162032	15.172510786472984	23.139036277278436	32.45282738517364	48.620249102408195	0.11974051111808394	1.0119304716807238	72.19659626529425	1.0235772970015424	125.18855168354422	1.1057676797685771	-0.956544419898179	1.1057676797685771	2.834112800665817	1.1057676797685771	-0.011159261935801678	1.3056109407045944	NaN	NaN	800000009	800000009	800000009	800000019	800000019	800000019	899999999	899999999	89999	89999	89	89	13	3	0	12	0	0	2	NaN	0	0	0	0	0	0	0	0	0	NaN	NaN	NaN	NaN	0	0	0	0	0	0	301	0	18000	14997	0	16	18000	18000	18000	18000	93	NaN	0.24775453460797492	0.5041742101922637	0.1124227419853551	0.15413420563002106	0.5305236294997553	0.2944340838407874	3.015407464974514e-8	NaN	0.06168884786262441	-0.024308193334558848	0.07202191603173647	-0.000011159261935801678	NaN	17.129421819295544	705.9154018044131	95.15272086588541	95.46338332663642	94.8420576438904	0.6213238512741193	0.0002804025189268739	30.29122296563262	051
DATA	2026-09-07T090000_AIU-1657.ghg	2026-09-07	09:30:00	250.395	1	18000	18000	0.18590456556534357	1	NaN	71.4365677689301	0	NaN	93.37986586379957	0	NaN	1.476897259344702	1	NaN	2.1143403646250327	0	NaN	0.009095027880619245	1	NaN	NaN	NaN	NaN	NaN	NaN	NaN	NaN	NaN	NaN	2.919313130919404e-10	1.2122231714805835e-11	1.4778183693164203e-12	NaN	17.069965500623113	431.1441691272681	439.0036258100901	0.1	0	708.8176837581173	17.90294252882073	18.229300650711004	0.1	1	0.08641179431297821	2.0979323334859967	2.1361761727379607	0	0	NaN	NaN	NaN	NaN	9	301.0279423497518	293.9289108304821	97849.06229251428	1.151918971676525	1015.4082857980067	0.02497443416820132	0.1370092556277021	0.012917651215805489	1752.2560368094141	2446.0464495520605	0.011214027664641107	71.6362535605283	693.7904127426464	288.58471473167225	-1.355468419900248	0.8812651047233255	0.7903281728888286	1.7995947996734265	2.937861395104604e-14	1.710204470426633e-14	1.7995947996734265	5.127073634301218	14.030126110177207	146.96987388982282	26.05094028076131	NaN	0.4017298127129846	0.485823905157691	-78.06106545841864	-0.02566067972857744	0.7650103917810811	0.15202810567814284	0	18.935636442617472	-2.8735558843201434	6.499991234431945	16.18589722953417	24.684514543789255	34.620382628598506	51.86764183733812	0.18371478636548588	1.0119194499429203	75.60959031350733	1.0234085942958369	84.49877265055021	1.1051032214394123	1.3364337653644904	1.1051032214394123	1.9132514715422464	1.1051032214394123	-0.016383029327918415	1.3055175000505912	NaN	NaN	800000009	800000009	800000009	800000019	800000019	810000019	899999999	899999999	89999	89999	89	89	25	5	2	23	3	2	1	NaN	0	0	0	0	0	0	0	0	0	NaN	NaN	NaN	NaN	0	2	0	0	0	0	301	151	18000	3004	0	16	18000	18000	18000	18000	93	NaN	0.3007315434482285	0.5240828435225942	0.14683342334455937	0.14886963938977155	0.3403776420423458	0.27593244778139914	2.997310364225738e-8	NaN	0.06464192052058006	0.03398527675649309	0.04865365007251004	-0.000016383029327918416	NaN	17.07125268320791	708.8580542292636	95.13343493694728	95.45661882421706	94.81025051752727	0.6463665356900972	0.0002810966584365815	50.95487207039485	242
DATA	2026-09-07T093000_AIU-1657.ghg	2026-09-07	10:00:00	250.416	1	18000	18000	0.13958866328512734	1	NaN	67.85472282802797	0	NaN	97.7244654718634	0	NaN	-1.9902522259364581	1	NaN	2.213879590038043	0	NaN	0.006219998779978165	0	NaN	NaN	NaN	NaN	NaN	NaN	NaN	NaN	NaN	NaN	-6.925051571078608e-11	-2.907372539256551e-12	-3.5009523911847714e-13	NaN	16.935595711105222	428.6138300790927	436.4679257507172	0.1	1	711.0139960842096	17.99466858444544	18.324410274337552	0.1	1	0.08561772239870497	2.083818770968426	2.122003521065017	0	0	NaN	NaN	NaN	NaN	9	301.26560499403206	294.4741452891032	97869.72464496527	1.1499887681428234	1015.4719142986015	0.025015479023926628	0.14345939743446517	0.012962531444528731	1761.6056647907983	2529.3431698572717	0.011271876564031662	69.64676386281755	767.7375050664734	288.66769647862503	-1.7921377228976354	0.6538684502881851	1.0245316388959107	2.1654021906366228	4.822772716317892e-14	-4.089051066882534e-15	2.1654021906366228	4.3997141467591065	1.044695352171459	159.95530464782854	28.23811170936423	NaN	0.34840010312671577	0.4661588501144133	-53.61485450495147	-0.037360914591589696	0.6943473417878612	0.16677858737390353	0	18.89915069645676	-2.868019031577346	6.487466858452029	16.154709762480195	24.636951688721012	34.55367504808482	51.76770172601592	0.13791090210267337	1.0121655442526574	72.21188256488134	1.0250621410284766	87.93786410237603	1.1112899598982064	-1.7909387268456598	1.1112899598982064	1.9921709634097953	1.1112899598982064	-0.017769978755181333	1.3066742789933976	NaN	NaN	800000009	800000009	800000009	800000009	800000019	800000019	899999999	899999999	89999	89999	89	89	32	2	1	8	1	2	0	NaN	0	0	0	0	0	0	0	0	0	NaN	NaN	NaN	NaN	0	0	0	0	0	0	0	0	18000	14997	0	0	18000	18000	18000	18000	93	NaN	0.23280563156029283	0.5885416061209648	0.11097046254756902	0.20475461951296656	0.6695086711664867	0.311638578092037	3.84778833952848e-8	NaN	0.061836820665058176	-0.04562236979267674	0.0507485594121877	-0.000017769978755181332	NaN	16.93681412658742	711.0518991269103	95.10091150071887	95.44927593824599	94.75254554070366	0.69672783881757	0.0002814870501768181	41.6882072588205	171
DATA	2026-09-07T100000_AIU-1657.ghg	2026-09-07	10:30:00	250.437	1	18000	18000	0.20778866487805603	1	NaN	126.19833722370315	1	NaN	128.9240565081039	1	NaN	-10.314363846564735	2	NaN	2.9217980155089327	1	NaN	0.015195311068852453	1	NaN	NaN	NaN	NaN	NaN	NaN	NaN	NaN	NaN	NaN	-7.437574624084529e-10	-3.152569048172535e-11	-3.793542142306651e-12	NaN	16.872806168007205	427.83054499743696	435.73232322738204	0.1	1	715.1886087814748	18.13447800112288	18.469411130971167	0.1	1	0.08605991131845009	2.0984026145381205	2.13715887514433	-0.1	0	NaN	NaN	NaN	NaN	9	301.50882434082024	294.8680300003675	97884.98342740825	1.1485705277315843	1015.5595502907674	0.025045034647639478	0.18933251140497884	0.013047827794084981	1775.5692285320436	2591.0507189898126	0.011360057984296634	68.5269962304827	815.481490457769	288.79091131050114	-1.3678948869610057	0.7903390118496461	0.7673775977144406	1.7563144800688626	1.355387460791712e-13	-4.4080246937151634e-14	1.7563144800688626	4.170924089728824	11.018359383045322	149.98164061695468	25.90784415105554	NaN	0.4253359507651927	0.46138220617464454	-52.4608996969651	-0.0381827229721697	0.9788579466220146	0.2543656586406346	0	20.7227696855655	-3.144760248741685	7.113456245186999	17.713511846212054	27.014223220913703	37.88783217362137	56.76287666304518	0.20534240652389574	1.0119130694705072	131.53969477513218	1.0232339607335779	116.73604548102479	1.1044065779070804	-9.339281432125386	1.1044065779070804	2.6455818662778365	1.1044065779070804	-0.02763673084187672	1.3054285126210443	NaN	NaN	800000009	800000009	800000009	800000019	800000019	800000019	899999999	899999999	89999	89999	89	89	34	7	1	30	8	2	3	NaN	0	0	0	0	0	0	0	0	0	NaN	NaN	NaN	NaN	0	2	0	0	0	0	301	0	4	3004	0	16	18000	18000	18000	18000	93	NaN	0.26603838448357814	0.5253545001626433	0.13137152770306756	0.22916068048186258	2.8028852597910636	0.34251107419679266	4.129066132036443e-8	NaN	0.11277004846175825	-0.23822385104959248	0.06748278280636921	-0.00002763673084187672	NaN	16.874079165799625	715.2273038131565	95.05863958655462	95.4279759373135	94.68930359289382	0.7386704809632557	0.00028201514386940585	47.748720320111396	218
DATA	2026-09-07T103000_AIU-1657.ghg	2026-09-07	11:00:00	250.458	1	18000	18000	0.12193546687315503	1	NaN	28.901798860689652	0	NaN	65.06022170500991	0	NaN	0.9003512635499789	2	NaN	1.4757113120917509	0	NaN	0.009406091421895345	2	NaN	NaN	NaN	NaN	NaN	NaN	NaN	NaN	NaN	NaN	-5.718300838744997e-11	-2.420677154792745e-12	-2.9339644965562626e-13	NaN	16.634794005468805	423.2289894148173	430.949964090983	0	0	704.1858579892273	17.91617431144664	18.243019427476412	0.1	1	0.08535034513903593	2.0891174128635077	2.1272292224126557	-0.1	0	NaN	NaN	NaN	NaN	9	301.7854350789388	295.74703219785704	97916.9708756056	1.1456262473626917	1015.4561156777645	0.025111487862678184	0.09562609302354545	0.012856644273307178	1754.7680899947004	2733.5239518120716	0.011222372307638754	64.19435574476867	978.7558618173712	288.60704836230525	-1.0611677495871061	0.31121572373913603	0.6331910127481475	1.2743088629101595	-4.992511170422822e-15	-3.4375543435434583e-15	1.2743088629101595	3.5782811115181907	357.3451811460908	163.65481885390918	29.794439991964097	NaN	0.32624476014410964	0.5395149433212225	-103.39321207421025	-0.01937361224992487	0.4442314843581926	0.07615128119387633	0	18.71687215792807	-2.8403575601205144	6.424896534700197	15.998900809307916	24.39933320417906	34.220411744896225	51.26841256931448	0.12044744830567672	1.0123540895918521	32.25832429375143	1.0217458050069632	59.28252519621421	1.0974603644104666	0.8203952440994343	1.0974603644104666	1.3446602355288457	1.0974603644104666	-0.0035356403448972163	1.3054065058142077	NaN	NaN	800000009	800000009	800000009	800000019	800000019	800011119	899999999	899999999	89999	89999	89	89	9	1	1	39	0	3	7	NaN	0	0	0	0	0	0	0	0	0	NaN	NaN	NaN	NaN	0	0	0	0	0	0	301	0	0	0	0	16	18000	18000	18000	18000	93	NaN	0.33117272337961734	0.6481651258618402	0.09969203740098753	0.08420728522654568	0.6342071364927756	0.2685948888287844	3.5587626769004835e-8	NaN	0.027729222265365016	0.020977278608034278	0.03438258887616708	-0.000003535640344897216	NaN	16.6360649356008	704.2276633573283	95.00763303926257	95.41556009674073	94.59970851389566	0.8158484524223505	0.0002826052186315388	50.0216675842073	001
DATA	2026-09-07T110000_AIU-1657.ghg	2026-09-07	11:30:00	250.479	1	18000	18000	0.08116999619831991	0	NaN	49.75457856014211	0	NaN	97.97692522885774	0	NaN	-2.6008557003731583	2	NaN	2.2238645514498208	0	NaN	-0.011250336040405953	1	NaN	NaN	NaN	NaN	NaN	NaN	NaN	NaN	NaN	NaN	3.068679991256326e-10	1.306026254125328e-11	1.5847861242374929e-12	NaN	16.4582474108601	419.8985528681958	427.5390294806891	0.1	1	700.4608912209652	17.870828358696993	18.19600605980559	0.4	0	0.08499681361470462	2.087053894500324	2.125029939811793	0	0	NaN	NaN	NaN	NaN	9	302.55385886722144	296.4566957428601	97935.41229884987	1.1431188076931704	1015.4470439030821	0.0251670045650595	0.14410642293394837	0.01279581492143356	1750.6564125512923	2853.49614290928	0.011193775166078924	61.351280144588245	1102.8397303579877	288.5704784698413	-0.4622034880567158	1.1912223473943344	0.34815856221404906	1.3243327111214929	3.5753403530572975e-14	1.8645241590130876e-14	1.3243327111214929	3.852937526417466	49.79336154678458	111.20663845321545	15.241826229095542	NaN	0.2664723044350532	0.6386321623464839	-32.73191844535337	-0.06119714624562008	0.5078193507698238	0.16085417010956857	0	13.375641361257722	-2.0298051801254937	4.591424844184568	11.433297059145358	17.436499412894083	24.45493835039222	36.63795392210765	0.08018759112624733	1.0122513353783864	54.72118502517535	1.0218505167122387	89.22457121009214	1.0980935397061973	-2.3685192620922217	1.0980935397061973	2.0252050221922184	1.0980935397061973	-0.026854075473081947	1.305307941574554	NaN	NaN	800000009	800000009	800000009	800000019	800000019	800000019	899999999	899999999	89999	89999	89	89	4	3	0	17	18	4	1	NaN	0	0	0	0	0	0	0	0	0	NaN	NaN	NaN	NaN	0	0	0	0	0	0	301	0	0	14997	0	16	18000	18000	18000	18000	93	NaN	0.6663994255663435	0.45681047217352877	0.1540544269530955	0.1490747065405515	1.4784167087190756	0.2200843574237504	9.257103823851408e-8	NaN	0.04714187412149633	-0.060693468584966936	0.05189601763422549	-0.000026854075473081947	NaN	16.459482342913798	700.5034951479017	94.94984625477261	95.38854295010037	94.51115582678054	0.8773845202740728	0.0002834642012183193	44.06115921548664	102
DATA	2026-09-07T113000_AIU-1657.ghg	2026-09-07	12:00:00	250.499	1	18000	18000	0.15541306065449123	0	NaN	72.90620682588222	1	NaN	-35.305477892044415	2	NaN	-8.001556481548498	1	NaN	-0.8021401354573781	2	NaN	-0.02927954808036338	1	NaN	NaN	NaN	NaN	NaN	NaN	NaN	NaN	NaN	NaN	-3.4644791303664204e-10	-1.4577360606695304e-11	-1.798214495135711e-12	NaN	16.274363868843686	416.6446695675749	424.079203590975	0.1	1	684.7703849080942	17.531003549447206	17.843823685819007	0.1	1	0.08447098656637718	2.0832620893670395	2.1204354507810557	-0.1	0	NaN	NaN	NaN	NaN	9	303.01182668728285	297.4624670426033	97930.47277000926	1.1393436482386996	1015.2798806322917	0.025253660898792062	-0.05197868077763809	0.012509421530598074	1717.2799843777298	3031.3936114879543	0.010979498196120431	56.64985166788703	1314.1136271102246	288.270798752704	-0.24304405699436588	0.5997556186915772	0.3655305579273691	0.7432293082024588	-7.101951808020357e-14	-2.128795422227816e-14	0.7432293082024588	5.587893441453102	48.94031487922689	112.05968512077311	29.45987855281887	NaN	0.36933153321816986	0.6459799836132609	-59.470554115107895	-0.03368221517026579	-2.065011187465348	0.17065051324857755	0	17.293937687688683	-2.624421764545368	5.936449177160597	14.782597825806366	22.544394410232304	31.618833711625744	47.37077460588847	0.1530868191476106	1.015195570198879	69.64936617622544	1.022038078780106	-32.29930249252224	1.0930724556735598	-7.320243447739132	1.0930724556735598	-0.7338398578190253	1.0930724556735598	-0.03957935186035667	1.3092038659633305	NaN	NaN	800000009	800000009	800000009	800000019	810000019	810111019	899999999	899999999	89999	89999	89	89	24	11	2	9	3	1	2	NaN	0	0	0	0	0	0	0	0	0	NaN	NaN	NaN	NaN	0	15	0	0	0	0	301	0	0	3004	0	16	18000	18000	18000	18000	93	NaN	0.5613420409509795	0.5749301126507894	0.15568781362475276	0.7049759101155801	4.7853297224618485	0.31343213310324114	3.110089159380933e-7	NaN	0.06021111270265368	-0.18816250815957328	-0.018862917500010058	-0.00003957935186035667	NaN	16.27555849531092	684.8156927839832	94.89908598539564	95.36296376842922	94.43520875591702	0.9277542778038328	0.00028463835520799164	49.862261804164014	079
DATA	2026-09-07T120000_AIU-1657.ghg	2026-09-07	12:30:00	250.52	1	18000	18000	0.5625067113704758	1	NaN	-14.199016221740429	2	NaN	273.32192462854545	0	NaN	1.1600850943096555	1	NaN	6.216123604182626	0	NaN	0.0219871072277158	1	NaN	NaN	NaN	NaN	NaN	NaN	NaN	NaN	NaN	NaN	1.7344972751752235e-10	6.831737491884691e-12	9.010379207038861e-13	NaN	16.11644296012478	413.6864116068121	420.5386861931172	0.1	1	634.7851287075825	16.294040979522386	16.56393440550785	0.5	0	0.08372181646965465	2.0734129437613724	2.1077568197573666	0	0	NaN	NaN	NaN	NaN	9	304.0829260381063	298.4990069938134	97898.6313240894	1.135552532694337	1014.6119462528043	0.0253499023487972	0.40280480955103415	0.011582633315182916	1595.5921965739917	3224.785100866946	0.010199997782313676	49.47902407962116	1629.1929042929542	287.13298503587	0.6570439337027905	-0.06363194907072162	0.31237681352375163	0.7302979045468049	-8.19813970660061e-14	1.0762283460852421e-14	0.7302979045468049	6.878699845148051	166.5316051220666	354.46839487793335	25.32414964420731	NaN	0.7038177884583362	1.0784943686374793	2112.3096200583473	0.0009482984790575679	-0.051949788664182046	-0.01751018822360336	0	16.36425021224595	-2.483338103389697	5.61731755148477	13.987914954770998	21.332452890427085	29.919068497903982	44.82421657795786	0.5540119640291417	1.0153331478251024	2.244542102741171	1.0220976090748253	250.05464154864032	1.093048794998589	1.0613296493420983	1.093048794998589	5.686958928663976	1.093048794998589	0.006249247444788819	1.3093985429609394	NaN	NaN	800000009	800000009	800000009	800000019	800000019	800001019	899999999	899999999	89999	89999	89	89	25	4	0	3	8	0	3	NaN	0	0	0	0	0	0	0	0	0	NaN	NaN	NaN	NaN	0	5	0	0	0	0	301	0	0	14997	0	16	18000	18000	18000	18000	93	NaN	0.6677473671103206	0.8401037689054	0.6491376012592379	0.13417536195358384	0.12003216745337293	0.19896390453734852	8.077424129287086e-8	NaN	0.001948141753662206	0.027350370569951498	0.1465524252634148	0.000006249247444788819	NaN	16.117616544452545	634.8272093641182	94.92011571036446	95.391867380778	94.44836563449437	0.9435016908612499	0.0002853292524782269	45.72919588078455	122
DATA	2026-09-07T123000_AIU-1657.ghg	2026-09-07	13:00:00	250.541	1	18000	18000	0.5240940084308138	1	NaN	61.694362019689564	0	NaN	225.43440529739092	0	NaN	-1.555806770241479	1	NaN	5.130889304326039	0	NaN	0.000656153949455636	1	NaN	NaN	NaN	NaN	NaN	NaN	NaN	NaN	NaN	NaN	-2.521770899241163e-10	-1.0041418310839185e-11	-1.288478316066677e-12	NaN	16.0595385919951	413.6955935819045	420.6245031699624	0.1	1	639.4734150109107	16.47291000842641	16.74881167591179	0.3	0	0.08205490533675477	2.039418610467367	2.0735764487024344	-1.2	0	NaN	NaN	NaN	NaN	9	304.4526244184706	299.27457126977083	97878.34431456485	1.1322980018028195	1014.7324092122639	0.025421034683017426	0.3324816269203273	0.011677016578565727	1612.7736511151118	3376.438480003078	0.010312670833979963	47.76552751269561	1763.6648288879662	287.29816638875167	0.9480349876123652	0.20763629264742026	0.28666393044255656	1.0119581892442275	2.063813343076039e-13	-1.5702636067627393e-14	1.0119581892442275	6.098644331733957	148.64628453639477	12.353715463605194	16.45585163611557	NaN	0.6803372135298671	1.220044982946117	-439.0561421410709	-0.004562286704911633	0.2736687948687466	0.0789239800868285	0	16.804726985564795	-2.5501821531110993	5.768518973957138	14.36442787560896	21.90665885124281	30.724400522392354	46.030750701350144	0.517242016915645	1.0132471672661625	74.09438187835771	1.0214891100149364	205.94456156671305	1.0946363603020632	-1.421300101717941	1.0946363603020632	4.687300267378454	1.0946363603020632	-0.026681153430663452	1.3065052829363604	NaN	NaN	800000009	800000009	800000009	800000019	800000019	800000019	899999999	899999999	89999	89999	89	89	13	6	1	3	0	0	1	NaN	0	0	0	0	0	0	0	0	0	NaN	NaN	NaN	NaN	0	7	0	0	0	0	301	0	0	18000	0	16	18000	18000	18000	18000	93	NaN	1.1021768025074974	0.7703340995874661	0.5675790637972704	0.25375981818392035	0.18242457442486879	0.19021096887051445	1.1556087915510146e-7	NaN	0.06448712375828698	-0.03673623418634846	0.12115228875029008	-0.000026681153430663452	NaN	16.060695932684823	639.5148516845363	94.84453635406496	95.34632970004611	94.34274317381116	1.0035860674679322	0.00028634876116282403	33.914184987563885	088
DATA	2026-09-07T130000_AIU-1657.ghg	2026-09-07	13:30:00	250.562	1	18000	18000	0.30132402963608823	1	NaN	28.131986769436814	1	NaN	157.82386748298143	0	NaN	-0.6206811871841478	0	NaN	3.5914072474719907	0	NaN	0.020524046047415485	2	NaN	NaN	NaN	NaN	NaN	NaN	NaN	NaN	NaN	NaN	3.4805448919304695e-10	1.3627606547846025e-11	1.802197215250609e-12	NaN	16.10262330432292	414.5498401453999	421.38947285333666	0.1	1	630.4766109704663	16.231142799139715	16.498939441244918	0.3	0	0.08337804504278193	2.0703673798890287	2.104526245910947	0	1	NaN	NaN	NaN	NaN	9	304.78335964287646	299.0839212584335	97846.20494027942	1.1327519373149475	1014.5920104884691	0.025413185139477882	0.232723189636185	0.011509190864766414	1588.5817307007162	3338.594104736438	0.010160380649665953	47.58235595177645	1750.012374035722	287.06513739506187	0.5748434640898564	0.20665807719279045	0.17548487432471951	0.6355686510461253	-1.804367828778721e-14	2.1614769383545603e-14	0.6355686510461253	4.471193309401583	141.22632532501973	19.773674674980285	16.027987564918813	NaN	0.5157621605963706	0.7255538050163158	-419.3907994799423	-0.004776213504168204	0.178249254805965	0.04745966586176008	0	17.63769366728673	-2.6765880606684282	6.05444948102902	15.07643526690178	22.99251504793132	32.247329277677494	48.31237549072095	0.29642357089302096	1.0165319469308864	37.03750472209116	1.0226721692855885	144.38440951253352	1.0930810882963182	-0.5678272122990845	1.0930810882963182	3.2855817248376114	1.0930810882963182	0.0005519237578014557	1.3110995175064386	NaN	NaN	800000009	800000009	800000009	800000019	800000019	800000019	899999999	899999999	89999	89999	89	89	2	2	0	1	9	7	2	NaN	0	0	0	0	0	0	0	0	0	NaN	NaN	NaN	NaN	0	2	0	0	0	0	301	0	0	18000	0	16	18000	18000	18000	18000	93	NaN	0.7027186237349949	0.45935359030608774	0.2890353959915491	0.14898502055740287	0.11593253574193539	0.2320501729315177	2.2793845033951323e-7	NaN	0.032226672686983794	-0.014668447605069853	0.08487508583433426	5.519237578014556e-7	NaN	16.103792868439932	630.5149791675343	94.8683126296997	95.36164580323961	94.3749749768575	0.9866721073024787	0.0002861034796337157	30.662283488469633	063
DATA	2026-09-07T133000_AIU-1657.ghg	2026-09-07	14:00:00	250.583	1	18000	18000	0.253759626240845	1	NaN	21.68922968393566	0	NaN	94.64309238240298	0	NaN	0.3176941899347644	2	NaN	2.154197413191035	0	NaN	0.010925697144411538	2	NaN	NaN	NaN	NaN	NaN	NaN	NaN	NaN	NaN	NaN	-7.160542887366992e-11	-2.7549772944814222e-12	-3.6921713191013665e-13	NaN	16.05648901403531	413.89412224164124	420.5917668575988	0.1	1	617.7640907758527	15.92433600400275	16.18202399126448	0.4	0	0.08279163906367784	2.0578966780203976	2.091197611435667	1.4	0	NaN	NaN	NaN	NaN	9	304.9184308319092	299.33173199425295	97808.45606268893	1.131509567715432	1014.4270009207729	0.02544405790645707	0.13959199237477907	0.011277939264396134	1557.952510575342	3387.8575964449947	0.00996716208698685	45.98636354167188	1829.9050858696526	286.7655835817405	0.35892846781740045	0.5362787090286592	0.3786116407536435	0.7481786372794624	-1.1460820560758062e-15	-4.459594423854313e-15	0.7481786372794624	5.37802524711989	104.7941833013748	56.205816698625235	30.400709298135602	NaN	0.4735677810383555	0.764438258605406	-420.9529808510847	-0.004758488693796924	0.22916864969184317	0.03990092366891566	0	15.645555148260605	-2.374273354686619	5.370612792957599	13.373585223616091	20.39556128853892	28.605064704904546	42.85559945320376	0.24997399108513607	1.0151441161509465	26.96128648213046	1.0220163378011116	86.58355462035726	1.0930839325941786	0.2906402522821753	1.0930839325941786	1.9707520611693123	1.0930839325941786	-0.001903089585932962	1.3091314567108208	NaN	NaN	800000009	800000009	800000009	800000019	800000019	810000019	899999999	899999999	89999	89999	89	89	43	10	0	4	6	6	1	NaN	0	0	0	0	0	0	0	0	0	NaN	NaN	NaN	NaN	0	2	0	0	0	0	301	151	0	18000	0	16	18000	18000	18000	18000	93	NaN	0.5652097583975189	0.6348579699400553	0.328808788873238	0.10725027201949063	0.3197581973553923	0.2576275867228022	5.1878751524032677e-8	NaN	0.023488840576429908	0.007514767186268705	0.050955581015557874	-0.000001903089585932962	NaN	16.057650042478297	617.793968300736	94.8538543885549	95.35021407699585	94.35749572118124	0.9927165292335876	0.00028661349150449196	37.17359907498156	132
DATA	2026-09-07T140000_AIU-1657.ghg	2026-09-07	14:30:00	250.604	1	18000	18000	0.20817015440685271	1	NaN	7.229807006384392	0	NaN	53.93741556145792	1	NaN	-0.44282983026732936	1	NaN	1.2279305090516555	1	NaN	0.020806600142398816	0	NaN	NaN	NaN	NaN	NaN	NaN	NaN	NaN	NaN	NaN	-1.2889010618278552e-10	-5.049250640063158e-12	-6.703701518697719e-13	NaN	16.055479987618863	414.23007464977167	421.0628301439382	0.1	1	628.9710281488865	16.227401245155583	16.495073420112043	0.2	0	0.08350613461655798	2.0778733014533635	2.1121479741185274	1.2	0	NaN	NaN	NaN	NaN	9	305.1732226757473	299.5379776181161	97792.99797349074	1.1304214220354516	1014.6019426434689	0.025465614077933185	0.07956989698654728	0.011482847990747534	1587.3518932412587	3429.340011132799	0.010158024049182797	46.287387313249106	1841.9881178915405	287.0532078369493	0.2913810740386235	0.475260642000753	0.3059234734321258	0.6358968310501658	2.022538053531785e-15	-8.027795262563234e-15	0.6358968310501658	3.9932048943804825	102.51235425197677	58.48764574802323	28.756602184089623	NaN	0.42913016405400933	0.6053029281455475	-939.6097224913237	-0.002131842564047645	0.1340406641869322	0.014689316661363826	0	15.971129557287288	-2.423680527330527	5.482371952003656	13.651881331647186	20.819980412715655	29.200318561237328	43.747398199444625	0.20478563533188887	1.0165271312583946	10.319607603055848	1.0226696979251106	49.3444150252255	1.093080453661968	-0.40512098517889444	1.093080453661968	1.1233669991425803	1.093080453661968	0.01153952870066597	1.3110926267967915	NaN	NaN	800000009	800000009	800000009	800000019	800000019	810000019	899999999	899999999	89999	89999	89	89	43	6	4	9	17	3	1	NaN	0	0	0	0	0	0	0	0	0	NaN	NaN	NaN	NaN	0	0	0	0	0	0	301	0	0	18000	0	16	18000	18000	18000	18000	93	NaN	0.5274699685620713	0.4266900999143682	0.2564457878146555	0.10668006942877904	0.2020087929961372	0.1799029545002644	7.31861588563412e-8	NaN	0.008997608973955799	-0.010486875040090804	0.029079237499800015	0.00001153952870066597	NaN	16.056610330276154	629.0059106705768	94.82928410932752	95.33354385905795	94.32502644263374	1.0085157758990928	0.0002867110771734992	45.621332162173005	200
DATA	2026-09-07T143000_AIU-1657.ghg	2026-09-07	15:00:00	250.624	1	18000	18000	0.2894922596307613	0	NaN	26.804029141292094	0	NaN	197.35842792566785	0	NaN	-1.4722154809877293	1	NaN	4.494057914437318	0	NaN	0.03035144329284037	2	NaN	NaN	NaN	NaN	NaN	NaN	NaN	NaN	NaN	NaN	-5.317699071576062e-10	-2.045457951155611e-11	-2.7627177597993273e-12	NaN	16.078721865616398	415.17455290375494	421.9123789364844	0.1	1	618.4695493627693	15.969728240051923	16.228899352344012	0.3	0	0.08353419374640672	2.0805601532334714	2.1143253545567946	0	1	NaN	NaN	NaN	NaN	9	305.2467990086874	299.77319202135357	97786.40582293668	1.1295690325673642	1014.4642436480472	0.025487329220161798	0.29121495285553817	0.011290885181832924	1562.041215221699	3477.1885630202396	0.009995746037911648	44.92253402170778	1915.1473477985405	286.805869005624	0.517635461660775	0.35122497898144867	0.17830078784927578	0.6504587826885986	6.115247523341625e-14	-3.307289668930536e-14	0.6504587826885986	6.289489805648754	126.84240152002303	34.15759847997701	15.909306413130546	NaN	0.5062465648270573	0.7117160049040165	-416.0600243957428	-0.004814449556669535	0.13581395749355804	0.0462049463488332	0	17.304975509874627	-2.626096796646275	5.940238104333616	14.792032790196442	22.558783326237652	31.639014370914477	47.40100891090059	0.2848440198410236	1.0163185444171585	38.107539228937064	1.0225637242915604	180.55766779669977	1.0930492752480887	-1.346888483736089	1.0930492752480887	4.111487026435568	1.0930492752480887	0.006379974709374397	1.3107960222545	NaN	NaN	800000009	800000009	800000009	800000019	800000019	811100019	899999999	899999999	89999	89999	89	89	11	12	1	4	35	12	0	NaN	0	0	0	0	0	0	0	0	0	NaN	NaN	NaN	NaN	0	0	0	0	0	0	301	0	0	18000	0	21	18000	18000	18000	18000	93	NaN	0.7830015537583772	0.34838310428248614	0.29204735176716967	0.14875207641575106	0.09153627940595173	0.24553227580715473	1.7209351736964311e-7	NaN	0.033255339322735306	-0.03488585730939338	0.10649192673753506	0.0000063799747093743966	NaN	16.07985717139315	618.5049005376884	94.81641262223985	95.32699227354261	94.30582843399048	1.0211610958443753	0.0002864476206337309	45.678651864101255	083
DATA	2026-09-07T150000_AIU-1657.ghg	2026-09-07	15:30:00	250.645	1	18000	18000	0.3343190967879329	0	NaN	105.2321103141496	0	NaN	281.0885326927403	0	NaN	-0.41733186876414935	1	NaN	6.402347710233234	0	NaN	0.09315780754716896	1	NaN	NaN	NaN	NaN	NaN	NaN	NaN	NaN	NaN	NaN	3.525468840245407e-10	1.3574449445175373e-11	1.831930810087037e-12	NaN	16.05838708411201	415.23149470553767	421.9781037911395	0.1	1	618.3114176359076	15.988054889552133	16.24782602385746	0.3	0	0.08344380674668155	2.080882915175422	2.11469273875721	0.8	0	NaN	NaN	NaN	NaN	9	305.61781366984053	300.0410421405838	97754.07727418392	1.128179681179974	1014.4817314765872	0.0255185389082037	0.41487213162311354	0.01129001762532158	1563.3167838611716	3532.3834498546025	0.010007286794523052	44.2567123885013	1969.066665993431	286.81841802749466	0.8100177931745499	0.7850078118050952	0.3995501540444979	1.1966647046902423	4.954284133317784e-15	2.195406563423463e-14	1.1966647046902423	6.024394473131624	116.898323483767	44.10167651623301	19.50483898726762	NaN	0.5443665807746318	1.0508023222888994	-131.73398107868715	-0.015205643855881886	0.37437354454149685	0.16890181627054224	0	15.68566285782797	-2.38035985435	5.38438047176845	13.407868690513897	20.447845738714857	28.678394389691572	42.965460683432816	0.3301751718862629	1.012550685982826	120.25618143994927	1.0216142626643374	256.34417965139284	1.0965278520269028	-0.3805939520758386	1.0965278520269028	5.838746091491122	1.0965278520269028	0.031168415201408232	1.3056221615518961	NaN	NaN	800000009	800000009	800000009	800000019	800000019	800000019	899999999	899999999	89999	89999	89	89	21	4	0	2	5	6	7	NaN	0	0	0	0	0	0	0	0	0	NaN	NaN	NaN	NaN	0	0	0	0	0	0	301	0	0	18000	0	21	18000	18000	18000	18000	93	NaN	1.009267433521636	0.6606369740767457	0.43170023697941706	0.18148964804972004	0.34664495215493335	0.32444310833276524	4.318192582705745e-7	NaN	0.10507149336503988	-0.009870046752458889	0.15141779469808986	0.00003116841520140823	NaN	16.059530813830833	618.3518132267396	94.81065234968398	95.32142630937365	94.29987487877739	1.0215511940850128	0.0002872373814009028	41.893413262783234	099
DATA	2026-09-07T153000_AIU-1657.ghg	2026-09-07	16:00:00	250.666	1	18000	18000	0.4508134117040163	0	NaN	-14.329972899458022	2	NaN	237.1950606332851	0	NaN	0.9109529987893284	1	NaN	5.405664509975545	0	NaN	0.12143111456917956	0	NaN	NaN	NaN	NaN	NaN	NaN	NaN	NaN	NaN	NaN	1.6651400887169657e-10	6.237288107074325e-12	8.639939780396193e-13	NaN	16.034934092907633	415.99216407715926	422.5768625532907	0.1	1	600.637173971814	15.582250377707457	15.828900264837921	0.2	0	0.08320072640380256	2.07998113635587	2.1129049503159907	0.6	0	NaN	NaN	NaN	NaN	9	305.7443246273465	300.6263046915554	97731.92260884267	1.1259019294576347	1014.2713567614715	0.02557411161559865	0.3502870602464153	0.010979546849481731	1523.2917853066722	3655.6488282259616	0.00975177905128092	41.66953273916919	2132.3570429192896	286.42029091480566	0.8935854957508355	0.25853950559202693	0.2207686513908109	0.956073486508735	7.559651960593112e-14	1.0384452340552303e-14	0.956073486508735	6.022652147406936	144.8633513348688	16.13664866513118	13.350759261568108	NaN	0.6327732803204319	1.644653685045023	1519.068800246166	0.001318636785690942	-0.06041429725053527	-0.019830904010072786	0	16.168610844372513	-2.4536490745333914	5.550160887374707	13.82068536562851	21.077417215431733	29.561377337455234	44.28833003974231	0.4459645197768317	1.0108728199490198	-0.06224186724724815	1.0205644598531096	215.23066346125756	1.102050501628367	0.8265982343307526	1.102050501628367	4.905096909795192	1.102050501628367	0.08178582250930075	1.3747007102931001	NaN	NaN	800000009	800000009	800000009	800000019	800000019	800000019	899999999	899999999	89999	89999	89	89	14	11	0	6	6	1	1	NaN	0	0	0	0	0	0	0	0	0	NaN	NaN	NaN	NaN	0	0	0	0	0	0	301	0	0	3004	0	16	18000	18000	18000	18000	93	NaN	1.3294366148676837	1.4191524650841185	0.5407182901382437	0.1665692063373457	0.0721941565823283	0.18595463209815535	3.52693966806853e-7	NaN	-0.000054503938824403306	0.02147422196677262	0.1274296694992996	0.00008178582250930074	NaN	16.03607360426138	600.6754317442064	94.76776127624512	95.30526399188571	94.23026012251111	1.0750020649731136	0.00028850205485974185	47.021883729528554	055
DATA	2026-09-07T160000_AIU-1657.ghg	2026-09-07	16:30:00	250.687	1	18000	18000	0.14369071931757776	1	NaN	6.249847956048535	0	NaN	138.01680347034448	0	NaN	-0.5697104674891199	1	NaN	3.143342288230447	0	NaN	0.016827870413165504	1	NaN	NaN	NaN	NaN	NaN	NaN	NaN	NaN	NaN	NaN	-5.140144474985328e-10	-1.9844104695230148e-11	-2.6530412525733634e-12	NaN	16.07625045779719	415.37276409069574	422.1422077388563	0.1	1	620.6416935239542	16.03593178805821	16.297273758378886	0.3	0	0.08297618064783892	2.0684829538100344	2.1021935867728168	1.2	0	NaN	NaN	NaN	NaN	9	305.9772840643989	299.95483372053434	97740.08163283324	1.1283218038040577	1014.5061072598489	0.02551485988031738	0.20368858027733297	0.011325458855247356	1567.7737079494595	3514.536097304394	0.010037436852735069	44.60826875990611	1946.7623893549344	286.8621946005256	0.3841483129884316	0.5859500031016335	0.2969639496901231	0.7609828644077127	-3.464034783811981e-14	-3.1973528208452926e-14	0.7609828644077127	4.28263811717059	104.24881396232172	56.75118603767828	22.969269902028653	NaN	0.3568599983570904	0.47921148880825426	-624.8186886691589	-0.003205890022698473	0.045283239423752	0.015299735984237842	0	15.106796171590679	-2.292514601431523	5.185674270482356	12.913062153568015	19.693234549455866	27.620041467189345	41.379855148371526	0.14156511566855157	1.0150150242804372	14.392629107885359	1.0219626880723784	126.26014510405537	1.0931145640344389	-0.5211809322038921	1.0931145640344389	2.875583577103831	1.0931145640344389	0.004257044927815258	1.308948875992394	NaN	NaN	800000009	800000009	800000009	800000019	800000019	810000019	899999999	899999999	89999	89999	89	89	24	6	0	13	19	7	0	NaN	0	0	0	0	0	0	0	0	0	NaN	NaN	NaN	NaN	0	2	0	0	0	0	301	0	0	14997	0	16	18000	18000	18000	18000	93	NaN	0.3325348518668644	0.42208005362389794	0.20380807212574628	0.031008254109765966	0.07084154757085459	0.25535654651042683	7.309701358338436e-8	NaN	0.012573392921549898	-0.01351463637735184	0.07456617081693141	0.000004257044927815258	NaN	16.077394470372113	620.6868252049169	94.81055680465698	95.32369316906399	94.29742591179742	1.0262660333977849	0.0002876043943575092	33.42450691752513	096
DATA	2026-09-07T163000_AIU-1657.ghg	2026-09-07	17:00:00	250.708	1	18000	18000	0.11201356467389871	1	NaN	-11.633793356371973	1	NaN	126.83617643750105	0	NaN	1.2655183578503644	1	NaN	2.8879791130201102	0	NaN	0.06564303301027732	0	NaN	NaN	NaN	NaN	NaN	NaN	NaN	NaN	NaN	NaN	1.2659274328295804e-11	4.792690395662725e-13	6.517365234211869e-14	NaN	16.12396542968502	415.4877905300248	422.1278634606762	0.1	0	610.4392104223582	15.73000388132395	15.981391227359268	0.4	0	0.08301089699444869	2.0666662502494333	2.099694452131049	-0.5	0	NaN	NaN	NaN	NaN	9	305.84364619615343	299.697229901269	97752.75157124385	1.1295694890201091	1014.3282291718423	0.02548964330260484	0.18714104652370314	0.01112038608908905	1538.0636202724925	3461.6727527049457	0.009844800339584136	44.431225310672474	1923.6091324324532	286.56828518079857	0.3153163434949974	0.09412378309844682	0.19321321168772182	0.3815953723389534	1.691781257180172e-15	7.851216491068291e-16	0.3815953723389534	3.0369788503646316	144.37932626392694	16.620673736073027	30.41968525652606	NaN	0.3149044752214666	0.28711793728254503	230.65325668473196	0.008684464415509787	-0.09172299010530771	-0.03224415851559954	0	14.632235793389166	-2.2204982331737866	5.022773049397645	12.507415079911125	19.074597167336687	26.752393742567225	40.079960750771576	0.11036294578758647	1.0149562778932084	-3.922341540201606	1.0216948452063195	115.28860570717009	1.100162289755342	1.150301523361426	1.100162289755342	2.625048267799062	1.100162289755342	0.04495719262105228	1.3846942310959738	NaN	NaN	800000009	800000009	800000009	800000019	800000019	810001019	899999999	899999999	89999	89999	89	89	14	8	0	24	10	5	0	NaN	0	0	0	0	0	0	0	0	0	NaN	NaN	NaN	NaN	0	8	0	0	0	0	301	151	0	18000	0	16	18000	18000	18000	18000	93	NaN	0.2034473982383582	0.19890366409631813	0.17188481223041374	0.02239503287092308	0.2935599110018922	0.21638223216448954	3.13870164684116e-7	NaN	-0.0034233708009646863	0.029789490008363357	0.06798117498493612	0.00004495719262105228	NaN	16.125102721834804	610.4746818890118	94.87136953042126	95.35342786971543	94.38930899762441	0.9641203781730614	0.0002867752093314063	45.651517296098945	219
DATA	2026-09-07T170000_AIU-1657.ghg	2026-09-07	17:30:00	250.729	1	18000	18000	0.09716890520648623	0	NaN	-58.14143539266859	1	NaN	247.51775176682816	1	NaN	2.7734854843530536	0	NaN	5.640702261307846	1	NaN	0.05730945522139182	1	NaN	NaN	NaN	NaN	NaN	NaN	NaN	NaN	NaN	NaN	-3.9578228775419333e-10	-1.4929986162574674e-11	-2.0433263783465283e-12	NaN	16.07894883638576	416.17857867251166	422.81654036355707	0.1	0	606.5417555650635	15.699389823628515	15.949791823064526	0.1	0	0.08301164885346272	2.0749324474774147	2.1080271880616013	0.8	0	NaN	NaN	NaN	NaN	9	305.3898688091702	300.5869785358194	97766.02442713924	1.1263919572080618	1014.3356547429163	0.02556184680915667	0.3655175065327484	0.011067393196631798	1535.2786407938456	3647.2503060928657	0.00982552576464063	42.09413974766432	2111.97166529902	286.54047926065186	0.15924579586349893	-0.6825737635042983	0.051032212135440305	0.7027591712671405	-1.949531338095325e-14	-2.4614935452655973e-14	0.7027591712671405	3.1940820178264393	237.86768253123296	283.1323174687671	4.164308863060534	NaN	0.2937101021970351	0.44889843273236185	37.45119499930938	0.053485609739206935	-0.2348980425753067	-0.173258931854186	0	15.448306899825356	-2.344340171997957	5.302903852213966	13.204980387567748	20.138428275239274	28.244431997662666	42.31530594187209	0.09593960616748877	1.012813259175271	-42.631315839929435	1.0237996639110631	221.53080399903402	1.1173062495087926	2.482296582134375	1.1173062495087926	5.0484835861141	1.1173062495087926	0.04196829324585213	1.4449815375251993	NaN	NaN	800000009	800000009	800000009	800000019	800000019	810001119	899999999	899999999	89999	89999	89	89	11	4	0	19	5	5	1	NaN	0	0	0	0	0	0	0	0	0	NaN	NaN	NaN	NaN	0	0	0	0	0	0	301	0	0	18000	0	16	18000	18000	18000	18000	93	NaN	0.4114435073099492	0.3557987776679766	0.1305545804867979	0.09840685616666806	1.5003120776377443	0.5917325534874737	5.425867819201175e-7	NaN	-0.037312771213923464	0.06446440831550908	0.1311074227035242	0.00004196829324585213	NaN	16.08017202173114	606.5582494112103	94.81131688308716	95.32843740124173	94.29420092646282	1.0342347607513362	0.000287572092581993	41.869383816389416	213
DATA	2026-09-07T173000_AIU-1657.ghg	2026-09-07	18:00:00	250.749	1	18000	18000	0.06260508614812324	1	NaN	-18.668666949211595	2	NaN	123.18403575340602	0	NaN	1.4959258211136082	2	NaN	2.807937978914707	0	NaN	0.07018048014686804	0	NaN	NaN	NaN	NaN	NaN	NaN	NaN	NaN	NaN	NaN	3.1140501366033807e-10	1.1789896337146714e-11	1.6037894523417201e-12	NaN	16.069960749162355	416.91438568857194	423.6007179554003	0.1	0	608.414004474879	15.784515897662668	16.037662638542088	0.5	0	0.08276306552072245	2.0710884268635326	2.104303844348159	0.8	0	NaN	NaN	NaN	NaN	9	305.80626509094236	300.8383367425582	97793.8257538292	1.125734413998142	1014.3902185954596	0.025575949323975534	0.181954381033673	0.011121267787418737	1544.0422592278494	3701.2213459793265	0.00987912215272926	41.71710132670552	2157.1790867514774	286.6278281534667	0.31418428950788657	-0.3376746447649694	0.11234445485293255	0.4747180321274369	-5.30577493857219e-15	1.9378081783838212e-14	0.4747180321274369	4.047031947699105	208.06381474342447	312.93618525657547	13.689206783727647	NaN	0.23582336785830427	0.33109316229409425	60.38644231359611	0.033171353092761986	-0.151551025545089	-0.06932429712170064	0	12.975047357348062	-1.9690134945306446	4.453913885845802	11.090875329741205	16.914284670039848	23.72252474834074	35.54066488300211	0.06175239695781167	1.0138081958323677	-11.084985144378622	1.0224929978563022	111.23975543702272	1.107374205107323	1.350876527748475	1.107374205107323	2.535672192800058	1.107374205107323	0.04907357625837504	1.413018420284228	NaN	NaN	800000009	800000009	800000009	800000019	800000019	810000019	899999999	899999999	89999	89999	89	89	27	0	0	14	10	5	3	NaN	0	0	0	0	0	0	0	0	0	NaN	NaN	NaN	NaN	0	6	0	0	0	0	301	0	0	18000	0	16	18000	18000	18000	18000	93	NaN	0.201386613234528	0.3306156362352004	0.13018407511846006	0.09594303884041357	1.2164865685159616	0.336335472113371	9.516424496705447e-7	NaN	-0.009707203179048609	0.035104201068702476	0.06589258505270629	0.00004907357625837504	NaN	16.071222896449807	608.4451237234682	94.74189575110542	95.30065293502808	94.18313573922052	1.1175184184180391	0.0002887137237444727	45.608342849141955	171
DATA	2026-09-07T180000_AIU-1657.ghg	2026-09-07	18:30:00	250.77	1	18000	18000	0.022754752184492508	1	NaN	-7.62913766682049	2	NaN	119.74630212878796	0	NaN	3.4888145944509144	0	NaN	2.725636406760829	0	NaN	0.03183250880254328	1	NaN	NaN	NaN	NaN	NaN	NaN	NaN	NaN	NaN	NaN	9.813808825040692e-11	3.778426770225879e-12	5.04718534483177e-13	NaN	16.250704573727532	418.24025865713	425.08528817278176	0.1	0	625.6704027057469	16.102720338958136	16.366261673683674	0.2	0	0.08357643747698348	2.077757342461486	2.111762462822628	0	1	NaN	NaN	NaN	NaN	9	305.4757268380059	299.35360144049184	97812.38400377713	1.1313955593509646	1014.5273104661942	0.02544489501738492	0.1766212391581017	0.011403899496599134	1575.4679545724455	3392.235394846272	0.010079498193488655	46.44335581681654	1816.7674402738264	286.9375117922084	0.2923682303029589	-0.047584365659668316	-0.03112125323471164	0.29784557466682576	5.239215604567625e-15	6.039005127757137e-15	0.29784557466682576	1.5226767895888824	170.24411531218232	350.7558846878176	-5.997662057260044	NaN	0.14181717178568023	0.1209743089552216	32.14165275087419	0.0623210018329104	-0.06371084143053789	-0.046867136459175264	1	0.9225552451995733	1	1	2	3	6	24	0.022373498001619176	1.0170404369869093	-0.4123135141721232	1.0226652289021345	108.74498874980691	1.1011661641189934	3.1682907703963092	1.1011661641189934	2.475227168772953	1.1011661641189934	0.019281631511430322	1.387938659069339	NaN	NaN	800000009	800000009	800000009	800000019	800000019	800000019	899999999	899999999	89999	89999	89	89	4	5	0	2	9	0	2	NaN	0	0	0	0	0	0	0	0	0	NaN	NaN	NaN	NaN	0	2	0	0	0	0	301	0	0	18000	0	16	18000	18000	18000	18000	93	NaN	0.06340083224950957	0.11006321676002206	0.06848456890091155	0.0761580365992059	2.1523318528879716	0.26961837065798916	3.1212186917189117e-7	NaN	-0.00035921077659964234	0.08193658181536934	0.06401295465706928	0.00001928163151143032	NaN	16.251882887840267	625.7104854064464	94.85025940004985	95.3406141081916	94.35990257708231	0.9807113935450753	0.00028643999435492635	43.65613080747421	230
DATA	2026-09-07T183000_AIU-1657.ghg	2026-09-07	19:00:00	250.791	0	18000	18000	0.07178943606923208	1	NaN	-9.516257387198939	2	NaN	215.33820795198847	1	NaN	7.796360865985493	1	NaN	4.901973597622334	1	NaN	0.018273940255414338	2	NaN	NaN	NaN	NaN	NaN	NaN	NaN	NaN	NaN	NaN	5.818664004291946e-10	2.344006246070493e-11	2.9744371638572075e-12	NaN	16.309299887794076	419.45686432399214	426.6664665133578	-0.1	0	657.0082200626753	16.897513058106615	17.18794661039785	0	0	0.08337135065190969	2.0743141751353815	2.1099673764308	0	1	NaN	NaN	NaN	NaN	9	304.9124062457614	299.45796646063104	97817.49253625261	1.1307183177426716	1014.9749658188006	0.025452436661376993	0.31764788912592723	0.011963223583472416	1653.315722955367	3413.1950270443654	0.010580197911143244	48.43894678901619	1759.8793040889984	287.68188690195234	0.211118325144249	-0.3161853008821476	0.10025114175147305	0.39318492230520186	2.5174061641162916e-14	3.5676969853541355e-14	0.39318492230520186	2.277706960113005	217.26878806682998	303.73121193317	14.77192538451976	NaN	0.25197244896646076	0.24613018828446068	144.55284048219855	0.013857216456750834	-0.044192145359176906	-0.0329081421429092	0	22.74667162004285	-3.451895175562259	7.808196285920173	19.44351277928751	29.6525838003537	41.58817040026093	62.30665761645983	0.07022148158897454	1.0223287012005131	3.4664880078781013	1.0260758145371593	196.4975029149289	1.0958826690292163	7.114229548763529	1.0958826690292163	4.473082507970246	1.0958826690292163	0.005192586822338615	1.3193856491461415	NaN	NaN	800000009	800000009	800000009	800000019	800000019	800000019	899999999	899999999	89999	89999	89	89	9	6	0	4	0	0	1	NaN	0	0	0	0	0	0	0	0	0	NaN	NaN	NaN	NaN	0	2	0	0	0	0	301	0	0	3004	0	16	18000	18000	18000	18000	93	NaN	0.22816640305626257	0.2275708396218626	0.036523133890796186	0.08378924071155114	4.681770861115186	1.2004110569487343	2.5135057216264366e-7	NaN	0.003020507675734246	0.1841876246215445	0.11580824546523301	0.000005192586822338615	NaN	16.310465339369436	657.0372123548774	94.8633171925015	95.34284078301324	94.38379464382595	0.9590463078584934	0.0002862799491736547	49.940401885668386	011
DATA	2026-09-07T190000_AIU-1657.ghg	2026-09-07	19:30:00	250.812	0	18000	18000	0.02138607191445153	0	NaN	17.94670641303544	1	NaN	15.800439432364103	1	NaN	-0.2703788644777194	1	NaN	0.3589483081782831	1	NaN	0.023029498780708847	0	NaN	NaN	NaN	NaN	NaN	NaN	NaN	NaN	NaN	NaN	-2.9014341187249977e-11	-1.2746574902249409e-12	-1.4736400526552018e-13	NaN	16.476201566668347	420.83065233912754	428.75748832088425	0.1	0	723.8321767112393	18.487924287456796	18.836165896415707	0	0	0.08368272223576259	2.063799164220838	2.1026732276549858	-0.1	0	NaN	NaN	NaN	NaN	9	304.1935858213636	297.3547082296758	97828.86620580612	1.1381592653219963	1015.8159897120629	0.025270731841260975	0.023259850369952744	0.013183330164748102	1809.1378234736628	3011.8818085143967	0.011583027583594297	60.06669379785575	1202.7439850407338	289.0836748321938	-0.1519110336636892	-1.1477847895238817	0.4955179181813228	1.259374802213378	1.1004616726446646e-14	-1.7609848404590115e-15	1.259374802213378	2.7143170101308343	258.5393637469922	262.4606362530078	23.170175978653806	NaN	0.13707681101634217	0.16999066391947548	-12.344505260061078	-0.16226652731727936	1.1358359044290331	0.11324073593793058	1	14.054659030927226	6	11	20	31	52	130	0.021124375420242494	1.0123883659991322	18.604116829090692	1.0217174234320143	14.399721205728442	1.0972739823656052	-0.2464096194961367	1.0972739823656052	0.3271273300442511	1.0972739823656052	0.012687920421449431	1.3054433571212616	NaN	NaN	800000009	800000009	800000009	800000019	800000019	800001019	899999999	899999999	89999	89999	89	89	13	4	0	2	5	0	5	NaN	0	0	0	0	0	0	0	0	0	NaN	NaN	NaN	NaN	0	0	0	0	0	0	301	0	0	14997	0	16	18000	18000	18000	18000	93	NaN	0.22275148933684538	0.07381273221194887	0.043417106290156694	0.12376691110789832	2.256744822909833	0.4162267520972683	5.222949572566429e-7	NaN	0.016091294202792105	-0.006344275362420025	0.008422503409638701	0.000012687920421449431	NaN	16.477567753054537	723.8841998053646	94.88758977678086	95.31637355528937	94.45880660268996	0.8575663414862487	0.0002837617357565452	45.471730783901094	081
DATA	2026-09-07T193000_AIU-1657.ghg	2026-09-07	20:00:00	250.833	0	18000	18000	0.042717503242765485	0	NaN	19.341066714839073	0	NaN	66.26045813079232	0	NaN	3.9011284755338704	0	NaN	1.5036934285524741	0	NaN	0.013437883263409507	2	NaN	NaN	NaN	NaN	NaN	NaN	NaN	NaN	NaN	NaN	1.0703117054316491e-10	4.546408741223185e-12	5.355653518338362e-13	NaN	16.684209814694785	423.9133070524842	431.6865778643855	0.1	1	708.702305664675	18.006746585350875	18.336935129377597	0	0	0.0834848825265621	2.0484248573312285	2.0859866910575158	0	1	NaN	NaN	NaN	NaN	9	303.53546078152124	296.26746090556327	97847.33114899418	1.1427610623100095	1015.5190545321716	0.025173580526362396	0.09743933417020031	0.012889766661831746	1762.384710321241	2821.063915018977	0.011279494101571861	62.47234247116963	1058.6792046977357	288.67459335155496	-0.19518632492749927	-1.3991540533418703	0.5678409771900469	1.5225548074856987	1.2798311817394687e-14	6.41511775097051e-15	1.5225548074856987	3.09961505376292	258.9416853927303	262.0583146072698	21.89783565787031	NaN	0.1933415577997973	0.16385216885693119	-32.141993581031436	-0.06232034098787598	0.2918945515991077	0.08620087986708372	1	11.856541506315187	5	10	18	29	51	141	0.04221134307662664	1.0119910936077066	22.91885804871288	1.0223925965964797	60.19138028126481	1.1008296839375948	3.543807486712924	1.1008296839375948	1.365963736709808	1.1008296839375948	0.0021893429102461523	1.3051698686222242	NaN	NaN	800000009	800000009	800000009	800000019	800000019	800001019	899999999	899999999	89999	89999	89	89	14	0	0	0	12	0	9	NaN	0	0	0	0	0	0	0	0	0	NaN	NaN	NaN	NaN	0	2	0	0	0	0	301	0	0	18000	0	16	18000	18000	18000	18000	93	NaN	0.2153688404554406	0.06701670072044077	0.045318796537980974	0.09698565185038856	5.883296270161948	0.5996930900834416	2.7891149432239977e-7	NaN	0.019749198003045667	0.09084661389113856	0.03501690784373731	0.0000021893429102461524	NaN	16.685398601506748	708.7251524420831	94.96175846778021	95.33071304893494	94.59280592897203	0.7379080663025381	0.00028234853980797596	43.07122738603444	240
DATA	2026-09-07T200000_AIU-1657.ghg	2026-09-07	20:30:00	250.854	0	18000	18000	0.04266478678663418	1	NaN	2.2772841797079195	0	NaN	136.01570197155544	1	NaN	3.4732634627230436	1	NaN	3.100798169888641	1	NaN	NaN	NaN	NaN	NaN	NaN	NaN	NaN	NaN	NaN	NaN	NaN	NaN	-3.9456065556025154e-13	-1.637910157415929e-14	NaN	NaN	16.870182742986746	426.79042300128134	434.4882654249402	0	0	700.319286345604	17.71703181932928	18.0365865979981	0.3	0	NaN	NaN	NaN	NaN	0	NaN	NaN	NaN	NaN	9	302.6534230482313	300.9598311816848	97050.6253051638	1.1159852078756791	1015.4173137061185	0.02592729878154748	0.20093172140878393	0.012313697679979776	1710.231418895039	3725.4709450899786	0.011033925533313631	45.906448985974656	2015.2395261949396	288.20685747923926	-0.4607748509460723	-1.9472576122871745	0.7527531167386825	2.137934266209935	-1.968557743529342e-14	-2.3388048699370367e-17	2.137934266209935	3.3032556271236198	264.31289201132927	256.68710798867073	20.615426757440336	NaN	0.19552647497966386	0.12746768808677544	-280.7221176181826	-0.007135526110288424	0.01674280356384266	0.010278001009439227	1	18.21608758840161	8	16	30	51	96	313	0.042153179403651736	1.0121368634636874	10.16312959441934	1.024928639067861	122.44735863860718	1.11080960409276	3.1267855894708334	1.11080960409276	2.7914758375006845	1.11080960409276	NaN	1	NaN	NaN	800000009	800000019	800000009	800000019	800000019	800001019	899999999	899999999	89999	89999	89	89	7	3	0	6	3	0	2	NaN	0	0	0	0	0	0	0	0	0	NaN	NaN	NaN	NaN	0	2102	0	0	0	0	301	0	0	18000	0	16	18000	18000	18000	18000	93	NaN	0.1159986255065794	0.09222383955675313	0.046712911110218365	0.09650302972776245	4.363641295694538	0.64067580910002	NaN	NaN	0.008968595998208916	0.0825233349184372	0.0736737102251324	NaN	NaN	16.871447417894988	700.3375107466937	95.01504683600533	95.34083173073662	94.68926344468858	0.6515660499069471	0.0002810851750513797	32.09195994667707	053
DATA	2026-09-07T203000_AIU-1657.ghg	2026-09-07	21:00:00	250.874	0	18000	18000	0.09152748874743791	1	NaN	29.30928741444168	1	NaN	60.91368393602557	1	NaN	5.391628337272422	1	NaN	1.3796687802626246	1	NaN	0.03998888475736697	1	NaN	NaN	NaN	NaN	NaN	NaN	NaN	NaN	NaN	NaN	3.378077018401341e-10	1.3763693052604464e-11	1.6553793072973284e-12	NaN	17.187298631397287	433.1595000234194	440.94155518659863	-0.1	0	700.2821471428508	17.648722538491413	17.96579588525342	0.3	0	0.08422394855940644	2.0475523530264	2.0843382606652425	0	0	NaN	NaN	NaN	NaN	9	301.90951396009655	294.2582133148131	97907.42773986838	1.1514276275464137	1015.2719294742735	0.024987509548299005	0.08940253696101808	0.01272755834181739	1728.4045285269708	2496.0627869664786	0.011053719779973185	69.2452344368925	767.6582584395078	288.37124780048543	-0.377789261927816	-1.537727462353052	0.6582734789118171	1.7148336502244188	5.844877590597976e-14	1.9654496560793807e-14	1.7148336502244188	3.7201397509686576	264.8030631378324	256.1969368621676	22.573616715953097	NaN	0.2819404901834403	0.3554220904654123	-65.79434573936275	-0.030444865398237497	0.4811609727171267	0.08892600552135871	0	20.389566652808174	-3.0941954030152328	6.999078426476122	17.42869490535439	26.579859415236623	37.27863076008422	55.8501819345345	0.09045000550284414	1.0119124729578914	32.3518872217027	1.0230716227287087	55.1879725577049	1.1037492611697926	4.8848307554545345	1.1037492611697926	1.2499838765920466	1.1037492611697926	0.02087210204908992	1.3053544727535782	NaN	NaN	800000009	800000019	800000009	800000019	800000019	800000019	899999999	899999999	89999	89999	89	89	12	1	0	23	18	0	6	NaN	0	0	0	0	0	0	0	0	0	NaN	NaN	NaN	NaN	0	648	0	0	0	0	301	0	0	15004	0	16	18000	18000	18000	18000	93	NaN	0.5476082332778851	0.10312529017004358	0.06011065748289594	0.09087281300816626	7.082578857684224	0.278925698961332	5.108731973528219e-7	NaN	0.02767455175505815	0.12425325458361502	0.031795280659453175	0.000020872102049089918	NaN	17.18860204593757	700.3175035974676	95.04638332409328	95.33592757542928	94.75684685558744	0.5790880407326776	0.00028026398438669276	39.17766030742104	151
DATA	2026-09-07T210000_AIU-1657.ghg	2026-09-07	21:30:00	250.895	0	18000	18000	0.11484479819645763	1	NaN	51.23347127857898	1	NaN	88.8478991607674	1	NaN	-0.6505632638512279	1	NaN	2.0114511634705567	1	NaN	0.05510088631298924	1	NaN	NaN	NaN	NaN	NaN	NaN	NaN	NaN	NaN	NaN	6.18306776672484e-11	2.4688379149984015e-12	3.019024144506311e-13	NaN	17.27550794830028	434.5792389578434	442.2533607773264	0.1	1	689.7939765944346	17.352319959750183	17.658740067487283	0.4	0	0.08435161569020895	2.0460474885452644	2.0821781093112204	0	0	NaN	NaN	NaN	NaN	9	301.52277385457353	293.78763640341015	97916.32788088852	1.1535069107141813	1015.0944547035406	0.024945281976150306	0.13034203539289207	0.012534988032254696	1699.5312096764362	2424.8590272395063	0.010866851265324275	70.0878356467265	725.3278175630701	288.1093462794682	-0.3955501875643014	-1.4542797558033438	0.6523486722195232	1.6422388222083026	-4.298626984202527e-14	3.579094626466938e-15	1.6422388222083026	3.390610472386585	266.2158165823537	254.78418341764632	23.40520776041022	NaN	0.3155335648774223	0.2682414013876403	-52.760105300130974	-0.03796618654578438	0.5766424615834042	0.1386696955192134	0	20.513278496976106	-3.1129691526510657	7.041544699269423	17.53444192906	26.741130298623958	37.504815467092214	56.18904784188246	0.11349135451751582	1.011925522298114	55.53052421594859	1.0228002630503563	80.57892939376886	1.1026195039970088	-0.5900161039170161	1.1026195039970088	1.8242477628765161	1.1026195039970088	0.025794159047502218	1.3052533467644438	NaN	NaN	800000009	800000019	800000009	800000019	800000019	800000019	899999999	899999999	89999	89999	89	89	7	3	0	8	1	0	7	NaN	0	0	0	0	0	0	0	0	0	NaN	NaN	NaN	NaN	0	945	0	0	0	0	301	0	0	14997	0	16	18000	18000	18000	18000	93	NaN	0.34609410320711337	0.11623035883413968	0.07415834073402759	0.12971994407104978	7.162423296108336	0.3474489412647094	4.380479524433107e-7	NaN	0.04742475732383777	-0.01497809245196452	0.046310179444690056	0.000025794159047502217	NaN	17.276822747426003	689.8317506972035	95.0682436765035	95.33873505189683	94.79774874411689	0.5409835955500608	0.0002794489826919744	28.20421639193744	016
DATA	2026-09-07T213000_AIU-1657.ghg	2026-09-07	22:00:00	250.916	0	18000	18000	0.18167582403078752	1	NaN	59.560766016367964	1	NaN	141.15719620099716	1	NaN	1.1976041712876144	1	NaN	3.1940125030173623	1	NaN	0.053776115212195205	1	NaN	NaN	NaN	NaN	NaN	NaN	NaN	NaN	NaN	NaN	-1.5469160467652345e-10	-6.143432891307871e-12	-7.511872528230279e-13	NaN	17.436132509504848	437.58650189496734	445.32552021704794	0	0	692.459750353544	17.3783400473179	17.685687946421563	0.1	1	0.0846704028124999	2.0487155149722187	2.08494845826101	-0.5	0	NaN	NaN	NaN	NaN	9	301.12386651272243	293.2427466575286	97955.4316915509	1.156100372271143	1015.0975885818464	0.024889076119716424	0.20697201019552505	0.012582134086133963	1702.759426123716	2344.6360608615328	0.010883254073706885	72.62361329962825	641.8766347378169	288.13882176003455	-0.5133374046725117	-1.8197226756313334	0.7063145204145633	2.0183622343353433	1.1287328514668572e-14	-8.87189889112149e-15	2.0183622343353433	3.7363454147248163	266.75357371665586	254.24642628334414	20.483913176836058	NaN	0.3964156566423133	0.397031306849731	-90.01931752395282	-0.022251890539683378	0.42194636631601795	0.12802834711699757	0	21.297615043283347	-3.2319952495429516	7.310782054522373	18.204881012022344	27.76359220230583	38.9388328250531	58.33746715628367	0.17951626509345198	1.0120298789427873	66.60637216366212	1.0243633863732542	127.31252547198542	1.1087455509792568	1.0801433838718693	1.1087455509792568	2.8807443693427888	1.1087455509792568	0.019847116651811714	1.306128690749529	NaN	NaN	800000009	800000009	800000009	800000019	800000019	800001019	899999999	899999999	89999	89999	89	89	10	3	0	15	8	0	0	NaN	0	0	0	0	0	0	0	0	0	NaN	NaN	NaN	NaN	0	172	0	0	0	0	301	0	0	18000	0	16	18000	18000	18000	18000	93	NaN	0.44445537750424435	0.24303827510615703	0.10656896108906051	0.1466429295686211	5.090452925973723	0.32935394083624986	9.62012985592527e-8	NaN	0.05675608658102334	0.02735935867713872	0.07296745935292097	0.000019847116651811713	NaN	17.43745315773659	692.496324794464	95.06227049276563	95.3095340783861	94.81500462595622	0.49453269169810604	0.0002790559978408661	36.14709229662684	016
DATA	2026-09-07T220000_AIU-1657.ghg	2026-09-07	22:30:00	250.937	0	18000	18000	0.07400715861336202	0	NaN	-19.135430081702598	0	NaN	128.24669894518598	1	NaN	11.44530063555563	0	NaN	2.903942791594208	1	NaN	0.01796928605851699	1	NaN	NaN	NaN	NaN	NaN	NaN	NaN	NaN	NaN	NaN	-2.4162027415137836e-11	-9.4948826335472e-13	-1.1828901807518484e-13	NaN	17.286293223788245	434.57095316976927	442.12114893849673	0	0	679.2945083164716	17.07721014218606	17.373908020442165	0.1	1	0.08462777632313054	2.0541699245865246	2.0898588839146495	-0.3	0	NaN	NaN	NaN	NaN	9	301.8823970370822	293.97702362596795	97982.859827217	1.1536678631275312	1014.9435552701401	0.024944413530450814	0.1881754928953047	0.012336683388412985	1673.7227256090348	2453.2989631950145	0.01069344460629154	68.22334948649262	779.5762375859797	287.87191476884794	-0.11816005178838879	-0.8406797491711722	0.32989262691445553	0.9107872330010466	6.5307138786336385e-15	-1.3977564248353524e-15	0.9107872330010466	3.0428854809621795	259.0006829170783	261.9993170829217	21.235737770136915	NaN	0.25327741658020525	0.4455283252646474	73.09126080690645	0.027405465138873694	-0.14920797368734837	-0.06452367199264021	0	16.74310484264442	-2.5408307551831837	5.747366086382265	14.311754194669035	21.82632816429986	30.61173559175944	45.86195810502369	0.07316489697814768	1.0115118269826293	-11.41416081262739	1.022005401255669	115.61374611462514	1.1092686056382595	10.317880247742291	1.1092686056382595	2.617889640826277	1.1092686056382595	0.011329512017167339	1.4041064522106181	NaN	NaN	800000009	800000009	800000009	800000019	800010019	800010019	899999999	899999999	89999	89999	89	89	23	0	0	7	4	1	5	NaN	0	0	0	0	0	0	0	0	0	NaN	NaN	NaN	NaN	0	0	0	0	0	0	301	0	0	18000	0	16	18000	18000	18000	18000	93	NaN	0.68214802572467	0.12951977495546702	0.0793888498491578	0.21607454482564895	19.41529584302236	0.32491500844594523	1.7287617722715195e-7	NaN	-0.009748129764933432	0.2618462749805458	0.06643657750442626	0.000011329512017167339	NaN	17.28761452637779	679.3279598330812	95.08590198728773	95.34772716606987	94.82407821994359	0.5236475791351619	0.0002793679544023083	39.061687485165066	144
DATA	2026-09-07T223000_AIU-1657.ghg	2026-09-07	23:00:00	250.958	0	18000	18000	0.01345205551899037	1	NaN	-19.05017906295072	1	NaN	88.53612320470913	0	NaN	14.013371951629324	0	NaN	2.006081434667096	0	NaN	0.020886471430762946	1	NaN	NaN	NaN	NaN	NaN	NaN	NaN	NaN	NaN	NaN	-1.8803673667124312e-10	-7.552184668917175e-12	-9.298610753193467e-13	NaN	17.0525645463042	429.87782210022425	437.43019975074856	-0.1	0	684.8880639610376	17.265332057154957	17.568660820011996	0.1	0	0.08432669214900262	2.0532705094812496	2.0893437226340588	0	0	NaN	NaN	NaN	NaN	9	302.4339373050266	294.6582502341411	98015.36067661208	1.1513000249938898	1015.0647361516191	0.024993926212539104	0.1299940769664278	0.012447875790101115	1692.7216816930006	2558.0239734836496	0.010812017302064401	66.17301867533965	865.302291790649	288.04700968243236	-0.0019641522308299383	-1.420481999187095	0.5059304073874021	1.507892086665259	1.2923275038064415e-14	-1.1026889014884057e-14	1.507892086665259	3.10998090318835	251.07922491202976	269.9207750879703	19.604260972381315	NaN	0.10809362176642114	0.2595368006705173	5.708723577484055	0.3508840413819449	-0.21516843490993812	-0.15080534662158598	1	24.61307517485129	11	24	52	103	243	1266	0.01315606982437776	1.022498033118079	-13.662399631821685	1.04722052410964	72.02266763630898	1.2292813653027643	11.399645636194865	1.2292813653027643	1.6319139712762265	1.2292813653027643	0.012065911741011463	1.7899125567225713	NaN	NaN	800000009	800000019	800000009	800000019	800000019	800000019	899999999	899999999	89999	89999	89	89	36	8	0	2	0	0	6	NaN	0	0	0	0	0	0	0	0	0	NaN	NaN	NaN	NaN	0	1121	0	0	0	0	301	151	0	18000	0	16	18000	18000	18000	18000	93	NaN	0.3814201188651576	0.08917891534375313	0.0484745671321239	0.24603916973962775	26.043106209065698	0.3355679145586835	1.2030990213276787e-7	NaN	-0.011690813435012114	0.28992896445582306	0.041504722416181805	0.000012065911741011462	NaN	17.053788996052766	684.9238714589764	95.0557756837209	95.35141901228164	94.76013231277466	0.5912870274467646	0.00028015177677540736	38.13142290078104	226
DATA	2026-09-07T230000_AIU-1657.ghg	2026-09-07	23:30:00	250.979	0	18000	18000	0.030185964444209464	0	NaN	-4.52905208127357	2	NaN	85.17354801856	0	NaN	1.124685872059423	1	NaN	1.9296775196267635	0	NaN	0.044105698168516304	1	NaN	NaN	NaN	NaN	NaN	NaN	NaN	NaN	NaN	NaN	-3.9672002761933825e-10	-1.6550503420783314e-11	-1.9408895192444736e-12	NaN	17.21964884453202	433.7406870455256	441.73383611891006	0	0	718.3752703797768	18.094944103925926	18.428405063473992	0.4	0	0.08424438808390844	2.0508303327016306	2.0886238647891155	-0.2	0	NaN	NaN	NaN	NaN	9	302.30421611701126	294.5438883836256	98089.06358822252	1.1522491449761363	1015.5305718738838	0.024965452808293435	0.12504310327181425	0.013060884608961583	1775.3922252962413	2540.17484972365	0.011335121979398025	69.89252041013592	764.7826244274086	288.78935476367485	-0.13706547908838349	-1.0669055375598782	0.5160884215995303	1.1930723492490787	-2.5533601241586776e-15	-2.3038798944225506e-14	1.1930723492490787	2.8008090767283376	258.320696248893	262.67930375110706	25.630829121708032	NaN	0.1618561965873867	0.26254245611758303	80.67031218405586	0.024830696023956926	-0.05317439729394217	-0.023913249075686337	1	9.567594827384145	4	8	17	30	60	219	0.029811504143886457	1.012560932803513	0.5351081479254355	1.021609173111497	77.67844247683207	1.0964888751980753	1.025715716318831	1.0964888751980753	1.7598696742620186	1.0964888751980753	0.031280686747791685	1.3056339001495714	NaN	NaN	800000009	800000009	800000009	800000019	800000019	810000019	899999999	899999999	89999	89999	89	89	8	2	1	0	0	0	2	NaN	0	0	0	0	0	0	0	0	0	NaN	NaN	NaN	NaN	0	394	0	0	0	0	301	0	0	9006	0	16	18000	18000	18000	18000	93	NaN	0.3285796955858128	0.12498618732834992	0.07151902932100333	0.17340723675603412	20.953974050093066	0.3112714302970503	1.9236075016937488e-7	NaN	0.00045730101706355875	0.026079490823225873	0.04474583385024731	0.00003128068674779168	NaN	17.220876468751914	718.4153170716002	95.00007390001085	95.30200079345704	94.69814489788479	0.6038549126022404	0.00028018001302067817	45.70037981535905	051
