DATAH	filename	date	time	DOY	daytime	file_records	used_records	Tau	qc_Tau	rand_err_Tau	H	qc_H	rand_err_H	LE	qc_LE	rand_err_LE	co2_flux	qc_co2_flux	rand_err_co2_flux	h2o_flux	qc_h2o_flux	rand_err_h2o_flux	ch4_flux	qc_ch4_flux	rand_err_ch4_flux	none_flux	qc_none_flux	rand_err_none_flux	H_strg	LE_strg	co2_strg	h2o_strg	ch4_strg	none_strg	co2_v-adv	h2o_v-adv	ch4_v-adv	none_v-adv	co2_molar_density	co2_mole_fraction	co2_mixing_ratio	co2_time_lag	co2_def_timelag	h2o_molar_density	h2o_mole_fraction	h2o_mixing_ratio	h2o_time_lag	h2o_def_timelag	ch4_molar_density	ch4_mole_fraction	ch4_mixing_ratio	ch4_time_lag	ch4_def_timelag	none_molar_density	none_mole_fraction	none_mixing_ratio	none_time_lag	none_def_timelag	sonic_temperature	air_temperature	air_pressure	air_density	air_heat_capacity	air_molar_volume	ET	water_vapor_density	e	es	specific_humidity	RH	VPD	Tdew	u_unrot	v_unrot	w_unrot	u_rot	v_rot	w_rot	wind_speed	max_wind_speed	wind_dir	yaw	pitch	roll	u*	TKE	L	(z-d)/L	bowen_ratio	T*	model	x_peak	x_offset	x_10%	x_30%	x_50%	x_70%	x_90%	un_Tau	Tau_scf	un_H	H_scf	un_LE	LE_scf	un_co2_flux	co2_scf	un_h2o_flux	h2o_scf	un_ch4_flux	ch4_scf	un_none_flux	un_none_scf	spikes_hf	amplitude_resolution_hf	drop_out_hf	absolute_limits_hf	skewness_kurtosis_hf	skewness_kurtosis_sf	discontinuities_hf	discontinuities_sf	timelag_hf	timelag_sf	attack_angle_hf	non_steady_wind_hf	u_spikes	v_spikes	w_spikes	ts_spikes	co2_spikes	h2o_spikes	ch4_spikes	none_spikes	head_detect_LI-7200	t_out_LI-7200	t_in_LI-7200	aux_in_LI-7200	delta_p_LI-7200	chopper_LI-7200	detector_LI-7200	pll_LI-7200	sync_LI-7200	chopper_LI-7500	detector_LI-7500	pll_LI-7500	sync_LI-7500	not_ready_LI-7700	no_signal_LI-7700	re_unlocked_LI-7700	bad_temp_LI-7700	laser_temp_unregulated_LI-7700	block_temp_unregulated_LI-7700	motor_spinning_LI-7700	pump_on_LI-7700	top_heater_on_LI-7700	bottom_heater_on_LI-7700	calibrating_LI-7700	motor_failure_LI-7700	bad_aux_tc1_LI-7700	bad_aux_tc2_LI-7700	bad_aux_tc3_LI-7700	box_connected_LI-7700	mean_value_RSSI_LI-7200	mean_value_LI-7500	u_var	v_var	w_var	ts_var	co2_var	h2o_var	ch4_var	none_var	w/ts_cov	w/co2_cov	w/h2o_cov	w/ch4_cov	w/none_cov	co2_mean	h2o_mean	avg_signal_strength_7200_mean	co2_signal_strength_7200_mean	h2o_signal_strength_7200_mean	delta_signal_strength_7200_mean	flowrate_mean	rssi_77_mean	CHK
DATAU		[yyyy-mm-dd]	[HH:MM]	[ddd.ddd]	[1=daytime]	[#]	[#]	[kg+1m-1s-2]	[#]	[kg+1m-1s-2]	[W+1m-2]	[#]	[W+1m-2]	[W+1m-2]	[#]	[W+1m-2]	[µmol+1s-1m-2]	[#]	[µmol+1s-1m-2]	[mmol+1s-1m-2]	[#]	[mmol+1s-1m-2]	[µmol+1s-1m-2]	[#]	[µmol+1s-1m-2]	[µmol+1s-1m-2]	[#]	[µmol+1s-1m-2]	[W+1m-2]	[W+1m-2]	[µmol+1s-1m-2]	[mmol+1s-1m-2]	[µmol+1s-1m-2]	[µmol+1s-1m-2]	[µmol+1s-1m-2]	[mmol+1s-1m-2]	[µmol+1s-1m-2]	[µmol+1s-1m-2]	[mmol+1m-3]	[µmol+1mol_a-1]	[µmol+1mol_d-1]	[s]	[1=default]	[mmol+1m-3]	[mmol+1mol_a-1]	[mmol+1mol_d-1]	[s]	[1=default]	[mmol+1m-3]	[µmol+1mol_a-1]	[µmol+1mol_d-1]	[s]	[1=default]	[mmol+1m-3]	[µmol+1mol_a-1]	[µmol+1mol_d-1]	[s]	[1=default]	[K]	[K]	[Pa]	[kg+1m-3]	[J+1kg-1K-1]	[m+3mol-1]	[mm]	[kg+1m-3]	[Pa]	[Pa]	[kg+1kg-1]	[%]	[Pa]	[K]	[m+1s-1]	[m+1s-1]	[m+1s-1]	[m+1s-1]	[m+1s-1]	[m+1s-1]	[m+1s-1]	[m+1s-1]	[deg_from_north]	[deg]	[deg]	[deg]	[m+1s-1]	[m+2s-2]	[m]	[#]	[#]	[K]	[0=KJ/1=KM/2=HS]	[m]	[m]	[m]	[m]	[m]	[m]	[m]	[kg+1m-1s-2]	[#]	[W+1m-2]	[#]	[W+1m-2]	[#]	[µmol+1s-1m-2]	[#]	[mmol+1s-1m-2]	[#]	[µmol+1s-1m-2]	[#]	[µmol+1s-1m-2]	[#]	8u/v/w/ts/co2/h2o/ch4/none	8u/v/w/ts/co2/h2o/ch4/none	8u/v/w/ts/co2/h2o/ch4/none	8u/v/w/ts/co2/h2o/ch4/none	8u/v/w/ts/co2/h2o/ch4/none	8u/v/w/ts/co2/h2o/ch4/none	8u/v/w/ts/co2/h2o/ch4/none	8u/v/w/ts/co2/h2o/ch4/none	8co2/h2o/ch4/none	8co2/h2o/ch4/none	8aa	8U	[#]	[#]	[#]	[#]	[#]	[#]	[#]	[#]	[#_flagged_recs]	[#_flagged_recs]	[#_flagged_recs]	[#_flagged_recs]	[#_flagged_recs]	[#_flagged_recs]	[#_flagged_recs]	[#_flagged_recs]	[#_flagged_recs]	[#_flagged_recs]	[#_flagged_recs]	[#_flagged_recs]	[#_flagged_recs]	[#_flagged_recs]	[#_flagged_recs]	[#_flagged_recs]	[#_flagged_recs]	[#_flagged_recs]	[#_flagged_recs]	[#_flagged_recs]	[#_flagged_recs]	[#_flagged_recs]	[#_flagged_recs]	[#_flagged_recs]	[#_flagged_recs]	[#_flagged_recs]	[#_flagged_recs]	[#_flagged_recs]	[#_flagged_recs]	[#]	[#]	[m+2s-2]	[m+2s-2]	[m+2s-2]	[K+2]	--	--	--	--	[m+1s-1K+1]	--	--	--	--	--	--	--	--	--	--	--	--	241
DATA	2026-08-01T233000_AIU-1657.ghg	2026-08-02	00:00:00	214	0	18000	18000	0.03704157974732617	1	NaN	7.689606082111045	2	NaN	3.5743043859254904	1	NaN	-1.941161687097979	1	NaN	0.08105766788545872	1	NaN	0.10848610804120819	1	NaN	NaN	NaN	NaN	NaN	NaN	NaN	NaN	NaN	NaN	-1.3639355642286346e-10	-7.862849832411222e-12	-6.486313906556858e-13	NaN	17.320984763200983	443.44872215832225	455.0824698848689	0.1	1	998.5244590315738	25.564042775565113	26.23470797237538	0.1	1	0.08237144575693241	2.0223116740497455	2.0753664302475663	0	0	NaN	NaN	NaN	NaN	9	302.6902380650838	295.5490172395565	96892.08419216835	1.1310917067328277	1019.8117053862844	0.025360116358486638	0.005252536878977725	0.01816490319668724	2477.6178014270413	2700.8450552357785	0.016059620178063887	91.73491076890933	223.22725380873726	294.10059230907945	0.2542931924165988	-0.2428198655824326	-0.006767355451504497	0.3516707436377133	6.342051192679784e-15	-7.874468933927832e-15	0.3516707436377133	2.2052215016825465	204.67785304054098	316.322146959459	-1.1026360525168066	NaN	0.18096552247583886	0.22792204947131545	-65.9173050341402	-0.030388074860805442	2.151357369671801	0.036837524780022626	1	0.9603502197356016	1	1	2	3	5	15	0.036169919351865934	1.0240990417197398	7.7591592236748435	1.027197478296877	3.2580027221101955	1.0970845302457044	-1.7693820608911823	1.0970845302457044	0.07388461476829404	1.0970845302457044	0.08266907251748876	1.3219321616232287	NaN	NaN	800000009	800000009	800000009	800000019	800000019	800000019	899999999	899999999	89999	89999	89	89	11	5	0	16	4	0	4	NaN	0	18000	0	0	0	0	0	0	0	NaN	NaN	NaN	NaN	0	0	0	0	0	0	301	0	0	18000	0	21	18000	18000	18000	18000	87	NaN	0.11981127300791354	0.20029758672108755	0.13573523921362982	0.05474062419573885	16.827659856742	0.008414356554339884	0.0000019163346534404952	NaN	0.006726619367734172	-0.04604925586638947	0.001922892520081922	0.00008266907251748876	NaN	17.322239661999603	998.5967934124866	83.55751555548775	83.1556613705953	83.95937092844645	-0.8037086030145529	0.00028464737280672935	28.248214109779546	030
DATA	2026-08-02T000000_AIU-1657.ghg	2026-08-02	00:30:00	214.02	0	18000	18000	0.05705055587632754	1	NaN	41.95033017033827	0	NaN	7.048396022805748	0	NaN	-9.387091816777906	1	NaN	0.15986386278038964	0	NaN	0.07871623583768178	1	NaN	NaN	NaN	NaN	NaN	NaN	NaN	NaN	NaN	NaN	1.2292539444061613e-10	7.0711356090373044e-12	5.834700974985969e-13	NaN	17.370435972299134	444.99512398149454	456.68526657581776	0.1	1	999.2134571312204	25.597809804495796	26.270271210453505	0.1	1	0.08244944030052861	2.0255107856418864	2.078721503320397	0	0	NaN	NaN	NaN	NaN	9	302.85520078786215	295.68555588250484	96887.348570629	1.1304995703297742	1019.8334761131001	0.025373072417345294	0.010359178308169247	0.018179609193290286	2480.7691827956446	2723.341590504409	0.01608104033864177	91.09283945302522	242.57240770876433	294.12127054638853	0.3161818399524904	-0.296519432744869	-0.1607294550247054	0.4623080008215374	1.4843309044593392e-14	7.076701738324064e-15	0.4623080008215374	2.415587712714642	204.1619322470974	316.83806775290253	-20.344713625617487	NaN	0.22464395645879098	0.22942903471309706	-23.112842696368546	-0.08666610275138176	5.951755553264038	0.16197238559118263	0	12.23898647313075	-1.8573134156096016	4.201248003190135	10.46170155664279	15.954754967585066	22.376770697412972	33.52448008621686	0.05592852340428138	1.020061900507108	41.696616945969154	1.0246769458689537	6.439828663949986	1.0945005512743697	-8.576598527838243	1.0945005512743697	0.14606101622722242	1.0945005512743697	0.050891217992976114	1.3161389275574804	NaN	NaN	800000009	800000009	800000009	800000019	800000019	800000019	899999999	899999999	89999	89999	89	89	17	6	0	2	3	0	0	NaN	0	18000	0	0	0	0	0	0	0	NaN	NaN	NaN	NaN	0	0	0	0	0	0	301	151	0	18000	0	16	18000	18000	18000	18000	87	NaN	0.1217579045673599	0.20039579158455736	0.1367043732742769	0.04518429906057258	42.72111704053388	0.011726652114066503	0.000001338724300573365	NaN	0.036166056355229785	-0.2233330253275554	0.00380340160852379	0.00005089121799297611	NaN	17.37168608152096	999.2854954852908	83.67250737677679	83.28793512132432	84.05707996410794	-0.7691459240085547	0.00028450668793326864	30.257121373396917	093
DATA	2026-08-02T003000_AIU-1657.ghg	2026-08-02	01:00:00	214.041	0	18000	18000	0.08398192230631091	1	NaN	-10.1278571299183	2	NaN	17.542201714379217	1	NaN	5.385439747843652	2	NaN	0.39958275474159355	1	NaN	NaN	NaN	NaN	NaN	NaN	NaN	NaN	NaN	NaN	NaN	NaN	NaN	1.2211477908285657e-10	7.031900050037638e-12	NaN	NaN	17.404809466198333	445.77243634892284	457.51666754940896	0.1	0	1002.2446216212131	25.66951552473843	26.345799432276905	0.1	1	NaN	NaN	NaN	NaN	0	NaN	NaN	NaN	NaN	9	302.55166882832845	300.1037863428551	96968.99510383271	1.1149281330984082	1019.8401432508169	0.02594040055736641	0.02589296250725526	0.01783182478845516	2469.5043011738844	3541.22769840425	0.01599369883949394	69.7358236039635	1071.7233972303657	294.0472482350159	0.374415166658988	-0.49276676260311514	-0.06908307018434753	0.6227184515788597	-2.6232845936654574e-15	7.016151444806918e-15	0.6227184515788597	3.4904010085201733	213.77162094545906	307.228379054541	-6.369383546383555	NaN	0.27445393918425876	0.36282453228114386	174.7074476446636	0.011465452829887897	-0.5773424165802727	-0.032454066429860956	0	12.867346014905024	-1.9526694003004752	4.416943500195563	10.998813842103935	16.773885092662173	23.525612344773478	35.245654220320425	0.08295627527654861	1.0123637063783677	-8.963060805968038	1.0212976547738064	15.895208946178515	1.1036156727336806	4.8798144869615685	1.1036156727336806	0.3620669446926376	1.1036156727336806	NaN	1	NaN	NaN	800000009	800000009	800000009	800000019	800000009	810000019	899999999	899999999	89999	89999	89	89	22	12	0	8	6	0	0	NaN	0	18000	0	0	0	0	0	0	0	NaN	NaN	NaN	NaN	0	8956	0	0	0	0	301	0	0	18000	0	16	18000	18000	18000	18000	83	NaN	0.26965185487615306	0.2759555307481534	0.18004167893798123	0.17877806673421606	61.471613640380156	0.012891816061659612	NaN	NaN	-0.007882742966819683	0.12989230288731832	0.009637601874243626	NaN	NaN	17.406081762186112	1002.3176039280288	83.11924305343636	82.65288762622426	83.58559657711467	-0.9327105551130102	0.0002847253385763098	13.298656083001854	090
DATA	2026-08-02T010000_AIU-1657.ghg	2026-08-02	01:30:00	214.062	0	18000	18000	0.17673539971662017	1	NaN	-30.38668478605316	2	NaN	46.28489140830654	2	NaN	23.78258744420142	1	NaN	1.0528763504992036	2	NaN	NaN	NaN	NaN	NaN	NaN	NaN	NaN	NaN	NaN	NaN	NaN	NaN	2.014805319928762e-9	1.167070793287009e-10	NaN	NaN	17.423051029862727	446.0514802612415	457.881967656989	0.1	0	1009.2257443325035	25.83741713237772	26.5226950683331	0.1	1	NaN	NaN	NaN	NaN	0	NaN	NaN	NaN	NaN	9	301.1718856438531	298.7193358434163	96896.88645609005	1.1191928866900909	1019.9056149559851	0.025841315947522064	0.06822638751234839	0.018017281536602547	2483.674842127563	3263.3117697222465	0.01609845965862684	76.10902719046543	779.6369275946836	294.1403160692632	0.4598943707647987	-0.783003606535308	0.02808363864761103	0.9085076614250703	-4.3651215656227965e-14	1.1564021229550612e-13	0.9085076614250703	5.109211152212694	220.5723059883212	300.42769401167874	1.771399849034573	NaN	0.3973830169419088	0.7215971885328599	176.65883935737978	0.011338804258459666	-0.6565141207309778	-0.06698986370153329	0	12.765725971299505	-1.9372481666307002	4.382060627645695	10.911950557247144	16.641413102511617	23.339818495011983	34.967301177305565	0.1747602772220894	1.0113018960940463	-27.286780269988558	1.0214231570333112	41.83762902074015	1.1062981457520393	21.497448527344762	1.1062981457520393	0.9517112132403325	1.1062981457520393	NaN	1	NaN	NaN	800000009	800000019	800000009	800000019	800000019	810000019	899999999	899999999	89999	89999	89	89	18	3	0	5	2	0	0	NaN	0	18000	0	0	0	0	0	0	0	NaN	NaN	NaN	NaN	0	17697	0	0	0	0	301	0	0	18000	0	16	18000	18000	18000	18000	80	NaN	0.47762965470189456	0.5805641478644904	0.3850005744993347	0.05199170805626209	71.15185836770378	0.018603856793415308	NaN	NaN	-0.02390492413376159	0.5701361712868905	0.025240436631233275	NaN	NaN	17.424288085105825	1009.2990591626836	81.54672666804	80.83520339414801	82.25825060526523	-1.4230458531578245	0.00028464609351552415	0.3648805647165478	156
DATA	2026-08-02T013000_AIU-1657.ghg	2026-08-02	02:00:00	214.083	0	18000	18000	0.32253357833235446	1	NaN	-34.01315836729886	0	NaN	0.9219916468161657	2	NaN	41.3013585912389	0	NaN	0.02096923079018825	2	NaN	NaN	NaN	NaN	NaN	NaN	NaN	NaN	NaN	NaN	NaN	NaN	NaN	2.921927117126979e-10	1.7025908551130527e-11	NaN	NaN	17.541421316150117	449.3105735599427	461.39026906727577	0.1	0	1022.1289690458924	26.181079916905894	26.884957128037637	0.1	1	NaN	NaN	NaN	NaN	0	NaN	NaN	NaN	NaN	9	301.0071122419569	298.5235235971071	96896.88645609005	1.1197845341160941	1020.0959130019654	0.025827177969373658	0.0013588061552041986	0.018266922880446155	2516.432559541174	3225.483877219294	0.01631289084990374	78.0172109156721	709.0513176781196	294.35369152714907	0.9800632514312038	-0.7416262980616906	0.23659642563778643	1.251603536031706	-1.606956754357171e-14	1.6657299682077675e-14	1.251603536031706	5.182467593039228	198.1152551644152	322.88474483558474	10.896452343314595	NaN	0.5366859611169514	1.0898768937392842	388.80362201855115	0.005151958177756958	-36.89096152308274	-0.05548189086013239	0	14.291612311307837	-2.1688073056341404	4.905848030559235	12.21625525057864	18.63056005652329	26.12962538103487	39.14694026194246	0.3190810346000834	1.010820272463383	-33.51136264623186	1.0218478095664478	0.831589816780104	1.1087096405125492	37.251735785525916	1.1087096405125492	0.018913185223585063	1.1087096405125492	NaN	1	NaN	NaN	800000009	800000019	800000009	800000019	800000119	800000119	899999999	899999999	89999	89999	89	89	16	11	0	29	3	0	0	NaN	0	17989	0	0	0	0	0	0	0	NaN	NaN	NaN	NaN	0	17989	0	0	0	0	301	151	0	18000	0	16	18000	18000	18000	18000	80	NaN	0.5599889092494303	1.0902307323535425	0.5295341458755957	0.014422351398322457	23.13878603939774	0.002307006877035183	NaN	NaN	-0.029337061754928995	0.9877595330156463	0.0005014982150588948	NaN	NaN	17.542737428953508	1022.2042581079429	80.39266813532511	79.5135666249593	81.27176952531603	-1.7582018776602262	0.00028491017647320403	0.22193689359684762	011
DATA	2026-08-02T020000_AIU-1657.ghg	2026-08-02	02:30:00	214.104	0	18000	18000	0.343679606503362	1	NaN	-13.650014139824297	0	NaN	4.146848423434654	1	NaN	38.73703967847852	0	NaN	0.09431292791257113	1	NaN	NaN	NaN	NaN	NaN	NaN	NaN	NaN	NaN	NaN	NaN	NaN	NaN	-1.972615270229734e-10	-1.1565032804914919e-11	NaN	NaN	17.422080028774953	446.26437367159014	458.2539238070597	0.1	0	1021.4202946891409	26.16355149970873	26.866473872487127	0.1	1	NaN	NaN	NaN	NaN	0	NaN	NaN	NaN	NaN	9	300.99959831576876	298.5177230497241	96998.56332897455	1.1209886129288715	1020.0862950227176	0.025799461090056926	0.006111477728734609	0.01827430443051016	2517.4007554156788	3224.3776570691834	0.016301953668167807	78.07400444847036	706.9769016535047	294.35996101903555	0.9226505152257013	-0.5008615360920148	0.09793439809557795	1.0543895854535883	1.1341448806164489e-14	-1.132250148645678e-14	1.0543895854535883	4.708934122034137	189.49535627747116	331.50464372252884	5.329460201412074	NaN	0.5537022403226813	0.9597988557711565	1064.722016642952	0.001881336131580838	-3.2916597729218626	-0.02155850826733639	0	16.068881931296595	-2.4385148272175114	5.515927178738754	13.735438590704854	20.947410504924854	29.379041077446995	44.01515709623317	0.34000900738874573	1.0107955937485489	-13.238999616447362	1.0209471060251791	3.755565115734379	1.1041875977761504	35.081936943047964	1.1041875977761504	0.08541386273720038	1.1041875977761504	NaN	1	NaN	NaN	800000009	800000019	800000009	800000019	800000019	800000019	899999999	899999999	89999	89999	89	89	11	14	0	26	0	0	0	NaN	0	18000	0	0	0	0	0	0	0	NaN	NaN	NaN	NaN	0	17625	0	0	0	0	301	0	0	18000	0	16	18000	18000	18000	18000	80	NaN	0.5191625079124415	0.9799555570094437	0.4204796466204278	0.01009428867202258	12.36089323618147	0.002579862390461058	NaN	NaN	-0.011577560409816983	0.9292108479191473	0.0022623462309657775	NaN	NaN	17.42332162432647	1021.4952802316329	80.42488475799561	79.5589471935696	81.29082357491387	-1.7318752950098808	0.0002851108461553748	0.48724573565081564	105
DATA	2026-08-02T023000_AIU-1657.ghg	2026-08-02	03:00:00	214.124	0	18000	18000	0.3680236364520968	1	NaN	-0.4231821585042879	2	NaN	13.43310392575458	1	NaN	19.067078172805207	0	NaN	0.30552319314563403	1	NaN	NaN	NaN	NaN	NaN	NaN	NaN	NaN	NaN	NaN	NaN	NaN	NaN	3.792454561426627e-10	2.220892914576593e-11	NaN	NaN	17.394348494189238	445.59869265631744	457.53797679379534	0.1	0	1018.6275062419968	26.09462982973052	26.793804232918802	0.1	1	NaN	NaN	NaN	NaN	0	NaN	NaN	NaN	NaN	9	301.02829089948864	298.552673045159	96998.56332897455	1.1208859803423152	1020.0480208900449	0.02580192040628657	0.019797902915837082	0.01822442787917234	2510.824803119451	3231.1016841342944	0.01625894890183804	77.70800948321667	720.2768810148432	294.31733724830895	0.9022791085164451	-0.45879957724387876	0.11163835295732197	1.0183652407635573	3.5397661862710843e-15	2.1802797401084242e-14	1.0183652407635573	6.440664169959836	187.95286461666467	333.04713538333533	6.293702512200024	NaN	0.573003319021148	1.0739273401195648	38060.92523449116	0.00005262877840354686	-0.03150293192424002	-0.0006459340178920315	0	15.94665158786101	-2.419965901033479	5.473969457205572	13.63095793154273	20.78807090736914	29.155565026278158	43.68034924891397	0.3632231912445791	1.0132162409318333	0.3764398746896507	1.0214882128975997	12.271118011877238	1.0946927503062602	17.41774408158896	1.0946927503062602	0.2790949269191363	1.0946927503062602	NaN	1	NaN	NaN	800000009	800000019	800000009	800000019	800000009	800000009	899999999	899999999	89999	89999	89	89	14	13	0	16	0	0	0	NaN	0	18000	0	0	0	0	0	0	0	NaN	NaN	NaN	NaN	0	18000	0	0	0	0	301	0	0	18000	0	16	18000	18000	18000	18000	80	NaN	0.6407014851012381	1.048169690737609	0.4589835044002823	0.011132139545342139	2.2997469349161492	0.005242418332632596	NaN	NaN	0.00032924073718420437	0.4613534616200749	0.007392542343692473	NaN	NaN	17.395617014911814	1018.7020012837362	80.13320146899753	79.22305143610636	81.04335346815321	-1.820301663895452	0.0002848667619594683	0.15956346368709318	226
DATA	2026-08-02T030000_AIU-1657.ghg	2026-08-02	03:30:00	214.145	0	18000	18000	0.08982845958102807	0	NaN	4.926781361491786	1	NaN	6.557242555114983	0	NaN	5.259270052948994	0	NaN	0.14917810318880192	0	NaN	NaN	NaN	NaN	NaN	NaN	NaN	NaN	NaN	NaN	NaN	NaN	NaN	-3.0841823350491786e-11	-1.7964012175222428e-12	NaN	NaN	17.317720445287893	443.68603321276237	455.4562849800044	0.1	0	1008.6814174081233	25.842769449890888	26.528335097710464	0.1	1	NaN	NaN	NaN	NaN	0	NaN	NaN	NaN	NaN	9	301.28161862267393	298.82767041556247	96946.52928098621	1.1193581094033935	1019.9110184881915	0.025837494088818087	0.009666741086634364	0.018023679535840952	2485.457790958602	3284.345403826698	0.016101799222634293	75.67589535688646	798.8876128680963	294.1519929815417	0.6159919756878063	-0.2613678850006787	-0.007286836677552922	0.6691878536033594	2.4591614182929213e-14	-1.7809401328500926e-15	0.6691878536033594	4.380701196450488	183.9917086687965	337.00829133120345	-0.623910366195833	NaN	0.28328426423216896	0.47387328532125783	-394.8708861627989	-0.005072797388192742	0.7513495680663278	0.015233844037317715	0	13.693761268063916	-2.078081103297789	4.700625113845678	11.70522117079789	17.851200840544692	25.036562999174404	37.50933363187093	0.08840824079192433	1.0160643258635396	5.247171810527813	1.022437684652002	5.9991723051555255	1.093024540982073	4.811666944114161	1.093024540982073	0.13648193393239524	1.093024540982073	NaN	1	NaN	NaN	800000009	800000019	800000009	800000019	800000009	810000009	899999999	899999999	89999	89999	89	89	20	19	0	6	8	0	2	NaN	0	18000	0	0	0	0	0	0	0	NaN	NaN	NaN	NaN	0	15601	0	0	0	0	301	151	17996	18000	0	21	18000	18000	18000	18000	80	NaN	0.3755816816292311	0.4079945904182711	0.16417029859501356	0.10975425188127191	4.828473860714673	0.01279266749501415	NaN	NaN	0.004596147430943484	0.1275925587999641	0.0036191364412085105	NaN	NaN	17.319040815753013	1008.7572047222287	80.80599695841477	80.0004473016527	81.61154599550034	-1.6110991529159857	0.0002850450293012221	3.030651137013484	217
DATA	2026-08-02T033000_AIU-1657.ghg	2026-08-02	04:00:00	214.166	0	18000	18000	0.048189056654287514	1	NaN	6.389803520957183	2	NaN	-50.33975180746291	0	NaN	-36.0263607808347	0	NaN	-1.1417635279826146	0	NaN	0.10259129714321773	0	NaN	NaN	NaN	NaN	NaN	NaN	NaN	NaN	NaN	NaN	4.1128689430702564e-11	2.3682423824468007e-12	1.9788317108526425e-13	NaN	17.419796379385108	446.9172098217279	458.72199034064266	0.1	1	1003.0540882845835	25.734062825609605	26.413797140691056	0.1	1	0.08381216603121523	2.059411703424464	2.113808586387883	1.3	0	NaN	NaN	NaN	NaN	9	301.97906048499203	295.6976574014571	96764.24708956898	1.1289582551798911	1019.9117597049933	0.025406391281689915	-0.07398627661327342	0.018252408022903004	2490.8051668231324	2725.3433493214266	0.01616747823859494	91.39417855160558	234.5381824982942	294.1869701464614	0.31049266558315075	-0.2897607950655209	-0.008695690801706088	0.42478539143487776	-2.888088324391626e-14	2.3610315835479553e-15	0.42478539143487776	1.864474682443973	204.02187448210054	316.97812551789946	-1.1729715680317216	NaN	0.2066023563978567	0.18299980433661292	-117.93408513645605	-0.016984911509529292	-0.12693355234242312	0.026860355166221747	0	13.759213215650988	-2.088013688859357	4.723092649430326	11.761168511164692	17.936524064669133	25.156230034191587	37.6886166565155	0.04718847865610096	1.0212038621859065	3.308016179442567	1.0253751313019914	-45.965285897534415	1.0951689046312043	-32.89571191118369	1.0951689046312043	-1.0425456047504387	1.0951689046312043	0.08154341198198482	1.317771018366459	NaN	NaN	800000009	800000009	800000009	800000019	800000119	800000119	899999999	899999999	89999	89999	89	89	10	1	0	7	10	3	3	NaN	0	15033	0	0	0	0	0	0	0	NaN	NaN	NaN	NaN	0	11	0	0	0	0	301	0	18000	18000	0	16	18000	18000	18000	18000	80	NaN	0.10318310812753359	0.17652995033715516	0.08628655020853708	0.4216587199385052	71.65546120255736	0.13256653784113992	0.0000015731314027163654	NaN	0.002872943877216987	-0.8578430364970706	-0.027187144928811788	0.00008154341198198482	NaN	17.42099462349458	1003.1323013089481	82.37147376166443	81.8024787822299	82.94046946377222	-1.1379910014867949	0.0002851902227331365	30.403325706733384	146
DATA	2026-08-02T040000_AIU-1657.ghg	2026-08-02	04:30:00	214.187	0	18000	18000	0.05836595758471342	1	NaN	31.32488096070842	1	NaN	-0.014372246639366525	2	NaN	-13.852776332544293	1	NaN	-0.00032600005353455543	2	NaN	0.09860433250712737	1	NaN	NaN	NaN	NaN	NaN	NaN	NaN	NaN	NaN	NaN	-1.0934259604803073e-10	-6.2390692142355505e-12	-5.204060384367372e-13	NaN	17.546330732288464	449.6728351091367	461.5144904527846	0.1	0	1001.1905318813554	25.658252532938295	26.333935294921446	0.1	1	0.08351014879397925	2.0525363779128076	2.1065877380792357	0	1	NaN	NaN	NaN	NaN	9	300.4811319622464	295.76400956504597	96767.26950807602	1.128772912404292	1019.8691634142513	0.02541129855191967	-0.000021124803469039192	0.01819512362270278	2483.5450439796123	2736.3417778749395	0.016119383644622613	90.76150735484327	252.79673389532718	294.13946570686016	0.3387818646185109	-0.42760026633626186	-0.07032960846931247	0.5500558093436657	-2.4320058576909612e-14	-6.231650235956189e-15	0.5500558093436657	2.6729700261441045	212.6106942850896	308.3893057149104	-7.345891963483896	NaN	0.22739269985963134	0.3102053667197801	-32.074897607665214	-0.06245070598514715	-2179.5396187334777	0.11966354691010724	0	12.433129110342147	-1.8867753098135194	4.267890888098056	10.627651762926961	16.207839502997277	22.731725356853758	34.05626684726671	0.057334380229982475	1.0179922997439412	30.85961077932484	1.0234629199621974	-0.01314328676546223	1.0935047599458714	-12.668235969297479	1.0935047599458714	-0.00029812403701899977	1.0935047599458714	0.06964915456964947	1.3131811153143742	NaN	NaN	800000009	800000009	800000009	800000019	800000019	800000019	899999999	899999999	89999	89999	89	89	12	6	0	8	0	0	5	NaN	0	18000	0	0	0	0	0	0	0	NaN	NaN	NaN	NaN	0	0	0	0	0	0	301	0	18000	18000	0	16	18000	18000	18000	18000	80	NaN	0.18913792921163436	0.2966066388321399	0.13466616539578594	0.09448426435605888	35.39196524577019	0.009705928084711987	6.68511064733946e-7	NaN	0.026806456214290116	-0.330395983901199	-0.000007775272324750689	0.00006964915456964948	NaN	17.547610659567255	1001.2647219719939	82.86886367628307	82.36980065833197	83.36792450035944	-0.998124964780273	0.0002852824928866336	30.287727255927212	239
DATA	2026-08-02T043000_AIU-1657.ghg	2026-08-02	05:00:00	214.208	0	18000	18000	0.046837457496967126	0	NaN	19.684477011395735	0	NaN	-0.6412449372289978	2	NaN	-39.083802434562216	0	NaN	-0.01454661417576486	2	NaN	0.07337955650198878	0	NaN	NaN	NaN	NaN	NaN	NaN	NaN	NaN	NaN	NaN	-7.586877716568804e-11	-4.253552311722072e-12	-3.5373626504127876e-13	NaN	17.821208567685243	456.7152422227752	468.7170013524382	0.1	1	999.1388517467918	25.605555367168467	26.278429139461153	0.1	1	0.08309093665088922	2.0431588724295224	2.0968498780793228	0	1	NaN	NaN	NaN	NaN	9	300.4497002376981	295.87087356961376	96776.89641408059	1.1285001793338656	1019.8406426302425	0.025417951329340927	-0.0009426205985895629	0.018153001775934548	2478.690883684027	2754.136904036676	0.016085953824703826	89.9988261313759	275.4460203526487	294.1076360760536	0.2970655859211526	-0.5265439948485496	-0.015426422398982509	0.6047598823977773	1.8094556666329336e-14	-4.257218407917576e-15	0.6047598823977773	3.0816181758930075	221.56917839456548	299.4308216054345	-1.4616789278420048	NaN	0.2037257098853495	0.2892998478293053	-36.70846572241072	-0.05456779411995681	-30.697282533657066	0.08395452194879219	0	11.279333443072737	-1.7116823659332132	3.871830172298844	9.641404580219486	14.703750320910306	20.622218892831018	30.89584176175372	0.04605413443000901	1.0170087458303787	19.3647780064014	1.0229218139601495	-0.5865847078864822	1.0931838634857383	-35.75226797616566	1.0931838634857383	-0.013306649193834022	1.0931838634857383	0.05285917298545751	1.3117810120759825	NaN	NaN	800000009	800000009	800000009	800000019	800000019	810000019	899999999	899999999	89999	89999	89	89	18	0	0	2	0	0	3	NaN	0	18000	0	0	0	0	0	0	0	NaN	NaN	NaN	NaN	0	0	0	0	0	0	301	151	18000	18000	0	21	18000	18000	18000	18000	80	NaN	0.2446147747904733	0.19609273470473673	0.13789218616340054	0.1046316221456363	87.76506614546875	0.012569350735359239	0.000004898229584560821	NaN	0.016825910512124266	-0.9326364883089033	-0.00034711830263661026	0.00005285917298545751	NaN	17.822449160917685	999.211312286853	82.94579237238561	82.45594165081444	83.43563896772599	-0.9796968167026815	0.0002849768533617155	29.845820713811438	139
DATA	2026-08-02T050000_AIU-1657.ghg	2026-08-02	05:30:00	214.229	1	18000	18000	0.07442734497813637	1	NaN	59.05646971811528	1	NaN	10.34509342176648	1	NaN	8.464198844994183	2	NaN	0.23465640029373175	1	NaN	0.11694645814440134	1	NaN	NaN	NaN	NaN	NaN	NaN	NaN	NaN	NaN	NaN	-4.419251215929542e-10	-2.4628259823474695e-11	-2.0533245120121995e-12	NaN	17.861911376469887	457.69305155633094	469.6730000421569	0.1	0	995.4351378303553	25.50699845371278	26.17463482368706	0.1	1	0.08299211488247726	2.03974823589869	2.0931379011055977	0.6	0	NaN	NaN	NaN	NaN	9	301.71077175309915	295.7758402501912	96790.24795230309	1.129060995540998	1019.7822385164131	0.02540628201564161	0.015205734739033817	0.018091435800337233	2469.4909420192485	2738.306881026331	0.016023435289843298	90.18313320286697	268.81593900708276	294.04716027568224	0.47184540764779914	-0.7270623809258511	-0.0894144766590028	0.8713511020892232	1.519767098621829e-14	-2.4741199991346807e-14	0.8713511020892232	4.05879937253689	218.0174314776525	302.9825685223475	-5.889825595670195	NaN	0.2567482907994332	0.5696108579128892	-24.493003460809515	-0.08178253856065865	5.708645375193825	0.19977220942255694	0	8.826028709054924	-1.3393839076357708	3.0296900459381426	7.544356592533627	11.505619823911877	16.13679539763276	24.175860014771434	0.0733938592811758	1.014081364668415	58.893840711394134	1.0216352247604337	9.459716857792529	1.0935944042812036	7.739797142211532	1.0935944042812036	0.21457351955633536	1.0935944042812036	0.07688201360106976	1.3076407761079059	NaN	NaN	800000009	800000009	800000009	800000019	800000019	800010019	899999999	899999999	89999	89999	89	89	18	12	0	14	6	0	4	NaN	0	18000	0	0	0	0	0	0	0	NaN	NaN	NaN	NaN	0	0	0	0	0	0	301	0	18000	18000	0	16	18000	18000	18000	18000	80	NaN	0.346979472883849	0.3878914033018447	0.4043508396400848	0.27728110457279886	59.144584160154835	0.00508152805988225	0.000002067530548783538	NaN	0.05114992829298367	0.2017878519966559	0.00559424605206946	0.00007688201360106976	NaN	17.863183452524154	995.5077797256913	82.95584636179602	82.46506143061323	83.4466341845194	-0.9815727748970206	0.00028435054714403434	30.119000198417226	041
DATA	2026-08-02T053000_AIU-1657.ghg	2026-08-02	06:00:00	214.249	1	18000	18000	0.0866168252090803	0	NaN	5.741757914502595	1	NaN	8.744667563986884	1	NaN	-2.7053638772347375	2	NaN	0.1983654539119089	1	NaN	0.015523400945385	0	NaN	NaN	NaN	NaN	NaN	NaN	NaN	NaN	NaN	NaN	5.469887965929083e-11	3.0522212660456245e-12	2.570636662653287e-13	NaN	17.727250247648215	454.1797731585258	465.9895460415126	0.2	0	989.1882709739206	25.343428802874367	26.002419264199084	0.1	1	0.08331124823485074	2.0480162347701865	2.1012696115665674	0.1	0	NaN	NaN	NaN	NaN	9	302.86438809712735	295.834665211578	96777.96288643042	1.128763701476662	1019.6889262496314	0.025414560641820703	0.012854081413491697	0.017969564821086543	2453.3433189974535	2748.0961537569115	0.0159196869970026	89.27428960749782	294.752834759458	293.9405351656985	0.4098830041644627	-0.7154246369708825	-0.03810797583208217	0.8254021481131311	-4.970308062586303e-14	3.0855817397031134e-15	0.8254021481131311	3.6866855482012553	221.1906261679344	299.8093738320656	-2.646228411585544	NaN	0.27701265717814916	0.5070876552041381	-316.36528770301913	-0.00633160488163406	0.6566010511536019	0.018008375037722645	0	11.432709210513346	-1.7349577303698234	3.924479110028471	9.772507879378068	14.903691124248267	20.90263871240455	31.31596175065633	0.08538436816281392	1.0144342234156525	6.184705875716825	1.0217444568362928	7.998034269393649	1.0933520999591615	-2.474375708736268	1.0933520999591615	0.18142870345181408	1.0933520999591615	0.010337303568863435	1.308134730885438	NaN	NaN	800000009	800000009	800000009	800000019	800000019	800000019	899999999	899999999	89999	89999	89	89	18	1	0	9	9	0	6	NaN	0	18000	0	0	0	0	0	0	0	NaN	NaN	NaN	NaN	0	5	0	0	0	0	301	0	18000	18000	0	21	18000	18000	18000	18000	81	NaN	0.3834106783768774	0.3842839430684274	0.24648068896297137	0.0602916184161503	46.38585791218434	0.01888848949767789	1.5619322936003872e-7	NaN	0.005373389383032576	-0.06452078811952727	0.004730859138684958	0.000010337303568863434	NaN	17.7285131153391	989.2602786845093	83.02823360358346	82.54099198913569	83.51547434149848	-0.9744835227893492	0.000285117380815791	31.18009214026397	163
DATA	2026-08-02T060000_AIU-1657.ghg	2026-08-02	06:30:00	214.27	1	18000	18000	0.08431706135653909	1	NaN	14.942527751796156	1	NaN	-1.2018182672762332	2	NaN	-26.47688010501153	1	NaN	-0.027258745970767426	2	NaN	0.04403832568021597	0	NaN	NaN	NaN	NaN	NaN	NaN	NaN	NaN	NaN	NaN	4.2634427071813204e-10	2.3409346903563763e-11	1.9617319833167896e-12	NaN	18.010935707986704	461.37826866673083	473.3701371810144	0.1	1	988.9290674314982	25.33296372622231	25.991402995500966	0.1	1	0.0828734688243983	2.036013525194294	2.088932373231909	0.2	0	NaN	NaN	NaN	NaN	9	302.98589616478813	295.7023534486474	96787.15598689043	1.1293805493070377	1019.6806400322831	0.025400781141921843	-0.001766366738905729	0.01797188880206192	2452.563209478097	2726.1204866744483	0.015913049691788177	89.96532697166077	273.55727719635115	293.9353684398548	0.38600542092719187	-0.528843720757835	-0.09713716274919906	0.6618999126432529	-7.90978393928459e-15	2.3671411504127213e-14	0.6618999126432529	2.7675033141343435	214.8741248976537	306.12587510234624	-8.438924182480378	NaN	0.2732357861791389	0.352190002204578	-116.6678488186539	-0.017169254599984758	-12.4332672906208	0.04748779609197816	0	11.885145431544482	-1.8036166724214104	4.079785823893294	10.159243556244311	15.493487433024269	21.7298364215812	32.55525465416108	0.08297604523245451	1.0161614851651193	14.662112235429642	1.022485388637238	-1.0995263623796907	1.0930326988023766	-24.223319333467284	1.0930326988023766	-0.024938637243546804	1.0930326988023766	0.03102021167342044	1.3105735147085449	NaN	NaN	800000009	800000009	800000009	800000019	800000019	800000019	899999999	899999999	89999	89999	89	89	4	2	0	2	0	0	2	NaN	0	18000	0	0	0	0	0	0	0	NaN	NaN	NaN	NaN	0	2	0	0	0	0	301	151	18000	18000	0	21	18000	18000	18000	18000	80	NaN	0.22784478725972723	0.25890435937756523	0.2176308577718636	0.04105249913309578	51.49351236509191	0.003750916429985704	5.520849962884811e-7	NaN	0.012731866085263062	-0.6312879166027549	-0.0006499299345254943	0.00003102021167342044	NaN	18.012235671045	989.0012825216095	83.09068739022149	82.61177599292333	83.56960158284505	-0.9578253790107026	0.00028483177894506506	20.14360112991556	073
DATA	2026-08-02T063000_AIU-1657.ghg	2026-08-02	07:00:00	214.291	1	18000	18000	0.07866463922916359	0	NaN	26.156905865809115	1	NaN	-15.018602085557086	1	NaN	-24.819220068122085	1	NaN	-0.34075137847451736	1	NaN	0.04878742726940399	0	NaN	NaN	NaN	NaN	NaN	NaN	NaN	NaN	NaN	NaN	-8.270545918798227e-11	-4.569097942135907e-12	-3.8340828186662604e-13	NaN	17.976417914538047	460.7607880099247	472.7957683041655	0.1	0	993.1147823459013	25.454923882690636	26.11980144018145	0.1	1	0.08333558116234936	2.050567184517576	2.1041275922169267	1	0	NaN	NaN	NaN	NaN	9	303.499990041097	296.03756123854527	96790.53833152913	1.1280886282024154	1019.7567662934326	0.02542868679691516	-0.022080689325148724	0.018038593179770163	2464.456672931841	2782.095769546011	0.0159904042366904	88.58274038977446	317.6390966141703	294.0139839387562	0.23150198993074161	-0.5009449886757156	-0.015733907915299317	0.5520748218126615	1.1721622786595474e-14	-4.60077528132543e-15	0.5520748218126615	2.8791468281420625	226.19689833730797	294.80310166269203	-1.6331275454916256	NaN	0.2640694536893937	0.24494934330993778	-60.16635352757676	-0.033292694048375315	-1.741633856253731	0.08610500286587147	0	16.06483986990922	-2.4379014288076046	5.514539669865387	13.731983497425588	20.94214126967069	29.371650900081516	44.004085263873044	0.07727731900342644	1.0179524890825422	24.874327027962767	1.0234403991288958	-13.734567348656896	1.093489274492928	-22.697268868623546	1.093489274492928	-0.31161840031081267	1.093489274492928	0.032536478638401256	1.3131254074461916	NaN	NaN	800000009	800000009	800000009	800000019	800000019	800000019	899999999	899999999	89999	89999	89	89	30	3	0	9	8	0	5	NaN	0	18000	0	0	0	0	0	0	0	NaN	NaN	NaN	NaN	0	35	0	0	0	0	301	0	18000	18000	0	16	18000	18000	18000	18000	84	NaN	0.27327212017802005	0.12092877876934778	0.09569778767250775	0.04605086016311693	55.93059240619016	0.024239114276975473	6.824248699825106e-7	NaN	0.02162277966281986	-0.5922412407402398	-0.008131078197372408	0.000032536478638401254	NaN	17.97767382326691	993.1853469907121	83.40677663040164	82.97537249035307	83.83817800564233	-0.8628074536091839	0.00028519599387719714	28.113234987295716	007
DATA	2026-08-02T070000_AIU-1657.ghg	2026-08-02	07:30:00	214.312	1	18000	18000	0.041555777663484644	1	NaN	103.60202317448869	1	NaN	15.940141951554414	1	NaN	-47.98865789941905	1	NaN	0.36260738756754124	1	NaN	NaN	NaN	NaN	NaN	NaN	NaN	NaN	NaN	NaN	NaN	NaN	NaN	4.336362547927709e-10	2.3319860024083354e-11	NaN	NaN	18.611229524449424	477.0001017157507	489.5581785632577	0.1	1	1000.864809132844	25.651857935173435	26.32719951701487	0.1	1	NaN	NaN	NaN	NaN	0	NaN	NaN	NaN	NaN	9	301.1694004135131	298.7343665136421	96932.34302206252	1.1196230153629978	1019.8012718403322	0.025831650375644347	0.02349695871437667	0.01789457820889847	2466.886777992872	3266.2799982067218	0.01598268163779823	75.52588202319646	799.3932202138499	294.03000597739793	0.36423255936072646	-0.3399914528105971	-0.06747177491950777	0.5028041225900244	-5.184443301619334e-15	2.3299710221890844e-14	0.5028041225900244	2.641533479718341	204.0285180774431	316.9714819225569	-7.711840445853937	NaN	0.1926547841873487	0.23370315747703183	-5.905556060901076	-0.33918905846342345	6.499441691884423	0.47097848849489	1	1.5693033873434845	1	1	2	3	6	14	0.040780248264333	1.019017279986251	102.94320877118129	1.0240541089735862	14.571113984181933	1.0939549281447298	-43.867125294462014	1.0939549281447298	0.33146465017758797	1.0939549281447298	NaN	1	NaN	NaN	800000009	800000019	800000009	800000019	800000009	800001019	899999999	899999999	89999	89999	89	89	9	14	0	1	10	0	0	NaN	0	18000	0	0	0	0	0	0	0	NaN	NaN	NaN	NaN	0	15119	0	0	0	0	301	0	18000	18000	0	16	18000	18000	18000	18000	80	NaN	0.11480005421505239	0.17303288423030175	0.17957337650870953	0.7087094421948689	77.17768345426822	0.0051151459518275835	NaN	NaN	0.09015925918336741	-1.1627517803645244	0.008785875744872454	NaN	NaN	18.61253006210978	1000.9384438560116	82.5379173342388	81.99234200922656	83.08349379221605	-1.091149021628864	0.0002850103014692044	4.233770356215736	076
DATA	2026-08-02T073000_AIU-1657.ghg	2026-08-02	08:00:00	214.333	1	18000	18000	0.06053030866096721	1	NaN	-9.964572529340888	2	NaN	15.684758974763561	2	NaN	4.1371026725246915	2	NaN	0.3558163160983764	2	NaN	0.09663102112566826	1	NaN	NaN	NaN	NaN	NaN	NaN	NaN	NaN	NaN	NaN	2.8283200773117045e-10	1.557923082720549e-11	1.2879172984867196e-12	NaN	18.224577956750387	467.0176238445409	479.34873786831685	0.1	1	1003.8641276643752	25.724724088380736	26.40395863921557	0.1	1	0.0829883060138946	2.0409464599022598	2.0948355258143723	1.2	0	NaN	NaN	NaN	NaN	9	301.15237162526444	295.8947325650896	96783.05354224083	1.1284296281648654	1019.9098043680166	0.025418383864820523	0.02305689728317479	0.018237175836216587	2490.385189128118	2758.1237093801087	0.01616155352627103	90.29272982421207	267.73852025199085	294.1842254547741	0.3468334465817585	-0.44138693881027197	0.045383050922033236	0.5631833544513597	-1.8269088991949726e-14	1.5519262415973228e-14	0.5631833544513597	2.787555104684306	212.84041197620286	308.15958802379714	4.622082134050091	NaN	0.2316056789232728	0.29235161369310986	106.55429277949075	0.018798867204208505	-0.6353028787610744	-0.03738292000830533	0	11.496278563238278	-1.744604624897964	3.946300411717629	9.826846005971902	14.986560195833638	21.018863763590907	31.49008805631075	0.059757360162725946	1.0129347831988635	-8.915937826218142	1.0219773147541706	14.177100925043137	1.1063445945466341	3.739434072274763	1.1063445945466341	0.3216143666740518	1.1063445945466341	0.07257644649865225	1.4067951106960044	NaN	NaN	800000009	800000009	800000009	800000019	800000019	800001019	899999999	899999999	89999	89999	89	89	26	5	0	1	20	0	2	NaN	0	18000	0	0	0	0	0	0	0	NaN	NaN	NaN	NaN	0	662	0	0	0	0	301	151	18000	18000	0	16	18000	18000	18000	18000	80	NaN	0.19221410424968216	0.22256236261673304	0.1699267605198045	0.08836382110982557	71.78922865405666	0.009307248896714611	0.000001156512549058986	NaN	-0.007746950556307815	0.09756076772468733	0.008390827038948823	0.00007257644649865225	NaN	18.225839572056387	1003.9365573918873	82.18155096647472	81.58538438542676	82.77771865717571	-1.1923349790440703	0.00028491385701474625	18.748990931934824	184
DATA	2026-08-02T080000_AIU-1657.ghg	2026-08-02	08:30:00	214.354	1	18000	18000	0.09871798867518594	0	NaN	8.491844856638204	2	NaN	14.973680131627862	2	NaN	33.03178206570368	1	NaN	0.33970460780905287	2	NaN	0.054869228411402744	1	NaN	NaN	NaN	NaN	NaN	NaN	NaN	NaN	NaN	NaN	2.190754212483056e-10	1.2002860580613437e-11	9.884826588193193e-13	NaN	18.47241191154026	473.61463219420847	486.23173131137406	0	0	1012.0796915441081	25.948736589315423	26.640011223284844	0.1	1	0.08334873322201226	2.0505473187972973	2.105173922383934	0.2	0	NaN	NaN	NaN	NaN	9	301.21802624426954	295.953853930998	96783.95460148921	1.1281182055510695	1020.0400634469677	0.025423225902617298	0.022012858586026626	0.018392482651190666	2512.0950062162606	2768.024538501016	0.016303683923092265	90.75407285141516	255.92953228475562	294.32557801635426	0.5932779026291536	-0.5639122752022973	0.10821203619372496	0.8256425186780825	2.3148326136496678e-14	1.185960026754507e-14	0.8256425186780825	3.865070041635946	204.54633618776143	316.4536638122386	7.5310828799403176	NaN	0.29581544480179334	0.5429601139321594	-260.5335730645648	-0.007688452495539209	0.5671180886722343	0.024946485400635862	0	11.614322938224932	-1.7625183142203025	3.986821225740038	9.927748562262979	15.140442960746283	21.23468652938894	31.813429887533292	0.09731353473472373	1.0144322569752577	9.26550273360267	1.021743788712762	13.695182377614008	1.0933538319360883	30.21142936611077	1.0933538319360883	0.3106996087510948	1.0933538319360883	0.04037711267995903	1.3081320789808129	NaN	NaN	800000009	800000009	800000009	800000019	800000019	800000019	899999999	899999999	89999	89999	89	89	15	3	0	10	11	0	3	NaN	0	18000	0	0	0	0	0	0	0	NaN	NaN	NaN	NaN	0	5	0	0	0	0	301	0	18000	18000	0	16	18000	18000	18000	18000	80	NaN	0.330223786531503	0.4854789155840681	0.2702175257487475	0.06508021150622209	55.18587092256699	0.008660501653114858	8.852037777778286e-7	NaN	0.008051877352224419	0.7885390749679773	0.008109473375408202	0.000040377112679959035	NaN	18.473729359732744	1012.1526858269739	82.57219992701212	82.0406968616909	83.10370214335123	-1.0630028918782897	0.00028495254988471664	27.047623739058345	152
DATA	2026-08-02T083000_AIU-1657.ghg	2026-08-02	09:00:00	214.374	1	18000	18000	0.1733860647989628	1	NaN	-21.999741424622812	0	NaN	4.6377056486720285	0	NaN	30.243364829719095	0	NaN	0.10524639976494989	0	NaN	0.06215788159816734	0	NaN	NaN	NaN	NaN	NaN	NaN	NaN	NaN	NaN	NaN	-1.5367227728636645e-10	-8.623824061724972e-12	-7.012653866831501e-13	NaN	18.190647247392892	466.59868413588123	479.14495887419247	0.1	0	1020.8278565306032	26.18471614058142	26.888791513731757	0.1	1	0.08301088199655052	2.045265661477565	2.1002603834392297	0.1	0	NaN	NaN	NaN	NaN	9	301.40536759524883	296.2655608014152	96813.71651298927	1.1271762465337856	1020.1817053872044	0.025442178662488293	0.006819966704768752	0.018545919325436987	2535.719682967353	2820.739902780211	0.0164534334204328	89.89555118031502	285.02021981285816	294.47818795152733	0.724665846472079	-0.5910948847814073	0.13416317745755185	0.9447399166137509	-1.682878623628692e-14	-8.447872975404488e-15	0.9447399166137509	3.97075877794827	200.2034110183355	320.7965889816645	8.164213572715418	NaN	0.39220324344779944	0.7613077344880085	234.44214187377128	0.00854411235109135	-4.743669195763269	-0.048779465378152524	0	13.251775774928708	-2.0110080995235755	4.548905796682456	11.327418618952814	17.275028111072295	24.228472553680216	36.29866689116182	0.17146975028224593	1.0111758168047864	-21.45146391822894	1.0213250425328415	4.193585550009611	1.105904623469861	27.347172792196314	1.105904623469861	0.09516770029835954	1.105904623469861	0.05122568702014965	1.38973955931663	NaN	NaN	800000009	800000009	800000009	800000019	800000019	800001019	899999999	899999999	89999	89999	89	89	14	3	0	4	2	0	1	NaN	0	18000	0	0	0	0	0	0	0	NaN	NaN	NaN	NaN	0	45	0	0	0	0	301	0	18000	18000	0	16	18000	18000	18000	18000	81	NaN	0.3798031687221414	0.8012312802282499	0.3415810200256257	0.17638871376260812	64.27864574355428	0.009580770108964356	4.597553146950452e-7	NaN	-0.018654670218771905	0.7144852684153583	0.0024863966892968493	0.00005122568702014965	NaN	18.192036010919818	1020.9000433767048	82.98349456278477	82.51651993009784	83.45047126007074	-0.9339494513405506	0.00028542229614686215	27.411996840186426	173
DATA	2026-08-02T090000_AIU-1657.ghg	2026-08-02	09:30:00	214.395	1	18000	18000	0.23661724283123012	1	NaN	28.182491303614665	1	NaN	11.756342896434095	0	NaN	4.660170845086032	0	NaN	0.2669460708539598	0	NaN	0.11937456064656508	0	NaN	NaN	NaN	NaN	NaN	NaN	NaN	NaN	NaN	NaN	-9.846081972250023e-13	-5.717747742120523e-14	-4.617451458221122e-15	NaN	17.682604604443114	454.2383753006817	466.54499850296145	0.1	0	1026.8518263083297	26.378212694957394	27.092874295645682	0.1	1	0.08292493262401214	2.0487381673004137	2.1042443729317752	0.3	0	NaN	NaN	NaN	NaN	9	302.44961575826	296.85273848045586	96814.75650416232	1.124875632345872	1020.3035525892134	0.025492329442778724	0.017298105391336596	0.01864621285294543	2554.4852689572385	2922.4277774189545	0.016576243912457843	87.40969712563171	367.942508461716	294.5985246098688	0.7224223859352098	-0.3177028734982856	0.14493681427872368	0.8023938556984664	1.461593258973766e-15	-5.56823058169609e-17	0.8023938556984664	4.3436008326043405	184.738664373843	336.261335626157	10.40648758522474	NaN	0.45863895607084515	0.6593745498432084	-292.6686855166532	-0.0068442580266621	2.397215830797425	0.05353952744072752	0	16.76494590861971	-2.5441452212083053	5.754863417555697	14.330423609363956	21.8548001996789	30.65166802621298	45.921784168477366	0.23320565102210067	1.014629112948923	28.514410026734403	1.0218130836072474	10.753544960049414	1.0932527775826655	4.2626654518000135	1.0932527775826655	0.2441759822867451	1.0932527775826655	0.0863354652604598	1.3084064216132363	NaN	NaN	800000009	800000009	800000009	800000019	800000019	800001019	899999999	899999999	89999	89999	89	89	33	10	0	4	15	0	5	NaN	0	18000	0	0	0	0	0	0	0	NaN	NaN	NaN	NaN	0	3	0	0	0	0	301	151	18000	18000	0	21	18000	18000	18000	18000	87	NaN	0.3647142167312943	0.6945613557141087	0.25947352724101375	0.21293219711431927	2.1506623898801984	0.019231125054326628	0.0000014126282556538693	NaN	0.024844512677413947	0.11161013766919678	0.006393303745436308	0.0000863354652604598	NaN	17.683862109046245	1026.9220574103076	83.96873203531905	83.64168999014957	84.29577122963802	-0.6540828394260786	0.0002855083807145194	27.944356986098835	142
DATA	2026-08-02T093000_AIU-1657.ghg	2026-08-02	10:00:00	214.416	1	18000	18000	0.18933613661743615	0	NaN	-0.09839280376556263	1	NaN	49.621737456239174	1	NaN	8.93174107738773	0	NaN	1.126721698887785	1	NaN	0.09419931510544452	0	NaN	NaN	NaN	NaN	NaN	NaN	NaN	NaN	NaN	NaN	6.741808239831024e-10	3.9351541268656666e-11	3.155487678492113e-12	NaN	17.630765383345178	453.1454631046679	465.45671704848996	0.2	0	1029.0974867569066	26.449836242323638	27.16843695062763	0.1	1	0.0825203876325699	2.038680617185332	2.0940683829957982	0.2	0	NaN	NaN	NaN	NaN	9	303.4304421174791	296.83707498185015	96802.06536880098	1.1247567561629688	1020.3445559601115	0.025494326303852812	0.07301156608792847	0.018695377613531353	2561.085576791355	2919.6741726242176	0.016621707325688233	87.71819817447091	358.58859583286267	294.64066595393706	0.5686085793721225	0.02001925218878978	0.0828453835446948	0.5749607330666601	-3.971783537861897e-15	3.8238885795619754e-14	0.5749607330666601	4.250035371829665	158.983595184945	2.016404815054992	8.284515316692294	NaN	0.4102867107158012	0.5395203998166099	60007.668575197466	0.00003338073362223452	-0.001982856885096659	-0.00020896349516310586	0	17.41752571012418	-2.6431767237555963	5.978872945960018	14.888239008557433	22.705503879485793	31.84479203301593	47.709301346328104	0.18607596736588114	1.0175206357796036	2.8602911218986953	1.0231996666097665	45.38567838874772	1.0933347086102316	8.169265099743441	1.0933347086102316	1.0305368429398831	1.0933347086102316	0.07146915611769104	1.3125084829980265	NaN	NaN	800000009	800000009	800000009	800000019	800000019	800000019	899999999	899999999	89999	89999	89	89	20	20	5	3	8	0	1	NaN	0	18000	0	0	0	0	0	0	0	NaN	NaN	NaN	NaN	0	40	0	0	0	0	301	0	18000	18000	0	21	18000	18000	18000	18000	87	NaN	0.5690995411672015	0.3212006649777922	0.18874059348822614	0.020341747268479708	2.3132387850211757	0.04874938673907353	7.589784773810973e-7	NaN	0.0024923255857421905	0.21392983708206098	0.026986831278631704	0.00007146915611769104	NaN	17.632019855430592	1029.1679242393345	84.10308360671996	83.79753674485949	84.40863122134739	-0.6110941920147981	0.00028535374989345047	26.911821282492706	173
DATA	2026-08-02T100000_AIU-1657.ghg	2026-08-02	10:30:00	214.437	1	18000	18000	0.22701375007614888	1	NaN	1.6157184916069562	1	NaN	26.150968666350646	1	NaN	4.513284255223668	1	NaN	0.5960698126372841	1	NaN	NaN	NaN	NaN	NaN	NaN	NaN	NaN	NaN	NaN	NaN	NaN	NaN	1.2487706644958307e-10	7.273681970588355e-12	NaN	NaN	17.539534639257614	451.2688569313758	463.4506287128083	0.2	0	1021.6207067098667	26.284939595974336	26.994488084705058	0.1	1	NaN	NaN	NaN	NaN	0	NaN	NaN	NaN	NaN	9	303.2945166329278	300.7821956915892	96942.98252162436	1.111861669687539	1020.2017139026439	0.026011069039718154	0.038625323858896006	0.01820973289916419	2527.532795130319	3684.541947049498	0.016377696430781342	68.59829068181223	1157.0091519191792	294.4254440543793	0.8339334172443209	-0.2844726037232268	0.11624697061827476	0.8887536018738794	1.910305244974045e-14	7.119747987502402e-15	0.8887536018738794	5.390683873961097	179.83561142817007	341.16438857183	7.515693604077558	NaN	0.4518566749194908	0.8169802212886335	-4886.8476047051945	-0.000409896146151838	0.061784269340888966	0.003152304673522842	0	14.83671861448282	-2.2515292901745214	5.092965384824472	12.682203919856216	19.341161176766075	27.126253555977275	40.64007087743749	0.22388836351435074	1.0139595757132676	3.15772368435552	1.021602664986684	23.910547264502775	1.0937001306186735	4.126619471710804	1.0937001306186735	0.545002963746658	1.0937001306186735	NaN	1	NaN	NaN	800000009	800000009	800000009	800000019	800000009	800000009	899999999	899999999	89999	89999	89	89	30	23	1	8	7	0	1	NaN	0	18000	0	0	0	0	0	0	0	NaN	NaN	NaN	NaN	0	4891	0	0	0	0	301	0	5	18000	0	21	18000	18000	18000	18000	87	NaN	0.5608647702609659	0.7312631966479549	0.34183247566834624	0.0345666918860672	4.757725136359619	0.059809347790809556	NaN	NaN	0.002783795427213493	0.11021125193345005	0.014555608859437212	NaN	NaN	17.54083619958653	1021.6859339611211	84.24435859002008	83.95478924306232	84.53392714352078	-0.5791381139854576	0.0002864106039536029	20.107092446407428	168
DATA	2026-08-02T103000_AIU-1657.ghg	2026-08-02	11:00:00	214.458	1	18000	18000	0.45080881123622263	1	NaN	-16.20094709735576	1	NaN	38.77469738445957	0	NaN	2.86348161624393	2	NaN	0.8805590235134715	0	NaN	0.10674196697820165	0	NaN	NaN	NaN	NaN	NaN	NaN	NaN	NaN	NaN	NaN	1.259129491717694e-10	7.556017844808574e-12	5.93739359505771e-13	NaN	17.25252610570845	444.23760335896986	456.4047301257607	0.1	0	1035.321593054915	26.658634242108267	27.388781757313417	0.1	1	0.08135385492310108	2.011488595147865	2.066580817287695	0.2	0	NaN	NaN	NaN	NaN	9	303.55489105055074	296.99226659728413	96774.27547873092	1.1237566679355506	1020.4676715400796	0.0255149800117336	0.05706022472367295	0.01882770815625889	2580.5620368536097	2947.05669267457	0.0167542571212033	87.56404460314769	366.49465582096036	294.7644664512845	0.9956510004709107	-0.3237715474700146	0.19414609616703843	1.0648200018532343	-7.951455284671286e-15	7.298232641427959e-15	1.0648200018532343	5.765809344285229	179.0137885990864	341.9862114009136	10.505366508236204	NaN	0.6333737455097825	1.222437408860082	1340.5290725619973	0.0014942607668863965	-0.41782265730457774	-0.02230533828959681	0	16.489713698482	-2.5023776714672454	5.660385106316999	14.095159255770847	21.49600721616065	30.14845576527008	45.16788050430518	0.44600760012757684	1.0107648638885804	-13.715634896213626	1.0209201997686812	35.120035297614315	1.1040620277250552	2.59358762853587	1.1040620277250552	0.7975630004483382	1.1040620277250552	0.08192469692634276	1.3769404563238858	NaN	NaN	800000009	800000009	800000009	800000019	800000019	800001019	899999999	899999999	89999	89999	89	89	25	11	0	4	17	0	6	NaN	0	18000	0	0	0	0	0	0	0	NaN	NaN	NaN	NaN	0	34	0	0	0	0	301	151	0	18000	0	21	18000	18000	18000	18000	87	NaN	0.8381897540896788	1.0909295346112908	0.5157555290191946	0.07863018943394522	2.6854953288948287	0.05361845342208016	3.482389928189894e-7	NaN	-0.01196036362230928	0.06798829784298838	0.02090731395632085	0.00008192469692634276	NaN	17.25375508014291	1035.3908677604759	84.22242853503755	83.9417119895087	84.50314543194246	-0.5614325759543398	0.00028652929249801674	28.164870097912086	250
DATA	2026-08-02T110000_AIU-1657.ghg	2026-08-02	11:30:00	214.479	1	18000	18000	0.43053666701734317	1	NaN	-2.5544726289646427	2	NaN	73.09367044919999	1	NaN	8.140704684595358	0	NaN	1.6599295071715487	1	NaN	0.0559872390417252	0	NaN	NaN	NaN	NaN	NaN	NaN	NaN	NaN	NaN	NaN	3.153493798290751e-10	1.900988851893419e-11	1.489108378000827e-12	NaN	17.2552732095727	444.7318902264482	456.98330361326924	0.1	0	1040.1822266323206	26.80932386358913	27.547863456751106	0.1	1	0.08148096538193622	2.0147411344449218	2.0702429481173104	1.2	0	NaN	NaN	NaN	NaN	9	304.4370365575154	296.99183798534244	96781.83980313118	1.123781438782604	1020.5547163775949	0.025512948979197352	0.10756343206471636	0.01893564027793187	2595.3516763176012	2946.980759349853	0.016849931511989474	88.06815816775722	351.62908303225186	294.8579303077704	0.9811073518186759	-0.21667346512364136	0.17088876399870967	1.0191771170617714	-2.282140116457758e-15	1.8275536759054554e-14	1.0191771170617714	6.274955341209598	173.45363537571302	347.546364624287	9.65256575298393	NaN	0.6189622247793689	1.2357006735008575	7935.310627642125	0.00025242868162240995	-0.03494793206123091	-0.0035984788954425816	0	17.051842688948888	-2.587682914478121	5.853345798276176	14.575658662115659	22.228799128527314	31.176206841689748	46.70763889754833	0.42492242440696776	1.0132123942816404	1.8447749946958882	1.0214881211954734	66.77055976149916	1.0946990816055255	7.436477130003529	1.0946990816055255	1.516334063911916	1.0946990816055255	0.04102816629850175	1.3064561394661853	NaN	NaN	800000009	800000009	800000009	800000019	800000019	800000019	899999999	899999999	89999	89999	89	89	22	17	0	8	24	0	4	NaN	0	18000	0	0	0	0	0	0	0	NaN	NaN	NaN	NaN	0	4	0	0	0	0	301	0	0	18000	0	21	18000	18000	18000	18000	87	NaN	1.0398049106944838	0.9786398670945368	0.4529565692126948	0.03660467498558276	1.7451252087717595	0.05365128811465402	2.0797612016719657e-7	NaN	0.001608515515870419	0.19495446086204213	0.039752168230840323	0.00004102816629850175	NaN	17.25645852752563	1040.2524220434666	84.30932220670913	84.04845003128051	84.5701926913791	-0.5217431489196087	0.00028673714766046037	27.464194222556223	095
DATA	2026-08-02T113000_AIU-1657.ghg	2026-08-02	12:00:00	214.499	1	18000	18000	0.8259628705003871	0	NaN	29.955247163949682	0	NaN	105.3179889268381	0	NaN	5.325916271628013	0	NaN	2.393259259671133	0	NaN	0.12191661343025355	0	NaN	NaN	NaN	NaN	NaN	NaN	NaN	NaN	NaN	NaN	-4.485742269732761e-12	-2.7333422080543136e-13	-2.1329733552588345e-14	NaN	17.077386730149907	441.5395129947534	453.7474841572413	0.1	1	1040.593488122229	26.904768816871986	27.648649335338018	0.1	1	0.08120308453439214	2.013940673902541	2.0696234133774465	-0.1	0	NaN	NaN	NaN	NaN	9	304.93028111436627	297.65000950960774	96774.22385423435	1.1211673873079058	1020.621393290314	0.025571501175667657	0.1550832000266894	0.018959541681043978	2604.3865320063414	3065.6148982759864	0.016910536192609682	84.95478455141165	461.228366269645	294.9147973576178	1.1166751335373528	-0.05606881621151945	0.16514098468492677	1.1302117548648551	3.236512314737012e-14	-2.6267146962323226e-16	1.1302117548648551	7.395364659305676	163.87443575477084	357.12556424522904	8.401856520498972	NaN	0.858311703215311	1.902134383878173	-1804.3595498728027	-0.001110144594042361	0.2844266916714378	0.030499502078872448	0	18.790402624212184	-2.8515160920614835	6.450137164333049	16.06175354595192	24.495187593330556	34.354848888602994	51.46982390824225	0.8155563973332778	1.0127599675523808	35.8799118083912	1.0215356246129914	96.11146851378743	1.0957900295918377	4.8603437956191495	1.0957900295918377	2.1840491289764516	1.0957900295918377	0.08323140225435297	1.305875818608681	NaN	NaN	800000009	800000009	800000009	800000019	800000019	800000019	899999999	899999999	89999	89999	89	89	19	26	0	19	4	0	5	NaN	0	18000	0	0	0	0	0	0	0	NaN	NaN	NaN	NaN	0	0	0	0	0	0	301	0	0	18000	0	16	18000	18000	18000	18000	87	NaN	1.9890230800922684	1.1319535552076454	0.6832921324564324	0.07678884098438228	1.7177005076292318	0.056238356008775185	1.8681937251273673e-7	NaN	0.031355681406279236	0.12772358230911574	0.057394001416815596	0.00008323140225435296	NaN	17.078643847152996	1040.6651558461958	84.6907519425286	84.50377857165867	84.87772661760118	-0.3739464119407922	0.00028724162815423277	27.894026409396417	064
DATA	2026-08-02T120000_AIU-1657.ghg	2026-08-02	12:30:00	214.52	1	18000	18000	0.6612194628634074	0	NaN	7.650558916207106	0	NaN	132.80138233932453	0	NaN	4.798739458882738	0	NaN	3.0179359009780065	0	NaN	0.14054057653002044	0	NaN	NaN	NaN	NaN	NaN	NaN	NaN	NaN	NaN	NaN	3.99854859160308e-10	2.4336126254398806e-11	1.9044835093500486e-12	NaN	17.036411805656847	440.4674342825729	452.60071116570964	0.1	1	1036.8769045224376	26.807905033746966	27.54636538090311	0.1	1	0.0811433563931307	2.012829964503742	2.068276114155592	-0.1	0	NaN	NaN	NaN	NaN	9	305.2615471157498	297.69799525338647	96764.99748116257	1.120921269642532	1020.5663230855498	0.025578062284541264	0.1955622463833748	0.01888643680710234	2594.762694041334	3074.424929648007	0.016849030630960667	84.39831036428689	479.6622356066732	294.85421713060833	1.278282591572454	-0.023566437733931234	0.10147236827736072	1.282520332169643	-1.3167817286483832e-14	2.347060306604812e-14	1.282520332169643	7.390071826279243	162.05618623161809	358.9438137683818	4.537956411956502	NaN	0.7680425117041868	1.9532314154792612	-5061.585438981588	-0.00039574556710496463	0.057609030730259636	0.008707461470608567	0	18.020509686807554	-2.7346818685443686	6.185857832621851	15.403660642640295	23.491554392613153	32.94723905426888	49.36096787631477	0.6531620083913252	1.0123360733915416	15.493384483539245	1.0217619691203814	120.99695865958412	1.0975596726604615	4.372190030680241	1.0975596726604615	2.749678196232004	1.0975596726604615	0.10214049433545407	1.305388675072554	NaN	NaN	800000009	800000009	800000009	800000019	800001019	800001019	899999999	899999999	89999	89999	89	89	19	29	0	11	17	0	8	NaN	0	18000	0	0	0	0	0	0	0	NaN	NaN	NaN	NaN	0	471	0	0	0	0	301	151	0	18000	0	16	18000	18000	18000	18000	87	NaN	2.064775846845995	1.2342385607802155	0.6074484233323115	0.02331229534225333	0.3111396350426267	0.09020008140735636	3.8085622056157176e-7	NaN	0.013543470157882131	0.11491356725894937	0.07226934971397214	0.00010214049433545406	NaN	17.03762564572748	1036.9466873220654	84.76132372919719	84.58626129701403	84.93638562901815	-0.35012241202758476	0.000287115719696481	26.984687563517447	045
DATA	2026-08-02T123000_AIU-1657.ghg	2026-08-02	13:00:00	214.541	1	18000	18000	0.850260138189342	0	NaN	24.675670296287052	0	NaN	129.24333286884504	0	NaN	3.7643562828665167	0	NaN	2.9382102768625162	0	NaN	0.08911376488932167	0	NaN	NaN	NaN	NaN	NaN	NaN	NaN	NaN	NaN	NaN	-3.913072117325644e-11	-2.3923644042604295e-12	-1.8693329996331348e-13	NaN	16.970144020206874	439.5217873840921	451.65847150181816	0.2	0	1037.5164901602375	26.87137490717291	27.613384514929507	0.1	1	0.08106891279882758	2.014671646221754	2.0703035490602013	0.3	0	NaN	NaN	NaN	NaN	9	305.48292632124156	298.09485792811915	96746.74664251457	1.1191906818229063	1020.6101091731151	0.025616992145194136	0.19039602594069105	0.01890238250374334	2600.4154469403493	3148.138501922334	0.0168893315596192	82.60168494341876	547.7230549819847	294.88982392093817	1.4937763210526784	-0.15922200068251186	0.07326808333600658	1.5040237880016363	-3.1388831728605565e-14	-2.3058567521090147e-15	1.5040237880016363	8.128676506123112	167.08419937039002	353.91580062960986	2.7922524453168784	NaN	0.8716133363862874	2.5517151951798622	-2293.381006415984	-0.0008734266109277564	0.19092412543498624	0.0247845558605149	0	18.925188352684394	-2.8719703463638098	6.496404743257625	16.176966359403966	24.67089440333665	34.60128018795346	51.83902290033141	0.8401722939699751	1.012006875603693	32.062417429691905	1.022334354084558	117.43434006124382	1.1005582592063163	3.4204061905648113	1.1005582592063163	2.669745333592289	1.1005582592063163	0.057415282734202405	1.3051683294371892	NaN	NaN	800000009	800000009	800000009	800000019	800000019	800001019	899999999	899999999	89999	89999	89	89	3	13	0	21	32	0	1	NaN	0	18000	0	0	0	0	0	0	0	NaN	NaN	NaN	NaN	0	3	0	0	0	0	301	0	0	18000	0	21	18000	18000	18000	18000	87	NaN	2.7879454222495386	1.623329309849521	0.6921556582606648	0.031332049172290224	0.42487323992917647	0.10256585179316348	1.7542218941924734e-7	NaN	0.028069347210236805	0.09004068451745932	0.0702798685100753	0.0000574152827342024	NaN	16.971393146148216	1037.5786323252773	84.83320911873713	84.67754855685764	84.98887317954168	-0.31132643841869556	0.0002878132310126804	28.752254389542117	096
DATA	2026-08-02T130000_AIU-1657.ghg	2026-08-02	13:30:00	214.562	1	18000	18000	0.9394291977722986	0	NaN	55.28621197392696	0	NaN	168.3665526494459	0	NaN	-0.46857629154015396	2	NaN	3.829749247593632	0	NaN	0.20818204489683	0	NaN	NaN	NaN	NaN	NaN	NaN	NaN	NaN	NaN	NaN	1.1555186344869509e-10	7.103693771626713e-12	5.535003257204971e-13	NaN	16.877052162271184	438.2943170550943	450.4310397233915	0.1	1	1037.537662746354	26.94468541899415	27.690805461143217	0.1	1	0.08084208761519901	2.0143183081340896	2.0700964045414496	0.2	0	NaN	NaN	NaN	NaN	9	305.857819589403	298.6633947221456	96713.66773038908	1.1166469763265137	1020.6628902652469	0.025674628229818343	0.24816775124406734	0.01891140293145881	2606.618362992901	3256.423615683787	0.0169358833475487	80.04543237061499	649.8052526908859	294.9288183112876	1.5496478158248275	0.13384974359087048	0.04303190305583212	1.5560128057411697	3.1942993812453625e-15	6.846685211236854e-15	1.5560128057411697	9.139205812343208	156.0633694966208	4.936630503379293	1.5847304139165868	NaN	0.9172211910274889	2.6480248399617254	-1192.5682177669726	-0.0016796523420276198	0.328368141438625	0.05288646456415987	0	20.369603269551057	-3.09116588258674	6.992225643018111	17.411630505605658	26.553835128920877	37.24213132849568	55.79549913494761	0.9283201031441074	1.0119668793022645	64.60424105540473	1.0225011895041103	152.87745819013605	1.101317059052917	-0.42546902155779587	1.101317059052917	3.477426610359639	1.101317059052917	0.1416708451859808	1.3051817668641037	NaN	NaN	800000009	800000009	800000009	800000019	800000019	800000019	899999999	899999999	89999	89999	89	89	2	27	0	16	16	0	7	NaN	0	18000	0	0	0	0	0	0	0	NaN	NaN	NaN	NaN	0	0	0	0	0	0	301	0	0	18000	0	21	18000	18000	18000	18000	87	NaN	3.4495751987137853	1.2087276638464144	0.6377468173632509	0.10724076598184211	0.3379699285364316	0.11898520700504897	3.7068986893528175e-7	NaN	0.05668430287396598	-0.011226330022385805	0.09175459734668528	0.00014167084518598082	NaN	16.878259902172896	1037.6024262361354	85.00003095965914	84.89365303548178	85.10640903684828	-0.21275683596564657	0.0002884906917331844	27.58211349804756	089
DATA	2026-08-02T133000_AIU-1657.ghg	2026-08-02	14:00:00	214.583	1	18000	18000	0.7308067894059636	0	NaN	22.692667164023334	0	NaN	150.09203328065766	0	NaN	5.656517561705317	0	NaN	3.414363725035331	0	NaN	0.16621318709450345	0	NaN	NaN	NaN	NaN	NaN	NaN	NaN	NaN	NaN	NaN	2.0096324554364272e-10	1.233752280522434e-11	9.677261695862198e-13	NaN	16.842514540165247	437.44517910871383	449.51723721340255	0.2	0	1033.9945828128305	26.855606649312158	27.596733673657738	0.1	1	0.08110409462219162	2.0216257791259182	2.077416047340257	-0.2	0	NaN	NaN	NaN	NaN	9	306.49128012254505	298.75256737403805	96690.38083288596	1.1160828668082685	1020.613171388331	0.025688479285655704	0.22125076938228944	0.018838718895382692	2597.3753660294055	3273.6989917764763	0.016879319139856477	79.34068992152321	676.3236257470708	294.8706828287031	1.5256185509269373	-0.018384084576613068	0.041701683959864046	1.5262991082822717	1.8006521078721776e-14	1.1931902749105242e-14	1.5262991082822717	8.220531780091571	161.69039503751958	359.30960496248014	1.5656353644196366	NaN	0.8091947679788007	2.2682570939112265	-1994.6671323915887	-0.0010042277067042762	0.1511916833159974	0.02461925276454977	0	18.544865383759205	-2.8142548685340074	6.365852175259275	15.851872005817851	24.17510500189664	33.905928502968614	50.797259366557206	0.7221495538385466	1.0119881477754848	31.38160276800101	1.022404530516164	136.33798230828555	1.1008820193720603	5.138168724866428	1.1008820193720603	3.101480144968553	1.1008820193720603	0.11763846840867187	1.3051707121642502	NaN	NaN	800000009	800000009	800000009	800000019	800000019	800001019	899999999	899999999	89999	89999	89	89	9	9	1	26	45	0	2	NaN	0	18000	0	0	0	0	0	0	0	NaN	NaN	NaN	NaN	0	3	0	0	0	0	301	151	0	18000	0	16	18000	18000	18000	18000	87	NaN	2.464483103848225	1.4444013852607405	0.6276296987134882	0.08827118043944791	1.217918766871809	0.13501924195362	4.829199242079177e-7	NaN	0.027549740391716093	0.13563528581893047	0.08187160999378888	0.00011763846840867186	NaN	16.843740779858923	1034.0556003009556	85.00599366845026	84.8960868818495	85.11590136422052	-0.21981490491496575	0.0002887927097682323	27.514251301102252	130
DATA	2026-08-02T140000_AIU-1657.ghg	2026-08-02	14:30:00	214.604	1	18000	18000	1.1774615597960125	0	NaN	80.85639803067883	0	NaN	160.18384270045945	0	NaN	0.019692720956699227	2	NaN	3.64593178717421	0	NaN	0.2912031524500791	0	NaN	NaN	NaN	NaN	NaN	NaN	NaN	NaN	NaN	NaN	1.1776144445194636e-10	7.375197852659098e-12	5.726386577901102e-13	NaN	16.739512260339662	436.23989261602037	448.4931554365663	0.1	1	1048.3670224289376	27.32095835134547	28.088359244419895	0.1	1	0.0813992379036547	2.034590346917634	2.0917386514970855	0	0	NaN	NaN	NaN	NaN	9	306.66944024488663	299.31575046261054	96660.67154982862	1.1134426256197816	1020.892047900415	0.025744815439889795	0.23625637980888878	0.01912321644239975	2641.5705649503484	3384.661548073036	0.01717485571540347	78.04533857910413	743.0909831226877	295.1470374941453	1.396425844539186	0.2440843870104625	0.1613520827323488	1.4267504413462009	6.286003364264351e-15	7.034938809475016e-15	1.4267504413462009	9.455166700720854	151.08530552285578	9.914694477144216	6.493506782541508	NaN	1.0283464360091534	2.6499233586674036	-1148.8064806664013	-0.0017436357068929824	0.5047724955748418	0.06917151362922032	0	20.259552890858863	-3.074465313043121	6.954448909238241	17.317561097113312	26.41037334554702	37.04092413747828	55.494054098052885	1.1633959162992646	1.0120901606234707	89.43208962558005	1.0221074227612141	145.69278727307793	1.0994630942177002	0.01791121599284892	1.0994630942177002	3.316102019566556	1.0994630942177002	0.2008522130259425	1.3051891128886597	NaN	NaN	800000009	800000009	800000009	800000019	800000019	800010019	899999999	899999999	89999	89999	89	89	5	15	0	29	31	0	2	NaN	0	18000	0	0	0	0	0	0	0	NaN	NaN	NaN	NaN	0	0	0	0	0	0	301	0	0	18000	0	16	18000	18000	18000	18000	87	NaN	3.2216770790104983	1.2655995726640998	0.8125700656602093	0.09424594647633266	0.20003724728115416	0.0589476027956242	4.863339227350973e-7	NaN	0.0786766236402372	0.00047407665282526323	0.087771067385423	0.0002008522130259425	NaN	16.740692100204868	1048.440574928723	85.06209595574273	84.99408370081582	85.13010993025038	-0.13602634995761156	0.00028949441825453604	28.316442597997636	244
DATA	2026-08-02T143000_AIU-1657.ghg	2026-08-02	15:00:00	214.624	1	18000	18000	0.7856576551320714	0	NaN	51.02313490221653	0	NaN	176.58348604865225	1	NaN	3.6840168150365393	1	NaN	4.01846690223335	1	NaN	0.2040206686988789	0	NaN	NaN	NaN	NaN	NaN	NaN	NaN	NaN	NaN	NaN	-2.1731378529928662e-10	-1.3393108539756492e-11	-1.0502624809818219e-12	NaN	16.759897798971444	436.1695848740233	448.2182526036602	0.1	1	1032.9171250121672	26.88125184471444	27.623814560835967	0.1	1	0.08099942587216673	2.0225358046589275	2.0784059586694767	-0.1	0	NaN	NaN	NaN	NaN	9	306.8725141482883	299.12736448891627	96644.0113126077	1.114138969409523	1020.6350178829498	0.025733047237831437	0.2603966552647211	0.018824049948863237	2598.608869772459	3347.1849811113643	0.016895603210827195	77.63565158295029	748.5761113389053	294.87845163290467	1.5545339046069342	0.39147532768225485	0.1625278241626925	1.6112864073104354	-3.00289805686025e-14	-1.29662953739863e-14	1.6112864073104354	9.715241496501339	146.86521763803387	14.134782361966082	5.789176930023495	NaN	0.8397441572205563	1.908001051410143	-991.121527074607	-0.0020210437825039953	0.2889462431847033	0.05343309345807016	0	19.220023230902726	-2.916712676613682	6.59761201610697	16.428986778838283	25.055241444506965	35.140332378098066	52.64662130933793	0.7763899149759808	1.0119369661781057	60.91077132613323	1.022689835377942	160.2177415994413	1.1021468926339428	3.3425824086228366	1.1021468926339428	3.64603568643187	1.1021468926339428	0.13894923673865625	1.30522228974631	NaN	NaN	800000009	800000009	800000009	800000019	800000019	800000019	899999999	899999999	89999	89999	89	89	7	16	0	16	10	0	0	NaN	0	18000	0	0	0	0	0	0	0	NaN	NaN	NaN	NaN	0	2	0	0	0	0	301	0	0	18000	0	16	18000	18000	18000	18000	87	NaN	2.2895417045634954	0.9083503875175339	0.6181100107392569	0.04350042563701008	0.301742350957629	0.11220788504148997	4.3716363644180994e-7	NaN	0.053565389764247746	0.08839154372223554	0.09641608893731192	0.00013894923673865624	NaN	16.76110048778376	1032.9866899445528	85.10212786102295	85.02687512630887	85.17738139682345	-0.15050673608606158	0.0002888863778045763	28.4648322268592	106
DATA	2026-08-02T150000_AIU-1657.ghg	2026-08-02	15:30:00	214.645	1	18000	18000	0.4732230014259919	0	NaN	17.780655034605264	0	NaN	122.02106375930559	0	NaN	3.0526087184229382	1	NaN	2.777989927305814	0	NaN	0.21105757877226247	0	NaN	NaN	NaN	NaN	NaN	NaN	NaN	NaN	NaN	NaN	1.691757076900757e-10	1.060178254297892e-11	8.225074008177481e-13	NaN	16.657761887813333	434.2535451263465	446.40169374745955	0.2	0	1043.89673670435	27.213491326906894	27.97478283701408	0.1	1	0.08098758752578303	2.0265885971452295	2.0832819730503362	0.1	0	NaN	NaN	NaN	NaN	9	307.13772573004826	299.56687742147386	96615.25028272255	1.1120321124948669	1020.8348671866574	0.025778528871932355	0.18001374728941674	0.019023084077036564	2629.943540950468	3435.187871370025	0.017106595990612074	76.55894348222624	805.2443304195567	295.07472781588353	1.0877097344465172	-0.13936160243275955	0.09794131399994821	1.1009662227472128	1.5605800991661356e-14	1.0155968660702438e-14	1.1009662227472128	6.335199338112158	168.3011801519923	352.69881984800764	5.103745985601456	NaN	0.6523403743798372	1.3498174079312917	-1333.10914068912	-0.0015025776501423908	0.1457179153074649	0.02401047068798252	0	18.266280199113666	-2.7719784919755264	6.27022289637414	15.613741580045895	23.811941077467363	33.39658593524903	50.034171385745395	0.46721201124491823	1.0128656584942175	24.93069837866809	1.021512249075312	111.38552570164117	1.0954840226382099	2.786538785907132	1.0954840226382099	2.535856178546259	1.0954840226382099	0.15557080212391322	1.306006922899796	NaN	NaN	800000009	800000009	800000009	800000019	800000019	800001019	899999999	899999999	89999	89999	89	89	26	11	0	14	17	0	7	NaN	0	18000	0	0	0	0	0	0	0	NaN	NaN	NaN	NaN	0	0	0	0	0	0	301	151	0	18000	0	16	18000	18000	18000	18000	87	NaN	1.3144918963857266	0.961519662203708	0.42362325727314887	0.03475833388021824	1.7655448503014932	0.12331301362778276	9.433695129798479e-7	NaN	0.02196148082986447	0.07384293361222538	0.06719987548337096	0.00015557080212391322	NaN	16.659040083599884	1043.953325067405	85.09583161036174	85.03028047349719	85.16138380304972	-0.13110409041494503	0.0002894346955937281	27.683276549021407	083
DATA	2026-08-02T153000_AIU-1657.ghg	2026-08-02	16:00:00	214.666	1	18000	18000	0.9143435330642103	0	NaN	24.293691774825245	0	NaN	173.26580039001965	0	NaN	4.066681233366047	0	NaN	3.9477380588755056	0	NaN	0.27409298874368504	0	NaN	NaN	NaN	NaN	NaN	NaN	NaN	NaN	NaN	NaN	-2.2069758793713368e-10	-1.3949381690339238e-11	-1.0745598671799257e-12	NaN	16.46914552062978	431.1388158536414	443.2166929137959	0.2	0	1040.946569141689	27.25050128584307	28.013893938639438	0.1	1	0.0801870241928329	2.013974762393087	2.0703940377818637	0	0	NaN	NaN	NaN	NaN	9	307.47267903561067	300.37084686781054	96564.00332292783	1.1084517165181857	1020.8722089277179	0.02586143008702323	0.25581342621513276	0.018987892004895045	2632.12334660525	3601.392330429084	0.01713010293722029	73.08627067275529	969.2689838238339	295.0883055392734	1.4216552017823345	-0.01709164325950476	0.09110294167580751	1.4246737812587706	2.921810691539998e-15	-1.3400670220606212e-14	1.4246737812587706	8.444040021480069	161.68879700639604	359.31120299360396	3.6663677897161713	NaN	0.9082309736013661	2.4970642216083343	-2632.2753707361294	-0.0007609766144792908	0.1402105419542713	0.023637908485730448	0	19.39312041843862	-2.9429808426354773	6.657030679171067	16.57694765127411	25.280891110741692	35.456809243430115	53.12076132324079	0.9034186651545717	1.0120928073893287	34.42727745283297	1.0221016945508357	157.59532662900043	1.099434888687464	3.69888319463917	1.099434888687464	3.590697456934831	1.099434888687464	0.20107456403800897	1.3051904680867972	NaN	NaN	800000009	800000009	800000009	800000019	800001019	800001019	899999999	899999999	89999	89999	89	89	12	19	0	11	27	0	2	NaN	0	18000	0	0	0	0	0	0	0	NaN	NaN	NaN	NaN	0	0	0	0	0	0	301	0	0	18000	0	21	18000	18000	18000	18000	87	NaN	2.822163325532821	1.464947967935433	0.7070171497484151	0.06434887008950287	0.6807422655338395	0.1563523143999686	8.329536202743025e-7	NaN	0.030423874301105047	0.09833891262708742	0.09546267478777878	0.00020107456403800896	NaN	16.4703329242503	1041.0254795412088	85.17359952969022	85.15489865960016	85.19229997380575	-0.037401125625166835	0.00029095891200833855	27.840972361953174	099
DATA	2026-08-02T160000_AIU-1657.ghg	2026-08-02	16:30:00	214.687	1	18000	18000	0.8149255055664849	0	NaN	15.656552237305132	0	NaN	212.4698802383567	1	NaN	10.74349058900487	0	NaN	4.841106392685315	1	NaN	0.23204207280341413	0	NaN	NaN	NaN	NaN	NaN	NaN	NaN	NaN	NaN	NaN	-2.4379534015222925e-10	-1.5623292361642075e-11	-1.1917303740541992e-12	NaN	16.43974907606083	430.36258687338875	442.5682657163187	0.2	0	1053.5189311122892	27.579200291675708	28.36138459805471	0.1	1	0.08036145524167028	2.018941567318825	2.076201545590554	-0.1	0	NaN	NaN	NaN	NaN	9	307.74940592193605	300.3987093354392	96530.92332577304	1.1078300738066127	1021.0618077686381	0.02587269222512475	0.3137036942460084	0.0192085614224762	2662.9597879603384	3607.275740344434	0.01733890591765008	73.82190826659874	944.3159523840955	295.27933474686904	1.5972870106588637	-0.09112102672699755	0.03808131232417359	1.6003371589385922	-1.503209156447398e-14	-1.4829626597357145e-14	1.6003371589385922	8.31782372900749	164.26503481956058	356.7349651804393	1.3635279465713925	NaN	0.8576742669271643	2.6172008285650192	-3438.957287619038	-0.0005824730674066749	0.07368833747042651	0.016137957551914828	0	18.6942884848148	-2.8369304005972076	6.417144290527028	15.979596625200637	24.36989310539463	34.17912158775205	51.20655238986076	0.8053086418752855	1.0119418359510026	28.24611383851809	1.022651605700009	192.80707152887948	1.1019817818587223	9.749245192496495	1.1019817818587223	4.393091131252441	1.1019817818587223	0.16799332822641405	1.305211308644955	NaN	NaN	800000009	800000009	800000009	800000019	800000019	800001019	899999999	899999999	89999	89999	89	89	10	10	0	21	23	0	7	NaN	0	18000	0	0	0	0	0	0	0	NaN	NaN	NaN	NaN	0	1	0	0	0	0	301	0	0	18000	0	16	18000	18000	18000	18000	87	NaN	2.9236394448777676	1.6196811762186074	0.6910810360336638	0.03611680551181525	1.4361379147037139	0.16767806519749706	5.268878677370344e-7	NaN	0.024970861309410675	0.25939504721462003	0.11688557000150196	0.00016799332822641405	NaN	16.440844074223623	1053.583223309091	85.15941707314386	85.14309086227416	85.17574232567681	-0.03265135058584717	0.0002909195490226719	26.877841121483737	166
DATA	2026-08-02T163000_AIU-1657.ghg	2026-08-02	17:00:00	214.708	1	18000	18000	0.5994713437553303	0	NaN	-14.195015043802469	2	NaN	194.54372153486162	0	NaN	30.133619504217947	1	NaN	4.43192054405754	0	NaN	0.17369771064939793	0	NaN	NaN	NaN	NaN	NaN	NaN	NaN	NaN	NaN	NaN	3.626733699920109e-10	2.3333923540446164e-11	1.7564492531696495e-12	NaN	16.530541167643538	432.3176291899465	444.68646894788066	0.1	0	1063.5530910264758	27.814742794397567	28.61053753720436	0.1	1	0.08005841920248302	2.009953932493625	2.0674597949272857	0.1	0	NaN	NaN	NaN	NaN	9	307.89342121717664	300.22712140951745	96536.3231316572	1.1084254626516408	1021.1940316590825	0.025856467352651683	0.2871884512549286	0.019384770042513214	2685.853256726202	3571.175964398142	0.017488564360601953	75.20921073344127	885.32270767194	295.4199096056915	1.3168270558586526	-0.14774928560107825	0.0814069508383701	1.3275882035035238	-1.4998236892150564e-14	2.193959449445603e-14	1.3275882035035238	8.431068370551124	167.40186768503372	353.59813231496634	3.515549966792611	NaN	0.7354124313616505	1.9117827467187525	2391.3729250728616	0.0008376359784783331	-0.07296568057714865	-0.01705258129120683	0	18.009663776367844	-2.7330359597913527	6.182134782541059	15.39438972152445	23.477415652951517	32.92740927085937	49.33125924730769	0.5931708455030217	1.010621726101467	-2.3517467698832784	1.0216143733158458	175.66961227794962	1.1074409456033227	27.21013668841859	1.1074409456033227	4.001947518423272	1.1074409456033227	0.12378817465126586	1.375326026102468	NaN	NaN	800000009	800000009	800000009	800000019	800000019	800010019	899999999	899999999	89999	89999	89	89	4	15	0	19	21	0	1	NaN	0	18000	0	0	0	0	0	0	0	NaN	NaN	NaN	NaN	0	2	0	0	0	0	301	151	0	18000	0	16	18000	18000	18000	18000	87	NaN	1.951239208519876	1.3145571378661483	0.5577691470514808	0.036243793070489	10.584235170098589	0.11365305867003163	7.275085299841878e-7	NaN	-0.002077666294980626	0.7236927377880109	0.10643755263913725	0.00012378817465126586	NaN	16.53194247945772	1063.6325574606042	85.12670476913453	85.10382213295833	85.1495862689548	-0.04576550017508158	0.00029093905246958867	27.98245904168818	196
DATA	2026-08-02T170000_AIU-1657.ghg	2026-08-02	17:30:00	214.729	1	18000	18000	0.5617340941132691	1	NaN	-49.47104322931432	0	NaN	190.79454665980415	0	NaN	24.095586023290114	0	NaN	4.346212100505694	0	NaN	0.13107311348574396	0	NaN	NaN	NaN	NaN	NaN	NaN	NaN	NaN	NaN	NaN	4.2772534214397874e-10	2.7447079490005713e-11	2.0516834447478005e-12	NaN	16.63652386464156	434.8803830320712	447.36463793429215	0.1	0	1067.5635693254937	27.906217531781152	28.70733054266141	0.1	1	0.07980093117734219	2.0029452572244137	2.060444468782411	-0.1	0	NaN	NaN	NaN	NaN	9	307.83001667022705	300.15662285486496	96525.44089065501	1.108522070735897	1021.2452984467603	0.0258533101676508	0.28163454411276895	0.01945089604688298	2694.3824966127813	3556.4354752080567	0.017546692628294194	75.76075864149219	862.0529785952754	295.47201445517317	1.1716137375929438	-0.4267497230564977	0.1524270093294147	1.2561958722342481	-1.1358891126112265e-13	2.5710018849132594e-14	1.2561958722342481	8.280988661045273	181.01369621049116	339.9863037895089	6.969453380131396	NaN	0.7118577536242435	1.908951965924116	622.2866990197067	0.003218934300147343	-0.2592896080909669	-0.06138799292839864	0	15.868403395827105	-2.4080914360088768	5.447109384988204	13.564072553884804	20.686066486227055	29.012502375259313	43.4660153282595	0.5557797951857063	1.0107134138001064	-37.421682911385325	1.0216006737595456	172.27972530215223	1.1074695314563554	21.75733538384907	1.1074695314563554	3.9244529777630053	1.1074695314563554	0.10015059495549664	1.379312839636519	NaN	NaN	800000009	800000009	800000009	800000019	800000019	800000019	899999999	899999999	89999	89999	89	89	13	12	0	14	8	0	3	NaN	0	18000	0	0	0	0	0	0	0	NaN	NaN	NaN	NaN	0	1	0	0	0	0	301	0	0	18000	0	16	18000	18000	18000	18000	87	NaN	1.2466987543683303	1.8540553054098912	0.7171498720700105	0.03451401419814205	10.921382928847237	0.09962145987235271	2.9842679064446577e-7	NaN	-0.033055893450527306	0.5786514447143739	0.10437355242415941	0.00010015059495549663	NaN	16.63774690867014	1067.63471770974	85.07880495791964	85.03577956475152	85.12182897059122	-0.08604972931794042	0.00029070166808540095	27.11071404858872	010
DATA	2026-08-02T173000_AIU-1657.ghg	2026-08-02	18:00:00	214.749	1	18000	18000	0.9242173692477715	0	NaN	7.417943786830161	0	NaN	174.5852138246059	0	NaN	7.283601724760931	0	NaN	3.977578437849667	0	NaN	0.3518793200381119	0	NaN	NaN	NaN	NaN	NaN	NaN	NaN	NaN	NaN	NaN	-2.459526407829643e-10	-1.5623950438437034e-11	-1.192038175680471e-12	NaN	16.50808161105232	431.9235639305841	444.10884881594524	0.2	0	1048.6630601065697	27.437608860640275	28.211669616894227	0.1	1	0.08000834398435186	2.00924119922308	2.065925248116214	0	0	NaN	NaN	NaN	NaN	9	308.104829504225	300.3136132046108	96496.38000609798	1.1078073733292058	1020.9784169127976	0.025874622239977822	0.2577470827726584	0.019108519365211796	2648.3401297765695	3589.3331392043438	0.017248954850143737	73.78362573398896	940.9930094277743	295.18900990611587	1.6822780670414457	0.07718851197677085	0.03391185830020573	1.684389377597541	-1.8428657220264867e-14	-1.4898923241226082e-14	1.684389377597541	8.75990251790688	158.37292164834832	2.6270783516518215	1.1536154694915552	NaN	0.913387234015218	2.8632921872468713	-8764.23653281651	-0.0002285538497848227	0.04248895782367042	0.00718038593883066	0	19.505616194350228	-2.9600525106415447	6.695646838683421	16.673107348529594	25.42754071636863	35.66248740048405	53.428904681974934	0.9133343343115293	1.0119157186228478	17.830941161516428	1.0229557600055708	158.24312126898633	1.1032720564696192	6.601818365696548	1.1032720564696192	3.6052562144804017	1.1032720564696192	0.2667711284987678	1.305308562112578	NaN	NaN	800000009	800000009	800000009	800000019	800000019	800001019	899999999	899999999	89999	89999	89	89	11	17	1	29	22	0	0	NaN	0	18000	0	0	0	0	0	0	0	NaN	NaN	NaN	NaN	0	19	0	0	0	0	301	0	0	18000	0	16	18000	18000	18000	18000	87	NaN	3.3360023041697144	1.6857798639382993	0.7048022063857291	0.02051134525189367	1.7948042925586403	0.12440450670441382	0.00000129663608124529	NaN	0.01576498109058351	0.17563999034846764	0.09591708399694511	0.0002667711284987678	NaN	16.50922461035039	1048.7316320158532	85.14762654050192	85.11651892344157	85.1787335893843	-0.06221222118081214	0.00029088916881462657	27.72404073086161	048
DATA	2026-08-02T180000_AIU-1657.ghg	2026-08-02	18:30:00	214.77	1	18000	18000	0.613833375024819	0	NaN	-25.936747991843603	1	NaN	140.5072609866393	0	NaN	15.11239742384228	1	NaN	3.200845668295018	0	NaN	0.2286756619216687	0	NaN	NaN	NaN	NaN	NaN	NaN	NaN	NaN	NaN	NaN	2.9009646814708203e-10	1.8255157978961366e-11	1.3956833274844691e-12	NaN	16.63156602264758	434.7933297239475	447.02419136505574	0.1	0	1046.5893194777648	27.360625839419196	28.130288127634458	0.1	1	0.08001613930714066	2.008370381229493	2.064866418720486	-0.1	0	NaN	NaN	NaN	NaN	9	307.9557651333279	300.2063434283514	96512.52845010879	1.1084212734078849	1020.9319872897768	0.025861052231716763	0.20741479930551718	0.019064904306921683	2641.3515043191865	3566.8259914978753	0.01720005269143372	74.05327623537812	925.4744871786888	295.14567771038253	1.2765707394233474	-0.3136991825920709	0.011076643361893415	1.3145960299418153	-1.4095051105564888e-13	1.7442522715663164e-14	1.3145960299418153	8.758838456566947	174.80606704332035	346.19393295667965	0.48277372751571185	NaN	0.7441711388366302	2.0882950907160733	1355.7533113065242	0.0014774811783934607	-0.18459364882438284	-0.030799313473319698	0	18.268383982070784	-2.7722977491557153	6.270945056984998	15.61553986207567	23.81468357102755	33.4004323214618	50.03993397319546	0.607361775022009	1.0106552639118185	-17.18814397363318	1.0216545878057268	126.85025403919637	1.1076624327707136	13.643504534174763	1.1076624327707136	2.88973027665875	1.1076624327707136	0.17031983524713218	1.3768180025360048	NaN	NaN	800000009	800000009	800000009	800000019	800000019	800001119	899999999	899999999	89999	89999	89	89	20	17	0	13	28	0	2	NaN	0	18000	0	0	0	0	0	0	0	NaN	NaN	NaN	NaN	0	3	0	0	0	0	301	151	0	18000	0	16	18000	18000	18000	18000	87	NaN	1.8486290555382887	1.7768338777515482	0.55112724814231	0.0298172129795112	4.93982299389999	0.08709829276798628	8.881769792077273e-7	NaN	-0.015188934850901586	0.36276348166511024	0.07683426304495429	0.00017031983524713217	NaN	16.632717595496988	1046.6603338687817	85.14457923867967	85.10510825432672	85.18405009036594	-0.07894160795625797	0.00029039154095031946	27.091494932517296	187
DATA	2026-08-02T183000_AIU-1657.ghg	2026-08-02	19:00:00	214.791	1	18000	18000	0.28110625148074025	0	NaN	-28.416284352225976	0	NaN	136.20662455744716	0	NaN	22.59710589029661	1	NaN	3.1027957162664723	0	NaN	0.30600628862910545	0	NaN	NaN	NaN	NaN	NaN	NaN	NaN	NaN	NaN	NaN	4.1952928514481706e-10	2.641034093967427e-11	2.022038917839567e-12	NaN	16.74660254830046	437.7294735319572	450.1333874102079	0.1	0	1054.2374478796194	27.556084985420082	28.336940115468696	0.1	1	0.08071494242068439	2.0258357373032907	2.0832417232750307	-0.1	0	NaN	NaN	NaN	NaN	9	308.02734531741675	300.1802755898142	96511.5999526408	1.108424079924425	1021.0439829753179	0.025859055413840194	0.2010611624140674	0.0192025830796395	2660.195228227268	3561.375088708958	0.017324220420174178	74.69573302349406	901.17986048169	295.26228776097065	0.8008195251506609	-0.13591449514268605	0.02259128735528069	0.8125853974302043	1.0889695305815875e-14	2.5051605777041225e-14	0.8125853974302043	4.887913109618382	170.63241103652592	350.3675889634741	1.5931275994834777	NaN	0.5035960046910141	0.8923309523905311	383.50363681690834	0.005223157768791425	-0.2086263017276446	-0.04985797225859749	0	17.713729338497956	-2.6881267671222284	6.080550066445034	15.14142941503792	23.091635224723266	32.38634673498515	48.52064897406526	0.277955229364867	1.0113364376092993	-19.878651175547123	1.0207077178643802	123.5772066807325	1.102198602929611	20.501845883522424	1.102198602929611	2.8150967602565764	1.102198602929611	0.22818586094943472	1.3816179141133105	NaN	NaN	800000009	800000009	800000009	800000019	800000019	800001019	899999999	899999999	89999	89999	89	89	15	11	0	28	41	0	0	NaN	0	18000	0	0	0	0	0	0	0	NaN	NaN	NaN	NaN	0	15	0	0	0	0	301	0	0	18000	0	21	18000	18000	18000	18000	87	NaN	0.7569426273043972	0.755106563027535	0.27261271444913	0.022754947218141273	15.577283548668142	0.13159472938473527	0.0000024692613927055153	NaN	-0.017564529081631735	0.5451855787375751	0.07485912074269621	0.0002281858609494347	NaN	16.74770116061591	1054.305629195927	85.13193574439155	85.09934608078002	85.16452220408122	-0.06517598352912223	0.0002904594068176165	28.70017446380025	203
DATA	2026-08-02T190000_AIU-1657.ghg	2026-08-02	19:30:00	214.812	0	18000	18000	0.22582407040420074	1	NaN	-48.50492819847762	0	NaN	116.86195437762115	0	NaN	31.114864850282505	0	NaN	2.6604600052201186	0	NaN	0.19687326967217794	0	NaN	NaN	NaN	NaN	NaN	NaN	NaN	NaN	NaN	NaN	-3.0344469665455196e-10	-1.908785008770679e-11	-1.4322508537132196e-12	NaN	17.105317362079205	446.04819045813645	458.92477700567076	0.1	1	1075.990904140648	28.058163761716465	28.868151071992397	0.1	1	0.0807366405311206	2.020965020462929	2.079306543984865	0.2	0	NaN	NaN	NaN	NaN	9	307.68980249871146	299.537818202755	96489.9473574807	1.110339189879725	1021.3207440135179	0.025809501287334172	0.17239780833826368	0.019589999590471363	2708.056957128306	3429.3077775904726	0.01764325691556776	78.9680347393917	721.2508204621668	295.5552508398759	0.4883850285469003	0.028996736022113417	0.19244093071590185	0.5257321167890461	3.422092164304148e-14	-1.7739787589516394e-14	0.5257321167890461	5.187576439913176	157.6021838987482	3.39781610125191	21.471828077129125	NaN	0.45097999891992474	0.5213363614604433	161.3395069578784	0.012415433998586333	-0.41506175775343895	-0.09484419683771222	0	16.964877815151816	-2.574485659366785	5.823493571280931	14.501322395989911	22.115431632348987	31.01720731636477	46.46942863510455	0.22290151402018743	1.0131114245538442	-40.88655887771699	1.021537361405725	105.91357287490253	1.103370901439139	28.19982365829934	1.103370901439139	2.411210955219184	1.103370901439139	0.15110362037300457	1.3958715480869235	NaN	NaN	800000009	800000009	800000009	800000019	800000019	810000019	899999999	899999999	89999	89999	89	89	45	16	1	2	9	0	1	NaN	0	18000	0	0	0	0	0	0	0	NaN	NaN	NaN	NaN	0	72	0	0	0	0	301	0	0	18000	0	21	18000	18000	18000	18000	87	NaN	0.4093648926958631	0.38975437866524026	0.2435534515597832	0.07506208756780115	23.63769618576529	0.13438933080417503	0.0000030937206097284757	NaN	-0.03605477079841698	0.7488400991438813	0.06402917524031206	0.00015110362037300457	NaN	17.10648890631525	1076.066087011615	85.01423662609525	84.95014142778187	85.07833123101128	-0.12819016965975527	0.00028952029218392753	28.419338920871503	046
DATA	2026-08-02T193000_AIU-1657.ghg	2026-08-02	20:00:00	214.833	0	18000	18000	0.06583711353553426	2	NaN	22.735212890485386	2	NaN	71.17289296820978	2	NaN	-10.175069601209332	2	NaN	1.619277586747574	2	NaN	0.13370946603324924	2	NaN	NaN	NaN	NaN	NaN	NaN	NaN	NaN	NaN	NaN	-1.622279611871741e-9	-1.0057430632550534e-10	-7.59891728705134e-12	NaN	17.1553357509311	446.19939706271197	458.8935061694847	0.1	1	1063.5564796011556	27.662429160817773	28.449408919726856	0.1	1	0.08035728024252997	2.005185796784575	2.062232147477328	0.5	0	NaN	NaN	NaN	NaN	9	307.3880195304023	298.881829537704	96490.87937586835	1.1129552232805437	1021.0799692865389	0.025752729655378465	0.10492918762124279	0.019356277516572356	2669.888092564418	3298.882737717856	0.017391784603443296	80.9331008355704	628.9946451534379	295.3219885011441	0.5424051156699841	-0.8686410311453465	-0.17369871534385828	1.0387067893329185	-6.071953387755386e-14	-9.456414234176047e-14	1.0387067893329185	4.775317360523543	219.01812678465103	301.981873215349	-9.626568118345627	NaN	0.24321846599990143	1.1005877810472855	-53.98978969013675	-0.037101459581457504	0.31943640257310235	0.08225551608917793	0	6.577374827961347	-0.998142005817625	2.257799934894206	5.622241075874358	8.5742723828047	12.025538931621861	18.016448659671514	0.0649843661381891	1.0131223469277486	26.76038137662603	1.021487961718932	65.00536196650141	1.0948772657382728	-9.293342660054513	1.0948772657382728	1.4789580872845134	1.0948772657382728	0.0962325603963958	1.3063372452028783	NaN	NaN	800000009	800000009	800000009	800000019	800000019	800000019	899999999	899999999	89999	89999	89	89	27	7	0	13	12	0	9	NaN	0	18000	0	0	0	0	0	0	0	NaN	NaN	NaN	NaN	0	65	0	0	0	0	301	151	0	18000	0	16	18000	18000	18000	18000	87	NaN	0.5699334688717732	0.8743775215297095	0.756864571693088	0.06460549729215716	34.447816362608144	0.06024804112212554	5.798127585676146e-7	NaN	0.023548044607446222	-0.24613958638480754	0.039171065266901596	0.0000962325603963958	NaN	17.156423007139143	1063.6289609066273	84.91531551996869	84.80312925423516	85.02750106514823	-0.22437073638124583	0.0002891271928351166	27.712866352203815	118
DATA	2026-08-02T200000_AIU-1657.ghg	2026-08-02	20:30:00	214.854	0	18000	18000	0.04784769596517402	0	NaN	-1.866650492998521	2	NaN	12.940248257198876	1	NaN	3.3825487794466516	2	NaN	0.294366534791325	1	NaN	0.040401516372999643	0	NaN	NaN	NaN	NaN	NaN	NaN	NaN	NaN	NaN	NaN	1.0572364239078403e-10	6.538182594249522e-12	4.976579849324339e-13	NaN	17.119477670164862	444.6983785038271	457.2739263136417	0.1	1	1058.7061549770467	27.50112588135875	28.278825418983175	0.1	1	0.08058410179379806	2.0093370916169864	2.06615878443871	1.3	0	NaN	NaN	NaN	NaN	9	307.3965732888115	298.7375989651162	96529.16011629571	1.1140029741833732	1020.9843613471722	0.025730094354945974	0.01907495145447786	0.019260337332492244	2655.3726681797352	3270.7936005970882	0.017289305126506643	81.18435439322717	615.420932417353	295.232513465256	0.13167531347316236	-0.5855499849099173	-0.013411871917745196	0.6003224561138705	1.1824442028399266e-14	6.175634819456843e-15	0.6003224561138705	3.659638017503244	238.32645585518287	282.67354414481713	-1.2801580013242393	NaN	0.20724656435900354	0.2238485242084294	406.9388311532991	0.004922361413195799	-0.14425152098299754	-0.007918997927839826	0	12.959509784863833	-1.9666556079618245	4.4485803400070925	11.077594046474688	16.89402987505979	23.69411711038499	35.498105064795	0.04726416264774728	1.0123462108442653	-1.0664623800367046	1.0207060477492922	11.76179362519758	1.1001934457918614	3.0745036633190184	1.1001934457918614	0.2675588878639933	1.1001934457918614	0.029983833695677895	1.381324585763929	NaN	NaN	800000009	800000009	800000009	800000019	810100019	810101019	899999999	899999999	89999	89999	89	89	28	1	0	19	12	0	6	NaN	0	18000	0	0	0	0	0	0	0	NaN	NaN	NaN	NaN	0	3	0	0	0	0	301	0	0	18000	0	21	18000	18000	18000	18000	87	NaN	0.23918961057672697	0.10766117446006124	0.10084626338007059	0.02491246585024174	5.916536593290887	0.036116547055959666	0.0000026850836519931927	NaN	-0.0009376485791067118	0.08134494705293305	0.0070790494825245034	0.000029983833695677896	NaN	17.1206241012964	1058.7772969944729	84.85329304334853	84.71763070636325	84.98895652516683	-0.2713230073352655	0.00028850848740613497	28.828984314854736	076
DATA	2026-08-02T203000_AIU-1657.ghg	2026-08-02	21:00:00	214.874	0	18000	18000	0.013835474393402608	1	NaN	-3.5443580234508625	2	NaN	32.777703993277285	1	NaN	15.194093053891146	1	NaN	0.7453537364407177	1	NaN	0.05497688652244755	1	NaN	NaN	NaN	NaN	NaN	NaN	NaN	NaN	NaN	NaN	-2.0114465268287866e-10	-1.2309794295723584e-11	-9.297966516900887e-13	NaN	17.488707857052812	453.6855637749308	466.6418627600087	0.1	1	1070.2864498105034	27.764973567622736	28.557882418108804	0.1	1	0.08084202980782484	2.012432506688991	2.069903317589395	0.3	0	NaN	NaN	NaN	NaN	9	307.0452372873094	298.35375322968974	96565.11169069968	1.1157391290770464	1021.1298459674006	0.02568746683892193	0.0482989221213585	0.019477390876976503	2681.846957790024	3197.05256656931	0.017456939861102163	83.88498161817394	515.2056087792857	295.3953852547601	-0.08502644338534358	-0.6314962438408342	0.15662464853359967	0.6561617808041276	-6.097782728684854e-15	-1.1501401608796468e-14	0.6561617808041276	1.9143074507564735	258.6683489487417	262.3316510512583	13.809720939713948	NaN	0.11135653155204106	0.125658804183793	33.25624314113952	0.060232299586542054	-0.10813320006116997	-0.027936902678065065	1	6.396105194029371	3	6	12	21	44	172	0.013663116755252181	1.0126148111911706	-1.546683921086937	1.0226747523701973	29.499041834360003	1.1111447001338988	13.674270373660764	1.1111447001338988	0.6707980844897147	1.1111447001338988	0.03911527715555553	1.42271252240284	NaN	NaN	800000009	800000009	800000009	800000019	800000019	801000019	899999999	899999999	89999	89999	89	89	4	1	0	12	0	0	2	NaN	0	18000	0	0	0	0	0	0	0	NaN	NaN	NaN	NaN	0	41	0	0	0	0	301	0	0	18000	0	16	18000	18000	18000	18000	87	NaN	0.2058338516088112	0.024317272673596187	0.021166484085178617	0.023928805412915574	74.42577066833167	0.12625270369322372	0.0000028003140083333457	NaN	-0.0013575565720691546	0.36129130096626216	0.017723323146936195	0.00003911527715555553	NaN	17.48990379658614	1070.3586155651774	84.7402714474996	84.59153178109062	84.88901156489052	-0.29747975319623754	0.00028824311567910224	27.159199719765088	197
DATA	2026-08-02T210000_AIU-1657.ghg	2026-08-02	21:30:00	214.895	0	18000	18000	0.16175137086627261	1	NaN	21.325717604017306	1	NaN	44.55328761943774	2	NaN	-15.464148492758069	1	NaN	1.0127386138780583	2	NaN	0.08365350862455333	1	NaN	NaN	NaN	NaN	NaN	NaN	NaN	NaN	NaN	NaN	9.87970287391893e-10	5.930759382357752e-11	4.4347817922323544e-12	NaN	17.995790248554783	466.1486747302448	479.5683303291286	0.1	1	1080.2825066865892	27.982781076627713	28.788359436288644	0.1	1	0.08077915292554391	2.007458583633409	2.0652500228925104	0.1	0	NaN	NaN	NaN	NaN	9	306.7779479836358	297.95940369411403	96570.61800474314	1.1171865215659966	1021.2488388412513	0.02565205166431878	0.06562546217929817	0.019657286295815812	2703.0393293094676	3122.8077082480877	0.017595348597888163	86.55798184979784	419.7683789386201	295.52475137112174	-0.11132278175121416	-0.29573097675531895	0.1731664534489364	0.3603278964353527	3.486650572220656e-14	5.490007794857665e-14	0.3603278964353527	2.1880732049759484	271.62797376302717	249.37202623697283	28.723302812594792	NaN	0.3805056775592307	0.2694000781115733	-220.5340191745015	-0.009082952405701231	0.47865643016461273	0.049123041582599655	0	24.536927129636027	-3.723573355992983	8.422733069778102	20.973796262533188	31.986362667389397	44.861328444506995	67.21044481422801	0.15800692891747992	1.0236979604277243	23.63692278755671	1.026941636897981	40.6209666831958	1.0968052032564917	-14.099266165809503	1.0968052032564917	0.9233532179380314	1.0968052032564917	0.0577663632339223	1.321354936705829	NaN	NaN	800000009	800000009	800000009	800000019	800000019	800000019	899999999	899999999	89999	89999	89	89	8	7	0	10	1	0	1	NaN	0	18000	0	0	0	0	0	0	0	NaN	NaN	NaN	NaN	0	9	0	0	0	0	301	151	0	18000	0	21	18000	18000	18000	18000	87	NaN	0.34360116451842915	0.12628166605820448	0.06891732564651294	0.03002790038207306	49.33090989729563	0.07978852423481324	0.00000274759423690642	NaN	0.020717324727795097	-0.37209001035403577	0.024367970955548553	0.0000577663632339223	NaN	17.99699567443721	1080.3544866194284	84.52364604314167	84.3395823597378	84.70770824813843	-0.36812670936518	0.000287816228445283	27.67574936036984	181
DATA	2026-08-02T213000_AIU-1657.ghg	2026-08-02	22:00:00	214.916	0	18000	18000	0.04551548721858841	1	NaN	-5.860105003563615	1	NaN	31.60485532551999	0	NaN	28.930623662248035	0	NaN	0.7183329238244076	0	NaN	0.052381611540586306	1	NaN	NaN	NaN	NaN	NaN	NaN	NaN	NaN	NaN	NaN	-1.8027936019411188e-11	-1.0660610636993426e-12	-8.120577821887976e-14	NaN	18.080034532709206	468.04761076835615	481.37072592841236	0	0	1069.1418487899841	27.677451997854746	28.465298942952913	0.1	1	0.08144045290997345	2.022600664292048	2.080174596843337	0	0	NaN	NaN	NaN	NaN	9	306.5539531004164	297.85112791375536	96598.93136330972	1.1180507582351138	1021.0705022932926	0.025635213997983474	0.04654797346382161	0.01945556973255794	2674.329454045238	3102.6875018554806	0.01740132958119836	86.19396740554522	428.3580478102426	295.34928059003073	0.19756813491992736	-0.2536047584750004	-0.0023035825985695843	0.32148693278219886	-6.255392414960886e-15	-9.971184505646952e-16	0.32148693278219886	1.8068972785509048	213.07999930429287	307.9200006957072	-0.4105507149647022	NaN	0.20176639653827652	0.12932009644941433	119.67478796173646	0.016737861283200685	-0.18541787150127384	-0.025441300617596887	0	17.71043083690684	-2.6876262067800765	6.079417797588164	15.138609905488979	23.08733529476077	32.38031602207347	48.51161386718379	0.04478376712214636	1.0163389581418265	-3.891912257702326	1.0229435853598776	28.620874911239184	1.1042588817964127	26.19913150726357	1.1042588817964127	0.6505113390220786	1.1042588817964127	0.038416716520715044	1.4011160441774715	NaN	NaN	800000009	800000009	800000009	800000019	800000019	800010019	899999999	899999999	89999	89999	89	89	6	3	0	9	3	0	1	NaN	0	18000	0	0	0	0	0	0	0	NaN	NaN	NaN	NaN	0	0	0	0	0	0	301	0	0	18000	0	21	18000	18000	18000	18000	87	NaN	0.09787659781095355	0.1169830236088095	0.04378057147906563	0.030600190632725607	85.61953073686728	0.04248655414043756	0.000009965281876631191	NaN	-0.0034091474868265426	0.6907434907649224	0.01715081558996329	0.00003841671652071504	NaN	18.08125227885777	1069.217034084359	84.57443677308825	84.38980987591214	84.75906405215792	-0.36925497087504866	0.0002877991013390581	28.709231744082405	037
DATA	2026-08-02T220000_AIU-1657.ghg	2026-08-02	22:30:00	214.937	0	18000	18000	0.054732722686110964	1	NaN	17.451285557253158	0	NaN	3.3217885893933805	1	NaN	-19.705254521743488	1	NaN	0.07550350453167885	1	NaN	0.1136552081514642	0	NaN	NaN	NaN	NaN	NaN	NaN	NaN	NaN	NaN	NaN	-1.0195250520847154e-10	-6.031935103298957e-12	-4.585644362291309e-13	NaN	18.00240166812167	466.11752856121745	479.33640702989436	0	0	1065.0971091253557	27.57745557151584	28.35953951244905	0.1	1	0.08097163630096484	2.0113350780653128	2.0683756146844807	-0.1	0	NaN	NaN	NaN	NaN	9	306.66448548804385	297.9060548195779	96621.8586828705	1.1181526558754316	1021.0137703964376	0.02563385732310556	0.00489262709365279	0.019386304279121514	2665.2997617874835	3112.880044141536	0.01733779746196056	85.62166623810634	447.58028235405254	295.2937515275302	0.2550068828199249	-0.38112380433908066	-0.0972750394710026	0.4687710505390649	1.2612736743654061e-14	-5.663272439310539e-15	0.4687710505390649	2.1406274887614294	217.213836700947	303.78616329905293	-11.976516491701968	NaN	0.2212447513037418	0.20380758108576452	-52.99307354646555	-0.03779927952742042	5.253581041543671	0.06909104307669113	0	12.482584219319602	-1.8942803133998798	4.284867226644979	10.669925246250866	16.27230923236276	22.822145068962566	34.191732052634514	0.05366568051068296	1.0198831388193352	17.385047675781323	1.024569301637051	3.0352545466212764	1.0944019812410997	-18.0054996788263	1.0944019812410997	0.06899065044276928	1.0944019812410997	0.08461491512247796	1.3158810108362515	NaN	NaN	800000009	800000009	800000009	800000019	800000019	800000019	899999999	899999999	89999	89999	89	89	32	2	0	21	15	0	1	NaN	0	18000	0	0	0	0	0	0	0	NaN	NaN	NaN	NaN	0	0	0	0	0	0	301	0	0	18000	0	16	18000	18000	18000	18000	87	NaN	0.11277400416217129	0.16861735608192194	0.1262238019274358	0.09503715193834583	150.80115063444248	0.037383478104414954	0.0000017839319853633048	NaN	0.015228011175853179	-0.4746433775635133	0.0018186640710097903	0.00008461491512247796	NaN	18.003656025038786	1065.1747572605486	84.60980584462484	84.4288772031996	84.79073508750068	-0.361858738349543	0.0002878665961228156	27.113743373520215	193
DATA	2026-08-02T223000_AIU-1657.ghg	2026-08-02	23:00:00	214.958	0	18000	18000	0.05011869139618656	1	NaN	45.18983600339992	1	NaN	-33.33449413563237	1	NaN	-57.93529259378444	1	NaN	-0.7576676445041358	1	NaN	0.0704247682167131	0	NaN	NaN	NaN	NaN	NaN	NaN	NaN	NaN	NaN	NaN	-1.8321234141952554e-10	-1.0897832403288095e-11	-8.329519809617503e-13	NaN	17.92185279555186	463.90589987599043	477.0701940767413	0.1	0	1066.0272479958037	27.594040382731027	28.37707863657254	0.1	1	0.08147946078794491	2.023719138321509	2.0811463754479957	0.9	0	NaN	NaN	NaN	NaN	9	306.66626428307427	297.8817447606531	96635.04903150426	1.1183894776920444	1021.0229883451041	0.025628266873778584	-0.049096863363867996	0.019402194407663317	2667.266719559972	3108.3653370022835	0.017348334184708623	85.80930586918369	441.0986174423115	295.30586155694874	0.20719076148972912	-0.2950232239174042	-0.16257487641809942	0.395470991021695	-7.162044064465583e-15	-1.0222846014280296e-14	0.395470991021695	2.166142350329796	215.92015875467905	305.079841245321	-24.273437625854534	NaN	0.2116914537248536	0.16129096615564495	-17.928349597850996	-0.11172807564172577	-1.3556478709270399	0.1869428447763556	0	13.039287166863653	-1.978762133463407	4.475965333655243	11.145786552715684	16.99802774976591	23.83997560837165	35.71662767367729	0.04902822485488733	1.0222416076561363	42.429581617932584	1.026021060264976	-30.419524234462315	1.0958256243162305	-52.8690799961305	1.0958256243162305	-0.6914126004097619	1.0958256243162305	0.04553126018998191	1.3192624176184327	NaN	NaN	800000009	800000009	800000009	800000019	800000019	800001119	899999999	899999999	89999	89999	89	89	25	7	0	13	6	0	0	NaN	0	18000	0	0	0	0	0	0	0	NaN	NaN	NaN	NaN	0	0	0	0	0	0	301	151	0	18000	0	16	18000	18000	18000	18000	87	NaN	0.10339908268407877	0.11556642748879631	0.10361642213841483	0.06246408942184199	151.96060676996873	0.02588577022614151	9.745157097308747e-7	NaN	0.03715695843549552	-1.39340281886705	-0.018222678860340905	0.00004553126018998191	NaN	17.92308696465155	1066.103144802261	84.59775588946873	84.41443950017293	84.78107239956327	-0.36663156200282915	0.0002874890034888973	29.099755810513415	069
DATA	2026-08-02T230000_AIU-1657.ghg	2026-08-02	23:30:00	214.979	0	18000	18000	0.03149863255883117	1	NaN	-7.156615440156102	2	NaN	27.497542967463364	1	NaN	38.68011240610895	1	NaN	0.6248248800855111	1	NaN	0.036139988818537604	1	NaN	NaN	NaN	NaN	NaN	NaN	NaN	NaN	NaN	NaN	1.918590568759579e-10	1.1231435072403052e-11	8.584846019006972e-13	NaN	18.30303352566302	473.40348997375816	486.8968901824955	0	0	1071.460143809665	27.713054818813475	28.502958880774774	0.1	1	0.08189799692392281	2.0316247197409836	2.089532035588926	0.6	0	NaN	NaN	NaN	NaN	9	306.41075008646646	297.5959953223186	96614.54108393306	1.119174874214965	1021.0867431571291	0.025609117192414186	0.040488652229541115	0.01950044793185641	2678.202280112722	3055.7244227102447	0.0174239507883295	87.64541266248469	377.5221425975228	295.37304668132015	0.26228361507850373	-0.3532414860984784	0.027448381724451142	0.4408238377163777	1.3183503686964854e-14	1.0482363844602524e-14	0.4408238377163777	2.3954754680909813	214.40592418854055	306.5940758114594	3.569894135641425	NaN	0.16776326678105252	0.17214534999831516	56.33724382683537	0.03555552000656898	-0.2602638151570201	-0.03732933191452937	1	1.5533323086482662	1	1	3	5	9	31	0.031053131332575545	1.0143464187712459	-5.4244554564828675	1.0232475403842347	24.76056179276381	1.1105379271119535	34.8300687998111	1.1105379271119535	0.5626326348983147	1.1105379271119535	0.026485398549590793	1.426391194413916	NaN	NaN	800000009	800000009	800000009	800000019	800000019	810001019	899999999	899999999	89999	89999	89	89	8	4	0	0	0	0	0	NaN	0	18000	0	0	0	0	0	0	0	NaN	NaN	NaN	NaN	0	0	0	0	0	0	301	0	0	18000	0	21	18000	18000	18000	18000	87	NaN	0.1138146592739046	0.15798046603278978	0.07249557468993595	0.08663540512921003	203.06452446855985	0.04063537427184588	0.0000013616368010866822	NaN	-0.004746741244273865	0.9173980354540102	0.014819323984247387	0.000026485398549590792	NaN	18.30428929214736	1071.5377765466676	84.43695507558186	84.22966828028362	84.64424356926811	-0.4145761137538482	0.00028765896033211086	28.171668172547395	170
