DATAH	filename	date	time	DOY	daytime	file_records	used_records	Tau	qc_Tau	rand_err_Tau	H	qc_H	rand_err_H	LE	qc_LE	rand_err_LE	co2_flux	qc_co2_flux	rand_err_co2_flux	h2o_flux	qc_h2o_flux	rand_err_h2o_flux	ch4_flux	qc_ch4_flux	rand_err_ch4_flux	none_flux	qc_none_flux	rand_err_none_flux	H_strg	LE_strg	co2_strg	h2o_strg	ch4_strg	none_strg	co2_v-adv	h2o_v-adv	ch4_v-adv	none_v-adv	co2_molar_density	co2_mole_fraction	co2_mixing_ratio	co2_time_lag	co2_def_timelag	h2o_molar_density	h2o_mole_fraction	h2o_mixing_ratio	h2o_time_lag	h2o_def_timelag	ch4_molar_density	ch4_mole_fraction	ch4_mixing_ratio	ch4_time_lag	ch4_def_timelag	none_molar_density	none_mole_fraction	none_mixing_ratio	none_time_lag	none_def_timelag	sonic_temperature	air_temperature	air_pressure	air_density	air_heat_capacity	air_molar_volume	ET	water_vapor_density	e	es	specific_humidity	RH	VPD	Tdew	u_unrot	v_unrot	w_unrot	u_rot	v_rot	w_rot	wind_speed	max_wind_speed	wind_dir	yaw	pitch	roll	u*	TKE	L	(z-d)/L	bowen_ratio	T*	model	x_peak	x_offset	x_10%	x_30%	x_50%	x_70%	x_90%	un_Tau	Tau_scf	un_H	H_scf	un_LE	LE_scf	un_co2_flux	co2_scf	un_h2o_flux	h2o_scf	un_ch4_flux	ch4_scf	un_none_flux	un_none_scf	spikes_hf	amplitude_resolution_hf	drop_out_hf	absolute_limits_hf	skewness_kurtosis_hf	skewness_kurtosis_sf	discontinuities_hf	discontinuities_sf	timelag_hf	timelag_sf	attack_angle_hf	non_steady_wind_hf	u_spikes	v_spikes	w_spikes	ts_spikes	co2_spikes	h2o_spikes	ch4_spikes	none_spikes	head_detect_LI-7200	t_out_LI-7200	t_in_LI-7200	aux_in_LI-7200	delta_p_LI-7200	chopper_LI-7200	detector_LI-7200	pll_LI-7200	sync_LI-7200	chopper_LI-7500	detector_LI-7500	pll_LI-7500	sync_LI-7500	not_ready_LI-7700	no_signal_LI-7700	re_unlocked_LI-7700	bad_temp_LI-7700	laser_temp_unregulated_LI-7700	block_temp_unregulated_LI-7700	motor_spinning_LI-7700	pump_on_LI-7700	top_heater_on_LI-7700	bottom_heater_on_LI-7700	calibrating_LI-7700	motor_failure_LI-7700	bad_aux_tc1_LI-7700	bad_aux_tc2_LI-7700	bad_aux_tc3_LI-7700	box_connected_LI-7700	mean_value_RSSI_LI-7200	mean_value_LI-7500	u_var	v_var	w_var	ts_var	co2_var	h2o_var	ch4_var	none_var	w/ts_cov	w/co2_cov	w/h2o_cov	w/ch4_cov	w/none_cov	co2_mean	h2o_mean	avg_signal_strength_7200_mean	co2_signal_strength_7200_mean	h2o_signal_strength_7200_mean	delta_signal_strength_7200_mean	flowrate_mean	rssi_77_mean	CHK
DATAU		[yyyy-mm-dd]	[HH:MM]	[ddd.ddd]	[1=daytime]	[#]	[#]	[kg+1m-1s-2]	[#]	[kg+1m-1s-2]	[W+1m-2]	[#]	[W+1m-2]	[W+1m-2]	[#]	[W+1m-2]	[µmol+1s-1m-2]	[#]	[µmol+1s-1m-2]	[mmol+1s-1m-2]	[#]	[mmol+1s-1m-2]	[µmol+1s-1m-2]	[#]	[µmol+1s-1m-2]	[µmol+1s-1m-2]	[#]	[µmol+1s-1m-2]	[W+1m-2]	[W+1m-2]	[µmol+1s-1m-2]	[mmol+1s-1m-2]	[µmol+1s-1m-2]	[µmol+1s-1m-2]	[µmol+1s-1m-2]	[mmol+1s-1m-2]	[µmol+1s-1m-2]	[µmol+1s-1m-2]	[mmol+1m-3]	[µmol+1mol_a-1]	[µmol+1mol_d-1]	[s]	[1=default]	[mmol+1m-3]	[mmol+1mol_a-1]	[mmol+1mol_d-1]	[s]	[1=default]	[mmol+1m-3]	[µmol+1mol_a-1]	[µmol+1mol_d-1]	[s]	[1=default]	[mmol+1m-3]	[µmol+1mol_a-1]	[µmol+1mol_d-1]	[s]	[1=default]	[K]	[K]	[Pa]	[kg+1m-3]	[J+1kg-1K-1]	[m+3mol-1]	[mm]	[kg+1m-3]	[Pa]	[Pa]	[kg+1kg-1]	[%]	[Pa]	[K]	[m+1s-1]	[m+1s-1]	[m+1s-1]	[m+1s-1]	[m+1s-1]	[m+1s-1]	[m+1s-1]	[m+1s-1]	[deg_from_north]	[deg]	[deg]	[deg]	[m+1s-1]	[m+2s-2]	[m]	[#]	[#]	[K]	[0=KJ/1=KM/2=HS]	[m]	[m]	[m]	[m]	[m]	[m]	[m]	[kg+1m-1s-2]	[#]	[W+1m-2]	[#]	[W+1m-2]	[#]	[µmol+1s-1m-2]	[#]	[mmol+1s-1m-2]	[#]	[µmol+1s-1m-2]	[#]	[µmol+1s-1m-2]	[#]	8u/v/w/ts/co2/h2o/ch4/none	8u/v/w/ts/co2/h2o/ch4/none	8u/v/w/ts/co2/h2o/ch4/none	8u/v/w/ts/co2/h2o/ch4/none	8u/v/w/ts/co2/h2o/ch4/none	8u/v/w/ts/co2/h2o/ch4/none	8u/v/w/ts/co2/h2o/ch4/none	8u/v/w/ts/co2/h2o/ch4/none	8co2/h2o/ch4/none	8co2/h2o/ch4/none	8aa	8U	[#]	[#]	[#]	[#]	[#]	[#]	[#]	[#]	[#_flagged_recs]	[#_flagged_recs]	[#_flagged_recs]	[#_flagged_recs]	[#_flagged_recs]	[#_flagged_recs]	[#_flagged_recs]	[#_flagged_recs]	[#_flagged_recs]	[#_flagged_recs]	[#_flagged_recs]	[#_flagged_recs]	[#_flagged_recs]	[#_flagged_recs]	[#_flagged_recs]	[#_flagged_recs]	[#_flagged_recs]	[#_flagged_recs]	[#_flagged_recs]	[#_flagged_recs]	[#_flagged_recs]	[#_flagged_recs]	[#_flagged_recs]	[#_flagged_recs]	[#_flagged_recs]	[#_flagged_recs]	[#_flagged_recs]	[#_flagged_recs]	[#_flagged_recs]	[#]	[#]	[m+2s-2]	[m+2s-2]	[m+2s-2]	[K+2]	--	--	--	--	[m+1s-1K+1]	--	--	--	--	--	--	--	--	--	--	--	--	241
DATA	2026-09-22T233000_AIU-1657.ghg	2026-09-23	00:00:00	266	0	18000	18000	0.027751124364659166	1	NaN	35.9503163320402	1	NaN	8.52229681566401	1	NaN	0.0880273442710366	2	NaN	0.19344766986790007	1	NaN	NaN	NaN	NaN	NaN	NaN	NaN	NaN	NaN	NaN	NaN	NaN	NaN	-1.7294210700859237e-11	-6.669429005675444e-13	NaN	NaN	17.24960551457088	427.32379974084307	434.4838928616014	0.1	1	665.2227230562323	16.479536384192574	16.75566192451891	0.1	1	NaN	NaN	NaN	NaN	0	NaN	NaN	NaN	NaN	9	298.0616106558905	296.50971443843923	96960.71761609969	1.1322073469845362	1014.6157308753984	0.025557610256193113	0.012535409007439925	0.011619288648447927	1589.930719624415	2861.229511907274	0.010262509494744186	55.56809452047693	1271.2987922828593	287.07821340177844	-0.6783594241261647	1.002956091040582	0.1724289549460265	1.2230389091766551	3.6143572380562155e-15	-1.0025858670362448e-15	1.2230389091766551	3.440499239459808	36.92715027994137	124.07284972005864	8.104791844872146	NaN	0.15655873641729176	0.30347614771836595	-9.119613317230868	-0.21964747082151864	4.218383507361936	0.19989312084493518	1	10.67845411766618	5	9	15	23	38	94	0.02740909926489955	1.0124785238819438	35.866230297795546	1.0216544365896896	7.7698800863149255	1.0968376243893796	0.08025558415726512	1.0968376243893796	0.17636855772119808	1.0968376243893796	NaN	1	NaN	NaN	800000009	800000009	800000009	800000019	800000009	800001019	899999999	899999999	89999	89999	89	89	1	4	0	33	9	0	0	NaN	0	0	0	0	0	0	0	0	0	NaN	NaN	NaN	NaN	0	8096	0	0	0	0	300	0	0	18000	0	20	18000	18000	18000	18000	93	NaN	0.33867936524953746	0.15514798823149803	0.11312494195569642	0.4869260565157826	0.5948917724213516	0.02451851161242695	NaN	NaN	0.031221816907579806	0.002085335604550899	0.0045827045781463025	NaN	NaN	17.25094730998816	665.2760261380067	92.49888837687178	92.37530431365968	92.62247178014118	-0.2471674619623146	0.00027537117275642245	16.86323011516027	198
DATA	2026-09-23T000000_AIU-1657.ghg	2026-09-23	00:30:00	266.02	0	18000	18000	0.22602443919309484	1	NaN	-23.64303153877212	2	NaN	158.61786432619027	1	NaN	5.941677833303261	1	NaN	3.5893625832997684	1	NaN	NaN	NaN	NaN	NaN	NaN	NaN	NaN	NaN	NaN	NaN	NaN	NaN	4.797719325770776e-10	1.8879408970114422e-11	NaN	NaN	17.318614570930894	428.67144700910507	436.0265894496768	0.2	0	681.5013240230734	16.868564024627343	17.15799475773237	0.1	1	NaN	NaN	NaN	NaN	0	NaN	NaN	NaN	NaN	9	294.88961289893246	293.31814538153196	96968.99510383271	1.1444583848801009	1014.7585815082149	0.02528346549344431	0.23259069539782498	0.012022542123855793	1627.4003188461968	2354.362515416764	0.010505005933540637	69.12275863167649	726.9621965705671	287.43757171713816	-1.0587768308574959	0.43635960503871135	0.6008485265960591	1.293227371494577	1.020630973110933e-13	2.770267394150393e-14	1.293227371494577	3.775124384704777	3.398301730517119	157.60169826948288	27.68509278710267	NaN	0.4444037321115674	0.4905589545387967	317.17702937119856	0.006315400594964688	-0.14905654945745156	-0.045810256765722354	0	17.108325914367207	-2.596254461849029	5.872734661767725	14.623939673666762	22.30243071749153	31.279476192155226	46.8623552026851	0.22361584229613912	1.0107711371082821	-14.310932151132235	1.0218678704318018	143.0588775062723	1.1087593240708589	5.358852642147918	1.1087593240708589	3.2372783753657783	1.1087593240708589	NaN	1	NaN	NaN	800000009	800000019	800000009	800000019	800000009	800001009	899999999	899999999	89999	89999	89	89	11	4	1	8	6	0	0	NaN	0	0	0	0	0	0	0	0	0	NaN	NaN	NaN	NaN	0	13238	0	0	0	0	300	150	0	18000	0	15	18000	18000	18000	18000	93	NaN	0.20897305109752612	0.540569057494712	0.23157580048535537	0.359618846765309	0.5449387203342994	0.08280090064934846	NaN	NaN	-0.012322680395704593	0.13780307171846315	0.08324671975946574	NaN	NaN	17.31993302928586	681.5456953859904	91.77928291024106	91.52638513861767	92.03218074586658	-0.5057955480184974	0.00027516405712554436	7.670768224980759	060
DATA	2026-09-23T003000_AIU-1657.ghg	2026-09-23	01:00:00	266.041	0	18000	18000	0.11188289230398236	1	NaN	71.59519058583378	0	NaN	13.61382363153022	0	NaN	0.2762082585803532	2	NaN	0.30788433528983966	0	NaN	NaN	NaN	NaN	NaN	NaN	NaN	NaN	NaN	NaN	NaN	NaN	NaN	6.0252662680408335e-12	2.359324817402099e-13	NaN	NaN	17.299777112780056	428.07909853951224	435.37705132161074	0.1	1	677.4106182527004	16.762373579280716	17.04814088563799	0.1	1	NaN	NaN	NaN	NaN	0	NaN	NaN	NaN	NaN	9	294.26212463463673	292.7038296820334	96901.61324876484	1.146108800290048	1014.68611082639	0.025247209227897492	0.019950904926781608	0.011964014491561701	1616.0866854600806	2266.4104241963337	0.010438812169083725	71.3060030172224	650.3237387362531	287.32983965513955	-1.2655606509221586	-0.2524081161434773	0.9104897296093366	1.57934960220393	-2.6087169987470343e-14	3.48285774363516e-16	1.57934960220393	4.03923993694802	329.72071777955387	191.27928222044616	35.20450990223875	NaN	0.3124416472476154	0.573270334578351	-36.38022178991818	-0.055060137114257675	5.259006765741855	0.19704134700016238	0	15.877279424560959	-2.4094384076131767	5.450156238424658	13.57165964974651	20.69763728613314	29.02873058664897	43.490328146088494	0.1105613846934674	1.011952704953713	71.16002830538892	1.022579433638442	12.35744707963389	1.1016695878849398	0.2507178755026147	1.1016695878849398	0.2794706676808034	1.1016695878849398	NaN	1	NaN	NaN	800000009	800000009	800000009	800000019	800000019	800001019	899999999	899999999	89999	89999	89	89	15	7	0	6	10	0	1	NaN	0	0	0	0	0	0	0	0	0	NaN	NaN	NaN	NaN	0	1807	0	0	0	0	300	0	0	18000	0	20	18000	18000	18000	18000	93	NaN	0.3026261454363698	0.7059542065789867	0.1379603171413456	0.147892447094612	0.5539277224980358	0.022091212750156925	NaN	NaN	0.06118973173679674	0.006437285149405536	0.007175524980616404	NaN	NaN	17.301114688165203	677.4610325743193	91.71111702389187	91.44768761316934	91.97454506005181	-0.5268578558713196	0.0002750000826684603	22.854156804701347	158
DATA	2026-09-23T010000_AIU-1657.ghg	2026-09-23	01:30:00	266.062	0	18000	18000	0.11523623902033207	1	NaN	52.87006388910626	0	NaN	24.634071902894025	1	NaN	0.6461011290020282	1	NaN	0.5569557550128992	1	NaN	NaN	NaN	NaN	NaN	NaN	NaN	NaN	NaN	NaN	NaN	NaN	NaN	-2.808427587232862e-10	-1.0780485443629696e-11	NaN	NaN	17.320141576782714	428.2966329897045	435.4558223398384	0.2	0	664.8543654781781	16.440678899791333	16.71549295206801	0.1	1	NaN	NaN	NaN	NaN	0	NaN	NaN	NaN	NaN	9	293.93742958831785	292.41059968603895	96901.61324876484	1.1473958301852412	1014.500604951318	0.025219350923741453	0.03609073292483587	0.011747369698219856	1585.234582126802	2225.489297791778	0.01023828864387916	71.23083376315209	640.254715664976	287.03265063739786	-1.0449272981113744	-0.3197814502494613	0.7878397930658193	1.3471543244187203	3.468257128747947e-14	-1.6214807337357452e-14	1.3471543244187203	3.591263343360537	323.98419981824065	197.01580018175937	35.79011761480983	NaN	0.3169114308167767	0.4722346343551431	-51.40661816460878	-0.03896579995956721	2.146216999670893	0.14331985278199674	0	16.898256914338305	-2.5643756806432543	5.800624771880919	14.444375851986798	22.028584559633213	30.89540306203115	46.2869436664716	0.11384618642761254	1.0122099179281985	53.405346762677844	1.0219030122981803	22.427403190326643	1.09839162803829	0.5882247392543901	1.09839162803829	0.5070648216862444	1.09839162803829	NaN	1	NaN	NaN	800000009	800000009	800000009	800000019	800001009	800011009	899999999	899999999	89999	89999	89	89	12	0	1	11	0	0	2	NaN	0	0	0	0	0	0	0	0	0	NaN	NaN	NaN	NaN	0	4857	0	0	0	0	300	0	0	18000	0	15	18000	18000	18000	18000	93	NaN	0.2436056862403331	0.5794051691946225	0.12145841327533066	0.11358747378493966	0.14279503586194375	0.032079181801048816	NaN	NaN	0.04587955128245541	0.015081365461379798	0.013000524082263102	NaN	NaN	17.3215097302006	664.9029796733225	92.04616464233398	91.83249847920736	92.25982865609063	-0.4273309280276303	0.00027461988283903336	27.015162028668264	049
DATA	2026-09-23T013000_AIU-1657.ghg	2026-09-23	02:00:00	266.083	0	18000	18000	0.14910082727640345	1	NaN	65.6741810298628	0	NaN	5.718034472057924	0	NaN	0.1967070488671035	1	NaN	0.1288114588019427	0	NaN	0.005670118519546753	1	NaN	NaN	NaN	NaN	NaN	NaN	NaN	NaN	NaN	NaN	2.12590486401885e-10	8.18252560647868e-12	1.0849040578620598e-12	NaN	17.3466884861015	428.8696749542787	436.0678592878777	0.1	1	667.6673313443054	16.507027932198465	16.784083263444487	0.1	1	0.08852462331481695	2.0971107180447515	2.1323087989490768	0.3	0	NaN	NaN	NaN	NaN	9	293.7738848020766	288.64371143013386	98088.84872736772	1.1765105962737366	1014.5155870299163	0.024465409146560514	0.008346982530365886	0.012158253583779258	1619.589687066551	1754.92628720419	0.010334164114022496	92.2881889043188	135.33660013763892	287.3632670291064	-1.2452795594425556	-0.5413935266869657	0.9682150970579373	1.6677135863435835	1.502864745031002e-14	1.2255393101237542e-14	1.6677135863435835	4.856823723271055	317.5026868608387	203.4973131391613	35.49024761332998	NaN	0.3559935300699312	0.4595061343382892	-59.16872842746191	-0.03385403156763301	11.485446852548726	0.15456031485071822	0	16.55490206399799	-2.512270257432621	5.68276216270615	14.150881290147701	21.580986834434466	30.267640888196144	45.346441536821374	0.14734466366121207	1.0119187459630659	64.86605262946904	1.0228935725332782	5.183984385753149	1.1030192312639817	0.17833510358807722	1.1030192312639817	0.11678079144126427	1.1030192312639817	-0.012880097632923486	1.3052840576307363	NaN	NaN	800000009	800000009	800000009	800000019	800000019	800001019	899999999	899999999	89999	89999	89	89	24	15	3	21	0	0	1	NaN	0	0	0	0	0	0	0	0	0	NaN	NaN	NaN	NaN	0	1043	0	0	0	0	300	150	0	18000	0	15	18000	18000	18000	18000	93	NaN	0.255152662077307	0.502526225009921	0.1613333815893504	0.16055783706608692	0.10121692077393642	0.026653136620059744	3.071304716721361e-7	NaN	0.05434541420361173	0.004436290895368082	0.00290505655589501	-0.000012880097632923487	NaN	17.348019829285967	667.7161161290372	91.86075761328804	91.61298412831623	92.10853080240886	-0.4955470022261128	0.000274944241068119	34.58481636034154	024
DATA	2026-09-23T020000_AIU-1657.ghg	2026-09-23	02:30:00	266.104	0	18000	18000	0.09894356919575656	1	NaN	103.12995239419675	0	NaN	14.481392152726258	1	NaN	0.2897754120187006	1	NaN	0.32729597792345355	1	NaN	NaN	NaN	NaN	NaN	NaN	NaN	NaN	NaN	NaN	NaN	NaN	NaN	4.2617687905870267e-10	1.621246527268885e-11	NaN	NaN	17.382605903064757	429.5205517780408	436.65535356076646	0.1	1	661.2627488725302	16.339664049791068	16.61108357490807	0.1	1	NaN	NaN	NaN	NaN	0	NaN	NaN	NaN	NaN	9	293.5585008917914	292.04296865628623	96950.07617010991	1.149458093593467	1014.4366758836334	0.02517424918915963	0.02120877936943979	0.011696108551627832	1576.3334132852385	2175.059288419913	0.010175324021655404	72.47312391334292	598.7258751346747	286.9459633208689	-1.3786109592541045	-0.7481158480999759	0.9491354349188046	1.833331277476164	-1.452780930980242e-14	2.4517433199331908e-14	1.833331277476164	3.756865434461023	312.5131242493934	208.48687575060657	31.178822569768922	NaN	0.2933912888935454	0.3781766848123667	-20.917801180180234	-0.09576054302963503	7.121549593198577	0.3014529355509873	0	14.486485078139982	-2.1983799998248648	4.972741545338998	12.382829560681104	18.884596389636982	26.48591495028528	39.68072696113955	0.09777725955335645	1.0119282300171613	102.09726936383932	1.0235482711369768	13.097593806521456	1.1056528677439816	0.26208534384754045	1.1056528677439816	0.29602055714944364	1.1056528677439816	NaN	1	NaN	NaN	800000009	800000009	800000009	800000019	800000009	800011019	899999999	899999999	89999	89999	89	89	16	1	0	30	0	0	3	NaN	0	0	0	0	0	0	0	0	0	NaN	NaN	NaN	NaN	0	1796	0	0	0	0	300	0	0	18000	0	15	18000	18000	18000	18000	93	NaN	0.19599492599289123	0.40737535036374833	0.15298309326809387	0.15079946062168084	0.1631862728659205	0.02440021118162726	NaN	NaN	0.08755804216173056	0.0067068499588865465	0.007575263203967025	NaN	NaN	17.383953656567463	661.3115857341201	91.79649307505288	91.52884005822077	92.06414683405558	-0.5353065144916357	0.000274369914566503	28.007142743252906	226
DATA	2026-09-23T023000_AIU-1657.ghg	2026-09-23	03:00:00	266.124	0	18000	18000	0.1782797691203314	1	NaN	66.19071151215667	0	NaN	19.092003617115818	0	NaN	1.1922097670197718	1	NaN	0.43142474923288443	0	NaN	NaN	NaN	NaN	NaN	NaN	NaN	NaN	NaN	NaN	NaN	NaN	NaN	3.664318995794069e-11	1.3809515648452945e-12	NaN	NaN	17.42861505841907	430.43774662597514	437.5352992005822	0.1	1	656.8225437150963	16.221668486119658	16.489150011219557	0.1	1	NaN	NaN	NaN	NaN	0	NaN	NaN	NaN	NaN	9	293.3633626403809	291.85972884333984	96909.88569078773	1.1497535889279975	1014.3670174493515	0.025167948343003576	0.02795632375029091	0.011614553047571322	1564.3602897190924	2150.307832672618	0.010101775858251897	72.7505274337744	585.9475429535257	286.82867732659884	-1.081585734757594	-1.1617039135222482	0.7987222617976227	1.7768908058221091	-3.131788663963878e-14	2.1024728491114286e-15	1.7768908058221091	4.277057616452244	293.9545738764716	227.04542612352842	26.711964357755022	NaN	0.39377545731595015	0.4708109941092294	-78.77144581156799	-0.02542926538115966	3.4669337404072804	0.1441280502519997	0	18.35246921905949	-2.785058008271672	6.299808797848845	15.68741465796883	23.924297169791743	33.55416695228802	50.270256464290725	0.17618049895229196	1.0119154513724467	66.09104321121369	1.0233163479600857	17.281873418852005	1.1047415493906598	1.0791752764955356	1.1047415493906598	0.39052097702928307	1.1047415493906598	NaN	1	NaN	NaN	800000009	800000019	800000009	800000019	800000009	800010009	899999999	899999999	89999	89999	89	89	14	5	0	20	2	0	1	NaN	0	0	0	0	0	0	0	0	0	NaN	NaN	NaN	NaN	0	12151	0	0	0	0	300	0	0	18000	0	15	18000	18000	18000	18000	93	NaN	0.4284287588292343	0.36064133865434317	0.15255189073488126	0.1268708756156079	0.15822268688771482	0.015304355429887093	NaN	NaN	0.05666863002698702	0.027606259508099026	0.009989872516572025	NaN	NaN	17.429951507453485	656.8717071907912	91.78338668992784	91.5078137719896	92.05895838716296	-0.5511437171863175	0.00027440026452596705	12.500688075312322	160
DATA	2026-09-23T030000_AIU-1657.ghg	2026-09-23	03:30:00	266.145	0	18000	18000	0.08365157474580409	1	NaN	67.20195769322919	0	NaN	22.599200060721632	0	NaN	0.9918662248872937	1	NaN	0.5109038998441383	0	NaN	NaN	NaN	NaN	NaN	NaN	NaN	NaN	NaN	NaN	NaN	NaN	NaN	-4.317639000976188e-10	-1.6197771703805366e-11	NaN	NaN	17.43616949461135	430.5888469764188	437.6586487555651	0.1	1	654.1239154054223	16.153689180480143	16.418915233848377	0.1	1	NaN	NaN	NaN	NaN	0	NaN	NaN	NaN	NaN	9	293.8188509216309	292.31916706986846	96913.43123926775	1.1480176465682432	1014.3388234185123	0.025206102965557288	0.03310657270990016	0.011548373202215918	1557.8954424748474	2212.887331795401	0.0100594039096327	70.40102856076574	654.9918893205538	286.76502064038675	-1.5038765853475438	-0.6663554377445668	1.037690780734033	1.9448589948345716	3.269474181854807e-14	-2.476254318536279e-14	1.9448589948345716	4.006682374426128	317.1022589430935	203.89774105690645	32.24602167988573	NaN	0.26993722477924215	0.3346272799473059	-24.994050095527978	-0.08014307374531515	2.973643204744625	0.2137900723409247	0	15.085667987042383	-2.289308317913261	5.178421648433999	12.895002099194786	19.66569182701573	27.581412407346214	41.32198177759018	0.08266133719380607	1.0119794523729555	67.23342141449547	1.0240302541047288	20.405568012921353	1.1075016410428375	0.8955889437358665	1.1075016410428375	0.46131209283181257	1.1075016410428375	NaN	1	NaN	NaN	800000009	800000019	800000009	800000019	800000009	800010019	899999999	899999999	89999	89999	89	89	34	3	1	30	0	0	0	NaN	0	0	0	0	0	0	0	0	0	NaN	NaN	NaN	NaN	0	11317	0	0	0	0	300	150	17996	18000	0	15	18000	18000	18000	18000	93	NaN	0.18808360287799875	0.36414808289097456	0.11702287412563855	0.1380701049351652	0.08641721676801752	0.01934256767726218	NaN	NaN	0.05773691838560021	0.022943120644193637	0.011817853575007087	NaN	NaN	17.43753542206779	654.1734095531621	91.82575953504775	91.55581279924179	92.09570987913344	-0.5398968879116909	0.00027444202848225053	10.823834242633428	245
DATA	2026-09-23T033000_AIU-1657.ghg	2026-09-23	04:00:00	266.166	0	18000	18000	0.3060220297618056	1	NaN	125.6434034486135	0	NaN	58.08163224355773	1	NaN	3.929345221003027	1	NaN	1.307784478799465	1	NaN	-0.06142573161345291	1	NaN	NaN	NaN	NaN	NaN	NaN	NaN	NaN	NaN	NaN	-2.4160117883849424e-10	-8.991039031779502e-12	-1.2262263647654858e-12	NaN	17.456257017403477	430.95421273710224	437.9783765927535	0.1	1	649.6238509546656	16.03769553715329	16.29909546779681	0.1	1	0.0885977572119866	2.093691829067574	2.1278171120696925	-1.3	0	NaN	NaN	NaN	NaN	9	293.9335052049425	288.14011787716277	98060.07076028424	1.178431463575898	1014.2409146730688	0.024429892018811218	0.08474443422620533	0.011829740316029312	1573.0794079474542	1699.0467752195466	0.010038547579281777	92.58599768356494	125.96736727209236	286.9141655433597	-2.0292482514417425	-0.9237919669215581	1.3176946784157948	2.589895621381964	3.176166683912696e-14	-1.3840377040600603e-14	2.589895621381964	8.13654236960232	316.5231437867367	204.47685621326335	30.58279516874597	NaN	0.5095938533570296	1.0134848128448286	-90.69062645851012	-0.022087177895020873	2.163220946025489	0.20628614291751216	0	17.53080605351121	-2.66036745290294	6.017758422098118	14.985069342290613	22.853176248055842	32.05190462963991	48.01959375692727	0.3021660882410601	1.0127610002273628	126.15624501823783	1.0272690330491074	51.908034480392026	1.1189333756318156	3.5116882797282614	1.1189333756318156	1.1687777907786627	1.1189333756318156	-0.08419062983707679	1.308725779141236	NaN	NaN	800000009	800000009	800000009	800000019	800001019	800001019	899999999	899999999	89999	89999	89	89	33	14	2	57	3	0	3	NaN	0	0	0	0	0	0	0	0	0	NaN	NaN	NaN	NaN	0	0	0	0	0	0	300	0	17600	18000	0	20	18000	18000	18000	18000	93	NaN	0.44361682442735056	1.2968689043006636	0.28648389696164317	0.22446119870219894	0.4237630477825603	0.04267355301897405	0.0000010179496606841243	NaN	0.10555122996282501	0.08718884876966436	0.02901863204482054	-0.00008419062983707679	NaN	17.457602469230586	649.669753669719	91.72347762383353	91.42994522815283	92.01701148478188	-0.5870663134124571	0.00027439349828960587	27.425594134294325	146
DATA	2026-09-23T040000_AIU-1657.ghg	2026-09-23	04:30:00	266.187	0	18000	18000	0.28435944721406237	1	NaN	137.26036770163654	0	NaN	26.085986727220483	2	NaN	0.5486456846503895	2	NaN	0.589883164379661	2	NaN	NaN	NaN	NaN	NaN	NaN	NaN	NaN	NaN	NaN	NaN	NaN	NaN	-2.5320333740450897e-10	-9.398514157435232e-12	NaN	NaN	17.447436305060346	430.71229253520073	437.71012652066685	0.1	1	647.6217051676941	15.987370548384336	16.247119264408223	0.1	1	NaN	NaN	NaN	NaN	0	NaN	NaN	NaN	NaN	9	294.07321734619137	292.5876252568611	96995.01466596284	1.1480011071477505	1014.2521342573986	0.025206705081041655	0.03822442905180203	0.011429197957122052	1543.235302458536	2250.203890014798	0.009955737747952439	68.58202091404202	706.9685875562623	286.61980328836825	-1.6527432264894806	-1.0852534260277953	1.2159586552869057	2.3211830222494627	-2.1001693559127738e-14	-1.451235201420804e-14	2.3211830222494627	5.453539077400032	307.7095900756276	213.29040992437237	31.591058828695374	NaN	0.4976943118281661	0.919744175985098	-76.74036643364722	-0.02610229913004077	5.26184303998003	0.23686137366589777	0	16.587028118314397	-2.5171455101182465	5.693789997555341	14.178342158185147	21.622866390868232	30.326377561566037	45.43443977675272	0.2808896842677174	1.0123527603208025	135.94415682501722	1.0258430381369075	23.415518768005235	1.1140469269834907	0.4924798689907611	1.1140469269834907	0.5294957959956768	1.1140469269834907	NaN	1	NaN	NaN	800000009	800000009	800000009	800000019	800000009	800000009	899999999	899999999	89999	89999	89	89	26	20	2	22	4	0	4	NaN	0	0	0	0	0	0	0	0	0	NaN	NaN	NaN	NaN	0	3280	0	0	0	0	300	0	17800	18000	0	20	18000	18000	18000	18000	93	NaN	0.4970180443388481	1.0286648672105274	0.3138054404208205	0.20759491313033354	0.20817708220115358	0.059021950520580485	NaN	NaN	0.11675414511855706	0.01261449727042556	0.013562632086824601	NaN	NaN	17.448781527653757	647.6656947080558	91.88459188630843	91.62042747879028	92.14875472768145	-0.5283279244651513	0.00027423348635946033	26.945007845188755	009
DATA	2026-09-23T043000_AIU-1657.ghg	2026-09-23	05:00:00	266.208	0	18000	18000	0.14901154706133435	1	NaN	102.69153202970944	0	NaN	58.01457894553098	0	NaN	2.1447685678431814	1	NaN	1.3063572094628293	0	NaN	0.016854273072407184	0	NaN	NaN	NaN	NaN	NaN	NaN	NaN	NaN	NaN	NaN	-1.1973325161038617e-10	-4.386150248890956e-12	-6.154531172838971e-13	NaN	17.43433817255441	430.25721778511655	437.14730464978976	0.2	0	638.6665833116431	15.761476260715012	16.01387862856105	0.1	1	0.08961602254815476	2.1180996766273164	2.1520186677720208	-0.1	0	NaN	NaN	NaN	NaN	9	294.1347900254991	288.2058106986008	98089.42829382945	1.178639420399333	1014.0859854750422	0.024428148393020068	0.08465194717319133	0.011626825026395666	1546.4489027871207	1706.246400361962	0.009864615780843643	90.63455913864831	159.79749757484137	286.6517393880388	-1.7815347318609218	-0.38574375900416225	1.1592308057232903	2.1602037657071214	-1.42661671094416e-14	-6.8676683006455266e-15	2.1602037657071214	4.608755936724625	328.7827241574224	192.21727584257758	32.454542377223696	NaN	0.35556538972080154	0.5708148220233668	-37.6986215552024	-0.053134568781695216	1.7700987216700304	0.2416347599949551	0	14.922026997758923	-2.264475166458519	5.122248992227825	12.7551242427991	19.45236927024989	27.28222448831936	40.873743755711004	0.14722133360367742	1.012160013863726	103.92879927441254	1.0250367811664998	52.208985626282164	1.1111991211782184	1.9301388265759751	1.1111991211782184	1.1756283680981339	1.1111991211782184	-0.016771999459712205	1.3066523789639988	NaN	NaN	800000009	800000009	800000009	800000019	800000019	800000019	899999999	899999999	89999	89999	89	89	31	16	1	11	0	0	1	NaN	0	0	0	0	0	0	0	0	0	NaN	NaN	NaN	NaN	0	0	0	0	0	0	300	150	17900	18000	0	15	18000	18000	18000	18000	93	NaN	0.2546976822718843	0.678278317528375	0.20865364424647428	0.35267965192178924	0.324725194576964	0.05116871918552858	8.719089556979858e-8	NaN	0.08695211830022573	0.04790497330931355	0.029178442928543467	-0.000016771999459712206	NaN	17.43569252150438	638.7120255595794	92.23605265384248	92.02896405283613	92.44314106241863	-0.4141759989178821	0.00027441298411253634	44.46232762297951	251
DATA	2026-09-23T050000_AIU-1657.ghg	2026-09-23	05:30:00	266.229	0	18000	18000	0.12121873037615735	1	NaN	80.62140120629994	0	NaN	35.22905129211173	0	NaN	0.5847715784053166	1	NaN	0.7933237844661725	0	NaN	0.022585847126621393	0	NaN	NaN	NaN	NaN	NaN	NaN	NaN	NaN	NaN	NaN	2.0569874807014626e-10	7.475273710584353e-12	1.0585409234151167e-12	NaN	17.398129932971955	429.46798955919223	436.27707275241426	0.1	1	632.2633682579587	15.607245070808867	15.854693152360229	0.1	1	0.08953205937191204	2.116529919324	2.150086851742672	-1.3	0	NaN	NaN	NaN	NaN	9	296.19933962249763	288.2650099811446	98099.13669314972	1.178583144318591	1013.9999537768531	0.024430748055202747	0.051407381233407975	0.011511827650928263	1531.467957509228	1712.75729191551	0.009767514244897788	89.41535176863663	181.28933440628202	286.50236050586574	-1.599993144996693	-0.8703673073204788	1.134336550240607	2.1457485227538737	-2.10294248708877e-14	1.1823037812835137e-14	2.1457485227538737	4.354595868620479	312.45460961197966	208.54539038802037	31.91386434718156	NaN	0.3207042775989646	0.44779280755572953	-35.23586196844803	-0.0568483325821198	2.288491976062727	0.21035237917190985	0	15.404727581494438	-2.3377268423111537	5.287944482455685	13.167729441713618	20.081618232418272	28.164755104843035	42.19593543739746	0.11976420771111991	1.0121448861294675	81.03233621618445	1.024966493084417	31.710875439172526	1.1109454029324335	0.5263729224332384	1.1109454029324335	0.7140979046964215	1.1109454029324335	-0.005183122911865875	1.3065929965102672	NaN	NaN	800000009	800000009	800000009	800000019	800000019	800000019	899999999	899999999	89999	89999	89	89	11	13	0	20	6	0	13	NaN	0	0	0	0	0	0	0	0	0	NaN	NaN	NaN	NaN	0	0	0	0	0	0	300	0	17900	15000	0	15	18000	18000	18000	18000	93	NaN	0.24002783180142948	0.49879931361019825	0.15675846969983134	0.47043468938144845	0.06825444513512435	0.03574050445585775	1.1532551413332715e-7	NaN	0.06780476251706707	0.013063626156573381	0.017722621488626456	-0.000005183122911865875	NaN	17.399483223571814	632.3100921547782	92.4566945660909	92.28633087921143	92.6270580414666	-0.3407269834809858	0.00027457364234982775	42.511078915044415	189
DATA	2026-09-23T053000_AIU-1657.ghg	2026-09-23	06:00:00	266.249	0	18000	18000	0.14939402027929036	1	NaN	62.02664526130233	0	NaN	29.07722253881006	0	NaN	0.6338302088631315	0	NaN	0.6549829890607125	0	NaN	0.02348018256513129	2	NaN	NaN	NaN	NaN	NaN	NaN	NaN	NaN	NaN	NaN	-4.27921278973194e-10	-1.5530650094450818e-11	-2.1940305866244455e-12	NaN	17.413490457936888	429.7860292804227	436.59619997925114	0.2	0	631.9920053384799	15.598327926702071	15.845491092929219	0.1	1	0.08928214735262033	2.1134836963191455	2.1469728834042217	0	1	NaN	NaN	NaN	NaN	9	296.87778751458063	288.5704033974066	98134.630219444	1.177765822409657	1014.0005873308072	0.024447784930570572	0.04244289769113417	0.011497232769898521	1531.1467468947546	1746.6929277137258	0.009761900499350279	87.6597553354096	215.54618081897115	286.4991435843662	-1.3246706704791626	-1.1976785892858783	0.9811831229496195	2.037622808378107	-1.8244740043851896e-14	-2.4574124297874577e-14	2.037622808378107	4.561511749831329	298.88222250469414	222.1177774953059	28.78558862321801	NaN	0.3561534319101191	0.48070085143356817	-62.7433942691287	-0.031925273143623575	2.133169534281133	0.1458290361264104	0	16.002118218685197	-2.4283831762526806	5.49300935666991	13.678369973324871	20.86037726260699	29.25697571759935	43.83228094396056	0.14761598581331484	1.0120449994367422	62.49109441073841	1.024452596999026	26.217566543996703	1.1090740435430748	0.5714949444117203	1.1090740435430748	0.5905674133065886	1.1090740435430748	0.0007611592745310503	1.3061921663819893	NaN	NaN	800000009	800000009	800000009	800000019	800000019	800000019	899999999	899999999	89999	89999	89	89	15	3	4	15	1	0	6	NaN	0	0	0	0	0	0	0	0	0	NaN	NaN	NaN	NaN	0	4	0	0	0	0	300	0	18000	18000	0	15	18000	18000	18000	18000	93	NaN	0.29379654589689114	0.4918179979732336	0.17578715899701156	0.1593829316292805	0.055378763827259245	0.034204215850538906	5.476402791362347e-8	NaN	0.0523264144419867	0.01419323561913772	0.014666905679582771	7.611592745310504e-7	NaN	17.41484313565126	632.0389353736614	92.48833509953816	92.32415514331393	92.65251560465495	-0.3283606781942959	0.00027469973461443763	45.3470491318173	019
DATA	2026-09-23T060000_AIU-1657.ghg	2026-09-23	06:30:00	266.27	1	18000	18000	0.11754744027308349	1	NaN	38.22776723894433	1	NaN	72.92675292951003	1	NaN	2.6261248766212404	1	NaN	1.6526417032823835	1	NaN	NaN	NaN	NaN	NaN	NaN	NaN	NaN	NaN	NaN	NaN	NaN	NaN	-5.683995129906325e-10	-2.0622640683054686e-11	NaN	NaN	17.43008398734776	430.04748862313625	436.86385789980676	0.1	1	632.3973735573238	15.60295994601098	15.850271090976909	0.1	1	NaN	NaN	NaN	NaN	0	NaN	NaN	NaN	NaN	9	296.27083915456143	294.809987081467	96947.71156294257	1.138954955926842	1014.0886072259441	0.025407466736662603	0.10709118237269845	0.011066248593719357	1505.5791492797384	2580.7265316700223	0.00971614244806901	58.339352535173816	1075.1473823902838	286.24116048233816	-1.1445833974939534	-0.809083488228821	0.8908522029543027	1.66081452674635	-3.4656802264418674e-14	-3.261025669200592e-14	1.66081452674635	4.076434063417009	305.74426108902503	215.255738910975	32.43854986188342	NaN	0.3212575284246756	0.40497557163973374	-74.08035343282059	-0.027039557820367332	0.5241940125305559	0.1030251289681561	0	15.892256125510448	-2.411711179762744	5.455297255215267	13.584461508460924	20.71716092842137	29.056112772558414	43.53135165026841	0.11616272638232146	1.0119204665204273	41.71724640894381	1.0228680897740627	66.12218339301151	1.1029090267037023	2.3810892947988824	1.1029090267037023	1.4984388224853722	1.1029090267037023	NaN	1	NaN	NaN	800000009	800000009	800000009	800000019	800000009	800000019	899999999	899999999	89999	89999	89	89	21	3	0	15	0	0	2	NaN	0	0	0	0	0	0	0	0	0	NaN	NaN	NaN	NaN	0	3698	0	0	0	0	300	0	18000	15000	0	20	18000	18000	18000	18000	93	NaN	0.2559289315538297	0.4085100459095088	0.14551216581612902	0.19466699643089996	0.1889313473361818	0.0656748364345886	NaN	NaN	0.03611878912804818	0.06145178129430256	0.038672104823368664	NaN	NaN	17.43140016162956	632.4410015271295	92.50195574824016	92.3414878446791	92.66242415322196	-0.32093585964291765	0.0002741710444550133	29.824610427069135	001
DATA	2026-09-23T063000_AIU-1657.ghg	2026-09-23	07:00:00	266.291	1	18000	18000	0.11495689394101136	1	NaN	86.02929319436828	0	NaN	31.074632254519514	1	NaN	0.5356545645240887	1	NaN	0.6998719594139228	1	NaN	0.023541348747193488	0	NaN	NaN	NaN	NaN	NaN	NaN	NaN	NaN	NaN	NaN	-3.838674463019025e-10	-1.4094929615969068e-11	-1.964295374188379e-12	NaN	17.468913284776733	430.97076896079307	437.9003136341979	0.1	1	641.4274135211417	15.824479813443194	16.07892036416793	0.1	1	0.08939050676987503	2.1147449671636758	2.1487477830812254	-1.2	0	NaN	NaN	NaN	NaN	9	296.17297286902533	288.41599943344204	98167.7944334834	1.1786931732715762	1014.1255537217321	0.02442644895026547	0.045351702970022195	0.011674113241130286	1553.8709790092041	1729.4623574314098	0.00990428510646894	89.84705404730558	175.5913784222057	286.7252760094797	-1.3938988348280068	-0.8283536748358697	1.0264897324748081	1.9190635589331095	-1.0231129101673574e-14	-2.197431746578211e-14	1.9190635589331095	4.964604400202113	310.27821146132726	210.72178853867277	32.33651629603628	NaN	0.3122965067431736	0.42435535264881785	-30.5077978076955	-0.06565862316993343	2.768473412323524	0.23045531786402848	0	15.565391247873235	-2.362108173528528	5.34309512005472	13.305062327270852	20.291059548077463	28.45849952803173	42.63601811057626	0.11359773065410352	1.011964704568319	86.20031414261454	1.0239161402897945	28.069208763708662	1.1070718991800235	0.4838480363568371	1.1070718991800235	0.6321829322307773	1.1070718991800235	-0.005588312637428537	1.3058182324841177	NaN	NaN	800000009	800000009	800000009	800000019	800000019	800000019	899999999	899999999	89999	89999	89	89	16	9	0	10	3	0	10	NaN	0	0	0	0	0	0	0	0	0	NaN	NaN	NaN	NaN	0	0	0	0	0	0	300	0	18000	12000	0	20	18000	18000	18000	18000	93	NaN	0.2586735611687267	0.44519641063564125	0.1448407334932677	0.18917217188233273	0.050937685184577745	0.04385934015060136	7.768509095511765e-8	NaN	0.07211346344340938	0.012008772918620576	0.0156903422267652	-0.000005588312637428537	NaN	17.470258140002326	641.4731304076082	92.28704728698729	92.09210876422458	92.48198322931925	-0.38987466324369335	0.00027407085722693913	44.325350670457695	095
DATA	2026-09-23T070000_AIU-1657.ghg	2026-09-23	07:30:00	266.312	1	18000	18000	0.31492200853184327	1	NaN	129.6887889687955	0	NaN	63.144937444436046	0	NaN	0.5753169118793486	2	NaN	1.421865189386271	0	NaN	0.015976447992807397	0	NaN	NaN	NaN	NaN	NaN	NaN	NaN	NaN	NaN	NaN	4.642939229860692e-10	1.6883057882978315e-11	2.374445863453135e-12	NaN	17.446689459439984	430.10969849954193	436.94350429916204	0.1	0	634.4116376016206	15.640021495642095	15.888518262806288	0.1	1	0.08922412628511107	2.1084952228574085	2.1419960877128186	0.2	0	NaN	NaN	NaN	NaN	9	296.41530780029296	288.1940368166021	98200.0340938789	1.1800711805223807	1014.0173805338375	0.024399637374897636	0.09213686427223036	0.011550712326172092	1536.262619778017	1704.954071679655	0.00978814881409014	90.10580667809722	168.69145190163795	286.5503086123384	-1.8761124063200445	-0.9203960194192939	1.2701745335035282	2.4454590446931914	5.110415181274348e-14	2.6612150348950644e-14	2.4454590446931914	6.005683039583611	314.86803969797234	206.13196030202766	31.292098436950315	NaN	0.5165916762801012	0.9825875120639433	-91.61816278108958	-0.02186356874221723	2.0538271826290786	0.20979804041041936	0	17.850926256293423	-2.7089469287067875	6.127645328638311	15.258703276857974	23.270485263534912	32.63718645742793	48.89645258726657	0.3110250724786185	1.0125293309062493	130.5117758015171	1.0264913620933573	56.566571241338316	1.116294236308428	0.5153810645676313	1.116294236308428	1.2737369262859966	1.116294236308428	-0.02458746668624817	1.307954415604319	NaN	NaN	800000009	800000009	800000009	800000019	800000019	800000019	899999999	899999999	89999	89999	89	89	28	2	1	16	0	0	1	NaN	0	0	0	0	0	0	0	0	0	NaN	NaN	NaN	NaN	0	4	0	0	0	0	300	0	17700	15000	0	20	18000	18000	18000	18000	93	NaN	0.46492426320565927	1.2188667051370166	0.2813840557852107	0.19165365681017205	0.8703754739383581	0.05884748458610604	9.172721780402338e-8	NaN	0.10906768512890327	0.012774965413442984	0.03157264846891456	-0.000024587466686248172	NaN	17.448027190661925	634.4543086086424	92.32896537060208	92.13527889760334	92.52265066358777	-0.38737229526042694	0.00027399161687450635	39.1641895168878	134
DATA	2026-09-23T073000_AIU-1657.ghg	2026-09-23	08:00:00	266.333	1	18000	18000	0.1918701116623365	0	NaN	97.57241859767808	0	NaN	18.56818524770792	1	NaN	1.078350222484703	1	NaN	0.4179810631586603	1	NaN	0.005535898235687894	1	NaN	NaN	NaN	NaN	NaN	NaN	NaN	NaN	NaN	NaN	-1.3222042828181693e-9	-4.765375471444044e-11	-6.7483542849296425e-12	NaN	17.369847776306713	427.6010339550235	434.2940394415697	0.1	1	626.0291818107204	15.411230361697477	15.652453935015863	0.1	1	0.0886533860108022	2.091769035542945	2.124510354014473	0	1	NaN	NaN	NaN	NaN	9	296.3365019259983	287.87616233074016	98235.20372464786	1.1819001711217214	1013.8825008035357	0.02436399908454868	0.027085172892681187	0.011398390506924531	1514.331448678885	1670.3866438496714	0.009644122900926998	90.65754053138666	156.05519517078642	286.3299040453486	-1.9577237090818473	-0.23731418723032463	1.2706625268646665	2.3459717393310524	7.210942306916602e-15	-7.612066034462996e-14	2.3459717393310524	5.465887862866958	334.0883591692726	186.91164083072738	32.79507159226691	NaN	0.40291484272759753	0.9017734278086557	-57.78905427099888	-0.03466227342303549	5.254817166891554	0.20209025923954774	0	15.744511181045658	-2.3892903144365683	5.404581196800068	13.458171352091625	20.524560471528126	28.785987893243554	43.126655357857025	0.18952266177714316	1.0123861171175068	96.61329404345332	1.0259706752550544	16.6605885420942	1.1144975581621284	0.9675662495510223	1.1144975581621284	0.37503990932733444	1.1144975581621284	-0.02183671205947547	1.307465012187608	NaN	NaN	800000009	800000009	800000009	800000019	800000019	800000019	899999999	899999999	89999	89999	89	89	24	9	0	18	2	0	0	NaN	0	0	0	0	0	0	0	0	0	NaN	NaN	NaN	NaN	0	1460	0	0	0	0	300	150	17900	18000	0	15	18000	18000	18000	18000	93	NaN	0.5329562005682508	1.0362972063541982	0.23429344869486243	0.1899674930181608	0.16391696693795055	0.034674139432448806	3.671331063613741e-7	NaN	0.08062476592780875	0.02394287130086073	0.009280534832501236	-0.000021836712059475472	NaN	17.37117894499391	626.0743772094596	92.24073291651409	92.01834833187529	92.463116033766	-0.4447671711477987	0.0002740495151455334	25.094685400184915	041
DATA	2026-09-23T080000_AIU-1657.ghg	2026-09-23	08:30:00	266.354	1	18000	18000	0.17199772459065976	1	NaN	118.5839001021933	0	NaN	47.253188943259886	0	NaN	0.6118759633123696	1	NaN	1.0639525310774018	0	NaN	0.024914567838631392	0	NaN	NaN	NaN	NaN	NaN	NaN	NaN	NaN	NaN	NaN	9.39914692888089e-11	3.3575521412314004e-12	4.792434112351543e-13	NaN	17.388720415134685	427.80823206978107	434.4475088754301	0.2	0	621.157812563965	15.282115031191848	15.519282491427404	0.1	1	0.08866155356245438	2.0941644961177763	2.1266644265165455	0	0	NaN	NaN	NaN	NaN	9	296.04995592329243	288.125183847653	98260.31589457786	1.1812385533265795	1013.8141993601558	0.02437884263550971	0.06894412401381564	0.011296012763926024	1502.0282456332727	1697.4138012236604	0.009562854795176155	88.48922075162021	195.38555559038764	286.2050268128648	-1.4655568925427502	-0.20426116179842208	0.9525891696445555	1.7598311719091566	3.9195706447718663e-13	5.4053125845304406e-15	1.7598311719091566	4.869265704890986	333.06554593101964	187.9344540689803	32.771891173115876	NaN	0.3815860981764615	1.2240921939475171	-40.397648751369715	-0.04958456895172849	2.5095428002665607	0.2594999047900106	0	15.370722955312806	-2.3325665090974037	5.27627179467566	13.138662798700455	20.037289767828224	28.102583802963743	42.102791498087775	0.16997277299243257	1.0119133880243123	119.12785340586369	1.0232479455759036	42.78365105464311	1.1044683606573995	0.5540004450178817	1.1044683606573995	0.9633164416263751	1.1044683606573995	-0.013556210209615303	1.305435749480856	NaN	NaN	800000009	800000009	800000009	800000019	800000019	800000019	899999999	899999999	89999	89999	89	89	13	5	1	13	0	0	3	NaN	0	0	0	0	0	0	0	0	0	NaN	NaN	NaN	NaN	0	22	0	0	0	0	300	0	18000	18000	0	20	18000	18000	18000	18000	93	NaN	0.41119524838041915	1.8138345013734765	0.22315463814113887	0.2604066729056636	0.06893087164764719	0.04220951434215646	7.804403276944755e-8	NaN	0.09947577550083488	0.013715548482392944	0.023849102429125916	-0.000013556210209615304	NaN	17.39007339687359	621.2027112807267	92.30581866285536	92.08917905977039	92.52245827060274	-0.43327954635686683	0.00027355076441987577	39.71968973574079	083
DATA	2026-09-23T083000_AIU-1657.ghg	2026-09-23	09:00:00	266.374	1	18000	18000	0.7549515034544315	1	NaN	196.0747301501552	1	NaN	60.89348500190356	0	NaN	-7.163006435485138	2	NaN	1.3713676341179009	0	NaN	0.0509062587152563	1	NaN	NaN	NaN	NaN	NaN	NaN	NaN	NaN	NaN	NaN	8.997662445201577e-10	3.1698350822906003e-11	4.613607299922012e-12	NaN	17.336564720883757	426.8067099569657	433.3222314366316	0.1	1	610.759198773518	15.036204023191816	15.265742847208017	0.1	1	0.08889431231607825	2.101519575786232	2.133600833218558	0	0	NaN	NaN	NaN	NaN	9	295.38295241461867	288.345305041297	98265.24155632062	1.1805063696824158	1013.679617105814	0.024396244573818424	0.08886462269083997	0.011106315987303899	1477.9325538791875	1721.6232004535789	0.009408094926494772	85.84529724563491	243.6906465743914	285.9578271739574	-1.901182135075626	0.9155725356982696	0.93470482336708	2.3079080756566976	2.1619172575742602e-13	5.189991552572653e-14	2.3079080756566976	6.197411125801304	6.714566400789408	154.28543359921056	23.891182877166653	NaN	0.7996968029572209	1.6483031588872896	-224.88326783670271	-0.008907287853245426	3.2199623677972418	0.20489304540008052	0	20.789018381783514	-3.154813743981874	7.136197278793901	17.770140235325087	27.10058508734773	38.008955919245864	56.94434210562693	0.7457524819877843	1.0123352207184446	195.47387099034023	1.0257750195128985	54.6711919761001	1.113813011951954	-6.431067296414494	1.113813011951954	1.2312368587924674	1.113813011951954	-0.01396155202038688	1.3072887254181444	NaN	NaN	800000009	800000009	800000009	800000019	800000019	800000019	899999999	899999999	89999	89999	89	89	18	2	0	29	0	0	2	NaN	0	0	0	0	0	0	0	0	0	NaN	NaN	NaN	NaN	0	0	0	0	0	0	300	0	18000	3004	0	15	18000	18000	18000	18000	93	NaN	1.0335756433711143	1.8023263085124894	0.4607043658909756	0.2535636507831408	0.5484329190537418	0.08466397144112223	3.307231561292007e-8	NaN	0.16335019784354957	-0.15928964469374146	0.03049622601216362	-0.00001396155202038688	NaN	17.33792530072318	610.8019975820872	92.65687088267009	92.50086658138699	92.81287482537164	-0.31200719362828033	0.00027346625603159847	46.31063921424726	239
DATA	2026-09-23T090000_AIU-1657.ghg	2026-09-23	09:30:00	266.395	1	18000	18000	0.2555421343174924	1	NaN	146.39275078234752	1	NaN	127.7143239385228	1	NaN	2.01352084674092	1	NaN	2.8762987953914796	1	NaN	0.033412258642678036	0	NaN	NaN	NaN	NaN	NaN	NaN	NaN	NaN	NaN	NaN	1.2111695471633952e-9	4.262564893802509e-11	6.209337208339755e-12	NaN	17.293922030149073	425.87215485189245	432.3522749487058	0.1	1	608.6386922005923	14.988055972602858	15.216115970453632	0.1	1	0.08866123970126902	2.0961739424636887	2.128069568266459	0.2	0	NaN	NaN	NaN	NaN	9	296.26318006812204	288.3724174490891	98310.01230711512	1.1809548046547522	1013.6530761144932	0.024387427306813664	0.18638416194136787	0.011074754620731847	1473.8712114564735	1724.625945057128	0.009377797166394959	85.4603408745339	250.75473360065462	285.91581286920524	-1.6553937669681937	-0.6657240391945097	1.1604096916876554	2.128395563010159	2.8286453882901223e-13	7.003440544324895e-14	2.128395563010159	6.179648297571283	319.09225300682954	201.9077469931705	33.03860271869352	NaN	0.46517312971523184	1.1103459074333362	-59.30138090822876	-0.03377830278690941	1.1462516205528823	0.262895002944216	0	17.413644032835926	-2.642587664251497	5.977540491757858	14.884921009193837	22.70044372110313	31.83769508893553	47.698668830863134	0.2524802101550088	1.01212738281786	150.7067681043867	1.0248825688463306	114.99084848093462	1.110647722194151	1.81292484241816	1.110647722194151	2.589748970726	1.110647722194151	-0.01839514323404523	1.306524730498364	NaN	NaN	800000009	800000009	800000009	800000019	800000019	800000019	899999999	899999999	89999	89999	89	89	15	5	0	14	0	0	2	NaN	0	0	0	0	0	0	0	0	0	NaN	NaN	NaN	NaN	0	0	0	0	0	0	300	0	18000	14996	0	20	18000	18000	18000	18000	93	NaN	0.43932854653901204	1.5386119200625459	0.2427513482651145	0.2622909194120204	0.09049116314196268	0.12195379240242436	4.791033797395442e-8	NaN	0.12589547955251212	0.04488549964532701	0.06411858549632916	-0.00001839514323404523	NaN	17.295244040161485	608.6758368696802	92.77291702779135	92.63896437454227	92.90686781395804	-0.26790385912358683	0.00027378044558443236	41.41492443482849	190
DATA	2026-09-23T093000_AIU-1657.ghg	2026-09-23	10:00:00	266.416	1	18000	18000	0.21956052257704953	1	NaN	94.69837340536412	0	NaN	96.60879245675861	0	NaN	1.3069707956325747	0	NaN	2.190563349193889	0	NaN	NaN	NaN	NaN	NaN	NaN	NaN	NaN	NaN	NaN	NaN	NaN	NaN	4.711719614429169e-10	1.650704047343286e-11	NaN	NaN	17.287040473688855	425.70151067088204	432.1465567387411	0.1	1	605.6342484624381	14.91402851036818	15.13982428134208	0.1	1	NaN	NaN	NaN	NaN	0	NaN	NaN	NaN	NaN	9	296.79734050920274	295.3982595578077	96919.34077499808	1.1366465914437225	1013.7209156473822	0.025460068849643497	0.141948505027764	0.01055577657502426	1438.997465769522	2675.109399856298	0.009286770975679204	53.792097842683454	1236.1119340867758	285.5507933399658	-1.6786332421391423	-0.9493232666429035	1.139300584866115	2.2398727751549496	-6.567014897408942e-14	2.725579095855349e-14	2.2398727751549496	5.273203283131211	311.51038807780867	209.48961192219136	30.57363072363984	NaN	0.43950558773657566	0.7383019609865703	-76.54841866472188	-0.026167751534796224	0.980225205151492	0.1869968355819597	0	16.679115733169176	-2.531120160948751	5.7254006957840335	14.25705726631839	21.742911897396315	30.49474309135896	45.68668202059895	0.2169034887638343	1.0122498435979894	98.2592623990555	1.0254307104679852	86.83164119449405	1.1125989458193555	1.1747007316010687	1.1125989458193555	1.9688705956670525	1.1125989458193555	NaN	1	NaN	NaN	800000009	800000009	800000009	800000019	800000009	800000019	899999999	899999999	89999	89999	89	89	38	1	0	22	1	0	6	NaN	0	0	0	0	0	0	0	0	0	NaN	NaN	NaN	NaN	0	2278	0	0	0	0	300	0	18000	15000	0	15	18000	18000	18000	18000	93	NaN	0.4232143610432714	0.8120364990158194	0.24135306191404982	0.1491945354087648	0.02700114638643666	0.0907136216223134	NaN	NaN	0.08527655326663726	0.03035870853052976	0.05088306063002045	NaN	NaN	17.288380641408462	605.6720928092739	92.80875658671062	92.68052675628661	92.93698779466418	-0.25645984087304974	0.0002739005211980032	34.40973612928468	062
DATA	2026-09-23T100000_AIU-1657.ghg	2026-09-23	10:30:00	266.437	1	18000	18000	0.11225384810502054	1	NaN	21.399049847446165	2	NaN	30.470150402717238	1	NaN	0.7295934163022112	1	NaN	0.6899424285021961	1	NaN	NaN	NaN	NaN	NaN	NaN	NaN	NaN	NaN	NaN	NaN	NaN	NaN	-2.893137710422584e-10	-1.0239665562196703e-11	NaN	NaN	17.336844766720045	425.92007143427765	432.43889949520315	0.1	1	613.6019439219972	15.074564449532911	15.305284953990304	0.1	1	NaN	NaN	NaN	NaN	0	NaN	NaN	NaN	NaN	9	295.37574611663814	293.9684372907289	96966.63003523358	1.1426638449561957	1013.7759567926017	0.025325763639732678	0.044708269366942305	0.010725980858824488	1455.1220308123482	2450.981208335236	0.0093868208976505	59.36895908723435	995.8591775228876	285.72052361539596	-1.6930814622747197	-0.9464311385410638	1.1714957769419112	2.26597861713018	3.0593533935449235e-14	-1.6687798439403897e-14	2.26597861713018	4.762932605524136	311.794845697789	209.20515430221096	31.130783654390648	NaN	0.3134305868372195	0.3791141580595407	-122.90342092569476	-0.016298163101668577	0.702295511004037	0.05893762639249496	0	15.216833419503725	-2.309213178328747	5.223446496890657	13.00712033806784	19.83667921553294	27.821224650954623	41.68126421802788	0.11089189978770263	1.01228176557463	22.68007903545934	1.0255619962190579	27.374967726132176	1.1130661671476745	0.6554807232815778	1.1130661671476745	0.6198575150929541	1.1130661671476745	NaN	1	NaN	NaN	800000009	800000019	800000009	800000019	800000019	800000019	899999999	899999999	89999	89999	89	89	26	19	0	10	0	0	0	NaN	0	0	0	0	0	0	0	0	0	NaN	NaN	NaN	NaN	0	17336	0	0	0	0	300	0	4	18000	0	15	18000	18000	18000	18000	93	NaN	0.21929834967806142	0.384536612322145	0.15439335411887498	1.287921600984687	0.07122184440356748	0.04365185405497112	NaN	NaN	0.01957871075928902	0.0168534599765676	0.015937530198437418	NaN	NaN	17.338198104403578	613.647929923788	92.30455325020681	92.07794839519927	92.53115604697331	-0.45320896934303034	0.0002734053687163396	1.2363782683535574	056
DATA	2026-09-23T103000_AIU-1657.ghg	2026-09-23	11:00:00	266.458	1	18000	18000	0.1655559307433618	1	NaN	43.825138515431604	1	NaN	26.01758670701691	1	NaN	0.3606050966527875	0	NaN	0.5880852818044264	1	NaN	NaN	NaN	NaN	NaN	NaN	NaN	NaN	NaN	NaN	NaN	NaN	NaN	3.879445166208853e-10	1.3978558464549052e-11	NaN	NaN	17.346509673801698	426.24707079939833	432.895782967489	0.1	1	625.0357699167147	15.358690081280034	15.598258905619002	0.1	1	NaN	NaN	NaN	NaN	0	NaN	NaN	NaN	NaN	9	293.57037621900764	292.1454110800336	96929.9788474057	1.1492376484315858	1013.8928350901263	0.025180487367352348	0.03810792626092683	0.010991193139713811	1481.8533310854548	2189.140481176646	0.009563899298560195	67.6911026874333	707.2871500911913	285.9982911032369	-1.4247388730151842	-0.61591189963778	1.0292905352249755	1.8624358593786374	8.020623304268496e-14	2.2364413586140325e-14	1.8624358593786374	4.52803416122986	317.6212636947564	203.3787363052435	33.54957157209366	NaN	0.37954864837730673	0.5590639627862183	-106.53691876985283	-0.01880193291798885	1.6844428735433798	0.09909550367222991	0	17.407422192230175	-2.6416434759355596	5.975404735216378	14.87960267342369	22.692332923486834	31.826319579953932	47.68162624551956	0.1636027851756467	1.011938339348063	44.48302674237467	1.0236711348606464	23.52110022739888	1.1061381676657271	0.32600366499762773	1.1061381676657271	0.5316562604881967	1.1061381676657271	NaN	1	NaN	NaN	800000009	800000019	800000009	800000019	800000019	800000019	899999999	899999999	89999	89999	89	89	28	0	2	12	10	0	0	NaN	0	0	0	0	0	0	0	0	0	NaN	NaN	NaN	NaN	0	17732	0	0	0	0	300	150	0	18000	0	15	18000	18000	18000	18000	93	NaN	0.37185999987113266	0.5845138217506233	0.16175410395068074	0.2517322860486723	0.07247185699821171	0.035847597277524526	NaN	NaN	0.038176176624190296	0.008336376646346691	0.013595205544238488	NaN	NaN	17.34784576546994	625.0805897806218	92.08312383778892	91.82675557369654	92.33949251174928	-0.5127366504818179	0.00027306835949679627	0.3903170405713246	023
DATA	2026-09-23T110000_AIU-1657.ghg	2026-09-23	11:30:00	266.479	1	18000	18000	0.15370421044559068	0	NaN	88.7149544999221	1	NaN	83.11730240135343	1	NaN	3.584805855881725	1	NaN	1.8767272120043357	1	NaN	NaN	NaN	NaN	NaN	NaN	NaN	NaN	NaN	NaN	NaN	NaN	NaN	-2.536452768145984e-10	-8.966129024934289e-12	NaN	NaN	17.318113566527657	425.2344580398616	431.7239818165013	0.1	1	612.1795077597718	15.031649966107183	15.26104870840768	0.1	1	NaN	NaN	NaN	NaN	0	NaN	NaN	NaN	NaN	9	292.42834853956424	291.0390334227417	96929.9788474057	1.153747381964501	1013.6875299718337	0.025082531933545437	0.12161192333788094	0.010799162450902403	1450.451012444051	2042.5280784353686	0.009360075368071064	71.01253724527182	592.0770659913176	285.67152652175974	-0.7270860123848871	0.6563546976905886	0.26039284261840867	1.0135383520484635	3.784903314083159e-14	-1.464624168447783e-14	1.0135383520484635	3.890256002613787	23.073181260690035	137.92681873930994	14.887066340231852	NaN	0.3649955065542522	0.6441590699974657	-46.800652236773594	-0.04280068555168692	1.067346412080832	0.20782341821933106	0	14.326654762289811	-2.174125132765296	4.917876970009256	12.246209010621724	18.67624143055769	26.193694157646437	39.24292696416626	0.15169582769922227	1.0132395384687216	91.9582651401329	1.0214888932411066	75.93045407302098	1.0946504062970697	3.274840839833269	1.0946504062970697	1.7144534923737318	1.0946504062970697	NaN	1	NaN	NaN	800000009	800000019	800000009	800000019	800000019	800010019	899999999	899999999	89999	89999	89	89	5	2	0	21	6	0	0	NaN	0	0	0	0	0	0	0	0	0	NaN	NaN	NaN	NaN	0	17915	0	0	0	0	300	0	0	18000	0	20	18000	18000	18000	18000	93	NaN	0.5201265391610633	0.5247641151737721	0.24342748566009614	0.11555118635076193	0.20520324236000112	0.07253082668930719	NaN	NaN	0.07862776606118096	0.08338912693072097	0.04365610021513284	NaN	NaN	17.319458849959904	612.2188293535039	92.37425173272027	92.16062933391996	92.58787585703531	-0.42724720076885625	0.00027312455179829447	0.25005427077912085	018
DATA	2026-09-23T113000_AIU-1657.ghg	2026-09-23	12:00:00	266.499	1	18000	18000	0.20955209735982966	1	NaN	119.34421425261122	0	NaN	53.18585602334186	1	NaN	1.0571531478018372	0	NaN	1.200990148053259	1	NaN	NaN	NaN	NaN	NaN	NaN	NaN	NaN	NaN	NaN	NaN	NaN	NaN	-1.686360797580053e-10	-5.924563571646071e-12	NaN	NaN	17.32135609638898	425.0796722534677	431.5240533001006	0.1	1	608.5380749329487	14.934001934189261	15.160407488952375	0.1	1	NaN	NaN	NaN	NaN	0	NaN	NaN	NaN	NaN	9	292.4998751881917	291.1192127468232	96835.45912906062	1.1523469099316008	1013.6347715062624	0.02511315569923107	0.07782416159385118	0.010715926054376119	1439.6683511459278	2052.8700636107933	0.009299218804701944	70.12954091276946	613.2017124648655	285.5578884916585	-1.5301433409573646	1.1080624926741185	0.8843005026738631	2.085935883620652	2.2961137022578822e-14	-9.73573193805312e-15	2.085935883620652	5.5687121129497985	16.91040250200649	144.08959749799354	25.083248965250544	NaN	0.426436514715752	0.6541550635672244	-55.441974504353574	-0.03612966561720681	2.2439088730702053	0.2395974781520733	0	15.710618444266714	-2.384146960871348	5.392946917031249	13.429200350457005	20.480377866074967	28.72402116087767	43.033817900955874	0.2070495522148869	1.0120866967263251	119.98722633759242	1.0246795060905332	47.91898915698846	1.1099118941991557	0.9524658248343344	1.1099118941991557	1.0820589943491143	1.1099118941991557	NaN	1	NaN	NaN	800000009	800000019	800000009	800000019	800000009	800000009	899999999	899999999	89999	89999	89	89	5	0	2	11	6	0	0	NaN	0	0	0	0	0	0	0	0	0	NaN	NaN	NaN	NaN	0	18000	0	0	0	0	300	0	0	18000	0	20	18000	18000	18000	18000	93	NaN	0.47347122748509435	0.5709736894384602	0.2638652102108944	0.23161254996669317	0.04035147543468028	0.04137836065495168	NaN	NaN	0.1027236098042767	0.024280403218489136	0.027584011944532576	NaN	NaN	17.32268663218064	608.5813153017505	92.30689377890694	92.07572969987658	92.53805592388578	-0.46232633444997834	0.0002726017578728109	0.15703360012778353	074
DATA	2026-09-23T120000_AIU-1657.ghg	2026-09-23	12:30:00	266.52	1	18000	18000	0.29555446251881207	1	NaN	150.17237412118334	0	NaN	118.36818877383098	1	NaN	3.5024746413331806	1	NaN	2.6727091616690077	1	NaN	NaN	NaN	NaN	NaN	NaN	NaN	NaN	NaN	NaN	NaN	NaN	NaN	8.953331324087844e-11	3.1579020573857298e-12	NaN	NaN	17.282203167117807	424.2292037282177	430.67330738141607	0.1	1	609.5552924615978	14.962858256481796	15.190146261893739	0.1	1	NaN	NaN	NaN	NaN	0	NaN	NaN	NaN	NaN	9	292.43875151401096	291.05572069235274	96835.45912906062	1.1525858612725317	1013.649477436129	0.025107907805208475	0.1731915536761517	0.010738876074161867	1442.436865721881	2044.6822724783965	0.009317202678770875	70.54577061371384	602.2454067565154	285.58713701937427	-1.517937341685457	1.2935926097480768	0.7691072819404325	2.1375316662945085	-2.4940943773046727e-14	5.180665472746558e-15	2.1375316662945085	5.213147243650028	21.43777620668959	139.5622237933104	21.08858576869987	NaN	0.5063864971194937	0.67983552492008	-73.77934995164142	-0.027149873254683446	1.2686886204546173	0.25383227456690494	0	16.68458543278889	-2.531950208968279	5.727278266664255	14.261732683286253	21.75004220327339	30.50474344673502	45.701664375255625	0.29201049089355413	1.0121364530925356	153.80580182301	1.0249266915129929	106.5608408995587	1.1108038166234213	3.153099214206761	1.1108038166234213	2.406103689662686	1.1108038166234213	NaN	1	NaN	NaN	800000009	800000019	800000009	800000019	800000009	800000009	899999999	899999999	89999	89999	89	89	8	3	0	12	1	0	0	NaN	0	0	0	0	0	0	0	0	0	NaN	NaN	NaN	NaN	0	18000	0	0	0	0	300	150	0	18000	0	15	18000	18000	18000	18000	93	NaN	0.5209168971133956	0.5186198221627856	0.32013433056397866	0.22895504904609085	0.19185418760989942	0.06718960082958224	NaN	NaN	0.13164720089351414	0.08036481868142796	0.061325722285304786	NaN	NaN	17.28354038263111	609.5972761900941	92.3161505071852	92.0886297594706	92.54367238320246	-0.45504227235085604	0.00027307309339650806	0.1689847592079939	138
DATA	2026-09-23T123000_AIU-1657.ghg	2026-09-23	13:00:00	266.541	1	18000	18000	0.30575838232842406	1	NaN	87.54847880427235	0	NaN	106.51915838789046	1	NaN	2.7225306328851944	1	NaN	2.405196391662636	1	NaN	NaN	NaN	NaN	NaN	NaN	NaN	NaN	NaN	NaN	NaN	NaN	NaN	8.986512009532853e-10	3.189341737411455e-11	NaN	NaN	17.238014931297148	423.43387962020137	429.8942457710188	0.1	1	611.7826408309198	15.027803266430706	15.257083718978985	0.1	1	NaN	NaN	NaN	NaN	0	NaN	NaN	NaN	NaN	9	292.4594356087579	291.07032698695167	96965.44752256556	1.154047133224216	1013.6861055780256	0.025076022539733633	0.1558567261797388	0.01079920147112067	1450.6122286591772	2046.555137503011	0.009357678001373736	70.88068149627573	595.942908843834	285.6732199260604	-1.1138272377711667	0.6677251591675031	0.6545423174781297	1.4542673925918361	-6.815130494492648e-14	5.2131942368938556e-14	1.4542673925918361	4.30270483625833	11.942147277533763	149.05785272246627	26.749066033769665	NaN	0.514727548738219	0.6241286597585355	-133.04031974215184	-0.015056337837147783	0.8219035911405138	0.14539321883673326	0	18.85869508980301	-2.86187973718891	6.473579757829355	16.120128918385497	24.58421371955644	34.479709296467796	51.65688755176898	0.30211572736771714	1.0120571510541498	92.04577152787078	1.022185202518718	96.84866647865685	1.099851575254934	2.4753618525791903	1.099851575254934	2.186837247657837	1.099851575254934	NaN	1	NaN	NaN	800000009	800000019	800000009	800000019	800000019	800000019	899999999	899999999	89999	89999	89	89	30	6	0	27	7	0	0	NaN	0	0	0	0	0	0	0	0	0	NaN	NaN	NaN	NaN	0	17440	0	0	0	0	300	0	0	18000	0	15	18000	18000	18000	18000	93	NaN	0.3190946746157132	0.685643957125397	0.24351868777596075	0.15380804300151205	0.08948979707806981	0.06068765969874556	NaN	NaN	0.07868225572054133	0.06301493903293731	0.0556700086868235	NaN	NaN	17.239334261902865	611.8248915745153	92.40550097698637	92.19873673290675	92.61226510026718	-0.41352856045299324	0.0002730215046742361	0.8379536584778489	125
DATA	2026-09-23T130000_AIU-1657.ghg	2026-09-23	13:30:00	266.562	1	18000	18000	0.26377646867095605	1	NaN	148.20355459084502	1	NaN	62.58071491381263	1	NaN	-0.3113701079478671	2	NaN	1.4137374966975051	1	NaN	NaN	NaN	NaN	NaN	NaN	NaN	NaN	NaN	NaN	NaN	NaN	NaN	8.663023021620891e-11	3.051328405069001e-12	NaN	NaN	17.215146186410006	422.9612093319453	429.3576627381942	0.1	1	606.3595170520476	14.897727375950396	15.123026095825388	0.1	1	NaN	NaN	NaN	NaN	0	NaN	NaN	NaN	NaN	9	292.94014527130116	291.5607503622589	96996.19753920798	1.1525273222866532	1013.624243407367	0.02510927675078308	0.09161018978599833	0.01069154856903466	1438.5719949814525	2110.589364965414	0.009276611809794033	68.15972916669304	672.0173699839615	285.54629213633274	-1.2675125763328672	1.1068383436392502	0.7042834732744331	1.8241969358705055	4.4795334876288646e-14	5.032209966627911e-15	1.8241969358705055	5.042716129178149	22.12865081371507	138.87134918628493	22.710719928692587	NaN	0.4784013648852743	0.542662117896113	-63.11188871752442	-0.03173886950152063	2.3681984904607405	0.26517830547056764	0	19.481561840584636	-2.956402169655326	6.687389757433468	16.6525460487205	25.396183436819694	35.6185083700579	53.36301608036795	0.2606678817021017	1.0119254698682323	148.99389952117633	1.023510168077497	56.6081515075527	1.1055071265745722	-0.28165364153974415	1.1055071265745722	1.27881355326762	1.1055071265745722	NaN	1	NaN	NaN	800000009	800000019	800000009	800000019	800000019	800000019	899999999	899999999	89999	89999	89	89	27	5	0	12	5	0	0	NaN	0	0	0	0	0	0	0	0	0	NaN	NaN	NaN	NaN	0	17559	0	0	0	0	300	0	0	18000	0	15	18000	18000	18000	18000	93	NaN	0.3742677410936365	0.5171099896393656	0.1939465050592239	0.3066863536156202	0.07608512666151446	0.04680524681250864	NaN	NaN	0.12753819544531184	-0.007178586431653035	0.032593484578844124	NaN	NaN	17.216464936623964	606.4024444907313	92.54332190534805	92.35915665308634	92.7274886593289	-0.36833292782141264	0.0002733092738102034	0.9052690286420362	085
DATA	2026-09-23T133000_AIU-1657.ghg	2026-09-23	14:00:00	266.583	1	18000	18000	0.13868266823016187	1	NaN	-20.657707393967417	2	NaN	28.82849545321522	0	NaN	1.5372806383280342	1	NaN	0.6515939915496236	0	NaN	NaN	NaN	NaN	NaN	NaN	NaN	NaN	NaN	NaN	NaN	NaN	NaN	2.6420122118137137e-10	9.526238676320616e-12	NaN	NaN	17.13674529855144	421.83973811829026	428.35509277543827	0.1	1	617.8954250073192	15.210172044256854	15.445094590213827	0.1	1	NaN	NaN	NaN	NaN	0	NaN	NaN	NaN	NaN	9	293.5129475165472	292.10198350258344	96996.19753920798	1.1502575450993644	1013.8094709151308	0.02515837432355185	0.042223290652415604	0.010894475986753064	1468.5960816111103	2183.2332941747486	0.009471336252623277	67.26702480809466	714.6372125636383	285.8610897080302	-1.124007610164335	0.044326737934586455	0.7076535428822396	1.3289588045372411	3.246534415033447e-14	1.5417234520239042e-14	1.3289588045372411	4.1504616458968995	343.2583651465334	177.74163485346668	32.17365895043199	NaN	0.34722704874497046	0.6213894091545757	173.1329605318247	0.011569720715494823	-0.7165725116488338	-0.05101726089968533	0	17.18662116553913	-2.6081360682793804	5.899610887864343	14.690865276768072	22.404496484972846	31.422624882287106	47.07681802560928	0.13716545298456867	1.0110612053733667	-18.688532191057803	1.0226761359357845	25.908098993591906	1.1127213718129474	1.381550383833606	1.1127213718129474	0.5855859409691998	1.1127213718129474	NaN	1	NaN	NaN	800000009	800000009	800000009	800000019	800000009	800000009	899999999	899999999	89999	89999	89	89	6	0	0	7	2	0	1	NaN	0	0	0	0	0	0	0	0	0	NaN	NaN	NaN	NaN	0	5173	0	0	0	0	300	150	0	15000	0	15	18000	18000	18000	18000	93	NaN	0.26765108758832656	0.8353598422680953	0.1397678884527295	1.0978151904599038	0.13273639011121866	0.07329494031184022	NaN	NaN	-0.0160259490695136	0.035291907988019004	0.014958879089458959	NaN	NaN	17.138083624319197	617.9384406548791	92.59796102735731	92.44108376905655	92.75483640162147	-0.3137528132639101	0.0002731829570823013	28.240267136730917	164
DATA	2026-09-23T140000_AIU-1657.ghg	2026-09-23	14:30:00	266.604	1	18000	18000	0.1960654921192049	1	NaN	89.4768754228311	0	NaN	51.03523294441191	1	NaN	-0.9815332843198133	2	NaN	1.1499401128893099	1	NaN	0.017570749921001143	0	NaN	NaN	NaN	NaN	NaN	NaN	NaN	NaN	NaN	NaN	1.7187360052447925e-11	6.200241989780437e-13	8.90737681015877e-14	NaN	17.047481362330327	420.56986003278337	427.04896906893987	0.1	1	614.9781551103638	15.171817532500867	15.405547691057835	0.1	1	0.08834884455498904	2.0937399934345744	2.125995204756106	0	0	NaN	NaN	NaN	NaN	9	296.27304354265004	288.8767793974279	98276.09640066171	1.1784038665390142	1013.7660554214151	0.02443851182406187	0.07451611931522728	0.011187103314155691	1491.42695460688	1781.3293070206025	0.00949343737899668	83.72550480861933	289.9023524137226	286.0967002609222	-1.3636176779378082	0.1768876046036725	0.8512602126170782	1.6172156151335515	3.6641770062573184e-14	1.0082052408296915e-15	1.6172156151335515	3.847324265987377	348.3910989762989	172.6089010237011	31.76078474385049	NaN	0.4078998094861752	0.720333174696973	-65.40354258142808	-0.030626781378181766	1.753237327637756	0.18362229166937372	0	17.70690293471954	-2.6870908340124195	6.078206782930014	15.13559430776072	23.08273631795239	32.37386589170839	48.50195039652925	0.19375314203724261	1.0119345165587963	90.80932756816945	1.0227107021598278	46.30135037684254	1.1022407020322453	-0.8904890578891899	1.1022407020322453	1.0432749496268092	1.1022407020322453	-0.012012639965941525	1.305229164684171	NaN	NaN	800000009	800000009	800000009	800000019	800000019	800001019	899999999	899999999	89999	89999	89	89	9	6	0	25	2	0	12	NaN	0	0	0	0	0	0	0	0	0	NaN	NaN	NaN	NaN	0	85	0	0	0	0	300	0	0	15000	0	20	18000	18000	18000	18000	93	NaN	0.27175357912623826	0.9898905022319388	0.17902226803576898	0.20192076980939355	0.2549458185293196	0.1369689800113117	3.2176321424921724e-8	NaN	0.07601486973369642	-0.02209757771752102	0.02588897536233399	-0.000012012639965941525	NaN	17.048817619163938	615.015579756872	92.8528086382548	92.75281587092081	92.95280106438531	-0.19998281855467262	0.0002736819244293857	44.98255053194752	230
DATA	2026-09-23T143000_AIU-1657.ghg	2026-09-23	15:00:00	266.624	1	18000	18000	0.15278465527212048	1	NaN	84.44108871264304	0	NaN	61.23268248281375	1	NaN	-0.11617738372579843	2	NaN	1.3793814908860191	1	NaN	0.03855937079508441	2	NaN	NaN	NaN	NaN	NaN	NaN	NaN	NaN	NaN	NaN	-1.6537780091115534e-10	-6.074506478126963e-12	-8.594383998378767e-13	NaN	17.000237560740008	419.62544681213103	426.19451023476734	0.1	1	624.437213600938	15.41329900992335	15.654587853384681	0.1	1	0.08834714747425704	2.0915911574611603	2.1243341549889987	0	1	NaN	NaN	NaN	NaN	9	296.4891952328152	288.62786563550463	98257.9478862643	1.1790940287936533	1013.8974830365447	0.02442196409059178	0.08938392060941404	0.011372863046044072	1514.8853738672349	1753.143737297526	0.0096454250198178	86.40965036913819	238.25836343029118	286.33550535483283	-1.2209707206636318	-0.10212479441978303	0.8415095344811431	1.4863839581265244	7.246287686865946e-14	-9.72796999572967e-15	1.4863839581265244	4.9390756854302165	336.2187785872767	184.78122141272328	34.48187218239764	NaN	0.3599694539961906	0.8995019914625109	-47.62706764949904	-0.04205801656195538	1.3790199169592678	0.1962210927003831	0	16.70778809521053	-2.535471302507207	5.7352429898365225	14.281565970144413	21.780289217137295	30.547165313751407	45.76522006232246	0.15096949568972096	1.0120233532880716	86.48954909630069	1.0222802714891073	55.650611887212904	1.1003056463586427	-0.10558646509747222	1.1003056463586427	1.2536348381478832	1.1003056463586427	0.005342067102911078	1.3051676993665973	NaN	NaN	800000009	800000009	800000009	800000019	800000019	800000019	899999999	899999999	89999	89999	89	89	16	1	0	22	7	0	5	NaN	0	0	0	0	0	0	0	0	0	NaN	NaN	NaN	NaN	0	483	0	0	0	0	300	0	0	15000	0	20	18000	18000	18000	18000	93	NaN	0.27315623821974416	1.364638304883536	0.16120943982174168	0.1813127220763439	0.06966446436048607	0.07937448251531377	1.461160696827022e-7	NaN	0.07234710345109117	-0.0026190072287546233	0.031095639960074216	0.000005342067102911078	NaN	17.001564464275557	624.4856312648596	92.7492558530172	92.63820592498783	92.86030526648626	-0.2220990359112722	0.00027464631647388976	37.05169310977969	055
DATA	2026-09-23T150000_AIU-1657.ghg	2026-09-23	15:30:00	266.645	1	18000	18000	0.09213959396411611	0	NaN	68.99999575385473	0	NaN	49.51602903013104	0	NaN	0.3740169086566609	0	NaN	1.1150534535073864	0	NaN	0.014761694777282976	1	NaN	NaN	NaN	NaN	NaN	NaN	NaN	NaN	NaN	NaN	2.0981138387887832e-10	7.772853801396879e-12	1.0919512657215122e-12	NaN	17.03733911958091	419.9747165792783	426.6122685933724	0.1	1	631.1799850563486	15.558746202914913	15.804646689584903	0.1	1	0.08866985037805598	2.0959492461311893	2.129074983445595	0	0	NaN	NaN	NaN	NaN	9	296.5609952909682	288.2658507980578	98249.44508218634	1.1804073125848895	1013.9728840481997	0.02439344345945409	0.07225546378727864	0.011493605314327204	1529.0482216209477	1712.8499240188946	0.009736982473582088	89.26924654515621	183.80170239794688	286.4781122560773	-1.3154786747618583	-0.015887077028729962	0.8863670487561026	1.5863111573995885	2.0152060110312093e-14	1.2314797657443079e-14	1.5863111573995885	4.589566353124759	340.30807072092216	180.69192927907818	33.97007922975242	NaN	0.27938764786403586	0.6704967248275931	-27.249886343767034	-0.07350856347546478	1.3934880705370678	0.20634009692086933	0	13.331148060729204	-2.023053150114039	4.576151733914273	11.39526485505548	17.37849790196913	24.373590406615705	36.51607987879425	0.09105162288326626	1.0119489477111758	70.62239647533247	1.0226032195391217	44.94213715499112	1.1017729054443053	0.3394682396059044	1.1017729054443053	1.0120537980172288	1.1017729054443053	-0.008892032659609445	1.3052005917437202	NaN	NaN	800000009	800000009	800000009	800000019	800000019	800000019	899999999	899999999	89999	89999	89	89	22	13	0	16	5	0	3	NaN	0	0	0	0	0	0	0	0	0	NaN	NaN	NaN	NaN	0	927	0	0	0	0	300	150	0	18000	0	15	18000	18000	18000	18000	93	NaN	0.3094232575499741	0.8608039232133943	0.17076626889181798	0.3402210591564602	0.08262272111879004	0.05876123015603573	1.248840901853129e-7	NaN	0.059004375513762294	0.008411710077343898	0.025077760268467898	-0.000008892032659609445	NaN	17.038647362745976	631.2245412051155	92.4630113160875	92.29640349155004	92.62962037531534	-0.33321661960913274	0.0002742696648056154	34.29941219210586	235
DATA	2026-09-23T153000_AIU-1657.ghg	2026-09-23	16:00:00	266.666	1	18000	18000	0.34579010489468454	1	NaN	42.08279333070353	1	NaN	80.29411894360712	1	NaN	-2.0879417814413146	1	NaN	1.8189666481601787	1	NaN	NaN	NaN	NaN	NaN	NaN	NaN	NaN	NaN	NaN	NaN	NaN	NaN	-4.5620006538228433e-10	-1.6753967497348055e-11	NaN	NaN	17.041755639388597	420.17481008670364	426.760119201806	0.1	0	625.8592265672042	15.430938409660284	15.672784177003523	0.1	1	NaN	NaN	NaN	NaN	0	NaN	NaN	NaN	NaN	9	295.89404784901933	294.4510746364015	96944.16476032729	1.1403747871241516	1013.9847707626402	0.02537608240680294	0.11786903880077958	0.01095777947315726	1489.0075970751043	2524.6679217316723	0.009608928219810157	58.97835450983956	1035.660324656568	286.07188379233287	-0.9066955176647937	0.27181797654840323	0.49339434987970243	1.0674360676974541	1.5863886600358336e-13	-2.6769546227260144e-14	1.0674360676974541	4.319498815372988	357.68818914871633	163.3118108512837	27.53069826633513	NaN	0.5506586646773907	0.7262612729394216	-338.87301971759257	-0.005911063682996445	0.5241080403442685	0.0660911095423307	0	20.62477672386142	-3.1298894387438247	7.079818432481692	17.629748936411456	26.88647949834575	37.708669786374145	56.49445875928738	0.34135314408020373	1.0129981542324342	46.00247074742475	1.0214946664495903	73.31776677881889	1.095152273061373	-1.90653102111975	1.095152273061373	1.6609257843892933	1.095152273061373	NaN	1	NaN	NaN	800000009	800000009	800000009	800000019	800000009	800000019	899999999	899999999	89999	89999	89	89	11	8	1	28	8	0	1	NaN	0	0	0	0	0	0	0	0	0	NaN	NaN	NaN	NaN	0	3161	0	0	0	0	300	0	0	18000	0	20	18000	18000	18000	18000	93	NaN	0.2228830838195382	1.0068224317609376	0.22281703029836744	0.1164823621137251	0.10821444777535925	0.09481660319850875	NaN	NaN	0.03978342036879272	-0.04913497373832492	0.04280525409407892	NaN	NaN	17.043099043349294	625.9005138380903	92.61094834094578	92.46774246554904	92.75415404001873	-0.2864115360503406	0.0002744645290982184	28.666262701213412	122
DATA	2026-09-23T160000_AIU-1657.ghg	2026-09-23	16:30:00	266.687	1	18000	18000	0.24972665480494913	0	NaN	69.50274201589544	0	NaN	73.7784707065596	1	NaN	-1.3681996410829764	1	NaN	1.6706377568000537	1	NaN	NaN	NaN	NaN	NaN	NaN	NaN	NaN	NaN	NaN	NaN	NaN	NaN	4.731138402738321e-10	1.7571244352656978e-11	NaN	NaN	17.068387800933174	420.7758898230301	427.4559297534622	-0.1	0	633.9125749999633	15.627435404358152	15.875529211622789	0.1	1	NaN	NaN	NaN	NaN	0	NaN	NaN	NaN	NaN	9	295.4618357696533	294.0026966897881	96944.16476032729	1.142030147152054	1014.0834429321172	0.02533901559379018	0.10825732664064347	0.011113548976249494	1507.8739057124465	2456.0757416623355	0.009731397199946068	61.393623988642894	948.2018359498891	286.26447186266876	-0.9114896147182385	0.7101657433667345	0.5276828544707121	1.2702747323682122	4.0903789552647766e-14	2.7718718709213164e-14	1.2702747323682122	4.734165118154354	18.923102314679113	142.0768976853209	24.545040999131814	NaN	0.46762063312966884	0.7188242986833323	-125.65609810737223	-0.01594112844637564	0.9420463903667765	0.12833851583478942	0	18.372125560136137	-2.7880409338647025	6.30655618366217	15.704216602679768	23.949921195614934	33.59010501284458	50.3240982277765	0.24667690998481148	1.012363316940874	72.57615670270405	1.021738005367653	67.22964560264693	1.097409781729607	-1.2467536410387947	1.097409781729607	1.5223463328046818	1.097409781729607	NaN	1	NaN	NaN	800000009	800000009	800000009	800000019	800000009	800000019	899999999	899999999	89999	89999	89	89	5	8	0	9	0	0	0	NaN	0	0	0	0	0	0	0	0	0	NaN	NaN	NaN	NaN	0	4343	0	0	0	0	300	0	0	18000	0	15	18000	18000	18000	18000	93	NaN	0.8077118601058608	0.4153784046691085	0.2145583325916953	0.2298592677468671	0.2198290789697943	0.07733712654843596	NaN	NaN	0.06266754849116822	-0.032090649357587646	0.03918423075639875	NaN	NaN	17.069709131380943	633.9560012855529	92.41617927763198	92.2416942193773	92.5906643617418	-0.34897087881548516	0.0002735270329139895	22.969711518950675	052
DATA	2026-09-23T163000_AIU-1657.ghg	2026-09-23	17:00:00	266.708	1	18000	18000	0.17185043139902836	0	NaN	70.30496214488858	0	NaN	26.906814280003843	1	NaN	0.6909314639433939	1	NaN	0.606058176659601	1	NaN	-0.01057528993719225	1	NaN	NaN	NaN	NaN	NaN	NaN	NaN	NaN	NaN	NaN	2.85487841916878e-10	1.0433793252993578e-11	1.487365221917588e-12	NaN	17.14736860577349	422.5003868809318	429.1266272105246	0.1	1	626.6890304827937	15.441223893902102	15.683394702926428	0.1	1	0.08933620269214397	2.113925393384043	2.147078919701024	0	0	NaN	NaN	NaN	NaN	9	295.01051000383166	288.5104041712256	98246.898494209	1.179428900726035	1013.9110354889833	0.024414770715850697	0.03927256984754215	0.011396824593358886	1517.4592897658745	1739.9795530553831	0.009663002650132795	87.21132884011392	222.52026328950865	286.36150926806135	-1.3481233820165075	1.3012125403567016	0.4309634819027451	1.9225816630393389	5.567811154308891e-14	1.6649075929979992e-14	1.9225816630393389	5.141321819076026	24.985590172346747	136.01440982765322	12.953413953365033	NaN	0.3817151794059639	0.8862222760600073	-68.20392257220348	-0.02936927854669115	2.6129054674873435	0.1540192246060219	0	14.600837557878625	-2.215733429799894	5.011995051192323	12.480576340442166	19.03366639622382	26.69498775410035	39.9939561193075	0.1698182799000581	1.011966623971025	70.51407447014414	1.023931605815599	24.303194276398838	1.1071307735927294	0.624073939974828	1.1071307735927294	0.5474133599347915	1.1071307735927294	-0.028185399750335516	1.3058286983513743	NaN	NaN	800000009	800000009	800000009	800000019	800000019	800000019	899999999	899999999	89999	89999	89	89	19	4	1	32	4	0	0	NaN	0	0	0	0	0	0	0	0	0	NaN	NaN	NaN	NaN	0	136	0	0	0	0	300	150	0	18000	0	15	18000	18000	18000	18000	93	NaN	1.00528819871128	0.5132398058120002	0.25391654759673415	0.1941851119459889	0.18629660261273534	0.029918349808264588	2.9977894884528874e-7	NaN	0.05896634301541274	0.015475649217987013	0.01357463690269169	-0.000028185399750335517	NaN	17.148678542004788	626.7348382452723	92.48299883143103	92.31282650163439	92.65317062886554	-0.34034353815185076	0.00027465298173612806	26.433247809992675	056
DATA	2026-09-23T170000_AIU-1657.ghg	2026-09-23	17:30:00	266.729	1	18000	18000	0.15675766735239113	0	NaN	111.38120021256105	0	NaN	55.55691905670386	0	NaN	0.8719302057158334	0	NaN	1.2561550539478492	0	NaN	NaN	NaN	NaN	NaN	NaN	NaN	NaN	NaN	NaN	NaN	NaN	NaN	-1.0826227256328485e-10	-3.94499914181451e-12	NaN	NaN	17.180774197230722	423.12431280106136	429.7503519194398	0.1	1	626.055022299336	15.418344833887481	15.659792921173404	0.1	1	NaN	NaN	NaN	NaN	0	NaN	NaN	NaN	NaN	9	293.8917789408366	292.4597351070358	97010.39314337893	1.1489292925345866	1013.9329432087092	0.025187159550037155	0.08139884749582063	0.011030961157614467	1488.8147705478327	2232.443128322611	0.00960107922157655	66.6899304918232	743.6283577747781	286.0699043558014	-1.5856349797421219	1.5764966419918025	0.5853933914874209	2.3113341112851558	1.3858855568636165e-14	-6.301361703521781e-15	2.3113341112851558	5.650891493065487	25.834419692194047	135.16558030780598	14.671144830857477	NaN	0.3693752099524369	0.7762624120094073	-38.66135510151915	-0.051811427580335655	2.004812399673935	0.2588460919848104	0	13.686097019248177	-2.0769180239711393	4.697994225241971	11.6986698861844	17.8412097181479	25.022550307952443	37.48834006697377	0.1548468995851293	1.0123397224767252	112.21847674969445	1.025792533121712	49.87714082196518	1.1138753774000894	0.7827897298089277	1.1138753774000894	1.1277339273625535	1.1138753774000894	NaN	1	NaN	NaN	800000009	800000019	800000009	800000019	800000019	800000019	899999999	899999999	89999	89999	89	89	1	3	0	31	6	0	0	NaN	0	0	0	0	0	0	0	0	0	NaN	NaN	NaN	NaN	0	15918	0	0	0	0	300	0	0	18000	0	15	18000	18000	18000	18000	93	NaN	0.7782650362338306	0.49475257419485325	0.27950721359013064	0.1636103749707217	0.03725351465128928	0.04890592910422604	NaN	NaN	0.09633006058594888	0.02002355047748656	0.028847130154901413	NaN	NaN	17.182117002832538	626.0999053644798	92.40252621332806	92.21461633427937	92.59043491829766	-0.37581832820176864	0.00027341444599894907	3.8311858438156454	133
DATA	2026-09-23T173000_AIU-1657.ghg	2026-09-23	18:00:00	266.749	1	18000	18000	0.23250569710588026	0	NaN	-53.99316424832879	2	NaN	99.81758701981383	1	NaN	1.4230422316413123	0	NaN	2.2565818393797503	1	NaN	NaN	NaN	NaN	NaN	NaN	NaN	NaN	NaN	NaN	NaN	NaN	NaN	-2.2105329652093053e-10	-8.088080503799257e-12	NaN	NaN	17.19614316103527	423.2598795807406	429.9178373780911	0.1	1	629.1866822630309	15.48658189656659	15.730188752937403	0.1	1	NaN	NaN	NaN	NaN	0	NaN	NaN	NaN	NaN	9	293.75175972323933	292.314088798492	97022.22440053157	1.149612644661067	1013.9677301692864	0.02517208964676789	0.1462265031918078	0.011086414138584499	1495.553603064294	2212.273765284572	0.009643608384155374	67.60255563903576	716.7201622202781	286.1389476113429	-1.686401248407428	1.523971058744189	0.8457454590468738	2.4252262451198074	1.1875094931498888e-13	-1.2854818342162623e-14	2.4252262451198074	9.762855791551173	23.10356484147229	137.8964351585277	20.40956290425961	NaN	0.4497187899674535	0.9851884806000386	143.9500098043152	0.013915247402365603	-0.540918347761814	-0.10299640843098903	0	16.488812996038206	-2.5022409863964676	5.660075924314735	14.094389348868917	21.494833059557003	30.146808993938517	45.165413340769476	0.22955895807285256	1.0128365238183932	-47.28976951830494	1.0285968605101907	87.82446069318331	1.1365579273925606	1.2520630909732784	1.1365579273925606	1.9854525537089849	1.1365579273925606	NaN	1	NaN	NaN	800000009	800000019	800000009	800000019	810100019	810100019	899999999	899999999	89999	89999	89	89	24	11	2	11	0	0	0	NaN	0	0	0	0	0	0	0	0	0	NaN	NaN	NaN	NaN	0	17422	0	0	0	0	300	0	0	18000	0	15	18000	18000	18000	18000	93	NaN	1.137654031436415	0.5726679635066483	0.260054966257014	3.10778505192252	0.06252188249988115	0.0610408420041778	NaN	NaN	-0.040568741146819486	0.032010471271750954	0.05076043882303247	NaN	NaN	17.197487670085817	629.2314876291688	92.217663295322	91.9953303705851	92.43999674267238	-0.44466542037162754	0.0002737377106516053	1.028112798131325	058
DATA	2026-09-23T180000_AIU-1657.ghg	2026-09-23	18:30:00	266.77	0	18000	18000	0.28839321420944347	1	NaN	-12.443133856220419	2	NaN	90.20503705778032	1	NaN	0.6603037870926185	1	NaN	2.0342398155609973	1	NaN	NaN	NaN	NaN	NaN	NaN	NaN	NaN	NaN	NaN	NaN	NaN	NaN	-2.0091998709251699e-10	-7.250849400638297e-12	NaN	NaN	17.203668970419855	423.0424819646283	429.6011424899194	0.2	0	620.8501933932002	15.266860062982778	15.503550600479674	0.1	1	NaN	NaN	NaN	NaN	0	NaN	NaN	NaN	NaN	9	291.157585846795	289.7527486349584	97094.42632216585	1.1607332550020972	1013.792594335606	0.024931237151535973	0.13181874004835262	0.011034704029185136	1475.53559364386	1882.8861715651797	0.00950666656756138	78.36562910318136	407.35057792131965	285.9330430880645	-1.007452121912327	0.8331209779784668	0.4589866476788555	1.3855392757481404	-6.524672761798467e-14	-1.1678903345442221e-14	1.3855392757481404	4.886615883301232	20.589332218744744	140.41066778125528	19.34583589597528	NaN	0.49845539980968545	0.8468735359018811	850.8790178688421	0.002354153713905266	-0.1379427830427035	-0.0212139688282599	0	16.09561045550265	-2.442570983885087	5.525102216164887	13.758285731185577	20.982253835725903	29.42790934432124	44.088370664974924	0.2853429436825513	1.0106898403988067	-7.235142835532604	1.0219556133634524	81.33628814393221	1.1090380335300525	0.5953842583656764	1.1090380335300525	1.8342381001001746	1.1090380335300525	NaN	1	NaN	NaN	800000009	800000019	800000009	800000019	800000009	800000009	899999999	899999999	89999	89999	89	89	29	2	0	13	10	0	0	NaN	0	0	0	0	0	0	0	0	0	NaN	NaN	NaN	NaN	0	10680	0	0	0	0	300	150	0	18000	0	15	18000	18000	18000	18000	93	NaN	0.7061835792658202	0.6482192034144423	0.3393442891234996	0.9349026022844842	0.07857087656466337	0.08344040546692184	NaN	NaN	-0.006148448897489915	0.01507272503954171	0.046435501361342585	NaN	NaN	17.205020666745003	620.8883930475233	92.26476413175794	92.0405388378567	92.48899224387274	-0.448451369240054	0.0002735728197068157	11.819063370488577	010
DATA	2026-09-23T183000_AIU-1657.ghg	2026-09-23	19:00:00	266.791	0	18000	18000	0.41882114819364225	1	NaN	170.29871203318768	1	NaN	105.21147523628447	1	NaN	3.4112234611983556	1	NaN	2.3788268940228323	1	NaN	NaN	NaN	NaN	NaN	NaN	NaN	NaN	NaN	NaN	NaN	NaN	NaN	-9.14742069638423e-10	-3.2758256723450406e-11	NaN	NaN	17.24039348676594	423.44486680149004	429.9649335079318	0.2	0	617.4038066009359	15.164182467734854	15.3976756305759	0.1	1	NaN	NaN	NaN	NaN	0	NaN	NaN	NaN	NaN	9	293.8552931806777	292.4469378495929	97094.42632216585	1.1500840220197928	1013.7915957708879	0.025162236392413925	0.15414798273267952	0.010859868275974804	1465.6599165586215	2230.697427022003	0.009442673811694696	65.70411113600862	765.0375104633815	285.8305555562509	-1.278184525955309	0.3321859166219443	0.6625530093525656	1.477524841008102	1.872103501871153e-13	-5.305807378123921e-14	1.477524841008102	4.332470140827804	355.56825128025093	165.43174871974904	26.642415169555953	NaN	0.6034614286556138	0.9551575516993402	-110.32453033922866	-0.01815643351338834	1.618632489001128	0.24203801931470686	0	19.450960679810546	-2.9517583254478237	6.676885369191869	16.626388636747848	25.356291733127875	35.56255968842321	53.27919476009455	0.4138417471662458	1.0120321380370458	173.346049865519	1.0222535496016478	95.63124378018053	1.1001788858683594	3.1006080056752894	1.1001788858683594	2.1622182761172057	1.1001788858683594	NaN	1	NaN	NaN	800000009	800000019	800000009	800000019	800001019	800001119	899999999	899999999	89999	89999	89	89	16	2	0	9	6	0	0	NaN	0	0	0	0	0	0	0	0	0	NaN	NaN	NaN	NaN	0	17514	0	0	0	0	300	0	0	18000	0	15	18000	18000	18000	18000	93	NaN	0.3866001077095213	1.2138996253958492	0.3098153702933101	0.5336530502023392	0.3362449795061955	0.059028172177964786	NaN	NaN	0.14867422833534108	0.07921398261738784	0.055240107948454964	NaN	NaN	17.241756131296913	617.447624280722	91.9145229212443	91.6156289749145	92.21341688325668	-0.5977867358376685	0.00027262669439854413	0.7898233253718574	088
DATA	2026-09-23T190000_AIU-1657.ghg	2026-09-23	19:30:00	266.812	0	18000	18000	0.1861240367996654	1	NaN	81.37796079078818	1	NaN	26.846956272799144	1	NaN	0.9337063779141619	0	NaN	0.6072165024108289	1	NaN	NaN	NaN	NaN	NaN	NaN	NaN	NaN	NaN	NaN	NaN	NaN	NaN	1.9412982757383444e-10	6.883544714226024e-12	NaN	NaN	17.25807118201436	423.52653370514173	429.9838587122299	0.1	1	611.9446256526902	15.01759862899833	15.246565429083061	0.1	1	NaN	NaN	NaN	NaN	0	NaN	NaN	NaN	NaN	9	294.1980792134603	292.8016576633369	96961.90007108558	1.1471856769556805	1013.7178393184311	0.02522602000154187	0.039347629356221714	0.010727698301782197	1449.5788801425094	2280.457581602295	0.009351318201819428	63.565263911815734	830.8787014597854	285.66236283062966	-1.7113738822481335	-1.087076244521324	1.2284862862439572	2.370593571604603	-2.560742604588121e-15	1.1248639869798918e-14	2.370593571604603	5.110231925938141	308.57601148219044	212.42398851780953	31.212851470974538	NaN	0.40279528076246274	0.5600980586072748	-68.58827345587241	-0.029204700731951402	3.03118014436664	0.17372872165332373	0	16.779674663741748	-2.546380366621976	5.75991932256726	14.343013527714298	21.874000619539284	30.678596888071585	45.96212851062266	0.18384067959426129	1.0124203044203466	81.1880633181276	1.0260983027251285	24.07937910314831	1.114935570298363	0.8374532150447912	1.114935570298363	0.5446202620016279	1.114935570298363	NaN	1	NaN	NaN	800000009	800000019	800000009	800000019	800000009	800000019	899999999	899999999	89999	89999	89	89	25	10	2	5	0	0	0	NaN	0	0	0	0	0	0	0	0	0	NaN	NaN	NaN	NaN	0	10952	0	0	0	0	300	0	0	18000	0	15	18000	18000	18000	18000	93	NaN	0.35182820653542857	0.5686732407318126	0.19969466994730836	1.0486836008670102	0.0843488626343901	0.024876000608629052	NaN	NaN	0.06981381590970305	0.021446232389796736	0.013947110708093933	NaN	NaN	17.259421071937872	611.9896191064435	91.80848062811957	91.48302760781182	92.13393404557971	-0.650906652586329	0.0002727333896473283	9.049022807413541	157
DATA	2026-09-23T193000_AIU-1657.ghg	2026-09-23	20:00:00	266.833	0	18000	18000	0.16138364780003173	1	NaN	104.44994720523121	0	NaN	16.686633682766548	1	NaN	0.7720796180162238	1	NaN	0.37725957446369507	1	NaN	NaN	NaN	NaN	NaN	NaN	NaN	NaN	NaN	NaN	NaN	NaN	NaN	2.46887737588426e-11	8.690609116643368e-13	NaN	NaN	17.281262763783086	423.8571423588268	430.276894009506	0.1	1	608.3117014600707	14.920047392871048	15.146026831003313	0.1	1	NaN	NaN	NaN	NaN	0	NaN	NaN	NaN	NaN	9	293.7650550189548	292.3797113385885	96961.90007108558	1.148883103448689	1013.654351163192	0.025188890333595188	0.024446420425247438	0.010673723814960833	1440.2075848449672	2221.4085071117174	0.00929052205826747	64.83308136410847	781.2009222667502	285.5635892126544	-1.814145373941613	-0.7982361226965328	1.2569299448855904	2.346950624048457	1.2341328440329193e-14	1.4286440809512877e-15	2.346950624048457	5.675607305643526	317.2501838015505	203.74981619844942	32.38181246706926	NaN	0.37479332077917965	0.5692797525220847	-43.048644776376484	-0.04653108153358704	6.2594978226857085	0.23930438177360483	0	15.073882414266679	-2.287519811775517	5.17437604268069	12.884927968847132	19.650328142596127	27.55986462149658	41.28969926786676	0.159408975505281	1.0123874599186877	103.22089444941426	1.0259757321749379	14.972160470002724	1.1145107425343748	0.6927520646956982	1.1145107425343748	0.33849792565104797	1.1145107425343748	NaN	1	NaN	NaN	800000009	800000019	800000009	800000019	800000019	800001019	899999999	899999999	89999	89999	89	89	53	18	3	18	0	0	0	NaN	0	0	0	0	0	0	0	0	0	NaN	NaN	NaN	NaN	0	15962	0	0	0	0	300	150	0	18000	0	25	18000	18000	18000	18000	93	NaN	0.30113204548194694	0.6113915477443791	0.22603591181784347	0.9056281342037036	0.17305600234863866	0.027041312514713502	NaN	NaN	0.08863431380311909	0.01771274918354145	0.008654941878577856	NaN	NaN	17.28254836259587	608.3542677792811	91.70984906514484	91.36146373664008	92.05823255750867	-0.6967685649130039	0.00027259624289904924	6.0305798959540295	143
DATA	2026-09-23T200000_AIU-1657.ghg	2026-09-23	20:30:00	266.854	0	18000	18000	0.16504285451182463	1	NaN	110.14043691890242	0	NaN	9.367324017148281	1	NaN	0.15425708729424842	1	NaN	0.2117901531799213	1	NaN	NaN	NaN	NaN	NaN	NaN	NaN	NaN	NaN	NaN	NaN	NaN	NaN	3.7396074643623373e-10	1.3104380017403247e-11	NaN	NaN	17.280740305282862	423.68392241794277	430.0690657469794	0.1	1	605.5538986391919	14.84678587134931	15.070534875614255	0.1	1	NaN	NaN	NaN	NaN	0	NaN	NaN	NaN	NaN	9	293.8030105455188	292.4242650027422	97176.16211369712	1.1512779367636177	1013.6150100425283	0.025136599105627207	0.0137240019260589	0.01064340823758444	1436.336256767434	2227.5899564348724	0.009244864248423239	64.4793828692874	791.2536996674385	285.52262021655156	-1.6547802749657046	-0.8048598821327225	1.2222348420179108	2.2090620628051116	3.709997034824274e-14	2.164031979127138e-14	2.2090620628051116	5.235869651257817	315.06241845415207	205.9375815458479	33.592482168215746	NaN	0.3786241159164257	0.6429980792712237	-42.15505820220441	-0.047517429353122136	11.757940337846108	0.2492787783796846	0	16.181435485761007	-2.4555952633418787	5.554563171758575	13.831647676198257	21.09413543073083	29.584824872122987	44.32345871937484	0.16305137537745168	1.0122138137734982	108.45764010143051	1.0252771036325101	8.42338869488638	1.112061232890148	0.13871276394857143	1.112061232890148	0.19044828370601283	1.112061232890148	NaN	1	NaN	NaN	800000009	800000009	800000009	800000019	800000009	801000009	899999999	899999999	89999	89999	89	89	25	14	1	14	0	0	0	NaN	0	0	0	0	0	0	0	0	0	NaN	NaN	NaN	NaN	0	4274	0	0	0	0	300	0	0	18000	0	20	18000	18000	18000	18000	93	NaN	0.2788823865857682	0.8139033736594944	0.19321039829718464	0.8596591519218353	0.11634701656524382	0.02033781294895673	NaN	NaN	0.09294091322979196	0.003539077344694788	0.004859042434262569	NaN	NaN	17.282085881629804	605.5991714878528	91.78737167400784	91.4500118001302	92.12472946929931	-0.6747164225445866	0.0002724397839806948	17.65078095014875	253
DATA	2026-09-23T203000_AIU-1657.ghg	2026-09-23	21:00:00	266.874	0	18000	18000	0.20418356065180868	1	NaN	104.37114659309773	0	NaN	23.568170269098665	1	NaN	0.86702076200626	1	NaN	0.5330288990421308	1	NaN	NaN	NaN	NaN	NaN	NaN	NaN	NaN	NaN	NaN	NaN	NaN	NaN	5.839085787379278e-11	2.0511998710663465e-12	NaN	NaN	17.2975268174934	424.06949283960944	430.4824090399499	0.1	1	607.6410943387375	14.897045885434542	15.122323837536726	0.1	1	NaN	NaN	NaN	NaN	0	NaN	NaN	NaN	NaN	9	294.13028286064997	292.74534695013216	97025.77405903958	1.1482139146051813	1013.6497883276958	0.025203603840515957	0.034540272657930075	0.010651047094443165	1438.945137099206	2272.512141970774	0.00927618709280803	63.319579707561886	833.5670048715679	285.550239799897	-1.58675859132829	-0.8466592639381155	1.165472017401144	2.1431191660081743	4.04946556163842e-14	3.375676678514568e-15	2.1431191660081743	4.685868464246725	312.91660616940976	208.08339383059018	32.944093738686654	NaN	0.4216955166256871	0.7032997913741688	-61.392406539512244	-0.032627813648432265	4.4284789782745095	0.21265261677263447	0	17.166787829593087	-2.6051262830320687	5.8928027454399	14.673912039504867	22.378641728461464	31.386363218659675	47.022491445755136	0.20173407038654342	1.0121421744010408	103.63508935968161	1.0249537446355579	21.215338950107714	1.110902367599411	0.7804653111684661	1.110902367599411	0.47981615179556425	1.110902367599411	NaN	1	NaN	NaN	800000009	800000019	800000009	800000019	800000009	800001019	899999999	899999999	89999	89999	89	89	27	3	5	18	0	0	1	NaN	0	0	0	0	0	0	0	0	0	NaN	NaN	NaN	NaN	0	6365	0	0	0	0	300	0	0	18000	0	20	18000	18000	18000	18000	93	NaN	0.36984674952004964	0.830009299586353	0.2067435336419347	0.7738584925135703	0.09780410682266596	0.024047221834857566	NaN	NaN	0.08904224200930386	0.019966654893774402	0.012275143274488158	NaN	NaN	17.298859810788098	607.6853071800161	91.80635598670112	91.4761636712816	92.13654881498549	-0.6603842851618954	0.0002728259207490029	15.038165939595995	182
DATA	2026-09-23T210000_AIU-1657.ghg	2026-09-23	21:30:00	266.895	0	18000	18000	0.08407354374868255	0	NaN	90.55687496290685	0	NaN	6.236412436293914	2	NaN	0.511227316085151	1	NaN	0.14106189679844303	2	NaN	NaN	NaN	NaN	NaN	NaN	NaN	NaN	NaN	NaN	NaN	NaN	NaN	1.3189965369423583e-9	4.5995036454456034e-11	NaN	NaN	17.316975341880397	424.2692970052983	430.6405349198206	0.1	1	603.8642936675981	14.79479379642824	15.016966722535983	0.1	1	NaN	NaN	NaN	NaN	0	NaN	NaN	NaN	NaN	9	294.2405211249458	292.86453934970325	97025.77405903958	1.1477904566797692	1013.5957314857867	0.025213049999933335	0.009140810912539108	0.010573976126659205	1429.115005702138	2289.4040997353814	0.009212462139863669	62.4230124278768	860.2890940332434	285.4459397542752	-1.1899283710424298	-0.3954290537023457	0.8142556460922937	1.4950939508661092	5.859342770063738e-14	7.616783594721759e-14	1.4950939508661092	4.448594279509721	322.6176652085527	198.38233479144725	32.998588943183364	NaN	0.2706439803914356	0.6069522284864198	-18.705326011517684	-0.10708714719896376	14.520668074467777	0.287604497062752	0	14.092582387277105	-2.138603746800116	4.837527498238612	12.046127465028585	18.371104449141193	25.76573520256816	38.60176646512702	0.08307539741620765	1.0120149450200544	89.35207289444052	1.022306823121958	5.667239055389382	1.1004322167005227	0.4645695648733256	1.1004322167005227	0.12818771993189684	1.1004322167005227	NaN	1	NaN	NaN	800000009	800000019	800000009	800000019	800000019	800000019	899999999	899999999	89999	89999	89	89	12	4	1	1	6	0	0	NaN	0	0	0	0	0	0	0	0	0	NaN	NaN	NaN	NaN	0	17340	0	0	0	0	300	150	0	18000	0	20	18000	18000	18000	18000	93	NaN	0.4511564640489033	0.623279260303675	0.1394687326202615	1.4485850345200666	0.15603424976146724	0.022145767007004262	NaN	NaN	0.07680283473338058	0.011888321497042227	0.0032803199816559873	NaN	NaN	17.31832372923018	603.9093689883814	91.87612316979303	91.55464672724406	92.1975991850959	-0.6429523246834622	0.0002728009457415385	1.996286532563001	017
DATA	2026-09-23T213000_AIU-1657.ghg	2026-09-23	22:00:00	266.916	0	18000	18000	0.11254652626491106	1	NaN	68.96301503307468	2	NaN	48.039484673537956	1	NaN	5.402718920581801	1	NaN	1.0862238441192005	1	NaN	NaN	NaN	NaN	NaN	NaN	NaN	NaN	NaN	NaN	NaN	NaN	NaN	-1.1958719912683178e-9	-4.14532821463545e-11	NaN	NaN	17.36686022611655	425.33405098356315	431.69885859629045	0.1	1	601.9986772881817	14.743628541022996	14.964255972473936	0.1	1	NaN	NaN	NaN	NaN	0	NaN	NaN	NaN	NaN	9	293.86713957722975	292.4976382850718	96931.16092752626	1.148131510977569	1013.5590133745053	0.025205634339527147	0.07038730509892419	0.010540508018269704	1422.8071461641143	2237.8004821904283	0.00918057549809347	63.58060772117748	814.993336026314	285.3786788630604	-0.9025639576361376	0.03785596960278305	0.5350318471661829	1.0499113531820288	-4.701355840296146e-15	-6.885942396599399e-14	1.0499113531820288	5.705835765375085	343.40173200257925	177.59826799742075	30.637000709534618	NaN	0.3130907444826561	0.6815147165283904	-37.99934295509703	-0.05271406935554171	1.4355486013583787	0.18928026464667375	0	14.403066538058994	-2.1857209145367875	4.9441066599492896	12.311524647277201	18.775851897626332	26.33339925403844	39.45223065616316	0.11109422567796419	1.0130726919251118	70.5579830455989	1.0214896060926106	43.87235256690046	1.094983101265953	4.934066027444173	1.094983101265953	0.9920005549522858	1.094983101265953	NaN	1	NaN	NaN	800000009	800000019	800000009	800000019	800000019	800000019	899999999	899999999	89999	89999	89	89	23	14	4	0	4	0	0	NaN	0	0	0	0	0	0	0	0	0	NaN	NaN	NaN	NaN	0	17915	0	0	0	0	300	0	0	18000	0	15	18000	18000	18000	18000	93	NaN	0.3249810384873493	0.8612983192686899	0.1767500753007415	1.9974605309441196	0.5786207476099905	0.035618760201219346	NaN	NaN	0.060632500784068545	0.12621897333220214	0.02537649291570389	NaN	NaN	17.36821144527859	602.0424460972666	91.86031050109864	91.53284490754871	92.18777413347028	-0.6549296957916609	0.0002721059285249793	0.39323584452935806	128
DATA	2026-09-23T220000_AIU-1657.ghg	2026-09-23	22:30:00	266.937	0	18000	18000	0.12280755894227738	1	NaN	88.77659165785533	0	NaN	33.02002292278324	1	NaN	1.6160007945521813	0	NaN	0.7467212399393435	1	NaN	NaN	NaN	NaN	NaN	NaN	NaN	NaN	NaN	NaN	NaN	NaN	NaN	-4.837069478111799e-10	-1.6900331346158748e-11	NaN	NaN	17.400876686311808	426.3619671089715	432.80941816290004	0.1	1	607.9726227689328	14.896743886247544	15.122012635523538	0.1	1	NaN	NaN	NaN	NaN	0	NaN	NaN	NaN	NaN	9	294.0254502580432	292.6410359178874	96931.16092752626	1.1475032600083104	1013.6471497165912	0.025219212996665765	0.04838753634806946	0.010644238956428636	1437.5129689611415	2257.82994403171	0.00927599888156444	63.6679025699445	820.3169750705686	285.5350832430212	-1.1978555202415817	-0.3512084529800878	0.8972372403890878	1.537283282404089	-1.6054745135113334e-13	-2.7797849299839146e-14	1.537283282404089	3.460632594368452	324.6589855820105	196.34101441798947	35.707760883076155	NaN	0.3271414584146608	0.4886887002890168	-33.67463099245717	-0.05948394803342247	2.6885684442272457	0.2333039815104864	0	16.192570675408728	-2.4572850713307566	5.558385522030416	13.841165868830206	21.10865127505642	29.605183550185608	44.35395972894951	0.12135375877692225	1.011979852787482	89.10731398601753	1.0224398408153523	29.9896555304078	1.1010470890305097	1.4676945342774548	1.1010470890305097	0.6781919205624929	1.1010470890305097	NaN	1	NaN	NaN	800000009	800000019	800000009	800000019	800000019	800001019	899999999	899999999	89999	89999	89	89	23	2	1	1	4	0	0	NaN	0	0	0	0	0	0	0	0	0	NaN	NaN	NaN	NaN	0	17201	0	0	0	0	300	0	0	18000	0	15	18000	18000	18000	18000	93	NaN	0.24620405468539688	0.5871813889364488	0.143991956956188	1.3905673611358655	0.34025734100689886	0.030290478120644948	NaN	NaN	0.07660773483074587	0.037571292588455235	0.01736093341188592	NaN	NaN	17.402220921368325	608.0164718793245	91.74783758756851	91.40673793453638	92.08893732325237	-0.6822003698216517	0.00027244116677643934	1.2949345733538966	184
DATA	2026-09-23T223000_AIU-1657.ghg	2026-09-23	23:00:00	266.958	0	18000	18000	0.12982397666561576	1	NaN	112.03542796576878	0	NaN	44.71520338985327	0	NaN	3.6317073020285324	1	NaN	1.0117113185447857	0	NaN	NaN	NaN	NaN	NaN	NaN	NaN	NaN	NaN	NaN	NaN	NaN	NaN	-2.8135768034208887e-10	-9.667654269469139e-12	NaN	NaN	17.365203171581726	425.25149083616634	431.5573858317701	0.2	0	596.6809947317705	14.611950119796962	14.828625252329156	0.1	1	NaN	NaN	NaN	NaN	0	NaN	NaN	NaN	NaN	9	294.52640367804634	293.166042378392	96913.43123926775	1.145360660941464	1013.5010082654721	0.02526680243251058	0.06555889344170211	0.010421079057135288	1409.9011239404897	2332.614755028396	0.009098513169266147	60.442948022221806	922.7136310879062	285.2402399271774	-1.6594556252993473	-0.2133180291140392	1.0637991780898197	1.9826664482931133	-1.0770981359923503e-13	-1.6202383442454197e-14	1.9826664482931133	5.739933265439913	333.6749706839322	187.32502931606777	32.44907249101263	NaN	0.336671475782916	0.9151586534164247	-29.079371982941456	-0.06888388102655926	2.505533229693231	0.28667023808500347	0	14.066950634936667	-2.134714029494521	4.8287289471024595	12.02421782864259	18.33769087123756	25.718872184461716	38.5315571244436	0.12828407510686046	1.0120038403634477	112.4144215257025	1.0242001708124968	40.35149140056515	1.108142520581705	3.2772926176698958	1.108142520581705	0.9129794225509016	1.108142520581705	NaN	1	NaN	NaN	800000009	800000009	800000009	800000019	800000009	800010019	899999999	899999999	89999	89999	89	89	27	3	4	23	0	0	3	NaN	0	0	0	0	0	0	0	0	0	NaN	NaN	NaN	NaN	0	3734	0	0	0	0	300	150	0	18000	0	20	18000	18000	18000	18000	93	NaN	0.3098448122813026	1.303667489769629	0.21680500478191755	0.7760727550210372	1.5545167462452332	0.04580856902783457	NaN	NaN	0.09684017873520653	0.08402916530557755	0.023408620397364754	NaN	NaN	17.36655813742377	596.7242633881671	92.00081127124358	91.69465149646332	92.30697125625612	-0.6123188752846634	0.0002721451068888806	25.209150497767588	178
DATA	2026-09-23T230000_AIU-1657.ghg	2026-09-23	23:30:00	266.979	0	18000	18000	0.4429704242113683	1	NaN	-14.757829845545634	2	NaN	73.81705208957294	0	NaN	2.7784049151418695	0	NaN	1.66003715991823	0	NaN	-0.01764410955196242	0	NaN	NaN	NaN	NaN	NaN	NaN	NaN	NaN	NaN	NaN	2.9396163886690003e-10	9.884497778262505e-12	1.5173001150905454e-12	NaN	17.286904884557746	423.38758523489116	429.50217656931875	0.1	1	581.2743920706398	14.236461810900034	14.442065728108762	0.1	1	0.08922736610124472	2.094412976592585	2.124660626462339	0	0	NaN	NaN	NaN	NaN	9	292.6127225375704	286.8552642308351	98422.76619848765	1.188902115788737	1013.2021608462593	0.02423133141783013	0.1075704079627013	0.010587162620341407	1401.5678072162825	1563.49419569356	0.008904990982640915	89.64330095223363	161.92638847727744	285.1502573167424	-1.3920991545468169	0.17011553638540608	0.8187051575913292	1.6239327223983995	7.344733554133424e-14	1.7004873968473884e-14	1.6239327223983995	7.6817337425973236	347.9670435896672	173.03295641033282	30.274922288212778	NaN	0.6103997054381148	1.6520857041401191	1329.9866531264486	0.0015061053396973865	-0.19992439995622988	-0.020070859744283385	0	19.292763216276377	-2.9277512500267933	6.622581299223185	16.491163824289256	25.150065361955534	35.273324270589555	52.845867398585945	0.43821883801028355	1.010842952855836	-10.411102012027314	1.0229140868771451	66.31574677304845	1.1131149942742276	2.4960627872535697	1.1131149942742276	1.4913438130447665	1.1131149942742276	-0.013386355158747535	1.378224394075591	NaN	NaN	800000009	800000009	800000009	800000019	800000019	800101019	899999999	899999999	89999	89999	89	89	19	3	5	15	7	0	5	NaN	0	0	0	0	0	0	0	0	0	NaN	NaN	NaN	NaN	0	5	0	0	0	0	300	0	0	18000	0	15	18000	18000	18000	18000	93	NaN	0.6664707269774812	2.3141821876523236	0.3235184936504332	1.9354466301288065	0.21068855045893167	0.06988950482852244	7.413617496710349e-8	NaN	-0.008642800624035246	0.06135666070218459	0.03665928469210188	-0.000013386355158747535	NaN	17.288261903817293	581.3161436214772	92.53934762107004	92.32109336217246	92.75760107167564	-0.4365069973236942	0.00027234588063341413	41.512592868534526	238
