DATAH	filename	date	time	DOY	daytime	file_records	used_records	Tau	qc_Tau	rand_err_Tau	H	qc_H	rand_err_H	LE	qc_LE	rand_err_LE	co2_flux	qc_co2_flux	rand_err_co2_flux	h2o_flux	qc_h2o_flux	rand_err_h2o_flux	ch4_flux	qc_ch4_flux	rand_err_ch4_flux	none_flux	qc_none_flux	rand_err_none_flux	H_strg	LE_strg	co2_strg	h2o_strg	ch4_strg	none_strg	co2_v-adv	h2o_v-adv	ch4_v-adv	none_v-adv	co2_molar_density	co2_mole_fraction	co2_mixing_ratio	co2_time_lag	co2_def_timelag	h2o_molar_density	h2o_mole_fraction	h2o_mixing_ratio	h2o_time_lag	h2o_def_timelag	ch4_molar_density	ch4_mole_fraction	ch4_mixing_ratio	ch4_time_lag	ch4_def_timelag	none_molar_density	none_mole_fraction	none_mixing_ratio	none_time_lag	none_def_timelag	sonic_temperature	air_temperature	air_pressure	air_density	air_heat_capacity	air_molar_volume	ET	water_vapor_density	e	es	specific_humidity	RH	VPD	Tdew	u_unrot	v_unrot	w_unrot	u_rot	v_rot	w_rot	wind_speed	max_wind_speed	wind_dir	yaw	pitch	roll	u*	TKE	L	(z-d)/L	bowen_ratio	T*	model	x_peak	x_offset	x_10%	x_30%	x_50%	x_70%	x_90%	un_Tau	Tau_scf	un_H	H_scf	un_LE	LE_scf	un_co2_flux	co2_scf	un_h2o_flux	h2o_scf	un_ch4_flux	ch4_scf	un_none_flux	un_none_scf	spikes_hf	amplitude_resolution_hf	drop_out_hf	absolute_limits_hf	skewness_kurtosis_hf	skewness_kurtosis_sf	discontinuities_hf	discontinuities_sf	timelag_hf	timelag_sf	attack_angle_hf	non_steady_wind_hf	u_spikes	v_spikes	w_spikes	ts_spikes	co2_spikes	h2o_spikes	ch4_spikes	none_spikes	head_detect_LI-7200	t_out_LI-7200	t_in_LI-7200	aux_in_LI-7200	delta_p_LI-7200	chopper_LI-7200	detector_LI-7200	pll_LI-7200	sync_LI-7200	chopper_LI-7500	detector_LI-7500	pll_LI-7500	sync_LI-7500	not_ready_LI-7700	no_signal_LI-7700	re_unlocked_LI-7700	bad_temp_LI-7700	laser_temp_unregulated_LI-7700	block_temp_unregulated_LI-7700	motor_spinning_LI-7700	pump_on_LI-7700	top_heater_on_LI-7700	bottom_heater_on_LI-7700	calibrating_LI-7700	motor_failure_LI-7700	bad_aux_tc1_LI-7700	bad_aux_tc2_LI-7700	bad_aux_tc3_LI-7700	box_connected_LI-7700	mean_value_RSSI_LI-7200	mean_value_LI-7500	u_var	v_var	w_var	ts_var	co2_var	h2o_var	ch4_var	none_var	w/ts_cov	w/co2_cov	w/h2o_cov	w/ch4_cov	w/none_cov	co2_mean	h2o_mean	avg_signal_strength_7200_mean	co2_signal_strength_7200_mean	h2o_signal_strength_7200_mean	delta_signal_strength_7200_mean	flowrate_mean	rssi_77_mean	CHK
DATAU		[yyyy-mm-dd]	[HH:MM]	[ddd.ddd]	[1=daytime]	[#]	[#]	[kg+1m-1s-2]	[#]	[kg+1m-1s-2]	[W+1m-2]	[#]	[W+1m-2]	[W+1m-2]	[#]	[W+1m-2]	[µmol+1s-1m-2]	[#]	[µmol+1s-1m-2]	[mmol+1s-1m-2]	[#]	[mmol+1s-1m-2]	[µmol+1s-1m-2]	[#]	[µmol+1s-1m-2]	[µmol+1s-1m-2]	[#]	[µmol+1s-1m-2]	[W+1m-2]	[W+1m-2]	[µmol+1s-1m-2]	[mmol+1s-1m-2]	[µmol+1s-1m-2]	[µmol+1s-1m-2]	[µmol+1s-1m-2]	[mmol+1s-1m-2]	[µmol+1s-1m-2]	[µmol+1s-1m-2]	[mmol+1m-3]	[µmol+1mol_a-1]	[µmol+1mol_d-1]	[s]	[1=default]	[mmol+1m-3]	[mmol+1mol_a-1]	[mmol+1mol_d-1]	[s]	[1=default]	[mmol+1m-3]	[µmol+1mol_a-1]	[µmol+1mol_d-1]	[s]	[1=default]	[mmol+1m-3]	[µmol+1mol_a-1]	[µmol+1mol_d-1]	[s]	[1=default]	[K]	[K]	[Pa]	[kg+1m-3]	[J+1kg-1K-1]	[m+3mol-1]	[mm]	[kg+1m-3]	[Pa]	[Pa]	[kg+1kg-1]	[%]	[Pa]	[K]	[m+1s-1]	[m+1s-1]	[m+1s-1]	[m+1s-1]	[m+1s-1]	[m+1s-1]	[m+1s-1]	[m+1s-1]	[deg_from_north]	[deg]	[deg]	[deg]	[m+1s-1]	[m+2s-2]	[m]	[#]	[#]	[K]	[0=KJ/1=KM/2=HS]	[m]	[m]	[m]	[m]	[m]	[m]	[m]	[kg+1m-1s-2]	[#]	[W+1m-2]	[#]	[W+1m-2]	[#]	[µmol+1s-1m-2]	[#]	[mmol+1s-1m-2]	[#]	[µmol+1s-1m-2]	[#]	[µmol+1s-1m-2]	[#]	8u/v/w/ts/co2/h2o/ch4/none	8u/v/w/ts/co2/h2o/ch4/none	8u/v/w/ts/co2/h2o/ch4/none	8u/v/w/ts/co2/h2o/ch4/none	8u/v/w/ts/co2/h2o/ch4/none	8u/v/w/ts/co2/h2o/ch4/none	8u/v/w/ts/co2/h2o/ch4/none	8u/v/w/ts/co2/h2o/ch4/none	8co2/h2o/ch4/none	8co2/h2o/ch4/none	8aa	8U	[#]	[#]	[#]	[#]	[#]	[#]	[#]	[#]	[#_flagged_recs]	[#_flagged_recs]	[#_flagged_recs]	[#_flagged_recs]	[#_flagged_recs]	[#_flagged_recs]	[#_flagged_recs]	[#_flagged_recs]	[#_flagged_recs]	[#_flagged_recs]	[#_flagged_recs]	[#_flagged_recs]	[#_flagged_recs]	[#_flagged_recs]	[#_flagged_recs]	[#_flagged_recs]	[#_flagged_recs]	[#_flagged_recs]	[#_flagged_recs]	[#_flagged_recs]	[#_flagged_recs]	[#_flagged_recs]	[#_flagged_recs]	[#_flagged_recs]	[#_flagged_recs]	[#_flagged_recs]	[#_flagged_recs]	[#_flagged_recs]	[#_flagged_recs]	[#]	[#]	[m+2s-2]	[m+2s-2]	[m+2s-2]	[K+2]	--	--	--	--	[m+1s-1K+1]	--	--	--	--	--	--	--	--	--	--	--	--	241
DATA	2026-08-08T233000_AIU-1657.ghg	2026-08-09	00:00:00	221	0	18000	18000	0.12361163705202995	1	NaN	57.200638881474596	1	NaN	110.73893339543487	1	NaN	-0.6839624100045466	2	NaN	2.5118390468938743	1	NaN	0.08167494795688662	1	NaN	NaN	NaN	NaN	NaN	NaN	NaN	NaN	NaN	NaN	-1.6507875667375745e-10	-9.343592448031213e-12	-7.715758595108647e-13	NaN	17.8747274642437	454.207664093628	466.19279304748943	0.1	1	1011.7241728176512	25.708524740408212	26.38689282748614	0.1	1	0.08354623262642225	2.0521829097161945	2.1063336402172745	1.2	0	NaN	NaN	NaN	NaN	9	304.2247041142781	295.76035186077917	97638.03542328742	1.1389224637679438	1019.9018311627456	0.02518436134760695	0.16276717023872306	0.018395051491100694	2510.8031650446	2735.7344744218553	0.016151276382980095	91.77802847899594	224.93130937725527	294.3171968341324	-0.0998832198200128	-0.6029337187079752	0.24101344508840944	0.6569575385594049	6.775011217679065e-15	-9.235316007137908e-15	0.6569575385594049	3.2089408831490385	260.4063070061453	260.5936929938547	21.52228292846932	NaN	0.3294447564439185	0.27608388652077004	-53.759534123957515	-0.03726036753557606	0.516535938423917	0.14947403196581827	0	22.87731270607407	-3.4717204643840316	7.853041143215194	19.55518281471853	29.82288765034187	41.82702397136335	62.66450379079055	0.12163763725575079	1.0162285279524848	63.012872319256154	1.0225186971312867	101.31283951221418	1.0930394797797003	-0.6257435551572188	1.0930394797797003	2.2980314008421088	1.0930394797797003	0.043604000432750964	1.3106690590919354	NaN	NaN	800000009	800000009	800000009	800000019	800000019	800001019	899999999	899999999	89999	89999	89	89	3	5	1	1	6	0	3	NaN	0	18000	0	0	0	0	0	0	0	NaN	NaN	NaN	NaN	0	0	0	0	0	0	300	0	0	0	0	15	18000	18000	18000	18000	100	NaN	0.4470704614243516	0.043549977817249313	0.0615473337999392	0.09359590389905444	10.15547183291615	0.11447350150789337	0.000001079497624372659	NaN	0.054247127469450464	-0.01617489606233161	0.05940200062828662	0.00004360400043275097	NaN	17.87609560006565	1011.7892615399211	99.5847488369412	100.20656788762412	98.96292625384861	1.2436468182437954	0.00028265108351964343	48.47687503888867	086
DATA	2026-08-09T000000_AIU-1657.ghg	2026-08-09	00:30:00	221.02	0	18000	18000	0.12714343220435043	1	NaN	37.81101313215119	1	NaN	60.82382292777982	1	NaN	5.1397887784420355	2	NaN	1.3792798747061334	1	NaN	0.04231296588829953	1	NaN	NaN	NaN	NaN	NaN	NaN	NaN	NaN	NaN	NaN	2.229169739253119e-10	1.2269702761786711e-11	1.0382518485529546e-12	NaN	17.983585654274165	456.6124343696804	468.3841796074718	0.1	1	989.8449933337299	25.132670466489163	25.78060594000574	0.1	1	0.08375984439577226	2.054480474139956	2.107446225655195	0	1	NaN	NaN	NaN	NaN	9	304.24067277696395	295.4922323935988	97617.29561484816	1.1399643447655619	1019.5650256812447	0.025166876470471472	0.08937733588095745	0.01799550810754284	2454.0414166229048	2691.536917108224	0.015786027159686022	91.17621240950753	237.4955004853191	293.945157500548	-0.10344816862910122	-0.5979605061881199	0.24424208105514314	0.6541502004216431	3.391766234789018e-14	1.239557995890164e-14	0.6541502004216431	2.730176236566351	260.81511453405665	260.1848854659434	21.923795449029146	NaN	0.33396528989330454	0.3846509962938912	-84.69941792242525	-0.02364951317415906	0.6216480864257204	0.09741162438990025	0	20.49129411755406	-3.1096329382574917	7.033998173227334	17.5156500121863	26.712471439692848	37.46462100995052	56.12882922069514	0.1251082864879041	1.0162670736973374	40.9041889635729	1.0225379886652552	55.64629528719953	1.093043528124527	4.702272733146338	1.093043528124527	1.2618709495245248	1.093043528124527	0.02034672785954213	1.3107232251501257	NaN	NaN	800000009	800000009	800000009	800000019	800000019	800000019	899999999	899999999	89999	89999	89	89	0	0	0	8	14	0	5	NaN	0	18000	0	0	0	0	0	0	0	NaN	NaN	NaN	NaN	0	0	0	0	0	0	300	0	0	0	0	15	18000	18000	18000	18000	100	NaN	0.5704823596636811	0.11552140504439186	0.08329822787970945	0.07230582781710573	31.25773199878395	0.03551657373622491	9.605207650145488e-7	NaN	0.035193429425213106	0.12139327250178031	0.03257629931967278	0.00002034672785954213	NaN	17.984957024484036	989.915677776641	99.6327247305976	100.24797652180989	99.01747141859266	1.2305073561304125	0.0002824813726248168	48.800794444402044	017
DATA	2026-08-09T003000_AIU-1657.ghg	2026-08-09	01:00:00	221.041	0	18000	18000	0.14501958348094945	1	NaN	37.72262541115886	1	NaN	64.45638779775376	1	NaN	28.69171159189655	1	NaN	1.4616082077224621	1	NaN	0.10001742656896076	1	NaN	NaN	NaN	NaN	NaN	NaN	NaN	NaN	NaN	NaN	-1.0927470030307562e-10	-5.941672068407561e-12	-5.036066727433648e-13	NaN	18.266648892485417	463.8160598412796	475.8158525515341	0.1	1	993.2256707807575	25.219405040639728	25.871878421719256	0.1	1	0.08418422787160856	2.0646747072213536	2.118091720226983	0	0	NaN	NaN	NaN	NaN	9	304.2282890438503	295.4597146623687	97608.70243644068	1.139951698946351	1019.6144406584338	0.025166322329737836	0.09471221186041553	0.0180580094566247	2462.293709337494	2686.2192610520488	0.015841030346562566	91.66391385240625	223.92555171455479	293.99971155971485	0.0030828758748867664	-0.4830483652951219	0.19649962289329143	0.5214952819874644	3.972429149820853e-14	-5.98219744334328e-15	0.5214952819874644	2.370666299689611	250.6343360397699	270.3656639602301	22.135631393974773	NaN	0.3566728907385721	0.3368379080819814	-103.41475547036254	-0.01936957633259661	0.5852426221823348	0.09099329286353067	0	24.720396959641665	-3.751415610527473	8.485712325343833	21.130623513742332	32.22553412068831	45.196769808458384	67.71299710284674	0.14237295940205008	1.0185893732209745	40.986185934185826	1.0238046164642007	58.9312750419719	1.093755187747877	26.232297604891738	1.093755187747877	1.336321165920156	1.093755187747877	0.06512355344547208	1.3140321286993248	NaN	NaN	800000009	800000009	800000009	800000019	800000019	800000019	899999999	899999999	89999	89999	89	89	7	2	0	7	12	0	4	NaN	0	18000	0	0	0	0	0	0	0	NaN	NaN	NaN	NaN	0	0	0	0	0	0	300	0	0	0	0	15	18000	18000	18000	18000	100	NaN	0.5198424094115537	0.09439623049418651	0.05943717625822254	0.08613794788900984	50.48994687006753	0.09310362788240094	0.0000015853766616387643	NaN	0.03526266067476303	0.6772550068280111	0.034500607380304464	0.00006512355344547207	NaN	18.268001273139486	993.2909974219472	99.61905424880982	100.22811882188586	99.00998518032497	1.2181365389559002	0.00028249240814248977	49.06918417856433	003
DATA	2026-08-09T010000_AIU-1657.ghg	2026-08-09	01:30:00	221.062	0	18000	18000	0.10394293483681794	1	NaN	15.292290546760642	1	NaN	2.081193818936841	2	NaN	33.449651063921515	1	NaN	0.0471855472956997	2	NaN	0.00021339146412635	2	NaN	NaN	NaN	NaN	NaN	NaN	NaN	NaN	NaN	NaN	-8.442193341063642e-10	-4.532895401517147e-11	-3.8770027839693275e-12	NaN	18.31066064566714	464.6244548277389	476.51211593460937	0.1	1	983.1604902456342	24.947237875693094	25.58552608101082	0.1	1	0.0840900929788762	2.06060177407184	2.1133233545049324	-1.2	0	NaN	NaN	NaN	NaN	9	304.0939373821683	295.2967371467547	97619.33963519598	1.1408236743413043	1019.4548125985551	0.0251496996580066	0.0030576234647613407	0.017874934505604848	2435.986139414169	2659.7054553254247	0.01566844632315821	91.5885679948766	223.71931591125576	293.825235507977	0.062257510802646014	-0.4554966842244726	0.16835984520406802	0.489589894164469	5.941834609863093e-14	-4.610534542925583e-14	0.489589894164469	3.000362033052472	243.2170116807307	277.7829883192693	20.113400966482516	NaN	0.3018479460215929	0.39852843347946737	-154.62409338275114	-0.012954643459357885	7.347845456591146	0.043560996929439204	0	22.371809524862048	-3.395008406391353	7.679518259164648	19.123086298443774	29.163913199370892	40.90280293413716	61.27985226190242	0.10197089243773712	1.019339267823756	15.174443413959043	1.0242442908940608	1.9021703503319398	1.0941153711988312	30.572325318188756	1.0941153711988312	0.043126665192536426	1.0941153711988312	-0.0038067350345109266	1.3151033724675172	NaN	NaN	800000009	800000009	800000009	800000019	800000019	800000019	899999999	899999999	89999	89999	89	89	2	5	0	4	0	0	2	NaN	0	18000	0	0	0	0	0	0	0	NaN	NaN	NaN	NaN	0	0	0	0	0	0	300	0	0	0	0	15	18000	18000	18000	18000	100	NaN	0.583335532530365	0.15908516618302307	0.05463616824554671	0.049657761433516884	79.01077875039265	0.019120223948930662	8.459434427421267e-7	NaN	0.013047468739464102	0.7885625336341167	0.0011123809529523737	-0.0000038067350345109266	NaN	18.31201931391632	983.2333472702418	99.63286965094673	100.23727928415934	99.02847240744697	1.2087987607717507	0.000282254710796729	48.85789032996499	105
DATA	2026-08-09T013000_AIU-1657.ghg	2026-08-09	02:00:00	221.083	0	18000	18000	0.2581518383799525	1	NaN	34.91224904504695	1	NaN	76.14546270296151	1	NaN	6.530984315225097	1	NaN	1.7264855232667946	1	NaN	0.013351394649722226	2	NaN	NaN	NaN	NaN	NaN	NaN	NaN	NaN	NaN	NaN	-5.501276175709692e-10	-3.018561715565754e-11	-2.5616278777116433e-12	NaN	18.095933320190404	459.42173967999065	471.3026027832034	0	0	992.9276368443858	25.20856671075476	25.860472148071025	0.1	1	0.08426235256264103	2.06556895717362	2.118985545660529	0	1	NaN	NaN	NaN	NaN	9	304.23555537160235	295.3501027563062	97603.11321239406	1.1403141826120995	1019.6063094776223	0.025158426544985603	0.11187626190768829	0.018055913755128584	2461.09457612507	2668.36188290679	0.015834156963450363	92.23241389747584	207.26730678171998	293.99179431191334	-0.3872460296236807	-0.4856158233782862	0.35957036528577546	0.7176859082958574	-2.8410634147737727e-14	-3.0400621390285977e-14	0.7176859082958574	3.0567732041352422	289.57001017680057	231.4299898231994	30.067078667744205	NaN	0.4758009974418796	0.655200880962957	-265.24848378699255	-0.007551786805343576	0.45849414798669436	0.06310960161292445	0	22.61971861793384	-3.4326295677044	7.76461742848942	19.334995262522533	29.487087740243226	41.35605982282234	61.95891367537185	0.2542183385496089	1.0154729192739806	38.97306046413368	1.0221595894190694	69.66448247737655	1.0930313410092385	5.975111664405509	1.0930313410092385	1.579538901119398	1.0930313410092385	-0.0024774457732452144	1.309596864039148	NaN	NaN	800000009	800000009	800000009	800000019	800000019	800000019	899999999	899999999	89999	89999	89	89	4	0	0	8	10	0	2	NaN	0	18000	0	0	0	0	0	0	0	NaN	NaN	NaN	NaN	0	0	0	0	0	0	300	0	0	3000	0	15	18000	18000	18000	18000	100	NaN	0.647523600403295	0.5308126957608964	0.13206546576172254	0.06457485654711619	15.77159617800326	0.0551957995556438	0.0000012956602078241534	NaN	0.03352026714187958	0.15421293781487067	0.04076665810039389	-0.0000024774457732452145	NaN	18.09731665982138	992.9969397137456	99.58299083921645	100.17579670842488	98.99016652170818	1.1856469595101136	0.00028238009661436076	48.19315504132379	120
DATA	2026-08-09T020000_AIU-1657.ghg	2026-08-09	02:30:00	221.104	0	18000	18000	0.06517567212116858	1	NaN	31.249688821920625	1	NaN	39.306790804264544	1	NaN	-0.3258540036494743	2	NaN	0.8911732947869303	1	NaN	0.11709802335117599	0	NaN	NaN	NaN	NaN	NaN	NaN	NaN	NaN	NaN	NaN	-5.108264730670718e-10	-2.7730179473595032e-11	-2.385503902622382e-12	NaN	18.162959434050297	460.9941703806704	472.82667513529486	0	0	985.9749864837362	25.025036396769835	25.667363092365385	0.1	1	0.08481903914053808	2.07850877732761	2.1318586168059466	1.4	0	NaN	NaN	NaN	NaN	9	304.160068526374	295.29223579880875	97606.06168012889	1.1406520140073255	1019.4995224066832	0.025152737505964848	0.05774802950219308	0.017928512293716864	2443.250446408355	2658.976415869287	0.015717775512209566	91.88687916999046	215.725969460932	293.87357787014844	-0.4804255831730635	-0.7766386550087193	0.42131482390292346	1.0057248740392724	-4.722985474388178e-14	-2.8124627758041452e-14	1.0057248740392724	2.611071058594961	282.74077027212013	238.25922972787987	24.766205490985378	NaN	0.2390375745211337	0.1780598168029982	-37.57524523136691	-0.05330903331877287	0.7950201016799934	0.11241889841340089	0	18.272282979180897	-2.772889437009602	6.272283456521534	15.618872666162494	23.81976630754726	33.40756093170043	50.0506139303358	0.06432163657785682	1.013277577946544	33.178420545413196	1.021490529471517	35.910333375719794	1.0945816178593655	-0.2976973103995072	1.0945816178593655	0.8141679708908015	1.0945816178593655	0.08186143715094914	1.3065437837909242	NaN	NaN	800000009	800000009	800000009	800000019	800000019	800000019	899999999	899999999	89999	89999	89	89	10	8	0	19	0	0	3	NaN	0	18000	0	0	0	0	0	0	0	NaN	NaN	NaN	NaN	0	0	0	0	0	0	300	0	0	0	0	15	18000	18000	18000	18000	100	NaN	0.1480966226769911	0.15118918638766884	0.056833824541336425	0.07313107115705557	24.36922054292737	0.04958166153484499	0.000005089554048046489	NaN	0.02853090248090586	-0.007680149889785705	0.021004328334416792	0.00008186143715094914	NaN	18.164377368079293	986.0438298886068	99.6256572127872	100.22505904388427	99.02624729792277	1.1988206634587721	0.00028234975963843884	47.739004865540394	194
DATA	2026-08-09T023000_AIU-1657.ghg	2026-08-09	03:00:00	221.124	0	18000	18000	0.08454600950268258	1	NaN	24.115695728336394	1	NaN	29.869447106974768	1	NaN	9.868165653864635	1	NaN	0.6770758513963278	1	NaN	0.10156560838837773	1	NaN	NaN	NaN	NaN	NaN	NaN	NaN	NaN	NaN	NaN	-2.8318170148804697e-10	-1.4949919034161877e-11	-1.3099704660992343e-12	NaN	18.462194383470077	468.21590976637196	480.0827731582822	0.1	1	974.6685953770428	24.718369529992966	25.344852971423965	0.1	1	0.085404280201169	2.0906865005612962	2.143674642527363	0.4	0	NaN	NaN	NaN	NaN	9	303.7680366109213	295.09142544503936	97607.43941141419	1.1415779678201916	1019.3193835883445	0.025135277863494065	0.043874515170482034	0.017721110105937854	2413.3439366121033	2626.6302648548112	0.015523346285121264	91.87984958916563	213.2863282427079	293.673742162804	-0.05941060503912854	-0.41770614280796303	0.20015025464751998	0.4669776934352539	-1.4313103023444736e-14	-1.5338463868714903e-14	0.4669776934352539	2.543099645158649	259.09492028361524	261.90507971638476	25.3792363425809	NaN	0.2721408693780268	0.20672195437268392	-71.84705651011134	-0.027880056571532544	0.8073700072843054	0.07615355230072009	0	18.676437587175137	-2.8342214580111853	6.4110166550215535	15.964337946384848	24.34662265743577	34.14648445361496	51.15765601565889	0.08289375903837336	1.0199321454772532	25.49905667637745	1.0245988690792611	27.292270858878524	1.0944287949296039	9.01672698999059	1.0944287949296039	0.6186568322518221	1.0944287949296039	0.07146201726297707	1.3159507695888186	NaN	NaN	800000009	800000009	800000009	800000019	800000019	800000019	899999999	899999999	89999	89999	89	89	5	0	0	0	4	0	0	NaN	0	18000	0	0	0	0	0	0	0	NaN	NaN	NaN	NaN	0	0	0	0	0	0	300	0	0	0	0	15	18000	18000	18000	18000	100	NaN	0.26571062651286426	0.077988937231668	0.06974434500083562	0.08473322232160461	65.2694000677876	0.01651307807256463	0.0000016307225086693202	NaN	0.02191332363978257	0.23238362339435556	0.015944335064812964	0.00007146201726297707	NaN	18.4635230613368	974.7397965590646	99.62941192245484	100.21842060640122	99.0403936659495	1.1780392655796466	0.0002814946378445408	50.26691856933532	008
DATA	2026-08-09T030000_AIU-1657.ghg	2026-08-09	03:30:00	221.145	0	18000	18000	0.04131189541215859	0	NaN	23.39208929576731	0	NaN	4.936274568729961	0	NaN	13.35559077292628	1	NaN	0.1118897853121626	0	NaN	0.04638181965810638	0	NaN	NaN	NaN	NaN	NaN	NaN	NaN	NaN	NaN	NaN	-1.3987628386092197e-9	-7.343931403792243e-11	-6.455096527259083e-12	NaN	18.392413426810027	466.1465893405693	477.8413341960285	0.1	1	965.6577857829141	24.47411728233119	25.08812704605025	0.1	1	0.08487843740355727	2.0771803938248676	2.1292929594427106	0.6	0	NaN	NaN	NaN	NaN	9	302.9356616193983	295.0462127444165	97605.73265404308	1.1418393821270298	1019.1779344208192	0.025131866193265736	0.007250458088228136	0.017548382503413836	2389.454922510546	2619.39510289094	0.015368520982981453	91.22163051589214	229.94018038039394	293.51255087837217	-0.5794264017088097	-0.1559560997053867	0.3937550053304015	0.717704858737502	-2.700888712012959e-14	-7.605107639491663e-14	0.717704858737502	2.829107073435526	325.93550568299645	195.06449431700352	33.273132134194086	NaN	0.1902107472259713	0.350799764341017	-25.289393215710223	-0.0792071198748904	4.738814458164508	0.10567662414745123	1	3.538202880291574	2	3	5	9	15	44	0.040682428177631444	1.0154727056059365	23.358510472086657	1.022159493117462	4.516130554047756	1.093031857616613	12.218848590606065	1.093031857616613	0.10236644479525187	1.093031857616613	0.030121343879684397	1.3095965661576505	NaN	NaN	800000009	800000009	800000009	800000019	800000019	800001019	899999999	899999999	89999	89999	89	89	25	5	0	1	0	0	5	NaN	0	18000	0	0	0	0	0	0	0	NaN	NaN	NaN	NaN	0	0	0	0	0	0	300	0	17997	0	0	15	18000	18000	18000	18000	100	NaN	0.369620867818127	0.2886533975308742	0.043325263333032805	0.0791469834686847	69.89196044050007	0.02963135568952828	5.181475612233969e-7	NaN	0.020071975349720467	0.3147887101908563	0.0026372207565199483	0.000030121343879684397	NaN	18.393887780892783	965.7285998954968	99.64268607203165	100.22573440975614	99.05963349617852	1.1660936586062092	0.00028204031556217367	51.60402886404812	127
DATA	2026-08-09T033000_AIU-1657.ghg	2026-08-09	04:00:00	221.166	0	17990	17990	0.07352293562297835	1	NaN	32.90619816165477	1	NaN	25.630053179061946	1	NaN	-2.8574467367845946	1	NaN	0.5809108959116301	1	NaN	0.11028527078425393	1	NaN	NaN	NaN	NaN	NaN	NaN	NaN	NaN	NaN	NaN	1.0898790101950726e-10	5.694488866153392e-12	5.064416280723337e-13	NaN	18.30119764722871	463.52641125383633	475.031048808595	0.1	1	956.215921809187	24.218706511106852	24.819810210250278	0.1	1	0.08504144263203259	2.0802355410411972	2.131866592362457	0.9	0	NaN	NaN	NaN	NaN	9	302.68830604065516	294.97219498601845	97618.35393077198	1.142384941652308	1019.029705264919	0.025122312868058865	0.03764302605507363	0.017371851911079317	2364.824432958012	2607.588007568421	0.015206653447263794	90.69011002099269	242.7635746104088	293.34487142884325	-0.5960772158985542	-0.9398882854635427	0.4860426633995701	1.2144692285560281	1.0484961875976654e-14	5.955233265076011e-15	1.2144692285560281	2.513142888957703	283.3828731417748	237.61712685822522	23.591303820556135	NaN	0.2536910726336787	0.20858834641925883	-42.653961424194875	-0.04696164044598607	1.2838911387252585	0.1114225799244473	0	18.550057167420007	-2.815042741734564	6.36763434658415	15.856309864404036	24.181873016252624	33.91542073933503	50.81148046634604	0.07261514102111376	1.0125014506492611	33.974111463797776	1.0216408519487592	23.369401282766308	1.0967355504294733	-2.6054108811058785	1.0967355504294733	0.5296727143422585	1.0967355504294733	0.07691713677534018	1.3055657559213198	NaN	NaN	800000009	800000009	800000009	800000019	800000019	800001019	899999999	899999999	89999	89999	89	89	14	9	0	17	3	0	10	NaN	0	17990	0	0	0	0	0	0	0	NaN	NaN	NaN	NaN	0	0	0	0	0	0	0	0	17873	0	0	0	17873	17873	17873	17873	100	NaN	0.174094698776891	0.1814361497752682	0.061645844286358435	0.05188117617181582	7.263989975161763	0.028729495451474987	0.000002120964121214783	NaN	0.029184267232163403	-0.06707894844285993	0.013636961814588417	0.00007691713677534018	NaN	18.302554154463632	956.2842603472791	99.65095874305034	100.22470818732168	99.0772093823249	1.1474975619135859	0.0002815754678304964	50.48499969885525	189
DATA	2026-08-09T040000_AIU-1657.ghg	2026-08-09	04:30:00	221.187	0	18000	18000	0.06145368818278	1	NaN	33.17303482115213	0	NaN	13.812461442566109	1	NaN	1.8963133919757242	1	NaN	0.31299201929359893	1	NaN	0.09588435284480439	0	NaN	NaN	NaN	NaN	NaN	NaN	NaN	NaN	NaN	NaN	-2.2402040896290887e-10	-1.1288329301411993e-11	-1.0162851429426686e-12	NaN	18.777166827107717	475.232843954321	486.89238661278625	0	0	946.1764821929061	23.946857619973056	24.53437889824377	0.1	1	0.08518400515957039	2.0812956452823617	2.132358941242984	0.6	0	NaN	NaN	NaN	NaN	9	302.5141933025784	294.739454014665	97623.6682474841	1.1434678818329558	1018.8693039844178	0.02510112419117253	0.02028188285022521	0.017191356786215663	2338.4071686220454	2570.7643985648674	0.01503440285411276	90.96155096622095	232.35722994282196	293.1633186534423	-0.5232162016482813	-1.2424227299822634	0.4971118703239482	1.436833200222216	2.5706864216199115e-15	-1.1930469118456204e-14	1.436833200222216	2.4012821066558363	273.83721249954556	247.1627875004545	20.2414736695792	NaN	0.23182591948688885	0.1346806816264027	-32.286120450651126	-0.06204213984339523	2.4016743836056764	0.12282330088314918	0	17.172944314052337	-2.606060553300629	5.894916067331208	14.679174509823973	22.386667327740025	31.397619235761194	47.03935501048808	0.060720330887745366	1.0120776234963278	33.51791429899331	1.022135502503292	12.561281881053548	1.099606041275114	1.7245388992013362	1.099606041275114	0.2846401416007594	1.099606041275114	0.06619348666589871	1.3051839956195908	NaN	NaN	800000009	800000009	800000009	800000019	800000019	800000019	899999999	899999999	89999	89999	89	89	4	5	1	37	6	0	11	NaN	0	18000	0	0	0	0	0	0	0	NaN	NaN	NaN	NaN	0	0	0	0	0	0	300	0	18000	0	0	20	18000	18000	18000	18000	100	NaN	0.0915031851249363	0.11543172731804005	0.06242645080982907	0.051577586375899945	17.496330993617843	0.02138625364493997	0.0000011170472341165237	NaN	0.028769647285402326	0.044350197837492	0.00732012864327487	0.00006619348666589871	NaN	18.778606639120312	946.2472905531424	99.66050445429485	100.22318315060934	99.09780546018813	1.1253946392668635	0.00028157710974887284	49.41574020013986	098
DATA	2026-08-09T043000_AIU-1657.ghg	2026-08-09	05:00:00	221.208	0	18000	18000	0.09212295870105243	1	NaN	41.76541451626075	1	NaN	44.222694181777705	1	NaN	22.729746854022384	1	NaN	1.001881338320666	1	NaN	0.05944453970489425	1	NaN	NaN	NaN	NaN	NaN	NaN	NaN	NaN	NaN	NaN	-3.8551916765296683e-10	-1.907992949072546e-11	-1.7369586551952507e-12	NaN	18.907970845924993	478.17529828482145	489.7659133605957	0	0	935.7842121035332	23.665622207645363	24.239259362306846	0.1	1	0.08518996296073306	2.0791656566077465	2.129563092215463	0.3	0	NaN	NaN	NaN	NaN	9	302.2738501519097	294.52268680206123	97622.28509401483	1.144416055623342	1018.7038307716282	0.025083018859005005	0.06492191072317915	0.017001722236296073	2310.911829486228	2536.877786564374	0.01485624231917609	91.09275353054488	225.9659570781464	292.97243801407944	-0.45840162178660526	-1.5851485993931398	0.5530341140513829	1.7403088404990692	-2.2146300084943156e-14	-2.0389240643241903e-14	1.7403088404990692	3.112808604917792	267.12909020360894	253.870909796391	18.52867901574084	NaN	0.28372131743226936	0.22958507179611895	-47.00519656187311	-0.04261443726468225	0.9444339674236877	0.126267896867761	0	19.856571468980924	-3.013311327560868	6.816118427567701	16.973098638737856	25.885046362249284	36.30414557395287	54.39022555125929	0.0910384848055244	1.011912257742917	43.71863346513296	1.0231707316781957	40.05124656099031	1.10415275375849	20.58569050038708	1.10415275375849	0.9073756642007217	1.10415275375849	0.033681392267660946	1.3053980721163962	NaN	NaN	800000009	800000009	800000009	800000019	800000019	800001119	899999999	899999999	89999	89999	89	89	2	1	2	32	0	0	9	NaN	0	18000	0	0	0	0	0	0	0	NaN	NaN	NaN	NaN	0	0	0	0	0	0	300	0	18000	0	0	15	18000	18000	18000	18000	100	NaN	0.25767019333422025	0.13646005340303677	0.06503989685498084	0.08214701327835355	55.37192370781132	0.04684702554528044	5.599526656066878e-7	NaN	0.0375002961178217	0.5288706739112105	0.02331155124514499	0.000033681392267660945	NaN	18.909388824144987	935.85038680263	99.67116945075989	100.22358640564812	99.11878140555487	1.104803872810468	0.0002812226865272452	49.801257885800496	214
DATA	2026-08-09T050000_AIU-1657.ghg	2026-08-09	05:30:00	221.229	1	18000	18000	0.09670306575796618	1	NaN	22.433216586168623	1	NaN	28.158519263010113	1	NaN	18.995233869065448	1	NaN	0.6377867947691126	1	NaN	0.06802657995440524	1	NaN	NaN	NaN	NaN	NaN	NaN	NaN	NaN	NaN	NaN	1.5371124867575884e-10	7.52567216148271e-12	6.966235096414745e-13	NaN	18.900693731916103	477.6118199952073	489.0476013726132	0	0	925.3742057032935	23.383779708373886	23.94367328999644	0.1	1	0.08565845190653554	2.087996715282667	2.137991026463981	0.4	0	NaN	NaN	NaN	NaN	9	301.97092804633246	294.27187253273144	97617.06583068502	1.1454533925011183	1018.5374783134005	0.025062998231074368	0.041328584301038494	0.01681266198400177	2283.2682614607893	2498.1566025206553	0.014677735553509527	91.39812368675997	214.88834105986598	292.7785113231097	-0.5284687960096291	-1.4099993345055644	0.525563081845966	1.594864867210209	-1.048313270432978e-14	8.132571791065999e-15	1.594864867210209	2.9118613803203544	271.5460354248927	249.45396457510734	19.240527224485042	NaN	0.29055704491904577	0.19622557886527112	-93.98285667489888	-0.02131346152765956	0.7966760033308136	0.06617679081310777	0	19.470477390809876	-2.9547200616379246	6.683584824518074	16.6430712277688	25.381733737043074	35.5982424606657	53.33265405516623	0.09556163551690935	1.011944440202207	23.750583791357872	1.022632648711966	25.554521062424218	1.1018997066790994	17.238623219451796	1.1018997066790994	0.5788065745940452	1.1018997066790994	0.046270042026862336	1.3052066725995517	NaN	NaN	800000009	800000009	800000009	800000019	800000019	800000019	899999999	899999999	89999	89999	89	89	6	1	0	21	0	0	4	NaN	0	18000	0	0	0	0	0	0	0	NaN	NaN	NaN	NaN	0	0	0	0	0	0	300	0	18000	0	0	15	18000	18000	18000	18000	100	NaN	0.18116141303542546	0.1396460645509216	0.07164368014419516	0.061923844003304605	62.775870146046714	0.02154279845648622	4.2223971840827103e-7	NaN	0.020357284788364814	0.4423993265794054	0.01485406552254125	0.00004627004202686234	NaN	18.902119459788	925.4410950619224	99.67036964713202	100.20660989464653	99.13412001101176	1.0725028397507135	0.0002808934189266033	48.12826044199201	075
DATA	2026-08-09T053000_AIU-1657.ghg	2026-08-09	06:00:00	221.249	1	18000	18000	0.11009148929684366	1	NaN	23.753733448591174	0	NaN	-3.8874205695345276	2	NaN	34.180388798427245	1	NaN	-0.0880410571969261	2	NaN	0.06789752314548003	0	NaN	NaN	NaN	NaN	NaN	NaN	NaN	NaN	NaN	NaN	3.555723829453384e-11	1.7122285801210778e-12	1.5980879618540268e-13	NaN	19.02839558946825	480.55448421995914	491.93827667397466	0.1	1	916.2962121033461	23.14069263116107	23.688869478543744	0.1	1	0.08552140543941007	2.083506733710296	2.1328626527828263	0.2	0	NaN	NaN	NaN	NaN	9	301.7643673087226	294.17191764702227	97614.32124646893	1.1459166434682944	1018.396105501925	0.02505518956733836	-0.005705060506360811	0.01664307057975123	2259.4689204528427	2482.8699994840254	0.014523805614148684	91.00230462820814	223.4010790311827	292.60989741192884	-0.39971034060149196	-1.6647970173436888	0.4925867117786427	1.7815608701251222	-1.0736059824250022e-14	1.8686409018222168e-15	1.7815608701251222	3.8423277185254054	264.5009091314822	256.4990908685178	16.050926744019495	NaN	0.30995622276783175	0.2662852092152813	-107.74234733407606	-0.01859157563914029	-6.110409981041851	0.06566920548210595	0	18.365562994863975	-2.787045039266113	6.3043034673685465	15.69860702058945	23.941366228983835	33.57810655050423	50.306122344784555	0.10879508626468971	1.0119160072082658	23.15854974850251	1.0233352140728542	-3.518616209703449	1.1048151710362757	30.93765336908553	1.1048151710362757	-0.0796884940621759	1.1048151710362757	0.04757603284230756	1.3054780221504672	NaN	NaN	800000009	800000009	800000009	800000019	800000019	800000019	899999999	899999999	89999	89999	89	89	7	11	1	36	1	0	6	NaN	0	18000	0	0	0	0	0	0	0	NaN	NaN	NaN	NaN	0	0	0	0	0	0	300	0	18000	0	0	15	18000	18000	18000	18000	100	NaN	0.18345224255189288	0.2547671404328286	0.09435103544584111	0.06095021003887614	58.99830121649427	0.022086211177821106	4.4455088561039045e-7	NaN	0.019844565853244945	0.7935162101992979	-0.0020439207541155593	0.00004757603284230756	NaN	19.02989132172919	916.3630166309428	99.68215846210055	100.2111708814833	99.15313328700594	1.0580460759831807	0.0002809172089392733	48.78328648821514	010
DATA	2026-08-09T060000_AIU-1657.ghg	2026-08-09	06:30:00	221.27	1	18000	18000	0.14595744933974458	1	NaN	65.7962342315467	1	NaN	110.1022786290463	1	NaN	-21.55750584527871	2	NaN	2.4934872781348965	1	NaN	0.1404876058174508	1	NaN	NaN	NaN	NaN	NaN	NaN	NaN	NaN	NaN	NaN	8.11913826220975e-10	3.850608736082923e-11	3.62441512750211e-12	NaN	19.236013156115014	485.68880435893544	497.14014630095477	0.1	1	912.2933729445213	23.034434107212547	23.577529148801496	0.1	1	0.08587031631221129	2.0916161945908813	2.140931336386953	1.2	0	NaN	NaN	NaN	NaN	9	301.662857430352	294.1412766502941	97620.35094456215	1.1461532626295725	1018.3345869993601	0.025051032396506346	0.16157797562314127	0.016569397346745153	2249.2327124262492	2478.2003289813274	0.014456528535050072	90.7607301202645	228.96761655507817	292.5368966122436	-0.405462408083631	-1.552607372744594	0.5049617611200012	1.6822531909505074	1.1454407792636328e-16	4.220800950964584e-14	1.6822531909505074	2.8729674049675817	265.63588210348814	255.36411789651186	17.467807601686292	NaN	0.35685499916906277	0.354959681383193	-59.36111797735922	-0.03374431055634763	0.5975919395203949	0.15797052567227202	0	21.113885764129368	-3.2041136225992397	7.247713738459779	18.047831987583447	27.52408253083849	38.60291710531149	57.83420419625223	0.14423869325112468	1.0119160542145753	71.22615220459558	1.0229477473752575	99.7989320066966	1.1032410509328727	-19.54015926714314	1.1032410509328727	2.2601472960296998	1.1032410509328727	0.08769621454839056	1.3053051547749195	NaN	NaN	800000009	800000009	800000009	800000019	800000019	801000019	899999999	899999999	89999	89999	89	89	7	3	4	23	7	0	4	NaN	0	18000	0	0	0	0	0	0	0	NaN	NaN	NaN	NaN	0	0	0	0	0	0	300	0	18000	0	0	15	18000	18000	18000	18000	100	NaN	0.5026263883366878	0.11904195760614018	0.08825101682355795	0.12991654033736078	76.49299995593238	0.14859681794495522	0.0000017259884016109325	NaN	0.06102479004492067	-0.5010455595930532	0.057954326329679624	0.00008769621454839056	NaN	19.237701495916824	912.3461927355324	99.69147276369729	100.22095734532675	99.16198265308805	1.0589664009014765	0.00028049004712859946	50.784173254419244	035
DATA	2026-08-09T063000_AIU-1657.ghg	2026-08-09	07:00:00	221.291	1	18000	18000	0.04338312030120056	1	NaN	25.468177357901258	0	NaN	2.5333182518280766	2	NaN	17.391619715311393	1	NaN	0.05736135696087084	2	NaN	0.034461020553271715	0	NaN	NaN	NaN	NaN	NaN	NaN	NaN	NaN	NaN	NaN	-3.716454231379236e-10	-1.7409036206230037e-11	-1.648878202499337e-12	NaN	19.28989882504613	486.70196351313365	498.0569880216527	0.1	1	903.5993077065682	22.798645098069525	23.330550028102998	0.1	1	0.08558343980798107	2.0825931040352192	2.1311811466370956	0	0	NaN	NaN	NaN	NaN	9	301.54028722466364	293.94798222773494	97631.86527961688	1.14714539585577	1018.1959070047138	0.02503161767156784	0.0037170159310644306	0.016412506658448386	2226.471313976402	2448.9190218785584	0.01430725932191417	90.91649393406577	222.44770790215625	292.3735213756319	-0.4871566880040178	-1.826896210508186	0.4999762128961499	1.955721763466944	1.462288306799644e-14	-1.926632309006083e-14	1.955721763466944	3.6798842595626313	265.93095938694023	255.0690406130597	14.811981199326885	NaN	0.1944693485531423	0.14505825121147206	-24.81988993713584	-0.0807054344347811	10.053287753926329	0.11212356373413124	1	16.786551818492246	7	14	24	39	68	182	0.04286928868198918	1.0119860075827958	25.199345045281188	1.0240787556471302	2.2870433467055706	1.1076826573826242	15.700904586162396	1.1076826573826242	0.05178500952286431	1.1076826573826242	0.02044813977077985	1.3059259380672321	NaN	NaN	800000009	800000009	800000009	800000019	800000019	800000019	899999999	899999999	89999	89999	89	89	13	4	0	46	15	0	8	NaN	0	18000	0	0	0	0	0	0	0	NaN	NaN	NaN	NaN	0	0	0	0	0	0	300	0	18000	0	0	15	18000	18000	18000	18000	100	NaN	0.13390942671149902	0.09165513308739202	0.06455194262405305	0.05922939693771945	51.198172934411765	0.025314017623531013	4.285328785052582e-7	NaN	0.021574435439779535	0.40219090806990876	0.0013265133795390001	0.00002044813977077985	NaN	19.29145527299267	903.6656767661136	99.69396994018555	100.21151149113973	99.17644038899739	1.0350610537131621	0.00028084387588832115	48.34338908861406	119
DATA	2026-08-09T070000_AIU-1657.ghg	2026-08-09	07:30:00	221.312	1	18000	18000	0.17264998988768865	1	NaN	79.47326224998233	1	NaN	66.51436346542198	1	NaN	-38.99237480069527	1	NaN	1.506255259991738	1	NaN	0.08578164550516508	1	NaN	NaN	NaN	NaN	NaN	NaN	NaN	NaN	NaN	NaN	-5.701916577121969e-10	-2.716270669362794e-11	-2.550162358170977e-12	NaN	19.10680396044971	482.1114504623401	493.44426381706495	0.1	1	910.207129147976	22.96675467875397	23.506625581816877	0.1	1	0.08545451618916015	2.0807225976123016	2.1296333646539995	0.3	0	NaN	NaN	NaN	NaN	9	302.03005134243426	294.07529982791925	97685.89470319828	1.147209739281249	1018.2948154104047	0.0250286087894046	0.09760534084746463	0.01653551461387577	2244.1297818536773	2468.171564069414	0.01441368046982901	90.92276300897225	224.04178221573693	292.50039559141055	-0.9228987790326921	-1.1515312296834803	0.7322454758152516	1.6474069825420579	6.467577231248794e-14	-2.984233568798162e-14	1.6474069825420579	3.347784835265286	289.7105537459237	231.28944625407632	26.390307854597754	NaN	0.387937592224679	0.3937365299966883	-63.1676453246777	-0.031710854341715486	1.1948285770079892	0.1753649584276546	0	20.705897075689872	-3.1421997650981126	7.10766442421357	17.699089393063012	26.9922280698593	37.8569836615258	56.71665997059113	0.17061557084063633	1.0119239940236906	82.16511862638593	1.0228190004527191	60.319424588696	1.1027022210335695	-35.36074749550018	1.1027022210335695	1.3659673765596625	1.1027022210335695	0.04352695064152736	1.3052601449584105	NaN	NaN	800000009	800000009	800000009	800000019	800000019	800010119	899999999	899999999	89999	89999	89	89	0	2	0	17	1	0	16	NaN	0	18000	0	0	0	0	0	0	0	NaN	NaN	NaN	NaN	0	3	0	0	0	0	300	0	18000	0	0	15	18000	18000	18000	18000	100	NaN	0.2569564029422832	0.4210088275472125	0.10950782950388087	0.1314289378313047	49.98549813063653	0.05127650227358599	3.602163018849014e-7	NaN	0.07033494119835149	-0.9058401035096906	0.034992134426205884	0.00004352695064152736	NaN	19.10834273760028	910.2700584840167	99.69757569334243	100.22690728123982	99.16824751175776	1.0586484380198888	0.0002804926628838681	49.338173926883286	021
DATA	2026-08-09T073000_AIU-1657.ghg	2026-08-09	08:00:00	221.333	1	18000	18000	0.11020499161288808	1	NaN	70.60042123836396	1	NaN	64.9150432286529	1	NaN	-17.846640348903176	2	NaN	1.4711000011713693	1	NaN	0.051367747480585424	1	NaN	NaN	NaN	NaN	NaN	NaN	NaN	NaN	NaN	NaN	-3.3299374280860943e-10	-1.6464627823177843e-11	-1.5515916597096641e-12	NaN	18.269460697736132	461.71460988270553	472.50140847126085	0.1	1	903.3198893808866	22.829135310845103	23.36248054029652	0.1	1	0.08512695345838191	2.0795748658917157	2.1281588932282003	0	1	NaN	NaN	NaN	NaN	9	302.980251926846	294.82191722287973	97710.78418895656	1.1446561476875017	1018.2294364461346	0.025085761414532327	0.09532728007590473	0.0163989850079518	2231.251062555492	2583.7591532303095	0.014326560025106183	86.35677438301092	352.5080906748176	292.40795018149447	-0.29165982551041425	-1.7974228452868701	0.43877152399377983	1.8730495959380218	1.8620024446171482e-14	-1.8226796527708803e-14	1.8730495959380218	4.160861320546593	260.21679894014505	260.78320105985495	13.547720806729258	NaN	0.310286664135737	0.33367732978353887	-36.3903371573374	-0.055044832130556776	1.0875818258286483	0.19521963152365993	0	17.227741091296213	-2.614376175654707	5.913726027737856	14.726013970840603	22.45810046118279	31.497805221098734	47.189451872800504	0.10890438055544786	1.0119426881710971	73.270262216207	1.023716463073471	58.67727533874615	1.1063063656909065	-16.13173430287338	1.1063063656909065	1.3297401576936994	1.1063063656909065	0.018787324481275812	1.305692333062421	NaN	NaN	800000009	800000009	800000009	800000019	800000019	800000019	899999999	899999999	89999	89999	89	89	18	3	0	23	0	0	11	NaN	0	18000	0	0	0	0	0	0	0	NaN	NaN	NaN	NaN	0	0	0	0	0	0	300	0	18000	0	0	15	18000	18000	18000	18000	100	NaN	0.361886322277228	0.19452226130903777	0.11094607598081192	0.19948830024103884	70.69597641204639	0.04958055034018702	2.101244743717651e-7	NaN	0.06286472970189286	-0.4141336879429864	0.034137073247821295	0.00001878732448127581	NaN	18.270939659268254	903.3824781681391	99.76787986543444	100.3393949462043	99.19637084494697	1.1430204176372927	0.00028087078094864013	49.36882489299775	020
DATA	2026-08-09T080000_AIU-1657.ghg	2026-08-09	08:30:00	221.354	1	18000	18000	0.31072928516545206	1	NaN	77.39882980884241	1	NaN	-50.24429471818569	2	NaN	51.9022038786425	1	NaN	-1.1394978366310273	2	NaN	0.04970188755124105	2	NaN	NaN	NaN	NaN	NaN	NaN	NaN	NaN	NaN	NaN	-2.7270785106754813e-9	-1.4014243389455442e-10	-1.2984140891951597e-11	NaN	17.937101183841992	454.98804465797735	465.8810327617755	0.1	1	921.7736149055237	23.381480115693265	23.94126226324595	0.1	1	0.08540195966213998	2.0941136202939568	2.14424934368645	-1.2	0	NaN	NaN	NaN	NaN	9	303.7443977389865	295.6065026006398	97744.90066850775	1.1417760619271782	1018.5607853290919	0.025143740960530257	-0.07383945981369057	0.01675702432526919	2286.033491234049	2710.2966564563667	0.014676279249527604	84.34624622320757	424.26316522231764	292.7980024576195	-0.2684652198833956	-0.18076704781265393	0.37767486324595834	0.4973817469405053	2.4742738138185784e-14	-1.5203563177377146e-13	0.4973817469405053	2.60954495981219	307.0462349555696	213.95376504443036	49.404810357157324	NaN	0.5216757225254745	0.4940031939890519	-157.80820250434093	-0.012693256549480687	-1.5404501196198155	0.1275750899255414	0	18.630424124276068	-2.827238737495175	6.395221722201832	15.925006330364635	24.286639461329095	34.062357168194154	51.03161801209999	0.3048913816895388	1.0191474860442524	73.1612700761054	1.024130734291756	-45.92635638112239	1.094018743860947	47.441786687742	1.094018743860947	-1.0415706705440697	1.094018743860947	0.0216327727520654	1.3148288456734232	NaN	NaN	800000009	800000009	800000009	800000019	800000019	800001019	899999999	899999999	89999	89999	89	89	13	5	0	7	1	0	4	NaN	0	18000	0	0	0	0	0	0	0	NaN	NaN	NaN	NaN	0	2	0	0	0	0	300	0	18000	0	0	20	18000	18000	18000	18000	100	NaN	0.3757919332941307	0.3543443690911316	0.2578700855928415	0.07133891848940895	45.62642303596375	0.3142070666460051	3.2413264277097715e-7	NaN	0.06290908245119292	1.2214305089490503	-0.0268161526588913	0.0000216327727520654	NaN	17.93828604413281	921.809371459088	99.72616185209488	100.34557955084907	99.10673867840235	1.238844916317204	0.0002821453867121211	51.5541949980524	232
DATA	2026-08-09T083000_AIU-1657.ghg	2026-08-09	09:00:00	221.374	1	18000	18000	0.0180701914502684	0	NaN	12.832428737522026	0	NaN	38.15374863967226	1	NaN	3.4977819848558527	2	NaN	0.8657134748486539	1	NaN	0.008579474780558457	0	NaN	NaN	NaN	NaN	NaN	NaN	NaN	NaN	NaN	NaN	4.674597133349002e-10	2.4565986755119977e-11	2.253417333034956e-12	NaN	17.598504313488334	448.0715675816469	458.8767847052027	0.2	0	924.8382513881954	23.547099098720953	24.11493588373455	0.1	1	0.0848346360643359	2.0850196123891083	2.1352997266582006	0	1	NaN	NaN	NaN	NaN	9	303.72609990183514	296.10612207339165	97750.33165881278	1.1398408536950069	1018.665225087427	0.02518483832372992	0.05609823317019277	0.016848181734379488	2302.354163019268	2793.6673743929437	0.014781170265798916	82.41332465428398	491.3132113736756	292.9126220560174	-0.8865105441139048	1.0863555269155547	0.27093836852105235	1.4281025436648462	-4.208928165939227e-14	2.656246832161849e-14	1.4281025436648462	2.738736765388784	31.7841481002622	129.21585189973771	10.93639325764677	NaN	0.12590972273309228	0.16353067475829852	-13.38336575081756	-0.14967087033974505	0.3363346773265385	0.08777561768053888	1	19.00499364157971	8	15	26	41	70	174	0.01785435992636648	1.0120884492522852	14.906040365424957	1.022111162542905	34.701532533837835	1.0994831021502618	3.1812967184445418	1.0994831021502618	0.7873822463988541	1.0994831021502618	0.0013837103247182358	1.3051882863701032	NaN	NaN	800000009	800000009	800000009	800000019	800010019	801010019	899999999	899999999	89999	89999	89	89	13	24	0	55	7	2	2	NaN	0	18000	0	0	0	0	0	0	0	NaN	NaN	NaN	NaN	0	2	0	0	0	0	0	0	18000	0	0	0	18000	18000	18000	18000	100	NaN	0.16757770119973303	0.10550288839649374	0.05398075992037028	0.02045285829651734	41.03663621003179	0.16864240147223125	1.5402183878160167e-8	NaN	0.0128376814091253	0.0820530736387162	0.020308427400375237	0.0000013837103247182358	NaN	17.599996740721743	924.9137692063855	99.63880048688253	100.32180037032234	98.95579646725123	1.3660072080559211	0.0002831872074117806	50.386123044873095	252
DATA	2026-08-09T090000_AIU-1657.ghg	2026-08-09	09:30:00	221.395	1	18000	18000	0.046797077868764456	1	NaN	17.344253270034642	1	NaN	82.7496183858611	1	NaN	-0.8837429884699721	2	NaN	1.8797811576368564	1	NaN	0.01266062174556442	2	NaN	NaN	NaN	NaN	NaN	NaN	NaN	NaN	NaN	NaN	-3.266232753148542e-10	-1.7807876355382427e-11	-1.6153425816256411e-12	NaN	17.08148557596016	436.9665570471205	447.6308787971267	0.1	1	931.3022252003395	23.823918891974923	24.40534997019511	0.1	1	0.08447790801704014	2.0877144406103816	2.138665842171308	0	1	NaN	NaN	NaN	NaN	9	304.25976216464574	297.3037932709925	97749.48464247881	1.1351193361634284	1018.8473324407788	0.025286923468657074	0.12180981901486829	0.016977432083471706	2329.4004633093477	3002.7008659300727	0.014956517383320643	77.57684056176628	673.300402620725	293.101009094096	-0.6211982892243181	0.46555900696327457	0.28527520145917074	0.8270516574358584	7.52710301495559e-17	-1.9121479444067298e-14	0.8270516574358584	2.2301056932936434	17.84983932258882	143.15016067741118	20.177542934960332	NaN	0.20304327363239655	0.1538889692787494	-41.52749114884314	-0.04823551687291857	0.20959919342659042	0.07386120105252905	0	18.21804045195149	-2.7646579242335307	6.2536637522093494	15.572506969722031	23.749055694975894	33.30838829215832	49.902035244680704	0.046131822149727074	1.0144207553059188	22.041384247594156	1.021739891371057	75.68375154614269	1.093360420108278	-0.8082814890834013	1.093360420108278	1.7192694404016355	1.093360420108278	0.0010084921172326211	1.3081166190013218	NaN	NaN	800000009	800000009	800000009	800000019	800000019	800010019	899999999	899999999	89999	89999	89	89	3	0	0	46	0	0	5	NaN	0	18000	0	0	0	0	0	0	0	NaN	NaN	NaN	NaN	0	0	0	0	0	0	300	0	18000	0	0	20	18000	18000	18000	18000	100	NaN	0.15865693638203496	0.10780867833102417	0.04131232384443964	0.0557547544161033	2.3718557106343328	0.18375027860273352	6.506313220722433e-8	NaN	0.019058478706433894	-0.020937909005500323	0.044536349755935734	0.0000010084921172326211	NaN	17.082869368809114	931.343525256068	99.50730588383144	100.24611956426833	98.76848610814413	1.4776381889184298	0.0002843144116438149	51.00021408815383	092
DATA	2026-08-09T093000_AIU-1657.ghg	2026-08-09	10:00:00	221.416	1	18000	18000	0.0649788148784237	1	NaN	8.875406984779115	1	NaN	34.33116968838908	1	NaN	0.21129718814260148	2	NaN	0.7810277120273331	1	NaN	0.0334845189391981	1	NaN	NaN	NaN	NaN	NaN	NaN	NaN	NaN	NaN	NaN	-4.3728119556977064e-11	-2.517908377019318e-12	-2.1900695466311183e-13	NaN	16.701188817162798	429.79987941623256	440.7066200239811	0.1	0	961.6709717901857	24.748302186055337	25.37632309846718	0.1	1	0.08364586767410721	2.082055883015891	2.1348908058123666	0.3	0	NaN	NaN	NaN	NaN	9	305.1435849745009	298.81347723526335	97738.5076853167	1.1288592845653571	1019.4077786744455	0.02541818274668831	0.050610595739371184	0.01754509429246709	2419.5109575691545	3285.5449098639087	0.015542321821999674	73.64108614997971	866.0339522947543	293.715127125756	-0.4502146193626081	0.49181464851971207	0.22766321962657735	0.704560425767103	-1.1551015897040104e-14	-2.618263887421016e-15	0.704560425767103	2.062059857941085	28.528539850896323	132.47146014910368	18.852200524415775	NaN	0.23991974349638062	0.15491031488445495	-133.9016617893625	-0.014959485739251158	0.2585232913803344	0.032146562224434024	0	21.492030646584503	-3.2614985674041	7.3775186398557375	18.37106454561449	28.017032576584775	39.294286553564035	58.8700016137429	0.06397918816591225	1.0156242481526836	10.810853997185434	1.0222284094247789	31.409442589750572	1.093020660595611	0.193314907723209	1.093020660595611	0.714558965062686	1.093020660595611	0.022008052445390905	1.3098121359513586	NaN	NaN	800000009	800000009	800000009	800000019	800000019	800010019	899999999	899999999	89999	89999	89	89	5	3	1	28	3	0	0	NaN	0	18000	0	0	0	0	0	0	0	NaN	NaN	NaN	NaN	0	9	0	0	0	0	300	0	18000	0	0	20	18000	18000	18000	18000	100	NaN	0.17491131696455117	0.09675049465166419	0.03815881815269449	0.14658190905798568	17.285256731607376	0.2512396164428378	4.0628770638282296e-7	NaN	0.009394469259755938	0.005038439933726615	0.01862382196477627	0.000022008052445390905	NaN	16.702712860999647	961.7165916973134	99.3504035123189	100.1597611969842	98.54104640791152	1.6187132141590086	0.0002864171856021535	51.59337029763466	167
DATA	2026-08-09T100000_AIU-1657.ghg	2026-08-09	10:30:00	221.437	1	18000	18000	0.07576545105777407	1	NaN	10.558029268956044	1	NaN	37.464484315543785	1	NaN	1.1005615032114193	1	NaN	0.8536893701865276	1	NaN	0.05797727394156909	1	NaN	NaN	NaN	NaN	NaN	NaN	NaN	NaN	NaN	NaN	1.7561460846242364e-10	1.0497145157326968e-11	9.030407003670926e-13	NaN	16.064150039199642	415.8417737846483	426.4415874047794	0.1	1	960.21462147689	24.856425670486242	25.49001636766868	0.1	1	0.08260463881229381	2.071696019501298	2.1245035849472202	1.3	0	NaN	NaN	NaN	NaN	9	306.9842376319037	300.4764636301756	97715.34507547448	1.1222992521848993	1019.5056556057115	0.025565701238548785	0.05531907118808698	0.017520066986516196	2429.505726165208	3623.738553824328	0.015610869340247725	67.04417799681545	1194.2328276591197	293.7820030984218	-0.3055233683557381	0.25029427264836884	0.16110895593055435	0.426553451765505	2.5035449413242973e-14	1.0932082185107207e-14	0.426553451765505	2.954126222525859	20.325403563272573	140.67459643672743	22.191246914357105	NaN	0.2598251997102261	0.2458725271768755	-142.9511006467897	-0.014012483925880035	0.2818143492922865	0.035514301635101136	0	19.47603690030724	-2.9555637386528746	6.68549322422305	16.647823412869293	25.388981119166193	35.608407017141495	53.34788241299167	0.07419653566703946	1.0211453995342208	12.639885676029387	1.0253392097242615	34.20997063370968	1.0951334836466415	1.0049564912824172	1.0951334836466415	0.7795299686608624	1.0951334836466415	0.040217949713616474	1.3176875144749	NaN	NaN	800000009	800000009	800000009	800000019	800000019	800110019	899999999	899999999	89999	89999	89	89	2	0	0	31	8	2	4	NaN	0	18000	0	0	0	0	0	0	0	NaN	NaN	NaN	NaN	0	20	0	0	0	0	0	0	3	0	0	0	18000	18000	18000	18000	100	NaN	0.2391619404043325	0.1953341496489615	0.05724896430045694	0.4340519927868846	35.74553078267927	0.5293200317952763	7.765794131430525e-7	NaN	0.011047012184911852	0.026347497703364635	0.0204373664304479	0.00004021794971361648	NaN	16.065468163526816	960.289199824866	99.22382463667128	100.08301784684923	98.36463614675733	1.7183786511156263	0.00028734892577631405	50.60637522427068	225
DATA	2026-08-09T103000_AIU-1657.ghg	2026-08-09	11:00:00	221.458	1	18000	18000	0.05324659891998398	0	NaN	-1.702622381782962	2	NaN	125.06710193484267	0	NaN	6.8358287514285045	1	NaN	2.853006256867619	0	NaN	0.046242015457915085	1	NaN	NaN	NaN	NaN	NaN	NaN	NaN	NaN	NaN	NaN	2.768138606269604e-10	1.6494267319339774e-11	1.4313278401573677e-12	NaN	15.727357888222945	408.9618823248545	419.1765684336254	0.1	0	937.1324277177863	24.368456822243182	24.977110460032893	0.4	0	0.08132181367850053	2.0495237234104096	2.100714903840489	-1	0	NaN	NaN	NaN	NaN	9	307.73623229641385	301.6104349685927	97717.98054290254	1.1183181407873082	1019.2533135292534	0.02566149179912633	0.1848748054450217	0.017112005915243932	2381.8751310705757	3871.376928502826	0.01530155444245668	61.52527059646749	1489.5017974322504	293.4611111078871	-0.2115070814059533	0.4260788309135142	0.15181988614100364	0.49932724086046926	9.817062480555293e-15	1.7600786005782053e-14	0.49932724086046926	3.1714935374818998	44.600030972213176	116.3999690277868	17.700951142276207	NaN	0.21820427327200084	0.20830880369734808	525.0246751063969	0.003815249253940435	-0.013613671024935018	-0.006845537987027777	0	15.519220651981021	-2.3551016074745856	5.327246248563268	13.265596396331462	20.230871513244278	28.37408495338446	42.50954969540517	0.05224863665032207	1.0191002547366135	5.900991506328005	1.0241030281607115	114.3214071087745	1.0939954737947184	6.248498202389461	1.0939954737947184	2.6078775691561664	1.0939954737947184	0.02968256320383375	1.3147617026768255	NaN	NaN	800000009	800000009	800000009	800000019	800000019	801001019	899999999	899999999	89999	89999	89	89	3	4	0	50	15	2	1	NaN	0	18000	0	0	0	0	0	0	0	NaN	NaN	NaN	NaN	0	0	0	0	0	0	300	0	0	0	0	20	18000	18000	18000	18000	100	NaN	0.1996662338635967	0.14571393430454876	0.07123743922655075	0.11890262636244082	4.095176000061915	0.415429289938204	2.159058129876358e-7	NaN	0.005176991926257711	0.16435186090271842	0.06859400733017271	0.00002968256320383375	NaN	15.728520157337162	937.1907896324626	99.10149425421821	100.00134303622775	98.20164434602528	1.7996996177103783	0.00028837846701208026	51.10667096198134	246
DATA	2026-08-09T110000_AIU-1657.ghg	2026-08-09	11:30:00	221.479	1	18000	18000	0.07409681115519141	0	NaN	-6.194170953716826	2	NaN	216.95125862731183	1	NaN	1.7765971074790738	1	NaN	4.952361196990986	1	NaN	0.09127769423324857	0	NaN	NaN	NaN	NaN	NaN	NaN	NaN	NaN	NaN	NaN	-6.781950827008196e-12	-3.774833560415616e-13	-3.5103447448327406e-14	NaN	15.527797668499536	404.6691516074579	413.9939019705192	0.2	0	864.2771564336582	22.523883368034053	23.042898936132904	0.3	0	0.08037204092865588	2.0302728980424587	2.0770562712448206	1.1	0	NaN	NaN	NaN	NaN	9	308.3918976330227	302.296799021403	97728.41030230034	1.1166836570534409	1018.2213208828563	0.025717143861131508	0.3209130055650159	0.015782482978590417	2201.8137702448803	4028.31318011719	0.014133351803710618	54.6584555816692	1826.4994098723096	292.19487560432276	-1.08935534735018	-0.046229488466284975	0.5993456498192286	1.2442055482764671	-3.380920755909118e-14	-4.3676192669398307e-16	1.2442055482764671	4.57789280823845	338.56996996558325	182.4300300344167	28.797112700730953	NaN	0.2575933688469789	1.0254096654907847	237.37114352844733	0.00843868370107903	-0.028550979574437217	-0.021148334044877554	0	13.387490258583334	-2.0316032960079937	4.595492187206681	11.44342531836584	17.451945647260075	24.476601913715413	36.67040988758388	0.07318746880038432	1.0124248367884847	7.014781453102379	1.021690098221792	197.75181909187228	1.0970885609225158	1.619374379389368	1.0970885609225158	4.51409427952349	1.0970885609225158	0.0613898819061054	1.3054808220266645	NaN	NaN	800000009	800000009	800000009	800000009	800000019	800011119	899999999	899999999	89999	89999	89	89	9	22	1	45	15	11	3	NaN	0	18000	0	0	0	0	0	0	0	NaN	NaN	NaN	NaN	0	0	0	0	0	0	0	0	0	0	0	0	18000	18000	18000	18000	100	NaN	0.765107566687705	1.1420709016336248	0.14364086266023987	0.03776438395860145	0.48937583408040214	0.8589168623064013	6.125238364326014e-7	NaN	0.0061693839350024085	0.042605584510257	0.11876538727630584	0.0000613898819061054	NaN	15.528772521796533	864.2996274271168	99.04883785671657	99.954787703832	98.14289088312785	1.8118898763126823	0.0002897535563614737	50.82614542453377	200
DATA	2026-08-09T113000_AIU-1657.ghg	2026-08-09	12:00:00	221.499	1	18000	18000	0.19347884823058323	0	NaN	-7.197007344174333	2	NaN	235.95327774586983	0	NaN	1.8734603998946355	0	NaN	5.388451534878862	0	NaN	0.0369476903343708	0	NaN	NaN	NaN	NaN	NaN	NaN	NaN	NaN	NaN	NaN	-5.04479176681095e-10	-2.7411986938195316e-11	-2.609947119148122e-12	NaN	15.489194807247271	404.14260604658347	413.21683891593966	0.2	0	841.6395073682652	21.959978429635573	22.453046854234152	0.1	1	0.08013408924240736	2.0278176945127995	2.0733483802195405	0	1	NaN	NaN	NaN	NaN	9	308.759548523797	302.7403354519774	97734.85185050318	1.1153609496309798	1017.9134068842521	0.025753179150440196	0.3491716594601502	0.01536582399285867	2146.830948708416	4132.645193732038	0.013776548298505963	51.94810703721926	1985.8142450236219	291.7901176553607	-1.0603932571831836	-0.44104929968398693	0.6857008651531284	1.3375888834403615	-5.911665259237692e-14	-3.256974832836716e-14	1.3375888834403615	4.582471794415662	318.41611169777843	202.58388830222154	30.839804440733637	NaN	0.41649426829674513	0.7118321467711317	863.5046678219511	0.002319732683150968	-0.03050183245144731	-0.01522006990448077	0	18.442704997012555	-2.798751635707909	6.330783820394536	15.76454684377106	24.041928619888633	33.71914673361153	50.51742623996563	0.1911417975010133	1.0122267905823035	7.1789402617053835	1.0218806843589028	214.84177273524185	1.0982653640483806	1.7058358218534388	1.0982653640483806	4.906329300066582	1.0982653640483806	0.01828898356442392	1.3052858702460024	NaN	NaN	800000009	800000009	800000009	800000019	800000019	800001119	899999999	899999999	89999	89999	89	89	20	6	2	24	15	12	5	NaN	0	18000	0	0	0	0	0	0	0	NaN	NaN	NaN	NaN	0	0	0	0	0	0	300	0	0	0	0	20	18000	18000	18000	18000	100	NaN	0.602082660869857	0.6529989051973847	0.16858272747502173	0.03655819517673707	0.27011776692710626	0.6497587051172529	3.206664602846857e-7	NaN	0.006323158523070237	0.04491734401413795	0.1291913783228488	0.00001828898356442392	NaN	15.490231979051572	841.6632086758439	99.05312826389738	99.95426210339863	98.15199245113797	1.8022637037767297	0.00029005325567494657	49.98028387641905	072
DATA	2026-08-09T120000_AIU-1657.ghg	2026-08-09	12:30:00	221.52	1	18000	18000	0.1331339963402412	1	NaN	29.77963483672541	1	NaN	99.87628732435081	1	NaN	0.48391219298860544	0	NaN	2.2823086703728075	1	NaN	0.048677225614484634	0	NaN	NaN	NaN	NaN	NaN	NaN	NaN	NaN	NaN	NaN	4.238523146422145e-11	2.3463178361490347e-12	2.1997284545287952e-13	NaN	15.425991108088938	402.8346013446798	412.0225819379424	0.1	1	853.9360722316235	22.299701511618714	22.808320245065076	0.1	0	0.08005852606565378	2.0321088182638984	2.0784578069636823	1.3	0	NaN	NaN	NaN	NaN	9	309.4743335973246	303.38706954252973	97721.50648945091	1.1126871958007842	1018.1229876689149	0.025811719311233525	0.14789360184015793	0.015568146518219842	2179.7449626964267	4288.983777608453	0.013991485277239738	50.82194467781031	2109.2388149120266	292.03349178369035	-0.11860214163581195	-0.46062664993870217	0.08425901625113333	0.4830558564533836	-3.2810539040153795e-14	2.7476504535255356e-15	0.4830558564533836	3.2941242804295094	265.4388895013943	255.5611104986057	10.045439140227558	NaN	0.34590587561582	0.5230506689396321	-119.5459319355746	-0.016755902669105507	0.29816521653448413	0.07599553824181532	0	17.298874534927272	-2.6251709501603018	5.938143837061455	14.786817768573213	22.550830089214134	31.62785984290455	47.38429739532059	0.13058688579624703	1.0195051021277006	35.364156868453186	1.02434274943239	91.27787147331621	1.0942004421471228	0.44225187118279385	1.0942004421471228	2.085823202460318	1.0942004421471228	0.025140194249686366	1.3153424682084696	NaN	NaN	800000009	800000009	800000009	800000019	800000019	800010019	899999999	899999999	89999	89999	89	89	26	7	1	56	22	11	5	NaN	0	18000	0	0	0	0	0	0	0	NaN	NaN	NaN	NaN	0	0	0	0	0	0	300	0	0	0	0	20	18000	18000	18000	18000	100	NaN	0.6615924518581395	0.2480418300669612	0.13646705595416356	0.0723103151590509	0.13961940798948203	0.32815967724635564	3.410804208319215e-7	NaN	0.031216914480477077	0.01167571598539694	0.05506698986381873	0.000025140194249686367	NaN	15.427008707792643	853.9765982567187	99.02101732805042	99.93744928805033	98.10458598878648	1.832863628470235	0.0002905743847885686	51.27550652662914	038
DATA	2026-08-09T123000_AIU-1657.ghg	2026-08-09	13:00:00	221.541	1	18000	18000	0.34492297575175523	1	NaN	-45.69188595248613	1	NaN	55.65311886790963	0	NaN	4.586459661978121	0	NaN	1.2727353061586215	0	NaN	0.030760469044854757	0	NaN	NaN	NaN	NaN	NaN	NaN	NaN	NaN	NaN	NaN	2.0851658421368628e-10	1.220046316482371e-11	1.0942608228905865e-12	NaN	15.319886712792016	401.7436401596542	411.4144824714857	0.1	1	896.3781669142799	23.506324458332166	24.072172761685366	0.1	1	0.08039625195351742	2.0490264825407865	2.0983510020217766	0	1	NaN	NaN	NaN	NaN	9	309.72661900160045	304.18091982354065	97700.54405403647	1.1090347009630277	1018.8282533246669	0.02588481151153256	0.08247324783907867	0.016364190011893685	2297.1967217480856	4487.893269211305	0.014755345344635185	51.18652748512871	2190.6965474632193	292.8764786629235	0.5118135104262018	-0.05146719266493077	0.11651839426046959	0.5274262769114445	4.6629834049571884e-14	1.3610843743353281e-14	0.5274262769114445	5.382948401413227	166.74227355691664	354.2577264430834	12.763005827609677	NaN	0.557684397838234	0.9880049512380538	326.54352941028435	0.006134251086271603	-0.8210121352036698	-0.07251109682802968	0	17.59697726825035	-2.670409190029784	6.0404728588206185	15.041631501400857	22.93943710955676	32.17288671440956	48.20084696573448	0.34049564324818116	1.0130026113149033	-41.70877938860471	1.0211222578007546	50.53915163287848	1.1011882287257122	4.165009707092076	1.1011882287257122	1.1557836098842271	1.1011882287257122	0.030490652537932834	1.3871039415659157	NaN	NaN	800000009	800000009	800000009	800000009	800001019	810001019	899999999	899999999	89999	89999	89	89	14	2	0	22	20	4	2	NaN	0	18000	0	0	0	0	0	0	0	NaN	NaN	NaN	NaN	0	0	0	0	0	0	0	0	0	0	0	0	18000	18000	18000	18000	100	NaN	0.5685080851953855	1.067611828467499	0.3398899888132232	0.19583564414557947	0.3541562157945488	0.2361358277165115	2.243613226315893e-7	NaN	-0.036913171908573	0.11040643688776688	0.030637611711519915	0.000030490652537932835	NaN	15.320884436062624	896.4251623377813	98.89034981324937	99.84643353568181	97.93425981055366	1.9121750326885139	0.0002916498121016452	50.98515614874866	130
DATA	2026-08-09T130000_AIU-1657.ghg	2026-08-09	13:30:00	221.562	1	18000	18000	0.5351122326043686	1	NaN	-8.043983559272686	2	NaN	103.52637311011468	1	NaN	-0.7054582018239637	2	NaN	2.3679219737239783	1	NaN	0.0619545474760353	1	NaN	NaN	NaN	NaN	NaN	NaN	NaN	NaN	NaN	NaN	1.5099868946728284e-9	8.757306482053666e-11	7.882501221193404e-12	NaN	15.283205523466677	401.19593100158653	410.7532233524286	0.1	1	886.3634199038027	23.267723312890094	23.822007184824265	0.3	0	0.07978207402162804	2.0346586555249497	2.08312830863553	0	0	NaN	NaN	NaN	NaN	9	309.83943944464784	304.3407603308036	97686.86638506356	1.108397944242216	1018.6972008359471	0.025902039598817407	0.1534413438973138	0.016187311415483283	2273.560673389702	4528.898368367867	0.014604241644051535	50.20118555252659	2255.337694978165	292.70992174224267	-0.5834482131182737	-1.0799032389396062	0.5589344673398369	1.3487069962165459	6.547913345124592e-14	9.880040495132458e-14	1.3487069962165459	6.102012592894	279.38138733456276	241.61861266543718	24.482951125686476	NaN	0.6948236362525362	1.3689930175975409	3586.802892876682	0.000558463918934078	-0.07769984901061676	-0.010253113528523077	0	21.40880445837462	-3.248868672254561	7.348949782638882	18.299924051696937	27.908538834665055	39.14212253788505	58.64203219034176	0.5294864784144134	1.01062492512897	-1.6853456354445016	1.0216884976579796	93.45419382677694	1.1077766429830544	-0.6368235025467629	1.1077766429830544	2.1375445932381876	1.1077766429830544	0.04250777040752148	1.3753492362175581	NaN	NaN	800000009	800000009	800000009	800000019	800000019	810011019	899999999	899999999	89999	89999	89	89	30	1	0	49	44	18	5	NaN	0	18000	0	0	0	0	0	0	0	NaN	NaN	NaN	NaN	0	0	0	0	0	0	300	0	0	0	0	15	18000	18000	18000	18000	100	NaN	1.9500334500655796	0.46478730515508676	0.32316527997441563	0.09220371799266126	0.21520476264713517	0.22340131281167003	3.3195628126330615e-7	NaN	-0.0014926162184107368	-0.01688808016081193	0.056686074388823046	0.00004250777040752148	NaN	15.284239812058619	886.4146924471138	98.8051288655599	99.78038743718466	97.82986810429891	1.9505140561395202	0.0002912026732196359	49.931422248416474	016
DATA	2026-08-09T133000_AIU-1657.ghg	2026-08-09	14:00:00	221.583	1	18000	18000	0.1829169657278161	0	NaN	11.454821796387014	1	NaN	165.95391116858923	1	NaN	-1.3301493065429135	2	NaN	3.7958507203733416	1	NaN	0.11003262612000335	1	NaN	NaN	NaN	NaN	NaN	NaN	NaN	NaN	NaN	NaN	-4.996056770520976e-10	-2.8762660403124297e-11	-2.605192849321129e-12	NaN	15.288869885992172	401.1513729802147	410.63480932605654	0.1	1	880.1913042162863	23.094574864235973	23.640543158030304	0.3	0	0.07972378283650794	2.0331779916376713	2.081243423696939	0.7	0	NaN	NaN	NaN	NaN	9	310.0707047585381	304.3531215872645	97665.20579752196	1.1081803608823042	1018.5993246083914	0.025908836542283927	0.24597112668019253	0.016062637374890932	2256.1414306862252	4532.083009001396	0.01449460569947502	49.78155577038616	2275.941578315171	292.5861988581438	-0.5975658480846937	-1.1791951689790832	0.48488771176743556	1.4080846147741521	1.108606546069208e-15	-3.267773751608951e-14	1.4080846147741521	5.6973239854477935	277.8739484827148	243.1260515172852	20.142719421155245	NaN	0.4062765628573913	0.6746791665158582	-503.44275866632313	-0.003978803876942115	0.06902411468175819	0.024977716636596346	0	17.698094102704953	-2.685754059769515	6.075182995952804	15.12806465064397	23.07125311575653	32.35776053735285	48.47782164092485	0.18072744340136218	1.0121150517334072	21.38922885720361	1.0220566443576722	150.9761883382121	1.0992058615019777	-1.2101002670467658	1.0992058615019777	3.453266447457451	1.0992058615019777	0.07414156507540401	1.3052040854430809	NaN	NaN	800000009	800000009	800000009	800000019	800001019	800011019	899999999	899999999	89999	89999	89	89	20	5	0	17	43	9	11	NaN	0	18000	0	0	0	0	0	0	0	NaN	NaN	NaN	NaN	0	0	0	0	0	0	300	0	0	0	0	20	17882	17882	17882	17882	100	NaN	0.8635617493741427	0.30797525301551243	0.17782133064206146	0.03211343129424997	0.32271382182782876	0.605348766926517	5.501932802254582e-7	NaN	0.018948781768152068	-0.032093678700440095	0.09158581883647046	0.00007414156507540401	NaN	15.289890596062431	880.2432130802042	98.85871083831788	99.81653215429517	97.90088999769424	1.915634543528159	0.00029132991394564866	50.007957357423976	050
DATA	2026-08-09T140000_AIU-1657.ghg	2026-08-09	14:30:00	221.604	1	18000	18000	0.07315320716587816	0	NaN	-9.521219160958642	1	NaN	108.9650575164836	0	NaN	2.9253814046735283	0	NaN	2.4926220490151505	0	NaN	0.16932203884982022	0	NaN	NaN	NaN	NaN	NaN	NaN	NaN	NaN	NaN	NaN	-3.8734079067737576e-11	-2.195329407228451e-12	-2.01532783712338e-13	NaN	15.318464380341409	401.5681573967006	410.92056893022783	0.1	1	868.203817855977	22.759657804122206	23.289723951613396	0.2	0	0.07970172114766683	2.0333863684339906	2.080743375641792	0.5	0	NaN	NaN	NaN	NaN	9	310.4913052274916	304.46519318144203	97649.55133695269	1.1077363894292696	1018.412632740657	0.0259225319671551	0.16152190877618175	0.015821334165081694	2223.066527305923	4561.044984992609	0.014282580509279106	48.74028944289233	2337.978457686686	292.3489569632672	-0.3072776390803214	-0.9670905210823396	0.25476018886470586	1.0462248215734806	-1.2271754186649259e-14	-2.5285875989923666e-15	1.0462248215734806	3.4539546457929635	268.62682727774643	252.37317272225357	14.09345668109737	NaN	0.2569794967211935	0.26779097384072886	153.2505902036248	0.013070749008786664	-0.08737864576007155	-0.032842324454336436	0	16.28625156175134	-2.471501507256421	5.59054313880269	13.92124288146763	21.230773771884397	29.776462088406166	44.61056619023998	0.07236602667972344	1.0108777629817733	-2.7896721565944684	1.0211216505393843	98.60529531506471	1.105062939757112	2.6472532010860075	1.105062939757112	2.2556380811784513	1.105062939757112	0.12137742874748486	1.3815782304975057	NaN	NaN	800000009	800000009	800000009	800000019	800001019	800001119	899999999	899999999	89999	89999	89	89	8	3	0	16	20	2	6	NaN	0	18000	0	0	0	0	0	0	0	NaN	NaN	NaN	NaN	0	0	0	0	0	0	300	0	0	0	0	15	18000	18000	18000	18000	100	NaN	0.2936830154635036	0.15431979386442882	0.08757913835352527	0.018365206934136406	1.2357838426446424	0.452019712832623	0.000007185271086070378	NaN	-0.002472822634811543	0.07022216692881615	0.05983401731369239	0.00012137742874748486	NaN	15.319480065644013	868.2469785172931	98.89188481733534	99.84347789722018	97.94028970845541	1.9031902241441931	0.00029142747768168595	48.41817816999928	152
DATA	2026-08-09T143000_AIU-1657.ghg	2026-08-09	15:00:00	221.624	1	18000	18000	0.11167962504990796	1	NaN	-19.69879123324746	0	NaN	54.42358635297814	1	NaN	-0.6158023346739105	2	NaN	1.2454000752297252	1	NaN	0.07489107445426255	0	NaN	NaN	NaN	NaN	NaN	NaN	NaN	NaN	NaN	NaN	-2.0374546398698016e-10	-1.2212566688908465e-11	-1.0573437644068813e-12	NaN	15.279273376819166	401.5414293249406	411.44428370884964	0.1	1	915.8444140105709	24.06851857228994	24.662098754186733	0.1	1	0.07929229006384256	2.0273482096499786	2.07734687140549	0.4	0	NaN	NaN	NaN	NaN	9	310.53796815321186	304.82467837576144	97623.8043694827	1.1055860858669813	1019.1645816075578	0.025959983759947684	0.08070192487488619	0.016707048668228575	2350.290620079797	4655.032158123561	0.015111486008913724	50.489245621606976	2304.741538043764	293.2452089364876	0.30919616671058675	-0.11680692518517558	0.07991797688340799	0.34004854110680993	4.120663323590618e-16	-1.3334761343827452e-14	0.34004854110680993	3.923311941521188	181.69536712759088	339.30463287240906	13.592761621630842	NaN	0.3178269289091382	0.38068030476104336	140.1372869950566	0.014293840297269777	-0.3619531999505856	-0.05500624506063053	0	16.641923210347624	-2.5254760521209088	5.712633706247711	14.22526565720501	21.69442768756841	30.426743297694404	45.58480593850469	0.10993369254815256	1.0158816870541363	-16.104018268275404	1.02277825858975	49.282309687157536	1.1043229649433488	-0.5576288406766049	1.1043229649433488	1.1277498655419282	1.1043229649433488	0.05614058798574494	1.4015679940176935	NaN	NaN	800000009	800000009	800000009	800000019	800000019	811101019	899999999	899999999	89999	89999	89	89	6	6	0	4	5	1	0	NaN	0	18000	0	0	0	0	0	0	0	NaN	NaN	NaN	NaN	0	0	0	0	0	0	300	0	0	0	0	20	18000	18000	18000	18000	100	NaN	0.20235309671376236	0.4320877753897684	0.12691973741855603	0.1730120718121362	4.389220745364295	0.7680457193778907	7.375921852178244e-7	NaN	-0.014292143488074623	-0.014833143195152448	0.0299985833293704	0.00005614058798574494	NaN	15.28030712616842	915.8707459455748	98.83935043589273	99.81475681262548	97.8639467332628	1.9508059076468187	0.00029187491321257155	48.70977409786649	246
DATA	2026-08-09T150000_AIU-1657.ghg	2026-08-09	15:30:00	221.645	1	18000	18000	0.26476086201754406	1	NaN	-29.128548161670412	2	NaN	17.745610018688534	2	NaN	-0.022558296374586246	2	NaN	0.4060593696492797	2	NaN	0.1306064909134232	0	NaN	NaN	NaN	NaN	NaN	NaN	NaN	NaN	NaN	NaN	-4.0247928139551717e-10	-2.3025528415476776e-11	-2.0910475906194204e-12	NaN	15.28863162269882	402.1722138872609	411.643286705759	0.2	0	874.6507910708306	23.007961320812157	23.549794071932265	0.1	0	0.07943081245738956	2.029551058451816	2.077346567936828	-0.1	0	NaN	NaN	NaN	NaN	9	309.8043148642646	304.770186470286	97598.78017633298	1.1059477207734907	1018.5615644699777	0.025961997944400548	0.026312647153273323	0.015969628801014973	2246.151303992748	4640.6780420611185	0.014439768264856087	48.40136039679104	2394.5267380683704	292.51486413676804	0.5208925237994296	-0.869954802080291	0.13530616453234437	1.0229653646009593	-8.971708193696694e-14	-2.6325395975789078e-14	1.0229653646009593	5.732039768308889	220.08859053927176	300.91140946072824	7.600703953708321	NaN	0.48928240025415226	1.1997965105417574	345.63709551682666	0.005795384887738368	-1.6414509352450606	-0.052849071628901845	0	16.852163912680417	-2.557380889813731	5.784802535979165	14.404976247431852	21.96849767672125	30.811130354391636	46.16068779392968	0.2618893467992475	1.0109646125487408	-27.6616806452253	1.0212261906121296	16.051216045166502	1.1055617199814756	-0.020404375411048264	1.1055617199814756	0.36728783414831284	1.1055617199814756	0.10175996520260897	1.3845997606883846	NaN	NaN	800000009	800000009	800000009	800000019	800000019	800000019	899999999	899999999	89999	89999	89	89	4	5	0	16	4	6	4	NaN	0	18000	0	0	0	0	0	0	0	NaN	NaN	NaN	NaN	0	0	0	0	0	0	300	0	0	0	0	20	18000	18000	18000	18000	100	NaN	0.6878987965799453	1.420195560727359	0.29149866377621025	0.2850294450912442	0.43608859332476735	0.46058725975114895	5.995087723822439e-7	NaN	-0.024555946648804054	-0.0005422170067668784	0.009760147323399821	0.00010175996520260896	NaN	15.289691289892936	874.6888504202121	98.79691349114312	99.78286868053013	97.81095887925889	1.97191327869561	0.0002920418261864042	51.04376616208557	054
DATA	2026-08-09T153000_AIU-1657.ghg	2026-08-09	16:00:00	221.666	1	18000	18000	0.279968870728904	1	NaN	-28.939214917720275	2	NaN	331.36827030208093	1	NaN	4.791825580402858	2	NaN	7.579502457011214	1	NaN	0.15392624887732415	1	NaN	NaN	NaN	NaN	NaN	NaN	NaN	NaN	NaN	NaN	7.841248478981058e-10	4.590728398880782e-11	4.07192050100145e-12	NaN	15.31166743876804	401.80712073204944	411.4870043509879	0.2	0	896.435137003907	23.524153901788306	24.090871265055643	0.3	0	0.07951271116527331	2.028499555721595	2.0773678773797064	0.8	0	NaN	NaN	NaN	NaN	9	310.22997051832414	304.3723203599717	97568.21179926215	1.106828562683202	1018.8431802219653	0.025936228868057843	0.4911517592143267	0.016344136332611687	2295.825295974654	4537.033061341176	0.014766637656142353	50.601908007608685	2241.207765366522	292.86685573063414	0.44364955146023205	-0.0697215626681498	0.05068897178731646	0.45194622763399583	-1.1473758717408356e-13	5.121093773972376e-14	0.45194622763399583	5.213170176352765	169.93124605456308	351.0687539454369	6.439677096594971	NaN	0.5029382818290353	0.7881107289326303	377.794073872432	0.0053020948144262775	-0.08733248627377267	-0.05102515710524716	0	18.88738869141567	-2.8662341019342543	6.483429342739361	16.144655777477617	24.621618727223744	34.5321703515706	51.73548377196885	0.27615746569570676	1.013801564348787	-8.37616987696126	1.021103623826912	301.4340416760671	1.099306065298963	4.358954918619222	1.099306065298963	6.894806365823081	1.099306065298963	0.10376212727996557	1.3808037025448632	NaN	NaN	800000009	800000009	800000009	800000009	800000019	800001019	899999999	899999999	89999	89999	89	89	17	3	0	27	15	13	3	NaN	0	18000	0	0	0	0	0	0	0	NaN	NaN	NaN	NaN	0	0	0	0	0	0	0	0	0	0	0	0	18000	18000	18000	18000	100	NaN	0.6200250175879503	0.724587052186041	0.23160938809126952	0.08203216116303425	1.058679625929625	0.9936637069848513	5.910267451425376e-7	NaN	-0.007427758515827408	0.11577919046894947	0.18313451604313077	0.00010376212727996558	NaN	15.31274522205288	896.5048585045867	98.86388161744011	99.83108616871304	97.89667668702867	1.9344088314109387	0.00029170099654745875	48.312448282453765	040
DATA	2026-08-09T160000_AIU-1657.ghg	2026-08-09	16:30:00	221.687	1	18000	18000	0.09306865489051011	0	NaN	-90.58602617021408	1	NaN	357.0335683368794	1	NaN	22.93713422029234	1	NaN	8.157673364279542	1	NaN	0.15221973021732507	0	NaN	NaN	NaN	NaN	NaN	NaN	NaN	NaN	NaN	NaN	-5.225101174142359e-10	-3.185117220964061e-11	-2.70347171031508e-12	NaN	15.49511049865825	404.34705877067097	414.5653434493581	0.1	1	944.5509597834393	24.648188374037073	25.271074580716924	0.3	0	0.08017183109991097	2.036017181719869	2.0874695237667327	0.4	0	NaN	NaN	NaN	NaN	9	309.88404203118216	303.2579353701264	97581.97527762498	1.1105760757904246	1019.452941138915	0.025837624904538576	0.5286172340053144	0.017190448570692997	2405.8640830644135	4257.363125070027	0.015478857275453306	56.51066193760112	1851.4990420056138	293.62342268452517	0.15775427696613367	-0.42606057954294957	0.10598111304860015	0.4665254823315078	2.053970569045375e-13	-3.372096749226029e-14	0.4665254823315078	4.705400437024946	230.68229578096134	290.3177042190386	13.130580337808432	NaN	0.2894859975839422	0.5027409857762468	23.021656860307264	0.08700937609115529	-0.2537185133380555	-0.2763873423735595	0	16.206697748699472	-2.459428909205225	5.563234889139691	13.853241478600758	21.12706734188171	29.631012345760023	44.39265597134277	0.09169503741495233	1.0149802815319402	-67.78376409088844	1.0262715138687681	316.84881074005676	1.1268262850757242	20.35551932368256	1.1268262850757242	7.239512844458838	1.1268262850757242	0.10714705038119005	1.4918122094791155	NaN	NaN	800000009	800000009	800000009	800000019	800000019	810001019	899999999	899999999	89999	89999	89	89	8	2	2	3	11	3	3	NaN	0	18000	0	0	0	0	0	0	0	NaN	NaN	NaN	NaN	0	72	0	0	0	0	300	0	0	0	0	15	18000	18000	18000	18000	100	NaN	0.33250315801970676	0.5604728979745839	0.11250591555820302	0.18865850816567645	18.275823494866977	1.5039821092012133	0.000001475684115599731	NaN	-0.059870127795567565	0.539232953642273	0.1917801178133966	0.00010714705038119005	NaN	15.496181781122814	944.6306127823946	98.9716893058353	99.89510288747152	98.04827307722303	1.8468285473783828	0.0002898118079691711	49.48620973456861	172
DATA	2026-08-09T163000_AIU-1657.ghg	2026-08-09	17:00:00	221.708	1	18000	18000	0.21710199457108226	0	NaN	30.47492290040285	0	NaN	-25.791307774845635	2	NaN	-0.5244514840441963	2	NaN	-0.59080340050997	2	NaN	NaN	NaN	NaN	NaN	NaN	NaN	NaN	NaN	NaN	NaN	NaN	NaN	-3.057505910172822e-10	-1.8020618452202975e-11	NaN	NaN	15.606229097608766	403.9202503398195	413.77073929733297	0.1	1	919.8147389019408	23.806634984004873	24.38721244905695	0.1	1	NaN	NaN	NaN	NaN	0	NaN	NaN	NaN	NaN	9	308.1930956166584	305.879405164689	97070.74764253144	1.0957801155070432	1018.9414436258028	0.026396390871457773	-0.03828406035304606	0.01625205399674488	2294.06184933331	4935.659108922285	0.01483149198160497	46.47934143560058	2641.597259588975	292.8544746852195	-0.14126759149017157	-0.7992505978932752	0.2591428482948292	0.8520053206761556	-1.575679735727811e-14	-1.9591573922500616e-14	0.8520053206761556	4.795434872360484	261.02350803524166	259.97649196475834	17.7074165059874	NaN	0.44511291860472024	0.749689319603511	-247.81678671516542	-0.008082987543141355	-1.1815966513386793	0.06131966512382359	0	16.715454203212097	-2.5366346639724786	5.73787451663856	14.288118843961982	21.79028276317058	30.561181404158013	45.78621871981763	0.21405719567636108	1.0142242305151221	28.484502484130267	1.0216769641181151	-23.586336884644158	1.093485092703692	-0.4796146628276989	1.093485092703692	-0.5402939687537773	1.093485092703692	NaN	1	NaN	NaN	800000009	800000019	800000009	800000019	800001009	800001009	899999999	899999999	89999	89999	89	89	9	2	0	5	16	1	1	NaN	0	18000	0	0	0	0	0	0	0	NaN	NaN	NaN	NaN	0	4624	0	0	0	0	300	150	0	14997	0	15	18000	18000	18000	18000	100	NaN	1.0194577824440358	0.2337132256787655	0.24620763108422064	0.5182999745743564	2.732207779022633	0.668922554719722	NaN	NaN	0.025511500104401206	-0.012966532688012882	-0.014607016736473025	NaN	NaN	15.607458414255952	919.8401513842788	99.24092179870607	100.06784304385715	98.41399538993835	1.653854201482416	0.0002875986180879407	31.875413032695832	166
DATA	2026-08-09T170000_AIU-1657.ghg	2026-08-09	17:30:00	221.729	1	18000	18000	0.0930349152924768	1	NaN	26.918606459298108	1	NaN	44.23935402246366	2	NaN	-7.695445644681694	2	NaN	1.007760570646255	2	NaN	0.08686070268984664	0	NaN	NaN	NaN	NaN	NaN	NaN	NaN	NaN	NaN	NaN	2.751589302650257e-10	1.414774569081711e-11	1.3915819946081144e-12	NaN	15.938941300834115	411.5628658456685	420.46030058903995	0.1	1	819.5266927657666	21.161176764861462	21.618652900302955	0.1	1	0.08060920903418574	2.0159767319090096	2.0595594331312377	0	1	NaN	NaN	NaN	NaN	9	307.5459811833699	300.1652055676339	97552.48778331238	1.1231726561084683	1017.3946475633294	0.025581854197635426	0.06530288497787731	0.01490605055014374	2064.8791712806797	3558.227190051328	0.013271379488341298	58.031122269370705	1493.3480187706482	291.1696230067206	0.3486788297386786	-0.1745444738738816	-0.0448222023733906	0.39249424135067107	-3.5901214950826733e-14	1.726331285570555e-14	0.39249424135067107	3.4126624763049325	187.59200148307116	333.40799851692884	-6.5573903965055855	NaN	0.28780591962676555	0.4471900180108145	-76.06202449105994	-0.026335086574450002	0.6084764810451233	0.08184966015633864	0	14.599228085896563	-2.2154891862172335	5.01144257154332	12.479200587999177	19.031568286943497	26.69204512600238	39.98954752619969	0.09100057928636507	1.022355198418133	29.07518800739948	1.0260924820342405	40.36806398618047	1.0958998191641904	-7.022033866700313	1.0958998191641904	0.9195736261867834	1.0958998191641904	0.05847420447784511	1.3194233389417116	NaN	NaN	800000009	800000009	800000009	800000019	800000019	800001019	899999999	899999999	89999	89999	89	89	11	7	0	10	11	0	3	NaN	0	18000	0	0	0	0	0	0	0	NaN	NaN	NaN	NaN	0	2	0	0	0	0	300	0	0	6003	0	15	18000	18000	18000	18000	100	NaN	0.19762170561325432	0.5523702718580037	0.14438805855037093	0.1392740300883647	32.70642917181813	3.9603786305800877	8.32404654732001e-7	NaN	0.025444068800718537	-0.18352121309358596	0.02403310360079023	0.000058474204477845114	NaN	15.939882431022859	819.4382916767368	99.33772640016343	100.11033886591594	98.56511780103048	1.5452212934427791	0.0002870709080646823	47.991554710269405	187
DATA	2026-08-09T173000_AIU-1657.ghg	2026-08-09	18:00:00	221.749	1	18000	18000	0.40629641540318256	1	NaN	31.418270119153053	1	NaN	-211.4748608746712	1	NaN	-16.954772058040106	1	NaN	-4.813519031036938	1	NaN	0.09494353175974299	1	NaN	NaN	NaN	NaN	NaN	NaN	NaN	NaN	NaN	NaN	1.1595522077084187e-9	5.5196091858955973e-11	5.807448095537541e-12	NaN	16.15827841299832	415.7967123131377	424.19251204551665	0.1	1	769.1536557280322	19.79242795185893	20.192078204928272	0.1	1	0.0809263805225138	2.015202013888881	2.0558931305520542	1.1	0	NaN	NaN	NaN	NaN	9	306.752634666443	299.3491830100003	97640.72288953472	1.127841210539496	1016.6004335917565	0.02548925319163009	-0.31191603321119354	0.013992546392868318	1933.0653582263444	3391.350521753587	0.012406486180953672	56.99986910308528	1458.2851635272427	290.12473446102496	0.3193569633786365	0.11060955718593853	0.17490996722431706	0.3805480795296852	1.9858768001434223e-14	7.176211339294857e-14	0.3805480795296852	5.9544503045645865	141.8964286658017	19.103571334198318	27.36300637343736	NaN	0.6002021070114619	0.6951639636622302	-591.2882908618077	-0.0033876875814342015	-0.14856739940248892	0.04565480620043845	0	17.376429480696217	-2.6369402123896353	5.964765940269481	14.85311056975063	22.651930793834115	31.769655018651495	47.59673240705352	0.3972283287097422	1.0228283987773352	18.14086463947145	1.0263905458522564	-192.9139772841886	1.0962132648540022	-15.466672956469111	1.0962132648540022	-4.391042496350398	1.0962132648540022	0.07679526891582968	1.3201026982531108	NaN	NaN	800000009	800000009	800000009	800000019	800000019	811000019	899999999	899999999	89999	89999	89	89	7	3	0	8	5	0	2	NaN	0	18000	0	0	0	0	0	0	0	NaN	NaN	NaN	NaN	0	1	0	0	0	0	300	0	0	0	0	15	18000	18000	18000	18000	100	NaN	0.6446999607872258	0.33932476696751496	0.4063031995697198	0.1288337704626404	16.486747274167513	1.2809280857184364	0.0000010747400686925542	NaN	0.015821939984754955	-0.40219652404961664	-0.11418499854214646	0.00007679526891582968	NaN	16.159273773122145	769.1834335577202	99.40526080025568	100.14546087816026	98.66504690763685	1.4804249958064786	0.00028634895501050385	46.365702311528956	214
DATA	2026-08-09T180000_AIU-1657.ghg	2026-08-09	18:30:00	221.77	1	18000	18000	0.8252169677158986	1	NaN	68.06070351958955	1	NaN	505.5402851441882	1	NaN	0.48013244278279493	2	NaN	11.568975679510926	1	NaN	NaN	NaN	NaN	NaN	NaN	NaN	NaN	NaN	NaN	NaN	NaN	NaN	9.981941282063972e-10	4.734890573594411e-11	NaN	NaN	15.946433412593802	409.42979530927505	417.53886982790294	0.2	0	756.4121558540085	19.421124845143638	19.805775279501702	0.1	1	NaN	NaN	NaN	NaN	0	NaN	NaN	NaN	NaN	9	306.74645588345004	304.8656934833821	96938.25371098547	1.0997135860611151	1016.4729573730193	0.026308396701868724	0.749669624032308	0.013302546699128262	1871.5369317579928	4662.773090592366	0.012096373881107068	40.13785134717396	2791.236158834374	289.615428535117	-1.7819552708031192	-1.9526346028404005	1.2725067062642657	2.9338404518379186	1.332882727707781e-13	6.259670124217663e-14	2.9338404518379186	7.642206777201275	293.3832721615629	227.61672783843704	25.704771281453944	NaN	0.8662520579139393	2.2187861160643454	-816.4505587172436	-0.00245342474031391	0.13462963391765614	0.07028727967159064	0	21.855595812726854	-3.31667098400959	7.502318796440463	18.681834581427726	28.490976489610997	39.95899963043479	59.8658629294768	0.8143006271125476	1.0134057868063537	96.18190649310102	1.0292052190938192	449.2426145608375	1.1253168527620319	0.42666422492859213	1.1253168527620319	10.280638427404224	1.1253168527620319	NaN	1	NaN	NaN	800000009	800000009	800000009	800000019	800010009	801011119	899999999	899999999	89999	89999	89	89	25	13	3	28	19	18	10	NaN	0	18000	0	0	0	0	0	0	0	NaN	NaN	NaN	NaN	0	2001	0	0	0	0	300	0	0	3000	0	15	18000	18000	18000	18000	100	NaN	1.546417387095979	2.4141327460440625	0.4770220989886494	0.1500881747297732	0.4932771028350934	1.1918708653592514	NaN	NaN	0.08604347898861892	0.011445830440514549	0.2757916820422443	NaN	NaN	15.947652481378368	756.421484292264	99.46196674728394	100.17469947475857	98.74921846983167	1.4255005246599508	0.00028520279213909013	38.71014655236317	162
DATA	2026-08-09T183000_AIU-1657.ghg	2026-08-09	19:00:00	221.791	1	18000	18000	0.1933155898514668	0	NaN	-93.04229707561886	2	NaN	324.7550999834279	1	NaN	8.640851665881364	1	NaN	7.401948548473447	1	NaN	NaN	NaN	NaN	NaN	NaN	NaN	NaN	NaN	NaN	NaN	NaN	NaN	2.009623068899471e-9	1.0888231713063551e-10	NaN	NaN	16.115961035128176	408.7793577099624	418.03800348798666	0.1	1	873.1703011613718	22.147856656028527	22.64949441158789	0.1	1	NaN	NaN	NaN	NaN	0	NaN	NaN	NaN	NaN	9	302.8527188432479	300.7366237944836	96938.25371098547	1.1136828141023771	1017.8778943527564	0.025974446702637693	0.47964626594107934	0.015365269888089728	2132.438586909771	3676.071659636673	0.013796809732108563	58.00862399729531	1543.633072726902	291.6826675507958	-1.1329349929317465	-0.030144174639271715	0.6441043368307556	1.303579980744594	2.515499662026605e-13	1.246976872504884e-13	1.303579980744594	7.108841848188284	339.47588202489476	181.5241179751051	29.610697266301244	NaN	0.41663205473159975	1.6165290504918108	66.47076072819391	0.03013505454211501	-0.2864998796950895	-0.1970019580841491	0	17.725743170867265	-2.689949912533933	6.084674026330358	15.151698658253046	23.10729646857665	32.408311852171565	48.553556722178904	0.1910968840137203	1.011610371614365	-72.63864034316933	1.0238908720530442	290.2784812956743	1.1187708387265405	7.723522429058803	1.1187708387265405	6.616143621421914	1.1187708387265405	NaN	1	NaN	NaN	800000009	800000019	800000009	800000019	800000019	800000019	899999999	899999999	89999	89999	89	89	9	6	0	0	0	0	0	NaN	0	18000	0	0	0	0	0	0	0	NaN	NaN	NaN	NaN	0	17845	0	0	0	0	300	0	0	17997	0	20	18000	18000	18000	18000	100	NaN	1.4167636954736793	1.6300210250035512	0.18627338050639108	1.7548547801916057	2.440679910402452	1.3718034060149502	NaN	NaN	-0.06407822983650208	0.20512657683272584	0.17571605512400057	NaN	NaN	16.11713442104884	873.1984470362517	99.63697998004491	100.23761202430723	99.03635504023234	1.2012528453336908	0.0002817626889979388	0.27683079555109663	154
DATA	2026-08-09T190000_AIU-1657.ghg	2026-08-09	19:30:00	221.812	0	18000	18000	0.4074062761299536	1	NaN	52.94591016752185	0	NaN	207.96919725701406	1	NaN	19.063388739213718	0	NaN	4.7167359186101265	1	NaN	0.09091318906082925	1	NaN	NaN	NaN	NaN	NaN	NaN	NaN	NaN	NaN	NaN	5.335157448269868e-10	3.1336401436759004e-11	2.684904845106025e-12	NaN	16.2112942560613	411.00012883750225	421.1672603988648	0	0	952.1811296911251	24.14036540194	24.7375386234548	0.1	1	0.0815829390520675	2.0016105131055575	2.0511254304826196	-0.6	0	NaN	NaN	NaN	NaN	9	301.0916042989095	295.64405268179	97623.3922361708	1.1398817514087716	1018.9966310567435	0.025178234413838423	0.3056444875259362	0.01727720001515504	2357.2965106253987	2716.4861396551464	0.015157010798534386	86.77741720135019	359.1896290297477	293.29331753018835	-0.020368207489127196	-0.35476839880065897	0.23775904543911053	0.42755683172183656	-6.7643671371975105e-15	3.291012650809843e-14	0.42755683172183656	2.8479499591942234	254.2858975529382	266.71410244706175	33.78565755785479	NaN	0.5978386065999334	0.5214510519683148	-346.941195627541	-0.00577360090195351	0.25458534660827603	0.07624579766151461	0	17.87464992316794	-2.7125470866814876	6.135788895779569	15.278981910486277	23.301411459322974	32.68056088675002	48.961435386246926	0.3989826984906474	1.021112638896806	64.27984131815883	1.0253189597405965	189.90651262704807	1.0951135607731304	17.407682109018275	1.0951135607731304	4.307074706736529	1.0951135607731304	0.047169749121871184	1.3176406441952984	NaN	NaN	800000009	800000009	800000009	800000019	800000019	800000019	899999999	899999999	89999	89999	89	89	9	6	0	1	11	0	5	NaN	0	18000	0	0	0	0	0	0	0	NaN	NaN	NaN	NaN	0	41	0	0	0	0	300	0	0	6003	0	15	18000	18000	18000	18000	100	NaN	0.48807455485225576	0.17922319474756948	0.3756043543368042	0.12320643100227616	4.211297671244744	0.28940208984870963	0.0000013555604594204422	NaN	0.05534039400026515	0.44914001313629137	0.1111279249154286	0.000047169749121871186	NaN	16.212441980361938	952.2258544121598	99.521043416765	100.11805456966825	98.92403282080757	1.1940197486082729	0.00028185000380391204	46.85105275177794	158
DATA	2026-08-09T193000_AIU-1657.ghg	2026-08-09	20:00:00	221.833	0	18000	18000	0.2002462107736626	1	NaN	19.456359531040988	1	NaN	186.7094658681408	1	NaN	6.441095401837353	1	NaN	4.234324682708554	1	NaN	0.1373112869374864	1	NaN	NaN	NaN	NaN	NaN	NaN	NaN	NaN	NaN	NaN	3.71055297709608e-10	2.1435710860284033e-11	1.8601584165094126e-12	NaN	16.226450048305363	411.33774435552544	421.3502098058065	0	0	937.395298413251	23.76281111832287	24.34122710029539	0.1	1	0.0813457396073804	1.994963940863051	2.043523811204499	0.1	0	NaN	NaN	NaN	NaN	9	301.9203406507704	295.585270565306	97610.32121341601	1.1401200287556321	1018.7786723482934	0.025176599246168496	0.2743842394395143	0.017008089913261876	2320.1178063410753	2706.802377512806	0.01491780644519079	85.71434049326339	386.68457117173057	293.0365691601921	-0.3649852626565873	-1.0079931876928734	0.3371665652900775	1.1238086141071173	-3.561313660295616e-15	2.2867312111089866e-14	1.1238086141071173	4.0629555247775295	270.9048657572919	250.09513424270816	17.45888480324498	NaN	0.41908958280485725	0.45733147070567803	-325.17981282726447	-0.006159976483731008	0.1042066048476706	0.03996909339015921	0	20.327391859548214	-3.0847601382661463	6.977735831923409	17.37554882721633	26.498808292760046	37.16495540837176	55.67987554330805	0.19771890555389843	1.0127823144311063	30.20002159918191	1.021529926244883	170.39828505896634	1.0957238554574062	5.878392963479416	1.0957238554574062	3.8644085931130414	1.0957238554574062	0.09351182932395101	1.3059018608316637	NaN	NaN	800000009	800000009	800000009	800000019	800000019	800000019	899999999	899999999	89999	89999	89	89	2	3	0	18	6	0	5	NaN	0	18000	0	0	0	0	0	0	0	NaN	NaN	NaN	NaN	0	1	0	0	0	0	300	0	0	0	0	20	18000	18000	18000	18000	100	NaN	0.42991831453651946	0.3509107219334327	0.13383390494140388	0.32858685858303005	1.4780739467125705	0.13413981783676887	0.0000013724819852495462	NaN	0.026000208689952863	0.15160138526208278	0.09966154007980262	0.000093511829323951	NaN	16.227616257929547	937.456115600579	99.5591566359202	100.16193482017518	98.9563723511166	1.205571315735579	0.00028178137870175603	48.03397459953448	140
DATA	2026-08-09T200000_AIU-1657.ghg	2026-08-09	20:30:00	221.854	0	18000	18000	0.20686474351828082	1	NaN	61.09309202395547	1	NaN	99.7736425152799	1	NaN	16.354597909302182	1	NaN	2.2628023804922295	1	NaN	0.07896853394043415	1	NaN	NaN	NaN	NaN	NaN	NaN	NaN	NaN	NaN	NaN	5.792955176683126e-11	3.374334578897529e-12	2.873032978598175e-13	NaN	16.347109658844005	414.6859784363283	424.95066853587974	0.1	0	952.2016950673255	24.155015769047413	24.752923014799926	0.1	1	0.0810739660884288	1.9888992311933582	2.0381303007472824	0.3	0	NaN	NaN	NaN	NaN	9	302.82162601216635	295.6161275793645	97613.01907350015	1.1398619247502404	1019.0045034928904	0.025178531593661808	0.14662959425589647	0.01728748120187107	2358.4764816819115	2711.8819926881083	0.015166294115542982	86.96825628994684	353.4055110061968	293.3014079174921	-0.2826883346135616	-1.11589531000512	0.3458175217403953	1.201967052693535	5.4270987534384466e-14	3.5437183071375924e-15	1.201967052693535	3.5451398950770057	265.2156052862522	255.78439471374784	16.72088576904146	NaN	0.4260073734327343	0.4120043934199573	-108.78365257775883	-0.018413612271091735	0.6123169454758488	0.1234657900155616	0	20.151180593621035	-3.0580193988342823	6.917248206519016	17.224926087408956	26.26909911082997	36.84278501455608	55.197205586239974	0.20430364305312343	1.012535755245889	66.16366599220078	1.021621932138127	90.98525784377367	1.0965913036878605	14.91403210503431	1.0965913036878605	2.063487438649546	1.0965913036878605	0.04194223540198478	1.3056056378342331	NaN	NaN	800000009	800000009	800000009	800000019	800000019	800000019	899999999	899999999	89999	89999	89	89	7	3	0	12	40	0	12	NaN	0	18000	0	0	0	0	0	0	0	NaN	NaN	NaN	NaN	0	44	0	0	0	0	300	0	0	0	0	20	18000	18000	18000	18000	100	NaN	0.35137141089386614	0.33130568319027304	0.14133169275577545	0.07983730554282983	6.918478830304806	0.06730449012825757	3.7900474604232915e-7	NaN	0.05696278443801869	0.3848110385668375	0.0532419897412128	0.00004194223540198478	NaN	16.348272416225917	952.267113465668	99.53659299850463	100.14372777324253	98.92946437750922	1.2142496754195962	0.0002820447898476333	48.77734501155909	251
DATA	2026-08-09T203000_AIU-1657.ghg	2026-08-09	21:00:00	221.874	0	18000	18000	0.14106799841901801	1	NaN	27.45784635269329	1	NaN	-29.30169166726845	2	NaN	-9.364000946248693	2	NaN	-0.6644626336089073	2	NaN	0.055270968790048496	1	NaN	NaN	NaN	NaN	NaN	NaN	NaN	NaN	NaN	NaN	3.4418553543038403e-10	1.9582273706083412e-11	1.7005405158439241e-12	NaN	16.472076365842984	417.6926037461203	427.86046102157076	0.1	1	937.1710159176259	23.764423688913425	24.342919133015357	0.1	1	0.08138469039718496	1.995056015106382	2.043621502347953	-0.4	0	NaN	NaN	NaN	NaN	9	303.04393873172336	295.49028957733333	97618.27658280368	1.1405787528563427	1018.7778807041627	0.025166458101337958	-0.043057178657857194	0.017016098192568777	2320.4643575769014	2691.218948334194	0.014918827963396207	86.22354413093065	370.7545907572926	293.03897896514604	-0.35081217883264876	-0.22396613552135633	0.29974891094425593	0.5129126868092606	7.717022525594921e-14	2.089509104900084e-14	0.5129126868092606	2.4434161534396046	308.44495256644257	212.55504743355746	35.76099081104563	NaN	0.3516831928197677	0.43397645048651795	-136.16879653383694	-0.014710418620041518	-0.9370737588971755	0.06719084032129992	0	21.118927159446653	-3.2048786737884654	7.249444286332883	18.052141296475508	27.530654498799937	38.61213438382205	57.848013359069114	0.13846730148215253	1.018782029468529	25.28532028912352	1.0239164637923048	-26.78783071455319	1.0938433940210595	-8.560641310659513	1.0938433940210595	-0.6074568235643745	1.0938433940210595	0.0379579712565706	1.31430761901133	NaN	NaN	800000009	800000009	800000009	800000019	800000019	800000019	899999999	899999999	89999	89999	89	89	4	2	2	12	1	0	2	NaN	0	18000	0	0	0	0	0	0	0	NaN	NaN	NaN	NaN	0	0	0	0	0	0	300	0	0	0	0	15	18000	18000	18000	18000	100	NaN	0.3446270819533253	0.43766540622963135	0.08566041279007917	0.054333626146751156	12.57153727701776	0.2252609036483361	0.0000014610018580701733	NaN	0.021760239695048193	-0.2206869252402709	-0.015659782222357324	0.000037957971256570595	NaN	16.473223455893113	937.2232836991375	99.56252213923136	100.16614653099907	98.95890829552545	1.2072225940757335	0.00028185123289100976	48.05465206902118	053
DATA	2026-08-09T210000_AIU-1657.ghg	2026-08-09	21:30:00	221.895	0	18000	18000	0.041917042089298286	1	NaN	4.996000089967957	2	NaN	29.030301380420394	1	NaN	6.764108054118046	2	NaN	0.6580032815282542	1	NaN	0.06777899094478546	1	NaN	NaN	NaN	NaN	NaN	NaN	NaN	NaN	NaN	NaN	3.0881007391732394e-10	1.7476062973600634e-11	1.5059770050218255e-12	NaN	16.77165347875866	424.7458015693805	435.20689309433465	-0.1	0	949.1350740217927	24.03705384943582	24.629063986746445	0.1	1	0.08179048097364519	2.0008494829716224	2.0501285329155787	1.2	0	NaN	NaN	NaN	NaN	9	302.53492568715416	295.01144352972176	97665.71540607345	1.1428663563519625	1018.9260933510462	0.02511347130677529	0.042638612643030864	0.017247624292841813	2348.225778251332	2613.843013454826	0.015091549591061855	89.83805707396264	265.61723520349415	293.2310059465611	0.10053614016268655	-0.1285438175849466	0.11460548409988709	0.1994127516080538	-4.0984820730300336e-14	1.841261950161519e-14	0.1994127516080538	1.6715528113327436	212.97047853588526	308.02952146411474	35.07967049348666	NaN	0.19151270491606778	0.15381854626572866	-120.9005323898103	-0.016568165254571075	0.17209604628278266	0.02240199598175051	1	0.23083426095440748	1	1	2	10	NaN	NaN	0.04045000831089168	1.036267823905776	6.5613735924844985	1.0351898646497038	26.23639345587411	1.1064897860007032	6.1131229042486135	1.1064897860007032	0.5946763267526772	1.1064897860007032	0.04926739818738283	1.3397544450743493	NaN	NaN	800000009	800000009	800000009	800000019	800000019	800000119	899999999	899999999	89999	89999	89	89	4	3	0	2	4	0	1	NaN	0	18000	0	0	0	0	0	0	0	NaN	NaN	NaN	NaN	0	0	0	0	0	0	300	0	0	0	0	15	18000	18000	18000	18000	100	NaN	0.06971150925945367	0.16566077631604795	0.07226480695595575	0.0798507195960889	7.680209294305153	0.06244227614863963	0.0000032604643487644746	NaN	0.005634516229188301	0.15730387255174708	0.015302307932992913	0.00004926739818738283	NaN	16.772928524563074	949.1992410697612	99.52813540903728	100.11748085742526	98.93878059895833	1.1787167082892496	0.0002814668368713077	47.88860214869182	151
DATA	2026-08-09T213000_AIU-1657.ghg	2026-08-09	22:00:00	221.916	0	18000	18000	0.11786890243830102	1	NaN	39.94836404170002	1	NaN	68.38466500977715	1	NaN	8.015292910322762	2	NaN	1.5494566681564512	1	NaN	0.049382973397237725	1	NaN	NaN	NaN	NaN	NaN	NaN	NaN	NaN	NaN	NaN	-1.1327511643799262e-10	-6.180924354748577e-12	-5.363877002733854e-13	NaN	17.197846461926776	434.8316378711442	445.399565627995	0.1	1	938.4107594710639	23.726847919015015	24.303493206219805	0.1	1	0.08143636134258433	1.9885446851385962	2.0368732673841263	0	1	NaN	NaN	NaN	NaN	9	302.2784388902452	294.6407704757432	97712.66976341807	1.1449898037462496	1018.7414272067396	0.025069864242440672	0.10040479209653803	0.017054651859763677	2319.035545158149	2555.2887269673106	0.01489502509451455	90.7543449272148	236.25318180916156	293.0290414355802	-0.3247882476321856	-0.7866100406297821	0.3330666370376584	0.9138797221337193	-1.5743628329167322e-14	-6.5865872618856806e-15	0.9138797221337193	2.7091301412724706	273.4355413397036	247.5644586602964	21.373952266562792	NaN	0.32084761115452726	0.2811424475728483	-71.11759209118546	-0.028166026732621485	0.5841713787146355	0.10674181972269473	0	20.09129702209505	-3.0489318358229163	6.896692114243748	17.173738511147956	26.19103482728995	36.733298746921015	55.033175206312535	0.11626519255057599	1.0137935512129084	43.443917271850445	1.0215635234456137	62.51656547642838	1.0938647139142874	7.327499286123622	1.0938647139142874	1.4164975325073543	1.0938647139142874	0.025474689439831905	1.3072430203622643	NaN	NaN	800000009	800000009	800000009	800000019	800000019	800000019	899999999	899999999	89999	89999	89	89	3	1	0	11	0	0	3	NaN	0	18000	0	0	0	0	0	0	0	NaN	NaN	NaN	NaN	0	0	0	0	0	0	300	0	0	0	0	20	18000	18000	18000	18000	100	NaN	0.3133233700431212	0.16819446939741717	0.08076705570515816	0.06514344616103096	15.296236978825371	0.05113276124070801	5.355110884681708e-7	NaN	0.03724460662309016	0.18816517643739383	0.036374689060990874	0.000025474689439831906	NaN	17.199159307886255	938.4758644055261	99.51682746738858	100.08416829596625	98.94948831388686	1.1346904939346842	0.00028074074531711323	47.62086377123372	157
DATA	2026-08-09T220000_AIU-1657.ghg	2026-08-09	22:30:00	221.937	0	18000	18000	0.1231811659861111	1	NaN	50.76624145038751	1	NaN	68.10410264633563	1	NaN	2.292918726871483	2	NaN	1.5432316284091994	1	NaN	0.09726678095574999	1	NaN	NaN	NaN	NaN	NaN	NaN	NaN	NaN	NaN	NaN	-1.0711010076820233e-9	-5.83757589435591e-11	-5.0942877872615725e-12	NaN	17.24013559602334	435.9129303290075	446.5211848724122	0.1	1	939.5995265523098	23.757561573334797	24.335718913862248	0.1	1	0.08199619978662935	2.0030133402818593	2.051758109911675	1	0	NaN	NaN	NaN	NaN	9	302.51228749254017	294.7291166092178	97730.82149187854	1.144845809232818	1018.7606982658498	0.02507272361045961	0.10000140952091612	0.017074781086331346	2322.4688198191056	2569.1394416250578	0.01491448101449877	90.39870636021509	246.67062180595212	293.05291116151045	-0.03869317969820228	-0.5659378812829103	0.220739019375585	0.608694145118115	3.057330990205305e-14	-6.212834010012582e-14	0.608694145118115	2.7071776610485827	254.9112264187313	266.08877358126875	21.262635892318023	NaN	0.3280187399338096	0.31145942232473756	-59.808277286118354	-0.03349201968177947	0.7454211931110293	0.1326957990305785	0	20.60416753177247	-3.1267619143335548	7.0727439637500575	17.612132508986566	26.85961333499301	37.67098961027086	56.43800698925758	0.12112866391689556	1.0169448089563982	54.03973279582727	1.0228879929945336	62.29975075136423	1.0931681399197941	2.0974986766808943	1.0931681399197941	1.4117056398317889	1.0931681399197941	0.06010730951320067	1.3116873341696724	NaN	NaN	800000009	800000009	800000009	800000019	800000019	800000019	899999999	899999999	89999	89999	89	89	8	9	0	7	0	0	3	NaN	0	18000	0	0	0	0	0	0	0	NaN	NaN	NaN	NaN	0	0	0	0	0	0	300	0	0	0	0	20	18000	18000	18000	18000	100	NaN	0.43096884699490673	0.11268778400718645	0.07926221364738194	0.07718731565838535	44.29177640381144	0.06252240032089876	0.0000019522229607992484	NaN	0.0463333830795471	0.053870171816849305	0.036256912205968196	0.000060107309513200665	NaN	17.241336153840972	939.6643655394331	99.51292356215583	100.08110782962375	98.94472976769342	1.1363818126453302	0.0002811326301323587	47.53260465703186	241
DATA	2026-08-09T223000_AIU-1657.ghg	2026-08-09	23:00:00	221.958	0	18000	18000	0.06902790221151575	0	NaN	34.469262385430994	0	NaN	67.11370403726458	1	NaN	14.519097698171983	1	NaN	1.5206070086328123	1	NaN	0.06748980765976348	1	NaN	NaN	NaN	NaN	NaN	NaN	NaN	NaN	NaN	NaN	-2.1940031349412325e-10	-1.1851227420847128e-11	-1.0430722535404726e-12	NaN	17.22787188339545	435.4870577717577	445.9780069577226	0.1	1	930.5885867515237	23.523467575295573	24.0901514723391	0.1	1	0.0819046922173207	1.9994630572825145	2.047630425195796	0.3	0	NaN	NaN	NaN	NaN	9	302.6157821951972	294.6052385457357	97732.6528879767	1.1454509688779473	1018.6240047017056	0.02506171561798023	0.09853533415940623	0.016913961495342654	2299.627576592486	2549.7365424845407	0.014766202967125788	90.19079180438223	250.10896589205458	292.8935229650603	-0.13956236580459602	-0.8776999060351085	0.20845913171868366	0.9128471879783173	-4.978128833537592e-15	-1.2735195326451517e-14	0.9128471879783173	2.578433229477335	260.03491710104333	260.96508289895667	13.200624197434655	NaN	0.24548450557256402	0.26694835759705243	-36.92044505905196	-0.054254492241254566	0.5135949934501021	0.12034207455436013	0	16.236745929587013	-2.463988836581533	5.573549457280642	13.878926211683485	21.166238180442146	29.68595000379821	44.47496259403599	0.06808827560713818	1.0138001233839304	37.96563114109183	1.0215649573666916	61.35500417696682	1.093858682556485	13.273284684488702	1.093858682556485	1.3901311320023193	1.093858682556485	0.04103734582117043	1.3072520192325667	NaN	NaN	800000009	800000009	800000009	800000019	800000019	800001019	899999999	899999999	89999	89999	89	89	8	2	0	44	2	0	10	NaN	0	18000	0	0	0	0	0	0	0	NaN	NaN	NaN	NaN	0	0	0	0	0	0	300	0	0	0	0	20	18000	18000	18000	18000	100	NaN	0.3456599049178266	0.107706893489775	0.08052991678650322	0.05359503437213983	16.8186604385496	0.03449525603779683	2.1795641567795148e-7	NaN	0.03253870118271237	0.34066710731462274	0.035678580154364745	0.00004103734582117043	NaN	17.229096981874935	930.6534462418045	99.53924368307324	100.10387101300557	98.97462326346502	1.1292409093976024	0.00028119169165115125	47.79800261788902	219
DATA	2026-08-09T230000_AIU-1657.ghg	2026-08-09	23:30:00	221.979	0	18000	18000	0.07223170637403904	1	NaN	39.345505611181856	1	NaN	57.003074201764164	1	NaN	-8.967123992988359	1	NaN	1.2915439358620184	1	NaN	0.011804267185250272	2	NaN	NaN	NaN	NaN	NaN	NaN	NaN	NaN	NaN	NaN	-6.904237955314923e-11	-3.719407220297237e-12	-3.2898779037830053e-13	NaN	17.32351876675249	438.0255829356512	448.6114842802546	0.1	1	933.2416002900483	23.597036000064325	24.167312953861412	0.1	1	0.0825467806517825	2.015341988468689	2.064047389013069	0	1	NaN	NaN	NaN	NaN	9	302.8245562549167	294.61743914588016	97709.22949615997	1.1450968756886688	1018.666400885809	0.025068761689038932	0.08369204704385878	0.016962090161506273	2306.26667168339	2551.6418061285317	0.014812799267577392	90.38363716036476	245.3751344451416	292.9399936513204	-0.17368357909807738	-0.4299296256691961	0.23942456658347938	0.5218520784283757	-4.067965621044632e-14	-3.9854708782176645e-15	0.5218520784283757	1.7483209680575489	272.99779285276486	248.00220714723517	27.30955656701531	NaN	0.2511555747795915	0.14615811653351754	-34.633115089353986	-0.05783770806732141	0.6902348015813534	0.13430064442186984	0	19.530300164740748	-2.9637983983796734	6.704120046946348	16.694206835159925	25.459718764777495	35.7076175709065	53.49651790106154	0.07091401614234853	1.0185815203167377	42.096506814393905	1.0238000618842333	52.11702466355448	1.093751505765188	-8.198502078143392	1.093751505765188	1.180838544271036	1.093751505765188	-0.003457185914926223	1.314020917643024	NaN	NaN	800000009	800000009	800000009	800000019	800000019	800000019	899999999	899999999	89999	89999	89	89	4	1	0	5	3	0	1	NaN	0	18000	0	0	0	0	0	0	0	NaN	NaN	NaN	NaN	0	0	0	0	0	0	300	0	0	0	0	15	18000	18000	18000	18000	100	NaN	0.15144211379412012	0.08775266987650661	0.05312144939640836	0.05401462094413572	13.313795865299262	0.08496669287198824	0.0000011726806945646572	NaN	0.03608875066955939	-0.210494677649087	0.03031776126453542	-0.000003457185914926223	NaN	17.3247850127628	933.3022188942962	99.53599353408813	100.1005904174381	98.97139480315315	1.129189721471734	0.00028104442317271615	48.271254405657466	215
