DATAH	filename	date	time	DOY	daytime	file_records	used_records	Tau	qc_Tau	rand_err_Tau	H	qc_H	rand_err_H	LE	qc_LE	rand_err_LE	co2_flux	qc_co2_flux	rand_err_co2_flux	h2o_flux	qc_h2o_flux	rand_err_h2o_flux	ch4_flux	qc_ch4_flux	rand_err_ch4_flux	none_flux	qc_none_flux	rand_err_none_flux	H_strg	LE_strg	co2_strg	h2o_strg	ch4_strg	none_strg	co2_v-adv	h2o_v-adv	ch4_v-adv	none_v-adv	co2_molar_density	co2_mole_fraction	co2_mixing_ratio	co2_time_lag	co2_def_timelag	h2o_molar_density	h2o_mole_fraction	h2o_mixing_ratio	h2o_time_lag	h2o_def_timelag	ch4_molar_density	ch4_mole_fraction	ch4_mixing_ratio	ch4_time_lag	ch4_def_timelag	none_molar_density	none_mole_fraction	none_mixing_ratio	none_time_lag	none_def_timelag	sonic_temperature	air_temperature	air_pressure	air_density	air_heat_capacity	air_molar_volume	ET	water_vapor_density	e	es	specific_humidity	RH	VPD	Tdew	u_unrot	v_unrot	w_unrot	u_rot	v_rot	w_rot	wind_speed	max_wind_speed	wind_dir	yaw	pitch	roll	u*	TKE	L	(z-d)/L	bowen_ratio	T*	model	x_peak	x_offset	x_10%	x_30%	x_50%	x_70%	x_90%	un_Tau	Tau_scf	un_H	H_scf	un_LE	LE_scf	un_co2_flux	co2_scf	un_h2o_flux	h2o_scf	un_ch4_flux	ch4_scf	un_none_flux	un_none_scf	spikes_hf	amplitude_resolution_hf	drop_out_hf	absolute_limits_hf	skewness_kurtosis_hf	skewness_kurtosis_sf	discontinuities_hf	discontinuities_sf	timelag_hf	timelag_sf	attack_angle_hf	non_steady_wind_hf	u_spikes	v_spikes	w_spikes	ts_spikes	co2_spikes	h2o_spikes	ch4_spikes	none_spikes	head_detect_LI-7200	t_out_LI-7200	t_in_LI-7200	aux_in_LI-7200	delta_p_LI-7200	chopper_LI-7200	detector_LI-7200	pll_LI-7200	sync_LI-7200	chopper_LI-7500	detector_LI-7500	pll_LI-7500	sync_LI-7500	not_ready_LI-7700	no_signal_LI-7700	re_unlocked_LI-7700	bad_temp_LI-7700	laser_temp_unregulated_LI-7700	block_temp_unregulated_LI-7700	motor_spinning_LI-7700	pump_on_LI-7700	top_heater_on_LI-7700	bottom_heater_on_LI-7700	calibrating_LI-7700	motor_failure_LI-7700	bad_aux_tc1_LI-7700	bad_aux_tc2_LI-7700	bad_aux_tc3_LI-7700	box_connected_LI-7700	mean_value_RSSI_LI-7200	mean_value_LI-7500	u_var	v_var	w_var	ts_var	co2_var	h2o_var	ch4_var	none_var	w/ts_cov	w/co2_cov	w/h2o_cov	w/ch4_cov	w/none_cov	co2_mean	h2o_mean	avg_signal_strength_7200_mean	co2_signal_strength_7200_mean	h2o_signal_strength_7200_mean	delta_signal_strength_7200_mean	flowrate_mean	rssi_77_mean	CHK
DATAU		[yyyy-mm-dd]	[HH:MM]	[ddd.ddd]	[1=daytime]	[#]	[#]	[kg+1m-1s-2]	[#]	[kg+1m-1s-2]	[W+1m-2]	[#]	[W+1m-2]	[W+1m-2]	[#]	[W+1m-2]	[µmol+1s-1m-2]	[#]	[µmol+1s-1m-2]	[mmol+1s-1m-2]	[#]	[mmol+1s-1m-2]	[µmol+1s-1m-2]	[#]	[µmol+1s-1m-2]	[µmol+1s-1m-2]	[#]	[µmol+1s-1m-2]	[W+1m-2]	[W+1m-2]	[µmol+1s-1m-2]	[mmol+1s-1m-2]	[µmol+1s-1m-2]	[µmol+1s-1m-2]	[µmol+1s-1m-2]	[mmol+1s-1m-2]	[µmol+1s-1m-2]	[µmol+1s-1m-2]	[mmol+1m-3]	[µmol+1mol_a-1]	[µmol+1mol_d-1]	[s]	[1=default]	[mmol+1m-3]	[mmol+1mol_a-1]	[mmol+1mol_d-1]	[s]	[1=default]	[mmol+1m-3]	[µmol+1mol_a-1]	[µmol+1mol_d-1]	[s]	[1=default]	[mmol+1m-3]	[µmol+1mol_a-1]	[µmol+1mol_d-1]	[s]	[1=default]	[K]	[K]	[Pa]	[kg+1m-3]	[J+1kg-1K-1]	[m+3mol-1]	[mm]	[kg+1m-3]	[Pa]	[Pa]	[kg+1kg-1]	[%]	[Pa]	[K]	[m+1s-1]	[m+1s-1]	[m+1s-1]	[m+1s-1]	[m+1s-1]	[m+1s-1]	[m+1s-1]	[m+1s-1]	[deg_from_north]	[deg]	[deg]	[deg]	[m+1s-1]	[m+2s-2]	[m]	[#]	[#]	[K]	[0=KJ/1=KM/2=HS]	[m]	[m]	[m]	[m]	[m]	[m]	[m]	[kg+1m-1s-2]	[#]	[W+1m-2]	[#]	[W+1m-2]	[#]	[µmol+1s-1m-2]	[#]	[mmol+1s-1m-2]	[#]	[µmol+1s-1m-2]	[#]	[µmol+1s-1m-2]	[#]	8u/v/w/ts/co2/h2o/ch4/none	8u/v/w/ts/co2/h2o/ch4/none	8u/v/w/ts/co2/h2o/ch4/none	8u/v/w/ts/co2/h2o/ch4/none	8u/v/w/ts/co2/h2o/ch4/none	8u/v/w/ts/co2/h2o/ch4/none	8u/v/w/ts/co2/h2o/ch4/none	8u/v/w/ts/co2/h2o/ch4/none	8co2/h2o/ch4/none	8co2/h2o/ch4/none	8aa	8U	[#]	[#]	[#]	[#]	[#]	[#]	[#]	[#]	[#_flagged_recs]	[#_flagged_recs]	[#_flagged_recs]	[#_flagged_recs]	[#_flagged_recs]	[#_flagged_recs]	[#_flagged_recs]	[#_flagged_recs]	[#_flagged_recs]	[#_flagged_recs]	[#_flagged_recs]	[#_flagged_recs]	[#_flagged_recs]	[#_flagged_recs]	[#_flagged_recs]	[#_flagged_recs]	[#_flagged_recs]	[#_flagged_recs]	[#_flagged_recs]	[#_flagged_recs]	[#_flagged_recs]	[#_flagged_recs]	[#_flagged_recs]	[#_flagged_recs]	[#_flagged_recs]	[#_flagged_recs]	[#_flagged_recs]	[#_flagged_recs]	[#_flagged_recs]	[#]	[#]	[m+2s-2]	[m+2s-2]	[m+2s-2]	[K+2]	--	--	--	--	[m+1s-1K+1]	--	--	--	--	--	--	--	--	--	--	--	--	241
DATA	2026-08-29T233000_AIU-1657.ghg	2026-08-30	00:00:00	242	0	18000	18000	0.04557440937348598	1	NaN	-3.2826153843571535	2	NaN	32.28363901125763	1	NaN	12.844392317184239	0	NaN	0.7325015011219815	1	NaN	0.02589995498981849	1	NaN	NaN	NaN	NaN	NaN	NaN	NaN	NaN	NaN	NaN	-1.3407165478894633e-10	-6.664378827081634e-12	-6.272685800055651e-13	NaN	18.10826788002932	458.81526964154364	469.52350499337354	0.1	0	900.1183527179039	22.806601241360607	23.338881812272348	0.1	1	0.08472146851135055	2.0809436678295237	2.129510566150993	-0.8	0	NaN	NaN	NaN	NaN	9	303.9504468536377	296.08015837266714	98039.50698828125	1.143636109414663	1018.2416520019442	0.025108351850490162	0.0474660972727044	0.016368058081155185	2236.547711147245	2789.2803204822576	0.014312295621316732	80.18368375253704	552.7326093350125	292.4460268129853	0.4474696801026221	-0.16829659551641554	0.08819752881017641	0.48613955070717557	2.4242791100713167e-14	-7.403891729302672e-15	0.48613955070717557	1.9826919577865296	181.61164477624334	339.3883552237566	10.452732382368973	NaN	0.19962576564022602	0.1465118444063558	208.92202275378528	0.0095877876999145	-0.10168046369284679	-0.014120975127301117	1	1.435623935213812	1	1	2	4	8	25	0.04497157344345282	1.01340482184354	-1.330941491200588	1.0211324079707362	29.339337253782258	1.1003533833094952	11.672970258475146	1.1003533833094952	0.6656965955054018	1.1003533833094952	0.018278208407074826	1.3845466840277831	NaN	NaN	800000009	800000009	800000009	800000009	800000019	800000019	899999999	899999999	89999	89999	89	89	7	20	0	0	0	0	4	NaN	0	0	0	0	0	0	0	0	0	NaN	NaN	NaN	NaN	0	0	0	0	0	0	0	0	0	0	0	0	18000	18000	18000	18000	93	NaN	0.06789071672584432	0.1336348432677452	0.09149812881912212	0.056825141852333075	36.188496906734066	0.03141422334479826	1.9103790240630263e-7	NaN	-0.0011429316161163034	0.2999312926498526	0.017104750203366274	0.000018278208407074825	NaN	18.109603377314183	900.1826460994251	95.77504207017687	96.20884581120808	95.34124208662244	0.8676038649876907	0.0002813925990873637	59.54757343186277	090
DATA	2026-08-30T000000_AIU-1657.ghg	2026-08-30	00:30:00	242.02	0	18000	18000	0.07172741234738157	1	NaN	3.786447758754835	2	NaN	12.942860020957593	0	NaN	47.592361654679614	0	NaN	0.2935757375725258	0	NaN	-0.011733952245976068	2	NaN	NaN	NaN	NaN	NaN	NaN	NaN	NaN	NaN	NaN	2.485393514607116e-10	1.2060694231359908e-11	1.129718366475844e-12	NaN	18.69190551425459	472.8670675642148	483.9725373275861	0.2	0	907.0489469130658	22.94648746950373	23.485394786692925	0.1	1	0.08496275877352391	2.0839505366733477	2.1328929377430623	0	1	NaN	NaN	NaN	NaN	9	303.76017893049453	295.75663264465334	98050.0975030382	1.144949705198673	1018.3154538584357	0.02507820702301143	0.01902370779469967	0.016488248577971074	2250.5088470256537	2735.117078641161	0.01440084966449248	82.28199314026197	484.60823161550707	292.5460133957636	0.5112894522773881	-0.23856286486747164	-0.03485698087954577	0.5652823662736268	-6.542855646848626e-16	1.3296629991585052e-14	0.5652823662736268	2.552789502214459	186.01331563410236	334.9866843658976	-3.535269839577337	NaN	0.2502933879426422	0.230862445375726	-357.0363203159322	-0.005610353585953128	0.2925510862841496	0.012975193646450509	0	12.371451674790888	-1.8774155210155465	4.246719020352268	10.574930818677785	16.12743673652558	22.618959333656907	33.887322795858005	0.070479990935989	1.0176989439814983	4.496537334672583	1.0232983470351178	11.837301208705208	1.0933961882662369	43.52709673347709	1.0933961882662369	0.26849895831266746	1.0933961882662369	-0.010793562283638824	1.3127643140172656	NaN	NaN	800000009	800000009	800000009	800000009	800000019	800000019	899999999	899999999	89999	89999	89	89	12	11	0	9	3	0	3	NaN	0	0	0	0	0	0	0	0	0	NaN	NaN	NaN	NaN	0	0	0	0	0	0	0	0	0	0	0	0	18000	18000	18000	18000	93	NaN	0.10222877911230203	0.1942985386194089	0.16519757301974108	0.0450860018559623	71.18857506543712	0.011946000113653064	4.160625926339122e-7	NaN	0.0038566431803557827	1.117224804662477	0.006891654136496449	-0.000010793562283638824	NaN	18.6933286025506	907.1161283116534	95.76105825551352	96.17171051279703	95.35040296385023	0.8213074131243778	0.00028104811246319305	60.73312467638657	161
DATA	2026-08-30T003000_AIU-1657.ghg	2026-08-30	01:00:00	242.041	0	18000	18000	0.06374466096827885	1	NaN	8.177214797071292	0	NaN	30.218515653220063	1	NaN	54.67406543750173	0	NaN	0.6853423954105832	1	NaN	0.018625212773443707	0	NaN	NaN	NaN	NaN	NaN	NaN	NaN	NaN	NaN	NaN	3.59360315778084e-11	1.7324906649832178e-12	1.612185698186601e-13	NaN	18.97483275546869	479.68779942812284	491.0436470484867	0.1	0	914.7843870097171	23.125943464741574	23.673413486651327	0.1	1	0.08512613288313149	2.0868614088220743	2.136264541842455	0	1	NaN	NaN	NaN	NaN	9	303.7294766023424	295.6248547685411	98065.45895052083	1.1455611162311865	1018.41578420074	0.025063106509150716	0.044410187222605785	0.016627208930492115	2268.4645879680684	2713.3201537122723	0.014514466923593247	83.60475209180282	444.8555657442039	292.6738122239336	0.5289102024221195	-0.1700849200168591	-0.010892882973453076	0.5556919444645821	7.021542356803559e-15	1.8938786992708205e-15	0.5556919444645821	2.5983664689570385	178.82655373359762	342.1734462664024	-1.1232054090637267	NaN	0.23589176279395885	0.2106483964136644	-138.41743379665633	-0.014471442975475736	0.2706027950184884	0.029713187555558192	0	12.990229754802753	-1.9713174819184582	4.459125511590319	11.103853014734485	16.93407645849732	23.75028301306523	35.58225182177749	0.0626248119064508	1.017881875054585	9.844837858337987	1.0234007036654695	27.635617774853003	1.0934626430069303	50.00085351535435	1.0934626430069303	0.6267634288135799	1.0934626430069303	0.010803169203827316	1.3130224058499311	NaN	NaN	800000009	800000009	800000009	800000009	800000019	800001119	899999999	899999999	89999	89999	89	89	7	13	0	3	6	0	2	NaN	0	0	0	0	0	0	0	0	0	NaN	NaN	NaN	NaN	0	0	0	0	0	0	0	0	0	0	0	0	18000	18000	18000	18000	93	NaN	0.10375449941933818	0.1876629641488652	0.12987932925912535	0.05121474979428179	91.55381706436174	0.018334814595596455	2.2859058538237578e-7	NaN	0.008438498589486728	1.2828518340940132	0.01608061778284737	0.000010803169203827315	NaN	18.976255388894128	914.8510261068103	95.73584242630005	96.13612905205619	95.33555430984498	0.8005703867988451	0.0002810437970199726	59.29226229095461	043
DATA	2026-08-30T010000_AIU-1657.ghg	2026-08-30	01:30:00	242.062	0	18000	18000	0.04534338296687152	1	NaN	9.156057754674537	1	NaN	12.982366316819686	0	NaN	40.66718661750411	0	NaN	0.29437894017026583	0	NaN	0.022761570850708585	1	NaN	NaN	NaN	NaN	NaN	NaN	NaN	NaN	NaN	NaN	-1.0646308484874987e-10	-5.098001135432899e-12	-4.732374619296874e-13	NaN	19.2225236179271	485.4263176999899	496.97843919625416	0.2	0	920.473489654182	23.244713623687737	23.797888732114117	0.1	1	0.08544575147108477	2.0929714912683437	2.1427797939370348	0	1	NaN	NaN	NaN	NaN	9	303.703300470988	295.43086999638547	98069.45141678878	1.1463080417339984	1018.4802279111348	0.025045640795023996	0.019075755323033225	0.016724257530632888	2280.207790994976	2681.5099501544864	0.014589671294056718	85.03447062963946	401.3021591595102	292.7569150063299	0.4670689503190781	-0.040948006647633386	-0.03976497076950474	0.47054372432418556	3.608365616916652e-14	-5.538455145892574e-15	0.47054372432418556	1.973336090069836	166.01031946719831	354.9896805328016	-4.847765533056678	NaN	0.1988869509329508	0.15274725100891912	-74.09495614813062	-0.027034228834624086	0.7052687877719286	0.039431953427534895	1	1.4439275773899298	1	1	2	4	7	20	0.04446148736961445	1.0198350448766087	9.774131905105843	1.0245403130895965	11.862802179791865	1.0943760268492873	37.1601585010822	1.0943760268492873	0.2689924970467271	1.0943760268492873	0.01465917394164772	1.315812977359381	NaN	NaN	800000009	800000009	800000009	800000019	800000019	800001019	899999999	899999999	89999	89999	89	89	3	5	0	1	1	0	0	NaN	0	0	0	0	0	0	0	0	0	NaN	NaN	NaN	NaN	0	1	0	0	0	0	0	0	0	0	0	0	18000	18000	18000	18000	93	NaN	0.09868611577636625	0.11915356635651708	0.08765481988495491	0.10410682788048999	174.80963529688603	0.008284686802252814	2.9615140472760974e-7	NaN	0.008371904280437388	0.9528547588904291	0.006897461993046376	0.00001465917394164772	NaN	19.22391526139252	920.5410151400824	95.70870789464314	96.09188221571182	95.32553472434151	0.766345777044693	0.0002810382479623917	57.6460227736004	187
DATA	2026-08-30T013000_AIU-1657.ghg	2026-08-30	02:00:00	242.083	0	18000	18000	0.030765792447639516	1	NaN	-6.089060298457842	2	NaN	23.32061728901969	1	NaN	40.06152154171196	0	NaN	0.5286745575453927	1	NaN	0.06563369968990525	1	NaN	NaN	NaN	NaN	NaN	NaN	NaN	NaN	NaN	NaN	-5.33037190317708e-11	-2.621749741070075e-12	-2.438112335014176e-13	NaN	18.815397652597227	474.6250697665543	485.96978675668055	0.1	0	925.4375645801633	23.344490335170736	23.902481585530754	0.1	1	0.08606163685811791	2.1058049636536853	2.1561389280201366	-1.1	0	NaN	NaN	NaN	NaN	9	303.5426058103773	295.18234624057345	98058.42930230036	1.1471005493801867	1018.5328202201762	0.025027384632873736	0.034258111328941444	0.016808297359800217	2289.7380884249924	2641.232758916428	0.014652854424036544	86.6920221512156	351.4946704914355	292.8240825047027	0.4007515092106517	0.03951092460695569	-0.0033268590764510683	0.4027082731819851	1.826676791120785e-14	-2.832983921783492e-15	0.4027082731819851	1.4917212226596184	155.36928716326884	5.630712836731176	-0.47333805895439146	NaN	0.16376960783475744	0.07356026960159132	62.20123298782792	0.03220354169493688	-0.2611020207138695	-0.03182295100196689	1	1.3710760030893356	1	1	2	4	8	26	0.03031617664139554	1.0148308875344803	-4.631367138380955	1.023269612341122	21.018308984549112	1.1095382271791248	36.106481561760916	1.1095382271791248	0.4764816070280768	1.1095382271791248	0.04746418070057002	1.4228066848781207	NaN	NaN	800000009	800000009	800000009	800000009	800000019	800000019	899999999	899999999	89999	89999	89	89	2	1	0	3	0	0	0	NaN	0	0	0	0	0	0	0	0	0	NaN	NaN	NaN	NaN	0	0	0	0	0	0	0	0	0	3001	0	0	18000	18000	18000	18000	93	NaN	0.0604231599558426	0.04243108648523447	0.04426629276210557	0.06140436937978864	118.07811086417806	0.027346328658647143	7.16762005378556e-7	NaN	-0.0039639913142411245	0.9252562307968216	0.012210205943459132	0.00004746418070057002	NaN	18.816749678299715	925.5050998282726	95.64917136213515	96.00959223514133	95.28874927647908	0.7208475220865663	0.00028074040404236356	54.67813359387718	053
DATA	2026-08-30T020000_AIU-1657.ghg	2026-08-30	02:30:00	242.104	0	18000	18000	0.04944166389408631	1	NaN	20.26022640542103	1	NaN	20.59451738563435	1	NaN	-2.109208319578176	2	NaN	0.4668542705235278	1	NaN	0.02398601493934065	2	NaN	NaN	NaN	NaN	NaN	NaN	NaN	NaN	NaN	NaN	3.087162421264286e-10	1.5614263366178986e-11	1.4480514684564639e-12	NaN	18.320046147934672	462.24032596919886	473.30584318181235	0.1	1	926.592081660728	23.37921107887707	23.938883284170288	0.1	1	0.08593124075358115	2.1022558864475007	2.1525815447466274	0	0	NaN	NaN	NaN	NaN	9	303.58524213663736	295.1379857720269	98034.01194943576	1.1469720901583556	1018.5518439349189	0.02502985611742838	0.0302521567299246	0.016831634544091378	2292.5726517081303	2634.099329158047	0.01467484229870627	87.03440399268918	341.52667744991686	292.8440126268504	0.20846947368130309	-0.5057655932256541	0.1651791508237372	0.5714389806573841	-1.9274681132199878e-14	1.6851280811933546e-14	0.5714389806573841	2.1276681370881123	228.5992312246658	292.40076877533414	16.801583132730954	NaN	0.20762044325922818	0.25739917396568207	-38.08382175988895	-0.052597137247126974	0.9837679624167107	0.08352917478381967	0	20.09898600035331	-3.0500986679378754	6.899331491664829	17.18031093411697	26.201058187012666	36.74735665145096	55.05423650898399	0.04858727209468798	1.0175846834482345	21.172034615175843	1.0232351156022692	18.836053105622344	1.0933563029447568	-1.9291134224931126	1.0933563029447568	0.4269918866028764	1.0933563029447568	0.01238225042788966	1.3125989209091817	NaN	NaN	800000009	800000009	800000009	800000009	800000019	800000019	899999999	899999999	89999	89999	89	89	4	3	0	1	0	0	1	NaN	0	0	0	0	0	0	0	0	0	NaN	NaN	NaN	NaN	0	0	0	0	0	0	0	0	0	0	0	0	18000	18000	18000	18000	93	NaN	0.2899594739522179	0.19105095648544487	0.03378791749370138	0.10144569010179308	120.59064418757421	0.05819305733501202	9.860501260490948e-7	NaN	0.01812285459143923	-0.04944164818802157	0.010943463660771034	0.00001238225042788966	NaN	18.32136142549928	926.6557178998547	95.63249251641167	95.98783555433485	95.27714857143826	0.7106889711651533	0.000280593757100481	60.610399555471986	119
DATA	2026-08-30T023000_AIU-1657.ghg	2026-08-30	03:00:00	242.124	0	18000	18000	0.09209485311695516	1	NaN	26.97592521746997	1	NaN	44.759460134374415	1	NaN	16.284876920729715	1	NaN	1.0143669711959797	1	NaN	0.03308499963698589	1	NaN	NaN	NaN	NaN	NaN	NaN	NaN	NaN	NaN	NaN	7.745292551963024e-10	3.920491709028639e-11	3.6283287993256514e-12	NaN	18.277092740120345	460.9012732798779	471.9108490052969	-0.1	0	925.1450487125696	23.32977881018239	23.887058603835744	0.1	1	0.08562013831242178	2.0919616501387877	2.1419324606726295	0.1	0	NaN	NaN	NaN	NaN	9	303.39054832882346	294.85383225674093	98007.5835125868	1.1477895798298081	1018.5182204945404	0.02501250080375379	0.06573097973349948	0.01680770046390209	2287.1085732140764	2588.803792078567	0.014643538118192622	88.34615354830513	301.69521886449047	292.8055747552891	0.04725415358379995	-0.834082451369455	0.33099567334266605	0.8986014836874273	-7.753977691896838e-14	4.237704903122369e-14	0.8986014836874273	2.857798591674526	247.75742796522377	273.2425720347762	21.61360655079396	NaN	0.2832608414541845	0.49135963669907406	-72.62196533940075	-0.02758256390664253	0.6026865636110068	0.0814626864054701	0	25.92341582148036	-3.9339783640879684	8.898669770978383	22.158945942825717	33.79379070828708	47.39627197108649	71.008252144234	0.09083290436052868	1.0138930794441805	29.25813700084225	1.021586225913233	40.922476496452454	1.0937622540574878	14.888863517019658	1.0937622540574878	0.9274108403659217	1.0937622540574878	0.016566036222331812	1.307380863264701	NaN	NaN	800000009	800000009	800000009	800000009	800000019	800001019	899999999	899999999	89999	89999	89	89	17	2	1	3	14	0	4	NaN	0	0	0	0	0	0	0	0	0	NaN	NaN	NaN	NaN	0	0	0	0	0	0	0	0	0	0	0	0	18000	18000	18000	18000	93	NaN	0.8659705694021995	0.08345983171669114	0.03328887227925752	0.10202529380748068	52.04189739251385	0.0636271370102357	4.324936720509381e-7	NaN	0.02502739159145155	0.38130587869470506	0.02375112143331065	0.000016566036222331812	NaN	18.27838507699491	925.2077277879896	95.59541167026096	95.9331171307034	95.25770544306437	0.675413484281966	0.0002805775305023419	62.948723181194936	200
DATA	2026-08-30T030000_AIU-1657.ghg	2026-08-30	03:30:00	242.145	0	18000	18000	0.13591953233316353	1	NaN	-2.4932818019054888	2	NaN	35.47762854409948	1	NaN	32.17317651683654	1	NaN	0.8038866099974299	1	NaN	0.0512122188185525	1	NaN	NaN	NaN	NaN	NaN	NaN	NaN	NaN	NaN	NaN	5.30058711038751e-10	2.6763656942490072e-11	2.487650147802601e-12	NaN	18.168408121455467	457.63086439423824	468.4552918667335	0.1	0	917.3569493856239	23.106639332349694	23.653184945957292	0.1	1	0.0852672396612542	2.081590486731171	2.1308267314955684	0.3	0	NaN	NaN	NaN	NaN	9	303.09475312550853	294.68717286729697	98000.45087921551	1.1484528849546851	1018.3871285668977	0.025000182481184102	0.052091852327833456	0.01665514434610809	2265.0684905851926	2562.55543178248	0.014502244336096782	88.39100463905442	297.48694119728725	292.6497088742104	-0.42733001372234414	-1.1806037456063636	0.5548957381127448	1.372714618900604	-2.4294886830706414e-14	2.917474703866836e-14	1.372714618900604	3.214890966645381	270.8981731197806	250.10182688021936	23.843034919600655	NaN	0.34402051705559905	0.2401000288107915	1407.4237952149326	0.0014232386910114018	-0.07027757784898965	-0.006196706664062784	0	20.419388175127743	-3.098720934079397	7.009315190065349	17.454185894102277	26.618734781461896	37.33315401397112	55.93186770429476	0.1344891244485847	1.010635862865816	-0.3852678333187194	1.0217878990854798	32.01291540985002	1.108228603671111	29.03117318056932	1.108228603671111	0.7253797703239929	1.108228603671111	0.0369197087795385	1.3756127750550422	NaN	NaN	800000009	800000009	800000009	800000019	800000019	800000119	899999999	899999999	89999	89999	89	89	19	5	1	6	1	0	7	NaN	0	0	0	0	0	0	0	0	0	NaN	NaN	NaN	NaN	0	1	0	0	0	0	0	0	17997	0	0	0	18000	18000	18000	18000	93	NaN	0.22844857098994276	0.1625815533039317	0.08916993332770853	0.15428642490952824	110.26841801747601	0.02507537702669	2.107842535280645e-7	NaN	-0.00032940991414682276	0.7429564590222539	0.01856368608510092	0.000036919708779538496	NaN	18.169871334500076	917.4226940559196	95.52130810419717	95.82569803195528	95.2169211892022	0.6087797684636324	0.0002801459946446509	66.06878334077199	004
DATA	2026-08-30T033000_AIU-1657.ghg	2026-08-30	04:00:00	242.166	0	18000	18000	0.04753276417923145	0	NaN	15.380175594854805	1	NaN	29.13834591227976	1	NaN	17.175021272653662	1	NaN	0.6600312629734609	1	NaN	0.05272642439224402	1	NaN	NaN	NaN	NaN	NaN	NaN	NaN	NaN	NaN	NaN	-6.11267628381216e-11	-3.054499651374712e-12	-2.8738660399245797e-13	NaN	18.1214982882104	455.6148055724458	466.22946909671447	0	0	905.5298797731499	22.76703689458714	23.29745081688499	0.1	1	0.08519796584182998	2.0764577285401025	2.1248339003441066	0.3	0	NaN	NaN	NaN	NaN	9	302.7535998628404	294.352570183648	98012.09838194444	1.1500439930039086	1018.1863318312122	0.024968828429426587	0.042770025840680265	0.016430967637485246	2232.0436214931847	2510.558078661934	0.01428725138989479	88.9062730897988	278.51445716874923	292.41365277936933	-0.4617637020135321	-1.8350471950156668	0.5551582027173305	1.972010282548311	2.26413951116473e-14	-3.3731627410681517e-15	1.972010282548311	3.2751063688318545	265.12442460047055	255.87557539952945	16.350879464732287	NaN	0.2033009033386709	0.19358088542773166	-47.087683486678735	-0.0425397864510936	0.5278328303588826	0.06460710318140281	0	15.628871600231115	-2.3717415619076037	5.3648858707979175	13.359324377689541	20.373812598695622	28.574561858161907	42.809900630436864	0.04696929260101393	1.011996594945638	16.82773549597585	1.0241519386880946	26.29905429052512	1.1079617384864506	15.501457023340791	1.1079617384864506	0.5957166570346621	1.1079617384864506	0.0358729503957625	1.305977960156029	NaN	NaN	800000009	800000009	800000009	800000009	800000019	800000019	899999999	899999999	89999	89999	89	89	15	5	0	49	12	0	14	NaN	0	0	0	0	0	0	0	0	0	NaN	NaN	NaN	NaN	0	0	0	0	0	0	0	0	18000	0	0	0	18000	18000	18000	18000	93	NaN	0.23973934972925037	0.08666265058080001	0.06075977054541291	0.07861516271174256	66.51797039043294	0.03773306634369101	1.7331809789326639e-7	NaN	0.014370899769112532	0.3960730493746936	0.015220976490129124	0.0000358729503957625	NaN	18.12293430889975	905.5932746860508	95.42387979846531	95.68554784054226	95.16221355183922	0.5233365761803245	0.0002795515345173449	66.00155824640063	187
DATA	2026-08-30T040000_AIU-1657.ghg	2026-08-30	04:30:00	242.187	0	18000	18000	0.02444192586922029	1	NaN	10.077433276094244	0	NaN	15.92680665808507	0	NaN	16.43741602229071	1	NaN	0.3607486496438384	0	NaN	0.016539523916224826	0	NaN	NaN	NaN	NaN	NaN	NaN	NaN	NaN	NaN	NaN	4.93839370014538e-11	2.4302169702938306e-12	2.285223371425556e-13	NaN	18.40747366132912	462.7431316596329	473.5262248066109	0.1	0	905.8442398118607	22.771902762897305	23.302546076274155	0.1	1	0.08517990175333996	2.07550348887964	2.1238680045607254	-0.3	0	NaN	NaN	NaN	NaN	9	302.6742079255846	294.29638169860834	98006.44017860242	1.1501950259899916	1018.1880921742493	0.024965503419809253	0.02337651249692073	0.01643666814636244	2232.3917807653925	2501.917452407845	0.014290331443761142	89.22723563948679	269.5256716424524	292.4161572841039	-0.32957269912895054	-1.5906217062352805	0.5187537407469213	1.705227556631916	-7.928278314383181e-15	2.682819919237522e-15	1.705227556631916	2.7252018426638607	262.70589854343484	258.29410145656516	17.71086999470542	NaN	0.1457746370233735	0.1168342263486434	-26.49285193042578	-0.07560907392154088	0.632734074848491	0.05902941290578875	1	20.715967818338278	9	17	30	48	84	226	0.024154175121732006	1.011913085254954	10.855453283004897	1.0230347697308515	14.431689240427465	1.1035996128207457	14.894365521094638	1.1035996128207457	0.3268836319376579	1.1035996128207457	0.009555277337548835	1.305338543302542	NaN	NaN	800000009	800000009	800000009	800000009	800000019	801100019	899999999	899999999	89999	89999	89	89	13	6	0	17	23	0	18	NaN	0	0	0	0	0	0	0	0	0	NaN	NaN	NaN	NaN	0	0	0	0	0	0	0	0	18000	0	0	0	18000	18000	18000	18000	93	NaN	0.08705416971702758	0.08064135829947255	0.06597292468078671	0.0627653279091714	20.574388939960293	0.02509251377084735	6.131187934480188e-8	NaN	0.009269332561948741	0.38051265482220625	0.008351034384805521	0.000009555277337548835	NaN	18.408811561266145	905.9100670692911	95.38600265587701	95.63948937733967	95.13251533762613	0.5069731271366253	0.00027985902014026774	65.75355748665066	019
DATA	2026-08-30T043000_AIU-1657.ghg	2026-08-30	05:00:00	242.208	0	18000	18000	0.07928250009460283	0	NaN	26.24119270474938	0	NaN	49.73703277467277	1	NaN	23.67720863001747	1	NaN	1.126271217194041	1	NaN	0.027812698024343337	0	NaN	NaN	NaN	NaN	NaN	NaN	NaN	NaN	NaN	NaN	-3.105595732438692e-10	-1.5021017589508512e-11	-1.4260860312328123e-12	NaN	18.551066209302604	466.0122914003824	476.75837300172003	0.1	0	897.2703334289259	22.53989066553594	23.059652716552257	0.1	1	0.08518628522453299	2.072963303193794	2.1207651170596	0.7	0	NaN	NaN	NaN	NaN	9	302.4551733729045	294.0276244388157	97992.69167404514	1.1511867306605608	1018.050183630699	0.024946203924223757	0.07298237487417385	0.01628178932497979	2209.337028700311	2460.94680435391	0.014143482452787796	89.77589539081256	251.60977565359917	292.24956732244436	-0.42293005757464225	-1.6187878471744894	0.5295478384058904	1.7549258790389253	1.0194123218747683e-15	-1.6740793749533178e-14	1.7549258790389253	3.1932283159562784	265.64200060193707	255.35799939806296	17.562706733541376	NaN	0.26243139008248784	0.24063374738311505	-59.351624461062	-0.03374970808615602	0.5275986773001061	0.08532038924336605	0	16.816668425970008	-2.5519943127629623	5.772618084023788	14.374635239261991	21.92222572485963	30.746233283980164	46.06346015665873	0.07834913051909038	1.0119129538429916	28.738654403758247	1.023228447780711	45.035855415143345	1.1043874334392825	21.439223150413735	1.1043874334392825	1.019815313985064	1.1043874334392825	0.012481330614776643	1.3054257088015828	NaN	NaN	800000009	800000009	800000009	800000009	800000019	800101019	899999999	899999999	89999	89999	89	89	4	3	0	8	3	0	13	NaN	0	0	0	0	0	0	0	0	0	NaN	NaN	NaN	NaN	0	0	0	0	0	0	0	0	18000	0	0	0	18000	18000	18000	18000	93	NaN	0.28199458748891215	0.11497083993793755	0.08430206733938042	0.07714390113743567	35.52831733689604	0.03970523145175164	1.4405757153804934e-7	NaN	0.024521750438548488	0.5471635474206352	0.02602733135427009	0.000012481330614776643	NaN	18.552427512657992	897.3339142010173	95.33636514366995	95.567500158098	95.10522981304591	0.4622723072883185	0.00027933548824674086	65.47837172534732	090
DATA	2026-08-30T050000_AIU-1657.ghg	2026-08-30	05:30:00	242.229	0	18000	18000	0.04939251205475098	1	NaN	7.250363015335408	1	NaN	16.017550938320912	1	NaN	17.570867835491004	1	NaN	0.3626337026415587	1	NaN	0.014442219448867569	0	NaN	NaN	NaN	NaN	NaN	NaN	NaN	NaN	NaN	NaN	-3.945911557682452e-10	-1.8675566955597352e-11	-1.7956431835641208e-12	NaN	18.72488986818283	470.0364824777811	480.730973503113	0	0	886.2285161678147	22.246311585460248	22.75247012520442	0.1	1	0.08521027489663063	2.071282427292172	2.1184092188399983	1.2	0	NaN	NaN	NaN	NaN	9	302.21109016757543	293.8107868364122	97983.59137413194	1.1520583167113105	1017.877996507443	0.024930121946957182	0.023498663931173003	0.01608008747376051	2180.358205138995	2428.319942113143	0.013957702696564059	89.78875342273186	247.96173697414815	292.0379955870631	-0.3155736273443276	-1.7860100387483921	0.4211574187386714	1.861932368305518	-1.1829223115790827e-14	-2.107308286169047e-14	1.861932368305518	3.2719317400265946	261.0202803442643	259.9797196557357	13.073083432088161	NaN	0.20705862492265414	0.17053812292002946	-105.49586265422936	-0.018987474481016484	0.4526511601713969	0.029860442301116116	0	14.214353219509363	-2.157082940386238	4.879327484445453	12.15021534092539	18.529845027434163	25.988371120703736	38.93531564007011	0.04880980585099396	1.0119383020193913	8.066968912177375	1.023668991090497	14.480831199025847	1.106120962130851	15.885123270462369	1.106120962130851	0.3278427179817429	1.106120962130851	0.008638116923417748	1.3056635079007217	NaN	NaN	800000009	800000009	800000009	800000009	800000019	800000019	899999999	899999999	89999	89999	89	89	9	13	0	38	7	0	12	NaN	0	0	0	0	0	0	0	0	0	NaN	NaN	NaN	NaN	0	0	0	0	0	0	0	0	18000	0	0	0	18000	18000	18000	18000	93	NaN	0.1520659951826929	0.10911417292532422	0.07989607773204176	0.0353818279362734	18.95176687496721	0.01920978762249332	6.093559312980504e-8	NaN	0.006879235760278242	0.40503092130848917	0.00835916951021303	0.000008638116923417748	NaN	18.726278635819746	886.2930389172017	95.35877389187283	95.58148944769965	95.13605962456597	0.44543191783957736	0.0002791143917420413	65.37541037983365	142
DATA	2026-08-30T053000_AIU-1657.ghg	2026-08-30	06:00:00	242.249	1	18000	18000	0.07846168029834664	1	NaN	11.571407426071689	0	NaN	12.621224985945519	1	NaN	4.626320878389687	1	NaN	0.28570115919160205	1	NaN	0.029146055230743192	1	NaN	NaN	NaN	NaN	NaN	NaN	NaN	NaN	NaN	NaN	-2.3260564336633023e-10	-1.0804329618870504e-11	-1.0499831526171887e-12	NaN	18.897075235919626	474.06874545526307	484.74282139633465	0.1	0	877.7526921817773	22.02008048375877	22.515882017956997	0.1	1	0.08530150147821897	2.071937717005648	2.118589222190302	0.2	0	NaN	NaN	NaN	NaN	9	302.05486346605096	293.6641828138563	97981.71196462674	1.152710778857115	1017.7457577945224	0.024918160409320444	0.01851343511561581	0.01592420349648514	2158.1439274182917	2406.4758686556565	0.013814569785036281	89.68068018167612	248.33194123736484	291.8741352884856	-0.34085256158936644	-1.8225395027771507	0.3678783795255142	1.890281780594517	-2.2375922017179744e-16	-1.230908172097408e-14	1.890281780594517	3.809850174586996	261.59312219531625	259.40687780468375	11.222270644628987	NaN	0.26089672359793886	0.2522846967479491	-132.22390675172258	-0.01514930279409479	0.9168212625127224	0.03780575408512516	0	14.086587277693827	-2.1376939657915726	4.835469571120141	12.0410029355263	18.363289218311827	25.754774230207794	38.58534493118052	0.07753510831869928	1.011950353842788	12.11730046833091	1.0237906054645927	11.40549517994201	1.1065915847425478	4.180694071938037	1.1065915847425478	0.25818121439814795	1.1065915847425478	0.019271212772536003	1.3057404428525177	NaN	NaN	800000009	800000009	800000009	800000009	800000019	800011019	899999999	899999999	89999	89999	89	89	6	6	0	58	36	0	8	NaN	0	0	0	0	0	0	0	0	0	NaN	NaN	NaN	NaN	0	0	0	0	0	0	0	0	18000	0	0	0	18000	18000	18000	18000	93	NaN	0.19842978524688198	0.1763979809772755	0.1297416272717408	0.027163385432508506	7.185317751928963	0.01827431993586977	8.576390640969617e-8	NaN	0.010328713285949536	0.10652144549516451	0.006578294341599293	0.000019271212772536002	NaN	18.89848260367153	877.8159584712182	95.35267006640964	95.5629916695489	95.14234531063504	0.420644676988323	0.0002794754444767022	65.0533946216901	126
DATA	2026-08-30T060000_AIU-1657.ghg	2026-08-30	06:30:00	242.27	1	18000	18000	0.027896705795806956	1	NaN	-5.522221870104914	2	NaN	-20.719963613188167	2	NaN	17.767560590744154	0	NaN	-0.46888941012292107	2	NaN	0.014504917867322272	0	NaN	NaN	NaN	NaN	NaN	NaN	NaN	NaN	NaN	NaN	2.673861268583167e-10	1.2216017784910774e-11	1.205025759025166e-12	NaN	18.927108060260952	474.3547536286389	484.86257562425385	0	0	864.7190914418388	21.671753036592463	22.151821849014908	0.1	1	0.08529856438121293	2.0686800424948992	2.1145050742588585	-0.1	0	NaN	NaN	NaN	NaN	9	301.8388086276584	293.35674899970155	97994.75744509549	1.1542257213903682	1017.5408408196275	0.024888760121173054	-0.030384033775965283	0.01569081764255392	2124.2878471518684	2361.2255308711324	0.013594236683317822	89.96547849320221	236.937683719264	291.6215335968875	-0.35756192359931604	-1.7525769406590201	0.47032046219845486	1.8494804133324425	1.1328947700732455e-14	1.4127151702573953e-14	1.8494804133324425	3.4310229683862565	262.5312674319873	258.4687325680127	14.732033732948654	NaN	0.15546444725461708	0.12877173881619153	58.62477842839649	0.03416814619515465	0.2665169675582849	-0.03024406529136951	1	18.697738275881637	8	17	33	60	123	467	0.027532768367030284	1.0132183376522528	-6.57621072086078	1.0285461215477174	-18.186333656828378	1.1393150485506733	15.594949450853237	1.1393150485506733	-0.41155377585804465	1.1393150485506733	0.012525079684658932	1.450638214127835	NaN	NaN	800000009	800000009	800000009	800000009	800000019	800000019	899999999	899999999	89999	89999	89	89	7	1	0	25	17	0	17	NaN	0	0	0	0	0	0	0	0	0	NaN	NaN	NaN	NaN	0	0	0	0	0	0	0	0	18000	0	0	0	18000	18000	18000	18000	93	NaN	0.09684023484288828	0.09359660322699774	0.06710663956249699	0.05881063585625849	21.100753541447062	0.03769789966632162	2.1187018774257303e-7	NaN	-0.0055992920894729825	0.39673929841135225	-0.010470027928402816	0.000012525079684658932	NaN	18.92855931340324	864.7789807665354	95.39291051016913	95.59730870776707	95.18851228968303	0.4087962429788379	0.0002790865651655219	65.03032923147413	193
DATA	2026-08-30T063000_AIU-1657.ghg	2026-08-30	07:00:00	242.291	1	18000	18000	0.020655696919473044	1	NaN	5.9514661280398595	0	NaN	10.550931638466349	1	NaN	6.2834055841291345	1	NaN	0.23871222700557718	1	NaN	0.020845588077176465	1	NaN	NaN	NaN	NaN	NaN	NaN	NaN	NaN	NaN	NaN	1.6431302022776592e-10	7.374437761869e-12	7.378320505985333e-13	NaN	19.050110416377844	476.8432157676665	487.27127169126874	0.1	0	854.9770032075129	21.40092496610266	21.868940521286884	0.5	0	0.08554271604989566	2.0721512792649865	2.1174670323423412	0.2	0	NaN	NaN	NaN	NaN	9	301.6477192298041	293.1242379964193	98027.05570486111	1.155641309897805	1017.3817922242035	0.02486083966491487	0.0154685523099614	0.015512133930093878	2098.432395117233	2327.4990383469417	0.013422965930030348	90.15824971543711	229.06664322970846	291.4262361555548	-0.3387661929199447	-1.4343112110263627	0.43034328433774816	1.5353196819933088	-3.5587297409174266e-14	8.625305399096375e-15	1.5353196819933088	3.045867378140983	264.2890050152156	256.7109949847844	16.277845216969318	NaN	0.13369291645795495	0.15647690424204228	-34.60048349130387	-0.057892254612668594	0.5640702008097691	0.03786243581011648	1	20.287597728365448	9	17	30	49	86	238	0.020411144911091073	1.0119812979353786	6.47671108626593	1.022433495753141	9.582890803129306	1.1010176214280691	5.7069073753599655	1.1010176214280691	0.21681054177494155	1.1010176214280691	0.014307067119974719	1.3051739501658293	NaN	NaN	800000009	800000009	800000009	800000009	800000019	800000019	899999999	899999999	89999	89999	89	89	12	4	1	20	9	0	4	NaN	0	0	0	0	0	0	0	0	0	NaN	NaN	NaN	NaN	0	0	0	0	0	0	0	0	18000	0	0	0	18000	18000	18000	18000	93	NaN	0.18462535022281787	0.07346612003354817	0.054862338227718535	0.0317747875538378	21.396619138430562	0.014904568036144435	2.0679045500309376e-7	NaN	0.005508679502302107	0.14498209240235405	0.0055080000311791165	0.00001430706711997472	NaN	19.051503515844907	855.0399779934293	95.35237403572928	95.53435593414308	95.17039100435045	0.3639668548537609	0.00027806650767969493	64.77539123927221	064
DATA	2026-08-30T070000_AIU-1657.ghg	2026-08-30	07:30:00	242.312	1	18000	18000	0.006123695872661208	1	NaN	11.956279167879737	0	NaN	7.951498201405909	1	NaN	7.468659715790529	0	NaN	0.17988679722012374	1	NaN	0.011043108409185157	0	NaN	NaN	NaN	NaN	NaN	NaN	NaN	NaN	NaN	NaN	-7.38513596292091e-11	-3.2903957020865354e-12	-3.310060156223116e-13	NaN	19.113071224113977	478.1966141311534	488.60673029242577	0	0	851.5695272944561	21.305715856680855	21.76953130499827	0.1	1	0.08566587783845218	2.074257506186004	2.119413119901548	0.3	0	NaN	NaN	NaN	NaN	9	301.51844669914243	293.04433011203344	98067.14945659722	1.1564711993386902	1017.3260219934024	0.024843901082591782	0.011656664459864017	0.015453652187682925	2089.9512781666813	2316.0058697512372	0.013362764413432735	90.23946378819686	226.05459158455596	291.361714820538	-0.35120577188705615	-1.3963565501984683	0.48427991265679443	1.519106363389942	-9.734046052054413e-15	-3.863919030241181e-15	1.519106363389942	2.5190850898292942	265.1179558817299	255.88204411827007	18.589923968364978	NaN	0.07276782530801759	0.05426516138970972	-2.7779334637108084	-0.7210755859228631	1.503651118950859	0.13965666786681347	1	28.755626596929854	13	22	37	55	87	192	0.006051118432206656	1.0119940538708123	12.238621340947253	1.0223816522822218	7.223521602030025	1.1007786284146088	6.784888008361164	1.1007786284146088	0.16341777772266966	1.1007786284146088	0.005201115806561488	1.3051693558293862	NaN	NaN	800000009	800000009	800000009	800000009	800000019	800000019	899999999	899999999	89999	89999	89	89	11	10	0	46	0	0	8	NaN	0	0	0	0	0	0	0	0	0	NaN	NaN	NaN	NaN	0	0	0	0	0	0	0	0	18000	0	0	0	18000	18000	18000	18000	93	NaN	0.0638221907543646	0.025444857376046768	0.019263274649008084	0.03315457431425568	35.617491550150525	0.012231500565569986	1.8429643404614914e-7	NaN	0.010402495176144612	0.17223363167445183	0.004148342213262585	0.000005201115806561488	NaN	19.11450576983559	851.6334193316732	95.42001223542954	95.61358382288616	95.22643813069661	0.3871439714945041	0.00027804958266238415	64.78798287147946	218
DATA	2026-08-30T073000_AIU-1657.ghg	2026-08-30	08:00:00	242.333	1	18000	18000	0.009045217910653871	1	NaN	13.089998630816062	1	NaN	3.7380778300606057	2	NaN	-1.16424411809855	2	NaN	0.0845955743769142	2	NaN	0.029093221004797075	1	NaN	NaN	NaN	NaN	NaN	NaN	NaN	NaN	NaN	NaN	-2.9329435566572337e-10	-1.3251912153105336e-11	-1.321466228772121e-12	NaN	18.963002088630848	474.7367903541029	485.1431207356436	0.1	1	856.8048889563319	21.450021523053096	21.920210510288644	0.1	1	0.08543964918582114	2.07218105090569	2.1176036957569733	0	0	NaN	NaN	NaN	NaN	9	301.55245352681476	293.39931859842943	98096.63957313368	1.155355753307473	1017.415075590329	0.02486651882716902	0.00548179321962404	0.015544169940097738	2104.7394528602226	2367.446485402228	0.013454011801645474	88.90335920318083	262.70703254200544	291.4740698989331	-0.29585851988996664	-1.4291567097653994	0.36045658784001083	1.503313046765762	-6.78332992862549e-15	-1.54666626251951e-14	1.503313046765762	2.968888277461747	262.6959402117857	258.3040597882143	13.873249369036293	NaN	0.088481331888726	0.09976709854120952	-4.562705186413386	-0.4390158728564666	3.501799380834142	0.12585603628134265	1	26.111449760624566	12	21	34	51	83	188	0.008937896081124651	1.0120075047365862	13.110748682319285	1.022332151501417	3.396550543952647	1.1005512156196313	-1.0578736378416143	1.1005512156196313	0.0768665493947824	1.1005512156196313	0.01931729520087249	1.305168173925877	NaN	NaN	800000009	800000009	800000009	800000009	800000019	800010019	899999999	899999999	89999	89999	89	89	4	1	0	70	0	0	9	NaN	0	0	0	0	0	0	0	0	0	NaN	NaN	NaN	NaN	0	0	0	0	0	0	0	0	18000	0	0	0	18000	18000	18000	18000	93	NaN	0.09713808791842908	0.05651520728323354	0.045880901880756414	0.026492291897229778	20.852614165582388	0.016483526463538095	1.5253506006230932e-7	NaN	0.01115356217815999	-0.026882417848062227	0.0019533133499623438	0.00001931729520087249	NaN	18.964362735516215	856.8654484507492	95.51813810178969	95.74267490005495	95.29360245259603	0.44907233923011464	0.00027841447424887324	64.4717138550017	153
DATA	2026-08-30T080000_AIU-1657.ghg	2026-08-30	08:30:00	242.354	1	18000	18000	0.03395611586300721	1	NaN	10.380410875805277	1	NaN	0.43343513701008396	2	NaN	8.833561582309564	1	NaN	0.009814462753102077	2	NaN	0.008488173171196906	0	NaN	NaN	NaN	NaN	NaN	NaN	NaN	NaN	NaN	NaN	4.626054946519518e-10	2.146750728806368e-11	2.0861768636962515e-12	NaN	18.845201758311806	473.4015408207106	484.0350675228423	0.1	1	874.5237805615897	21.968504795636456	22.461960482209264	0.1	1	0.08498477504997384	2.0669624198331658	2.1133904480256698	0	1	NaN	NaN	NaN	NaN	9	301.9518698442247	293.9783449185695	98110.5594595862	1.153015813807	1017.7223581739178	0.024912058122141048	0.0006359771864010146	0.015890797189829577	2155.9204437452213	2453.4983996392552	0.013781942103085061	87.87127980447073	297.57795589403395	291.8576527757628	-0.39683833880493413	-0.13531019026568225	0.33441701223223214	0.5363061185606126	2.5508049366670432e-14	2.4547654123571085e-14	0.5363061185606126	1.975271584172075	322.1721348631289	198.8278651368711	38.576295604820544	NaN	0.17160951800178492	0.13808247838147736	-41.98613725008704	-0.04770860410589086	23.949167913361336	0.051547617017983244	1	2.5081861995336223	1	2	4	6	12	35	0.033346811036290246	1.0182717569621238	10.238172604549213	1.0236217788028585	0.3963315080544804	1.0936176614817694	8.077376484886642	1.0936176614817694	0.008974308937004748	1.0936176614817694	0.003975696675631379	1.3135792194404619	NaN	NaN	800000009	800000009	800000009	800000019	800000019	800010019	899999999	899999999	89999	89999	89	89	12	3	0	21	4	0	0	NaN	0	0	0	0	0	0	0	0	0	NaN	NaN	NaN	NaN	0	8	0	0	0	0	0	0	18000	0	0	0	18000	18000	18000	18000	93	NaN	0.05347402663093847	0.17774763331432328	0.04494329681769299	0.049287064414938596	9.610492631289652	0.025724741856712533	1.7367615669450315e-7	NaN	0.008724847960949049	0.20574519928221166	0.00022859167009473469	0.000003975696675631379	NaN	18.84671407763486	874.5844558130027	95.72281685638428	96.03377898152671	95.4118565487332	0.6219221094846734	0.0002795474623336405	62.24902259431061	101
DATA	2026-08-30T083000_AIU-1657.ghg	2026-08-30	09:00:00	242.374	1	18000	18000	0.010172002688435839	0	NaN	8.15949419368062	2	NaN	36.113965905955915	0	NaN	3.375297455211162	2	NaN	0.81858055172403	0	NaN	0.0213428152110623	0	NaN	NaN	NaN	NaN	NaN	NaN	NaN	NaN	NaN	NaN	9.270228966809541e-11	4.500215326665039e-12	4.2707907966784644e-13	NaN	18.443258687281794	465.2801904849084	476.0323035100664	0.1	1	895.32454608528	22.58693989016369	23.10889920749114	0.1	1	0.08496801939241844	2.076917328172598	2.1249126013716304	1	0	NaN	NaN	NaN	NaN	9	302.3784802271525	295.0345724957666	98125.30115824501	1.1487896725699662	1018.096082075417	0.024997807973847895	0.05304401975171714	0.01628209418283095	2216.9447914658263	2617.535194085025	0.014173259537062298	84.6958923981449	400.5904026191988	292.3047075819731	-0.2520160640120143	-0.4216610533314015	0.22449626990527638	0.5401006532286782	1.278560912377378e-14	5.026350887331075e-15	0.5401006532286782	1.7785908343451227	281.86568491990556	239.1343150800945	24.560657207087523	NaN	0.09409855878202912	0.06976960213356398	-8.808169142714927	-0.227413889032402	0.22593736215315408	0.07413972606913297	1	6.634825392285886	3	5	9	14	24	61	0.00999024737467025	1.0181932745956241	10.162754199896876	1.023576868224221	33.0234642423267	1.0935850230899784	3.086451792905953	1.0935850230899784	0.748529409639399	1.0935850230899784	0.012628147428594985	1.3134690486036122	NaN	NaN	800000009	800000009	800000009	800000019	800000019	800001019	899999999	899999999	89999	89999	89	89	4	4	0	4	2	0	5	NaN	0	0	0	0	0	0	0	0	0	NaN	NaN	NaN	NaN	0	2	0	0	0	0	0	0	18000	0	0	0	18000	18000	18000	18000	93	NaN	0.07420679700137714	0.038795175275006	0.02653723199074482	0.16849392184544962	19.875453609791776	0.07864554077200597	2.4569678978808563e-7	NaN	0.008689246804596209	0.0789379747934134	0.01914411746396064	0.000012628147428594986	NaN	18.444812629373775	895.3785872286426	95.8031494547526	96.18852923032972	95.41776674779257	0.7707612126121973	0.0002804089000791362	62.1557919469145	166
DATA	2026-08-30T090000_AIU-1657.ghg	2026-08-30	09:30:00	242.395	1	18000	18000	0.05863651293347349	0	NaN	12.12699651702394	0	NaN	33.07825536261081	0	NaN	0.09050137678659123	2	NaN	0.7504874807835128	0	NaN	0.019143358327702392	0	NaN	NaN	NaN	NaN	NaN	NaN	NaN	NaN	NaN	NaN	1.934834092604348e-10	9.958109034969315e-12	9.258512539986596e-13	NaN	17.759561693040805	449.2661209644847	459.9002132953042	-0.1	0	914.0403946186242	23.122607955807318	23.669918194566307	0.1	1	0.08498254463686845	2.086979061203301	2.136377684855756	-0.1	0	NaN	NaN	NaN	NaN	9	303.42789097340903	296.0203229994577	98115.85117940664	1.1446200359709955	1018.4216259482473	0.025083744734755452	0.048631588754771624	0.016611132305356036	2269.3029143180083	2779.192917500597	0.014512355002823801	81.65330661388032	509.89000318258877	292.67975726630584	0.2814368957675171	-0.40800273949930266	0.06949116759091434	0.5005017323759587	-1.4099523363485536e-14	1.0894604979820672e-14	0.5005017323759587	2.980678100867617	216.40241125054968	304.5975887494503	7.980901825477463	NaN	0.22633587458747328	0.4096306787057817	-82.47591660971284	-0.024287089884419705	0.36661536057706934	0.04596326809454164	0	15.816119974765671	-2.4001572251520744	5.429162178426899	13.51938147193077	20.617909766409316	28.916911606617116	43.322802937914815	0.05753912093129837	1.0190721023264397	13.892830730870465	1.024086418273671	30.236562117606326	1.0939820219624046	0.08272656677140657	1.0939820219624046	0.6860144551893776	1.0939820219624046	0.010026425869852399	1.3147216305783143	NaN	NaN	800000009	800000009	800000009	800000019	800000019	810000119	899999999	899999999	89999	89999	89	89	4	2	0	3	1	0	1	NaN	0	0	0	0	0	0	0	0	0	NaN	NaN	NaN	NaN	0	3	0	0	0	0	0	0	18000	0	0	0	18000	18000	18000	18000	93	NaN	0.29317501912806976	0.45298699401108644	0.07309934427240718	0.07712073034634834	9.343865787641633	0.0499733070814193	4.736139819339669e-7	NaN	0.011917956274386288	0.002124222830669678	0.017615230811033448	0.000010026425869852399	NaN	17.760903927940667	914.102297505842	95.78810627259148	96.20778315056694	95.36843117862279	0.8393502729303296	0.000280995621926397	61.06471615250905	252
DATA	2026-08-30T093000_AIU-1657.ghg	2026-08-30	10:00:00	242.416	1	18000	18000	0.11085095453042502	1	NaN	24.433160297930428	1	NaN	66.22189543712086	1	NaN	-2.17591840355364	2	NaN	1.503239759071666	1	NaN	0.08193061863821499	1	NaN	NaN	NaN	NaN	NaN	NaN	NaN	NaN	NaN	NaN	-4.579782311277719e-12	-2.4549642723548e-13	-2.246840284380188e-14	NaN	17.17091066502577	435.3680387970612	445.77128737817435	0.1	1	920.4361548502002	23.337637204720643	23.895296976456237	0.1	1	0.08424045332169891	2.073962525353955	2.1235204758153285	0.5	0	NaN	NaN	NaN	NaN	9	303.5418628200955	296.55674191633966	98095.17396270717	1.142215136583125	1018.5551752581846	0.025134495946047098	0.09740993638784395	0.01673175505637098	2289.923664536515	2870.7738682407853	0.01464851455779436	79.76677264168437	580.8502037042704	292.82538797176994	0.0452435703733205	-0.4683141899690119	0.054191206863265916	0.47360516053751855	-2.368614879678915e-14	-2.6671749685390643e-16	0.47360516053751855	3.8471649376482673	245.4818122474535	275.51818775254657	6.570331523971593	NaN	0.3115270503191564	0.42822177292038144	-106.72934096891248	-0.018768034935992453	0.3689589392851228	0.06741420391629017	0	16.197950738189075	-2.4581015166140894	5.5602323234843265	13.845764665575961	21.115664730260338	29.615020020831096	44.36869655441608	0.10870375223254417	1.0197527891520015	27.9610446859958	1.0244909031879281	60.513557113112924	1.0943315613282791	-1.9883538777886942	1.0943315613282791	1.3736602435618885	1.0943315613282791	0.0539045340827187	1.315694478764464	NaN	NaN	800000009	800000009	800000009	800000019	800000019	800011019	899999999	899999999	89999	89999	89	89	17	3	0	26	0	0	4	NaN	0	0	0	0	0	0	0	0	0	NaN	NaN	NaN	NaN	0	19	0	0	0	0	0	0	18000	0	0	0	18000	18000	18000	18000	93	NaN	0.49542829188480564	0.2305490855907546	0.13046616836520264	0.07710417830053372	23.29218584943396	0.04534328397874597	4.179450945124561e-7	NaN	0.024033715876637118	-0.05117079834072979	0.03535149959832912	0.000053904534082718695	NaN	17.17235770088555	920.5001917322501	95.78978727828132	96.2346276389228	95.34494795311822	0.8896791337860921	0.00028168288688498765	62.17943968309477	067
DATA	2026-08-30T100000_AIU-1657.ghg	2026-08-30	10:30:00	242.437	1	18000	18000	0.3352815144776703	0	NaN	64.8824468302977	0	NaN	98.09095845381505	0	NaN	-0.4837389007729158	2	NaN	2.2292508811230847	0	NaN	0.04053509251289107	1	NaN	NaN	NaN	NaN	NaN	NaN	NaN	NaN	NaN	NaN	-2.3274956825491945e-11	-1.2665105144485656e-12	-1.1596744170908847e-13	NaN	16.703543106389322	426.4282270680309	436.55819344564304	0.1	1	908.9259813198296	23.204160475511703	23.755384223183903	0.1	1	0.08322538151408615	2.059917113598807	2.1088512361002585	0.7	0	NaN	NaN	NaN	NaN	9	304.08884302351214	297.7515010806186	98067.44836752696	1.1373682512368657	1018.503058218058	0.025242891715779325	0.14445545709677587	0.016564622771474108	2276.1832076612427	3084.27447095765	0.01456399257976509	73.79963194243541	808.0912632964073	292.7284766908899	0.8741350325029644	0.3932340670688254	0.14226182890490668	0.9690116173276767	1.3477086412224849e-13	-1.3934143598904457e-15	0.9690116173276767	4.801982249039537	136.77916106758835	24.220838932411674	8.442180087488344	NaN	0.5429430199529287	0.9411913231295317	-212.72765994130089	-0.009416264911449345	0.6614518591012323	0.10315957085933093	0	18.046227266141248	-2.738584610427313	6.194685845387432	15.425643642649247	23.525079854670764	32.99425899149211	49.43141231042955	0.3308258884223626	1.0134681904023763	69.83363147808167	1.0215074127923145	89.640092524614	1.094275515466258	-0.4420631677633766	1.094275515466258	2.037193421231971	1.094275515466258	0.010108737403079701	1.3067992833982283	NaN	NaN	800000009	800000009	800000009	800000019	800000019	800000019	899999999	899999999	89999	89999	89	89	4	1	0	7	0	0	1	NaN	0	0	0	0	0	0	0	0	0	NaN	NaN	NaN	NaN	0	2	0	0	0	0	0	0	4	0	0	0	18000	18000	18000	18000	93	NaN	0.9896022212599354	0.59029878504889	0.302481639950238	0.19847159051106092	2.533667045802664	0.0630008584912163	3.176561129311395e-7	NaN	0.06028387883579368	-0.011424110679639754	0.05264660079630389	0.000010108737403079701	NaN	16.70492189683826	909.0013016911047	95.77709466679892	96.29837539248996	95.25581395933364	1.0425597749650364	0.00028392741193884947	59.674549647119214	067
DATA	2026-08-30T103000_AIU-1657.ghg	2026-08-30	11:00:00	242.458	1	18000	18000	0.42209246736700884	0	NaN	27.623941685471927	0	NaN	149.73505482494957	0	NaN	0.6172989167647772	1	NaN	3.404516030129531	0	NaN	0.07275974888746414	0	NaN	NaN	NaN	NaN	NaN	NaN	NaN	NaN	NaN	NaN	-1.0081912138060653e-10	-5.413500105503547e-12	-5.023789806161062e-13	NaN	16.61063644119245	425.3292217537734	435.2699721772059	0.1	1	891.9109876727575	22.838125896232064	23.37189620417672	0.1	1	0.08277035634151254	2.052761859065355	2.1007387961673234	0.2	0	NaN	NaN	NaN	NaN	9	305.1084958114624	298.23043913608126	98056.67634375	1.135575525332332	1018.3042684616065	0.0252862728314921	0.2206126387523936	0.016275353763836445	2240.0314228887732	3173.6723288879257	0.014332251268865078	70.58168552875445	933.6409059991524	292.47102750628926	1.1904515350535751	0.505848033012296	0.2917084551102626	1.3259528319654166	-6.6820253171495784e-15	-6.069551984810576e-15	1.3259528319654166	6.329268755776946	137.9783347868388	23.02166521316121	12.708981259786245	NaN	0.6096713529971423	1.4491898540426444	-707.3460623206913	-0.0028318529029880274	0.1844854681341399	0.039182872548053915	0	15.142728199210428	-2.2979674252494693	5.198008572805465	12.943776310341383	19.740075576482095	27.685736673610677	41.47827853882466	0.4169851118781729	1.012248292189214	36.14986189453606	1.0218541547446023	136.35648599040275	1.0981146495333447	0.5621443234794334	1.0981146495333447	3.1003283961071966	1.0981146495333447	0.04198652534980959	1.3053049799812357	NaN	NaN	800000009	800000009	800000009	800000009	800000019	800000019	899999999	899999999	89999	89999	89	89	13	9	2	6	0	0	1	NaN	0	0	0	0	0	0	0	0	0	NaN	NaN	NaN	NaN	0	0	0	0	0	0	0	0	0	0	0	0	18000	18000	18000	18000	93	NaN	1.4257250859984916	0.8813138464294711	0.591340775657326	0.1403578014035565	2.9898312695017553	0.1081794834114187	2.1598143176291223e-7	NaN	0.03126173335648406	0.014546846562591075	0.08022850998950895	0.00004198652534980959	NaN	16.61180622839015	891.9668157630404	95.75027522998386	96.29970618947348	95.20084308454724	1.098862639109293	0.0002848334019573586	60.03973386065173	001
DATA	2026-08-30T110000_AIU-1657.ghg	2026-08-30	11:30:00	242.479	1	18000	18000	0.30438174797025846	0	NaN	22.884699519962332	0	NaN	230.96588473739197	0	NaN	7.095089876172844	1	NaN	5.255971425447737	0	NaN	0.09421885848236783	1	NaN	NaN	NaN	NaN	NaN	NaN	NaN	NaN	NaN	NaN	-7.829594442028841e-10	-4.231511403959748e-11	-3.914806265654936e-12	NaN	16.52357047610238	424.51935615462077	434.4878931508087	0.1	1	893.0178621824236	22.94318703312616	23.48193751749012	0.1	1	0.08261804325854025	2.057231309085642	2.1055390861446157	0.7	0	NaN	NaN	NaN	NaN	9	305.52812155490454	299.11516245863163	98057.47576779514	1.1321805773135263	1018.3837622501069	0.02536107972603771	0.3405869483690134	0.016301996677066673	2250.354478428692	3344.7700921464707	0.014398760236417908	67.27979551457155	1094.4156137177788	292.54491081802905	0.8129725696734907	0.6107798843353414	0.2324333779618847	1.0430732195492551	6.510824346122951e-14	-4.738439826520899e-14	1.0430732195492551	4.860918773107835	124.08275064554937	36.91724935445066	12.875609812161631	NaN	0.5185032145811116	1.2055099732770203	-525.240726106322	-0.0038136799003558645	0.09908259631495889	0.03827952983191915	0	14.606205182351417	-2.216547987522068	5.013837582977754	12.485164505109703	19.040663636837607	26.704801483552636	40.00865887432267	0.30044511122650575	1.013102681976359	36.397036737236604	1.0214884634924515	210.94350729150653	1.0949181973077566	6.480018227497387	1.0949181973077566	4.800332516503425	1.0949181973077566	0.05549974902782249	1.3063114484040999	NaN	NaN	800000009	800000009	800000009	800000009	800000019	800000019	899999999	899999999	89999	89999	89	89	10	5	0	7	4	0	1	NaN	0	0	0	0	0	0	0	0	0	NaN	NaN	NaN	NaN	0	0	0	0	0	0	0	0	0	0	0	0	18000	18000	18000	18000	93	NaN	1.1689441190995333	0.7740002518423901	0.46807557561211705	0.2537333952019534	1.2801243990619986	0.12607247244426845	1.294234903874668e-7	NaN	0.031567403443563305	0.16820034604186088	0.12460112951004788	0.000055499749027822485	NaN	16.524779438502243	893.083168350662	95.68297583855522	96.26932996177673	95.09661953904894	1.17271098821031	0.0002854435530833951	59.551364202499016	195
DATA	2026-08-30T113000_AIU-1657.ghg	2026-08-30	12:00:00	242.499	1	18000	18000	0.4210046924859385	1	NaN	-31.37664336912762	2	NaN	218.6068782773752	1	NaN	3.4097731702423855	1	NaN	4.978013265516621	1	NaN	0.38202301991418514	1	NaN	NaN	NaN	NaN	NaN	NaN	NaN	NaN	NaN	NaN	1.8930079014398167e-12	1.017386896771039e-13	9.514978114599712e-15	NaN	16.39579661491461	422.31110027250196	432.11885107678233	0.1	0	881.183254726494	22.69688253553566	23.22399481792397	0.1	1	0.08241151336118728	2.0581570362036716	2.1059556645469395	0.2	0	NaN	NaN	NaN	NaN	9	306.09281920115154	299.79506788003596	98053.98379249286	1.129678800489679	1018.2590506607982	0.025419632104182268	0.322575259605477	0.016089840664167982	2226.1167243940135	3481.6680870710775	0.014242845539097982	63.93822353889898	1255.551362677064	292.37096466553623	0.6948910738634945	0.295317209586004	0.23761843244244596	0.791548089663019	-8.741987104032296e-14	1.1545690312587936e-16	0.791548089663019	5.214966814767196	137.97531091412873	23.02468908587126	17.469289366833717	NaN	0.6104723225672325	1.0406217898873493	625.1975576980725	0.003203947256888293	-0.14352999144572187	-0.04468144861162792	0	16.67593735365766	-2.5306378295956113	5.7243096609499435	14.25434043531639	21.73876855869653	30.488931999919753	45.67797594670352	0.4162790941756129	1.011351995275391	-17.926309145228856	1.020527431059342	198.5279963032176	1.1011387932586116	3.0965879970060883	1.1011387932586116	4.52078638586979	1.1011387932586116	0.27859452637837034	1.3783974643042052	NaN	NaN	800000009	800000009	800000009	800000019	800000019	800000019	899999999	899999999	89999	89999	89	89	15	6	0	21	9	0	1	NaN	0	0	0	0	0	0	0	0	0	NaN	NaN	NaN	NaN	0	8	0	0	0	0	0	0	0	0	0	0	18000	18000	18000	18000	93	NaN	0.873168358676336	0.7422072141939654	0.4658680069043974	0.20569953508692182	0.5784969812745716	0.11447904615567722	0.0000031271098541860483	NaN	-0.015583952789938729	0.08054268590301612	0.11758628473138334	0.00027859452637837037	NaN	16.396974522376425	881.243608969079	95.6398688290914	96.25119375652739	95.02854191462198	1.2226514752043645	0.0002862565337919578	60.609068784131146	113
DATA	2026-08-30T120000_AIU-1657.ghg	2026-08-30	12:30:00	242.52	1	18000	18000	0.3519232992607468	0	NaN	36.982392869792776	1	NaN	203.90434667326417	1	NaN	-7.620606478131919	2	NaN	4.644911307683103	1	NaN	0.06259644745618814	0	NaN	NaN	NaN	NaN	NaN	NaN	NaN	NaN	NaN	NaN	1.2270079038062822e-9	6.681181942227173e-11	6.177354821511652e-12	NaN	16.2492625565406	419.0689108152999	428.8548314414411	0.1	1	884.7887550723319	22.818725379050452	23.351578639185323	0.1	1	0.0818066942260726	2.04663615620365	2.0944283413510396	0.9	0	NaN	NaN	NaN	NaN	9	306.7057375751071	300.17078294787973	98031.08590578778	1.1279489186026443	1018.3371436715753	0.025457433898335814	0.300990252737865	0.016152195072681615	2237.544464557054	3559.3919374185184	0.014319970351752902	62.863109876566554	1321.8474728614642	292.4531834510621	0.6110928971285491	0.623930496713576	0.4285711174210855	0.9728293767859144	-2.079660248554556e-13	7.551160549820712e-14	0.9728293767859144	5.5068821424313406	115.40445355980023	45.59554644019973	26.138397002420948	NaN	0.5585721703651837	1.1164257483091764	-406.2649866349223	-0.004930525804331804	0.1813712825310844	0.05764142338522024	0	15.545723454629185	-2.359123510024912	5.336343803082917	13.288250593419466	20.26542059319743	28.422540529260676	42.58214497782973	0.3472536170414272	1.0134474689107773	48.743467859239594	1.0215049452853369	186.33230405842076	1.094304864117035	-6.963878831225685	1.094304864117035	4.2446227372213645	1.094304864117035	0.028806163260755212	1.3067707779752216	NaN	NaN	800000009	800000009	800000009	800000019	800000019	800000019	899999999	899999999	89999	89999	89	89	37	8	2	16	0	1	0	NaN	0	0	0	0	0	0	0	0	0	NaN	NaN	NaN	NaN	0	16	0	0	0	0	0	0	0	0	0	0	18000	18000	18000	18000	93	NaN	0.9410263487174397	0.8270019326518637	0.464823215249049	0.24689542941934078	2.737152699121274	0.15727778737776585	2.0329216105053845e-7	NaN	0.04243609439585368	-0.18142344731497623	0.11058120168393175	0.00002880616326075521	NaN	16.250434035784387	884.8362851103925	95.62075898488362	96.24043477185567	95.00108435651991	1.2393512741261048	0.0002869935217313469	60.70633242717226	019
DATA	2026-08-30T123000_AIU-1657.ghg	2026-08-30	13:00:00	242.541	1	18000	18000	0.16615332364015892	0	NaN	-5.789741417690459	2	NaN	98.96660003712302	1	NaN	-3.229980738554902	2	NaN	2.256191342893389	1	NaN	0.062212757628661096	0	NaN	NaN	NaN	NaN	NaN	NaN	NaN	NaN	NaN	NaN	1.989983290578205e-10	1.0792468721125664e-11	1.0038650965529343e-12	NaN	16.142925922243577	417.26002587206796	426.92110807778175	0.1	1	875.494904445358	22.629666284745134	23.153625093902242	0.4	0	0.08143445206955145	2.0444759300172266	2.091812959214353	-0.4	0	NaN	NaN	NaN	NaN	9	306.92182510206436	300.9665150486593	98015.99676751083	1.1248746621638195	1018.2487220307561	0.0255288492555938	0.1462011990194916	0.01597355953475696	2218.6642710242663	3729.010217903615	0.01420030166208035	59.4974039055211	1510.3459468793485	292.31714720139047	0.4908062404660387	-0.42468242003281237	0.1742747717327476	0.672025014138483	5.695355359067624e-14	1.2327277596164755e-14	0.672025014138483	4.98548774618724	201.86882032825338	319.13117967174657	15.03018021171311	NaN	0.3843283747339216	0.9522546636251671	845.2021110741518	0.0023699656848399217	-0.05850197354985106	-0.01315220926155732	0	13.856386735718724	-2.102760145427476	4.756449174338969	11.844230974579366	18.063199562303037	25.333894220780067	37.9547899826786	0.16353235405267508	1.016027223497557	0.26777457388890613	1.0224195316603162	90.54400543323683	1.0930221118845536	-2.9550918535269823	1.0930221118845536	2.064177218705426	1.0930221118845536	0.04453356237585686	1.310383173563048	NaN	NaN	800000009	800000009	800000009	800000019	800000019	810000019	899999999	899999999	89999	89999	89	89	35	20	1	18	1	1	3	NaN	0	0	0	0	0	0	0	0	0	NaN	NaN	NaN	NaN	0	4	0	0	0	0	0	0	0	0	0	0	18000	18000	18000	18000	93	NaN	0.5244065814058205	1.0867187124974076	0.2933840333471061	0.1661032132897014	1.120564567918863	0.10779321789482063	2.808606102258239e-7	NaN	0.00023378213948160173	-0.07718728551763651	0.053916508940002654	0.000044533562375856856	NaN	16.14408900813399	875.553579618306	95.59157538689506	96.22864000532363	94.95450550884672	1.2741347350610597	0.00028736974066608434	61.65789087426207	224
DATA	2026-08-30T130000_AIU-1657.ghg	2026-08-30	13:30:00	242.562	1	18000	18000	0.48979448443911855	1	NaN	52.13306147766084	0	NaN	224.5809077470247	0	NaN	-0.8685839256490745	1	NaN	5.123732923748869	0	NaN	0.08360820181822731	1	NaN	NaN	NaN	NaN	NaN	NaN	NaN	NaN	NaN	NaN	-7.626478247339137e-11	-4.1335495146933886e-12	-3.8420792377478123e-13	NaN	16.04466684091299	416.4829752550426	426.10152171014295	0.1	1	869.6205861048958	22.573368000416004	23.094693004462368	0.4	0	0.08083007562181188	2.0363826584162976	2.0834122907520327	0	1	NaN	NaN	NaN	NaN	9	307.5869126544529	301.7380868462457	97961.2547248264	1.1213956956737665	1018.2357721583796	0.02560859863510831	0.3320178934589267	0.015884199839791422	2211.908614647482	3900.1549119709816	0.014164669885100407	56.71335279166314	1688.2462973234997	292.26822450287386	0.7055285499979393	0.7721756321968807	0.3087793524148827	1.0905826104878924	4.757629105459037e-14	-4.753279281494366e-15	1.0905826104878924	7.076042359679426	113.4176086774404	47.582391322559594	16.4472498488914	NaN	0.6608874467504782	1.2837005348335715	-477.1031032234596	-0.004198463574154983	0.23213487736181576	0.06908416160313689	0	17.412608110368485	-2.6424304590204484	5.9771848930971885	14.884035518249469	22.69909329154185	31.835801092274522	47.695831278733564	0.48355408776353853	1.012905271268499	64.9685104698341	1.021505741933319	205.0259179402704	1.0953781356191816	-0.7929534992572151	1.0953781356191816	4.677592839528962	1.0953781356191816	0.04041024907560369	1.3060560144580196	NaN	NaN	800000009	800000009	800000009	800000009	800000019	800000019	899999999	899999999	89999	89999	89	89	23	7	3	4	1	1	1	NaN	0	0	0	0	0	0	0	0	0	NaN	NaN	NaN	NaN	0	0	0	0	0	0	0	0	0	0	0	0	18000	18000	18000	18000	93	NaN	1.0876326922698578	0.9897052725339468	0.4900631048633381	0.23489211855777714	0.4494428056268344	0.18073567889013759	1.4338254829109056e-7	NaN	0.05689782623996584	-0.020775527319580295	0.12255379151304359	0.00004041024907560369	NaN	16.04581044026101	869.6663758226401	95.52166649797229	96.19108319218954	94.85224908129373	1.3388345386816372	0.0002884577758959494	60.634959522724216	222
DATA	2026-08-30T133000_AIU-1657.ghg	2026-08-30	14:00:00	242.583	1	18000	18000	0.38918815932410417	1	NaN	24.29333472855922	0	NaN	145.25994874919027	0	NaN	0.45066184893466527	1	NaN	3.3162839683744707	0	NaN	0.13257982384406075	0	NaN	NaN	NaN	NaN	NaN	NaN	NaN	NaN	NaN	NaN	-2.9620963259281005e-10	-1.6188364288457393e-11	-1.4980848536470704e-12	NaN	15.963074853787765	415.9507064057244	425.62622009528275	0.1	1	872.4094103052564	22.732419274809565	23.261202687129725	0.4	0	0.08073350095595218	2.0405107089932804	2.0879754421804315	0.4	0	NaN	NaN	NaN	NaN	9	308.10061510382764	302.4283173336453	97892.65380967883	1.11798501396648	1018.3434555343212	0.025685165663200404	0.21489520115066568	0.015948435284481952	2225.933773378376	4059.008237417708	0.014265339056646896	54.83935097393367	1833.0744640393323	292.36964538759094	0.6116287353870005	0.828881692147513	0.3544601655178453	1.0893927567537318	3.8073169725295465e-14	-1.8555925804139456e-14	1.0893927567537318	5.678243399053488	107.42347891318428	53.57652108681573	18.988240020398514	NaN	0.5900133228218726	0.9869984998240334	-728.1882040449414	-0.002750799846623683	0.1672404192466345	0.036165548573111855	0	17.026094612018802	-2.583775544467264	5.844507316672654	14.55364959322001	22.195233909772647	31.1291311451336	46.637110925792165	0.3842278231866145	1.012909882726219	32.749967414472884	1.0215050534931511	132.61312769505068	1.0953662829159831	0.41142570842600235	1.0953662829159831	3.027557101306939	1.0953662829159831	0.08951897007731441	1.306061924047741	NaN	NaN	800000009	800000009	800000009	800000009	800000019	800000019	899999999	899999999	89999	89999	89	89	14	3	1	5	3	2	0	NaN	0	0	0	0	0	0	0	0	0	NaN	NaN	NaN	NaN	0	0	0	0	0	0	0	0	0	0	0	0	18000	18000	18000	18000	93	NaN	0.8061007147571764	0.7547607064589391	0.4131355784319515	0.23201584233078798	0.17464689069074843	0.14315807884949908	3.4369045560363516e-7	NaN	0.028766075330403863	0.010813418581321923	0.07957267021677569	0.00008951897007731441	NaN	15.964151055450287	872.4633336878003	95.45990299606322	96.15938344658746	94.76042370181614	1.3989561505648802	0.0002898016807173715	60.52673644754621	223
DATA	2026-08-30T140000_AIU-1657.ghg	2026-08-30	14:30:00	242.604	1	18000	18000	0.6304864262014442	0	NaN	24.651148950647986	0	NaN	211.73479816943856	0	NaN	1.4145432594433112	0	NaN	4.836574560512556	0	NaN	0.13757744954001871	0	NaN	NaN	NaN	NaN	NaN	NaN	NaN	NaN	NaN	NaN	4.259003561374259e-11	2.2920066807129885e-12	2.1581570725641272e-13	NaN	15.917158096705705	415.7688802822589	425.2845522845955	0.1	1	856.5908004040864	22.374835745195007	22.886926977018057	0.4	0	0.08065672363617948	2.043554302160632	2.0903249802477535	0.1	0	NaN	NaN	NaN	NaN	9	308.6760932447645	302.99452774217394	97835.0095221354	1.1153908232340193	1018.1553492285027	0.025748415786462232	0.3134100315212136	0.015659004048267647	2189.629455602894	4193.491087223157	0.014039028941322251	52.214954319905836	2003.8616316202629	292.105950962928	0.9265513280566827	0.5861142731126335	0.2869309551482269	1.133294612045878	9.659874832065495e-14	2.6757311421413373e-15	1.133294612045878	8.441123797871073	128.6835306196607	32.31646938033927	14.665947330826748	NaN	0.7518381118362758	1.800847091430685	-1484.149031333639	-0.0013496623032526846	0.11642464613171974	0.02887165732540892	0	17.950907399798353	-2.724119452963381	6.161965619818377	15.344165654558672	23.400820781880498	32.81998387510517	49.17031642899781	0.622549327455464	1.0127493491614896	37.145272093256935	1.0215385561304777	193.2198470181589	1.0958232367792922	1.2908498487408986	1.0958232367792922	4.413644827178165	1.0958232367792922	0.08982912428326266	1.305860567336331	NaN	NaN	800000009	800000009	800000009	800000009	800000019	810000019	899999999	899999999	89999	89999	89	89	16	17	1	20	20	6	4	NaN	0	0	0	0	0	0	0	0	0	NaN	NaN	NaN	NaN	0	0	0	0	0	0	0	0	0	0	0	0	18000	18000	18000	18000	93	NaN	2.1087981665491946	0.9051506364635259	0.5877453798486497	0.14463929577352555	0.12291534989360844	0.16767064738883672	5.042118592245242e-7	NaN	0.03270863568495904	0.033998247886477304	0.11624604601661231	0.00008982912428326266	NaN	15.918235563001298	856.645749292419	95.45750398212009	96.17110925632053	94.74389906141494	1.4272089086969695	0.0002906999559733473	61.32565368641747	111
DATA	2026-08-30T143000_AIU-1657.ghg	2026-08-30	15:00:00	242.624	1	18000	18000	0.42810268668087514	0	NaN	35.75220812586915	0	NaN	281.2903402933981	0	NaN	-1.749157785843938	1	NaN	6.428360687187391	0	NaN	0.13618217426546805	0	NaN	NaN	NaN	NaN	NaN	NaN	NaN	NaN	NaN	NaN	-3.493839151993535e-10	-1.870226516738031e-11	-1.7686478775542616e-12	NaN	15.868124666929312	415.54991874877516	425.00373710625115	0.1	1	849.4090950369815	22.244082891705247	22.75013886644833	0.4	0	0.08032746727025883	2.039503948060182	2.085902946097221	0	0	NaN	NaN	NaN	NaN	9	309.09504436747227	303.465936302695	97783.8303156599	1.113131085958246	1018.0937802050307	0.02580197345794246	0.4165577725297429	0.015535183044421254	2175.6950776784756	4308.395857733653	0.01395629251612149	50.49895946244264	2132.700780055178	292.00372050612503	0.7768164078987178	0.5727613980497003	0.3465525002791704	1.0254745175411486	7.029819809395227e-14	-2.201797140701213e-14	1.0254745175411486	6.320480920418242	124.5979478199481	36.40205218005189	19.751633536652278	NaN	0.6201558160781911	1.3163046610991085	-574.0826198127743	-0.003489219026789683	0.1271007318935234	0.05087072805793451	0	16.218740301324686	-2.461256413026566	5.567368707759481	13.863535271458664	21.14276602548932	29.65302997273408	44.42564238868684	0.42253250801800185	1.0131828405085366	52.35475828086379	1.0214876300837539	256.943693608614	1.0947547937170616	-1.597762161794202	1.0947547937170616	5.871963954011052	1.0947547937170616	0.08234429591995752	1.306417386635683	NaN	NaN	800000009	800000009	800000009	800000019	800001019	810001019	899999999	899999999	89999	89999	89	89	36	7	1	7	10	0	2	NaN	0	0	0	0	0	0	0	0	0	NaN	NaN	NaN	NaN	0	1	0	0	0	0	0	0	0	0	0	0	18000	18000	18000	18000	93	NaN	1.230434377364371	0.8868093657282642	0.5153655791055816	0.1995780295040494	0.19886843693370027	0.31295816846102575	3.9127628288472004e-7	NaN	0.04619788179342736	-0.04216355815224552	0.1549560376150178	0.00008234429591995752	NaN	15.869212582744657	849.443015745307	95.43692298083835	96.16795800187853	94.70588709174262	1.4620715677274574	0.0002907570576967878	60.733955976062354	209
DATA	2026-08-30T150000_AIU-1657.ghg	2026-08-30	15:30:00	242.645	1	18000	18000	0.5060288751414123	1	NaN	-35.692837901805746	2	NaN	159.78761427749916	0	NaN	-0.13127977164646862	2	NaN	3.651642752004805	0	NaN	0.2162122267720985	0	NaN	NaN	NaN	NaN	NaN	NaN	NaN	NaN	NaN	NaN	-1.1238396220811903e-10	-6.119140245903881e-12	-5.721812067964513e-13	NaN	15.870699816081666	415.3179513890845	424.9270160131849	0.1	1	864.1360926161465	22.613447161482082	23.13664649447887	0.3	0	0.08080259847622445	2.0519439929151124	2.0994190957056587	-0.3	0	NaN	NaN	NaN	NaN	9	309.189633746677	303.4653521931966	97744.16549978298	1.11252497586228	1018.302858139455	0.025812394276769787	0.23662645032991134	0.015786769737923364	2210.9254201732015	4308.2518061698165	0.014190036251264903	51.318388981046816	2097.326385996615	292.26109354937694	0.6989006521797069	-0.022934563625419555	0.20183209484753484	0.7278216198605522	-1.030704236663099e-14	-7.081222851574646e-15	0.7278216198605522	5.24584957553072	162.87949793312907	358.1205020668711	16.099712787913393	NaN	0.6744236090475314	1.0656857882492947	739.42514520436	0.0027089963236865437	-0.22337674958848117	-0.046715562491842104	0	17.82772119117784	-2.7054254705497836	6.119679780698963	15.23886793621317	23.24023511751679	32.59476019752071	48.83289031884879	0.5002240925911753	1.0116043641963905	-25.560075112591253	1.020519508927766	145.17845823658286	1.1006289515563612	-0.11927704741986885	1.1006289515563612	3.317778209305819	1.1006289515563612	0.15985398145994156	1.3788780060213481	NaN	NaN	800000009	800000009	800000009	800000009	800000019	800001019	899999999	899999999	89999	89999	89	89	40	18	0	5	15	3	0	NaN	0	0	0	0	0	0	0	0	0	NaN	NaN	NaN	NaN	0	0	0	0	0	0	0	0	0	0	0	0	18000	18000	18000	18000	93	NaN	0.920326619610512	0.729892716349596	0.48115224053848143	0.06414981086299133	0.8392228759085567	0.15598473184767173	6.301512970227453e-7	NaN	-0.022561885633805564	-0.003150079438925216	0.08762176081755893	0.00015985398145994156	NaN	15.871774618357666	864.1897504971513	95.45638490168254	96.17929925876193	94.73346853468153	1.4458312260773443	0.0002910694279934332	60.8407312005361	060
DATA	2026-08-30T153000_AIU-1657.ghg	2026-08-30	16:00:00	242.666	1	18000	18000	1.074033630006686	0	NaN	39.4851447491239	1	NaN	248.09340645449322	0	NaN	8.052616588824492	0	NaN	5.671892639679248	0	NaN	0.2160254982904094	0	NaN	NaN	NaN	NaN	NaN	NaN	NaN	NaN	NaN	NaN	3.7203300535576356e-10	2.0895924596774018e-11	1.9001550198218152e-12	NaN	15.723858844296027	412.74835013136567	422.54409590889736	0.2	0	883.1597305903866	23.182777542923404	23.73297379484124	0.3	0	0.08030945879489257	2.04361932530831	2.092120489202484	0.1	0	NaN	NaN	NaN	NaN	9	309.5148127763536	303.8607014869949	97690.55636235137	1.110226973872292	1018.6360691309562	0.025860205594411753	0.36753864305121525	0.01615430538462093	2265.3459283040943	4406.714554380715	0.014550452983750994	51.40668632716667	2141.3686260766203	292.65167913923324	1.1810858879144321	0.6331782273530348	0.39621114323717166	1.397448321852943	-3.15947275242175e-14	2.3660413708860146e-14	1.397448321852943	9.154695294356932	132.80431318984023	28.195686810159767	16.470684130553884	NaN	0.9835649698795362	2.509903554192968	-2072.6696203428896	-0.0009664347758754815	0.15915434961939023	0.0354976707485979	0	17.916970764922027	-2.718969437692523	6.150316271253268	15.315157129490661	23.356580950823826	32.75793688301669	49.07735872840697	1.0611617629587105	1.0121299763120812	53.98783605295745	1.0220285048477327	225.73213488336629	1.0990610910700898	7.326814363871387	1.0990610910700898	5.160670945194563	1.0990610910700898	0.14534075660804058	1.305212040811658	NaN	NaN	800000009	800000009	800000009	800000019	800000019	800001019	899999999	899999999	89999	89999	89	89	18	5	1	8	12	2	0	NaN	0	0	0	0	0	0	0	0	0	NaN	NaN	NaN	NaN	0	4	0	0	0	0	0	0	0	0	0	0	18000	18000	18000	18000	93	NaN	2.534630863468267	1.4745252466973358	1.0106509982203333	0.18900713217321313	0.6669814071734049	0.284824355736685	0.0000012272695575013132	NaN	0.04773809622770101	0.19397091662662447	0.1366241894408872	0.00014534075660804058	NaN	15.724926143680998	883.2301314067237	95.39997597143386	96.14965912734138	94.65029527409871	1.4993634087840728	0.0002915051994204988	60.99922321923571	064
DATA	2026-08-30T160000_AIU-1657.ghg	2026-08-30	16:30:00	242.687	1	18000	18000	0.8445884926933565	0	NaN	54.89044513452534	0	NaN	357.9096858845881	0	NaN	5.655923370301338	1	NaN	8.180649890870823	0	NaN	0.24069154580981605	0	NaN	NaN	NaN	NaN	NaN	NaN	NaN	NaN	NaN	NaN	9.992419972869563e-10	5.699088872015711e-11	5.1072972296120354e-12	NaN	15.683945746457544	410.78585201703953	420.6409693155332	0.2	0	894.5200553581769	23.428809881571645	23.990887831465155	0.4	0	0.08016333668696345	2.038015587512426	2.086909390871214	-0.1	0	NaN	NaN	NaN	NaN	9	309.54132652960885	303.6285600501166	97671.34498697917	1.110753047632889	1018.7694355358499	0.02584553175338376	0.5301061129284294	0.016335015480745164	2288.9371910981304	4348.6649002335125	0.014706253127602481	52.635400602498024	2059.727709135382	292.8184473908889	1.3646556264091663	0.39886195499527677	0.23021805159451933	1.4402694848925464	-1.0777723163112607e-13	6.371113579710323e-14	1.4402694848925464	9.080315528523887	144.70739850726716	16.292601492732825	9.197826069968217	NaN	0.8719946557097084	2.189633279530195	-1038.8539210041024	-0.0019281825476135347	0.1533639554874337	0.05562749570903925	0	17.97204686493829	-2.7273274483549446	6.169222114128805	15.36223535141197	23.428378209711138	32.85863355946758	49.22822069906731	0.8345130260006505	1.012073468452604	75.83016346191587	1.0221451728136912	325.4759669853274	1.099650119176765	5.143384492638033	1.099650119176765	7.439320696836856	1.099650119176765	0.15508733532222205	1.3051827962984444	NaN	NaN	800000009	800000009	800000009	800000009	800000019	800010019	899999999	899999999	89999	89999	89	89	32	11	0	11	26	3	2	NaN	0	0	0	0	0	0	0	0	0	NaN	NaN	NaN	NaN	0	0	0	0	0	0	0	0	0	0	0	0	18000	18000	18000	18000	93	NaN	2.26877852306366	1.322190159149872	0.7882978768468579	0.0807307209775327	0.8218166208875525	0.1680733469464032	7.024894405467107e-7	NaN	0.06701138152945406	0.13612357608148032	0.1968872710799437	0.00015508733532222204	NaN	15.68511640435425	894.5800616350621	95.45184187465244	96.1784180293613	94.72525993792216	1.4531580314570023	0.00029131907609149097	60.1482226014667	089
DATA	2026-08-30T163000_AIU-1657.ghg	2026-08-30	17:00:00	242.708	1	18000	18000	0.6100471575677829	0	NaN	-49.93757777120858	0	NaN	374.8209853084407	0	NaN	10.499262410041199	1	NaN	8.56071259030961	0	NaN	0.251778149451154	0	NaN	NaN	NaN	NaN	NaN	NaN	NaN	NaN	NaN	NaN	8.411217910465473e-10	4.900913406142733e-11	4.295979330665159e-12	NaN	15.803579787692724	412.2261700124789	422.3710723424252	0.1	0	920.8176137035005	24.018932626431383	24.610039507290814	0.4	0	0.08071584025182928	2.0454539972869594	2.0957927009705375	0.5	0	NaN	NaN	NaN	NaN	9	309.2394935547439	302.85377523388	97657.01037100365	1.1131805548047895	1019.0846858997298	0.02578336442748714	0.5547341758520626	0.016786838450096382	2346.2463395706336	4159.703699758446	0.015080067988647331	56.40416983803149	1813.4573601878128	293.2173801240967	0.9065956517184789	0.24517813090899784	0.22058890124268374	0.9647214390393889	1.1647008775466725e-13	5.322349760916723e-14	0.9647214390393889	7.100092478549678	145.86702434149072	15.132975658509277	13.21793066684868	NaN	0.7402849124957323	1.5258996887825513	698.6667198842847	0.0028670322243655164	-0.13323047462274526	-0.0594638039554511	0	18.05810113295491	-2.7403865155259575	6.198761759626781	15.435793245412562	23.54055863928627	33.01596820700307	49.46393667120198	0.6034639409298332	1.0109090472378617	-26.648015992103552	1.020724417601342	339.8533398362674	1.1028903982200668	9.519769531936948	1.1028903982200668	7.762070106082686	1.1028903982200668	0.17909467893960684	1.377454798354957	NaN	NaN	800000009	800000009	800000009	800000019	800000019	800000019	899999999	899999999	89999	89999	89	89	18	24	3	7	14	0	1	NaN	0	0	0	0	0	0	0	0	0	NaN	NaN	NaN	NaN	0	7	0	0	0	0	0	0	0	0	0	0	18000	18000	18000	18000	93	NaN	1.6072781449788776	0.8831189673852475	0.5614022652009777	0.06674541162986063	3.394119651436678	0.3992941047200949	0.0000015578878848129403	NaN	-0.02349032327176539	0.25149392303207097	0.20505889930210416	0.00017909467893960685	NaN	15.804686955898577	920.8777219522627	95.51555247709487	96.20693082915412	94.82417762756347	1.382749719573391	0.0002899357985491709	60.433879413339746	117
DATA	2026-08-30T170000_AIU-1657.ghg	2026-08-30	17:30:00	242.729	1	18000	18000	0.34573276978035855	0	NaN	-25.52975828416621	0	NaN	281.8490451657458	0	NaN	6.064165332691873	0	NaN	6.442148258126133	0	NaN	0.1730306465838852	0	NaN	NaN	NaN	NaN	NaN	NaN	NaN	NaN	NaN	NaN	2.3153143474269718e-10	1.3285816910751731e-11	1.1813868886163456e-12	NaN	15.710203389926233	411.66804251168634	421.6279392626066	0.2	0	901.4883274972428	23.622478074719982	24.194000316741988	0.4	0	0.0801611596411546	2.0381610616577968	2.0874723310291166	-0.2	0	NaN	NaN	NaN	NaN	9	309.41017369333906	303.6280708338448	97646.88813134386	1.1103946559186846	1018.8793183725206	0.02585196342885079	0.4174512071265734	0.01646594709804081	2307.2802114696724	4348.54327123468	0.01482891421556574	53.05869270594995	2041.2630597650077	292.9470776574858	0.929173910515117	0.41421292621065	0.282558112029008	1.0558293379594066	1.5677891539458804e-13	1.473764718355975e-14	1.0558293379594066	7.797798167674909	136.97334580127165	24.026654198728384	15.522526614223796	NaN	0.5579966495512341	1.4812752326604786	585.187353772776	0.003423006302316282	-0.09057954505097944	-0.04044035896109957	0	14.821028355110151	-2.2491482327813106	5.087579426517902	12.66879212213395	19.32070733900603	27.097566757692473	40.59709282618779	0.34204954658095343	1.0107680984705922	-8.160941677214907	1.020881589241077	255.33154317500404	1.1038551745742071	5.493624048128432	1.1038551745742071	5.836044805978356	1.1038551745742071	0.11980975981663915	1.3766288314867239	NaN	NaN	800000009	800000009	800000009	800000019	800000019	800001019	899999999	899999999	89999	89999	89	89	25	17	0	14	18	0	1	NaN	0	0	0	0	0	0	0	0	0	NaN	NaN	NaN	NaN	0	20	0	0	0	0	0	0	0	0	0	0	18000	18000	18000	18000	93	NaN	1.4934890025918552	0.9463958792799102	0.5226655834491915	0.15095034045451544	4.218127050639034	0.2060893232139608	8.861192942074962e-7	NaN	-0.00721340247220133	0.1454579673193195	0.15452444638094356	0.00011980975981663915	NaN	15.711306909579928	901.5499268866942	95.45828566148546	96.18906450780233	94.72750621668499	1.4615567694207017	0.0002916336987254908	60.01945554539057	219
DATA	2026-08-30T173000_AIU-1657.ghg	2026-08-30	18:00:00	242.749	1	18000	18000	0.18934975728817324	0	NaN	-29.03733250575836	0	NaN	87.61053849822194	0	NaN	2.585161826282137	1	NaN	2.0022207427785115	0	NaN	0.2531104022672586	0	NaN	NaN	NaN	NaN	NaN	NaN	NaN	NaN	NaN	NaN	-4.677349152956182e-10	-2.6957518709297858e-11	-2.3822390259631743e-12	NaN	15.747377145319108	412.4408238415992	422.48354890769207	0.1	0	907.5871826866079	23.770689041165728	24.349493274094176	0.3	0	0.08020358362263827	2.0381095134408054	2.0877364473301996	0.2	0	NaN	NaN	NaN	NaN	9	309.3148775126139	303.4899729225044	97640.96115981403	1.110769677148001	1018.959872871416	0.02584177383042987	0.12974390413204753	0.016575790294885116	2321.6155071929916	4314.327338179043	0.01492279690011427	53.81176079636276	1992.7118309860516	293.046981423364	0.7813079337584501	-0.31072666496917223	0.028546709140115034	0.8413132961503947	-5.878643328780136e-14	-2.9702401293834e-14	0.8413132961503947	5.040415778405246	182.6877474048597	338.31225259514036	1.9444836712870548	NaN	0.4128766940757968	1.2948359140131407	208.42134923397435	0.009610819656249872	-0.3314365258278566	-0.06213771115662552	0	12.312622692950965	-1.8684879960576737	4.226524934589751	10.524644689818865	16.05074721715165	22.511401192312096	33.726181100463975	0.1872194180195417	1.0113788371482342	-23.363640428338794	1.0211079183688183	79.32767980190637	1.1044132226859422	2.3407559536411577	1.1044132226859422	1.8129271740418809	1.1044132226859422	0.18779394671793526	1.3888731904192912	NaN	NaN	800000009	800000009	800000009	800000019	800000019	800001019	899999999	899999999	89999	89999	89	89	26	19	2	23	31	4	3	NaN	0	0	0	0	0	0	0	0	0	NaN	NaN	NaN	NaN	0	148	0	0	0	0	0	0	0	0	0	0	18000	18000	18000	18000	93	NaN	0.7387192800058354	1.3960473747124669	0.4549051733079793	0.06606267759829577	3.2051468809814025	0.09860813612849109	9.732408502079517e-7	NaN	-0.0206423632719453	0.0619625741156987	0.04799032304636197	0.00018779394671793526	NaN	15.748462026172218	907.652105835998	95.46732991790772	96.19927313190037	94.73538883633083	1.4638808644678873	0.000291200338704382	58.884380815324434	134
DATA	2026-08-30T180000_AIU-1657.ghg	2026-08-30	18:30:00	242.77	1	18000	18000	0.294498823200544	1	NaN	-46.07615305325116	0	NaN	62.52541482413558	0	NaN	5.364517733518101	0	NaN	1.4278186029973448	0	NaN	0.11549113543323719	0	NaN	NaN	NaN	NaN	NaN	NaN	NaN	NaN	NaN	NaN	-4.247799212252273e-11	-2.472482002930925e-12	-2.139068160603829e-13	NaN	15.914759621659107	414.9869719529886	425.25902275536043	0.1	1	926.3374933548299	24.154809781146234	24.752706703128812	0.5	0	0.0801421015667646	2.029536111050224	2.0797726231504585	0.3	0	NaN	NaN	NaN	NaN	9	308.80263892534043	302.68954687234066	97653.97132768214	1.1136921176562977	1019.1578612558361	0.025770184852515733	0.09252264547422794	0.016890436844173844	2359.4458284381376	4120.580409733071	0.015166163589016698	57.26003605863333	1761.1345812949335	293.3080515213363	0.8359646542200077	-0.2913518284478222	0.11876075014041591	0.8932115689012289	2.2390360029693688e-14	-2.6690941699623624e-15	0.8932115689012289	5.833397726318775	180.21455495088856	340.78544504911144	7.640630352947074	NaN	0.5142321304579673	1.088449529260929	253.80563736755718	0.007892259686490505	-0.7369187902687084	-0.07894241327574233	0	15.388740719095614	-2.3353007742644225	5.2824567099282955	13.154064112185655	20.060777742657645	28.135526021629737	42.15214494450762	0.29122700128435647	1.0112346104645458	-41.7072945524747	1.0211244489361173	56.598532479625405	1.1047179508875742	4.856006665962144	1.1047179508875742	1.2924734334679533	1.1047179508875742	0.09235879699356578	1.3876893422889947	NaN	NaN	800000009	800000009	800000009	800000019	800000019	800000019	899999999	899999999	89999	89999	89	89	9	18	0	6	27	4	8	NaN	0	0	0	0	0	0	0	0	0	NaN	NaN	NaN	NaN	0	6	0	0	0	0	0	0	0	0	0	0	18000	18000	18000	18000	93	NaN	0.7076818824192888	1.0651372479598924	0.40407992814267685	0.16600048653446334	10.107160739013095	0.10294391687547186	4.618071068829748e-7	NaN	-0.036745606040604346	0.12823859929216475	0.03413195123722619	0.00009235879699356577	NaN	15.915754462356098	926.3964102204225	95.52582919014824	96.21832315868801	94.83333896446229	1.3849872207707838	0.0002900976317970263	58.98436395549777	013
DATA	2026-08-30T183000_AIU-1657.ghg	2026-08-30	19:00:00	242.791	0	18000	18000	0.04612217194094127	2	NaN	-25.776323798891784	2	NaN	95.28514512637483	2	NaN	24.339264667502857	2	NaN	2.173569208761323	2	NaN	0.07846849016076976	2	NaN	NaN	NaN	NaN	NaN	NaN	NaN	NaN	NaN	NaN	-3.346423289164671e-10	-1.942223742795967e-11	-1.6714317159778191e-12	NaN	16.07094217982162	417.0393429234584	427.38394076787483	0.1	1	932.7381139085413	24.204460808308472	24.804848798917895	0.1	1	0.08026923118773982	2.0227032377112035	2.0728760856877115	0.1	0	NaN	NaN	NaN	NaN	9	308.4854459457398	301.58357532889335	97663.39801772518	1.1178629845896175	1019.1589836066222	0.025673547062425077	0.14084728472773372	0.016988863680517722	2364.523978165348	3865.345248401624	0.015197626108672488	61.17238761901316	1500.8212702362757	293.342816563962	0.6057150782874892	-0.43596779551777054	-0.042457549281806437	0.7475033901492243	1.7115636910330708e-14	-2.0822819544247868e-14	0.7475033901492243	4.330549503403978	196.744724730548	324.25527526945194	-3.256103347760427	NaN	0.20312369463898985	0.8468249786372296	27.962938921091006	0.07163410132434844	-0.2705177576704653	-0.11138581285510522	0	7.044799875548911	-1.0690755601264128	2.4182518278781164	6.021788976241451	9.183608140822226	12.880140996184707	19.29679828127215	0.04552160775088058	1.0131929476952422	-19.71146738751775	1.0251940338282997	84.72468679954294	1.1246444067927657	21.641742510339775	1.1246444067927657	1.93267240350206	1.1246444067927657	0.05558125894057068	1.471514654157216	NaN	NaN	800000009	800000009	800000009	800000019	800000019	800000019	899999999	899999999	89999	89999	89	89	19	3	0	16	12	5	1	NaN	0	0	0	0	0	0	0	0	0	NaN	NaN	NaN	NaN	0	3	0	0	0	0	0	0	0	0	0	0	18000	18000	18000	18000	93	NaN	0.39123556351771144	0.8577768912342087	0.44463750252253903	0.1508356861724592	24.360963421436562	0.10137633556592371	3.612817610292427e-7	NaN	-0.01730168668126275	0.5694061608780417	0.05084967501980357	0.00005558125894057068	NaN	16.0720529739602	932.800916496161	95.59305230691697	96.23938241577149	94.9467210621304	1.2926620127095099	0.0002885315148240705	58.4501851025687	007
DATA	2026-08-30T190000_AIU-1657.ghg	2026-08-30	19:30:00	242.812	0	18000	18000	0.05766992954243419	1	NaN	13.043841247190066	0	NaN	18.062741397398664	0	NaN	0.7028894066744638	2	NaN	0.41187300633921414	0	NaN	0.1113158579610145	0	NaN	NaN	NaN	NaN	NaN	NaN	NaN	NaN	NaN	NaN	1.5163243791402747e-10	8.823126515299615e-12	7.580660987768047e-13	NaN	16.076285105432216	416.1997707711361	426.5293138174364	0.1	0	935.4403274956076	24.217662682667452	24.818713924713794	0.1	1	0.08037123784561434	2.0216381593446924	2.0718126184807533	1	0	NaN	NaN	NaN	NaN	9	308.23476577419706	301.18498537835455	97675.15737627278	1.119471507530497	1019.1570463147434	0.025636528629171408	0.026689370810781075	0.017022674767376476	2366.098524496243	3776.7930366053934	0.015205991981812666	62.64835010983043	1410.6945121091503	293.3535826313946	0.3008232429810551	-0.3244338619456008	-0.16609774299093802	0.47258905459315914	-4.1341430549820716e-15	9.432057028074882e-15	0.47258905459315914	2.8355769643023514	208.1625445985237	312.83745540147623	-20.57684766849592	NaN	0.22696985915282117	0.30630723842774654	-77.10018343725807	-0.025980482934000612	0.722140729372818	0.05037130010726958	0	11.64650372789827	-1.7674018732075127	3.9978678494660316	9.955256217260285	15.182393870245914	21.29352327644826	31.901578056087207	0.056551345164751514	1.0197799782555816	13.92638677028996	1.0245071565433574	16.50550727538607	1.094346335197757	0.6422915525617822	1.094346335197757	0.3763644041123283	1.094346335197757	0.08209343842684211	1.315735596233785	NaN	NaN	800000009	800000009	800000009	800000019	800000019	810011119	899999999	899999999	89999	89999	89	89	22	2	0	32	17	1	9	NaN	0	0	0	0	0	0	0	0	0	NaN	NaN	NaN	NaN	0	3	0	0	0	0	0	0	0	3001	0	0	18000	18000	18000	18000	93	NaN	0.1533167443168335	0.3013170384209578	0.15798069411770171	0.12438786747783574	21.026559815813446	0.08539199519664849	8.633983039650048e-7	NaN	0.012206307218637271	0.016874906182875765	0.009888210400149342	0.00008209343842684211	NaN	16.07743107265895	935.5104131354727	95.63331153233845	96.25390950436062	95.01271500566271	1.2411944111320707	0.00028795989880260706	58.04636188597858	220
DATA	2026-08-30T193000_AIU-1657.ghg	2026-08-30	20:00:00	242.833	0	18000	18000	0.03852157842784884	1	NaN	16.914840985211477	0	NaN	18.192054085921118	0	NaN	2.2107628089786897	1	NaN	0.4142785137303572	0	NaN	0.04169861930775776	1	NaN	NaN	NaN	NaN	NaN	NaN	NaN	NaN	NaN	NaN	-7.286865136187358e-11	-4.2355139035783484e-12	-3.5572671276933227e-13	NaN	16.596729929763555	427.7338487793669	438.6393746727833	0	0	964.6902894133789	24.86216815704637	25.496055373073077	0.1	1	0.08102112596150263	2.0262168639754057	2.077877401337177	1.2	0	NaN	NaN	NaN	NaN	9	307.32899503072105	299.8387359651367	97685.78114036535	1.1243435327075069	1019.4947053594886	0.025519161762469208	0.026845247689727143	0.017556073433615465	2429.331785049604	3490.6250477005046	0.015614510087801254	69.59589620345956	1061.2932626509005	293.7808413036558	0.3128498791189142	-0.07608239880486972	-0.046054668664212664	0.32524546234863105	2.1088890586332773e-14	-4.390542695473729e-15	0.32524546234863105	2.883142671118921	174.6685024097137	346.33149759028623	-8.140426134683665	NaN	0.18509834002107142	0.15896249512628213	-32.252750757431144	-0.062106330559680366	0.9297928043376872	0.07972258910670563	1	0.7752276390113435	1	1	1	2	4	16	0.037565621746074515	1.025447647006514	17.680294007744337	1.0280633604654117	16.567636344081656	1.0980476459105608	2.01335781485639	1.0980476459105608	0.37728646409219785	1.0980476459105608	0.027061021436473976	1.3238772146390996	NaN	NaN	800000009	800000009	800000009	800000019	800000019	800000019	899999999	899999999	89999	89999	89	89	0	1	0	7	0	0	1	NaN	0	0	0	0	0	0	0	0	0	NaN	NaN	NaN	NaN	0	7	0	0	0	0	0	0	0	0	0	0	18000	18000	18000	18000	93	NaN	0.10719083548793448	0.13039326140801658	0.08034089335661321	0.21443010592310888	62.19189847390306	0.15557993338843867	0.0000013368594462568722	NaN	0.015424300649002302	0.05268953113339643	0.009873578729676948	0.000027061021436473975	NaN	16.59801957045658	964.7650658563854	95.66260701327853	96.24823308436075	95.07697874874539	1.1712530312339402	0.00028621917307545007	57.90326029389989	178
DATA	2026-08-30T200000_AIU-1657.ghg	2026-08-30	20:30:00	242.854	0	18000	18000	0.019276056484176934	1	NaN	-6.647666601157589	1	NaN	58.460551739381174	0	NaN	21.1747847436213	0	NaN	1.3303446035777322	0	NaN	0.07130809828929102	0	NaN	NaN	NaN	NaN	NaN	NaN	NaN	NaN	NaN	NaN	2.1796445620840314e-10	1.252032681410608e-11	1.0487674392662801e-12	NaN	16.875161210840723	433.48193653381867	444.55130597328804	0.2	0	969.3439796369257	24.90009429897938	25.53594165418174	0.1	1	0.08119727371226673	2.0239593073340907	2.0756430141166127	-0.5	0	NaN	NaN	NaN	NaN	9	306.9038643298678	299.10588284494713	97694.23104563702	1.1271795151249995	1019.5007302081075	0.025454587065752318	0.08620633031183704	0.017627459671473653	2433.2480835119463	3342.9345918650843	0.015638555735746174	72.78778619938217	909.6865083531379	293.806981577556	0.3147798726474931	0.005987213262909614	-0.08014255721796108	0.3248769681341887	6.1111798704056095e-15	1.2916288827414651e-14	0.3248769681341887	1.4446546082339857	159.9103474457388	1.089652554261103	-14.281485262033934	NaN	0.13077133320734355	0.08025334595706356	28.941339810791927	0.06921241425226156	-0.11371200584614867	-0.044236020455809856	1	1.2929901757118905	1	1	2	4	8	28	0.018965018222672648	1.0164006307746354	-3.0767312137968226	1.0245361356728455	52.51356314479484	1.1132467164375954	19.020747540474133	1.1132467164375954	1.1950132741777608	1.1132467164375954	0.04936080275210288	1.4381321806104421	NaN	NaN	800000009	800000009	800000009	800000019	800000019	800000019	899999999	899999999	89999	89999	89	89	2	11	0	2	0	0	1	NaN	0	0	0	0	0	0	0	0	0	NaN	NaN	NaN	NaN	0	2	0	0	0	0	0	0	0	0	0	0	18000	18000	18000	18000	93	NaN	0.07093577474357299	0.04961503730500248	0.03995587986555164	0.11510931999446009	67.58456350929168	0.13173004138119915	0.0000012283718876503821	NaN	-0.002677373304716932	0.4965322916409221	0.031195549928108364	0.000049360802752102884	NaN	16.876396088590063	969.4139096764324	95.68858818944295	96.23843591223823	95.13873797946506	1.0996974740823144	0.00028534836016964014	57.51192480534454	134
DATA	2026-08-30T203000_AIU-1657.ghg	2026-08-30	21:00:00	242.874	0	18000	18000	0.01762025055844856	0	NaN	5.873519549244635	0	NaN	-0.3949754048348175	2	NaN	-2.5866340491380435	0	NaN	-0.00898206750147797	2	NaN	0.025207658885468595	0	NaN	NaN	NaN	NaN	NaN	NaN	NaN	NaN	NaN	NaN	3.200859549392923e-11	1.824616257769446e-12	1.496169197351816e-13	NaN	17.327751150490872	443.9716944658858	455.49953996349007	0.1	1	987.7501955924704	25.308138617501793	25.96527130287602	0.1	1	0.08099464262859934	2.0128740545914825	2.0651388755174707	-0.7	0	NaN	NaN	NaN	NaN	9	306.3649411714342	298.4067614405934	97722.35302384032	1.1299695194732335	1019.7205236969306	0.025387782199757722	-0.0005820379740957725	0.01796347007048431	2473.834258257348	3207.148946647663	0.0158973049811631	77.13499745133987	733.3146883903146	294.07573560115657	-0.024764244444525182	-1.2740954333572472	0.46088822785128053	1.3551200683617304	1.1698624146737352e-14	1.8472446433432576e-15	1.3551200683617304	2.7384562832807617	252.11350218686982	268.8864978131302	19.88350143113584	NaN	0.12487418751125662	0.14926226552281924	-28.52890037437011	-0.0702130111470946	-14.870595681017141	0.040820456203056896	1	18.72827345425776	8	15	27	44	77	209	0.01740793836885147	1.0121962856886593	5.770834012826167	1.0219220264557423	-0.35956049515022076	1.0984949964255688	-2.3547071744111556	1.0984949964255688	-0.00817670315359199	1.0984949964255688	0.018297778178972327	1.3052608081867934	NaN	NaN	800000009	800000009	800000009	800000019	800000019	800000019	899999999	899999999	89999	89999	89	89	15	0	0	12	7	0	9	NaN	0	0	0	0	0	0	0	0	0	NaN	NaN	NaN	NaN	0	21	0	0	0	0	0	0	0	3001	0	0	18000	18000	18000	18000	93	NaN	0.22875353019516048	0.042305627691869414	0.027465373158608593	0.06227730257659079	40.65767757354483	0.17703736478615403	3.114083023344531e-7	NaN	0.005008304132093663	-0.06133344457606946	-0.00021297993021625658	0.00001829777817897233	NaN	17.328893325522092	987.8096877472735	95.66929957644145	96.19049009280735	95.14810887061225	1.042380102846362	0.0002847509604584451	53.94860361278975	145
DATA	2026-08-30T210000_AIU-1657.ghg	2026-08-30	21:30:00	242.895	0	18000	18000	0.016433565377097416	1	NaN	-14.652317377320228	1	NaN	93.77616471211493	1	NaN	39.77550938419439	1	NaN	2.1316421999079815	1	NaN	-0.0018890621937364819	2	NaN	NaN	NaN	NaN	NaN	NaN	NaN	NaN	NaN	NaN	7.039082519093642e-10	3.920762725282782e-11	3.27478160691739e-12	NaN	17.48981827275975	447.1926253165263	458.61610567728724	0	0	974.1813278903807	24.908589601079807	25.54487644485499	0.2	0	0.08136761436252649	2.0177948268273354	2.0693391463697073	0	1	NaN	NaN	NaN	NaN	9	306.0648178693983	297.96943626656014	97748.52546647556	1.1321037021160705	1019.4825222447629	0.025343787860716296	0.13813041455403718	0.017710564607343996	2435.431008353899	3124.677746527425	0.015643941958886198	77.94182971541585	689.246738173526	293.8215360417406	-0.04458797181825777	-1.355181817521568	0.47141048128854796	1.4355255788875392	1.257734921081517e-14	4.024674475924634e-14	1.4355255788875392	3.72825568856961	252.88445662370725	268.11554337629275	19.17100962591241	NaN	0.1204821733728856	0.2628085154324187	10.272482058084572	0.1949966900573494	-0.1562477781246613	-0.10537013310853788	1	18.343207825866568	8	17	37	72	164	788	0.016171731475128067	1.0161908390806542	-9.006695224770226	1.0341495991591687	80.29034340084169	1.1679631788837495	34.055448068327635	1.1679631788837495	1.8250936660051589	1.1679631788837495	-0.002257957420300502	1.5811090774555878	NaN	NaN	800000009	800000009	800000009	800000019	800000019	800010019	899999999	899999999	89999	89999	89	89	14	3	0	0	0	0	4	NaN	0	0	0	0	0	0	0	0	0	NaN	NaN	NaN	NaN	0	1	0	0	0	0	0	0	0	0	0	0	18000	18000	18000	18000	93	NaN	0.42722380200958987	0.06466097871246126	0.03373225014278624	0.08928661708003015	187.03821493195616	0.3384484252458899	2.5037808692324425e-7	NaN	-0.007803680348588916	0.8851477474059105	0.047436684551265484	-0.000002257957420300502	NaN	17.490845521079166	974.2358812471422	95.68743432617188	96.18250062433879	95.19237016508313	0.9901300600071747	0.00028424614637010054	51.1842577674281	250
DATA	2026-08-30T213000_AIU-1657.ghg	2026-08-30	22:00:00	242.916	0	18000	18000	0.2741605819211832	1	NaN	115.80370232907609	1	NaN	134.37910770881314	1	NaN	-20.85049574973887	2	NaN	3.0531860374699122	1	NaN	0.16149608716101835	1	NaN	NaN	NaN	NaN	NaN	NaN	NaN	NaN	NaN	NaN	2.260849658613147e-9	1.2743497319493678e-10	1.049544957096885e-11	NaN	17.559251656941353	448.26770534792405	459.887707309966	0.1	1	989.7441679506013	25.267041882922097	25.92201450921618	0.1	1	0.08151459322705604	2.0173695244505536	2.0696638065338115	1.1	0	NaN	NaN	NaN	NaN	9	305.5548701943293	297.4941752371443	97788.5211059516	1.1342210359326286	1019.6793185940877	0.02529301542705388	0.1978464552280503	0.01800149546599719	2471.4894315483707	3037.155951527906	0.015871241050643376	81.3751243265936	565.6665199795352	294.06031409894734	-0.3439430344102629	-0.5662262511962871	0.35911781672517695	0.7535745382856761	-4.656780430009371e-14	1.287554676465617e-13	0.7535745382856761	2.820079743173167	282.2757675204325	238.72423247956755	28.460480202040696	NaN	0.4916472992005438	0.5656917789570536	-88.34929885085481	-0.02267250590614754	0.8617686506745662	0.20366081526439223	0	24.252020681658568	-3.6803377033362925	8.324933905746907	20.730262515940122	31.61495833777887	44.340428591353124	66.43004191382249	0.27008523026071957	1.0150891318882176	122.29938781722736	1.0219932379262358	122.9344371623262	1.0930957249299889	-19.074720789960377	1.0930957249299889	2.7931552267899176	1.0930957249299889	0.09048887336991886	1.3090551811023994	NaN	NaN	800000009	800000009	800000009	800000019	800000019	800000019	899999999	899999999	89999	89999	89	89	8	0	0	9	12	0	3	NaN	0	0	0	0	0	0	0	0	0	NaN	NaN	NaN	NaN	0	8	0	0	0	0	0	0	0	3001	0	0	18000	18000	18000	18000	93	NaN	0.8211565911973321	0.19176087604713765	0.1184660906696375	0.18674483893583188	25.523416777173967	0.21585439379539273	2.9439253139088416e-7	NaN	0.10574576283917446	-0.4949669115889032	0.07247914301950209	0.00009048887336991886	NaN	17.56059289075272	989.8003479339616	95.65741205766466	96.14120888137816	95.17361580912271	0.9675907381524621	0.0002834803217491652	55.863312938239005	077
DATA	2026-08-30T220000_AIU-1657.ghg	2026-08-30	22:30:00	242.937	0	18000	18000	0.045910487370064194	1	NaN	13.066968667206023	1	NaN	15.50097583200031	1	NaN	-3.061643348447876	2	NaN	0.35200225915647815	1	NaN	0.04918861308352195	1	NaN	NaN	NaN	NaN	NaN	NaN	NaN	NaN	NaN	NaN	6.50929158712208e-11	3.6032802425744e-12	3.0040579732961327e-13	NaN	17.644448183805554	449.3874137712484	460.85168354113415	0.1	1	976.7252039778983	24.876267526670524	25.510883078984968	0.1	1	0.08142966794702518	2.009877566988039	2.0611513186025454	0.4	0	NaN	NaN	NaN	NaN	9	305.1589418419731	296.93613342793776	97795.94630208334	1.1366084431469343	1019.4441217136692	0.025243653818678612	0.022809746393339783	0.017757744252518297	2433.4506955778024	2937.1266057432126	0.015623449183038205	82.85140622877714	503.6759101654102	293.80833295753797	-0.5680385265042448	-1.222597165978125	0.502731944248726	1.438801934117071	1.4095267980402592e-14	3.6891443242166365e-15	1.438801934117071	3.292933717480138	275.92034734000606	245.07965265999397	20.45123915158023	NaN	0.20097892209079526	0.15511015609010836	-53.48468137245108	-0.03745184506290726	0.8429771653620988	0.05611126157568598	0	18.820890915148674	-2.856142807835675	6.4606028080118625	16.087814478485008	24.53493215978955	34.41059120817656	51.55333606054399	0.045362721811263704	1.0120752357206326	13.809140809854425	1.0221410366729384	14.096480388277175	1.0996344764818835	-2.7842373206077964	1.0996344764818835	0.32010842392160793	1.0996344764818835	0.03451077501555405	1.305183275084526	NaN	NaN	800000009	800000009	800000009	800000009	800000019	800000019	899999999	899999999	89999	89999	89	89	6	0	0	14	0	0	3	NaN	0	0	0	0	0	0	0	0	0	NaN	NaN	NaN	NaN	0	0	0	0	0	0	0	0	0	0	0	0	18000	18000	18000	18000	93	NaN	0.18675944570512215	0.08614812596741475	0.03731274050767985	0.09181108557841684	37.93840112428363	0.05407042132287205	4.292700901232672e-7	NaN	0.011917697403225588	-0.07207783144895917	0.008286908897470304	0.00003451077501555405	NaN	17.64582246218435	976.7946874327218	95.66350965754191	96.11516741816202	95.21185260772705	0.9033163314378966	0.0002828958193519308	53.93037460759827	129
DATA	2026-08-30T223000_AIU-1657.ghg	2026-08-30	23:00:00	242.958	0	18000	18000	0.0381887360868642	1	NaN	6.55572078502861	1	NaN	22.591260138018203	0	NaN	8.245263127166206	0	NaN	0.5127888336834877	0	NaN	0.04616590590107897	0	NaN	NaN	NaN	NaN	NaN	NaN	NaN	NaN	NaN	NaN	-3.6068296976474386e-11	-1.9726421542279366e-12	-1.6438785657980439e-13	NaN	17.95750728944478	456.5966692508695	468.2908853963215	0	0	982.1294276000731	24.972119915498663	25.61169831711319	0.1	1	0.08184462201676686	2.0161429723523216	2.067779817924377	0.1	0	NaN	NaN	NaN	NaN	9	304.9118289693197	296.48894515313043	97795.95510525173	1.1382812192624892	1019.4909375072216	0.02520563439817311	0.03322871642269	0.0178530562444441	2442.8274050108926	2859.055591877654	0.015684222793389654	85.44175957790985	416.22818686676146	293.87076607751555	-0.5019210996841814	-1.2537983612511174	0.4759420869194504	1.4319413364678863	4.122517867886527e-15	-2.0085358393631235e-15	1.4319413364678863	3.166582664917196	272.8172347312442	248.18276526875582	19.413016701216478	NaN	0.1831651547829698	0.12066480099715354	-80.69840095610665	-0.024822053179089917	0.29018836244535867	0.030842150422301526	1	11.606761316319078	5	10	18	30	56	170	0.03773278662223105	1.0120836414547902	7.808624125331633	1.0221218237998142	20.54615308946572	1.0995372242992307	7.498848556419878	1.0995372242992307	0.4663678703650111	1.0995372242992307	0.03338902967344906	1.3051861778666358	NaN	NaN	800000009	800000009	800000009	800000009	800000019	800000019	899999999	899999999	89999	89999	89	89	3	2	0	3	0	3	11	NaN	0	0	0	0	0	0	0	0	0	NaN	NaN	NaN	NaN	0	0	0	0	0	0	0	0	0	0	0	0	18000	18000	18000	18000	93	NaN	0.12246109467520798	0.07658284098032633	0.04228566633877279	0.07429611679422952	26.870337343188876	0.0408224468838412	4.1378889218678035e-7	NaN	0.006728861328029082	0.19385551687661245	0.012056248887284779	0.00003338902967344906	NaN	17.9587741127544	982.1967487556678	95.60589942042033	96.02727409320407	95.18452434327867	0.8427493648860199	0.0002825361142943923	51.27429365075789	226
DATA	2026-08-30T230000_AIU-1657.ghg	2026-08-30	23:30:00	242.979	0	18000	18000	0.02102472171012694	1	NaN	-4.4268041127663365	1	NaN	-6.063040385911094	2	NaN	12.201638229271618	1	NaN	-0.13755750583273826	2	NaN	0.01603273470697139	1	NaN	NaN	NaN	NaN	NaN	NaN	NaN	NaN	NaN	NaN	-2.91802090587212e-10	-1.5618791832042173e-11	-1.311553450394201e-12	NaN	18.195395637214997	461.92364478828233	473.6340562078751	0.1	0	973.9138475239005	24.724597537076566	25.35140071680061	0.1	1	0.08178225824651701	2.0100081519265016	2.0609646740300263	0.5	0	NaN	NaN	NaN	NaN	9	304.4895107031928	296.0036294876626	97793.26576237743	1.1402238729322836	1019.339710478789	0.02516506792543584	-0.008913726377961438	0.01770459180050768	2418.547713659302	2776.3843171712806	0.015527294438220495	87.11141676968697	357.8366035119784	293.7086691885625	-0.49074663943443836	-1.4558899015353963	0.48312231167984876	1.6105448884001254	5.093203612290175e-15	-1.6037139087560696e-14	1.6105448884001254	2.621719269387053	269.6277654431981	251.3722345568019	17.456068336436555	NaN	0.13579071129019402	0.07002659227905836	48.69056011353567	0.0411393911947041	0.7301294121432971	-0.0280485986771681	1	18.470389052505517	8	17	33	60	124	483	0.020756797257088996	1.0129077935155164	-4.691208716290311	1.0274734021578338	-5.340626299702283	1.1352676719299912	10.747807350603443	1.1352676719299912	-0.12116746493704529	1.1352676719299912	0.012556951963084987	1.4539235921134543	NaN	NaN	800000009	800000009	800000009	800000019	800000019	800100019	899999999	899999999	89999	89999	89	89	11	4	0	0	0	0	5	NaN	0	0	0	0	0	0	0	0	0	NaN	NaN	NaN	NaN	0	1	0	0	0	0	0	0	0	3001	0	0	18000	18000	18000	18000	93	NaN	0.06466739093618466	0.043981138592831696	0.031404655029100365	0.08760977389245635	31.831230578547633	0.025369665328821643	7.448654261995721e-8	NaN	-0.00403622792291743	0.27732796358278833	-0.0031265099203320766	0.000012556951963084987	NaN	18.196772049927677	973.9828544280557	95.57931777996487	95.97436589050294	95.18427022637262	0.7900984412133687	0.00028197135439970425	52.30211896356915	068
