DATAH	filename	date	time	DOY	daytime	file_records	used_records	Tau	qc_Tau	rand_err_Tau	H	qc_H	rand_err_H	LE	qc_LE	rand_err_LE	co2_flux	qc_co2_flux	rand_err_co2_flux	h2o_flux	qc_h2o_flux	rand_err_h2o_flux	ch4_flux	qc_ch4_flux	rand_err_ch4_flux	none_flux	qc_none_flux	rand_err_none_flux	H_strg	LE_strg	co2_strg	h2o_strg	ch4_strg	none_strg	co2_v-adv	h2o_v-adv	ch4_v-adv	none_v-adv	co2_molar_density	co2_mole_fraction	co2_mixing_ratio	co2_time_lag	co2_def_timelag	h2o_molar_density	h2o_mole_fraction	h2o_mixing_ratio	h2o_time_lag	h2o_def_timelag	ch4_molar_density	ch4_mole_fraction	ch4_mixing_ratio	ch4_time_lag	ch4_def_timelag	none_molar_density	none_mole_fraction	none_mixing_ratio	none_time_lag	none_def_timelag	sonic_temperature	air_temperature	air_pressure	air_density	air_heat_capacity	air_molar_volume	ET	water_vapor_density	e	es	specific_humidity	RH	VPD	Tdew	u_unrot	v_unrot	w_unrot	u_rot	v_rot	w_rot	wind_speed	max_wind_speed	wind_dir	yaw	pitch	roll	u*	TKE	L	(z-d)/L	bowen_ratio	T*	model	x_peak	x_offset	x_10%	x_30%	x_50%	x_70%	x_90%	un_Tau	Tau_scf	un_H	H_scf	un_LE	LE_scf	un_co2_flux	co2_scf	un_h2o_flux	h2o_scf	un_ch4_flux	ch4_scf	un_none_flux	un_none_scf	spikes_hf	amplitude_resolution_hf	drop_out_hf	absolute_limits_hf	skewness_kurtosis_hf	skewness_kurtosis_sf	discontinuities_hf	discontinuities_sf	timelag_hf	timelag_sf	attack_angle_hf	non_steady_wind_hf	u_spikes	v_spikes	w_spikes	ts_spikes	co2_spikes	h2o_spikes	ch4_spikes	none_spikes	head_detect_LI-7200	t_out_LI-7200	t_in_LI-7200	aux_in_LI-7200	delta_p_LI-7200	chopper_LI-7200	detector_LI-7200	pll_LI-7200	sync_LI-7200	chopper_LI-7500	detector_LI-7500	pll_LI-7500	sync_LI-7500	not_ready_LI-7700	no_signal_LI-7700	re_unlocked_LI-7700	bad_temp_LI-7700	laser_temp_unregulated_LI-7700	block_temp_unregulated_LI-7700	motor_spinning_LI-7700	pump_on_LI-7700	top_heater_on_LI-7700	bottom_heater_on_LI-7700	calibrating_LI-7700	motor_failure_LI-7700	bad_aux_tc1_LI-7700	bad_aux_tc2_LI-7700	bad_aux_tc3_LI-7700	box_connected_LI-7700	mean_value_RSSI_LI-7200	mean_value_LI-7500	u_var	v_var	w_var	ts_var	co2_var	h2o_var	ch4_var	none_var	w/ts_cov	w/co2_cov	w/h2o_cov	w/ch4_cov	w/none_cov	co2_mean	h2o_mean	avg_signal_strength_7200_mean	co2_signal_strength_7200_mean	h2o_signal_strength_7200_mean	delta_signal_strength_7200_mean	flowrate_mean	rssi_77_mean	CHK
DATAU		[yyyy-mm-dd]	[HH:MM]	[ddd.ddd]	[1=daytime]	[#]	[#]	[kg+1m-1s-2]	[#]	[kg+1m-1s-2]	[W+1m-2]	[#]	[W+1m-2]	[W+1m-2]	[#]	[W+1m-2]	[µmol+1s-1m-2]	[#]	[µmol+1s-1m-2]	[mmol+1s-1m-2]	[#]	[mmol+1s-1m-2]	[µmol+1s-1m-2]	[#]	[µmol+1s-1m-2]	[µmol+1s-1m-2]	[#]	[µmol+1s-1m-2]	[W+1m-2]	[W+1m-2]	[µmol+1s-1m-2]	[mmol+1s-1m-2]	[µmol+1s-1m-2]	[µmol+1s-1m-2]	[µmol+1s-1m-2]	[mmol+1s-1m-2]	[µmol+1s-1m-2]	[µmol+1s-1m-2]	[mmol+1m-3]	[µmol+1mol_a-1]	[µmol+1mol_d-1]	[s]	[1=default]	[mmol+1m-3]	[mmol+1mol_a-1]	[mmol+1mol_d-1]	[s]	[1=default]	[mmol+1m-3]	[µmol+1mol_a-1]	[µmol+1mol_d-1]	[s]	[1=default]	[mmol+1m-3]	[µmol+1mol_a-1]	[µmol+1mol_d-1]	[s]	[1=default]	[K]	[K]	[Pa]	[kg+1m-3]	[J+1kg-1K-1]	[m+3mol-1]	[mm]	[kg+1m-3]	[Pa]	[Pa]	[kg+1kg-1]	[%]	[Pa]	[K]	[m+1s-1]	[m+1s-1]	[m+1s-1]	[m+1s-1]	[m+1s-1]	[m+1s-1]	[m+1s-1]	[m+1s-1]	[deg_from_north]	[deg]	[deg]	[deg]	[m+1s-1]	[m+2s-2]	[m]	[#]	[#]	[K]	[0=KJ/1=KM/2=HS]	[m]	[m]	[m]	[m]	[m]	[m]	[m]	[kg+1m-1s-2]	[#]	[W+1m-2]	[#]	[W+1m-2]	[#]	[µmol+1s-1m-2]	[#]	[mmol+1s-1m-2]	[#]	[µmol+1s-1m-2]	[#]	[µmol+1s-1m-2]	[#]	8u/v/w/ts/co2/h2o/ch4/none	8u/v/w/ts/co2/h2o/ch4/none	8u/v/w/ts/co2/h2o/ch4/none	8u/v/w/ts/co2/h2o/ch4/none	8u/v/w/ts/co2/h2o/ch4/none	8u/v/w/ts/co2/h2o/ch4/none	8u/v/w/ts/co2/h2o/ch4/none	8u/v/w/ts/co2/h2o/ch4/none	8co2/h2o/ch4/none	8co2/h2o/ch4/none	8aa	8U	[#]	[#]	[#]	[#]	[#]	[#]	[#]	[#]	[#_flagged_recs]	[#_flagged_recs]	[#_flagged_recs]	[#_flagged_recs]	[#_flagged_recs]	[#_flagged_recs]	[#_flagged_recs]	[#_flagged_recs]	[#_flagged_recs]	[#_flagged_recs]	[#_flagged_recs]	[#_flagged_recs]	[#_flagged_recs]	[#_flagged_recs]	[#_flagged_recs]	[#_flagged_recs]	[#_flagged_recs]	[#_flagged_recs]	[#_flagged_recs]	[#_flagged_recs]	[#_flagged_recs]	[#_flagged_recs]	[#_flagged_recs]	[#_flagged_recs]	[#_flagged_recs]	[#_flagged_recs]	[#_flagged_recs]	[#_flagged_recs]	[#_flagged_recs]	[#]	[#]	[m+2s-2]	[m+2s-2]	[m+2s-2]	[K+2]	--	--	--	--	[m+1s-1K+1]	--	--	--	--	--	--	--	--	--	--	--	--	241
DATA	2026-09-05T233000_AIU-1657.ghg	2026-09-06	00:00:00	249	0	18000	18000	0.1602468555224742	1	NaN	78.53671562817665	1	NaN	97.5363751471171	1	NaN	-17.852488495894953	1	NaN	2.214022329941044	1	NaN	0.1343308701013132	1	NaN	NaN	NaN	NaN	NaN	NaN	NaN	NaN	NaN	NaN	-1.3049059576792116e-9	-6.518851826468081e-11	-6.07796552171811e-12	NaN	17.397558788949297	446.19114147630165	456.3635499060786	0.1	1	869.1209295199518	22.29014221637655	22.798320011732535	0.1	1	0.08103401004418778	1.9953430058103172	2.0408334741899528	0.2	0	NaN	NaN	NaN	NaN	9	303.9505013436212	296.52999452900985	97052.38502197334	1.1306265252520835	1017.952452937094	0.025402264704324527	0.14346864698017966	0.015812305489157907	2163.8917499781587	2866.145738788462	0.013985436513292848	75.49831540990827	702.2539888103033	291.916674556981	-0.5369952969239601	-1.0152474492191137	0.4744773463909165	1.2426665217597015	-9.177006644621197e-14	-7.500511844846134e-14	1.2426665217597015	2.8913297404296703	278.8757269332299	242.12427306677014	22.44658377418437	NaN	0.37647416010761325	0.4989584829042552	-58.14487429442674	-0.03445015617123794	0.8052043712893505	0.18125537700192487	0	22.164374493237915	-3.363529340052917	7.608312525396103	18.945773953339977	28.893500685350876	40.523545538318146	60.71165557321958	0.15827965676829084	1.0124286266115878	83.2016108636298	1.0216874033910093	88.90617222989461	1.0970709085855863	-16.27286655418793	1.0970709085855863	2.0181214474053486	1.0970709085855863	0.08162340520209395	1.3054850271668057	NaN	NaN	800000009	800000009	800000009	800000019	800000019	800001019	899999999	899999999	89999	89999	89	89	10	1	0	22	2	0	10	NaN	0	0	0	0	0	0	0	0	0	NaN	NaN	NaN	NaN	0	0	0	0	0	0	301	0	0	3004	0	16	18000	18000	18000	18000	93	NaN	0.6807806349073784	0.2301425485026894	0.08699378239844269	0.31658046053373995	20.84709563634666	0.24058704316515708	0.0000013395583086556118	NaN	0.07229113966656879	-0.4227943375472155	0.05243392844181976	0.00008162340520209395	NaN	17.399043003925595	869.171767365304	94.950071258333	95.35452593188816	94.54561592313978	0.8089117486642412	0.0002850829658806711	53.60053213156954	087
DATA	2026-09-06T000000_AIU-1657.ghg	2026-09-06	00:30:00	249.02	0	18000	18000	0.0406425589040426	0	NaN	26.85442699719338	1	NaN	34.48680186007343	0	NaN	-3.904305982200872	2	NaN	0.7823134907828305	0	NaN	0.09354127675120419	0	NaN	NaN	NaN	NaN	NaN	NaN	NaN	NaN	NaN	NaN	5.121625399789696e-10	2.5252100696231896e-11	2.3625550951487497e-12	NaN	17.502615070456024	447.6382800161642	457.74096237836267	0.1	1	862.9639298194083	22.07074129810506	22.568852605352866	0.1	1	0.08073783064031023	1.981768041909467	2.0264942727453206	0.1	0	NaN	NaN	NaN	NaN	9	303.45765709686276	295.846932691786	97034.95956987847	1.1331282842222594	1017.8132638155226	0.025348301367902445	0.05069391420272742	0.015689996707623593	2142.207960051386	2750.141477062082	0.013846619951237623	77.89446390008494	607.9335170106956	291.7556725156681	-0.4569673773271168	-1.3710477925400644	0.46551858038283245	1.518321040508961	-2.7194730759132834e-15	2.926205815058386e-14	1.518321040508961	2.9940232556718303	269.4331226669051	251.56687733309488	17.854503159072525	NaN	0.18938735636459963	0.2918012701678903	-21.64397257498066	-0.09254770551296496	0.7786870787889347	0.12294693937445321	1	12.049186651626995	5	10	17	28	48	129	0.04016084178555401	1.0119946967511488	28.485085737677014	1.0223791661725623	31.32978851539265	1.1007671450807817	-3.546895453456097	1.1007671450807817	0.710698438156436	1.1007671450807817	0.06561335965106604	1.3051692747322332	NaN	NaN	800000009	800000009	800000009	800000009	800000019	800001019	899999999	899999999	89999	89999	89	89	12	6	0	26	0	0	7	NaN	0	0	0	0	0	0	0	0	0	NaN	NaN	NaN	NaN	0	0	0	0	0	0	0	0	0	14997	0	0	18000	18000	18000	18000	93	NaN	0.4581284853001763	0.07956200453522348	0.04591205050038085	0.08895414939458798	15.406720612022148	0.14742708255322998	0.0000016926985656733085	NaN	0.02469848671150864	-0.09193744676991472	0.018421687553209873	0.00006561335965106605	NaN	17.503928201411448	863.0266630345558	94.94699420886569	95.31301396306355	94.58097578557332	0.7320466336078137	0.0002843518752908696	26.121507760839545	071
DATA	2026-09-06T003000_AIU-1657.ghg	2026-09-06	01:00:00	249.041	0	18000	18000	0.04983500779801361	1	NaN	28.843652168467024	0	NaN	14.505231850851668	1	NaN	-10.558378192708375	1	NaN	0.3289837421910849	1	NaN	0.03948359292867054	0	NaN	NaN	NaN	NaN	NaN	NaN	NaN	NaN	NaN	NaN	-9.348691430966906e-12	-4.637687822718034e-13	-4.3328121470280376e-14	NaN	17.512297356712654	447.6375987719211	457.80375056338556	0.1	1	868.7479825253308	22.2063532222131	22.710674481667713	0.1	1	0.08116375994419125	1.9906707807349995	2.0358802568364394	0.4	0	NaN	NaN	NaN	NaN	9	303.32750767771404	295.661205084622	97031.50143833162	1.133741052433479	1017.8869629294056	0.02533329096876658	0.0213181464939823	0.01579575635924653	2155.2937743236357	2719.317523708311	0.013932419863726623	79.25862851736709	564.0237493846753	291.85300463124463	-0.46883200185279317	-1.568775844401799	0.5003747400084464	1.7120852713513715	-4.4517623190336525e-15	-5.338358092339868e-16	1.7120852713513715	2.9464369611029837	267.63888745084546	253.36111254915448	16.993331919986797	NaN	0.20965746432685187	0.13384011615806765	-27.338746216088488	-0.07326963658710882	1.9884999057614843	0.11921379027644913	0	17.249858483972215	-2.617732575322737	5.921318212925724	14.7449195854432	22.486932716324358	31.53824286889106	47.25003483789761	0.04924833123933312	1.0119126180302314	29.247077623534043	1.0230610519345595	13.142309070629382	1.103704970937578	-9.566304828489827	1.103704970937578	0.2980721758565778	1.103704970937578	0.023343870300709224	1.305349756938243	NaN	NaN	800000009	800000009	800000009	800000019	800000019	800000019	899999999	899999999	89999	89999	89	89	11	5	0	23	0	2	12	NaN	0	0	0	0	0	0	0	0	0	NaN	NaN	NaN	NaN	0	0	0	0	0	0	301	0	0	18000	0	16	18000	18000	18000	18000	93	NaN	0.1221516499346317	0.0950376508712983	0.05049093151020527	0.052763775369898555	12.948954526149365	0.1131693314660909	2.1037607396899204e-7	NaN	0.025343643634405822	-0.24785133434921655	0.007722687897045586	0.000023343870300709225	NaN	17.513611816778422	868.8088796308191	94.92550323359171	95.28068768564859	94.57031984837849	0.7103722081946012	0.00028425448729346194	43.37004450988725	043
DATA	2026-09-06T010000_AIU-1657.ghg	2026-09-06	01:30:00	249.062	0	18000	18000	0.12607222086724088	1	NaN	40.02901560101965	1	NaN	88.34483829043268	1	NaN	-4.05730534728021	1	NaN	2.00244313835295	1	NaN	0.05998169365839545	1	NaN	NaN	NaN	NaN	NaN	NaN	NaN	NaN	NaN	NaN	-2.956307207039445e-10	-1.43764700136244e-11	-1.3576285503036691e-12	NaN	17.701013915826714	451.5780895491201	461.7174807627522	0.1	1	860.7971971440504	21.960163164890254	22.453239978396276	0.1	1	0.08128858125510856	1.9877193863776148	2.032350126769662	0.1	0	NaN	NaN	NaN	NaN	9	302.71894728088375	295.0173843722605	97042.7149355631	1.136453219536885	1017.733728843146	0.025275205205250385	0.12975831536527116	0.015656535478072605	2131.6454919509492	2614.790942106519	0.013776665162207718	81.52259737574508	483.14545015556996	291.6767280152449	-0.8071048461609632	-1.5641364222099814	0.7107930648457332	1.898201190868113	8.676662427294416e-15	-1.6701343895313086e-14	1.898201190868113	4.000135810969387	278.2940364124323	242.70596358756768	21.99070211498176	NaN	0.3330687752071969	0.23566992859294267	-78.98341819913615	-0.025361019384470093	0.4530996533088295	0.10390950092063612	0	20.423961027914572	-3.0994148821319776	7.010884902449763	17.458094699886427	26.62469595691355	37.341514647302034	55.94439345653134	0.12458294095375985	1.0119541239119871	44.53337473296856	1.0238249838379705	79.82580205359314	1.106720333747728	-3.6660619883442522	1.106720333747728	1.8093488276048952	1.106720333747728	0.03300834283324502	1.305759629074914	NaN	NaN	800000009	800000009	800000009	800000019	800000019	810000019	899999999	899999999	89999	89999	89	89	12	2	0	20	0	0	6	NaN	0	0	0	0	0	0	0	0	0	NaN	NaN	NaN	NaN	0	0	0	0	0	0	301	0	0	3004	0	16	18000	18000	18000	18000	93	NaN	0.19573303286507127	0.19207067085216364	0.08353615346865037	0.08043233224166642	14.608602848745655	0.17921192304455047	2.538865683407403e-7	NaN	0.03850347048039382	-0.0947415674123473	0.04675876852818887	0.000033008342833245015	NaN	17.702342253432302	860.8569844693791	94.90907728343538	95.24062908087836	94.5775258233812	0.6631074477599708	0.0002838220817648108	53.7063124239391	008
DATA	2026-09-06T013000_AIU-1657.ghg	2026-09-06	02:00:00	249.083	0	18000	18000	0.11053769243930492	1	NaN	22.12616923393082	0	NaN	64.85259163813275	0	NaN	6.92984380238106	1	NaN	1.4696320558593872	0	NaN	0.04512774743542204	0	NaN	NaN	NaN	NaN	NaN	NaN	NaN	NaN	NaN	NaN	7.130770816378687e-11	3.4653472205472023e-12	3.2347565001665106e-13	NaN	17.898805837587748	456.1287181023149	466.46871032714853	0	0	869.829905596349	22.166529063828957	22.669022612415667	0.1	1	0.08119497880280843	1.983506193002362	2.028470339743399	0.1	0	NaN	NaN	NaN	NaN	9	302.54557764010957	294.78488580322266	97052.96551888021	1.1373801811936002	1017.8472242640859	0.02525261878877074	0.09523215721968828	0.015817799489048694	2151.904451701303	2577.916565839268	0.01390722271285669	83.47455771908304	426.012114137965	291.8278447258211	-0.575386713629688	-1.693979773785371	0.5718214702725347	1.8781951810395359	-1.7767761356851857e-14	3.983936627439115e-15	1.8781951810395359	3.2081215810210186	269.7608588590417	251.23914114095834	17.725236103924093	NaN	0.3117470617113523	0.2115947777251825	-117.18093490375668	-0.017094077647060852	0.3411763304293429	0.061307782488986766	0	18.837607415550348	-2.8586796012643005	6.466341041654579	16.102103491603682	24.556723806378084	34.441154302365184	51.59912514496349	0.10923291625665921	1.0119448992790776	25.553578643670097	1.0237385316113499	58.61640341270694	1.1063898134711199	6.263473974547715	1.1063898134711199	1.328313075523222	1.1063898134711199	0.02691657590739586	1.3057062679596065	NaN	NaN	800000009	800000009	800000009	800000009	800000019	800000019	899999999	899999999	89999	89999	89	89	5	7	1	26	13	2	10	NaN	0	0	0	0	0	0	0	0	0	NaN	NaN	NaN	NaN	0	0	0	0	0	0	0	0	0	14997	0	0	18000	18000	18000	18000	93	NaN	0.19705707220734106	0.13655539326975466	0.08957708997326931	0.06270738971564158	11.15229362327846	0.07046462430755043	3.1478573550108676e-7	NaN	0.02207310739565651	0.16175564353512853	0.034303988045691486	0.00002691657590739586	NaN	17.90013497617153	869.8910754916074	94.85252970695495	95.16327263938057	94.54178833346897	0.6214877812961734	0.00028332462308753746	34.39290393595332	165
DATA	2026-09-06T020000_AIU-1657.ghg	2026-09-06	02:30:00	249.104	0	18000	18000	0.14833054212836463	1	NaN	37.341106129316984	1	NaN	135.27164787938406	1	NaN	8.12705275475662	1	NaN	3.0662024674960926	1	NaN	0.13795339319515876	1	NaN	NaN	NaN	NaN	NaN	NaN	NaN	NaN	NaN	NaN	2.1680532731671877e-10	1.0807698131894744e-11	9.915017114661674e-13	NaN	17.923782679287957	457.2018438003267	467.86515116589595	0.1	1	893.496645017586	22.79141188224197	23.32297542139028	0.1	1	0.08196967031396014	2.005400275813263	2.052172177156105	0.2	0	NaN	NaN	NaN	NaN	9	302.91457422129315	295.0531485495213	97041.57864674558	1.1359420089061822	1018.2098176897163	0.025278565242332723	0.1986899198937468	0.016247015810340187	2212.3078576664357	2620.5038726957696	0.014302680667637879	84.42299516201768	408.1960150293339	292.27111935587834	-0.8394679954655188	-0.8725480623003572	0.6568992026208753	1.3775206709297918	-5.2620719468151515e-14	1.2095958269302761e-14	1.3775206709297918	2.731780047104297	294.8930522098301	226.10694779016987	28.481219074901116	NaN	0.3613576153933213	0.30702273793635027	-108.14223492022809	-0.01852282784314196	0.276045325940085	0.0893421760291746	0	21.062815321137776	-3.196363485844236	7.2301829080179365	18.004177741039705	27.457507050441833	38.50954404744048	57.694314340762595	0.146548527475378	1.0121598946348065	44.774527521235775	1.0219772107629688	123.10917249984819	1.0987942257474832	7.396337334434008	1.0987942257474832	2.7905156358190983	1.0987942257474832	0.09282331280841427	1.3052338946249604	NaN	NaN	800000009	800000009	800000009	800000019	800000019	800000019	899999999	899999999	89999	89999	89	89	20	7	0	16	0	0	2	NaN	0	0	0	0	0	0	0	0	0	NaN	NaN	NaN	NaN	0	0	0	0	0	0	301	0	0	3004	0	16	18000	18000	18000	18000	93	NaN	0.12214671768244463	0.4008571459357835	0.0910416122544724	0.06617759230861686	2.4190032545932847	0.14988035404438835	9.901457970728856e-7	NaN	0.03871128348511663	0.19133066148491237	0.07218589125182397	0.00009282331280841428	NaN	17.92511515572598	893.5549432142109	94.77003521431817	95.07971452585858	94.46035248819987	0.6193576592869241	0.00028337551540365285	51.52714701479303	200
DATA	2026-09-06T023000_AIU-1657.ghg	2026-09-06	03:00:00	249.124	0	18000	18000	0.22296686260879608	1	NaN	92.29288665101947	1	NaN	152.2830570312353	1	NaN	-7.8542735304143605	1	NaN	3.450931632204737	1	NaN	0.1641018120890156	1	NaN	NaN	NaN	NaN	NaN	NaN	NaN	NaN	NaN	NaN	1.4137634559879802e-10	7.007553549387355e-12	6.43631289730403e-13	NaN	18.041119875878334	459.9435730461925	470.67393513235527	0.1	1	894.2380925583128	22.797867664257627	23.32973589585337	0.1	1	0.08213417318654405	2.0071039610554466	2.0539291663823915	0.1	0	NaN	NaN	NaN	NaN	9	302.7098062616984	294.7931858028836	97019.13368684896	1.1366779718490525	1018.2085848762343	0.025262135968725907	0.22362036976686697	0.016262187126907884	2212.422670508252	2579.225083105414	0.014306767202019339	85.77858074505355	366.80241259716195	292.2719517622884	-0.5959643177865691	-1.3522135953953245	0.6726616950578634	1.6236159741899665	-1.0752264814446111e-14	7.836339793286536e-15	1.6236159741899665	3.1496853744119027	274.78464112527354	246.2153588747264	24.47514870997394	NaN	0.4428956752995284	0.40043043470244444	-80.54408448709839	-0.024869610384867655	0.6060614256784257	0.1800497787166203	0	21.69861682882405	-3.2928488175735433	7.44843299109928	18.54765130703147	28.286338529700817	39.67199198198141	59.43587317245258	0.22033778808913476	1.0119320183000011	99.83756298962038	1.0227334455869916	138.14612284986222	1.1023331953857087	-7.125135633483426	1.1023331953857087	3.1305703635253845	1.1023331953857087	0.09892566560324922	1.3052328821602832	NaN	NaN	800000009	800000009	800000009	800000009	800000019	800101019	899999999	899999999	89999	89999	89	89	13	11	0	36	1	0	6	NaN	0	0	0	0	0	0	0	0	0	NaN	NaN	NaN	NaN	0	0	0	0	0	0	0	0	0	11998	0	0	18000	18000	18000	18000	93	NaN	0.38532468075600923	0.28857256218420924	0.12696362646467038	0.11917373582297051	5.347627311645333	0.10870117257470456	7.260463064504634e-7	NaN	0.08626204969859498	-0.18419656039145782	0.0809304303366498	0.00009892566560324923	NaN	18.042502866982694	894.3013087925995	94.73038913917539	95.02551222356163	94.43526460181344	0.590247081064519	0.0002835710609684207	45.53784684404509	071
DATA	2026-09-06T030000_AIU-1657.ghg	2026-09-06	03:30:00	249.145	0	18000	18000	0.09263982371206747	1	NaN	54.274444959162814	1	NaN	45.040572543298815	1	NaN	-10.529649622779663	2	NaN	1.0208622941280232	1	NaN	0.12446812753279714	1	NaN	NaN	NaN	NaN	NaN	NaN	NaN	NaN	NaN	NaN	-1.5446844284592711e-10	-7.597938682512844e-12	-6.971532731765082e-13	NaN	18.13267207886445	462.4779233554082	473.2433575089157	0.1	1	891.9034080167618	22.748199172145128	23.277725508282053	0.1	1	0.08183711480684445	2.001519066996454	2.0481098784375904	0.5	0	NaN	NaN	NaN	NaN	9	302.58631210920544	294.9799156109218	96997.4057326685	1.1357255370145318	1018.183546367434	0.025283800116761478	0.0661518766594959	0.016212853851579737	2207.1081794289785	2608.8174020789156	0.014275327377244922	84.60186510831218	401.70922264993715	292.2333813324153	-0.4191407081265796	-1.3587181924896843	0.5247192379250926	1.5156267147487998	7.277671371611575e-14	-8.518790952270982e-15	1.5156267147487998	2.890340057437708	268.1440758607422	252.8559241392578	20.255438953058	NaN	0.2856026050511168	0.2623160891471349	-36.721190887359704	-0.054548884488643146	1.2050123232111938	0.16433639685074122	0	20.328919818645154	-3.0849920119540113	6.978260330836704	17.376854903671116	26.500800141762063	37.167749004918534	55.68406085999506	0.09154160611566199	1.0119969229621981	56.12140680154435	1.022370654535873	40.9189904324492	1.100725410556101	-9.566100247890112	1.100725410556101	0.927445014294955	1.100725410556101	0.08269745789456566	1.305169097914143	NaN	NaN	800000009	800000009	800000009	800000019	800000019	800000019	899999999	899999999	89999	89999	89	89	15	9	0	35	1	0	5	NaN	0	0	0	0	0	0	0	0	0	NaN	NaN	NaN	NaN	0	0	0	0	0	0	301	0	17997	15001	0	16	18000	18000	18000	18000	93	NaN	0.35866227207228984	0.10382648801828828	0.062143418203691604	0.08302432068903601	9.82574192241564	0.06445649280677875	0.0000015654825635108067	NaN	0.04853209994091038	-0.24749903411768034	0.023995331356253247	0.00008269745789456566	NaN	18.134064011907853	891.9681548470355	94.7606369319492	95.06487928644816	94.45639331309	0.6084826985945311	0.0002837663251719075	38.654422021833426	003
DATA	2026-09-06T033000_AIU-1657.ghg	2026-09-06	04:00:00	249.166	0	18000	18000	0.17676190047749402	1	NaN	53.78512902207655	1	NaN	103.82093849578509	1	NaN	-6.377836662681061	1	NaN	2.3535735444645494	1	NaN	0.07540958947682594	1	NaN	NaN	NaN	NaN	NaN	NaN	NaN	NaN	NaN	NaN	-3.4978532850594986e-10	-1.7286108545111337e-11	-1.585452073167487e-12	NaN	18.193081687623433	464.08221932545456	474.97557934025025	0.1	1	899.087409313643	22.93456861493125	23.47290967240511	0.1	1	0.0824627470859098	2.0187141584344124	2.0660992535297487	0.1	0	NaN	NaN	NaN	NaN	9	302.747926580641	295.1691577802965	96988.75960925582	1.134815544758562	1018.2938000335189	0.025302276136658537	0.15251156568130278	0.016333745284021515	2224.992032644283	2639.110213949281	0.014393304144856957	84.30841655963685	414.11818130499796	292.3628528972975	-0.12521432833285726	-0.4576436586874128	0.3067568519452963	0.5649921349647556	-2.00982810478331e-14	-1.922628252386209e-14	0.5649921349647556	2.0359740749330117	266.3020023364452	254.69799766355487	32.884005225800855	NaN	0.39466779843016214	0.269714221929383	-97.77932395832599	-0.020485926051746182	0.5180566637264613	0.11793213095166179	0	20.855252513770864	-3.164865029043871	7.158933312971713	17.8267561751528	27.186927967836148	38.130053036811674	57.12576765452451	0.17368688173217448	1.0177043810946023	59.09275697662143	1.0233013824504198	94.95259382867836	1.0933976030513475	-5.833044306007637	1.0933976030513475	2.152532196793212	1.0933976030513475	0.04049383327438279	1.3127718734949978	NaN	NaN	800000009	800000009	800000009	800000019	800000019	800100019	899999999	899999999	89999	89999	89	89	3	0	0	12	4	0	1	NaN	0	0	0	0	0	0	0	0	0	NaN	NaN	NaN	NaN	0	0	0	0	0	0	301	0	18000	3004	0	16	18000	18000	18000	18000	93	NaN	0.34481428479949766	0.08329207682907314	0.11132208223019519	0.06266269092917387	12.834981484639831	0.09347415805931653	0.000002622655070660899	NaN	0.0511370742582029	-0.15105459909668661	0.055742742720885315	0.00004049383327438279	NaN	18.194481303608548	899.1498526142888	94.72577279959785	95.02664970440335	94.42489193979898	0.6017534622152653	0.0002835852613740523	53.98703886443388	183
DATA	2026-09-06T040000_AIU-1657.ghg	2026-09-06	04:30:00	249.187	0	18000	18000	0.0986804172979094	1	NaN	40.54687322589685	1	NaN	116.30469206511712	1	NaN	7.6187652205035645	1	NaN	2.635681848242165	1	NaN	0.07883140176877196	1	NaN	NaN	NaN	NaN	NaN	NaN	NaN	NaN	NaN	NaN	1.7664243177835267e-10	8.601348414578056e-12	8.023590391919455e-13	NaN	18.156419328614472	462.8987724513201	473.5732014476614	0.1	1	884.1006491721706	22.540188008339143	23.059963930805004	0.1	1	0.08247150484178549	2.015375617669977	2.0618501067204704	0.5	0	NaN	NaN	NaN	NaN	9	302.52754780748154	294.81931130811904	97012.37058919271	1.136609714286031	1018.0614992979313	0.025266136053877238	0.1707921837660923	0.016075833439805728	2187.2636251918166	2583.347629918404	0.014143670635354256	84.66780079694122	396.0840047265874	292.08863417247545	-0.768726282544472	-0.2893776584415324	0.5987396169254668	1.0164490422818415	-7.04206549040765e-15	9.728924441614137e-15	1.0164490422818415	3.8303586612329417	320.3717636760184	200.62823632398164	36.08964378912074	NaN	0.29465228063333027	0.5150017762775356	-53.9793855429763	-0.03710861062701814	0.3486262893262751	0.11892199467551563	0	19.36002881891245	-2.9379590647391733	6.645671403896362	16.548661449713652	25.237752868609913	35.396307245471924	53.03011830539192	0.0973923479442947	1.0132255703944157	46.84692284172853	1.0214884552254957	106.24585368254041	1.0946751146885434	6.959841434480086	1.0946751146885434	2.4077297573281076	1.0946751146885434	0.04611554214903642	1.3064735205801834	NaN	NaN	800000009	800000009	800000009	800000009	800000019	800000019	899999999	899999999	89999	89999	89	89	20	10	0	9	2	0	11	NaN	0	0	0	0	0	0	0	0	0	NaN	NaN	NaN	NaN	0	0	0	0	0	0	0	0	18000	14997	0	0	18000	18000	18000	18000	93	NaN	0.11285196584795096	0.8424187991923049	0.07473278751481545	0.08663562387907933	8.298468625874357	0.2265027693566302	0.000001478571387928151	NaN	0.040485144349130794	0.179904468881548	0.0622372430866695	0.00004611554214903642	NaN	18.157749917866298	884.1550875412167	94.7847828631931	95.08928123580085	94.48028277969361	0.608999028742312	0.0002833437020308339	43.737020710751565	033
DATA	2026-09-06T043000_AIU-1657.ghg	2026-09-06	05:00:00	249.208	0	18000	18000	0.024716773663446625	0	NaN	18.820682920768622	0	NaN	50.984660267104246	0	NaN	0.9304954838476981	2	NaN	1.1559648126592148	0	NaN	0.10646840024084618	0	NaN	NaN	NaN	NaN	NaN	NaN	NaN	NaN	NaN	NaN	-3.115472761346539e-11	-1.5132353961284075e-12	-1.4104236414132745e-13	NaN	18.036954515393596	460.374616714049	470.9045790201828	0	0	876.0839879484257	22.36113806334954	22.872595325285367	0.1	1	0.08165613701790712	1.999775180962101	2.0455152294177963	0.2	0	NaN	NaN	NaN	NaN	9	302.88848717837857	295.3172244966364	97025.09937090373	1.1349197327585776	1017.968629995892	0.025305487140797823	0.07490651986031711	0.01592333364553053	2170.17361263411	2663.0257988284648	0.014030361078335196	81.4927746321056	492.85218619435454	291.9630530587875	-0.3387373348174943	-1.0615625954785113	0.41274648249910234	1.1882835456799719	-2.138115912749172e-14	-1.7272720617483654e-15	1.1882835456799719	2.3045481004208734	268.69752603130405	252.3024739686959	20.325118922589976	NaN	0.14757517835714498	0.09852852848047786	-14.611378018943277	-0.1370917922596371	0.36914402924661427	0.11038816632544987	1	11.814700777655576	5	10	17	26	45	115	0.024409821007858937	1.0125749654407077	21.56449010062227	1.0216025235796131	46.50051414749268	1.0964321836397017	0.848657580224285	1.0964321836397017	1.0542966814617656	1.0964321836397017	0.07692226316147217	1.3056502440679236	NaN	NaN	800000009	800000009	800000009	800000019	800000019	800000019	899999999	899999999	89999	89999	89	89	21	3	0	29	1	0	13	NaN	0	0	0	0	0	0	0	0	0	NaN	NaN	NaN	NaN	0	0	0	0	0	0	301	0	18000	18000	0	16	18000	18000	18000	18000	93	NaN	0.11101329129537846	0.04650741534792155	0.03953635031765572	0.0515872638132124	39.19103681842315	0.15173669601974818	0.0000012694736529085377	NaN	0.018665501012025913	0.021967033104711473	0.027289887751591566	0.00007692226316147217	NaN	18.038213265313026	876.1408296147767	94.8575616171095	95.18624240705702	94.52888158289593	0.6573617899252294	0.00028376816497054986	40.70317392434018	011
DATA	2026-09-06T050000_AIU-1657.ghg	2026-09-06	05:30:00	249.229	0	18000	18000	0.008249282483366047	1	NaN	14.372903325058765	1	NaN	37.952996134634255	1	NaN	30.428651528222986	1	NaN	0.8607610419031932	1	NaN	0.03943878240987025	1	NaN	NaN	NaN	NaN	NaN	NaN	NaN	NaN	NaN	NaN	2.467382753817805e-10	1.2043613429646953e-11	1.1088464320422878e-12	NaN	18.237899764663194	465.7608356659511	476.59595252256986	-0.1	0	890.2154081866131	22.73438706155537	23.26326308893399	0.1	1	0.08196146321725066	2.01037190479045	2.057139715318191	0	1	NaN	NaN	NaN	NaN	9	303.1570755615234	295.62976608047904	97049.11292216368	1.1338390688599482	1018.1882215516503	0.025326000425829606	0.05577731551532692	0.016176011015568672	2206.9439277469683	2714.12978600415	0.014266584614898936	81.3131317126923	507.18585825718174	292.2321879634874	-0.0172368368317247	-1.1238651696721143	0.35804641638089624	1.1796470931720382	-1.1220058362000132e-14	1.352887550461527e-14	1.1796470931720382	2.557613720355397	251.87868242890545	269.1213175710946	17.669142167411596	NaN	0.08529672941285656	0.2472535670178247	-3.695284033950045	-0.542069291993991	0.37870273203391913	0.14595959146775625	1	19.030759723343536	8	15	25	37	60	136	0.008146631070268374	1.0126004740133998	16.41578262354588	1.0215909204753915	34.61806496108512	1.0963349966931428	27.754884793429405	1.0963349966931428	0.7851259373270876	1.0963349966931428	0.025610367649078356	1.3056820350112865	NaN	NaN	800000009	800000009	800000009	800000019	800000019	800000019	899999999	899999999	89999	89999	89	89	15	0	0	13	2	0	3	NaN	0	0	0	0	0	0	0	0	0	NaN	NaN	NaN	NaN	0	0	0	0	0	0	301	0	18000	18000	0	16	18000	18000	18000	18000	93	NaN	0.3926551419539199	0.057644744062738416	0.044207248018991105	0.06056182749205616	83.18036304565538	0.0544759313889807	0.0000013896300692165977	NaN	0.014219427338380622	0.7192769305782329	0.020346795835076793	0.000025610367649078357	NaN	18.239218106130224	890.2791778600056	94.83391358566284	95.17262773556179	94.49519910430908	0.6774285798370836	0.00028378258594279434	42.520193924056166	175
DATA	2026-09-06T053000_AIU-1657.ghg	2026-09-06	06:00:00	249.249	1	18000	18000	0.01584275560018917	0	NaN	15.698888527981964	0	NaN	38.06457442834376	0	NaN	5.248328947814037	1	NaN	0.8637229354708829	0	NaN	0.10728268069463082	0	NaN	NaN	NaN	NaN	NaN	NaN	NaN	NaN	NaN	NaN	5.4120284822919966e-11	2.7307344183635168e-12	2.479971643245599e-13	NaN	17.897152136291652	457.5973494696088	468.41246937222	0	0	903.0323748141525	23.088881295380446	23.63457724382973	0.1	1	0.08201070991788066	2.0165332922149775	2.0641932040745865	0	0	NaN	NaN	NaN	NaN	9	303.49910536532934	296.14535241579904	97072.34861653554	1.1319829860895152	1018.4011860233741	0.025364096934660383	0.05596924621851321	0.01640356639320919	2241.89313710632	2800.307508139872	0.014491000831978957	80.05881963283085	558.414371033552	292.48437404038714	-0.005346383747396957	-0.678688771786857	0.21354005169118864	0.7115099341857261	7.38848825708066e-15	3.023960706752637e-15	0.7115099341857261	2.027617743062606	251.4513392603269	269.54866073967304	17.46495342997391	NaN	0.11830290567392587	0.11864300492827165	-9.028567691696301	-0.22186243359977006	0.4124277957588883	0.11511043584732827	1	7.168049727253309	3	6	10	16	26	66	0.015600273583648006	1.0155434464172044	17.733765189611617	1.0221914382227217	34.82498082550068	1.0930249931529288	4.801655022246802	1.0930249931529288	0.7902133445086159	1.0930249931529288	0.07858776053425852	1.3096959707308187	NaN	NaN	800000009	800000009	800000009	800000019	800000019	800000019	899999999	899999999	89999	89999	89	89	8	5	0	27	0	0	5	NaN	0	0	0	0	0	0	0	0	0	NaN	NaN	NaN	NaN	0	0	0	0	0	0	301	0	18000	18000	0	21	18000	18000	18000	18000	93	NaN	0.14089358047192	0.05581853768283863	0.040573891701784694	0.058558572297056896	41.083951045584264	0.05514907526886043	0.0000019820402590904426	NaN	0.01538303959650837	0.1246688805326745	0.02051688690366856	0.00007858776053425852	NaN	17.898555568154855	903.0986051586467	94.81837082799275	95.17514539888171	94.46159748501248	0.7135513103389033	0.00028422032653502863	31.12812725830071	202
DATA	2026-09-06T060000_AIU-1657.ghg	2026-09-06	06:30:00	249.27	1	18000	18000	0.0873701880586037	1	NaN	9.58554213133267	1	NaN	33.68077510388041	1	NaN	23.34427787537108	1	NaN	0.7643509510533665	1	NaN	-0.0009654311718897322	2	NaN	NaN	NaN	NaN	NaN	NaN	NaN	NaN	NaN	NaN	-7.308447098707373e-10	-3.696764634365627e-11	-3.386016612179826e-12	NaN	18.03774462001701	461.6150458771485	472.65119107009764	0.1	1	912.3866601810869	23.349449660674573	23.907680851213456	0.1	1	0.08356919343431693	2.0563147384897102	2.1054764549871687	0	1	NaN	NaN	NaN	NaN	9	303.667123421563	296.2813956529395	97091.78909737132	1.1315773245145357	1018.5530682720523	0.02537066776046493	0.04952994162825815	0.016584391631591644	2267.64795143293	2823.4411090451395	0.014655995018905674	80.315043376266	555.7931576122096	292.6680191443743	0.12469298343450623	-0.29405762991099427	0.1919854041635228	0.37266154247314437	7.747667237504437e-14	-4.051752174491359e-14	0.37266154247314437	2.093145938318026	228.0209831107461	292.97901688925396	31.009062181597077	NaN	0.27786862830815895	0.1714508056342722	-191.64040952150992	-0.01045238843415835	0.2845998081032377	0.029930175658591716	0	21.64766129942498	-3.2851161193995435	7.430941606775152	18.504095286898256	28.219912850777927	39.578829022807334	59.296298083095955	0.08539276355839964	1.0231568158448427	11.404032360023201	1.0265981936523132	30.718457545295077	1.0964344500116034	21.291083908503634	1.0964344500116034	0.6971241655579842	1.0964344500116034	-0.004952602487411956	1.320574793460257	NaN	NaN	800000009	800000009	800000009	800000019	800000019	800000019	899999999	899999999	89999	89999	89	89	21	4	0	23	6	0	1	NaN	0	0	0	0	0	0	0	0	0	NaN	NaN	NaN	NaN	0	0	0	0	0	0	301	151	18000	3004	0	21	18000	18000	18000	18000	93	NaN	0.19256108764580446	0.1000706098786573	0.050269913744082614	0.027920723863301047	27.745776485456293	0.05091869112849116	0.0000014876581715786416	NaN	0.009894424603773596	0.5530867514810773	0.01810946505891257	-0.000004952602487411956	NaN	18.03905457171792	912.4524839630036	94.81369140285916	95.1896529320611	94.43773434448242	0.7519181389907973	0.00028422911104927247	50.12259075738295	141
DATA	2026-09-06T063000_AIU-1657.ghg	2026-09-06	07:00:00	249.291	1	18000	18000	0.046433588459949125	1	NaN	14.80507459930358	0	NaN	37.09822229285015	0	NaN	12.501791348709677	0	NaN	0.8418902713911007	0	NaN	0.027463156530268498	0	NaN	NaN	NaN	NaN	NaN	NaN	NaN	NaN	NaN	NaN	-3.7814010458454926e-10	-1.931644924491369e-11	-1.7708793930602928e-12	NaN	17.829099400166225	456.2988283497503	467.18853260266894	0.1	1	910.7600317194812	23.30901444060075	23.865290849644243	0.1	1	0.08349599617122459	2.054259687693879	2.1032851926213927	0.4	0	NaN	NaN	NaN	NaN	9	303.7127013939751	296.261579221612	97116.15068625877	1.1319544214085688	1018.5296141108306	0.025362607066313592	0.054554489586143326	0.016560933437091727	2264.2889674303105	2820.06105561319	0.014630388930752015	80.29219661479871	555.7720881828795	292.6441718428524	0.04743396708653084	-0.4244442773064726	0.18212198171024213	0.46429660993148275	2.940736409113188e-14	-2.1209153423701468e-14	0.46429660993148275	2.0488241134030263	244.62334237375285	276.3766576262472	23.094793146704568	NaN	0.20253573197531358	0.18148357096706702	-48.0567143112515	-0.041682000709129106	0.39907773699865196	0.06340249452406285	0	17.614818102845813	-2.6731166055100264	6.04659704000866	15.056881578477824	22.96269443932118	32.20550545009242	48.24971577569928	0.04552283812856089	1.0200064488250093	16.76088290529171	1.0246435294993133	33.89606873493578	1.0944697623478088	11.422692319878605	1.0944697623478088	0.7692220473822086	1.0944697623478088	0.015802030046182847	1.3160568430709512	NaN	NaN	800000009	800000009	800000009	800000019	800000019	800000019	899999999	899999999	89999	89999	89	89	3	5	0	15	0	1	2	NaN	0	0	0	0	0	0	0	0	0	NaN	NaN	NaN	NaN	0	0	0	0	0	0	301	0	18000	0	0	16	18000	18000	18000	18000	93	NaN	0.22460540827359748	0.09364557720204268	0.04471615645849387	0.02658349682760823	35.63734350668022	0.06307051254028032	7.076022901608232e-7	NaN	0.014537652753217894	0.29662515150641017	0.019975203739817052	0.000015802030046182846	NaN	17.83032358208658	910.8221754608923	94.82630767567953	95.20957839541964	94.44303781509399	0.7665424475537413	0.0002843333442514348	52.42128145366254	193
DATA	2026-09-06T070000_AIU-1657.ghg	2026-09-06	07:30:00	249.312	1	18000	18000	0.022454244483155597	1	NaN	4.320852629664265	0	NaN	29.82589842381862	1	NaN	3.2574159432417167	2	NaN	0.6768841461526589	1	NaN	0.0788557289200745	0	NaN	NaN	NaN	NaN	NaN	NaN	NaN	NaN	NaN	NaN	-2.1500423728772469e-10	-1.1118154823802137e-11	-1.0145720893940665e-12	NaN	17.757097135357494	454.3307588607726	465.2616377806714	0.1	1	918.2430898233732	23.49404728926234	24.05929756397685	0.1	1	0.08379302366066266	2.0621411655919	2.1117548335138014	1.4	0	NaN	NaN	NaN	NaN	9	303.84425067053905	296.305331016134	97111.93502302466	1.131658262601847	1018.6364142097967	0.02536745376852043	0.04386209267069229	0.016689209065661608	2282.164396060128	2827.528438279194	0.014747569665855387	80.71234103834624	545.3640422190656	292.77072478504067	0.21257181545903409	0.011067140704731238	0.09108041091343153	0.23152731930181392	3.324870274506117e-15	-1.2108073501474155e-14	0.23152731930181392	1.5881144946567982	158.01969680604793	2.9803031939520706	23.165567621216514	NaN	0.14086126172110713	0.1083369932189664	-55.39446846356286	-0.03616065025188554	0.1448691525822968	0.026609908676206627	1	0.6687987330354802	1	1	1	2	4	32	0.021747648571126554	1.0324906809910088	5.973902049088447	1.0326777507985028	27.029691415756062	1.1034494610039314	2.952030027979787	1.1034494610039314	0.613425598610399	1.1034494610039314	0.05827933144729925	1.334154933356835	NaN	NaN	800000009	800000009	800000009	800000019	800000019	801000019	899999999	899999999	89999	89999	89	89	11	3	0	2	9	0	3	NaN	0	0	0	0	0	0	0	0	0	NaN	NaN	NaN	NaN	0	3	0	0	0	0	0	0	18000	14997	0	0	18000	18000	18000	18000	93	NaN	0.06995038229094856	0.09422564743905815	0.05249795670792607	0.04613761894924962	20.151917829578537	0.053379747307424986	0.0000014209850031030525	NaN	0.005182312541918513	0.07668767234664886	0.015935536179987435	0.00005827933144729925	NaN	17.758405758437938	918.3086897839809	94.80694242095947	95.1820556886461	94.43182776641845	0.7502281652258506	0.00028438325855758103	36.676295633938345	102
DATA	2026-09-06T073000_AIU-1657.ghg	2026-09-06	08:00:00	249.333	1	18000	18000	0.0944738237999482	1	NaN	27.42913202898189	0	NaN	45.73651284201242	0	NaN	2.844318756308768	0	NaN	1.0377200404919915	0	NaN	-0.007031772780486013	1	NaN	NaN	NaN	NaN	NaN	NaN	NaN	NaN	NaN	NaN	3.111428582567372e-10	1.6191335650317122e-11	1.4721921657890032e-12	NaN	17.59540821226205	450.1443236543497	460.94176051688044	0.1	0	915.6345797723684	23.424731251130183	23.986611171446675	0.1	1	0.0832537898156651	2.046487478319045	2.0955757777287185	-0.7	0	NaN	NaN	NaN	NaN	9	303.6482440906101	296.0590535517405	97144.75082234519	1.1330123224760706	1018.5920555850238	0.02533780724529886	0.06724425862388105	0.01665943940181005	2276.2000833141337	2785.7186999419177	0.014703670093722126	81.70961710389469	509.518616627784	292.7285960287861	0.7341542071232893	0.4789828527438615	0.2431965145651483	0.909698586211999	4.1301149474020715e-15	1.7683184982312894e-14	0.909698586211999	3.303464340342931	127.8784403607325	33.1215596392675	15.50589177788595	NaN	0.2887609289113316	0.27915774398380644	-75.19027877678005	-0.026640411933391967	0.5997206678989784	0.08230736851770834	0	15.19606614890669	-2.306061664895004	5.216317764922609	12.98936878751182	19.80960698087947	27.783255456921996	41.62437944647397	0.09318594775983667	1.0138204962343755	29.76987960757065	1.0215694156543604	41.81294067892272	1.09383631238038	2.6003148040670094	1.09383631238038	0.9486977427488491	1.09383631238038	-0.014933225074526884	1.307279865828822	NaN	NaN	800000009	800000009	800000009	800000019	800000019	800001019	899999999	899999999	89999	89999	89	89	14	3	0	4	22	0	0	NaN	0	0	0	0	0	0	0	0	0	NaN	NaN	NaN	NaN	0	0	0	0	0	0	301	151	18000	3004	0	21	18000	18000	18000	18000	93	NaN	0.27085135644801	0.15597026723625315	0.13149386428334972	0.03613871226167078	14.671380903815079	0.024186649556811136	1.0200868696898899e-7	NaN	0.02579539369114071	0.06746709784301737	0.024614667167751476	-0.000014933225074526885	NaN	17.596675006924304	915.7022357158403	94.8107726826138	95.18800550248889	94.43354382239448	0.7544630599750429	0.0002846907483197153	53.38584891492352	248
DATA	2026-09-06T080000_AIU-1657.ghg	2026-09-06	08:30:00	249.354	1	18000	18000	0.07474947103835648	1	NaN	23.42128532991912	0	NaN	41.90277861701118	0	NaN	0.2788706134468409	1	NaN	0.9508658102901365	0	NaN	0.07373432263763269	1	NaN	NaN	NaN	NaN	NaN	NaN	NaN	NaN	NaN	NaN	-3.1999476522877364e-11	-1.6931643176929045e-12	-1.5258095215571783e-13	NaN	17.404799928653688	445.152354466876	455.8904028934428	0.1	1	920.9271337520803	23.554012890849773	24.122187199092693	0.1	1	0.08299013714474841	2.04134786848728	2.0905896439093987	-0.7	0	NaN	NaN	NaN	NaN	9	303.7176936289469	296.1998487650553	97190.66213845486	1.1329530909890035	1018.6690033990942	0.025337882142674538	0.06161610450680084	0.01675133372140079	2289.8441706226054	2809.5544401318743	0.014785549247037077	81.50203953745509	519.710269509269	292.82482876951553	0.32121690362198524	0.2971848672499356	0.14609341518012442	0.46134849133145606	-2.7677991828369048e-14	-1.838543198086197e-15	0.46134849133145606	2.343337649764745	118.22548154356753	42.77451845643245	18.461422455785574	NaN	0.25686095774801143	0.19000551419265496	-62.001177491302215	-0.032307450939637446	0.5589434902154873	0.07900737037949715	0	16.503473762767605	-2.504465814309254	5.665108491111205	14.106921151763808	21.513944849680964	30.173613551331584	45.205571452174155	0.07327741442945354	1.0200888175485523	25.519469014410316	1.024693256358168	38.284306052634186	1.09451581959987	0.2547890203622544	1.09451581959987	0.8687547436616779	1.09451581959987	0.049621409706901036	1.3161766917091822	NaN	NaN	800000009	800000009	800000009	800000009	800001019	800001019	899999999	899999999	89999	89999	89	89	5	3	2	1	3	0	0	NaN	0	0	0	0	0	0	0	0	0	NaN	NaN	NaN	NaN	0	0	0	0	0	0	0	0	18000	14997	0	0	18000	18000	18000	18000	93	NaN	0.1835168432087728	0.1118466446772466	0.08464754049929053	0.04552822028334683	0.8558499497304569	0.0620242375042241	0.0000012597449271425787	NaN	0.02211192810904085	0.006611585307501939	0.022543538535725233	0.00004962140970690103	NaN	17.406097334963434	920.9932837726551	94.80316102812026	95.18326308059693	94.42305875523886	0.7602031680610433	0.00028425644455839773	33.70441738193287	011
DATA	2026-09-06T083000_AIU-1657.ghg	2026-09-06	09:00:00	249.374	1	18000	18000	0.09526293990396484	0	NaN	25.551045608902502	0	NaN	58.13028990436236	1	NaN	0.9110130490281966	1	NaN	1.3191996881518082	1	NaN	0.03601131322583269	2	NaN	NaN	NaN	NaN	NaN	NaN	NaN	NaN	NaN	NaN	2.0311849419432203e-10	1.0783445779346002e-11	9.674814441771466e-13	NaN	17.36103320232892	444.0213610099613	454.74089653981144	0.1	1	921.6874167629237	23.57284249430095	24.14193656239366	0.1	1	0.08269299918562562	2.0346837594571805	2.083804965702528	0.1	0	NaN	NaN	NaN	NaN	9	303.843480404324	296.27502456263346	97234.16852728881	1.133164504652722	1018.6813987213645	0.025332972878998064	0.08548413979223717	0.016767973938725002	2292.700567494062	2822.3540178400704	0.014797475450277929	81.23362813459705	529.6534503460084	292.8449115072569	0.678762437037162	0.4667102765341327	0.2840653989161987	0.8713380968467862	-4.7853254649652837e-14	1.1699677768433415e-14	0.8713380968467862	3.1162604145174297	126.4879748681692	34.5120251318308	19.026809169375163	NaN	0.2899449232740313	0.2955231336787842	-81.77021878908799	-0.02449669365770742	0.4395478785834343	0.0763417005920239	0	15.840623414650127	-2.403875716689417	5.437573416409053	13.540326643799787	20.649852475070503	28.961711709697227	43.38992165597645	0.09394012597878487	1.0140814578583672	28.65758958384558	1.0216352508189113	53.155256591311584	1.0935943805389128	0.8330447424018932	1.0935943805389128	1.2062970618975926	1.0935943805389128	0.018854494654821197	1.3076409060194611	NaN	NaN	800000009	800000009	800000009	800000019	800000019	800000119	899999999	899999999	89999	89999	89	89	8	1	0	1	7	0	2	NaN	0	0	0	0	0	0	0	0	0	NaN	NaN	NaN	NaN	0	1061	0	0	0	0	301	0	18000	12001	0	21	18000	18000	18000	18000	93	NaN	0.3488210286287941	0.1227282639284512	0.11949697480032306	0.03639393507237335	0.8656620117995104	0.08334986921424176	3.2879538582675346e-7	NaN	0.024826089719443778	0.021613119183920917	0.03129704905745414	0.000018854494654821196	NaN	17.362318045192644	921.7533170584669	94.80912009048463	95.19262173843384	94.42562030029296	0.767001186683776	0.000284459387306318	38.46725910498427	242
DATA	2026-09-06T090000_AIU-1657.ghg	2026-09-06	09:30:00	249.395	1	18000	18000	0.12257788560053812	1	NaN	51.67890199622926	0	NaN	59.012938798474316	0	NaN	-1.1087959612222122	2	NaN	1.339483038352928	0	NaN	0.02487467719323574	2	NaN	NaN	NaN	NaN	NaN	NaN	NaN	NaN	NaN	NaN	2.815289616275916e-11	1.513404516955652e-12	1.3677162899582851e-13	NaN	17.210384284303974	440.0503716724557	450.7122494820334	0.1	1	925.1720733749014	23.655620236260557	24.2287667410805	0.1	1	0.08361101751663494	2.0591367034276042	2.109027046302949	1.3	0	NaN	NaN	NaN	NaN	9	303.6524566633436	296.46964063069856	97244.24700441357	1.1325022534130091	1018.732640904633	0.025346986255050722	0.08679850088526972	0.016817552969485512	2300.990027997236	2855.7265662577215	0.014849906849017425	80.57459195095704	554.7365382604853	292.903069093058	0.7366720535016829	0.22037762117947604	0.11967593442200829	0.7781865712069826	-2.2284418164673654e-14	1.635808689549998e-15	0.7781865712069826	3.189269140261528	144.34529104034755	16.654708959652428	8.84652426239768	NaN	0.3289928999406829	0.2816831863146806	-59.066859036968275	-0.03391241776960438	0.8757215459597706	0.13615307554563597	0	17.892641329673776	-2.715277352030039	6.141964763431941	15.29436069416755	23.324865074779858	32.71345491590749	49.010716636001725	0.12078435998819818	1.014848988830302	54.46756200701558	1.0218962497760173	53.983544549830675	1.0931653208507113	-1.0142985146650436	1.0931653208507113	1.2253252209926766	1.0931653208507113	0.0032610441743261636	1.3087148680231493	NaN	NaN	800000009	800000009	800000009	800000019	800000019	800000019	899999999	899999999	89999	89999	89	89	7	8	0	1	2	0	0	NaN	0	0	0	0	0	0	0	0	0	NaN	NaN	NaN	NaN	0	7	0	0	0	0	301	151	18000	15004	0	16	18000	18000	18000	18000	93	NaN	0.3011068581504297	0.1487993322817162	0.1134601821972153	0.07019008240685361	3.487244851779804	0.06769324981605085	9.864423711936022e-8	NaN	0.047210504366721515	-0.026332488957771696	0.0318110126209976	0.0000032610441743261637	NaN	17.211714274804187	925.2409982215536	94.79562433327568	95.16896430502997	94.4222849392361	0.7466784706099182	0.0002845156097221964	44.769098302589995	247
DATA	2026-09-06T093000_AIU-1657.ghg	2026-09-06	10:00:00	249.416	1	18000	18000	0.1700933000342818	1	NaN	34.36709370206845	1	NaN	72.00034904481039	0	NaN	-3.3370025581453735	2	NaN	1.6348169149332503	0	NaN	0.13518703319340003	1	NaN	NaN	NaN	NaN	NaN	NaN	NaN	NaN	NaN	NaN	-4.293517181702083e-12	-2.308423248849113e-13	-2.1126351956398567e-14	NaN	16.909281097154643	433.14287307151125	443.4704416053438	0.1	1	909.1329079186871	23.28806514465128	23.843330170937502	0.1	1	0.08320251408579403	2.051922670352942	2.100847340067399	-0.6	0	NaN	NaN	NaN	NaN	9	303.9963748881022	296.8129241881269	97252.76719399054	1.1314502013972694	1018.5290270482413	0.02537411245870001	0.10593613608767462	0.01653854659073873	2265.436294255748	2915.4329603765527	0.014617122848460031	77.70496955495585	649.9966661208045	292.6523208407514	0.42525796277559574	-0.17810385310638618	0.1913656967112626	0.49918548383658395	1.596372498851522e-14	-2.539148268358116e-16	0.49918548383658395	3.032069998487576	183.72460242934858	337.2753975706514	22.541709923436795	NaN	0.38772685417108527	0.4383269497823877	-145.3897108732913	-0.013777453631128842	0.47731843189648465	0.07691447339802936	0	18.8189716018823	-2.855851544642745	6.459943969876405	16.08617387837236	24.53243014110212	34.40708209139206	51.54807876415601	0.166904807144059	1.019103661211332	38.09441395302807	1.02410503881612	65.81399643197676	1.093997522536527	-3.0502834690230807	1.093997522536527	1.494351569592943	1.093997522536527	0.09331547904509385	1.3147665626324543	NaN	NaN	800000009	800000009	800000009	800000019	800000019	800001019	899999999	899999999	89999	89999	89	89	9	9	1	4	6	0	1	NaN	0	0	0	0	0	0	0	0	0	NaN	NaN	NaN	NaN	0	5	0	0	0	0	301	0	18000	17997	0	16	18000	18000	18000	18000	93	NaN	0.16673275607008914	0.571015908919432	0.13890523457525428	0.057648978850866076	2.102708255273161	0.08213176071213975	5.502422538745335e-7	NaN	0.033056163064819497	-0.07924417428773348	0.03882218076797216	0.00009331547904509385	NaN	16.910547314329193	909.1977741066183	94.8468693262736	95.25156127590603	94.44218183814155	0.8093825250483235	0.0002846226229141596	44.8756732950052	125
DATA	2026-09-06T100000_AIU-1657.ghg	2026-09-06	10:30:00	249.437	1	18000	18000	0.09977473214607234	1	NaN	9.91731868894198	0	NaN	75.31705340096292	0	NaN	-4.0909953126742025	1	NaN	1.7106267168918259	0	NaN	0.16071082387681182	1	NaN	NaN	NaN	NaN	NaN	NaN	NaN	NaN	NaN	NaN	-1.979235238944287e-10	-1.064590288093633e-11	-9.681327346408335e-13	NaN	16.89668738842362	433.52499386835626	443.8754710487714	0.2	0	908.8383705347063	23.31842567456911	23.87515674253868	0.1	1	0.08264927708366407	2.0410828378557855	2.089814010534098	0.4	0	NaN	NaN	NaN	NaN	9	304.2930232289632	297.11541642141754	97254.2628259587	1.1303025667446327	1018.5525211991614	0.025399581471798736	0.1108486112545903	0.016543502432191454	2268.424616957591	2968.94490649939	0.014636348637018622	76.40507615994244	700.5202895417992	292.6735287189857	0.2952869760609151	0.006968968807214349	0.17838192595381902	0.34505517857936	6.100487770156879e-14	-1.1713747159104777e-14	0.34505517857936	2.342486654921426	159.64803251350475	1.3519674864950442	31.12898124588532	NaN	0.2971070302612621	0.2296861863709032	-226.70082854084964	-0.008835874191077593	0.1316742788136636	0.02899367049958125	0	15.498443421802115	-2.35194858263587	5.320114097793057	13.247836332474657	20.203786295269957	28.336097550059733	42.452637643013524	0.09739646387992643	1.0244184251809996	14.199251089225328	1.0274017006042127	68.63793076907214	1.0973094986555212	-3.7282055041778968	1.0973094986555212	1.5589281957257928	1.0973094986555212	0.11858676023045647	1.3223935369106992	NaN	NaN	800000009	800000009	800000009	800000019	800000019	800000019	899999999	899999999	89999	89999	89	89	24	4	1	4	0	0	2	NaN	0	0	0	0	0	0	0	0	0	NaN	NaN	NaN	NaN	0	6	0	0	0	0	301	0	4	18000	0	16	18000	18000	18000	18000	93	NaN	0.11897560784502366	0.2078826263520676	0.13251413854471514	0.053270126086135926	2.017221554454947	0.09641543758427965	0.0000014046713014509363	NaN	0.012333527232362682	-0.09695633499237372	0.04054174701594841	0.00011858676023045647	NaN	16.89792242727848	908.9025872938037	94.85128281995985	95.2785701031155	94.4239965540568	0.8545732500089536	0.00028530689176275504	41.01074533999401	071
DATA	2026-09-06T103000_AIU-1657.ghg	2026-09-06	11:00:00	249.458	1	18000	18000	0.1494301916039107	1	NaN	-17.711109170821345	2	NaN	103.09066952731067	1	NaN	10.938090222106505	1	NaN	2.342140397848322	1	NaN	0.013232986594899966	1	NaN	NaN	NaN	NaN	NaN	NaN	NaN	NaN	NaN	NaN	-6.407714519804219e-11	-3.446632773981438e-12	-3.1474848078508126e-13	NaN	16.807774632574386	433.0807830297411	443.40997212727905	0	0	904.070035069145	23.294895800343127	23.85049049112086	0.1	1	0.08256019388239619	2.0417413441296763	2.0904378766431693	0.3	0	NaN	NaN	NaN	NaN	9	303.6040990253025	297.4278491448195	97252.85042896138	1.129108979298125	1018.5454811611937	0.025426659752212654	0.15177069778057126	0.016509208586786596	2266.102712085093	3025.1133856842985	0.014621448318521942	74.9096785201156	759.0106735992053	292.65705247618206	-0.2587281570295814	-0.10684818125855954	0.2801179778826208	0.39600867996952754	-1.703879945510508e-13	-3.812351521768812e-15	0.39600867996952754	2.2376240614865504	318.5606134343369	202.4393865656631	45.019964459065605	NaN	0.36379040981457506	0.38335083222059607	233.0306052206819	0.008595866616331566	-0.17180128184276985	-0.042332920058362596	0	19.941833975988605	-3.0262502419441413	6.845386287132658	17.045979747336496	25.99619465138385	36.4600326298448	54.62377276732617	0.14726425128217366	1.0147078486657761	-11.374008541107415	1.0217871260525477	93.6132307015639	1.10124037761244	9.932518317046265	1.10124037761244	2.1268203068672737	1.10124037761244	0.0088755275314215	1.3890673921880483	NaN	NaN	800000009	800000009	800000009	800000019	800000019	800000019	899999999	899999999	89999	89999	89	89	8	8	0	10	5	0	2	NaN	0	0	0	0	0	0	0	0	0	NaN	NaN	NaN	NaN	0	0	0	0	0	0	301	151	0	3004	0	16	18000	18000	18000	18000	93	NaN	0.172813621844174	0.4880976282931228	0.10579041430389535	0.1991088186298569	2.8378682819305716	0.18012373254535546	3.392929784411193e-7	NaN	-0.009890022110736777	0.2585758775948168	0.055368075827342204	0.0000088755275314215	NaN	16.809090800666553	904.1389955285043	94.8170391676161	95.30225129169888	94.331828221639	0.9704219046301243	0.0002864589051104203	46.3936374671502	096
DATA	2026-09-06T110000_AIU-1657.ghg	2026-09-06	11:30:00	249.479	1	18000	18000	0.1461282296857121	1	NaN	-36.29879496492131	2	NaN	-3.3914639060257046	2	NaN	16.859260831733717	1	NaN	-0.0770974191881362	2	NaN	0.008129340111918505	1	NaN	NaN	NaN	NaN	NaN	NaN	NaN	NaN	NaN	NaN	-2.7085613365001946e-10	-1.4533634744978062e-11	-1.3451211700407615e-12	NaN	16.554924892433363	427.74057037882176	437.7885894037846	0.1	1	888.306380124519	22.95176089136326	23.490918843784215	0.1	1	0.0822147892357515	2.038561886545653	2.086449578380529	0	1	NaN	NaN	NaN	NaN	9	304.1557754584418	298.0424837534545	97243.7731569845	1.126822802094749	1018.3624790948879	0.025481582310941463	-0.004995912763391225	0.016230967657419722	2232.514517467616	3138.3230304542567	0.014404188153848646	71.13718045603707	905.8085129866408	292.4170401163503	-0.09563634496806489	0.43675577818455547	0.21158490951562423	0.49464137937613967	9.315959835515733e-14	-1.6361060857111934e-14	0.49464137937613967	3.146386590686281	58.648892315503986	102.35110768449599	25.325117931001564	NaN	0.3601133719255076	0.3962459434150966	110.27584330139312	0.0181644496204428	10.702987255865608	-0.08784052914445371	0	17.567700824581	-2.665966376753718	6.030423203093292	15.01660643768492	22.901272308403314	32.119360038139185	48.12065425084399	0.14417272247989096	1.0135636420828071	-35.970459956396894	1.0222736933867291	-3.0646130534958194	1.1066532207571997	15.234456933309415	1.1066532207571997	-0.0696671890905303	1.1066532207571997	0.014566228972845617	1.4097181561962138	NaN	NaN	800000009	800000009	800000009	800000019	800000019	810100019	899999999	899999999	89999	89999	89	89	9	3	1	13	0	1	1	NaN	0	0	0	0	0	0	0	0	0	NaN	NaN	NaN	NaN	0	0	0	0	0	0	301	0	0	0	0	21	18000	18000	18000	18000	93	NaN	0.3714389056795922	0.27873894180766495	0.1423140393429361	0.2499372015030615	6.7558963287432805	0.11019449183930208	1.7220572446333417e-7	NaN	-0.03134642192194377	0.3973197012136187	-0.0018169434509556328	0.000014566228972845617	NaN	16.556293327852504	888.3603209601454	94.79630765724183	95.3130004380544	94.27961638259887	1.0333837702439839	0.00028724048374796337	53.62276506386684	070
DATA	2026-09-06T113000_AIU-1657.ghg	2026-09-06	12:00:00	249.499	1	18000	18000	0.30290041298422277	0	NaN	29.412943116088915	0	NaN	210.19954927034468	0	NaN	8.96501594672257	1	NaN	4.780037214533497	0	NaN	0.014193190739857496	2	NaN	NaN	NaN	NaN	NaN	NaN	NaN	NaN	NaN	NaN	-1.0176476126489442e-9	-5.474898106712377e-11	-5.062515835214234e-12	NaN	16.345623045848583	422.3341595707808	432.15328138008005	0.1	1	879.3871233462226	22.721386675445167	23.249650985557153	0.1	1	0.08131496057918554	2.019223649963586	2.066169895087022	0	1	NaN	NaN	NaN	NaN	9	305.18953886074485	298.390724150338	97244.75204525252	1.1256179638468433	1018.2387028041262	0.025511098834736793	0.30974641150177057	0.016049461356375996	2210.1282979164016	3204.0914228620754	0.014258355740455968	68.97831572927436	993.9631249456738	292.25531010724666	1.0727041946032496	0.3715583014549495	0.14067855267249232	1.1439144704398168	-1.4543913291051074e-13	-6.22581109202444e-14	1.1439144704398168	5.225999186183562	141.89517501338082	19.104824986619214	7.064115780487797	NaN	0.5187455987662313	1.3551785101443414	-406.7880033292839	-0.004924186513874512	0.13992866882059743	0.04947017449285026	0	15.080604056505408	-2.288539846917506	5.176683364949214	12.890673527535874	19.659090482119428	27.572153927266815	41.30811088731528	0.2990978827340474	1.012713330550576	41.55095649677485	1.0215490864761867	191.79881867656633	1.0959376638539564	8.180224334289544	1.0959376638539564	4.361595893806675	1.0959376638539564	-0.007156442370774312	1.3058160537885828	NaN	NaN	800000009	800000009	800000009	800000019	800000019	800000119	899999999	899999999	89999	89999	89	89	7	7	0	2	6	2	4	NaN	0	0	0	0	0	0	0	0	0	NaN	NaN	NaN	NaN	0	1	0	0	0	0	0	0	0	14997	0	0	18000	18000	18000	18000	93	NaN	1.1702213982389253	1.107603294379666	0.4325323276700914	0.11527161486980501	1.243247603237704	0.12222444340295639	1.0769234412040462e-7	NaN	0.03625270439818132	0.21353973177445854	0.11385678182051315	-0.000007156442370774312	NaN	16.34679174131785	879.4441640039262	94.82914483642578	95.33597197871738	94.32231665802001	1.0136525462932091	0.00028696700038077924	29.05479268720618	050
DATA	2026-09-06T120000_AIU-1657.ghg	2026-09-06	12:30:00	249.52	1	18000	18000	0.526248108461929	1	NaN	49.53932612161435	0	NaN	216.55970087739695	0	NaN	8.607231446595955	1	NaN	4.922724675643745	0	NaN	0.12681667707439126	0	NaN	NaN	NaN	NaN	NaN	NaN	NaN	NaN	NaN	NaN	-9.529840489063024e-11	-5.031123325670721e-12	-4.842482800794158e-13	NaN	16.411897664783027	423.03373591494704	432.69732705014627	0.2	0	866.4392783339131	22.333373772099474	22.843547251139793	0.1	1	0.08339523863102934	2.0667621140862957	2.1139742920962914	1.4	0	NaN	NaN	NaN	NaN	9	305.01277868058935	297.98381277410124	97236.46402670172	1.127225778379285	1018.0086292524779	0.02547848118709416	0.31899255898171464	0.015795580565161903	2172.200809004902	3127.359182763553	0.014012792173607532	69.45798937893005	955.1583737586507	291.97799457027656	0.5602690566344017	0.2437402307837676	0.3204950874261969	0.6899476914874485	-9.503102499021485e-15	-5.806665800453011e-15	0.6899476914874485	6.1802730125494865	137.48896553484417	23.511034465155806	27.67921662921878	NaN	0.6832660118954534	0.9482456662079637	-551.8263063363576	-0.0036299465556450653	0.228755977778435	0.06318265992972219	0	16.694342190410623	-2.5334308345791885	5.7306274458275706	14.270072612954706	21.762761122235727	30.52258191142579	45.72838964595626	0.5180626438433643	1.0158001444725662	61.75159764354962	1.0223104970087957	198.13050584000854	1.093015434242469	7.87475746173825	1.093015434242469	4.503801612879799	1.093015434242469	0.07535109523484185	1.3100619654293773	NaN	NaN	800000009	800000009	800000009	800000019	800000019	810001019	899999999	899999999	89999	89999	89	89	50	22	2	8	0	0	4	NaN	0	0	0	0	0	0	0	0	0	NaN	NaN	NaN	NaN	0	0	0	0	0	0	301	151	0	6005	0	16	18000	18000	18000	18000	93	NaN	0.7662764360269579	0.5482283781246216	0.5819865182643481	0.13757110505804881	1.788111790423882	0.22124757135679304	2.41361740909273e-7	NaN	0.05381282934735447	0.20522137493207307	0.11737204147649503	0.00007535109523484185	NaN	16.413132093217637	866.495006653469	94.8809209306505	95.35791686630249	94.40392568291557	0.9539929495023356	0.00028652828232831484	47.52864381306209	136
DATA	2026-09-06T123000_AIU-1657.ghg	2026-09-06	13:00:00	249.541	1	18000	18000	0.5146347685835614	1	NaN	28.23446142614246	1	NaN	122.35209458303844	0	NaN	0.18879109125492752	2	NaN	2.784140990147355	0	NaN	0.08229703075978181	0	NaN	NaN	NaN	NaN	NaN	NaN	NaN	NaN	NaN	NaN	-5.254943308294078e-10	-2.690308192747811e-11	-2.6773417843805834e-12	NaN	16.285412621865188	421.8767401582345	431.1897050086253	0.2	0	833.7440849215469	21.59830056750675	22.07508488592621	0.1	1	0.08297257102580063	2.065648650692707	2.1112480200012476	0.2	0	NaN	NaN	NaN	NaN	9	305.277600221422	299.0551164249817	97212.15537623064	1.123221705035453	1017.6148868844931	0.025576474756008077	0.1804123361615486	0.015217162904890384	2100.180550759027	3332.908566179078	0.013547782095619382	63.013446335454724	1232.7280154200512	291.43950706757454	0.6752039024286577	0.63603895306751	0.5400725617433959	1.073370500629855	8.395357794560303e-14	-3.226779345608145e-14	1.073370500629855	7.023110547282374	117.7108343740619	43.289165625938104	30.20900467695329	NaN	0.6768880052425678	1.5370590032943106	-941.0878683517916	-0.002128494126173576	0.23076402183683237	0.03649335155138214	0	15.100776658372302	-2.2916011170772035	5.183607966385656	12.907916764205492	19.685387506023456	27.60903587720088	41.36336676908773	0.5080435009772565	1.01297382526029	35.14075811107311	1.0214970213010974	111.71580797874414	1.0952084292879845	0.17237914373765745	1.0952084292879845	2.542110629989743	1.0952084292879845	0.050995042658331324	1.3061444505689457	NaN	NaN	800000009	800000009	800000009	800000019	800000019	800000019	899999999	899999999	89999	89999	89	89	63	12	0	28	18	0	1	NaN	0	0	0	0	0	0	0	0	0	NaN	NaN	NaN	NaN	0	0	0	0	0	0	301	0	0	14997	0	21	18000	18000	18000	18000	93	NaN	1.185560844075664	1.1545640375386834	0.7339931249742739	0.20685708270009429	0.3020663882002421	0.08033730558499039	1.1496860860528548e-7	NaN	0.03074412857149065	0.0045062032573984275	0.06645390476565215	0.000050995042658331324	NaN	16.286604806630965	833.803781952459	94.83967488839892	95.36083287556966	94.31851876025729	1.0423142470518736	0.00028798911644520965	43.6486033200758	048
DATA	2026-09-06T130000_AIU-1657.ghg	2026-09-06	13:30:00	249.562	1	18000	18000	0.6461069753655346	0	NaN	25.307844181963112	2	NaN	225.13526344540145	0	NaN	2.1723981137332697	2	NaN	5.124084850863671	0	NaN	0.03149666310639575	0	NaN	NaN	NaN	NaN	NaN	NaN	NaN	NaN	NaN	NaN	2.2485360052729757e-10	1.144542124803398e-11	1.1469316367564504e-12	NaN	16.226604692789902	421.1366413217228	430.3621220237375	0.2	0	825.9610951249088	21.436553613577317	21.90614588429281	0.1	1	0.08276854911665976	2.06251392224115	2.1076956531101496	0	1	NaN	NaN	NaN	NaN	9	305.43108793385824	299.2753779931125	97189.62703555815	1.1222041210062184	1017.5282348436904	0.025601245405792165	0.33204069833596583	0.015088590285840068	2083.969503483643	3376.5994071207883	0.0134454953456337	61.71799648749671	1292.6299036371452	291.31606934773674	0.6286805085536277	1.3179669780167464	0.7675837466023999	1.6496851048082628	5.017905738866788e-14	1.3857094862686128e-14	1.6496851048082628	8.450072693635663	96.50150539683	64.49849460316997	27.72906118616823	NaN	0.7587807164395116	1.7668455076077156	-1478.6686327164334	-0.0013546645649202308	0.11241172881875358	0.029209258913939606	0	16.878127923880275	-2.5613210286831056	5.793715140829876	14.42716989369354	22.00234438760526	30.85860084766163	46.23180724310457	0.6384939878755144	1.0119233503127434	38.27732024787915	1.022827286352373	204.16106173535564	1.1027336042033014	1.9700117104010588	1.1027336042033014	4.646711437224859	1.1027336042033014	0.006328896079488538	1.305263292167506	NaN	NaN	800000009	800000009	800000009	800000019	800000019	810000019	899999999	899999999	89999	89999	89	89	31	10	2	8	4	1	0	NaN	0	0	0	0	0	0	0	0	0	NaN	NaN	NaN	NaN	0	0	0	0	0	0	301	0	0	9002	0	21	18000	18000	18000	18000	93	NaN	1.5826931424903738	1.252639327771576	0.6983585449534816	0.21823936207159897	0.45013179821641625	0.2091209009692135	5.3129740005078316e-8	NaN	0.033521480972473115	0.05153988716570557	0.12156830434140248	0.000006328896079488538	NaN	16.22773194346165	826.012314801589	94.8060761964586	95.34289450242784	94.26925931315952	1.0736361292368843	0.0002886055865302398	49.6831270044647	225
DATA	2026-09-06T133000_AIU-1657.ghg	2026-09-06	14:00:00	249.583	1	18000	18000	0.30508156419666893	1	NaN	18.465197957552256	1	NaN	148.2569466335355	0	NaN	1.2314411530916611	0	NaN	3.3715803557640003	0	NaN	0.04718225339559426	1	NaN	NaN	NaN	NaN	NaN	NaN	NaN	NaN	NaN	NaN	1.6744204149886818e-10	8.402577019328997e-12	8.558392239902773e-13	NaN	16.250773984375044	420.0785416821323	429.1246535689428	0.1	0	815.496387914873	21.080382615111525	21.534334628440906	0.5	0	0.08306187425529529	2.0616727984443703	2.106069550380426	0	1	NaN	NaN	NaN	NaN	9	305.31608751593694	298.43568941249606	97202.68456515584	1.1256656068021418	1017.3064622319914	0.02552598555148264	0.2184784070535072	0.014881638966173321	2049.619423127275	3212.67052496949	0.013220301727481905	63.79799631481786	1163.0511018422153	291.0517053810831	0.11397066044158291	0.8183091070299555	0.5286608375680603	0.9808676706201568	-8.812064584827557e-14	1.0303634870552136e-14	0.9808676706201568	6.106133806100825	78.92891072877217	82.07108927122783	32.61372932729581	NaN	0.5205989450369017	0.8634665973107828	-654.5442252105796	-0.0030602974143657956	0.12454861898103771	0.03097344298653963	0	15.173749108248295	-2.3026749678753986	5.208657047042984	12.97029251681668	19.780514464429025	27.742452788943396	41.563249614622436	0.30104621356493644	1.013404422477023	27.05313494711934	1.0215002763720313	135.47236694069832	1.0943703869766555	1.1252507996800627	1.0943703869766555	3.0808402675061792	1.0943703869766555	0.024526706885728923	1.306713308592685	NaN	NaN	800000009	800000009	800000009	800000019	800000019	810000019	899999999	899999999	89999	89999	89	89	22	4	2	7	1	0	0	NaN	0	0	0	0	0	0	0	0	0	NaN	NaN	NaN	NaN	0	9	0	0	0	0	0	0	0	15001	0	0	18000	18000	18000	18000	93	NaN	0.6319305144907271	0.6660287630389915	0.428973917091847	0.10423384122849219	0.1867798845946537	0.13544571078357737	2.480639771748137e-7	NaN	0.02362416126609378	0.02934183875813275	0.08033544023646211	0.000024526706885728922	NaN	16.252052066683667	815.548747024049	94.88080783165825	95.38418030293784	94.3774342282613	1.0067458907200202	0.0002874247808196944	32.35320355736513	208
DATA	2026-09-06T140000_AIU-1657.ghg	2026-09-06	14:30:00	249.604	1	18000	18000	0.06293900522372582	1	NaN	21.657476353701547	1	NaN	143.1312082380382	1	NaN	1.66842336453382	1	NaN	3.252885534578756	1	NaN	0.013392227230198814	1	NaN	NaN	NaN	NaN	NaN	NaN	NaN	NaN	NaN	NaN	-1.8142016322319e-10	-8.853707258054552e-12	-9.376214778921803e-13	NaN	16.25524245839602	418.4656542942968	427.18974643641354	0.1	1	793.2919669920179	20.4220541688851	20.847809258872378	0.4	0	0.08401086288620857	2.0783020702085686	2.1216301153505963	0	1	NaN	NaN	NaN	NaN	9	304.980928495619	297.76211724070356	97219.73366874541	1.1286930334817242	1016.9176199583567	0.02546390685634097	0.21078698264070336	0.01445204086336111	1985.9592369537274	3086.232000746987	0.012804226157736019	64.34899373971395	1100.2727637932596	290.55131801160223	-0.3702207593982779	0.9397866690474983	0.38923017800880505	1.0824798037291898	2.3223225828997676e-14	-1.1160717146331115e-14	1.0824798037291898	5.9159230293699405	49.49847233753093	111.50152766246906	21.07395595531085	NaN	0.2361413354444519	0.934955674952395	-52.082116717246755	-0.038460418398023416	0.1513120487160529	0.07990504806543339	0	8.758074190836258	-1.329071547325879	3.006363458838738	7.486270092430871	11.417034246217241	16.01255286534705	23.98972206145385	0.062135148214394	1.0129372349214998	29.86147984145036	1.0215012895880988	130.67791299587466	1.0952976287779914	1.5232602725482545	1.0952976287779914	2.9698644908123795	1.0952976287779914	-0.0027109603494149593	1.3060974463625121	NaN	NaN	800000009	800000009	800000009	800000019	800001019	800001119	899999999	899999999	89999	89999	89	89	16	20	0	25	36	7	0	NaN	0	0	0	0	0	0	0	0	0	NaN	NaN	NaN	NaN	0	16	0	0	0	0	301	0	0	18000	0	16	18000	18000	18000	18000	93	NaN	0.9018687602012976	0.6193208306148319	0.34872175908866043	0.041972452637015815	0.16469483849820418	0.23881675447532064	3.6622215866324196e-8	NaN	0.026016550250693177	0.039597027245986814	0.07720138657778934	-0.0000027109603494149593	NaN	16.256437621911367	793.3346220797808	94.96834850819906	95.42119379488626	94.51550159348383	0.9056934150258725	0.000286204758174588	43.77737954436409	128
DATA	2026-09-06T143000_AIU-1657.ghg	2026-09-06	15:00:00	249.624	1	18000	18000	0.22843082403174755	1	NaN	38.18255961394769	1	NaN	138.4218450141776	0	NaN	0.6583540957821219	1	NaN	3.1466800471241516	0	NaN	0.05817940654674023	1	NaN	NaN	NaN	NaN	NaN	NaN	NaN	NaN	NaN	NaN	-3.1762866405836543e-11	-1.4977525899690853e-12	-1.6384278228432774e-13	NaN	16.179319988566395	417.0922559990995	425.4600563772031	0.1	0	762.9229083796125	19.667652116054267	20.062229057836387	0.1	1	0.08345798419213353	2.0664877884090713	2.107946139765356	0	1	NaN	NaN	NaN	NaN	9	304.7503740861681	298.03136437883427	97214.9212012955	1.1279416995083775	1016.4969125345364	0.02548819391948042	0.20390486705364502	0.01390491214573083	1912.5021215531324	3136.24258139556	0.012327686929024256	60.98068219908264	1223.7404598424278	289.9561242500131	0.25955066974334157	0.757332611699215	0.3972303147675559	0.8937064159318401	1.8501863688587028e-14	-1.9631768472520932e-15	0.8937064159318401	5.935428119604254	89.91745295905241	71.08254704094757	26.38976544333928	NaN	0.45002229165726926	0.683170295794074	-204.43123300111756	-0.009798404923718527	0.2758420075244403	0.07400112039333048	0	15.29515155722039	-2.3210982578805597	5.250330579197477	13.07406550424337	19.938774817936796	27.964415184989583	41.89578973074382	0.22529343376258115	1.0139257954249685	45.85438765136158	1.021594231034557	126.55930918520569	1.0937310412433776	0.6019341784737959	1.0937310412433776	2.877014483877989	1.0937310412433776	0.02866722682894332	1.3074253188226566	NaN	NaN	800000009	800000009	800000009	800000019	800000019	800001019	899999999	899999999	89999	89999	89	89	17	4	2	8	2	0	1	NaN	0	0	0	0	0	0	0	0	0	NaN	NaN	NaN	NaN	0	3	0	0	0	0	301	0	0	18000	0	16	18000	18000	18000	18000	93	NaN	0.5546335796788491	0.4974824289694891	0.3142245829398097	0.053712389557303605	0.5420182736156962	0.14100610499877334	6.489154426561993e-8	NaN	0.03999338663265111	0.015650098321346114	0.07480146692914112	0.000028667226828943322	NaN	16.180561746317217	762.9815166462168	94.97538931910196	95.43341477521261	94.51736544503107	0.916048167717128	0.0002867311043761826	33.602162063722375	161
DATA	2026-09-06T150000_AIU-1657.ghg	2026-09-06	15:30:00	249.645	1	18000	18000	0.23493947776145882	1	NaN	26.413955744461994	0	NaN	101.51739360409485	0	NaN	2.864693836341493	1	NaN	2.3088838083401604	0	NaN	0.029958721322002523	1	NaN	NaN	NaN	NaN	NaN	NaN	NaN	NaN	NaN	NaN	1.8219314845623496e-10	8.35528477161335e-12	9.439457164798939e-13	NaN	16.07438463220965	415.9484002383615	424.03698254876736	0.1	1	737.1630726433103	19.07518127732088	19.446119532544618	0.1	1	0.08328165272509883	2.066357835235213	2.1065404766962073	1.3	0	NaN	NaN	NaN	NaN	9	304.5475374382866	298.5379981548175	97197.64517327344	1.1260815303624725	1016.1745609960454	0.025536060181647734	0.14961567078044238	0.013460759806395634	1854.5600341016896	3232.265095957466	0.01195362808416081	57.37648302489648	1377.7050618557766	289.4723146899268	0.07694958189650962	0.5332054026304285	0.32347286993942453	0.6283819993723684	-2.8259941985971006e-16	1.1334377808227794e-14	0.6283819993723684	4.6188654536870954	79.21194872907898	81.78805127092102	30.98215376345209	NaN	0.45676527713442977	0.7262062330606549	-308.9307673816353	-0.006483977031415215	0.2601914293374505	0.05053615665194172	0	13.68294754832449	-2.0764400796077336	4.696913113790603	11.695977765808479	17.837104064712033	25.016792070631713	37.4797131781791	0.23109437133408972	1.0166386849024993	32.02969581253733	1.0227272489255552	92.8710403279767	1.0931006398289853	2.620704564576663	1.0931006398289853	2.112233516486994	1.0931006398289853	0.011392555182146057	1.3112523259040196	NaN	NaN	800000009	800000009	800000009	800000019	800000019	810000019	899999999	899999999	89999	89999	89	89	24	17	0	10	16	7	0	NaN	0	0	0	0	0	0	0	0	0	NaN	NaN	NaN	NaN	0	12	0	0	0	0	301	151	0	18000	0	16	18000	18000	18000	18000	93	NaN	0.5115954178864403	0.5131620278596798	0.42765502037518965	0.1400273530820246	0.18687626116385098	0.1553789393648351	1.1606562514452157e-7	NaN	0.027990758050106472	0.06822420769244107	0.05498729619186281	0.000011392555182146057	NaN	16.075562311746104	737.2158555809119	94.93568850241766	95.42782901975843	94.44354947810704	0.9842815986375071	0.0002879237016087347	28.249964805147776	156
DATA	2026-09-06T153000_AIU-1657.ghg	2026-09-06	16:00:00	249.666	1	18000	18000	0.3660580901642114	0	NaN	53.013447533195446	1	NaN	64.00214988393404	0	NaN	9.235675066653242	1	NaN	1.4562734175756469	0	NaN	0.06584114075156397	0	NaN	NaN	NaN	NaN	NaN	NaN	NaN	NaN	NaN	NaN	-6.681552719146157e-11	-3.08309796403601e-12	-3.4870783203266704e-13	NaN	15.971652960508154	414.90405049525236	423.0024744323432	0.1	1	736.9869369394889	19.145098259670327	19.518787361618116	0.3	0	0.08335548205550418	2.0724382424941066	2.1128897238694346	0.8	0	NaN	NaN	NaN	NaN	9	304.66462478044303	298.98058229904734	97163.20844199354	1.1239862720644744	1016.2248773175471	0.025582981470998436	0.09436651745890191	0.01348531940819498	1860.6981515830848	3318.236072579754	0.011997761666097494	56.07491784442238	1457.537920996669	289.524190765399	-0.2075030769454317	1.0951701132224565	0.5284195777645679	1.233564896550619	1.076397472615581e-13	-4.183382105576114e-15	1.233564896550619	7.2203320469755115	60.2712840943575	100.72871590564249	25.364026128032453	NaN	0.5706824292931126	1.384327756374927	-300.1323966419084	-0.006674054591947043	0.8283072932602066	0.08132811703694788	0	16.021806731964215	-2.4313709841015414	5.499767786159219	13.695199418350507	20.886043228145258	29.292972599202635	43.886210832092935	0.3615562087617715	1.0124514011745438	56.0089927720628	1.0216717582644563	58.344914025358165	1.096961936667129	8.419321361973372	1.096961936667129	1.3275514572549387	1.096961936667129	0.03487987509638113	1.3055116989176248	NaN	NaN	800000009	800000009	800000009	800000019	800000019	810000119	899999999	899999999	89999	89999	89	89	37	23	1	19	2	9	0	NaN	0	0	0	0	0	0	0	0	0	NaN	NaN	NaN	NaN	0	3	0	0	0	0	301	0	0	18000	0	16	18000	18000	18000	18000	93	NaN	1.3173331074040184	1.0013697206179668	0.449952684727869	0.1784502859253139	1.2748893273096347	0.21100189721334936	1.254888183144257e-7	NaN	0.04903508510890391	0.2195966699576799	0.03462581681789138	0.00003487987509638113	NaN	15.972873307418894	737.0302637702935	94.87450494660271	95.40231463538275	94.3466927265591	1.055619520809911	0.00028847300028751803	38.60188010503593	129
DATA	2026-09-06T160000_AIU-1657.ghg	2026-09-06	16:30:00	249.687	1	18000	18000	0.022274379993048054	2	NaN	49.32102379572803	2	NaN	93.23134827814265	2	NaN	-1.1258985311708873	2	NaN	2.1202315818889255	2	NaN	0.008971577289194512	2	NaN	NaN	NaN	NaN	NaN	NaN	NaN	NaN	NaN	NaN	-1.949954910514144e-10	-8.913634105595299e-12	-1.017577370021687e-12	NaN	15.957331630293732	412.9939308742748	420.94077882290395	0.1	0	729.4415613773194	18.878779031224685	19.242045353563412	0.3	0	0.08327279500343295	2.0651139375736967	2.104850953620766	1.4	0	NaN	NaN	NaN	NaN	9	304.89170585123696	298.4424962374011	97174.2583936151	1.1262550871204655	1016.0613999345629	0.025534034987611337	0.13739100650640237	0.01332322150167757	1835.0234453511828	3213.97097046052	0.0118296659913355	57.09520907988313	1378.9475251093374	289.3061923943701	-1.1886436870356007	2.1531807460925356	0.6533626449872859	2.5447875915166875	-6.03240652616659e-14	-1.2219805639761907e-14	2.5447875915166875	7.056234526096278	42.09950937318803	118.90049062681197	14.877036136849858	NaN	0.14063208943871264	1.3812780211810767	-4.827764424056844	-0.4149125400606777	0.5290175966198158	0.3064720936196538	1	28.637961127195908	13	23	37	57	91	207	0.021995349461054935	1.0126858876458031	53.74629566676268	1.0270236000343498	83.38412106969774	1.1180947533189678	-1.0069795317693377	1.1180947533189678	1.8962897156928793	1.1180947533189678	-0.010483008047087038	1.308477163299478	NaN	NaN	800000009	800000009	800000009	800000019	800000019	810000119	899999999	899999999	89999	89999	89	89	8	3	0	5	12	8	2	NaN	0	0	0	0	0	0	0	0	0	NaN	NaN	NaN	NaN	0	0	0	0	0	0	301	0	0	3004	0	16	18000	18000	18000	18000	93	NaN	1.9018626084776564	0.6413587433487884	0.21933469053570864	0.11548111297881535	0.2829427512005844	0.3307352597599291	5.0471944200712264e-8	NaN	0.04696689161102866	-0.02620714215562563	0.04935188112522412	-0.000010483008047087037	NaN	15.958533568254563	729.4764191486074	94.92898181237115	95.42457131025526	94.43339246877034	0.9911784612834492	0.00028761247252178805	46.403229575015914	122
DATA	2026-09-06T163000_AIU-1657.ghg	2026-09-06	17:00:00	249.708	1	18000	18000	0.037540669334396606	2	NaN	51.669429733908096	2	NaN	6.737188129617637	2	NaN	-1.580994428676846	2	NaN	0.1532312147603318	2	NaN	-0.01578701238940804	2	NaN	NaN	NaN	NaN	NaN	NaN	NaN	NaN	NaN	NaN	-5.821892047374614e-10	-2.6379948555550273e-11	-3.0214323345944482e-12	NaN	15.994120297970042	413.6041085847335	421.50354062740627	-0.1	0	724.7198457449912	18.741081109103966	19.09901734221867	0.2	0	0.08300592288287506	2.0593843030760675	2.0987165195948103	0.7	0	NaN	NaN	NaN	NaN	9	304.9008336741129	298.55447478766814	97196.14466879558	1.1261452859168135	1015.9865943821659	0.02553786378917524	0.0099293827164695	0.013224061736735716	1822.049445140138	3235.4304884816224	0.011742767032026235	56.31551818611996	1413.3810433414844	289.19501250053895	-0.31617581864830335	1.1121006591972498	0.4563487828861064	1.2429759595931638	1.9441593512379175e-14	-3.6400201692327665e-14	1.2429759595931638	8.64647753270995	55.12928199218118	105.87071800781884	21.539469744384682	NaN	0.18258024866198788	1.101840072641313	-10.085866393229823	-0.1986046534727635	7.669287058611579	0.24734177512521646	1	8.816304170926523	4	7	12	19	32	81	0.03707984607962785	1.0124278632057735	51.27733752740264	1.0216879440511664	6.141053146199222	1.0970737378795317	-1.4411013353875883	1.0970737378795317	0.13967266690432611	1.0970737378795317	-0.025965845925902495	1.3054841755682502	NaN	NaN	800000009	800000009	800000009	800000019	800000019	800000019	899999999	899999999	89999	89999	89	89	28	8	0	13	30	10	8	NaN	0	0	0	0	0	0	0	0	0	NaN	NaN	NaN	NaN	0	6	0	0	0	0	301	0	0	14997	0	16	18000	18000	18000	18000	93	NaN	1.0329492409284282	0.8146069157381317	0.3561239886160659	0.0766323457616355	1.1474027376347964	0.23063407651635798	8.366180531470544e-8	NaN	0.0448170293524958	-0.03750573619864173	0.0036350852437906428	-0.000025965845925902493	NaN	15.995292511931586	724.7587352218147	94.93945897886488	95.42491904979282	94.45399967193603	0.9709165409455707	0.00028771707837424595	39.22639768264027	068
DATA	2026-09-06T170000_AIU-1657.ghg	2026-09-06	17:30:00	249.729	1	18000	18000	0.020718634118432555	2	NaN	31.554945507929464	2	NaN	40.15998754230323	2	NaN	-0.3301610179940488	2	NaN	0.9131142783937133	2	NaN	-0.014659931622869308	2	NaN	NaN	NaN	NaN	NaN	NaN	NaN	NaN	NaN	NaN	1.1731858700640793e-11	5.396259931444978e-13	6.09603400559849e-14	NaN	16.084832777383124	415.245884966044	423.33147911903853	0.1	1	739.8481420155913	19.0999123661222	19.471822468886625	0.2	0	0.08357898785461594	2.070869785262185	2.1111933940769916	0	1	NaN	NaN	NaN	NaN	9	304.80783631896975	298.2296496144995	97198.32198023432	1.1272430507615079	1016.1809766840713	0.025509507328729003	0.059169805239912616	0.013492241237722405	1856.9774129117773	3173.5231180777946	0.011969238780055229	58.514696248267754	1316.5457051660173	289.4927630463524	-0.1922660098952365	0.7771959835844967	0.296553589589867	0.8537820840001062	2.861761692947491e-14	7.293739924444197e-16	0.8537820840001062	5.939360819238498	57.10490105760846	103.89509894239158	20.324769555348897	NaN	0.13557255386217099	0.5632741208163575	-6.761827243660438	-0.2962364946365658	0.7857309585738917	0.20319219890905932	1	7.347075283394808	3	6	10	16	26	63	0.020428330980001352	1.0142108104042078	33.46686555691988	1.0216728781403333	36.72626254250746	1.0934950839558346	-0.3019318722491703	1.0934950839558346	0.8350419602166159	1.0934950839558346	-0.021758958208419235	1.307820781507545	NaN	NaN	800000009	800000009	800000009	800000019	800000019	800000019	899999999	899999999	89999	89999	89	89	15	15	1	22	2	2	4	NaN	0	0	0	0	0	0	0	0	0	NaN	NaN	NaN	NaN	0	7	0	0	0	0	301	0	0	17821	0	16	17821	17821	17821	17821	93	NaN	0.44561737441436367	0.47328083590099285	0.20765003131735857	0.047713680170681366	0.07503838073320973	0.2311638004693556	5.7930271541997974e-8	NaN	0.029216380500421427	-0.007852148892959914	0.02171640163274613	-0.000021758958208419234	NaN	16.085997154371057	739.891490179613	94.948433672799	95.4234115494622	94.47345513852437	0.9499549318634798	0.00028686996120086405	43.50961285747359	026
DATA	2026-09-06T173000_AIU-1657.ghg	2026-09-06	18:00:00	249.749	1	18000	18000	0.17338677690508475	1	NaN	19.053754915866232	0	NaN	9.813582402437962	2	NaN	0.21281895362614406	2	NaN	0.2231102870677994	2	NaN	0.07038749275849292	1	NaN	NaN	NaN	NaN	NaN	NaN	NaN	NaN	NaN	NaN	-7.439243731064325e-10	-3.396932718892372e-11	-3.878071742540223e-12	NaN	16.05521580047988	414.418462368027	422.41189636318643	0.1	0	733.1187125082286	18.923316469019795	19.28831536482259	0.3	0	0.0836957101650417	2.072731711184609	2.1127112140966062	0	1	NaN	NaN	NaN	NaN	9	304.554716436598	298.1358782466882	97197.51483531909	1.1276640776195066	1016.0790605949458	0.02550169822698254	0.0144575466019934	0.0133715866911777	1839.7927058065447	3155.8448297301975	0.011857774807729137	58.29794571882782	1316.0521239236527	289.3468888302232	-0.13731716784088113	0.45972332019608997	0.37955507215009177	0.611770862750726	4.224420890669228e-14	-4.633537053324423e-14	0.611770862750726	4.132506611861983	54.36936495276075	106.63063504723928	38.346834694321075	NaN	0.3921192053074408	0.48934091390580314	-270.93993173604196	-0.007393151637579512	1.9415697687658646	0.04240872477102914	0	14.946209115437641	-2.2681448961114716	5.130549930694721	12.775794753279502	19.483893102963346	27.326437111926918	40.93998232246999	0.170505963335731	1.0168956763329229	19.325192002448524	1.022861896715706	8.977297497708618	1.0931555298176092	0.19468314235363424	1.0931555298176092	0.20409747833871805	1.0931555298176092	0.04987276223224642	1.3116174256837365	NaN	NaN	800000009	800000009	800000009	800000019	800000019	800000119	899999999	899999999	89999	89999	89	89	25	9	0	4	3	9	0	NaN	0	0	0	0	0	0	0	0	0	NaN	NaN	NaN	NaN	0	0	0	0	0	0	301	0	0	3004	0	21	18000	18000	18000	18000	93	NaN	0.42260142503839315	0.30334553718807944	0.2527348655851337	0.06528042072934702	0.06886253326779394	0.22559198962108626	0.0000010608948157723069	NaN	0.01686617375182153	0.005060538606935122	0.005305252197106355	0.000049872762232246416	NaN	16.05638171521894	733.1621897835699	94.95942749087015	95.43039215426975	94.48846099832323	0.941928977754381	0.0002872127115875224	50.72748984315662	149
DATA	2026-09-06T180000_AIU-1657.ghg	2026-09-06	18:30:00	249.77	1	18000	18000	0.0997323610607037	1	NaN	12.440039047491672	0	NaN	16.958799684723996	2	NaN	-1.5832970955261336	2	NaN	0.3854726239244517	2	NaN	0.011249474371085817	2	NaN	NaN	NaN	NaN	NaN	NaN	NaN	NaN	NaN	NaN	4.0568087554240116e-10	1.7788090346344167e-11	2.0958742870894192e-12	NaN	16.020267931204593	412.8991431814189	420.5123482252785	0.1	1	702.4486252942008	18.104593303835742	18.43841327739095	0.4	0	0.0827657147613939	2.0469124103972294	2.084654227362754	0	0	NaN	NaN	NaN	NaN	9	304.65786177147754	297.91390276262564	97220.7616241109	1.1291261728573354	1015.6123323287253	0.02547661781487428	0.024978626030304468	0.012805654945864739	1760.6144894464096	3114.3387343303652	0.01134120814280578	56.53253032621614	1353.7242448839556	288.65891775145167	0.37995903156151734	0.6419683879868026	0.3910512608292373	0.8422668018126099	5.401465544731237e-14	2.5322976949231165e-14	0.8422668018126099	3.322508475283546	101.61983197600603	59.38016802399395	27.663913645114448	NaN	0.2971986368564268	0.33080272035787295	-180.6874394134141	-0.01108599472383298	0.7335447837559698	0.03650097709837951	0	15.026449453465775	-2.2803216769764463	5.158093842166155	12.844382987370404	19.588494487609506	27.47314204118559	41.159773039637706	0.09832636007367321	1.014299329152193	13.254945154935209	1.021700249700232	15.509659904601897	1.0934346587246648	-1.4480033926973042	1.0934346587246648	0.352533753021923	1.0934346587246648	0.0048186219803669295	1.307945539286268	NaN	NaN	800000009	800000009	800000009	800000019	800000019	800000019	899999999	899999999	89999	89999	89	89	15	4	0	11	16	4	2	NaN	0	0	0	0	0	0	0	0	0	NaN	NaN	NaN	NaN	0	4	0	0	0	0	0	0	0	14997	0	0	18000	18000	18000	18000	93	NaN	0.2842882213378744	0.23406239528751632	0.14325482409035517	0.030656522221168152	0.3678059792651011	0.1566358006303332	2.180977631676793e-7	NaN	0.011558660156974281	-0.037570612139985776	0.00914701510220078	0.000004818621980366929	NaN	16.021436115259387	702.4911962773277	94.99507514423794	95.44989342053731	94.54025891833835	0.9096327941202462	0.00028675157997996495	27.61059022237121	101
DATA	2026-09-06T183000_AIU-1657.ghg	2026-09-06	19:00:00	249.791	0	18000	18000	0.09711187707561486	1	NaN	17.35315051806049	0	NaN	54.03877832335021	1	NaN	0.8678792339668451	2	NaN	1.2281035341000424	1	NaN	0.05525812967062814	0	NaN	NaN	NaN	NaN	NaN	NaN	NaN	NaN	NaN	NaN	4.744733548637089e-10	2.0557554593382864e-11	2.4770791183686817e-12	NaN	15.976486635645623	411.382655622745	418.8482135293933	0.1	1	692.2148374740228	17.824017545020325	18.147478520568825	0.3	0	0.0834083116035502	2.061048454622877	2.0984512871829972	1.2	0	NaN	NaN	NaN	NaN	9	304.4863233574761	297.75029128706717	97215.21912435725	1.1298028913723601	1015.4504056305286	0.025464077991677762	0.07958110900968274	0.012613407866934753	1733.2305673908609	3084.0514640681963	0.011164255254837748	56.19979392641337	1350.8208966773354	288.41464795672664	-0.02579629223948356	0.3782318044876356	0.2636611218017	0.4617812618210188	-2.110234274907042e-14	2.9698228758574307e-14	0.4617812618210188	4.1773656533288985	67.09833617128743	93.90166382871257	34.81757334067558	NaN	0.2931803327532738	0.28800532692087444	-124.33542937137965	-0.016110452267124167	0.3211240345631977	0.05159196877889158	0	15.28017895870839	-2.3188261082917094	5.245190970640902	13.06126715223082	19.919256523590168	27.937040499644276	41.85477746377577	0.09520056727362934	1.0200766640023473	20.238685911670462	1.0246858908520127	49.37262910019913	1.0945088262097888	0.7929394566622665	1.0945088262097888	1.1220590503165544	1.0945088262097888	0.03601561008068192	1.3161596249254708	NaN	NaN	800000009	800000009	800000009	800000019	800000019	800100019	899999999	899999999	89999	89999	89	89	17	11	1	12	19	1	2	NaN	0	0	0	0	0	0	0	0	0	NaN	NaN	NaN	NaN	0	2	0	0	0	0	301	0	0	18000	0	21	18000	18000	18000	18000	93	NaN	0.27406132884825907	0.1682574138429287	0.13369191115056106	0.038104055765693444	0.09248975120891023	0.18805192818980826	2.8218241344099327e-7	NaN	0.017640907034528905	0.020557996548212363	0.029090854149692192	0.00003601561008068192	NaN	15.977682752008937	692.2615726312189	95.01929975382487	95.46376504558987	94.57483398607042	0.8889314911382062	0.00028597185317064746	44.63481023446874	056
DATA	2026-09-06T190000_AIU-1657.ghg	2026-09-06	19:30:00	249.812	0	18000	18000	0.10281946557029685	1	NaN	4.074590350403251	0	NaN	53.40342325472496	1	NaN	3.8764264263927597	1	NaN	1.2131517088238533	1	NaN	0.022106249431387507	1	NaN	NaN	NaN	NaN	NaN	NaN	NaN	NaN	NaN	NaN	-7.691703257398249e-10	-3.352555476930079e-11	-3.978392412025009e-12	NaN	16.033434944445347	412.0446549621944	419.5801655957817	0.1	1	698.8436544961634	17.9596445482289	18.28809218330633	0.3	0	0.08293000105057916	2.045321007192247	2.082726026316232	1.4	0	NaN	NaN	NaN	NaN	9	304.4426512374878	297.31500729373226	97215.17735010665	1.1313980729243787	1015.5161021701546	0.025426862739117127	0.07861223073178569	0.012727987861682982	1746.4183625140695	3004.720869154785	0.011249787467627856	58.122482538796675	1258.3025066407154	288.5327055540293	-0.06719836746851467	0.5709301742443175	0.38259918969798984	0.6905497986463813	-5.3889253691803196e-14	-4.7972897161771174e-14	0.6905497986463813	4.635031351616147	64.28718260309944	96.71281739690055	33.6453133948082	NaN	0.30146017973817424	0.484781526145133	-575.6787251893534	-0.0034795449481672897	0.07629829891181637	0.011763911533242152	0	16.905407892567116	-2.5654608691781267	5.803079471301544	14.450488400622428	22.037906581981197	30.90847733092094	46.306531303712234	0.10122090961889502	1.01579274437881	7.180473784662199	1.0223069880791893	48.85877724892762	1.0930159586811412	3.5465414714256753	1.0930159586811412	1.1099121647662589	1.0930159586811412	0.013551203675119862	1.3100517651084223	NaN	NaN	800000009	800000009	800000009	800000019	800100019	800100019	899999999	899999999	89999	89999	89	89	11	7	0	10	16	4	3	NaN	0	0	0	0	0	0	0	0	0	NaN	NaN	NaN	NaN	0	1	0	0	0	0	301	0	0	18000	0	16	18000	18000	18000	18000	93	NaN	0.5593635250793392	0.3004121678839451	0.10978735932698169	0.035209865296270994	0.8814314677799353	0.27105979881532327	7.254238930358017e-7	NaN	0.006249580294648394	0.09182704668630376	0.02873784417660197	0.000013551203675119862	NaN	16.034641037928314	698.8911113345823	95.04612604056464	95.47187185308668	94.62038241322836	0.8514888971646632	0.0002854023152839444	46.150975575817974	018
DATA	2026-09-06T193000_AIU-1657.ghg	2026-09-06	20:00:00	249.833	0	18000	18000	0.013136780250771503	1	NaN	1.3568544405102465	2	NaN	34.12056581512334	0	NaN	3.0664740160460897	2	NaN	0.7749861568588002	0	NaN	-0.013123188794561903	1	NaN	NaN	NaN	NaN	NaN	NaN	NaN	NaN	NaN	NaN	2.836891824252175e-10	1.2538965069100773e-11	1.4551912638995895e-12	NaN	16.17458776773979	415.12960727145537	422.88902330700614	0.2	0	714.9112606021088	18.348587000135097	18.691550541411612	0.4	0	0.08296798142099288	2.0450439844596433	2.0832690274545804	-1.4	0	NaN	NaN	NaN	NaN	9	304.33114053938124	297.1529008436723	97248.17245463567	1.132231814619209	1015.7313943203418	0.02540437681506811	0.05021910296445025	0.013015140887513718	1784.8451903267635	2975.635360002385	0.01149512027436798	59.98198617741029	1190.7901696756214	288.87229299400485	0.20688274731796943	0.15603766942550906	0.09534797828584177	0.276114944146039	-1.8272322907485633e-14	1.7539190889985803e-14	0.276114944146039	1.3946822833517971	123.97521852962177	37.02478147037824	20.201323407150593	NaN	0.10771515001025521	0.05682963976691739	-78.88680322497125	-0.025392079766339525	0.03976646952052725	0.01095323082176292	1	1.6949547530205362	1	1	3	4	8	24	0.012771642994779954	1.0285896854571326	3.3375203654234062	1.030106949082393	31.007465632337883	1.1003984079091838	2.786694340891092	1.1003984079091838	0.7042777881979271	1.1003984079091838	-0.012293896888913849	1.3284400265106502	NaN	NaN	800000009	800000009	800000009	800000019	800000019	810000019	899999999	899999999	89999	89999	89	89	11	1	0	18	4	0	0	NaN	0	0	0	0	0	0	0	0	0	NaN	NaN	NaN	NaN	0	2	0	0	0	0	301	0	0	3004	0	16	18000	18000	18000	18000	93	NaN	0.04096450752342585	0.042919787544578245	0.029774984465830687	0.0401293214061877	2.151525958655149	0.1486999125389902	3.620810051276173e-7	NaN	0.0029020821006655526	0.07211784867575854	0.018226254027815178	-0.00001229389688891385	NaN	16.175788400385127	714.9590326000997	95.0382002682156	95.45752381896973	94.6188803422716	0.8386394685026671	0.0002856091596089148	48.402077879789125	075
DATA	2026-09-06T200000_AIU-1657.ghg	2026-09-06	20:30:00	249.854	0	18000	18000	0.010065484517293773	1	NaN	-4.6696114201448315	0	NaN	17.94264680893903	1	NaN	0.937365695533107	2	NaN	0.40738636636024617	1	NaN	0.021172343359286302	1	NaN	NaN	NaN	NaN	NaN	NaN	NaN	NaN	NaN	NaN	-1.108826515027653e-10	-5.054008258744161e-12	-5.734459720698777e-13	NaN	16.434420274843582	421.12887424044794	429.37062918985504	0.1	1	749.077467674558	19.194966746928625	19.570624228205666	0.1	1	0.08499302625061735	2.0920923571159458	2.133035910487763	0	1	NaN	NaN	NaN	NaN	9	303.9783053749933	296.7784017990374	97297.3634116864	1.1338684572452287	1016.2005544072588	0.02535953232480743	0.02639863654014395	0.013639577507814544	1868.1206244532918	2909.3796922459596	0.012029241505626105	64.21027236259957	1041.2590677926678	289.5867212084661	0.1429535975460728	-0.019470269407475118	0.15421534889241295	0.21118048270655945	-3.157488038108414e-14	-6.746976750527371e-15	0.21118048270655945	1.504872703280006	168.7559571396156	352.24404286038447	46.90767479039197	NaN	0.09421846090640941	0.0755169728294028	15.34800376092579	0.1305120868617231	-0.26025209490377027	-0.04301328734863087	1	0.9458977398246411	1	1	2	3	7	27	0.009859998543432379	1.0208403655392289	-3.5367937856873892	1.031433564226559	15.703702971803255	1.1425742604248124	0.820398050262914	1.1425742604248124	0.35655132490800096	1.1425742604248124	0.014201474554888061	1.557830987308696	NaN	NaN	800000009	800000009	800000009	800000019	800000019	800000019	899999999	899999999	89999	89999	89	89	9	0	0	16	8	1	0	NaN	0	0	0	0	0	0	0	0	0	NaN	NaN	NaN	NaN	0	0	0	0	0	0	301	0	0	14997	0	16	18000	18000	18000	18000	93	NaN	0.037128750454922935	0.08413498147965517	0.02977021372422748	0.05234653012923799	5.338222098120628	0.1764218262431344	0.0000022271812640672682	NaN	-0.003069499997475251	0.02121218732345399	0.009218980337593956	0.000014201474554888062	NaN	16.43565502084092	749.1299138370367	95.01038934135437	95.42695680957371	94.59382130029466	0.8331359452969488	0.0002849548652819876	43.750547485328944	074
DATA	2026-09-06T203000_AIU-1657.ghg	2026-09-06	21:00:00	249.874	0	18000	18000	0.02642296470201368	1	NaN	-2.5254771218239607	2	NaN	24.981467905775403	1	NaN	3.677480555389488	0	NaN	0.5671370406639592	1	NaN	0.04876208092281553	1	NaN	NaN	NaN	NaN	NaN	NaN	NaN	NaN	NaN	NaN	-3.103051504343563e-10	-1.4087773217669779e-11	-1.5789564842599028e-12	NaN	16.562572334923633	423.8382928927986	432.15386162607456	0.1	1	751.93648132829	19.242148391285482	19.619673051531556	0.1	1	0.08427698008764957	2.0733113176085465	2.113989007794066	1.2	0	NaN	NaN	NaN	NaN	9	304.0229289550781	296.6598460204292	97356.74527603961	1.1349934850822914	1016.2246519958092	0.02533394016840515	0.03675048023502456	0.013686916352019076	1873.8554465890845	2888.675194420675	0.012059026357342238	64.86902543450847	1014.8197478315903	289.6348848865028	0.24515506415420424	0.09285550848967129	0.1376845110169517	0.29610838473662526	2.3768722419711298e-14	-1.873532348474945e-14	0.29610838473662526	1.2562932655808023	140.2551988365738	20.744801163426196	27.7089351841548	NaN	0.1525787624182	0.08134808926173803	120.57440666853368	0.01661297828739595	-0.10109402423226306	-0.014350474324319663	1	0.8777374938583229	1	1	2	3	5	21	0.025979304927178575	1.017077430519358	-1.014669878267314	1.0229407646395754	22.656032031662622	1.102640915711229	3.335156988091112	1.102640915711229	0.514344273446576	1.102640915711229	0.035373519365723735	1.3939967303856222	NaN	NaN	800000009	800000009	800000009	800000019	800000019	800000019	899999999	899999999	89999	89999	89	89	10	3	0	19	0	0	0	NaN	0	0	0	0	0	0	0	0	0	NaN	NaN	NaN	NaN	0	0	0	0	0	0	301	0	0	18000	0	16	18000	18000	18000	18000	93	NaN	0.06384930320501386	0.06251668307916806	0.03633019223929413	0.04870714038052054	4.581005228192844	0.12603088222662295	0.0000016643033319592248	NaN	-0.0008797143440154281	0.08615083949389693	0.013286088512331963	0.000035373519365723735	NaN	16.56378694192337	751.9869509216439	95.01489007949829	95.41936679416233	94.61041816753811	0.8089499901682136	0.00028475900611536206	45.31668136985212	002
DATA	2026-09-06T210000_AIU-1657.ghg	2026-09-06	21:30:00	249.895	0	18000	18000	0.006701448797758446	1	NaN	-2.7500037353760014	2	NaN	-1.7259964660356746	2	NaN	-5.062511126260381	1	NaN	-0.03918265324918764	2	NaN	0.016385297627084162	0	NaN	NaN	NaN	NaN	NaN	NaN	NaN	NaN	NaN	NaN	2.8516580271462213e-11	1.3204179843819473e-12	1.44791571915127e-13	NaN	16.614374468259086	424.89703868588026	433.424327565283	0.1	1	769.3039852011914	19.674227626547744	20.069071099614938	0.1	1	0.08435869142602614	2.075266347206141	2.1169150150788587	-0.3	0	NaN	NaN	NaN	NaN	9	303.97239348941383	296.6215617580459	97406.6327100873	1.1355347268216707	1016.4684201462421	0.025317697530889048	-0.002539035930547359	0.014003231829130675	1916.9143183579156	2882.0167927416646	0.012331839351426373	66.51294757149398	965.102474383749	289.99243609880625	0.11395238397766276	0.019892480306167457	0.10560209424633557	0.15662904869831337	7.336519926207473e-15	1.7163800133397548e-15	0.15662904869831337	1.2550607803700726	151.09775275110746	9.902247248892566	42.393438104570535	NaN	0.07682174036517239	0.05272384234348642	14.139269928852235	0.1416692665236219	1.5932846848129998	-0.0310137892441103	1	0.7568014697347392	1	1	1	3	6	34	0.0065417105659893535	1.0244184193350863	-2.767037244377663	1.0362299091550773	-1.4858237964200127	1.1616427669245444	-4.358061936427673	1.1616427669245444	-0.03373038111615323	1.1616427669245444	0.010948326427227944	1.6354320254654195	NaN	NaN	800000009	800000009	800000009	800000019	800000019	801001019	899999999	899999999	89999	89999	89	89	9	4	0	6	5	0	0	NaN	0	0	0	0	0	0	0	0	0	NaN	NaN	NaN	NaN	0	1	0	0	0	0	301	0	0	3004	0	21	18000	18000	18000	18000	93	NaN	0.02126567974422197	0.0558233271468003	0.028358677795950568	0.0485479488498473	13.422115077748929	0.22303495167915738	0.0000012476474187838248	NaN	-0.002397290663848518	-0.11255104273905335	-0.0008711187729747231	0.000010948326427227944	NaN	16.615553452363358	769.3521496230045	94.98972897254097	95.39530128860474	94.58415812683106	0.8111415235499541	0.00028405800237831294	49.363910558636924	026
DATA	2026-09-06T213000_AIU-1657.ghg	2026-09-06	22:00:00	249.916	0	18000	18000	0.048902111005120555	1	NaN	10.831886069367812	1	NaN	80.94125566595886	1	NaN	10.726053676216994	1	NaN	1.8372896753864578	1	NaN	0.014983621930590895	1	NaN	NaN	NaN	NaN	NaN	NaN	NaN	NaN	NaN	NaN	-2.378207627083195e-10	-1.1086064843463464e-11	-1.2141446099413471e-12	NaN	16.556319531488388	423.05291329792453	431.5636507927946	0.1	1	771.7763150910965	19.720700478910924	20.117430296187408	0.1	1	0.0845248576730768	2.078302157549667	2.1201122563385884	-0.1	0	NaN	NaN	NaN	NaN	9	303.9400281999376	296.5117333565418	97449.34849510205	1.136433361446862	1016.49237625108	0.025297229680814062	0.11905637096504246	0.014047665819641088	1922.284907838496	2862.9897317362297	0.01236118746263851	67.14257080736182	940.7048238977336	290.0365365402622	0.023784567032626273	-0.3172670951077214	0.17044708197439112	0.3609381152228625	2.97445028621219e-15	-1.436434965247012e-14	0.3609381152228625	1.1823321149250985	246.712726013998	274.287273986002	28.179378051760924	NaN	0.20743967164435795	0.0971009918343856	-70.69972239146949	-0.028332501631458888	0.1338240428845155	0.045202678188185484	0	19.482341313775148	-2.9565204577192126	6.687657325356054	16.653212330680073	25.39719955884791	35.61993349565038	53.36515117819736	0.0477713441997043	1.023670399574464	15.401324421446787	1.0269240538739453	73.79857113476531	1.096786217149789	9.779529965366192	1.096786217149789	1.6751575162578265	1.096786217149789	0.0046184509549515975	1.32131578910138	NaN	NaN	800000009	800000009	800000009	800000019	800000019	800000019	899999999	899999999	89999	89999	89	89	6	4	0	7	1	0	0	NaN	0	0	0	0	0	0	0	0	0	NaN	NaN	NaN	NaN	0	13	0	0	0	0	301	0	0	14997	0	16	18000	18000	18000	18000	93	NaN	0.126676777214642	0.031063471464002065	0.03646173499012714	0.03199499326509657	7.083230499553357	0.14634708908998673	0.0000019817179349731422	NaN	0.013332450161364381	0.2523733295674253	0.04322959093382723	0.000004618450954951597	NaN	16.557536871209802	771.8282226921951	94.99223736233182	95.39372392103407	94.59075217988756	0.802970894431074	0.0002842467672356481	45.56649012780943	033
DATA	2026-09-06T220000_AIU-1657.ghg	2026-09-06	22:30:00	249.937	0	18000	18000	0.0342782079011872	1	NaN	16.42861705206151	0	NaN	-18.835069069040024	0	NaN	-15.155334737978677	0	NaN	-0.42749308494725813	0	NaN	0.04272292002824053	1	NaN	NaN	NaN	NaN	NaN	NaN	NaN	NaN	NaN	NaN	-2.4834992095827316e-10	-1.1603058646379318e-11	-1.254917055541461e-12	NaN	16.661064566974737	425.4467538931774	434.07491740720496	0.2	0	778.4150223836838	19.87712988708241	20.280242909536856	0.1	1	0.08418868831485166	2.0691181395448464	2.111080358023345	1.3	0	NaN	NaN	NaN	NaN	9	303.8518106409709	296.4028944147732	97475.52707647678	1.1370882913019693	1016.5786482291423	0.025281152491035037	-0.027701551904582324	0.014168099608170408	1938.0534354188483	2844.2423849573156	0.012459981970219651	68.13953148539179	906.1889495384673	290.1653973318719	0.19929570613515643	0.05444258270081241	0.10419698413281224	0.2313866564808902	2.1014298154221745e-14	-1.4906005553243453e-14	0.2313866564808902	1.4909656047042037	145.7210129356032	15.278987064396766	26.763924083621944	NaN	0.17362488074750596	0.08435875948905819	-27.338550417297775	-0.0732701613444943	-0.8722355618576363	0.08185663257515703	1	0.41603875254673783	1	1	1	2	10	NaN	0.033199067581913405	1.0325051393871587	14.903548112161127	1.0326873292586929	-17.069084888176036	1.1034609759359335	-13.734364031427777	1.1034609759359335	-0.38741114934732246	1.1034609759359335	0.029815410068714656	1.334176369173448	NaN	NaN	800000009	800000009	800000009	800000019	800000019	800000019	899999999	899999999	89999	89999	89	89	0	8	0	19	2	0	2	NaN	0	0	0	0	0	0	0	0	0	NaN	NaN	NaN	NaN	0	0	0	0	0	0	301	0	0	18000	0	16	18000	18000	18000	18000	93	NaN	0.060946876099518744	0.0663563066757264	0.04141433620287124	0.03796891930179037	14.56676793293763	0.16359759343918545	0.0000014935952136524503	NaN	0.012893015435546289	-0.35426419575564194	-0.009992883466336262	0.000029815410068714657	NaN	16.662274428530324	778.466690586543	94.98619072638617	95.38278036753337	94.58960234747993	0.793179555685983	0.0002842285241705314	43.78193821089073	117
DATA	2026-09-06T223000_AIU-1657.ghg	2026-09-06	23:00:00	249.958	0	18000	18000	0.039364032511655975	1	NaN	22.58138723239433	1	NaN	16.525361130164104	1	NaN	-11.565963191235781	2	NaN	0.37502891786860243	1	NaN	0.039194129417157705	1	NaN	NaN	NaN	NaN	NaN	NaN	NaN	NaN	NaN	NaN	-2.2294268856766395e-10	-1.0460325476898567e-11	-1.121414159210191e-12	NaN	16.77981041615253	428.25508933748273	437.0366633993973	-0.1	0	787.297755855028	20.093449354131835	20.505475079116476	0.2	0	0.0844033823689402	2.073498766312805	2.116016843592011	0	1	NaN	NaN	NaN	NaN	9	303.7414018588596	296.28867731709164	97486.25871959575	1.13755810632502	1016.6988076348433	0.02526862857974405	0.024301873877885436	0.014329387225059175	1959.3606391130338	2824.684018099653	0.012596620027922356	69.36565741718687	865.323378986619	290.33806634137085	0.16574238993658208	-0.0055039865057293115	0.0950016547638455	0.19111815219181558	-4.145729592933288e-14	-1.328636516375987e-14	0.19111815219181558	1.5820202064304978	162.90198386743714	358.098016132563	29.8072240488658	NaN	0.18602143750222977	0.09848521268618099	-24.464066670886528	-0.08187927326014811	1.3664686087359403	0.1049594915700576	1	0.2245054341511184	1	1	2	45	NaN	NaN	0.037943876629487866	1.0374278014878544	22.905702327099657	1.0359645372637725	14.922188167202972	1.1074355144833716	-10.443915731410694	1.1074355144833716	0.33864628049566997	1.1074355144833716	0.023558604949546275	1.3414872873170902	NaN	NaN	800000009	800000009	800000009	800000019	800000019	800000019	899999999	899999999	89999	89999	89	89	10	5	0	6	13	2	1	NaN	0	0	0	0	0	0	0	0	0	NaN	NaN	NaN	NaN	0	0	0	0	0	0	301	0	0	18000	0	16	18000	18000	18000	18000	93	NaN	0.022732865073960034	0.1351027821607697	0.03913477813763225	0.062091012986917965	14.73818327951176	0.13705996644767715	0.0000013676927479519226	NaN	0.019805130512708605	-0.269316374033266	0.008732643070706496	0.000023558604949546275	NaN	16.78103879661227	787.3511926197646	94.97438872316148	95.36789260949028	94.58088690312704	0.7870031698081225	0.00028381748217119214	42.74293416111557	150
DATA	2026-09-06T230000_AIU-1657.ghg	2026-09-06	23:30:00	249.979	0	18000	18000	0.05122737305674734	1	NaN	2.5395065801258982	0	NaN	94.29518761237432	1	NaN	7.5218903838210895	2	NaN	2.139964103350627	1	NaN	0.027465035760358327	0	NaN	NaN	NaN	NaN	NaN	NaN	NaN	NaN	NaN	NaN	4.027726073603872e-10	1.9018032458235293e-11	2.020176028543775e-12	NaN	16.8090840486505	429.0159642092226	437.886308509076	0.1	1	793.6878034617816	20.257185775128136	20.676023830962926	0.1	1	0.08430888306780368	2.071397643291619	2.1142259103277166	0	1	NaN	NaN	NaN	NaN	9	303.8150565253364	296.2961884708794	97480.93901712315	1.1373962316644417	1016.7918564564183	0.025270648147061633	0.13866967389712062	0.014444999265470028	1975.219180756009	2825.966599402734	0.012700059014905932	69.89534770770008	850.747418646725	290.4655141363831	0.1435761199815272	-0.015004002156478924	0.09343123243540871	0.1719552776278197	-1.5563295185773274e-14	2.396160351121115e-14	0.1719552776278197	1.3194056217833245	166.96587347419927	354.0341265258008	32.91171537424988	NaN	0.21222431983684545	0.0908243788638134	-323.01457454629053	-0.006201268171300239	0.026931454769094067	0.010346902287351065	0	17.731257800205974	-2.690786778811659	6.086567020129188	15.156412480468944	23.114485344880205	32.41839435340355	48.56866214629669	0.049234075850196145	1.0404861302285062	7.971691313327314	1.0380131628239753	84.95440698930405	1.1099505129174323	6.776779952153266	1.1099505129174323	1.927981543722946	1.1099505129174323	0.015454882749726217	1.3460875141736308	NaN	NaN	800000009	800000009	800000009	800000019	800000019	800000019	899999999	899999999	89999	89999	89	89	4	2	0	19	1	0	4	NaN	0	0	0	0	0	0	0	0	0	NaN	NaN	NaN	NaN	0	0	0	0	0	0	301	0	0	3004	0	21	18000	18000	18000	18000	93	NaN	0.03360967803816411	0.09974454270470616	0.048294536984756525	0.04803370221640906	20.446504967431547	0.2711462642771815	9.513280858262544e-7	NaN	0.0068929738183583856	0.1747954351424291	0.0497289826821874	0.000015454882749726216	NaN	16.81026914139722	793.7360293786113	94.96410915629069	95.35576073879666	94.572461482154	0.7832974377539428	0.0002842134926807679	50.57896577791808	115
